segment,mse,mae
1-96,0.30324357748031616,0.35472649335861206
97-192,0.3741268217563629,0.40020355582237244
