{
  "mse": 0.3386852443218231,
  "mae": 0.37746503949165344
}