segment_a,segment_b,cosine
0,1,0.9851938486099243
0,2,0.9931591749191284
0,3,0.9721237421035767
1,2,0.9815416932106018
1,3,0.9907675981521606
2,3,0.9815077185630798
