segment,mse,mae
1-96,0.28478601574897766,0.34767624735832214
97-192,0.3935405910015106,0.4222358763217926
193-336,0.4448659121990204,0.4627546966075897
