segment,mse,mae
1-96,0.3067552149295807,0.3632796108722687
