{
  "mse": 0.3067552149295807,
  "mae": 0.3632796108722687
}