{
  "mse": 0.358102023601532,
  "mae": 0.3912339210510254
}