segment,mse,mae
1-96,0.29434749484062195,0.35213702917099
97-192,0.35547733306884766,0.39216098189353943
193-336,0.4023548662662506,0.4166805148124695
