{
  "mse": 0.36961618065834045,
  "mae": 0.39827150106430054
}