segment,mse,mae
1-96,0.3104763925075531,0.36429864168167114
97-192,0.3670978546142578,0.3984846770763397
193-336,0.4107215702533722,0.4207778871059418
