{
  "mse": 0.32825952768325806,
  "mae": 0.37229275703430176
}