segment,mse,mae
1-96,0.2972562909126282,0.35223957896232605
97-192,0.3592627942562103,0.3923458755016327
