segment_a,segment_b,cosine
0,1,-0.5139367580413818
0,2,0.782994270324707
0,3,-0.5471355319023132
1,2,-0.3471672236919403
1,3,0.9894853234291077
2,3,-0.3178771734237671
