{
  "mse": 0.19495533406734467,
  "mae": 0.24255649745464325
}