target_horizon,mse,mae
96,0.3128317594528198,0.3630985915660858
192,0.36947566270828247,0.3997904360294342
336,0.38482481241226196,0.416081964969635
720,0.4075239300727844,0.43818458914756775
