segment,mse,mae
1-96,0.15025337040424347,0.20292161405086517
97-192,0.23453916609287262,0.2822878658771515
193-336,0.3189389705657959,0.3361152112483978
337-720,0.39931556582450867,0.3827468454837799
