segment,mse,mae
1-96,0.14984282851219177,0.19869045913219452
97-192,0.23466366529464722,0.28089937567710876
