{
  "mse": 0.1922532618045807,
  "mae": 0.23979492485523224
}