segment_a,segment_b,cosine
0,1,-0.03756076470017433
0,2,-0.05884699150919914
0,3,0.8422040939331055
1,2,0.203870952129364
1,3,0.04170418530702591
2,3,0.07784369587898254
