{
  "mse": 0.3926992416381836,
  "mae": 0.4185689389705658
}