segment,mse,mae
1-96,0.27927571535110474,0.3417931795120239
97-192,0.40769118070602417,0.4257534444332123
193-336,0.45832037925720215,0.4649631679058075
