segment,mse,mae
1-96,0.3093571662902832,0.35824012756347656
97-192,0.3734288215637207,0.39631393551826477
193-336,0.4144330322742462,0.41834503412246704
337-720,0.4470111131668091,0.44027283787727356
