{
  "mse": 0.4123307168483734,
  "mae": 0.4190883934497833
}