{
  "mse": 0.14767061173915863,
  "mae": 0.19663727283477783
}