segment,mse,mae
1-96,0.14767061173915863,0.19663727283477783
