{
  "mse": 0.37734004855155945,
  "mae": 0.4069473147392273
}