segment,mse,mae
1-96,0.2561163604259491,0.3230155110359192
97-192,0.36109858751296997,0.3966025114059448
193-336,0.3811967372894287,0.4235672056674957
337-720,0.49527981877326965,0.49684515595436096
