{
  "mse": 0.4226839244365692,
  "mae": 0.44564658403396606
}