{
  "mse": 0.19767192006111145,
  "mae": 0.2442619651556015
}