segment,mse,mae
1-96,0.15278290212154388,0.2016202211380005
97-192,0.2425609678030014,0.2869037389755249
