{
  "mse": 0.2442137897014618,
  "mae": 0.2801674008369446
}