segment,mse,mae
1-96,0.1507619023323059,0.19923615455627441
97-192,0.23572124540805817,0.28209683299064636
193-336,0.31217676401138306,0.33283531665802
