segment,mse,mae
1-96,0.32162752747535706,0.3711831867694855
