{
  "mse": 0.29047533869743347,
  "mae": 0.3442326486110687
}