segment,mse,mae
1-96,0.2952735424041748,0.3523743450641632
97-192,0.35754311084747314,0.39348411560058594
193-336,0.4064895808696747,0.4184590280056
