{
  "mse": 0.36072883009910583,
  "mae": 0.3924419581890106
}