{
  "mse": 0.2513621747493744,
  "mae": 0.2879811227321625
}