segment,mse,mae
1-96,0.15732958912849426,0.21151670813560486
97-192,0.24363256990909576,0.28897929191589355
193-336,0.31920358538627625,0.3382919430732727
