{
  "mse": 0.14708691835403442,
  "mae": 0.1950538456439972
}