segment,mse,mae
1-96,0.25333839654922485,0.32417306303977966
97-192,0.33585748076438904,0.3852308392524719
193-336,0.35477086901664734,0.41209936141967773
337-720,0.4739055335521698,0.4920823276042938
