segment,mse,mae
1-96,0.29211053252220154,0.35281580686569214
97-192,0.3583531081676483,0.3930736482143402
193-336,0.41059064865112305,0.4203362762928009
337-720,0.4573901295661926,0.4447166323661804
