segment,mse,mae
1-96,0.2657807469367981,0.32521238923072815
97-192,0.3563999831676483,0.39367783069610596
193-336,0.3790438771247864,0.423267662525177
337-720,0.49997296929359436,0.4990970492362976
