{
  "mse": 0.4254184067249298,
  "mae": 0.4466906487941742
}