{
  "mse": 0.403959721326828,
  "mae": 0.4412390887737274
}