segment,mse,mae
1-96,0.2535272538661957,0.3244558572769165
97-192,0.3395596146583557,0.39133599400520325
193-336,0.3495056629180908,0.41201505064964294
337-720,0.4780881106853485,0.4938696026802063
