{
  "mse": 0.3260450065135956,
  "mae": 0.37100785970687866
}