segment,mse,mae
1-96,0.29448220133781433,0.34983617067337036
97-192,0.35760778188705444,0.39217954874038696
