segment_a,segment_b,cosine
0,1,-0.3457251191139221
0,2,0.7129471302032471
0,3,-0.44385212659835815
1,2,-0.17195859551429749
1,3,0.9750962853431702
2,3,-0.15250219404697418
