{
  "mse": 0.32680147886276245,
  "mae": 0.36633071303367615
}