segment,mse,mae
1-96,0.32680147886276245,0.36633071303367615
