target_horizon,mse,mae
96,0.15020199120044708,0.19952069222927094
192,0.19452537596225739,0.241441011428833
336,0.24724797904491425,0.2818574905395508
720,0.32365867495536804,0.3355359435081482
