segment,mse,mae
1-96,0.3020605444908142,0.36278635263442993
97-192,0.36254608631134033,0.39848417043685913
193-336,0.41038045287132263,0.42286887764930725
337-720,0.47053855657577515,0.45285436511039734
