{
  "mse": 0.4216441512107849,
  "mae": 0.42759886384010315
}