{
  "mse": 0.1488749384880066,
  "mae": 0.19803059101104736
}