segment,mse,mae
1-96,0.1488749384880066,0.19803059101104736
