target_horizon,mse,mae
96,0.2986849546432495,0.35228273272514343
192,0.32966214418411255,0.3730504512786865
336,0.36072883009910583,0.3924419581890106
720,0.41729286313056946,0.4242476224899292
