{
  "mse": 0.3474285304546356,
  "mae": 0.38944458961486816
}