segment,mse,mae
1-96,0.3158192038536072,0.3702174425125122
97-192,0.37903785705566406,0.4086717367172241
