segment_a,segment_b,cosine
0,1,-0.08976902812719345
0,2,0.05939318239688873
0,3,-0.15682318806648254
1,2,-0.17199835181236267
1,3,0.16857898235321045
2,3,-0.2623996436595917
