segment,mse,mae
1-96,0.2987188696861267,0.35031452775001526
97-192,0.37668347358703613,0.39646369218826294
