target_horizon,mse,mae
96,0.3067552149295807,0.3632796108722687
192,0.36660856008529663,0.4022342562675476
336,0.37926289439201355,0.41659340262413025
720,0.4130260944366455,0.4443231523036957
