target_horizon,mse,mae
96,0.3057831823825836,0.3571726381778717
192,0.3351779580116272,0.37664276361465454
336,0.3643193542957306,0.39501267671585083
720,0.4187183976173401,0.4257816970348358
