segment,mse,mae
1-96,0.15477672219276428,0.20799049735069275
