{
  "mse": 0.15477672219276428,
  "mae": 0.20799049735069275
}