scope,residual_mse_norm,residual_mae_norm,max_abs_residual_norm
all,0.38684672117233276,0.48382753133773804,7.88899564743042
1-96,0.38684672117233276,0.48382753133773804,7.88899564743042
