{
  "mse": 0.3097114861011505,
  "mae": 0.3644661009311676
}