segment,mse,mae
1-96,0.3097114861011505,0.3644661009311676
