segment,mse,mae
1-96,0.1547032743692398,0.20349158346652985
97-192,0.24317562580108643,0.28850287199020386
193-336,0.319417268037796,0.33950236439704895
