{
  "mse": 0.2505727708339691,
  "mae": 0.286070853471756
}