segment,mse,mae
1-96,0.295073926448822,0.34965282678604126
