{
  "mse": 0.295073926448822,
  "mae": 0.34965282678604126
}