{
  "mse": 0.4194723963737488,
  "mae": 0.42629995942115784
}