segment,mse,mae
1-96,0.29260921478271484,0.3560021221637726
97-192,0.3572949469089508,0.396043598651886
193-336,0.4075154662132263,0.42195117473602295
337-720,0.4712163805961609,0.4530693292617798
