{
  "mse": 0.3036024868488312,
  "mae": 0.3546448051929474
}