segment,mse,mae
1-96,0.3036024868488312,0.3546448051929474
