scope,residual_mse_norm,residual_mae_norm,max_abs_residual_norm
all,0.35813108086586,0.4781776964664459,4.261546611785889
1-96,0.35813108086586,0.4781776964664459,4.261546611785889
