dataset,checkpoint_seed,candidate_family,control_family,horizon,mse_log_effect,mse_reduction,mae_log_effect,mae_reduction
ETTh1,2021,block_dct2_b16,balanced_interval,48,0.006192135336204341,0.006173003575379088,-0.0029552045472910848,-0.002959575468844511
ETTh1,2021,block_dct2_b16,balanced_interval,96,-0.002528378059655251,-0.0025315771030236522,-0.004141996786891464,-0.004150586711301196
ETTh1,2021,block_dct2_b16,balanced_interval,144,0.001482534238709166,0.0014814358277024375,-0.0007110956187792701,-0.0007113485072078873
ETTh1,2021,block_dct2_b16,balanced_interval,192,-0.0007645774488652382,-0.0007648698127098452,-4.556235274738857e-05,-4.556339072725457e-05
ETTh1,2021,block_dct2_b16,balanced_interval,288,-0.00469712398601076,-0.004708172765269358,0.00013468879578071945,0.00013467972565206487
ETTh1,2021,block_dct2_b16,balanced_interval,336,-0.006495471375092518,-0.006516612698784563,0.0005497552685801868,0.0005496041808409347
ETTh1,2021,block_dct2_b16,balanced_interval,512,-0.02199863628544654,-0.02224239042266274,-0.008121820604142531,-0.008154892061957186
ETTh1,2021,block_dct2_b16,balanced_interval,720,-0.035543763940718516,-0.0361829945869363,-0.01653916093275565,-0.016676690013980755
ETTh1,2021,block_dct2_b16,dct2,48,0.018749534010147017,0.018574854918170347,0.006624751562772861,0.006602856273104085
ETTh1,2021,block_dct2_b16,dct2,96,-0.003235622319587371,-0.003240862595812244,-0.004014897964384015,-0.004022968464346244
ETTh1,2021,block_dct2_b16,dct2,144,-0.007821732946740632,-0.007852402611045584,-0.00520741411977855,-0.0052209962664055976
ETTh1,2021,block_dct2_b16,dct2,192,-0.009365604585538928,-0.00940959909797412,-0.004519327746211981,-0.0045295553092830065
ETTh1,2021,block_dct2_b16,dct2,288,-0.015974453124385377,-0.016102726824541946,-0.006288310043280641,-0.006308122973057495
ETTh1,2021,block_dct2_b16,dct2,336,-0.017983864028974134,-0.01814654747405564,-0.0065407213610901805,-0.00656215859188336
ETTh1,2021,block_dct2_b16,dct2,512,-0.031671513022212744,-0.03217839245041598,-0.01356255976594923,-0.013654948482994866
ETTh1,2021,block_dct2_b16,dct2,720,-0.04490780639442956,-0.045931427274089165,-0.02139001466356804,-0.021620420892302095
ETTh1,2021,block_dct2_b16,pca_fit,48,-0.007712408612154677,-0.00774222584038009,-0.011830748893560889,-0.011901009006452634
ETTh1,2021,block_dct2_b16,pca_fit,96,-0.02836984674051486,-0.028776103557320187,-0.021327696142161554,-0.02155675700197368
ETTh1,2021,block_dct2_b16,pca_fit,144,-0.032571570306897425,-0.033107830342562705,-0.02270431540378202,-0.02296402012101928
ETTh1,2021,block_dct2_b16,pca_fit,192,-0.035633228413206756,-0.036275700298820324,-0.022698682103666566,-0.022958257473917998
ETTh1,2021,block_dct2_b16,pca_fit,288,-0.04246205154430941,-0.04337646109699045,-0.024525665178647876,-0.02482889318630055
ETTh1,2021,block_dct2_b16,pca_fit,336,-0.0450819680386883,-0.04611360427490774,-0.02488345410022528,-0.025195631214284475
ETTh1,2021,block_dct2_b16,pca_fit,512,-0.05536331655677921,-0.05692454311327144,-0.028939993746944694,-0.029362824415726907
ETTh1,2021,block_dct2_b16,pca_fit,720,-0.06397177781373174,-0.06606231172781118,-0.0328734259787719,-0.03341972687230976
ETTh1,2021,block_dct2_b32,balanced_interval,48,0.0016622074232957344,0.001660826721646802,-0.0012664017435428383,-0.0012672039688417236
ETTh1,2021,block_dct2_b32,balanced_interval,96,-0.011707400395968705,-0.011776200234925094,-0.00591207832312066,-0.005929589149621162
ETTh1,2021,block_dct2_b32,balanced_interval,144,-0.00013708080610715104,-0.00013709020211027934,-0.0013502130276644038,-0.001351124975669693
ETTh1,2021,block_dct2_b32,balanced_interval,192,-0.005497791982771238,-0.005512932575006291,-0.0027101589514464744,-0.00271383475213538
ETTh1,2021,block_dct2_b32,balanced_interval,288,-0.005356692365537091,-0.00537106509405505,-0.0014413458450168411,-0.0014423850831799534
ETTh1,2021,block_dct2_b32,balanced_interval,336,-0.0050969214578803325,-0.005109932858690991,-0.00028779374323128885,-0.00028783515982366836
ETTh1,2021,block_dct2_b32,balanced_interval,512,-0.017183041598866973,-0.01733151927169274,-0.007591311655296607,-0.00762019871223929
ETTh1,2021,block_dct2_b32,balanced_interval,720,-0.026394608765537803,-0.026746031527545622,-0.013347806118965088,-0.013437285758792994
ETTh1,2021,block_dct2_b32,dct2,48,0.01421960609723836,0.014118984993887307,0.008313554366521269,0.008279092340187644
ETTh1,2021,block_dct2_b32,dct2,96,-0.012414644655900902,-0.012492026246958554,-0.005784979500613242,-0.005801744807919729
ETTh1,2021,block_dct2_b32,dct2,144,-0.009441347991556957,-0.009486058114673845,-0.0058465315286636765,-0.005863655850484761
ETTh1,2021,block_dct2_b32,dct2,192,-0.01409881911944497,-0.014198676206844674,-0.007183924344911163,-0.007209790632793922
ETTh1,2021,block_dct2_b32,dct2,288,-0.016634021503911824,-0.016773137119918013,-0.007864344684078147,-0.007895349867922619
ETTh1,2021,block_dct2_b32,dct2,336,-0.01658531411176202,-0.01672361395808286,-0.007378270372901654,-0.007405556877536412
ETTh1,2021,block_dct2_b32,dct2,512,-0.02685591833563322,-0.027219788563872527,-0.013032050817103215,-0.013117338077956786
ETTh1,2021,block_dct2_b32,dct2,720,-0.035758651219248816,-0.03640568105609021,-0.018198659849777435,-0.01836526458633836
ETTh1,2021,block_dct2_b32,pca_fit,48,-0.012242336525063218,-0.012317580668055328,-0.010141946089812542,-0.010193549931976742
ETTh1,2021,block_dct2_b32,pca_fit,96,-0.037548869076828396,-0.038262734783416796,-0.023097777678390705,-0.023366597065445527
ETTh1,2021,block_dct2_b32,pca_fit,144,-0.03419118535171378,-0.034782423059222856,-0.023343432812667167,-0.023618023205058236
ETTh1,2021,block_dct2_b32,pca_fit,192,-0.04036644294711274,-0.04119224184866743,-0.025363278702365762,-0.025687663335266286
ETTh1,2021,block_dct2_b32,pca_fit,288,-0.04312161992383575,-0.0440648662188412,-0.026101699819445434,-0.026445332470418137
ETTh1,2021,block_dct2_b32,pca_fit,336,-0.04368341812147615,-0.044651584772184005,-0.025721003112036716,-0.02605464248392586
ETTh1,2021,block_dct2_b32,pca_fit,512,-0.050547721870199784,-0.051847058266080825,-0.02840948479809873,-0.02881688305195862
ETTh1,2021,block_dct2_b32,pca_fit,720,-0.054822622638550964,-0.05635322490884187,-0.029682071164981304,-0.03012697481700366
ETTh1,2021,block_dct2_b48,balanced_interval,48,0.01557373838209923,0.015453094820884083,0.00676295596795232,0.006740138647726823
ETTh1,2021,block_dct2_b48,balanced_interval,96,0.006056816926530387,0.006038511387302603,0.002971813240735701,0.0029674017748664294
ETTh1,2021,block_dct2_b48,balanced_interval,144,0.001574101657578634,0.0015728634093591376,0.0001705833257392864,0.00017056877723098385
ETTh1,2021,block_dct2_b48,balanced_interval,192,0.00342226956507508,0.0034164202751052475,0.0018164732806967786,0.0018148244915852096
ETTh1,2021,block_dct2_b48,balanced_interval,288,0.00878486310074903,0.008746388936750171,0.00475793739821641,0.004746636344413413
ETTh1,2021,block_dct2_b48,balanced_interval,336,0.006254649295040278,0.006235129693428543,0.004365889310878599,0.004356372670710984
ETTh1,2021,block_dct2_b48,balanced_interval,512,-0.0069264019058637395,-0.006950444905982955,-0.0026542710585162436,-0.002657796754636621
ETTh1,2021,block_dct2_b48,balanced_interval,720,-0.01792093263453169,-0.018082476108147727,-0.009331082256939474,-0.009374752529598629
ETTh1,2021,block_dct2_b48,dct2,48,0.028131137056041707,0.027739140985823973,0.016342912078016424,0.016210091234558188
ETTh1,2021,block_dct2_b48,dct2,96,0.005349572666598182,0.005335289184266623,0.0030989120632433187,0.003094115391356178
ETTh1,2021,block_dct2_b48,dct2,144,-0.007730165527871241,-0.007760120393023762,-0.004325735175260046,-0.004335104672780199
ETTh1,2021,block_dct2_b48,dct2,192,-0.005178757571598761,-0.005192190515233452,-0.0026572921127677625,-0.002660825842811798
ETTh1,2021,block_dct2_b48,dct2,288,-0.0024924660376256565,-0.00249557481340279,-0.0016650614408448695,-0.0016664484253436918
ETTh1,2021,block_dct2_b48,dct2,336,-0.005233743358841179,-0.005247463318754253,-0.002724587318791764,-0.002728302380057279
ETTh1,2021,block_dct2_b48,dct2,512,-0.016599278642629903,-0.016737812125509288,-0.00809501022032287,-0.008127863404677305
ETTh1,2021,block_dct2_b48,dct2,720,-0.027284975088242687,-0.027660618714383745,-0.014181935987751831,-0.014282976728001051
ETTh1,2021,block_dct2_b48,pca_fit,48,0.0016691944337401952,0.0016678021035090307,-0.0021125883783173994,-0.0021148214653998743
ETTh1,2021,block_dct2_b48,pca_fit,96,-0.01978465175432926,-0.019981665112102753,-0.014213886114534292,-0.014315383715401753
ETTh1,2021,block_dct2_b48,pca_fit,144,-0.032480002888028,-0.03301323565608638,-0.021822636459263398,-0.022062491771161374
ETTh1,2021,block_dct2_b48,pca_fit,192,-0.03144638139926656,-0.031946042609383385,-0.020836646470222358,-0.02105524503530143
ETTh1,2021,block_dct2_b48,pca_fit,288,-0.02898006445754968,-0.029404072541986848,-0.019902416576212164,-0.020101790144331222
ETTh1,2021,block_dct2_b48,pca_fit,336,-0.032331847368555384,-0.03286020038032578,-0.021067320057926792,-0.02129080267933703
ETTh1,2021,block_dct2_b48,pca_fit,512,-0.04029108217719642,-0.04111377975620978,-0.02347244420131839,-0.02375009010656437
ETTh1,2021,block_dct2_b48,pca_fit,720,-0.04634894650754492,-0.04743984767100473,-0.025665347302955704,-0.025997538171745216
ETTh1,2021,block_dct2_b96,balanced_interval,48,0.00013536687841397062,0.00013535771673145458,-0.0014756024627024414,-0.0014766916997108748
ETTh1,2021,block_dct2_b96,balanced_interval,96,0.0014901714398298368,0.001489061685679527,0.002210159373100671,0.002207718769245748
ETTh1,2021,block_dct2_b96,balanced_interval,144,0.00958850001983886,0.00954267692871169,0.004955301757147328,0.004943044503882388
ETTh1,2021,block_dct2_b96,balanced_interval,192,0.008720491679454155,0.008682578479179526,0.004962143357742082,0.0049498522628529384
ETTh1,2021,block_dct2_b96,balanced_interval,288,0.0015275499776517306,0.0015263838670243057,0.0010702030601931222,0.0010696305971334974
ETTh1,2021,block_dct2_b96,balanced_interval,336,0.0006246697096920057,0.0006244746441881333,0.0007972492855829765,0.0007969315668105992
ETTh1,2021,block_dct2_b96,balanced_interval,512,-0.00996884907368894,-0.010018703575904064,-0.005165438836880831,-0.005178802716262032
ETTh1,2021,block_dct2_b96,balanced_interval,720,-0.020137509118134896,-0.020341636659154894,-0.011297392212911051,-0.011361448744968472
ETTh1,2021,block_dct2_b96,dct2,48,0.012692765552356773,0.01261255213902146,0.008104353647361728,0.008071601910282888
ETTh1,2021,block_dct2_b96,dct2,96,0.0007829271798976858,0.0007826207723833356,0.002337258195608137,0.0023345289344151032
ETTh1,2021,block_dct2_b96,dct2,144,0.0002842328343892222,0.0002841924440639687,0.0004589832561480328,0.0004588779394467668
ETTh1,2021,block_dct2_b96,dct2,192,0.00011946454278054784,0.00011945740717622666,0.0004883779642774864,0.0004882587271711758
ETTh1,2021,block_dct2_b96,dct2,288,-0.009749779160723001,-0.009797463100868375,-0.005352795778868277,-0.005367147586198051
ETTh1,2021,block_dct2_b96,dct2,336,-0.010863722944189719,-0.010922947454217624,-0.006293227344087216,-0.006313071304968387
ETTh1,2021,block_dct2_b96,dct2,512,-0.019641725810455164,-0.019835893687389694,-0.010606177998687462,-0.01066262288288633
ETTh1,2021,block_dct2_b96,dct2,720,-0.029501551571845926,-0.02994103349816246,-0.016148245943723324,-0.016279333528217865
ETTh1,2021,block_dct2_b96,pca_fit,48,-0.01376917706994499,-0.013864408773947456,-0.010351146808972185,-0.010404905256184982
ETTh1,2021,block_dct2_b96,pca_fit,96,-0.024351297241029798,-0.024650211464418703,-0.014975539982169318,-0.015088235235723113
ETTh1,2021,block_dct2_b96,pca_fit,144,-0.024465604525767737,-0.02476734314227169,-0.017037918027855366,-0.017183891201128842
ETTh1,2021,block_dct2_b96,pca_fit,192,-0.026148159284887354,-0.02649302167966905,-0.01769097639317719,-0.017848388604525756
ETTh1,2021,block_dct2_b96,pca_fit,288,-0.03623737758064698,-0.03690195455684031,-0.023590150914235525,-0.023870599456760067
ETTh1,2021,block_dct2_b96,pca_fit,336,-0.03796182695390385,-0.03869158210006396,-0.024635960083222323,-0.024941932825013113
ETTh1,2021,block_dct2_b96,pca_fit,512,-0.043333529345021736,-0.04428613684415916,-0.025983611979682908,-0.026324128914946288
ETTh1,2021,block_dct2_b96,pca_fit,720,-0.048565522991148094,-0.04976415325423922,-0.027631657258927276,-0.028016952092052128
ETTh1,2021,block_dct2_b144,balanced_interval,48,0.009241666431615773,0.00919909348167347,0.0024085885397153325,0.002405690217760492
ETTh1,2021,block_dct2_b144,balanced_interval,96,0.008236620427308675,0.008202792409172432,0.003171886394724832,0.0031668612775119787
ETTh1,2021,block_dct2_b144,balanced_interval,144,0.012547546619791046,0.012469154376031244,0.007243787321114073,0.0072176143290637595
ETTh1,2021,block_dct2_b144,balanced_interval,192,0.010501901681071587,0.010446949248196002,0.005689895679339039,0.005673738880941581
ETTh1,2021,block_dct2_b144,balanced_interval,288,0.005651762636067885,0.005635821471652203,0.0033464891924141252,0.003340895938450883
ETTh1,2021,block_dct2_b144,balanced_interval,336,0.0016153919677076576,0.0016140879243778938,0.001804985077984453,0.001803357072074685
ETTh1,2021,block_dct2_b144,balanced_interval,512,-0.009430210986950467,-0.009474815526398839,-0.004817087538310437,-0.004828708356493072
ETTh1,2021,block_dct2_b144,balanced_interval,720,-0.015624947521607466,-0.01574765528188027,-0.00902436899130657,-0.009065211375618443
ETTh1,2021,block_dct2_b144,dct2,48,0.02179906510555832,0.021563182600956132,0.011988544649779479,0.011916968365725533
ETTh1,2021,block_dct2_b144,dct2,96,0.007529376167376407,0.007501101422874301,0.0032989852172323614,0.0032935495445447494
ETTh1,2021,block_dct2_b144,dct2,144,0.00324327943434122,0.0032380256849238176,0.0027474688201148084,0.0027436979818667995
ETTh1,2021,block_dct2_b144,dct2,192,0.0019008745443980595,0.0018990690265834331,0.0012161302858745258,0.0012153910991179462
ETTh1,2021,block_dct2_b144,dct2,288,-0.005625566502306784,-0.005641419715369356,-0.0030765096466473015,-0.003081246959333983
ETTh1,2021,block_dct2_b144,dct2,336,-0.00987300068617398,-0.009921899551135205,-0.005285491551685848,-0.005299484404329702
ETTh1,2021,block_dct2_b144,dct2,512,-0.019103087723716664,-0.019286719149265608,-0.01025782670011707,-0.01031061855992954
ETTh1,2021,block_dct2_b144,dct2,720,-0.02498898997531844,-0.02530383184178997,-0.013875222722118871,-0.013971930387390863
ETTh1,2021,block_dct2_b144,pca_fit,48,-0.004662877516743229,-0.004673765646872274,-0.006466955806554275,-0.0064879117145446585
ETTh1,2021,block_dct2_b144,pca_fit,96,-0.017604848253551023,-0.017760726991513875,-0.014013812960545236,-0.014112466737238982
ETTh1,2021,block_dct2_b144,pca_fit,144,-0.021506557925815507,-0.02173949080719484,-0.014749432463888521,-0.01485874210005722
ETTh1,2021,block_dct2_b144,pca_fit,192,-0.024366749283269862,-0.02466604452509369,-0.016963224071580216,-0.01710791654949473
ETTh1,2021,block_dct2_b144,pca_fit,288,-0.0321131649222308,-0.03263435667992187,-0.021313864782014462,-0.0215426275802717
ETTh1,2021,block_dct2_b144,pca_fit,336,-0.036971104695888206,-0.03766303681594607,-0.02362822429082089,-0.02390958240976948
ETTh1,2021,block_dct2_b144,pca_fit,512,-0.0427948912582833,-0.04372379602009091,-0.02563526068111253,-0.025966669836166467
ETTh1,2021,block_dct2_b144,pca_fit,720,-0.04405296139462067,-0.045037700076878906,-0.025358634037322796,-0.02568289937069501
ETTh1,2021,block_pca_fit_b16,balanced_interval,48,-6.978288996635212e-05,-6.97853248488034e-05,-0.004352639499306596,-0.004362125993381261
ETTh1,2021,block_pca_fit_b16,balanced_interval,96,-0.008131271931014145,-0.008164420508407488,-0.005469059574639573,-0.005484042182093196
ETTh1,2021,block_pca_fit_b16,balanced_interval,144,-0.003787444725934454,-0.0037946261582741947,-0.001732094667474132,-0.0017335956099089334
ETTh1,2021,block_pca_fit_b16,balanced_interval,192,-0.007766114278388028,-0.007796348761351046,-0.0025848804685116235,-0.0025882241524168847
ETTh1,2021,block_pca_fit_b16,balanced_interval,288,-0.011645860626776356,-0.01171393767691975,-0.002864737503944844,-0.0028688447855862442
ETTh1,2021,block_pca_fit_b16,balanced_interval,336,-0.012935620210522756,-0.013019647268776247,-0.002694548873319157,-0.0026981824330030157
ETTh1,2021,block_pca_fit_b16,balanced_interval,512,-0.03219162282392507,-0.03271537818311132,-0.013358192466295183,-0.01344781172510312
ETTh1,2021,block_pca_fit_b16,balanced_interval,720,-0.04395982657463016,-0.04494037521103622,-0.02145854061807969,-0.021690430805513028
ETTh1,2021,block_pca_fit_b16,dct2,48,0.012487615783976232,0.01240996905356484,0.0052273166107574135,0.00521367796613581
ETTh1,2021,block_pca_fit_b16,dct2,96,-0.0088385161909463,-0.00887769120645232,-0.005341960752132087,-0.0053562544652878685
ETTh1,2021,block_pca_fit_b16,dct2,144,-0.013091711911384267,-0.0131777835700857,-0.006228413168473459,-0.0062478500664955305
ETTh1,2021,block_pca_fit_b16,dct2,192,-0.016367141415061702,-0.016501816821346216,-0.007058645861976187,-0.007083616821822902
ETTh1,2021,block_pca_fit_b16,dct2,288,-0.02292318976515091,-0.02318794522246459,-0.009287736343006253,-0.009331001206676293
ETTh1,2021,block_pca_fit_b16,dct2,336,-0.024424012864404317,-0.024724722252302378,-0.009785025502989441,-0.009833055395117807
ETTh1,2021,block_pca_fit_b16,dct2,512,-0.04186449956069137,-0.04275317566427139,-0.018798931628101805,-0.018976744023258885
ETTh1,2021,block_pca_fit_b16,dct2,720,-0.053323869028341284,-0.05477119753011328,-0.026309394348892,-0.026658541691176207
ETTh1,2021,block_pca_fit_b16,pca_fit,48,-0.013974326838325354,-0.014072424159000896,-0.013228183845576353,-0.013316063337329043
ETTh1,2021,block_pca_fit_b16,pca_fit,96,-0.033972740611873734,-0.034556404969156684,-0.022654758929909643,-0.022913326887383123
ETTh1,2021,block_pca_fit_b16,pca_fit,144,-0.03784154927154103,-0.03856665819680849,-0.0237253144524769,-0.02400899878274454
ETTh1,2021,block_pca_fit_b16,pca_fit,192,-0.042634765242729536,-0.04355668206729835,-0.025238000219430838,-0.025559174789431705
ETTh1,2021,block_pca_fit_b16,pca_fit,288,-0.04941078818507494,-0.05065185747470369,-0.027525091478373512,-0.027907406500139453
ETTh1,2021,block_pca_fit_b16,pca_fit,336,-0.051522116874118486,-0.05287247228255798,-0.02812775824212461,-0.028527078839456488
ETTh1,2021,block_pca_fit_b16,pca_fit,512,-0.0655563030952579,-0.06775285341173842,-0.0341763656090973,-0.03476708796368033
ETTh1,2021,block_pca_fit_b16,pca_fit,720,-0.07238784044764339,-0.07507221970891065,-0.03779280566409594,-0.03851603594508135
ETTh1,2021,block_pca_fit_b32,balanced_interval,48,0.01294839682264702,0.012864926987760872,0.0016755649056368973,0.0016741619304617705
ETTh1,2021,block_pca_fit_b32,balanced_interval,96,-0.005394132091501288,-0.005408706615864123,-0.0026505617664261834,-0.002654077610899641
ETTh1,2021,block_pca_fit_b32,balanced_interval,144,0.006066042994989664,0.006047681701739416,0.0030047189019713934,0.0030002092520057255
ETTh1,2021,block_pca_fit_b32,balanced_interval,192,-0.0002252873302221838,-0.00022531270931858138,0.0007589460612803109,0.0007586581345632171
ETTh1,2021,block_pca_fit_b32,balanced_interval,288,-0.002983859174950339,-0.0029883153137995055,0.0006186411993938931,0.0006184498803817329
ETTh1,2021,block_pca_fit_b32,balanced_interval,336,-0.003739363074046511,-0.0037463632147825,0.0011693307500023722,0.0011686473492007465
ETTh1,2021,block_pca_fit_b32,balanced_interval,512,-0.01818349851550402,-0.018349824927192726,-0.007150421225627711,-0.007176046528304392
ETTh1,2021,block_pca_fit_b32,balanced_interval,720,-0.027024838753582494,-0.027393321616107746,-0.012914375704151047,-0.012998126395026288
ETTh1,2021,block_pca_fit_b32,dct2,48,0.02550579549658975,0.02518327059766079,0.01125552101570113,0.01119241462604148
ETTh1,2021,block_pca_fit_b32,dct2,96,-0.006101376351433433,-0.0061200276617174865,-0.002523462943918674,-0.0025266495564024716
ETTh1,2021,block_pca_fit_b32,dct2,144,-0.0032382241904602128,-0.0032434729023869124,-0.0014915995990278646,-0.001492712587018552
ETTh1,2021,block_pca_fit_b32,dct2,192,-0.008826314466895835,-0.008865381234365088,-0.0037148193321844022,-0.0037217278254724206
ETTh1,2021,block_pca_fit_b32,dct2,288,-0.014261188313325072,-0.014363364198101136,-0.005804357639667457,-0.005821235562838201
ETTh1,2021,block_pca_fit_b32,dct2,336,-0.015227755727928123,-0.015344288760992031,-0.005921145879667905,-0.00593871051440753
ETTh1,2021,block_pca_fit_b32,dct2,512,-0.027856375252270197,-0.02824799195708394,-0.012591160387434373,-0.012670762792085233
ETTh1,2021,block_pca_fit_b32,dct2,720,-0.03638888120729357,-0.03705906086421984,-0.017765229434963364,-0.017923969749487068
ETTh1,2021,block_pca_fit_b32,pca_fit,48,-0.0009561471257119158,-0.0009566043800974811,-0.007199979440632709,-0.007225961612207232
ETTh1,2021,block_pca_fit_b32,pca_fit,96,-0.031235600772360955,-0.03172855129787222,-0.019836261121696126,-0.020034307078962588
ETTh1,2021,block_pca_fit_b32,pca_fit,144,-0.027988061550616943,-0.0283834070448874,-0.018988500883031285,-0.019169928995800944
ETTh1,2021,block_pca_fit_b32,pca_fit,192,-0.03509393829456371,-0.03571699771839043,-0.021894173689638995,-0.022135609906396736
ETTh1,2021,block_pca_fit_b32,pca_fit,288,-0.04074878673324902,-0.04159041134647756,-0.024041712775034717,-0.02433304477334408
ETTh1,2021,block_pca_fit_b32,pca_fit,336,-0.04232585973764225,-0.0432343714476624,-0.02426387861880301,-0.024560641869750377
ETTh1,2021,block_pca_fit_b32,pca_fit,512,-0.05154817878683677,-0.052899912510604885,-0.027968594368429862,-0.028363387512606808
ETTh1,2021,block_pca_fit_b32,pca_fit,720,-0.05545285262659572,-0.0570191802196085,-0.02924864075016726,-0.02968058320183742
ETTh1,2021,block_pca_fit_b48,balanced_interval,48,0.006222447310713987,0.006203127977394307,-0.001427630326855312,-0.0014286498761524324
ETTh1,2021,block_pca_fit_b48,balanced_interval,96,0.004631758594505276,0.004621048542505224,0.0013525992951410873,0.0013516849450107005
ETTh1,2021,block_pca_fit_b48,balanced_interval,144,0.008515045317992775,0.008478894999576325,0.003306852768309575,0.003301391152605637
ETTh1,2021,block_pca_fit_b48,balanced_interval,192,0.0030829170061407,0.003078169697280142,0.0020221015478603262,0.0020200584778558017
ETTh1,2021,block_pca_fit_b48,balanced_interval,288,0.004291675494396655,0.004282479415354645,0.003423995115908659,0.0034181399292483317
ETTh1,2021,block_pca_fit_b48,balanced_interval,336,0.0028459945301079702,0.002841948526886462,0.003523943717828424,0.0035177419152384592
ETTh1,2021,block_pca_fit_b48,balanced_interval,512,-0.011562858886026213,-0.011629967143849784,-0.004553979760495343,-0.004564364884889205
ETTh1,2021,block_pca_fit_b48,balanced_interval,720,-0.02211018197918908,-0.022356423519107604,-0.011210305098181612,-0.011273376029503623
ETTh1,2021,block_pca_fit_b48,dct2,48,0.018779845984656603,0.018604603401281228,0.00815232578320875,0.008119185692789577
ETTh1,2021,block_pca_fit_b48,dct2,96,0.003924514334573136,0.003916823492421617,0.0014796981176484925,0.0014786039041572163
ETTh1,2021,block_pca_fit_b48,dct2,144,-0.0007892218674569822,-0.0007895333849816666,-0.0011894657326897641,-0.001190173427619623
ETTh1,2021,block_pca_fit_b48,dct2,192,-0.005518110130533026,-0.005533362942899522,-0.0024516638456043415,-0.0024546716309341576
ETTh1,2021,block_pca_fit_b48,dct2,288,-0.006985653643978068,-0.007010110237658518,-0.0029990037231526936,-0.0030035052337091805
ETTh1,2021,block_pca_fit_b48,dct2,336,-0.008642398123773709,-0.008679851464247212,-0.0035665329118418996,-0.003572900558237224
ETTh1,2021,block_pca_fit_b48,dct2,512,-0.021235735622792403,-0.02146281843142095,-0.009994718922301972,-0.010044832944841708
ETTh1,2021,block_pca_fit_b48,dct2,720,-0.03147422443290016,-0.031974775517759735,-0.016061158828993897,-0.016190832547005263
ETTh1,2021,block_pca_fit_b48,pca_fit,48,-0.00768209663764497,-0.007711679646678071,-0.010303174673124972,-0.010356435137426123
ETTh1,2021,block_pca_fit_b48,pca_fit,96,-0.02120971008635429,-0.02143623465954958,-0.01583310006012886,-0.015959107741243983
ETTh1,2021,block_pca_fit_b48,pca_fit,144,-0.025539059227613757,-0.025867975098651685,-0.018686367016693125,-0.018862049757412347
ETTh1,2021,block_pca_fit_b48,pca_fit,192,-0.031785733958200765,-0.032296295565882094,-0.020631018203059015,-0.02084530879973867
ETTh1,2021,block_pca_fit_b48,pca_fit,288,-0.03347325206390201,-0.034039784926282346,-0.021236358858519967,-0.02146345504374203
ETTh1,2021,block_pca_fit_b48,pca_fit,336,-0.03574050213348785,-0.03638687141119101,-0.021909265650976947,-0.02215103605390878
ETTh1,2021,block_pca_fit_b48,pca_fit,512,-0.044927539157358976,-0.04595206659461892,-0.02537215290329745,-0.025696765534071186
ETTh1,2021,block_pca_fit_b48,pca_fit,720,-0.050538195852202254,-0.05183703839979792,-0.027544570144197734,-0.027927428960013545
ETTh1,2021,block_pca_fit_b96,balanced_interval,48,0.012555310667105433,0.01247682158247676,0.0038126982768546865,0.003805439171303049
ETTh1,2021,block_pca_fit_b96,balanced_interval,96,0.007425719626693779,0.007398217088191439,0.005895210692067994,0.005877868033793199
ETTh1,2021,block_pca_fit_b96,balanced_interval,144,0.014506740445042163,0.014402024658993762,0.007529559887342862,0.007501283764721922
ETTh1,2021,block_pca_fit_b96,balanced_interval,192,0.014400643562326504,0.014297450238787368,0.0075393201095325475,0.007510970725441823
ETTh1,2021,block_pca_fit_b96,balanced_interval,288,0.011882278322343108,0.011811962831574152,0.005719521097028702,0.005703195775408565
ETTh1,2021,block_pca_fit_b96,balanced_interval,336,0.01017023546460098,0.010118693499194142,0.006128629325070341,0.006109887582977591
ETTh1,2021,block_pca_fit_b96,balanced_interval,512,-0.0011229910110043318,-0.0011236218015115984,-0.0003053583020015404,-0.00030540492859376656
ETTh1,2021,block_pca_fit_b96,balanced_interval,720,-0.013101940498754083,-0.013188147000567696,-0.007320112316727533,-0.007346969832240147
ETTh1,2021,block_pca_fit_b96,dct2,48,0.025112709341048003,0.024800008314528554,0.013392654386918695,0.013303371812478315
ETTh1,2021,block_pca_fit_b96,dct2,96,0.006718475366761469,0.00669595686934632,0.006022309514575499,0.006004211756955424
ETTh1,2021,block_pca_fit_b96,dct2,144,0.005202473259592456,0.005188963833213767,0.0030332413863437134,0.003028645757414683
ETTh1,2021,block_pca_fit_b96,dct2,192,0.005799616425652765,0.005782831115440867,0.0030655547160680454,0.003060860701021184
ETTh1,2021,block_pca_fit_b96,dct2,288,0.0006049491839685263,0.0006047662391035491,-0.0007034777420326609,-0.0007037252405326377
ETTh1,2021,block_pca_fit_b96,dct2,336,-0.00131815718928071,-0.0013190263403191071,-0.0009618473046000072,-0.0009623100280631292
ETTh1,2021,block_pca_fit_b96,dct2,512,-0.010795867747770563,-0.010854353406311024,-0.005746097463808133,-0.005762637947741567
ETTh1,2021,block_pca_fit_b96,dct2,720,-0.022465982952465137,-0.022720243649570815,-0.012170966047539799,-0.012245333657100232
ETTh1,2021,block_pca_fit_b96,pca_fit,48,-0.001349233281253594,-0.0013501439059795395,-0.005062846069415042,-0.0050756839308045976
ETTh1,2021,block_pca_fit_b96,pca_fit,96,-0.018415749054165927,-0.018586364689758827,-0.01129048866320202,-0.01135446678503338
ETTh1,2021,block_pca_fit_b96,pca_fit,144,-0.019547364100564343,-0.019739664768887444,-0.014463659897659728,-0.014568764748726926
ETTh1,2021,block_pca_fit_b96,pca_fit,192,-0.020468007402014994,-0.02067891355068907,-0.015113799641386608,-0.01522859069172755
ETTh1,2021,block_pca_fit_b96,pca_fit,288,-0.02588264923595549,-0.026220513645666355,-0.01894083287739986,-0.01912134835576662
ETTh1,2021,block_pca_fit_b96,pca_fit,336,-0.02841626119899479,-0.028823854751228284,-0.019304580043735066,-0.019492118287550486
ETTh1,2021,block_pca_fit_b96,pca_fit,512,-0.03448767128233712,-0.03508926697412029,-0.021123531444803677,-0.021348212465287064
ETTh1,2021,block_pca_fit_b96,pca_fit,720,-0.04152995437176729,-0.04240438595233065,-0.023654377362743704,-0.02393636114089226
ETTh1,2021,block_pca_fit_b144,balanced_interval,48,-0.0028566232237865535,-0.0028607072598327843,-0.003142193540847611,-0.0031471354057146517
ETTh1,2021,block_pca_fit_b144,balanced_interval,96,-0.012847624499355283,-0.012930509806402979,-0.004709318868042199,-0.0047204251376200546
ETTh1,2021,block_pca_fit_b144,balanced_interval,144,0.0002585632657885921,0.0002585298411882375,0.0023149709876932466,0.002312293508850094
ETTh1,2021,block_pca_fit_b144,balanced_interval,192,-0.00037581718575309565,-0.0003758878138790944,0.000534958364796705,0.0005348153000830358
ETTh1,2021,block_pca_fit_b144,balanced_interval,288,0.0026865843432630748,0.0026829787052193854,0.002085004529348625,0.0020828324172883494
ETTh1,2021,block_pca_fit_b144,balanced_interval,336,0.0028880283457071013,0.0028838620036474305,0.002650052583802271,0.0026465442941887574
ETTh1,2021,block_pca_fit_b144,balanced_interval,512,-0.002411521279669995,-0.002414431335861833,-0.001525724753912816,-0.001526889264090503
ETTh1,2021,block_pca_fit_b144,balanced_interval,720,-0.009078754065531545,-0.009120090954338522,-0.0051699163354290084,-0.005183303412967799
ETTh1,2021,block_pca_fit_b144,dct2,48,0.009700775450156197,0.00965387470836443,0.006437762569216399,0.006417084572906351
ETTh1,2021,block_pca_fit_b144,dct2,96,-0.013554868759287369,-0.01364715248601267,-0.004582220045534747,-0.004592734469474724
ETTh1,2021,block_pca_fit_b144,dct2,144,-0.009045703919661136,-0.009086739939262678,-0.002181347513306028,-0.002183728382646022
ETTh1,2021,block_pca_fit_b144,dct2,192,-0.008976844322426784,-0.009017257025086156,-0.003938807028667847,-0.003946574323682839
ETTh1,2021,block_pca_fit_b144,dct2,288,-0.008590744795111684,-0.008627751137953998,-0.004337994309712657,-0.004347417027332989
ETTh1,2021,block_pca_fit_b144,dct2,336,-0.008600364308174527,-0.008637453692448505,-0.0044404240458681314,-0.004450297337179165
ETTh1,2021,block_pca_fit_b144,dct2,512,-0.012084398016436206,-0.012157709364357672,-0.006966463915719492,-0.006990786172701879
ETTh1,2021,block_pca_fit_b144,dct2,720,-0.018442796519242532,-0.018613915241469714,-0.010020770066241311,-0.010071146110912643
ETTh1,2021,block_pca_fit_b144,pca_fit,48,-0.01676116717214547,-0.016902423638815556,-0.01201773788711736,-0.01209024104930867
ETTh1,2021,block_pca_fit_b144,pca_fit,96,-0.0386890931802148,-0.03944726216426542,-0.021895018223312208,-0.02213647313470246
ETTh1,2021,block_pca_fit_b144,pca_fit,144,-0.033795541279817876,-0.03437309850659309,-0.019678248797309426,-0.019873141820530904
ETTh1,2021,block_pca_fit_b144,pca_fit,192,-0.035244468150094584,-0.03587291578329532,-0.022118161386122524,-0.022364581349589185
ETTh1,2021,block_pca_fit_b144,pca_fit,288,-0.03507834321503557,-0.03570084575538823,-0.022575349445079905,-0.022832101092161494
ETTh1,2021,block_pca_fit_b144,pca_fit,336,-0.035698468317888685,-0.0363433090321017,-0.022783156785003138,-0.023044675196742137
ETTh1,2021,block_pca_fit_b144,pca_fit,512,-0.03577620155100281,-0.03642387047923923,-0.022343897896714995,-0.02259539241299824
ETTh1,2021,block_pca_fit_b144,pca_fit,720,-0.037506767938544704,-0.038219023660595486,-0.021504181381445255,-0.021737062600845514
ETTh1,2022,block_dct2_b16,balanced_interval,48,0.005547491959341306,0.005532133040106912,-0.004196159443058212,-0.0042049756471800315
ETTh1,2022,block_dct2_b16,balanced_interval,96,0.003321783814926687,0.0033162727948979898,-0.004290978905696994,-0.004300198337761074
ETTh1,2022,block_dct2_b16,balanced_interval,144,0.007915820173768733,0.007884572573744197,-0.001409550081460334,-0.0014105439640972328
ETTh1,2022,block_dct2_b16,balanced_interval,192,0.004842310746653918,0.004830605660812726,-0.0015712039924533335,-0.0015724389801674565
ETTh1,2022,block_dct2_b16,balanced_interval,288,-0.00583880028535033,-0.0058558793038825385,-0.0043372270079008466,-0.004346646390035902
ETTh1,2022,block_dct2_b16,balanced_interval,336,-0.00824969050230784,-0.008283812967716075,-0.004633070444051287,-0.004643819709210684
ETTh1,2022,block_dct2_b16,balanced_interval,512,-0.021875119779934896,-0.022116134412322852,-0.012172388525664438,-0.012246773554968282
ETTh1,2022,block_dct2_b16,balanced_interval,720,-0.02935241992767757,-0.029787448150942808,-0.01760559470546647,-0.017761486701241447
ETTh1,2022,block_dct2_b16,dct2,48,0.003761079907714601,0.0037540159055456934,-0.0015360701849063906,-0.0015372505450075291
ETTh1,2022,block_dct2_b16,dct2,96,-0.004462903785434693,-0.004472877372066586,-0.006672704646189351,-0.006695016739565407
ETTh1,2022,block_dct2_b16,dct2,144,-0.0035271034534110407,-0.003533331002380624,-0.00632196805513261,-0.006341993873797636
ETTh1,2022,block_dct2_b16,dct2,192,-0.000698655264005529,-0.0006988993804422083,-0.0031957675773589328,-0.003200879486603858
ETTh1,2022,block_dct2_b16,dct2,288,-0.0046765444974860276,-0.004687496597710394,-0.0031450875500823967,-0.0031500385269891407
ETTh1,2022,block_dct2_b16,dct2,336,-0.005342923960995537,-0.005357222833809461,-0.0025464535437528303,-0.002549698510379006
ETTh1,2022,block_dct2_b16,dct2,512,-0.015072381139334843,-0.015186542315057228,-0.007385522681225942,-0.007412862919735197
ETTh1,2022,block_dct2_b16,dct2,720,-0.02261926597714215,-0.022877021317286417,-0.012556148788277167,-0.012635308189925087
ETTh1,2022,block_dct2_b16,pca_fit,48,0.009190284606731979,0.009148183015074807,-0.00550149833040239,-0.005516659362388321
ETTh1,2022,block_dct2_b16,pca_fit,96,-0.011896925013080773,-0.011967974904314005,-0.014209105591862364,-0.014310534769303773
ETTh1,2022,block_dct2_b16,pca_fit,144,-0.01617723520795103,-0.01630879514537975,-0.016467910487946002,-0.016604253928171886
ETTh1,2022,block_dct2_b16,pca_fit,192,-0.020222548348731974,-0.02042840941637447,-0.01690052114295052,-0.01704414290381262
ETTh1,2022,block_dct2_b16,pca_fit,288,-0.029364344745834825,-0.029799728252221547,-0.019295823529599885,-0.019483191129491484
ETTh1,2022,block_dct2_b16,pca_fit,336,-0.031680961925115464,-0.032188145449902006,-0.0194309891735762,-0.019620999544815332
ETTh1,2022,block_dct2_b16,pca_fit,512,-0.03914945498515823,-0.03992589414550718,-0.02233015324924703,-0.022581337296418758
ETTh1,2022,block_dct2_b16,pca_fit,720,-0.04099723284107999,-0.04184922257912116,-0.023165861605520657,-0.023436274254188705
ETTh1,2022,block_dct2_b32,balanced_interval,48,0.01207619026050889,0.012003565711490416,0.0023252893443431078,0.0023225879533198546
ETTh1,2022,block_dct2_b32,balanced_interval,96,-0.0013423594238772796,-0.0013432607915633277,-0.0037410841777896727,-0.003748090767892176
ETTh1,2022,block_dct2_b32,balanced_interval,144,0.005363859202746295,0.005349499396105406,-0.0014125497199963194,-0.0014135478382606426
ETTh1,2022,block_dct2_b32,balanced_interval,192,-0.0036871534713054013,-0.0036939593839098173,-0.004997334550828302,-0.0050098420531798915
ETTh1,2022,block_dct2_b32,balanced_interval,288,-0.012132908019241185,-0.012206810328612372,-0.007244484616508305,-0.007270789378301501
ETTh1,2022,block_dct2_b32,balanced_interval,336,-0.015311494035542522,-0.01542931553332827,-0.008275970019693405,-0.008310310527878562
ETTh1,2022,block_dct2_b32,balanced_interval,512,-0.028814261015150527,-0.029233407951918977,-0.016281062856150746,-0.01641432157561029
ETTh1,2022,block_dct2_b32,balanced_interval,720,-0.03220825640809826,-0.03273255608414605,-0.0192363096644453,-0.019422519549745276
ETTh1,2022,block_dct2_b32,dct2,48,0.010289778208882116,0.010237019554434235,0.0049853786024950525,0.004972972227976991
ETTh1,2022,block_dct2_b32,dct2,96,-0.00912704702423873,-0.009168825525980306,-0.0061228099182821264,-0.006141592633694515
ETTh1,2022,block_dct2_b32,dct2,144,-0.0060790644244334,-0.0060975794355395685,-0.006324967693668653,-0.006345012540550199
ETTh1,2022,block_dct2_b32,dct2,192,-0.009228119481964855,-0.009270829854264084,-0.006621898135733849,-0.006643871377941535
ETTh1,2022,block_dct2_b32,dct2,288,-0.010970652231377005,-0.011031050503978124,-0.006052345158689729,-0.006070697606083364
ETTh1,2022,block_dct2_b32,dct2,336,-0.012404727494230045,-0.012481985249632954,-0.006189353119394921,-0.00620854674368676
ETTh1,2022,block_dct2_b32,dct2,512,-0.022011522374550483,-0.02225556321406419,-0.011494197011712181,-0.011560509118779816
ETTh1,2022,block_dct2_b32,dct2,720,-0.025475102457562883,-0.025802365994561427,-0.014186863747256006,-0.01428797488289435
ETTh1,2022,block_dct2_b32,pca_fit,48,0.015718982907899706,0.015596084484770789,0.0010199504569991802,0.0010194304843289537
ETTh1,2022,block_dct2_b32,pca_fit,96,-0.016561068251884848,-0.01669896291864914,-0.013659210863955096,-0.013752924081413154
ETTh1,2022,block_dct2_b32,pca_fit,144,-0.018729196178973322,-0.018905687699964036,-0.016470910126482004,-0.016607303378041616
ETTh1,2022,block_dct2_b32,pca_fit,192,-0.02875201256669136,-0.029169341763202628,-0.02032665170132543,-0.020534644964518955
ETTh1,2022,block_dct2_b32,pca_fit,288,-0.03565845247972571,-0.03630183971568646,-0.022203081138207303,-0.022451403982803653
ETTh1,2022,block_dct2_b32,pca_fit,336,-0.03874276545835017,-0.03950305316402902,-0.023073888749218386,-0.0233421502252964
ETTh1,2022,block_dct2_b32,pca_fit,512,-0.04608859622037387,-0.04716718190171498,-0.026438827579733343,-0.0267914340233546
ETTh1,2022,block_dct2_b32,pca_fit,720,-0.04385306932150061,-0.04482882620133344,-0.024796576564499424,-0.025106568613033398
ETTh1,2022,block_dct2_b48,balanced_interval,48,0.016079367729954018,0.015950784796549988,0.005657126107481244,0.005641154701195861
ETTh1,2022,block_dct2_b48,balanced_interval,96,0.005635988954699531,0.005620136564231992,0.0003626488472194003,0.00036258309807435385
ETTh1,2022,block_dct2_b48,balanced_interval,144,-0.002096729554658629,-0.0020989292291768713,-0.004180314720826304,-0.0041890644243318675
ETTh1,2022,block_dct2_b48,balanced_interval,192,-0.0031904512661022487,-0.003195546172652497,-0.005029421076066619,-0.005042089844198738
ETTh1,2022,block_dct2_b48,balanced_interval,288,-0.006291299932421765,-0.006311131727284813,-0.006050041188796033,-0.006068379652155453
ETTh1,2022,block_dct2_b48,balanced_interval,336,-0.010884212440702482,-0.0109436609686282,-0.007874689968048947,-0.007905776885465121
ETTh1,2022,block_dct2_b48,balanced_interval,512,-0.025522343661185987,-0.02585082727768606,-0.015145920103125198,-0.015261200826554244
ETTh1,2022,block_dct2_b48,balanced_interval,720,-0.030976752730543032,-0.03146152494379639,-0.01930696243892692,-0.019494547123564576
ETTh1,2022,block_dct2_b48,dct2,48,0.01429295567832738,0.01419129630130711,0.00831721536563327,0.008282723022904004
ETTh1,2022,block_dct2_b48,dct2,96,-0.002148698645661837,-0.0021510087528751054,-0.002019076893273088,-0.002021116601568451
ETTh1,2022,block_dct2_b48,dct2,144,-0.01353965318183843,-0.013631729376594182,-0.009092732694498463,-0.009134197168265468
ETTh1,2022,block_dct2_b48,dct2,192,-0.008731417276761725,-0.00876964728697538,-0.006653984660972319,-0.006676171600124903
ETTh1,2022,block_dct2_b48,dct2,288,-0.005129044144557599,-0.005142220208715909,-0.004857901730977432,-0.004869720465925598
ETTh1,2022,block_dct2_b48,dct2,336,-0.007977445899390045,-0.008009350503583645,-0.005788073067750431,-0.005804856327956687
ETTh1,2022,block_dct2_b48,dct2,512,-0.0187196050205859,-0.018895915260995988,-0.010359054258686622,-0.010412895013753865
ETTh1,2022,block_dct2_b48,dct2,720,-0.02424359878000756,-0.024539864155782132,-0.01425751652173767,-0.014359639674071722
ETTh1,2022,block_dct2_b48,pca_fit,48,0.019722160377344686,0.019528950827074176,0.004351787220137182,0.004342331914930497
ETTh1,2022,block_dct2_b48,pca_fit,96,-0.009582719873307926,-0.009628781146584942,-0.009555477838946044,-0.009601277179269951
ETTh1,2022,block_dct2_b48,pca_fit,144,-0.026189784936378295,-0.026535751009759467,-0.019238675127311925,-0.01942493095871267
ETTh1,2022,block_dct2_b48,pca_fit,192,-0.02825531036148818,-0.028658278015373906,-0.020358738226563842,-0.020567390900509963
ETTh1,2022,block_dct2_b48,pca_fit,288,-0.02981684439290631,-0.030265817710514842,-0.021008637710494993,-0.02123087269605861
ETTh1,2022,block_dct2_b48,pca_fit,336,-0.03431548386351014,-0.03491105296852948,-0.02267260869757396,-0.0229315858155672
ETTh1,2022,block_dct2_b48,pca_fit,512,-0.04279667886640938,-0.04372566179089765,-0.025303684826707855,-0.025626540453486557
ETTh1,2022,block_dct2_b48,pca_fit,720,-0.04262156564394532,-0.04354290762869506,-0.024867229338981122,-0.025178997794876423
ETTh1,2022,block_dct2_b96,balanced_interval,48,0.0059605740631687556,0.005942845084041637,0.00023045948643876917,0.00023043293269120468
ETTh1,2022,block_dct2_b96,balanced_interval,96,0.004566990329324512,0.004556577486805158,0.00027268501685203663,0.0002726478416719136
ETTh1,2022,block_dct2_b96,balanced_interval,144,0.007001837690543431,0.006977381936716265,0.0012270050229062457,0.0012262525600331697
ETTh1,2022,block_dct2_b96,balanced_interval,192,0.002089883221920541,0.0020877009364852483,-0.0015024841047050364,-0.0015036133994590362
ETTh1,2022,block_dct2_b96,balanced_interval,288,-0.013059282091657848,-0.013144926929984146,-0.009835280111591295,-0.00988380543527101
ETTh1,2022,block_dct2_b96,balanced_interval,336,-0.016435796354828978,-0.01657160708804928,-0.012129057601512469,-0.01220291291706821
ETTh1,2022,block_dct2_b96,balanced_interval,512,-0.02714343122781865,-0.02751516995713721,-0.01844167423849774,-0.018612772071327832
ETTh1,2022,block_dct2_b96,balanced_interval,720,-0.03255217968955047,-0.03308779793816741,-0.022186171091745126,-0.022434114428240948
ETTh1,2022,block_dct2_b96,dct2,48,0.004174162011542121,0.004165462306162104,0.002890548744590592,0.0028863751308813024
ETTh1,2022,block_dct2_b96,dct2,96,-0.003217697271036902,-0.003222879615815799,-0.002109040723640353,-0.0021112663143727506
ETTh1,2022,block_dct2_b96,dct2,144,-0.004441085936636344,-0.00445096217377805,-0.003685412950766042,-0.00369221243547857
ETTh1,2022,block_dct2_b96,dct2,192,-0.0034510827887388137,-0.0034570446312440772,-0.003127047689610622,-0.003131942003491872
ETTh1,2022,block_dct2_b96,dct2,288,-0.01189702630379362,-0.01196807740727679,-0.008643140653772717,-0.008680600439574526
ETTh1,2022,block_dct2_b96,dct2,336,-0.013529029813516698,-0.013620961250587538,-0.010042440701213988,-0.010093035231190983
ETTh1,2022,block_dct2_b96,dct2,512,-0.020340692587218656,-0.02054897427561686,-0.013654808394059128,-0.01374846107450689
ETTh1,2022,block_dct2_b96,dct2,720,-0.02581902573901505,-0.02615522398495651,-0.017136725174555893,-0.017284401204559652
ETTh1,2022,block_dct2_b96,pca_fit,48,0.009603366710559566,0.009557401641951735,-0.0010748794009054308,-0.0010754572908040494
ETTh1,2022,block_dct2_b96,pca_fit,96,-0.010651718498682959,-0.010708650012100307,-0.009645441669313354,-0.009692108863030624
ETTh1,2022,block_dct2_b96,pca_fit,144,-0.017091217691176223,-0.01723810820492644,-0.013831355383579422,-0.013927451113051825
ETTh1,2022,block_dct2_b96,pca_fit,192,-0.022974975873465323,-0.023240933516238682,-0.016831801255202204,-0.01697425414587861
ETTh1,2022,block_dct2_b96,pca_fit,288,-0.036584826552142416,-0.03726228766955231,-0.02479387663329021,-0.02510380089955233
ETTh1,2022,block_dct2_b96,pca_fit,336,-0.03986706777763668,-0.04067242609877875,-0.0269269763310374,-0.027292783336287707
ETTh1,2022,block_dct2_b96,pca_fit,512,-0.044417766433042,-0.045419004641891636,-0.028599438962080337,-0.029012329665230263
ETTh1,2022,block_dct2_b96,pca_fit,720,-0.04419699260295278,-0.04518822895974184,-0.02774643799179922,-0.028134955403341877
ETTh1,2022,block_dct2_b144,balanced_interval,48,0.004665970051683345,0.004655101324377964,-0.0038172604596095447,-0.0038245554776923374
ETTh1,2022,block_dct2_b144,balanced_interval,96,0.006391326927874865,0.006370945841770004,-0.002421033969368464,-0.0024239670386514423
ETTh1,2022,block_dct2_b144,balanced_interval,144,0.01111127555015903,0.011049773328124735,0.0019395407825560874,0.0019376610887764656
ETTh1,2022,block_dct2_b144,balanced_interval,192,0.004848211440466332,0.004836477833375263,-0.0019928700835580974,-0.0019948571689247796
ETTh1,2022,block_dct2_b144,balanced_interval,288,-0.0061921141099721575,-0.006211324879838109,-0.006957374087309151,-0.006981632840845853
ETTh1,2022,block_dct2_b144,balanced_interval,336,-0.01041177922581295,-0.010466170404886732,-0.009443445681833286,-0.009488175705983037
ETTh1,2022,block_dct2_b144,balanced_interval,512,-0.017786783356128467,-0.017945910238934104,-0.014499067153321518,-0.014604688480343464
ETTh1,2022,block_dct2_b144,balanced_interval,720,-0.018187335032878837,-0.018353731851484145,-0.014968545854505796,-0.015081135603844054
ETTh1,2022,block_dct2_b144,dct2,48,0.0028795580000567887,0.0028754160495350067,-0.0011571712014576577,-0.0011578409823778113
ETTh1,2022,block_dct2_b144,dct2,96,-0.001393360672486647,-0.0013943318504832103,-0.00480275970986083,-0.004814311446276864
ETTh1,2022,block_dct2_b144,dct2,144,-0.00033164807702064933,-0.000331703078324308,-0.002972877191116146,-0.0029773005728168656
ETTh1,2022,block_dct2_b144,dct2,192,-0.0006927545701931817,-0.0006929945800597803,-0.0036174336684636874,-0.003623984478294817
ETTh1,2022,block_dct2_b144,dct2,288,-0.005029858322107933,-0.005042529294969844,-0.005765234629490566,-0.005781885578153068
ETTh1,2022,block_dct2_b144,dct2,336,-0.0075050126845004885,-0.007533245878161177,-0.007356828781534802,-0.00738395673081671
ETTh1,2022,block_dct2_b144,dct2,512,-0.01098404471552843,-0.011044590811967625,-0.00971220130888295,-0.009759517794367456
ETTh1,2022,block_dct2_b144,dct2,720,-0.011454181082343334,-0.011520031394776753,-0.009919099937316576,-0.009968457267546693
ETTh1,2022,block_dct2_b144,pca_fit,48,0.008308762699074304,0.008274340332012908,-0.005122599346953743,-0.0051357422914179995
ETTh1,2022,block_dct2_b144,pca_fit,96,-0.008827381900132738,-0.008866458131379318,-0.012339160655533907,-0.012415602182911156
ETTh1,2022,block_dct2_b144,pca_fit,144,-0.012981779831560535,-0.013066408951040609,-0.013118819623929535,-0.013205248874459175
ETTh1,2022,block_dct2_b144,pca_fit,192,-0.02021664765491967,-0.020422388198537922,-0.017322187234055344,-0.017473086361131873
ETTh1,2022,block_dct2_b144,pca_fit,288,-0.029717658570456586,-0.030163635015664436,-0.021915970609008052,-0.022157889556682964
ETTh1,2022,block_dct2_b144,pca_fit,336,-0.0338430506486206,-0.03442224208699063,-0.024241364411358268,-0.024537574958587216
ETTh1,2022,block_dct2_b144,pca_fit,512,-0.03506111856135175,-0.0356830063206397,-0.024656831876904105,-0.02496332542482116
ETTh1,2022,block_dct2_b144,pca_fit,720,-0.0298321479462812,-0.03028158455909047,-0.020528812754559908,-0.020740978178774405
ETTh1,2022,block_pca_fit_b16,balanced_interval,48,-0.00023800759103850792,-0.00023803591709237182,-0.0088227631142907,-0.008861798404027121
ETTh1,2022,block_pca_fit_b16,balanced_interval,96,-0.0037101115315341963,-0.0037170025147923447,-0.009202240433171473,-0.009244711223176605
ETTh1,2022,block_pca_fit_b16,balanced_interval,144,-0.00015749291382223792,-0.00015750531648239807,-0.006230970315542659,-0.006250423193526311
ETTh1,2022,block_pca_fit_b16,balanced_interval,192,-0.003314440902988703,-0.003319939735745514,-0.007098231786160065,-0.007123483946608555
ETTh1,2022,block_pca_fit_b16,balanced_interval,288,-0.011031804263404851,-0.011092878997609468,-0.008290851875297132,-0.008325316167979047
ETTh1,2022,block_pca_fit_b16,balanced_interval,336,-0.013356328142854689,-0.01344592233235331,-0.008769590287811897,-0.008808155796856676
ETTh1,2022,block_pca_fit_b16,balanced_interval,512,-0.02720171654633047,-0.027575060751453995,-0.016239084500325306,-0.016371655069094215
ETTh1,2022,block_pca_fit_b16,balanced_interval,720,-0.030762084211845987,-0.031240126390643663,-0.01941335896297189,-0.01960302357031729
ETTh1,2022,block_pca_fit_b16,dct2,48,-0.002024419642665135,-0.002026470163581484,-0.006162673856138833,-0.006181702199075545
ETTh1,2022,block_pca_fit_b16,dct2,96,-0.011494799131895739,-0.011561118199962639,-0.011583966173663784,-0.011651320133900134
ETTh1,2022,block_pca_fit_b16,dct2,144,-0.011600416541002117,-0.01166796230661915,-0.011143388289214864,-0.011205707106306084
ETTh1,2022,block_pca_fit_b16,dct2,192,-0.008855406913648263,-0.008894732023690066,-0.008722795371065711,-0.008760949807702145
ETTh1,2022,block_pca_fit_b16,dct2,288,-0.009869548475540597,-0.00991841309403263,-0.007098712417478659,-0.007123968001812919
ETTh1,2022,block_pca_fit_b16,dct2,336,-0.010449561601542347,-0.010504348938632058,-0.006682973387513418,-0.006705354283361276
ETTh1,2022,block_pca_fit_b16,dct2,512,-0.02039897790573036,-0.02060845903116637,-0.0114522186558868,-0.011518046363053536
ETTh1,2022,block_pca_fit_b16,dct2,720,-0.024028930261310463,-0.024319951305824983,-0.014363913045782589,-0.014467569755455267
ETTh1,2022,block_pca_fit_b16,pca_fit,48,0.0034047850563522107,0.003398995348479761,-0.01012810200163491,-0.01017956482020077
ETTh1,2022,block_pca_fit_b16,pca_fit,96,-0.018928820359541784,-0.019109106215899452,-0.01912036711933688,-0.01930433195990533
ETTh1,2022,block_pca_fit_b16,pca_fit,144,-0.024250548295541945,-0.024546984236224256,-0.02128933072202836,-0.021517565299609354
ETTh1,2022,block_pca_fit_b16,pca_fit,192,-0.02837929999837469,-0.028785828889075216,-0.02242754893665734,-0.02268093715891739
ETTh1,2022,block_pca_fit_b16,pca_fit,288,-0.03455734872388934,-0.035161391858730795,-0.023249448396996115,-0.023521823583980472
ETTh1,2022,block_pca_fit_b16,pca_fit,336,-0.03678759956566235,-0.03747263779537735,-0.023567509017336893,-0.023847417346654076
ETTh1,2022,block_pca_fit_b16,pca_fit,512,-0.044476051751553725,-0.045479938997327274,-0.02639684922390787,-0.026748331911862877
ETTh1,2022,block_pca_fit_b16,pca_fit,720,-0.04240689712524833,-0.04331891586136827,-0.024973625863026008,-0.025288079079597514
ETTh1,2022,block_pca_fit_b32,balanced_interval,48,0.004512934663244966,0.004502766675180236,-0.004387985749097882,-0.004397627055378495
ETTh1,2022,block_pca_fit_b32,balanced_interval,96,-0.0032409140117348897,-0.0032461714516531792,-0.004398857006229718,-0.004408546179596851
ETTh1,2022,block_pca_fit_b32,balanced_interval,144,0.008577263853326836,0.00854058407136049,-0.00012024577394252794,-0.00012025300375539949
ETTh1,2022,block_pca_fit_b32,balanced_interval,192,0.0005963032854461363,0.0005961255319754111,-0.0032922533226315445,-0.0032976787409182418
ETTh1,2022,block_pca_fit_b32,balanced_interval,288,-0.006347608177354217,-0.006367796936312731,-0.005017376468206194,-0.005029984579244973
ETTh1,2022,block_pca_fit_b32,balanced_interval,336,-0.0075281893236259926,-0.007556597383211461,-0.005298160272589366,-0.005312220343596019
ETTh1,2022,block_pca_fit_b32,balanced_interval,512,-0.017124480001533552,-0.01727194445732172,-0.011103685769164607,-0.011165560488411108
ETTh1,2022,block_pca_fit_b32,balanced_interval,720,-0.01950764531156507,-0.019699162748659127,-0.012504146208616115,-0.01258264991083835
ETTh1,2022,block_pca_fit_b32,dct2,48,0.0027265226116183028,0.0027228090246688152,-0.0017278964909459569,-0.0017293901642680964
ETTh1,2022,block_pca_fit_b32,dct2,96,-0.011025601612096411,-0.011086607560490513,-0.006780582746722223,-0.006803622943797327
ETTh1,2022,block_pca_fit_b32,dct2,144,-0.00286565977385284,-0.0028697697017698864,-0.005032663747614771,-0.005045348870872157
ETTh1,2022,block_pca_fit_b32,dct2,192,-0.004944662725213437,-0.0049569077441236065,-0.004916816907537179,-0.004928924286911052
ETTh1,2022,block_pca_fit_b32,dct2,288,-0.005185352389490025,-0.005198819596534454,-0.0038252370103875606,-0.003832562567165798
ETTh1,2022,block_pca_fit_b32,dct2,336,-0.004621422782313679,-0.004632118025980736,-0.0032115433722908204,-0.003216705902790995
ETTh1,2022,block_pca_fit_b32,dct2,512,-0.010321741360933575,-0.010375194284079958,-0.006316819924726022,-0.0063368131073151535
ETTh1,2022,block_pca_fit_b32,dct2,720,-0.01277449136102959,-0.012856433728056116,-0.007454700291426744,-0.007482555744641406
ETTh1,2022,block_pca_fit_b32,pca_fit,48,0.008155727310635824,0.008122559596845602,-0.00569332463644195,-0.0057095624101630715
ETTh1,2022,block_pca_fit_b32,pca_fit,96,-0.018459622839742465,-0.018631054909871825,-0.014316983692395216,-0.014419962565470401
ETTh1,2022,block_pca_fit_b32,pca_fit,144,-0.015515791528392782,-0.015636786388824486,-0.015178606180428178,-0.015294386274995242
ETTh1,2022,block_pca_fit_b32,pca_fit,192,-0.02446855580993992,-0.024770367526374626,-0.01862157047312872,-0.018796033157065795
ETTh1,2022,block_pca_fit_b32,pca_fit,288,-0.02987315263783867,-0.030323831803844348,-0.019975972989905142,-0.020176827933337638
ETTh1,2022,block_pca_fit_b32,pca_fit,336,-0.030959460746433656,-0.031443689081706916,-0.020096079002114374,-0.020299364662440533
ETTh1,2022,block_pca_fit_b32,pca_fit,512,-0.03439881520675689,-0.03499729709008359,-0.021261450492747212,-0.021489085552686804
ETTh1,2022,block_pca_fit_b32,pca_fit,720,-0.031152458224967344,-0.03164277432380613,-0.018064413108670182,-0.018228561544485045
ETTh1,2022,block_pca_fit_b48,balanced_interval,48,0.004915925597155562,0.00490386221058281,-0.0042655775715320695,-0.004274688096819634
ETTh1,2022,block_pca_fit_b48,balanced_interval,96,0.005937503874705638,0.005919911733597294,-0.0018803114968054114,-0.0018820803909849193
ETTh1,2022,block_pca_fit_b48,balanced_interval,144,0.007070540602823301,0.007045603139012591,-0.0013016641992286042,-0.0013025117317666535
ETTh1,2022,block_pca_fit_b48,balanced_interval,192,0.0004062179577319606,0.00040613546238810194,-0.004119858609932624,-0.004128356893983831
ETTh1,2022,block_pca_fit_b48,balanced_interval,288,-0.007876438772101093,-0.00790753951671297,-0.007180813222317254,-0.007206657084531942
ETTh1,2022,block_pca_fit_b48,balanced_interval,336,-0.011153670215705371,-0.01121610430250497,-0.00851971838014091,-0.008556114468828646
ETTh1,2022,block_pca_fit_b48,balanced_interval,512,-0.024166809053284492,-0.02446119304020211,-0.015462378708423628,-0.015582539812743379
ETTh1,2022,block_pca_fit_b48,balanced_interval,720,-0.029173292617649647,-0.0296030016156541,-0.01928641883006852,-0.01947360324148728
ETTh1,2022,block_pca_fit_b48,dct2,48,0.003129513545528774,0.0031246217223525052,-0.0016054883133802408,-0.0016067777997352817
ETTh1,2022,block_pca_fit_b48,dct2,96,-0.0018471837256558094,-0.0018488908204581378,-0.004262037237297841,-0.004271132635054631
ETTh1,2022,block_pca_fit_b48,dct2,144,-0.004372383024356357,-0.004381955837929663,-0.00621408217290081,-0.0062334296363411035
ETTh1,2022,block_pca_fit_b48,dct2,192,-0.0051347480529275406,-0.005147953464189614,-0.005744422194838276,-0.005760953026214377
ETTh1,2022,block_pca_fit_b48,dct2,288,-0.006714182984236873,-0.006736773641777827,-0.005988673764498734,-0.006006641721397532
ETTh1,2022,block_pca_fit_b48,dct2,336,-0.008246903674392958,-0.008281003058155267,-0.006433101479842365,-0.0064538383207191075
ETTh1,2022,block_pca_fit_b48,dct2,512,-0.017364070412684406,-0.01751570226059651,-0.010675512863985081,-0.01073269946905242
ETTh1,2022,block_pca_fit_b48,dct2,720,-0.02244013866711424,-0.022693812517308176,-0.014236972912879217,-0.014338801280441071
ETTh1,2022,block_pca_fit_b48,pca_fit,48,0.008558718244546178,0.008522196682408612,-0.005570916458876176,-0.0055864628698170105
ETTh1,2022,block_pca_fit_b48,pca_fit,96,-0.009281204953301885,-0.00932440889409536,-0.011798438182970883,-0.011868314294002369
ETTh1,2022,block_pca_fit_b48,pca_fit,144,-0.017022514778896304,-0.017168223385083392,-0.016360024605714302,-0.016494582597456953
ETTh1,2022,block_pca_fit_b48,pca_fit,192,-0.024658641137653956,-0.02496517985241331,-0.01944917576042987,-0.019639543139303273
ETTh1,2022,block_pca_fit_b48,pca_fit,288,-0.03140198323258563,-0.031900227114047386,-0.022139409744016278,-0.02238630514890838
ETTh1,2022,block_pca_fit_b48,pca_fit,336,-0.03458494163851303,-0.03518995537271152,-0.02331763710966581,-0.023591618599108966
ETTh1,2022,block_pca_fit_b48,pca_fit,512,-0.04144114425850786,-0.0423118140114751,-0.025620143432006186,-0.025951160159676023
ETTh1,2022,block_pca_fit_b48,pca_fit,720,-0.04081810553105205,-0.04166261564412399,-0.024846685730122695,-0.02515793713486758
ETTh1,2022,block_pca_fit_b96,balanced_interval,48,0.016785538911095518,0.016645446689179333,0.004991412137150992,0.004978975739921454
ETTh1,2022,block_pca_fit_b96,balanced_interval,96,0.017571347182331866,0.017417871302156662,0.008544167891115968,0.00850777022499738
ETTh1,2022,block_pca_fit_b96,balanced_interval,144,0.018466033227462424,0.018296580677774732,0.007675996897689576,0.007646611668548742
ETTh1,2022,block_pca_fit_b96,balanced_interval,192,0.015406513555814131,0.015288440368923628,0.005328343647682561,0.0053141732041710465
ETTh1,2022,block_pca_fit_b96,balanced_interval,288,0.001621723304726641,0.0016204090220517386,-0.0026578116907322855,-0.0026613468034182297
ETTh1,2022,block_pca_fit_b96,balanced_interval,336,-0.0017950183082791216,-0.001796630318027459,-0.004132037787733935,-0.004140586426250481
ETTh1,2022,block_pca_fit_b96,balanced_interval,512,-0.013006686508235707,-0.013091641382765529,-0.010963751661873267,-0.01102407383801518
ETTh1,2022,block_pca_fit_b96,balanced_interval,720,-0.01920711007903209,-0.019392753269397156,-0.015053271521882615,-0.015167142673951473
ETTh1,2022,block_pca_fit_b96,dct2,48,0.014999126859468765,0.01488720025539958,0.007651501395302988,0.007622303176033407
ETTh1,2022,block_pca_fit_b96,dct2,96,0.00978665958197039,0.00973892607319704,0.0061624421506234995,0.006143493247813381
ETTh1,2022,block_pca_fit_b96,dct2,144,0.007023109600282774,0.006998505199550031,0.0027635789240171983,0.0027597637550985654
ETTh1,2022,block_pca_fit_b96,dct2,192,0.00986554754515462,0.009817042671069642,0.003703780062776939,0.003696929529632742
ETTh1,2022,block_pca_fit_b96,dct2,288,0.0027839790925907725,0.0027801074165185735,-0.0014656722329137227,-0.0014667468554114826
ETTh1,2022,block_pca_fit_b96,dct2,336,0.001111748233033313,0.001111130469920063,-0.0020454208874353848,-0.002047514187722088
ETTh1,2022,block_pca_fit_b96,dct2,512,-0.006203947867635692,-0.006223232211269192,-0.006176885817434752,-0.006196002116098498
ETTh1,2022,block_pca_fit_b96,dct2,720,-0.0124739561284967,-0.01255208042096001,-0.010003825604693345,-0.010054031144218989
ETTh1,2022,block_pca_fit_b96,pca_fit,48,0.02042833155848623,0.020221086813937306,0.0036860732498068924,0.003679288021315452
ETTh1,2022,block_pca_fit_b96,pca_fit,96,0.0023526383543244983,0.0023498730697080195,-0.001373958795049458,-0.0013749031088678976
ETTh1,2022,block_pca_fit_b96,pca_fit,144,-0.005627022154257178,-0.005642883580328828,-0.007382363508796137,-0.00740968033382039
ETTh1,2022,block_pca_fit_b96,pca_fit,192,-0.00965834553957179,-0.009705137883066373,-0.01000097350281475,-0.010051150371327422
ETTh1,2022,block_pca_fit_b96,pca_fit,288,-0.021903821155757883,-0.0221454709726292,-0.017616408212431253,-0.017772492331671108
ETTh1,2022,block_pca_fit_b96,pca_fit,336,-0.025226289731086832,-0.025547165060989308,-0.018929956517258827,-0.019110264085232753
ETTh1,2022,block_pca_fit_b96,pca_fit,512,-0.030281021713459127,-0.03074415474524983,-0.02112151638545588,-0.021346154390097682
ETTh1,2022,block_pca_fit_b96,pca_fit,720,-0.0308519229924345,-0.031332775907790156,-0.020613538421936802,-0.020827464803136353
ETTh1,2022,block_pca_fit_b144,balanced_interval,48,-0.013273071829766364,-0.013361550073655915,-0.0058219562065617795,-0.005838936730893085
ETTh1,2022,block_pca_fit_b144,balanced_interval,96,-0.017354449702989896,-0.017505913084504998,-0.007651437943962354,-0.007680784996568546
ETTh1,2022,block_pca_fit_b144,balanced_interval,144,-0.007383223273702474,-0.007410546469682311,-0.001749235005494604,-0.0017507658094952916
ETTh1,2022,block_pca_fit_b144,balanced_interval,192,-0.009095797633183293,-0.009137290107444462,-0.0051675405824549445,-0.005180915348581783
ETTh1,2022,block_pca_fit_b144,balanced_interval,288,-0.014862137070288026,-0.014973127800913533,-0.008288148234101499,-0.008322590021800913
ETTh1,2022,block_pca_fit_b144,balanced_interval,336,-0.016514554205146265,-0.016651673235394515,-0.009813275537765094,-0.009861583617010172
ETTh1,2022,block_pca_fit_b144,balanced_interval,512,-0.022516753079121255,-0.0227721686039819,-0.01515546382789151,-0.015270890246257274
ETTh1,2022,block_pca_fit_b144,balanced_interval,720,-0.02361574270007037,-0.02389680246915349,-0.016335394248121204,-0.016469546280724057
ETTh1,2022,block_pca_fit_b144,dct2,48,-0.015059483881393006,-0.015173449276794315,-0.0031618669484098573,-0.003166870922286291
ETTh1,2022,block_pca_fit_b144,dct2,96,-0.025139137303351374,-0.0254577900304791,-0.010033163684454774,-0.010083664624640498
ETTh1,2022,block_pca_fit_b144,dct2,144,-0.018826146900882287,-0.019004476130671133,-0.006661652979166856,-0.006683891142925447
ETTh1,2022,block_pca_fit_b144,dct2,192,-0.01463676364384281,-0.014744405604271815,-0.006792104167360558,-0.006815222818660871
ETTh1,2022,block_pca_fit_b144,dct2,288,-0.01369988128242381,-0.013794154675486503,-0.007096008776282901,-0.007121245103644647
ETTh1,2022,block_pca_fit_b144,dct2,336,-0.013607787663833968,-0.01370079500225807,-0.007726658637466539,-0.0077565862949242614
ETTh1,2022,block_pca_fit_b144,dct2,512,-0.015714014438521252,-0.015838128822938335,-0.01036859798345296,-0.010422538162339956
ETTh1,2022,block_pca_fit_b144,dct2,720,-0.016882588749534917,-0.017025905031645916,-0.011285948330931982,-0.011349874910135727
ETTh1,2022,block_pca_fit_b144,pca_fit,48,-0.009630279182375556,-0.00967679953568279,-0.007127295093905877,-0.007152754711711173
ETTh1,2022,block_pca_fit_b144,pca_fit,96,-0.032573158530997424,-0.03310947115061991,-0.017569564630127793,-0.017724817338802712
ETTh1,2022,block_pca_fit_b144,pca_fit,144,-0.03147627865542214,-0.0319768954257631,-0.01680759541198025,-0.016949637724453792
ETTh1,2022,block_pca_fit_b144,pca_fit,192,-0.03416065672856926,-0.03475083305879467,-0.020496857732952106,-0.020708360899906353
ETTh1,2022,block_pca_fit_b144,pca_fit,288,-0.03838768153077247,-0.03913400786208765,-0.02324674475580053,-0.023519056351954504
ETTh1,2022,block_pca_fit_b144,pca_fit,336,-0.03994582562795395,-0.04075439044956841,-0.024611194267290082,-0.024916549616082806
ETTh1,2022,block_pca_fit_b144,pca_fit,512,-0.03979108828434457,-0.04059335933892472,-0.025313228551474026,-0.02563632879761002
ETTh1,2022,block_pca_fit_b144,pca_fit,720,-0.03526055561347262,-0.0358895804849384,-0.021895661148175358,-0.022137130291865814
ETTh1,2023,block_dct2_b16,balanced_interval,48,-0.010320176021477641,-0.010373612705160795,-0.013398469919632058,-0.013488631644104965
ETTh1,2023,block_dct2_b16,balanced_interval,96,-0.008523517073396684,-0.008559945671415603,-0.01154500757274034,-0.011611908381563563
ETTh1,2023,block_dct2_b16,balanced_interval,144,0.002234317248149495,0.002231823019345436,-0.006258263744602749,-0.0062778875928655165
ETTh1,2023,block_dct2_b16,balanced_interval,192,0.0038066630935306932,0.0037994269363595956,-0.0036997428122262895,-0.003706595308883509
ETTh1,2023,block_dct2_b16,balanced_interval,288,-0.0009850723492617433,-0.0009855576923814002,-0.0030657562059172323,-0.0030704604425935145
ETTh1,2023,block_dct2_b16,balanced_interval,336,-0.001948012910452569,-0.0019499115202408213,-0.002267139949657091,-0.002269711854688383
ETTh1,2023,block_dct2_b16,balanced_interval,512,-0.012541520647315696,-0.01262049532623677,-0.007970072893343057,-0.008001918471945091
ETTh1,2023,block_dct2_b16,balanced_interval,720,-0.0193302397642009,-0.019518278505953557,-0.012457655500171132,-0.012535575320358872
ETTh1,2023,block_dct2_b16,dct2,48,0.0017491059294900428,0.001747577135184697,-0.00581135383013223,-0.005828272504391441
ETTh1,2023,block_dct2_b16,dct2,96,-0.011131354749866325,-0.011193538795854163,-0.01318931589857582,-0.013276678587691437
ETTh1,2023,block_dct2_b16,dct2,144,-0.007374315380554005,-0.0074015726041467556,-0.012137406189012413,-0.012211363416929188
ETTh1,2023,block_dct2_b16,dct2,192,-0.0032737167562027327,-0.0032790812192160512,-0.007820635395520654,-0.00785129644201854
ETTh1,2023,block_dct2_b16,dct2,288,-0.0077458022568189094,-0.007775878588073715,-0.0071261062396048985,-0.007151557354538651
ETTh1,2023,block_dct2_b16,dct2,336,-0.008670876295495712,-0.008708577231296477,-0.006421098757273508,-0.006441758207016646
ETTh1,2023,block_dct2_b16,dct2,512,-0.016655632843809585,-0.016795111187226874,-0.01015419612533469,-0.010205924914644449
ETTh1,2023,block_dct2_b16,dct2,720,-0.022057210706723222,-0.02230226943275837,-0.013189808536445642,-0.013277177766279014
ETTh1,2023,block_dct2_b16,pca_fit,48,0.009271436690912266,0.009228589442518254,-0.006578174405473621,-0.006599858115060364
ETTh1,2023,block_dct2_b16,pca_fit,96,-0.010465222743171715,-0.01052017471428246,-0.014852491839519574,-0.014963338198083598
ETTh1,2023,block_dct2_b16,pca_fit,144,-0.011748602895189149,-0.01181788880185719,-0.016112804369173558,-0.01624331562672454
ETTh1,2023,block_dct2_b16,pca_fit,192,-0.015121428259289197,-0.01523633551227066,-0.015522018953077494,-0.015643111210112526
ETTh1,2023,block_dct2_b16,pca_fit,288,-0.025039905001745532,-0.025356036542474536,-0.017861920159280526,-0.018022398313909838
ETTh1,2023,block_dct2_b16,pca_fit,336,-0.02827273172774322,-0.028676198804088227,-0.018246232310491325,-0.01841371188024965
ETTh1,2023,block_dct2_b16,pca_fit,512,-0.03492268476609417,-0.03553964271480381,-0.020649971230343175,-0.02086465709208296
ETTh1,2023,block_dct2_b16,pca_fit,720,-0.03478295937631898,-0.035394961642642775,-0.01986415087904952,-0.020062755984993963
ETTh1,2023,block_dct2_b32,balanced_interval,48,-0.022041671733582,-0.022286384028673112,-0.017777489773514128,-0.017936449918480646
ETTh1,2023,block_dct2_b32,balanced_interval,96,-0.02113716466859613,-0.02136213682895427,-0.016083210653059034,-0.016213241655541166
ETTh1,2023,block_dct2_b32,balanced_interval,144,-0.0029738267441512378,-0.002978252953409033,-0.009027734310649462,-0.009068607208006618
ETTh1,2023,block_dct2_b32,balanced_interval,192,-0.003678068020793657,-0.003684840413537893,-0.007879594073847772,-0.007910719774150365
ETTh1,2023,block_dct2_b32,balanced_interval,288,-0.004259073791900607,-0.004268156536798795,-0.006126514918920559,-0.006145320395843257
ETTh1,2023,block_dct2_b32,balanced_interval,336,-0.0037852483154148693,-0.003792421415619085,-0.00503487487440549,-0.005047571156025832
ETTh1,2023,block_dct2_b32,balanced_interval,512,-0.010951414035921595,-0.011011600278111322,-0.009345430144444939,-0.009389235028895104
ETTh1,2023,block_dct2_b32,balanced_interval,720,-0.01491884336176887,-0.015030684794850036,-0.011562744241667394,-0.011629851166187422
ETTh1,2023,block_dct2_b32,dct2,48,-0.009972389782614185,-0.010022279764473563,-0.010190373684014327,-0.010242472359866195
ETTh1,2023,block_dct2_b32,dct2,96,-0.023745002345065835,-0.02402915956038365,-0.017727518978894647,-0.0178855840961194
ETTh1,2023,block_dct2_b32,dct2,144,-0.012582459372854711,-0.012661951567347174,-0.014906876755059155,-0.015018538394522718
ETTh1,2023,block_dct2_b32,dct2,192,-0.010758447870527115,-0.010816528068209763,-0.012000486657142121,-0.012072781398405397
ETTh1,2023,block_dct2_b32,dct2,288,-0.011019803699457764,-0.011080745385663837,-0.010186864952608135,-0.01023892769659418
ETTh1,2023,block_dct2_b32,dct2,336,-0.010508111700458057,-0.010563515800313006,-0.009188833682021887,-0.009231180621185109
ETTh1,2023,block_dct2_b32,dct2,512,-0.015065526232415511,-0.015179583329655522,-0.011529553376436548,-0.011596274853350463
ETTh1,2023,block_dct2_b32,dct2,720,-0.017645814304291213,-0.017802421483120723,-0.012294897277941981,-0.012370790240602947
ETTh1,2023,block_dct2_b32,pca_fit,48,-0.0024500590211920478,-0.002453062868495781,-0.010957194259355695,-0.011017444167944923
ETTh1,2023,block_dct2_b32,pca_fit,96,-0.023078870338371194,-0.023347248108149365,-0.01939069491983833,-0.01957991550527427
ETTh1,2023,block_dct2_b32,pca_fit,144,-0.01695674688748993,-0.017101328575615193,-0.018882274935220385,-0.019061672454041778
ETTh1,2023,block_dct2_b32,pca_fit,192,-0.022606159373613474,-0.022863614961565526,-0.01970187021469899,-0.019897232954230404
ETTh1,2023,block_dct2_b32,pca_fit,288,-0.028313906444384362,-0.02871855512708832,-0.02092267887228379,-0.021143092649485773
ETTh1,2023,block_dct2_b32,pca_fit,336,-0.030109967132705525,-0.03056785631475245,-0.021013967235239756,-0.0212363153857682
ETTh1,2023,block_dct2_b32,pca_fit,512,-0.033332578154700074,-0.03389433273837028,-0.02202532848144497,-0.022269676681069273
ETTh1,2023,block_dct2_b32,pca_fit,720,-0.03037156297388698,-0.03083748384520235,-0.018969239620545905,-0.019150298685334244
ETTh1,2023,block_dct2_b48,balanced_interval,48,0.006778751142878052,0.0067558272370812356,-0.0006261503273310897,-0.000626346400368849
ETTh1,2023,block_dct2_b48,balanced_interval,96,0.0006860968687998327,0.0006858615581615268,-0.0034554755856710225,-0.003461452623952921
ETTh1,2023,block_dct2_b48,balanced_interval,144,0.0017055215148914454,0.0017040679395580183,-0.004134419650066604,-0.004142978153738541
ETTh1,2023,block_dct2_b48,balanced_interval,192,0.003109514504795449,0.0031046849716989122,-0.0032749091170080455,-0.0032802774905824617
ETTh1,2023,block_dct2_b48,balanced_interval,288,0.0077404450347195106,0.007710564934845454,-0.0005547673137908923,-0.0005549212256374947
ETTh1,2023,block_dct2_b48,balanced_interval,336,0.005311578115396491,0.005297496627031939,-0.0010006779489843925,-0.0010011787942107997
ETTh1,2023,block_dct2_b48,balanced_interval,512,-0.005168678907453233,-0.005182059571796849,-0.006019831696198197,-0.006037987295958613
ETTh1,2023,block_dct2_b48,balanced_interval,720,-0.010997910955717956,-0.011058610296304616,-0.009295303916647069,-0.009338639422257433
ETTh1,2023,block_dct2_b48,dct2,48,0.0188480330938459,0.018671519634908873,0.006960965762168676,0.006936794357955689
ETTh1,2023,block_dct2_b48,dct2,96,-0.0019217408076698216,-0.0019235885349637716,-0.005099783911506579,-0.005112809943380814
ETTh1,2023,block_dct2_b48,dct2,144,-0.007903111113812169,-0.007934423129543067,-0.010013562094476267,-0.010063865572849773
ETTh1,2023,block_dct2_b48,dct2,192,-0.003970865344938026,-0.003978759676382282,-0.007395801700302431,-0.007423218188991942
ETTh1,2023,block_dct2_b48,dct2,288,0.0009797151271623643,0.0009792353629873851,-0.004615117347478518,-0.004625783403598316
ETTh1,2023,block_dct2_b48,dct2,336,-0.0014112852696466617,-0.0014122816013504291,-0.00515463675660091,-0.005167944752783704
ETTh1,2023,block_dct2_b48,dct2,512,-0.00928279110394719,-0.009326009835927573,-0.008203954928189733,-0.008237699583174996
ETTh1,2023,block_dct2_b48,dct2,720,-0.013724881898240292,-0.013819500470493296,-0.01002745695292162,-0.010077900364788173
ETTh1,2023,block_dct2_b48,pca_fit,48,0.02637036385526786,0.026025702075137325,0.006194145186827286,0.006175001017179715
ETTh1,2023,block_dct2_b48,pca_fit,96,-0.001255608800975268,-0.0012563974077317575,-0.006762959852450284,-0.0067858803063363116
ETTh1,2023,block_dct2_b48,pca_fit,144,-0.01227739862844731,-0.01235307527398044,-0.013988960274637417,-0.014087263631811675
ETTh1,2023,block_dct2_b48,pca_fit,192,-0.015818576848024443,-0.015944352858777044,-0.015097185257859325,-0.015211723434673807
ETTh1,2023,block_dct2_b48,pca_fit,288,-0.01631438761776437,-0.016448193904967878,-0.01535093126715405,-0.015469362044086665
ETTh1,2023,block_dct2_b48,pca_fit,336,-0.021013140701894105,-0.0212354713002485,-0.016979770309818676,-0.017124745998627677
ETTh1,2023,block_dct2_b48,pca_fit,512,-0.027549843026231646,-0.02793284911437577,-0.01869973003319816,-0.01887566491876913
ETTh1,2023,block_dct2_b48,pca_fit,720,-0.026450630567836086,-0.026803553301956162,-0.01670179929552545,-0.01684205409321793
ETTh1,2023,block_dct2_b96,balanced_interval,48,-0.006911419143064848,-0.0069353581193378755,-0.00673591719179961,-0.006758654505558015
ETTh1,2023,block_dct2_b96,balanced_interval,96,0.0005888133492222884,0.0005886400326609031,-0.0017454672313188218,-0.0017469914459398161
ETTh1,2023,block_dct2_b96,balanced_interval,144,0.009911118724192782,0.009862165447741655,0.0016945425602645605,0.0016931076336494932
ETTh1,2023,block_dct2_b96,balanced_interval,192,0.009178202752536663,0.009136211615574652,0.0011300220164912936,0.0011293837820414154
ETTh1,2023,block_dct2_b96,balanced_interval,288,0.0020963208286505996,0.0020941250827395397,-0.002909317418537414,-0.002913553589584117
ETTh1,2023,block_dct2_b96,balanced_interval,336,-0.0007491345600168071,-0.000749415231393824,-0.004711806405568999,-0.004722924420490049
ETTh1,2023,block_dct2_b96,balanced_interval,512,-0.008575974838689495,-0.008612853860039849,-0.009448635800506045,-0.00949341508301016
ETTh1,2023,block_dct2_b96,balanced_interval,720,-0.015232153249708483,-0.015348753769433898,-0.01320956351367958,-0.013297195231579018
ETTh1,2023,block_dct2_b96,dct2,48,0.005157862807903027,0.005144583873647135,0.0008511988977002545,0.0008508367306845344
ETTh1,2023,block_dct2_b96,dct2,96,-0.002019024327247461,-0.002021063929302125,-0.003389775557154384,-0.0033955273435704036
ETTh1,2023,block_dct2_b96,dct2,144,0.0003024860954893795,0.0003024403511828755,-0.0041845998841451475,-0.0041933675476957255
ETTh1,2023,block_dct2_b96,dct2,192,0.002097822902803155,0.0020956240102352197,-0.0029908705668031813,-0.0029953476825554937
ETTh1,2023,block_dct2_b96,dct2,288,-0.0046644090789065154,-0.004675304368376709,-0.0069696674522251225,-0.006994012109613257
ETTh1,2023,block_dct2_b96,dct2,336,-0.0074719979450600105,-0.007499982979656927,-0.008865765213185524,-0.0089051825116504
ETTh1,2023,block_dct2_b96,dct2,512,-0.012690087035183524,-0.012770947871327154,-0.011632759032497688,-0.011700682698213116
ETTh1,2023,block_dct2_b96,dct2,720,-0.017959124192230717,-0.018121359006270987,-0.01394171654995417,-0.014039355504011919
ETTh1,2023,block_dct2_b96,pca_fit,48,0.012680193569325048,0.012600138642750225,8.437832235875659e-05,8.43747626082525e-05
ETTh1,2023,block_dct2_b96,pca_fit,96,-0.0013528923205527751,-0.0013538078922117336,-0.005052951498098113,-0.005065739186970619
ETTh1,2023,block_dct2_b96,pca_fit,144,-0.00407180141914593,-0.004080102465457758,-0.00815999806430637,-0.008193381589899573
ETTh1,2023,block_dct2_b96,pca_fit,192,-0.009749888600283235,-0.009797573612664534,-0.010692254124359975,-0.010749620549983296
ETTh1,2023,block_dct2_b96,pca_fit,288,-0.02195851182383312,-0.022201374319988698,-0.017705481371900665,-0.017863152580821495
ETTh1,2023,block_dct2_b96,pca_fit,336,-0.027073853377307475,-0.027443680147326566,-0.020690898766403336,-0.020906439422166745
ETTh1,2023,block_dct2_b96,pca_fit,512,-0.030957138957468,-0.03144129428991094,-0.022128534137506112,-0.02237518613821532
ETTh1,2023,block_dct2_b96,pca_fit,720,-0.030684872861826494,-0.031160506022128498,-0.020616058892557985,-0.0208300377720132
ETTh1,2023,block_dct2_b144,balanced_interval,48,-0.005678709229893906,-0.005694863663453509,-0.01060131691853688,-0.010657709982812236
ETTh1,2023,block_dct2_b144,balanced_interval,96,0.0010197564503937624,0.0010192366754809834,-0.0058013772121089675,-0.005818237789976033
ETTh1,2023,block_dct2_b144,balanced_interval,144,0.009123509312174602,0.009082016384009406,-1.3917597739173658e-05,-1.3917694589471452e-05
ETTh1,2023,block_dct2_b144,balanced_interval,192,0.007661360355446583,0.007632086939964866,-0.0016968288842382968,-0.0016982693129745652
ETTh1,2023,block_dct2_b144,balanced_interval,288,0.0038388561415063837,0.0038314971529799235,-0.0029752511913400674,-0.002979681643979326
ETTh1,2023,block_dct2_b144,balanced_interval,336,0.0015659175587096656,0.0015646921495227062,-0.004348060116096268,-0.004357526644855447
ETTh1,2023,block_dct2_b144,balanced_interval,512,-0.003479878875926064,-0.0034859406838345652,-0.007880474898906711,-0.007911607567560486
ETTh1,2023,block_dct2_b144,balanced_interval,720,-0.006069144367232219,-0.006087598939505057,-0.008835072784847969,-0.00887421723683901
ETTh1,2023,block_dct2_b144,dct2,48,0.0063905727210739555,0.006370196439697162,-0.0030142008290369687,-0.0030187481000039096
ETTh1,2023,block_dct2_b144,dct2,96,-0.0015880812260759868,-0.001589342894855461,-0.007445685537944467,-0.007473473578700318
ETTh1,2023,block_dct2_b144,dct2,144,-0.000485123316528846,-0.0004852410078757252,-0.005893060042148769,-0.005910458279975606
ETTh1,2023,block_dct2_b144,dct2,192,0.0005809805057131774,0.0005808117692183146,-0.005817721467532732,-0.005834677274509703
ETTh1,2023,block_dct2_b144,dct2,288,-0.002921873766050767,-0.0029261465997498792,-0.0070356012250276856,-0.007060409212902963
ETTh1,2023,block_dct2_b144,dct2,336,-0.005156945826333583,-0.005170265758341008,-0.008502018923712712,-0.008538263731799889
ETTh1,2023,block_dct2_b144,dct2,512,-0.007593991072420088,-0.007622898550670776,-0.01006459813089831,-0.010115416544549172
ETTh1,2023,block_dct2_b144,dct2,720,-0.008796115309754547,-0.008834914810215144,-0.00956722582112252,-0.009613138026749901
ETTh1,2023,block_dct2_b144,pca_fit,48,0.013912903482495917,0.013816566334833857,-0.003781021404378358,-0.0037881784833218024
ETTh1,2023,block_dct2_b144,pca_fit,96,-0.0009219492193813235,-0.000922374345200927,-0.009108861478888213,-0.009150473407409487
ETTh1,2023,block_dct2_b144,pca_fit,144,-0.004859410831164102,-0.004871236916152544,-0.009868458222309938,-0.009917312027820424
ETTh1,2023,block_dct2_b144,pca_fit,192,-0.011266730997373334,-0.011330439648992607,-0.013519105025089549,-0.01361090132692322
ETTh1,2023,block_dct2_b144,pca_fit,288,-0.02021597651097742,-0.02042170334846327,-0.017771415144703245,-0.017930266351175783
ETTh1,2023,block_dct2_b144,pca_fit,336,-0.02475880125858107,-0.02506784563019604,-0.020327152476930566,-0.0205351560235012
ETTh1,2023,block_dct2_b144,pca_fit,512,-0.025861042994704604,-0.026198341117205315,-0.020560373235906728,-0.020773193763743203
ETTh1,2023,block_dct2_b144,pca_fit,720,-0.02152186397935032,-0.02175512972622462,-0.016241568163726433,-0.016374179397310673
ETTh1,2023,block_pca_fit_b16,balanced_interval,48,-0.01244116680309866,-0.012518880065624183,-0.01604885258398392,-0.01617832713059042
ETTh1,2023,block_pca_fit_b16,balanced_interval,96,-0.012449484035206536,-0.012527301455184547,-0.015002617506175212,-0.01511572168391151
ETTh1,2023,block_pca_fit_b16,balanced_interval,144,-0.0034052357297223376,-0.0034110401314919603,-0.009663258593109354,-0.009710098630652197
ETTh1,2023,block_pca_fit_b16,balanced_interval,192,-0.0033814719042843605,-0.0033871955300122103,-0.008272740064684913,-0.008307053736200443
ETTh1,2023,block_pca_fit_b16,balanced_interval,288,-0.0053671273449115015,-0.005381556175119817,-0.006117463300921118,-0.00613621319396862
ETTh1,2023,block_pca_fit_b16,balanced_interval,336,-0.006165379227665302,-0.0061844242980853,-0.0056771656334326775,-0.005693311277619184
ETTh1,2023,block_pca_fit_b16,balanced_interval,512,-0.017046928256751373,-0.017193056302107657,-0.011084578709064312,-0.011146240271852292
ETTh1,2023,block_pca_fit_b16,balanced_interval,720,-0.021646354064630887,-0.02188233602725731,-0.014380765069784165,-0.014484665731340218
ETTh1,2023,block_pca_fit_b16,dct2,48,-0.0003718848521307971,-0.0003719540098749974,-0.008461736494484067,-0.00849763817882021
ETTh1,2023,block_pca_fit_b16,dct2,96,-0.015057321711676157,-0.015171254301877823,-0.016646925832010814,-0.01678625797873945
ETTh1,2023,block_pca_fit_b16,dct2,144,-0.013013868358425771,-0.013098917281289868,-0.015542401037519077,-0.01566381234473302
ETTh1,2023,block_pca_fit_b16,dct2,192,-0.010461851754017815,-0.010516768267475163,-0.012393632647979349,-0.012470751979990924
ETTh1,2023,block_pca_fit_b16,dct2,288,-0.012127857252468606,-0.012201697920998678,-0.010177813334608803,-0.010229783441117801
ETTh1,2023,block_pca_fit_b16,dct2,336,-0.012888242612708468,-0.01297165396826272,-0.00983112444104917,-0.00987960869961002
ETTh1,2023,block_pca_fit_b16,dct2,512,-0.021161040453245284,-0.021386522942499653,-0.013268701941056029,-0.013357121806134353
ETTh1,2023,block_pca_fit_b16,dct2,720,-0.024373325007153186,-0.02467278246822846,-0.015112918106058689,-0.015227695732253244
ETTh1,2023,block_pca_fit_b16,pca_fit,48,0.007150445909291269,0.007124942294550407,-0.009228557069825519,-0.009271271499023959
ETTh1,2023,block_pca_fit_b16,pca_fit,96,-0.014391189704981596,-0.01449524141901759,-0.01831010177295457,-0.018478759493848695
ETTh1,2023,block_pca_fit_b16,pca_fit,144,-0.017388155873060956,-0.0175402098898636,-0.01951779921768016,-0.01970951673078991
ETTh1,2023,block_pca_fit_b16,pca_fit,192,-0.022309563257104315,-0.022560282571477464,-0.020095016205536213,-0.020298280292343263
ETTh1,2023,block_pca_fit_b16,pca_fit,288,-0.029421959997395213,-0.029859062131873282,-0.0209136272542843,-0.021133849694120244
ETTh1,2023,block_pca_fit_b16,pca_fit,336,-0.032490098044955944,-0.03302366413944746,-0.021656257994266934,-0.021892456728126897
ETTh1,2023,block_pca_fit_b16,pca_fit,512,-0.03942809237552986,-0.040215696755878216,-0.023764477046064336,-0.024049102416269896
ETTh1,2023,block_pca_fit_b16,pca_fit,720,-0.03709907367674886,-0.037795833994022754,-0.021787260448662502,-0.022026335917146422
ETTh1,2023,block_pca_fit_b32,balanced_interval,48,-0.003504409569723141,-0.0035105571921039136,-0.009509051410791803,-0.00955440608614766
ETTh1,2023,block_pca_fit_b32,balanced_interval,96,-0.008990934228358002,-0.009031474083478708,-0.007671753978073509,-0.00770125728172677
ETTh1,2023,block_pca_fit_b32,balanced_interval,144,0.004907995749801208,0.004895971218820128,-0.0031364862166983793,-0.0031414101361815217
ETTh1,2023,block_pca_fit_b32,balanced_interval,192,-7.638812738200413e-05,-7.639104502921157e-05,-0.004179525167986374,-0.004188271564317336
ETTh1,2023,block_pca_fit_b32,balanced_interval,288,-0.0004933914156122273,-0.0004935131531773607,-0.002367845163535604,-0.0023706507228344886
ETTh1,2023,block_pca_fit_b32,balanced_interval,336,9.94744995723828e-06,9.947400481546964e-06,-0.0016549983793726364,-0.0016563686450152826
ETTh1,2023,block_pca_fit_b32,balanced_interval,512,-0.006858481174972709,-0.006882054418386296,-0.005613614349743832,-0.005629400207527002
ETTh1,2023,block_pca_fit_b32,balanced_interval,720,-0.009636221957268891,-0.00968279983544651,-0.0071223965897591395,-0.007147821181849201
ETTh1,2023,block_pca_fit_b32,dct2,48,0.008564872381244697,0.008528298353568498,-0.001921935321291915,-0.0019237834227689987
ETTh1,2023,block_pca_fit_b32,dct2,96,-0.011598771904827691,-0.011666298482259974,-0.009316062303909054,-0.009359591882081908
ETTh1,2023,block_pca_fit_b32,dct2,144,-0.004700636878902247,-0.004711702203666679,-0.009015628661108062,-0.009056391851022028
ETTh1,2023,block_pca_fit_b32,dct2,192,-0.007156767977115483,-0.0071824388446612986,-0.008300417751280863,-0.008334961729038914
ETTh1,2023,block_pca_fit_b32,dct2,288,-0.007254121323169366,-0.007280496198197817,-0.006428195197223266,-0.006448900385858769
ETTh1,2023,block_pca_fit_b32,dct2,336,-0.006712915935085997,-0.006735498057611755,-0.005808957186989078,-0.005825861895847773
ETTh1,2023,block_pca_fit_b32,dct2,512,-0.01097259337146669,-0.011033013058787011,-0.007797737581735461,-0.007828219114920598
ETTh1,2023,block_pca_fit_b32,dct2,720,-0.012363192899791178,-0.012439933094314792,-0.007854549626033784,-0.007885477522818318
ETTh1,2023,block_pca_fit_b32,pca_fit,48,0.016087203142666835,0.015958495198073686,-0.0026887558966333337,-0.002692373842633655
ETTh1,2023,block_pca_fit_b32,pca_fit,96,-0.010932639898133093,-0.010992619585195484,-0.010979238244852882,-0.011039731267468822
ETTh1,2023,block_pca_fit_b32,pca_fit,144,-0.009074924393537423,-0.009116226362787527,-0.012991026841269218,-0.013075776829271968
ETTh1,2023,block_pca_fit_b32,pca_fit,192,-0.01900447948020193,-0.01918621403165055,-0.016001801308837632,-0.01613051576932456
ETTh1,2023,block_pca_fit_b32,pca_fit,288,-0.02454822406809603,-0.024852012448776772,-0.01716400911689883,-0.01731215711215217
ETTh1,2023,block_pca_fit_b32,pca_fit,336,-0.02631477136733351,-0.026664062067929484,-0.017634090740206883,-0.017790489281151345
ETTh1,2023,block_pca_fit_b32,pca_fit,512,-0.02923964529375118,-0.02967132079668855,-0.018293512686743847,-0.018461864002044415
ETTh1,2023,block_pca_fit_b32,pca_fit,720,-0.025088941569386937,-0.02540631771591495,-0.014528891968637603,-0.01463494932905629
ETTh1,2023,block_pca_fit_b48,balanced_interval,48,-0.005414347420306396,-0.005429031488888292,-0.009536232244718034,-0.009581846989730636
ETTh1,2023,block_pca_fit_b48,balanced_interval,96,0.000734396774919057,0.0007341271716101438,-0.004541726703441188,-0.004552055975822755
ETTh1,2023,block_pca_fit_b48,balanced_interval,144,0.006971260163387721,0.006947017296410785,-0.0020589135650675187,-0.002061034583016097
ETTh1,2023,block_pca_fit_b48,balanced_interval,192,0.0028443900545206046,0.0028403486098526054,-0.0036514499212417055,-0.0036581245861009304
ETTh1,2023,block_pca_fit_b48,balanced_interval,288,0.004744959374585239,0.004733719838925787,-0.0013690993777270414,-0.0013700370221407798
ETTh1,2023,block_pca_fit_b48,balanced_interval,336,0.003380837110655746,0.003375128515959669,-0.0013063992848106852,-0.0013072529960784784
ETTh1,2023,block_pca_fit_b48,balanced_interval,512,-0.0073190347973509495,-0.007345884396946056,-0.006817084182959613,-0.006840373392761778
ETTh1,2023,block_pca_fit_b48,balanced_interval,720,-0.012559497939875831,-0.012638699664765607,-0.01013543106005989,-0.0101869685123821
ETTh1,2023,block_pca_fit_b48,dct2,48,0.0066549345306614795,0.006632839494700171,-0.0019491161552182457,-0.0019510169168459601
ETTh1,2023,block_pca_fit_b48,dct2,96,-0.0018734409015506931,-0.00187519688836435,-0.00618603502927679,-0.006205208058589928
ETTh1,2023,block_pca_fit_b48,dct2,144,-0.0026373724653157033,-0.0026408533915698307,-0.00793805600947716,-0.007969645908221024
ETTh1,2023,block_pca_fit_b48,dct2,192,-0.00423598979521275,-0.004244974281570002,-0.007772342504536128,-0.007802625564468979
ETTh1,2023,block_pca_fit_b48,dct2,288,-0.0020157705329717853,-0.0020178035642046677,-0.005429449411414653,-0.005444215583836565
ETTh1,2023,block_pca_fit_b48,dct2,336,-0.0033420262743874603,-0.0033476170706578934,-0.005460358092427187,-0.005475293018650573
ETTh1,2023,block_pca_fit_b48,dct2,512,-0.011433146993844984,-0.011498755216681866,-0.009001207414951237,-0.009041840105336485
ETTh1,2023,block_pca_fit_b48,dct2,720,-0.015286468882398138,-0.015403904577157679,-0.01086758409633449,-0.010926850789060083
ETTh1,2023,block_pca_fit_b48,pca_fit,48,0.014177265292083494,0.014077241114196504,-0.002715936730559624,-0.0027196282279231543
ETTh1,2023,block_pca_fit_b48,pca_fit,96,-0.0012073088948561165,-0.0012080379856229673,-0.007849210970220535,-0.007880096783517532
ETTh1,2023,block_pca_fit_b48,pca_fit,144,-0.0070116599799509285,-0.007036299221451658,-0.011913454189638377,-0.011984702039884443
ETTh1,2023,block_pca_fit_b48,pca_fit,192,-0.016083701298299193,-0.016213740255853315,-0.015473726062092928,-0.015594064052387724
ETTh1,2023,block_pca_fit_b48,pca_fit,288,-0.01930987327789837,-0.019497514712342623,-0.016165263331090276,-0.016296628094463195
ETTh1,2023,block_pca_fit_b48,pca_fit,336,-0.02294388170663498,-0.023209117186598016,-0.017285491645644982,-0.017435750272575268
ETTh1,2023,block_pca_fit_b48,pca_fit,512,-0.029700198916129485,-0.030145648871713115,-0.01949698251995967,-0.01968828996695393
ETTh1,2023,block_pca_fit_b48,pca_fit,720,-0.028012217551993856,-0.028408248975923645,-0.01754192643893831,-0.017696689654423947
ETTh1,2023,block_pca_fit_b96,balanced_interval,48,-0.002769202885299335,-0.0027730406693258214,-0.003840660668149644,-0.0038480454564622235
ETTh1,2023,block_pca_fit_b96,balanced_interval,96,0.00811642927633917,0.00808357999726872,0.0042794001690006,0.004270256583767451
ETTh1,2023,block_pca_fit_b96,balanced_interval,144,0.014000446135839586,0.01390289567049574,0.0049182297007627825,0.004906155012541991
ETTh1,2023,block_pca_fit_b96,balanced_interval,192,0.013220966280435259,0.013133953193546377,0.0034923722562722245,0.003486281017305193
ETTh1,2023,block_pca_fit_b96,balanced_interval,288,0.006913448084631653,0.006889605179624891,-0.0006498169153632344,-0.0006500280921146739
ETTh1,2023,block_pca_fit_b96,balanced_interval,336,0.004361618747958576,0.004352120702875495,-0.0016642567151719002,-0.0016656423589611613
ETTh1,2023,block_pca_fit_b96,balanced_interval,512,-0.0022627136638084635,-0.0022652755322645213,-0.005604070404791619,-0.005619802581688704
ETTh1,2023,block_pca_fit_b96,balanced_interval,720,-0.008991822706147078,-0.009032370585930316,-0.009308620633363853,-0.00935208058848569
ETTh1,2023,block_pca_fit_b96,dct2,48,0.00930007906566851,0.009256967082153844,0.003746455421350111,0.0037394462131987716
ETTh1,2023,block_pca_fit_b96,dct2,96,0.00550859159986937,0.005493447130155871,0.002635091843164868,0.0026316230361977944
ETTh1,2023,block_pca_fit_b96,dct2,144,0.00439181350713603,0.004382183596943201,-0.0009609127436469863,-0.0009613745682099939
ETTh1,2023,block_pca_fit_b96,dct2,192,0.006140586430701797,0.006121771560988698,-0.0006285203270222367,-0.0006287178873110033
ETTh1,2023,block_pca_fit_b96,dct2,288,0.00015271817707440794,0.0001527065162472141,-0.0047101669490508405,-0.0047212772222930965
ETTh1,2023,block_pca_fit_b96,dct2,336,-0.0023612446370845524,-0.0023640345706756882,-0.005818215522788458,-0.005835174212541094
ETTh1,2023,block_pca_fit_b96,dct2,512,-0.006376825860302491,-0.006397201101091543,-0.007788193636783274,-0.007818600503775919
ETTh1,2023,block_pca_fit_b96,dct2,720,-0.011718793648669415,-0.011787727722518682,-0.010040773669638398,-0.01009135137561068
ETTh1,2023,block_pca_fit_b96,pca_fit,48,0.016822409827090597,0.01668170320389828,0.0029796348460086938,0.0029752001397961303
ETTh1,2023,block_pca_fit_b96,pca_fit,96,0.0061747236065640854,0.006155699177758822,0.0009719159022211829,0.0009714437449388491
ETTh1,2023,block_pca_fit_b96,pca_fit,144,1.7525992500865994e-05,1.7525838921561565e-05,-0.004936310923808223,-0.004948514578658525
ETTh1,2023,block_pca_fit_b96,pca_fit,192,-0.005707125072384731,-0.005723441736326329,-0.008329903884579076,-0.008364694066473222
ETTh1,2023,block_pca_fit_b96,pca_fit,288,-0.017141384567852146,-0.01728914114372171,-0.01544598086872641,-0.015565886589594902
ETTh1,2023,block_pca_fit_b96,pca_fit,336,-0.021963100069332053,-0.022206064441603113,-0.017643349076006256,-0.0177999123708954
ETTh1,2023,block_pca_fit_b96,pca_fit,512,-0.024643877782586962,-0.0249500480392304,-0.01828396874179164,-0.01845214390446248
ETTh1,2023,block_pca_fit_b96,pca_fit,720,-0.02444454231826513,-0.024745759507148968,-0.016715116012242206,-0.01685559518095925
ETTh1,2023,block_pca_fit_b144,balanced_interval,48,-0.022938331261424236,-0.023203437936215154,-0.013438698044515467,-0.013529403211423041
ETTh1,2023,block_pca_fit_b144,balanced_interval,96,-0.023362415894332404,-0.02363745481402213,-0.012056608164746793,-0.012129582042557097
ETTh1,2023,block_pca_fit_b144,balanced_interval,144,-0.010578703451077543,-0.010634855765982554,-0.005037911452075414,-0.005050623065671278
ETTh1,2023,block_pca_fit_b144,balanced_interval,192,-0.007971080672056421,-0.00800293431533361,-0.006316389309242672,-0.006336379763195232
ETTh1,2023,block_pca_fit_b144,balanced_interval,288,-0.008248941784034779,-0.008283058047483305,-0.0070486170222676305,-0.007073516992301743
ETTh1,2023,block_pca_fit_b144,balanced_interval,336,-0.008413693100846211,-0.008449187693678528,-0.00750521561789325,-0.007533450340321712
ETTh1,2023,block_pca_fit_b144,balanced_interval,512,-0.011562845513296612,-0.011629953615595712,-0.010528934045349296,-0.01058455832145011
ETTh1,2023,block_pca_fit_b144,balanced_interval,720,-0.013458364211766155,-0.013549335646176663,-0.011485403654041673,-0.011551614144526212
ETTh1,2023,block_pca_fit_b144,dct2,48,-0.010869049310456421,-0.01092833201444332,-0.005851581955015593,-0.005868735903626909
ETTh1,2023,block_pca_fit_b144,dct2,96,-0.025970253570802057,-0.026310418949159864,-0.01370091649058223,-0.013795204164009478
ETTh1,2023,block_pca_fit_b144,dct2,144,-0.020187336079781078,-0.020392478449386298,-0.010917053896485064,-0.010976862375356777
ETTh1,2023,block_pca_fit_b144,dct2,192,-0.015051460521789798,-0.01516530420782658,-0.010437281892537035,-0.010491940315465742
ETTh1,2023,block_pca_fit_b144,dct2,288,-0.015009671691591965,-0.015122882523688652,-0.011108967055955347,-0.01117090075783067
ETTh1,2023,block_pca_fit_b144,dct2,336,-0.015136556485889347,-0.015251694353782819,-0.011659174425509797,-0.011727407522329036
ETTh1,2023,block_pca_fit_b144,dct2,512,-0.015676957709790596,-0.01580048588243077,-0.012713057277340947,-0.01279421173243711
ETTh1,2023,block_pca_fit_b144,dct2,720,-0.016185335154288417,-0.016317027225422498,-0.012217556690316283,-0.012292495916494284
ETTh1,2023,block_pca_fit_b144,pca_fit,48,-0.0033467185490342714,-0.0033523250642890634,-0.006618402530357075,-0.006640352554362572
ETTh1,2023,block_pca_fit_b144,pca_fit,96,-0.025304121564107458,-0.02562698838305244,-0.015364092431525988,-0.01548272689122343
ETTh1,2023,block_pca_fit_b144,pca_fit,144,-0.024561623594416254,-0.024865745072296885,-0.014892452076646192,-0.015003897184120651
ETTh1,2023,block_pca_fit_b144,pca_fit,192,-0.02689917202487622,-0.02726422057030864,-0.01813866545009391,-0.01830417020630959
ETTh1,2023,block_pca_fit_b144,pca_fit,288,-0.03230377443651853,-0.032831205373106354,-0.021844780975630876,-0.022085125101340086
ETTh1,2023,block_pca_fit_b144,pca_fit,336,-0.03473841191813692,-0.03534883845623016,-0.023484307978727567,-0.02376223572180236
ETTh1,2023,block_pca_fit_b144,pca_fit,512,-0.03394400963207503,-0.034526681576978024,-0.023208832382349314,-0.023480253050822908
ETTh1,2023,block_pca_fit_b144,pca_fit,720,-0.028911083823884187,-0.029333066045829748,-0.01889189903292008,-0.01907148005033399
ETTh2,2021,block_dct2_b16,balanced_interval,48,-0.020858268972950705,-0.021077323043813045,-0.00817776026633695,-0.008211289483470496
ETTh2,2021,block_dct2_b16,balanced_interval,96,-0.01509702748686342,-0.01521156326372175,-0.011822859764895631,-0.011893026020685538
ETTh2,2021,block_dct2_b16,balanced_interval,144,-0.0061344031028331275,-0.006153257086476183,-0.00844176252342469,-0.008477494677355368
ETTh2,2021,block_dct2_b16,balanced_interval,192,-0.015927523184446502,-0.016055042303525058,-0.01040015897632487,-0.010454428604108834
ETTh2,2021,block_dct2_b16,balanced_interval,288,-0.01878186031113836,-0.01895934889676254,-0.008123421824909494,-0.008156506341799208
ETTh2,2021,block_dct2_b16,balanced_interval,336,-0.01647448569632298,-0.016610938334954195,-0.006097640954132029,-0.006116269410700426
ETTh2,2021,block_dct2_b16,balanced_interval,512,-0.02708868610761257,-0.027458920055362324,-0.009660555908547055,-0.009707369706444036
ETTh2,2021,block_dct2_b16,balanced_interval,720,-0.021190257810315423,-0.0214163655932067,-0.01055695034575949,-0.010612871558640213
ETTh2,2021,block_dct2_b16,dct2,48,-0.08704556639938225,-0.09094638908460029,-0.03257787860285164,-0.0331143475130653
ETTh2,2021,block_dct2_b16,dct2,96,-0.0557144792131595,-0.057295760718490074,-0.02811023609084669,-0.028509056990278836
ETTh2,2021,block_dct2_b16,dct2,144,-0.02666187728016414,-0.027020485089054525,-0.01847223510237944,-0.01864390223328316
ETTh2,2021,block_dct2_b16,dct2,192,-0.019654664797120434,-0.019849089415788335,-0.013887136195316766,-0.013984010386764112
ETTh2,2021,block_dct2_b16,dct2,288,-0.014559732887445626,-0.014666242085694448,-0.00792697351666235,-0.00795847515376269
ETTh2,2021,block_dct2_b16,dct2,336,-0.012039641256914297,-0.012112409478907127,-0.006032927499400345,-0.006051162257722398
ETTh2,2021,block_dct2_b16,dct2,512,-0.02617522394019005,-0.026520803735425647,-0.01140389383135654,-0.011469166112028306
ETTh2,2021,block_dct2_b16,dct2,720,-0.022243574485918353,-0.022492807301296658,-0.012413178284062892,-0.012490541558253687
ETTh2,2021,block_dct2_b16,pca_fit,48,-0.08670895814452631,-0.09057922932239948,-0.03864453273441624,-0.03940094496284452
ETTh2,2021,block_dct2_b16,pca_fit,96,-0.07377728707649958,-0.07656701340791239,-0.036896780719575195,-0.03758591643895892
ETTh2,2021,block_dct2_b16,pca_fit,144,-0.058410827759736224,-0.06015044548923809,-0.031069509813129684,-0.03155720474307144
ETTh2,2021,block_dct2_b16,pca_fit,192,-0.04931249282896516,-0.05054858835174647,-0.026068756474722357,-0.026411518484967145
ETTh2,2021,block_dct2_b16,pca_fit,288,-0.026317265515381796,-0.026666622723289457,-0.016545415291357328,-0.016683048694466684
ETTh2,2021,block_dct2_b16,pca_fit,336,-0.01968406797782956,-0.019879076663718687,-0.012832903015340085,-0.01291559807585596
ETTh2,2021,block_dct2_b16,pca_fit,512,-0.024913881452548588,-0.02522682567753587,-0.013249846409167933,-0.013338014598748948
ETTh2,2021,block_dct2_b16,pca_fit,720,-0.015941347731252685,-0.016069088901108808,-0.010765808139317944,-0.010823967976934412
ETTh2,2021,block_dct2_b32,balanced_interval,48,0.016524438958141378,0.016388659339448997,0.011909114485857832,0.011838481651489596
ETTh2,2021,block_dct2_b32,balanced_interval,96,-0.004326290663353894,-0.004335662569127985,-0.003346386014451248,-0.003351991414997313
ETTh2,2021,block_dct2_b32,balanced_interval,144,-0.01281704119963727,-0.012899531522739593,-0.008719995220169563,-0.00875812512877916
ETTh2,2021,block_dct2_b32,balanced_interval,192,-0.036011083420740365,-0.036667336247506066,-0.01687975098904552,-0.017023018959810843
ETTh2,2021,block_dct2_b32,balanced_interval,288,-0.04042166683897661,-0.04124974212412069,-0.017431794285569607,-0.01758461469815753
ETTh2,2021,block_dct2_b32,balanced_interval,336,-0.03738269898381947,-0.03809022090193093,-0.014690455722124025,-0.01479889080303165
ETTh2,2021,block_dct2_b32,balanced_interval,512,-0.036948141185147616,-0.037639208703244664,-0.014540819000811141,-0.014647050984909482
ETTh2,2021,block_dct2_b32,balanced_interval,720,-0.022822227743950648,-0.023084647314117746,-0.01136821721326591,-0.011433080956580355
ETTh2,2021,block_dct2_b32,dct2,48,-0.04966285846829027,-0.05091672896769173,-0.012491003850656825,-0.012569342274636908
ETTh2,2021,block_dct2_b32,dct2,96,-0.04494374238965007,-0.045969014536224595,-0.01963376234040231,-0.019827772287128953
ETTh2,2021,block_dct2_b32,dct2,144,-0.033344515376968205,-0.033906674638485734,-0.01875046779912434,-0.01892736170524234
ETTh2,2021,block_dct2_b32,dct2,192,-0.039738225033414266,-0.040538351645009296,-0.020366728208037425,-0.020575545247632387
ETTh2,2021,block_dct2_b32,dct2,288,-0.036199539415283935,-0.03686272083148934,-0.017235345977322392,-0.017384731556096877
ETTh2,2021,block_dct2_b32,dct2,336,-0.03294785454441072,-0.03349664568272659,-0.014625742267392435,-0.014733221785807382
ETTh2,2021,block_dct2_b32,dct2,512,-0.0360346790177252,-0.03669179732076522,-0.016284156923620615,-0.016417466434963668
ETTh2,2021,block_dct2_b32,dct2,720,-0.023875544419553574,-0.024162847176948166,-0.013224445151569304,-0.013312274865717733
ETTh2,2021,block_dct2_b32,pca_fit,48,-0.04932625021343436,-0.05056304125199684,-0.018557657982221434,-0.018730921445608395
ETTh2,2021,block_dct2_b32,pca_fit,96,-0.06300655025299008,-0.06503381544939169,-0.028420306969130792,-0.028828017144475027
ETTh2,2021,block_dct2_b32,pca_fit,144,-0.06509346585654026,-0.06725877197789587,-0.031347742509874675,-0.03184425761788989
ETTh2,2021,block_dct2_b32,pca_fit,192,-0.069396053065259,-0.07186063878599036,-0.03254834848744305,-0.03308383997760078
ETTh2,2021,block_dct2_b32,pca_fit,288,-0.04795707204322011,-0.04912561753862099,-0.025853787752017333,-0.02619089582620382
ETTh2,2021,block_dct2_b32,pca_fit,336,-0.04059228126532605,-0.04142740950743806,-0.021425717783332094,-0.021656896579686613
ETTh2,2021,block_dct2_b32,pca_fit,512,-0.03477333653008372,-0.035384998244072374,-0.018130109501431967,-0.018295457685379102
ETTh2,2021,block_dct2_b32,pca_fit,720,-0.017573317664887927,-0.01772863690258597,-0.011577075006824313,-0.011644348699890283
ETTh2,2021,block_dct2_b48,balanced_interval,48,0.05116298784442949,0.049876200718281916,0.023989216670547236,0.023703762574880827
ETTh2,2021,block_dct2_b48,balanced_interval,96,0.027262193729145675,0.026893934235180494,0.011158794617009674,0.011096766203520292
ETTh2,2021,block_dct2_b48,balanced_interval,144,0.006196502944094082,0.006177344212530578,0.0010264498827652277,0.0010259232632825466
ETTh2,2021,block_dct2_b48,balanced_interval,192,-0.006345842747497756,-0.006366020266125538,-0.0034251135072052284,-0.003430985911109685
ETTh2,2021,block_dct2_b48,balanced_interval,288,-0.01986911061183785,-0.02006781523623724,-0.005475239206852966,-0.005490255722868875
ETTh2,2021,block_dct2_b48,balanced_interval,336,-0.020582243533757014,-0.020795518621653075,-0.004470154311200919,-0.004480160354948026
ETTh2,2021,block_dct2_b48,balanced_interval,512,-0.028864847934423368,-0.02928547501618506,-0.0082365147256413,-0.008270528132898969
ETTh2,2021,block_dct2_b48,balanced_interval,720,-0.026470062512457072,-0.026823506285602372,-0.01121080192740846,-0.011273878459797881
ETTh2,2021,block_dct2_b48,dct2,48,-0.015024309582002135,-0.01513774188995054,-0.000410901665967583,-0.00041098609762113547
ETTh2,2021,block_dct2_b48,dct2,96,-0.013355257997150436,-0.013444837798133324,-0.005128581708941425,-0.005141755395261294
ETTh2,2021,block_dct2_b48,dct2,144,-0.014330971233236855,-0.014434151905364123,-0.009004022696189442,-0.009044680845896158
ETTh2,2021,block_dct2_b48,dct2,192,-0.010072984360171625,-0.010123887639545082,-0.006912090726197035,-0.006936034360366605
ETTh2,2021,block_dct2_b48,dct2,288,-0.015646983188145128,-0.015770038205108694,-0.005278790898605833,-0.005292748263811431
ETTh2,2021,block_dct2_b48,dct2,336,-0.01614739909434835,-0.016278472893063833,-0.0044054408564692385,-0.004415159076813335
ETTh2,2021,block_dct2_b48,dct2,512,-0.027951385767000885,-0.02834569096921391,-0.009979852648450823,-0.01002981745336573
ETTh2,2021,block_dct2_b48,dct2,720,-0.02752337918805995,-0.027905646425750774,-0.01306702986571185,-0.01315277657837055
ETTh2,2021,block_dct2_b48,pca_fit,48,-0.014687701327146321,-0.01479609564991291,-0.0064775557975322055,-0.006498580533872866
ETTh2,2021,block_dct2_b48,pca_fit,96,-0.03141806586049049,-0.03191682291488673,-0.01391512633766985,-0.014012392340764235
ETTh2,2021,block_dct2_b48,pca_fit,144,-0.04607992171280896,-0.04715809828147188,-0.021601297406939727,-0.021836294461889727
ETTh2,2021,block_dct2_b48,pca_fit,192,-0.03973081239201632,-0.04053063853593497,-0.01909371100560269,-0.019277161629832174
ETTh2,2021,block_dct2_b48,pca_fit,288,-0.027404515816081283,-0.027783473355636135,-0.01389723267330084,-0.013994248105683615
ETTh2,2021,block_dct2_b48,pca_fit,336,-0.023791825815263606,-0.024077109281795517,-0.011205416372409032,-0.011268432203371592
ETTh2,2021,block_dct2_b48,pca_fit,512,-0.026690043279359355,-0.027049412554594587,-0.01182580522626212,-0.011896006516890045
ETTh2,2021,block_dct2_b48,pca_fit,720,-0.021221152433394317,-0.021447922354292936,-0.011419659720966842,-0.011485112948953047
ETTh2,2021,block_dct2_b96,balanced_interval,48,0.05849986147881528,0.05682162895015708,0.024029341861348166,0.023742935861762682
ETTh2,2021,block_dct2_b96,balanced_interval,96,0.030693215494355143,0.030226961212950654,0.010178405337304231,0.01012678067042394
ETTh2,2021,block_dct2_b96,balanced_interval,144,0.01116483781470534,0.011102742323206516,-2.9314969164136003e-05,-2.93153988519812e-05
ETTh2,2021,block_dct2_b96,balanced_interval,192,-0.00909073357907068,-0.009132179794539619,-0.00729261461487793,-0.007319270486440654
ETTh2,2021,block_dct2_b96,balanced_interval,288,-0.017784585036874676,-0.01794367247130002,-0.006420990044417325,-0.006441648793864552
ETTh2,2021,block_dct2_b96,balanced_interval,336,-0.021060698525376866,-0.021284040191433373,-0.005844233822551238,-0.005861344674069624
ETTh2,2021,block_dct2_b96,balanced_interval,512,-0.02637270354229368,-0.026723540672844548,-0.007940175930981081,-0.007971782727013599
ETTh2,2021,block_dct2_b96,balanced_interval,720,-0.024304597878962563,-0.024602362070478057,-0.011353848889752697,-0.011418548463265177
ETTh2,2021,block_dct2_b96,dct2,48,-0.007687435947616216,-0.0077170601460614385,-0.00037077647516669745,-0.00037084522126007435
ETTh2,2021,block_dct2_b96,dct2,96,-0.009924236231941014,-0.009973644776426926,-0.006108970988646592,-0.006127668807336173
ETTh2,2021,block_dct2_b96,dct2,144,-0.009362636362625635,-0.009406602949719955,-0.010059787548118815,-0.010110557312408952
ETTh2,2021,block_dct2_b96,dct2,192,-0.012817875191744633,-0.012900376273306646,-0.010779591833869747,-0.010837900961778502
ETTh2,2021,block_dct2_b96,dct2,288,-0.013562457613181837,-0.01365484493534197,-0.006224541736170123,-0.006243954453604594
ETTh2,2021,block_dct2_b96,dct2,336,-0.016625854085968218,-0.016764832742666158,-0.005779520367819622,-0.005796254017618185
ETTh2,2021,block_dct2_b96,dct2,512,-0.025459241374871246,-0.025786095787440955,-0.009683513853790533,-0.0097305507790435
ETTh2,2021,block_dct2_b96,dct2,720,-0.025357914554565472,-0.02568216140979973,-0.01321007682805597,-0.013297715371730412
ETTh2,2021,block_dct2_b96,pca_fit,48,-0.007350827692760398,-0.007377911348401822,-0.006437430606731231,-0.006458195396524147
ETTh2,2021,block_dct2_b96,pca_fit,96,-0.027987044095281,-0.02838236071123479,-0.014895515617375094,-0.015007006694662817
ETTh2,2021,block_dct2_b96,pca_fit,144,-0.04111158684219768,-0.04196836901859058,-0.022657062258869102,-0.022915682995985565
ETTh2,2021,block_dct2_b96,pca_fit,192,-0.0424757032235893,-0.04339070503503217,-0.022961212113275353,-0.02322684997033475
ETTh2,2021,block_dct2_b96,pca_fit,288,-0.025319990241118025,-0.02564326385559923,-0.014842983510865122,-0.014953687638972202
ETTh2,2021,block_dct2_b96,pca_fit,336,-0.024270280806883426,-0.0245672013206768,-0.012579495883759385,-0.012658950559143234
ETTh2,2021,block_dct2_b96,pca_fit,512,-0.024197898887229643,-0.024493043863692776,-0.01152946643160192,-0.011596186900283412
ETTh2,2021,block_dct2_b96,pca_fit,720,-0.01905568779989979,-0.019238406181455003,-0.011562706683311018,-0.011629813171033732
ETTh2,2021,block_dct2_b144,balanced_interval,48,0.06665676636072479,0.06448375311717214,0.024980562591400843,0.024671130290152887
ETTh2,2021,block_dct2_b144,balanced_interval,96,0.0555437376213726,0.054029351740432996,0.018204405452510248,0.0180397061952301
ETTh2,2021,block_dct2_b144,balanced_interval,144,0.027441751466568784,0.02706864727261371,0.006360951366178078,0.006340763342728817
ETTh2,2021,block_dct2_b144,balanced_interval,192,-0.0029366689518213135,-0.00294098518817254,-0.002427451956334617,-0.0024304006032516146
ETTh2,2021,block_dct2_b144,balanced_interval,288,-0.024373754744092403,-0.024673222808068385,-0.007392288932858265,-0.007419679351724273
ETTh2,2021,block_dct2_b144,balanced_interval,336,-0.02504602963310212,-0.025362316489438763,-0.006387909821801216,-0.006408356030741302
ETTh2,2021,block_dct2_b144,balanced_interval,512,-0.025757457161428316,-0.026092047012310715,-0.006456594316357043,-0.006477483053942246
ETTh2,2021,block_dct2_b144,balanced_interval,720,-0.019958918400962606,-0.020159429385251393,-0.007249500523499471,-0.007275841767567126
ETTh2,2021,block_dct2_b144,dct2,48,0.0004694689342931673,0.000469358750996296,0.000580444254886093,0.000580275829708321
ETTh2,2021,block_dct2_b144,dct2,96,0.014926285895076306,0.014815441075558655,0.0019170291265593136,0.0019151927998413143
ETTh2,2021,block_dct2_b144,dct2,144,0.006914277289237883,0.006890428670997317,-0.0036695212127765145,-0.0036762621485555425
ETTh2,2021,block_dct2_b144,dct2,192,-0.006663810564495247,-0.006686063151662536,-0.00591442917532644,-0.005931953944194435
ETTh2,2021,block_dct2_b144,dct2,288,-0.020151627320399625,-0.02035604215045006,-0.00719584062461109,-0.007221792897886603
ETTh2,2021,block_dct2_b144,dct2,336,-0.020611185193693423,-0.020825062565940966,-0.006323196367069698,-0.006343229976440545
ETTh2,2021,block_dct2_b144,dct2,512,-0.02484399499400585,-0.025155178709091786,-0.008199932239166534,-0.00823364376460578
ETTh2,2021,block_dct2_b144,dct2,720,-0.021012235076565522,-0.021234546443958058,-0.0091057284618028,-0.009147311726687368
ETTh2,2021,block_dct2_b144,pca_fit,48,0.0008060771891490616,0.000805752396206838,-0.005486209876678548,-0.005501286684985729
ETTh2,2021,block_dct2_b144,pca_fit,96,-0.003136521968263682,-0.003141446000057835,-0.006869515502169242,-0.006893164745720437
ETTh2,2021,block_dct2_b144,pca_fit,144,-0.024834673190334153,-0.025145622458323746,-0.016266795923526842,-0.01639982056440914
ETTh2,2021,block_dct2_b144,pca_fit,192,-0.03632163859633987,-0.03698932864976845,-0.018096049454732078,-0.018260775085184866
ETTh2,2021,block_dct2_b144,pca_fit,288,-0.03190915994833588,-0.032423715621586746,-0.015814282399306125,-0.015939989947221234
ETTh2,2021,block_dct2_b144,pca_fit,336,-0.02825561191460871,-0.028658588210534353,-0.013123171883009387,-0.01320965861579948
ETTh2,2021,block_dct2_b144,pca_fit,512,-0.023582652506364286,-0.023862922086182126,-0.010045884816977916,-0.0100965141145275
ETTh2,2021,block_dct2_b144,pca_fit,720,-0.014710008321899929,-0.014818732953578717,-0.007458358317057818,-0.007486241148393802
ETTh2,2021,block_pca_fit_b16,balanced_interval,48,-0.04949220200922918,-0.05073739854234094,-0.020350387706379074,-0.0205588686674949
ETTh2,2021,block_pca_fit_b16,balanced_interval,96,-0.014750035551206379,-0.01485935414867856,-0.013423385938907028,-0.013513884060979642
ETTh2,2021,block_pca_fit_b16,balanced_interval,144,-0.006307177280213863,-0.006327109405951603,-0.009843761102887937,-0.00989237028735479
ETTh2,2021,block_pca_fit_b16,balanced_interval,192,-0.012062410182315197,-0.012135454453209515,-0.010817932511074062,-0.010876657914424381
ETTh2,2021,block_pca_fit_b16,balanced_interval,288,-0.014420882986832787,-0.014525365559397763,-0.008176633079110061,-0.008210153041223522
ETTh2,2021,block_pca_fit_b16,balanced_interval,336,-0.012904293722126332,-0.012987913417608521,-0.006196856654792675,-0.006216096893461032
ETTh2,2021,block_pca_fit_b16,balanced_interval,512,-0.027176141888248823,-0.027548781206668593,-0.011056836141011063,-0.011118188867580647
ETTh2,2021,block_pca_fit_b16,balanced_interval,720,-0.022409146268177572,-0.022662117273839044,-0.012685684979719903,-0.01276648960725546
ETTh2,2021,block_pca_fit_b16,dct2,48,-0.1156794994356607,-0.1226360089937355,-0.044750506042893747,-0.04576691483216844
ETTh2,2021,block_pca_fit_b16,dct2,96,-0.05536748727750252,-0.05692895125955899,-0.02971076226485805,-0.030156530716917596
ETTh2,2021,block_pca_fit_b16,dct2,144,-0.026834651457544923,-0.02719794303815326,-0.019874233681842633,-0.020073041128450653
ETTh2,2021,block_pca_fit_b16,dct2,192,-0.01578955179498918,-0.015914865447993476,-0.014304909730065929,-0.014407714570997321
ETTh2,2021,block_pca_fit_b16,dct2,288,-0.01019875556314,-0.01025094012564498,-0.007980184770862892,-0.00801211131541879
ETTh2,2021,block_pca_fit_b16,dct2,336,-0.008469449282717706,-0.008505416537534005,-0.006132143200061139,-0.006150983280510891
ETTh2,2021,block_pca_fit_b16,dct2,512,-0.02626267972082639,-0.026610582839449393,-0.01280017406382056,-0.012882446952857007
ETTh2,2021,block_pca_fit_b16,dct2,720,-0.023462462943780415,-0.023739871844256077,-0.014541912918023273,-0.014648160925389897
ETTh2,2021,block_pca_fit_b16,pca_fit,48,-0.11534289118080482,-0.12225818403897648,-0.05081716017445835,-0.05213050433769917
ETTh2,2021,block_pca_fit_b16,pca_fit,96,-0.0734302951408425,-0.07619351813973596,-0.038497306893586554,-0.039247929548950955
ETTh2,2021,block_pca_fit_b16,pca_fit,144,-0.05858360193711688,-0.0603336279344997,-0.032471508392592933,-0.03300446076714092
ETTh2,2021,block_pca_fit_b16,pca_fit,192,-0.045447379826833806,-0.04649593636772176,-0.026486530009471522,-0.026840415637853665
ETTh2,2021,block_pca_fit_b16,pca_fit,288,-0.021956288191076215,-0.022199101322055714,-0.016598626545557948,-0.01673714911397517
ETTh2,2021,block_pca_fit_b16,pca_fit,336,-0.016113876003632968,-0.01624440466866428,-0.01293211871600087,-0.013016100192240865
ETTh2,2021,block_pca_fit_b16,pca_fit,512,-0.025001337233184873,-0.02531649161074978,-0.01464612664163192,-0.014753906698377284
ETTh2,2021,block_pca_fit_b16,pca_fit,720,-0.017160236189114827,-0.017308318874090345,-0.012894542773278214,-0.012978035872438731
ETTh2,2021,block_pca_fit_b32,balanced_interval,48,0.023031036954230786,0.022767847007013287,0.010645715411878552,0.010589250331585975
ETTh2,2021,block_pca_fit_b32,balanced_interval,96,0.02133439414304097,0.021108425775289485,0.003101799063794308,0.003096993455039887
ETTh2,2021,block_pca_fit_b32,balanced_interval,144,0.0010634041185699796,0.0010628389047782072,-0.005089814105759637,-0.005102789213864423
ETTh2,2021,block_pca_fit_b32,balanced_interval,192,-0.01966841384992146,-0.01986311147116271,-0.01184446464510463,-0.01191488808445973
ETTh2,2021,block_pca_fit_b32,balanced_interval,288,-0.028090455107915493,-0.02848871227139793,-0.012878832122853122,-0.012962121453642172
ETTh2,2021,block_pca_fit_b32,balanced_interval,336,-0.027817078846694356,-0.028207586300863285,-0.011305202717073446,-0.011369348018622105
ETTh2,2021,block_pca_fit_b32,balanced_interval,512,-0.03193276767903812,-0.03244808909033581,-0.012791488444397352,-0.012873649479608007
ETTh2,2021,block_pca_fit_b32,balanced_interval,720,-0.019784927300449475,-0.01998194616413196,-0.01007121016229928,-0.010122095481482463
ETTh2,2021,block_pca_fit_b32,dct2,48,-0.04315626047220089,-0.044101033824764935,-0.013754402924636162,-0.013849429904499111
ETTh2,2021,block_pca_fit_b32,dct2,96,-0.019283057583255207,-0.019470176544846174,-0.013185577262156741,-0.013272890321679887
ETTh2,2021,block_pca_fit_b32,dct2,144,-0.019464070058761055,-0.019654730067948156,-0.015120286684714386,-0.015235176544944107
ETTh2,2021,block_pca_fit_b32,dct2,192,-0.023395555462595457,-0.023671378279433997,-0.015331441864096435,-0.015449571345252266
ETTh2,2021,block_pca_fit_b32,dct2,288,-0.023868327684222757,-0.024155456091414118,-0.012682383814605971,-0.012763146303369943
ETTh2,2021,block_pca_fit_b32,dct2,336,-0.02338223440728562,-0.023657741987209935,-0.011240489262341849,-0.011303900931778577
ETTh2,2021,block_pca_fit_b32,dct2,512,-0.031019305511615743,-0.03150541743411939,-0.01453482636720684,-0.014640970595114045
ETTh2,2021,block_pca_fit_b32,dct2,720,-0.020838243976052467,-0.0210568761783112,-0.011927438100602629,-0.011998853642801954
ETTh2,2021,block_pca_fit_b32,pca_fit,48,-0.04281965221734507,-0.0437496399422348,-0.01982105705620075,-0.020018798528447013
ETTh2,2021,block_pca_fit_b32,pca_fit,96,-0.03734586544659529,-0.038051985071322125,-0.021972121890885304,-0.022215286643907595
ETTh2,2021,block_pca_fit_b32,pca_fit,144,-0.05121302053833305,-0.05254708355014914,-0.027717561395464736,-0.028105266793912342
ETTh2,2021,block_pca_fit_b32,pca_fit,192,-0.05305338349444003,-0.054485935760935744,-0.02751306214350211,-0.027895041532101095
ETTh2,2021,block_pca_fit_b32,pca_fit,288,-0.03562586031215889,-0.036268064942876155,-0.021300825589300968,-0.02152930757592686
ETTh2,2021,block_pca_fit_b32,pca_fit,336,-0.031026661128200923,-0.03151300482038066,-0.01804046477828156,-0.018204176962468344
ETTh2,2021,block_pca_fit_b32,pca_fit,512,-0.029757963023974238,-0.03020515603474272,-0.016380778945018167,-0.01651567948985
ETTh2,2021,block_pca_fit_b32,pca_fit,720,-0.014536017221386808,-0.014642178885274637,-0.0102800679558577,-0.010333089386663108
ETTh2,2021,block_pca_fit_b48,balanced_interval,48,0.0499732992014203,0.048745176574935045,0.020166543732295587,0.019964559045648533
ETTh2,2021,block_pca_fit_b48,balanced_interval,96,0.019454697378345775,0.019266676026991947,0.006721786524547434,0.006699245850317448
ETTh2,2021,block_pca_fit_b48,balanced_interval,144,-0.002870978901395569,-0.002875104108170934,-0.003168735081887041,-0.0031737608299160502
ETTh2,2021,block_pca_fit_b48,balanced_interval,192,-0.012810595843814313,-0.012893003045885143,-0.006114698173047159,-0.006133431102526954
ETTh2,2021,block_pca_fit_b48,balanced_interval,288,-0.026910933301926347,-0.0272763025804601,-0.008899175295789182,-0.008938890680230571
ETTh2,2021,block_pca_fit_b48,balanced_interval,336,-0.024722890878588307,-0.025031035715274097,-0.006959491278741494,-0.00698376481598828
ETTh2,2021,block_pca_fit_b48,balanced_interval,512,-0.033641828832672124,-0.034214114705567455,-0.011601357703418908,-0.011668914450931656
ETTh2,2021,block_pca_fit_b48,balanced_interval,720,-0.030519410068198607,-0.03098990143886793,-0.01401081846892686,-0.014109429990504019
ETTh2,2021,block_pca_fit_b48,dct2,48,-0.01621399822501128,-0.016346158409743294,-0.004233574604219132,-0.0042425488410817724
ETTh2,2021,block_pca_fit_b48,dct2,96,-0.02116275434795039,-0.021388273492953358,-0.009565589801403407,-0.009611486281098536
ETTh2,2021,block_pca_fit_b48,dct2,144,-0.02339845307872655,-0.023674344490430155,-0.013199207660841747,-0.013286701729278816
ETTh2,2021,block_pca_fit_b48,dct2,192,-0.016537737456488278,-0.01667524279987087,-0.009601675392038982,-0.00964791936524434
ETTh2,2021,block_pca_fit_b48,dct2,288,-0.022688805878233572,-0.02294815455744814,-0.008702726987541938,-0.00874070580921038
ETTh2,2021,block_pca_fit_b48,dct2,336,-0.020288046439179627,-0.020495247717496445,-0.006894777824010012,-0.006918601526202162
ETTh2,2021,block_pca_fit_b48,dct2,512,-0.032728366665249656,-0.0332698305883381,-0.013344695626228326,-0.01343413347437905
ETTh2,2021,block_pca_fit_b48,dct2,720,-0.03157272674380153,-0.032076432424577916,-0.015867046407230134,-0.01599359642713516
ETTh2,2021,block_pca_fit_b48,pca_fit,48,-0.015877389970155437,-0.01600410547518183,-0.010300228735783692,-0.010353458695060214
ETTh2,2021,block_pca_fit_b48,pca_fit,96,-0.039225562211290387,-0.040005043032556475,-0.01835213443013199,-0.01852156976209729
ETTh2,2021,block_pca_fit_b48,pca_fit,144,-0.05514740355829862,-0.056696364000304866,-0.025796482371592114,-0.026132091251455103
ETTh2,2021,block_pca_fit_b48,pca_fit,192,-0.0461955654883329,-0.04727920259987295,-0.021783295671444592,-0.02202228381844651
ETTh2,2021,block_pca_fit_b48,pca_fit,288,-0.03444633850616977,-0.03504648474529537,-0.017321168762236924,-0.017472050093995106
ETTh2,2021,block_pca_fit_b48,pca_fit,336,-0.02793247316009482,-0.02832624245530857,-0.01369475333994971,-0.01378895601070984
ETTh2,2021,block_pca_fit_b48,pca_fit,512,-0.031467024177608126,-0.031967345062671626,-0.015190648204039722,-0.01530661254758181
ETTh2,2021,block_pca_fit_b48,pca_fit,720,-0.025270499989135824,-0.02559250576805283,-0.014219676262485166,-0.014321256768545343
ETTh2,2021,block_pca_fit_b96,balanced_interval,48,-0.003245707033208204,-0.003250980043619789,0.00575346115303695,0.005736941691960373
ETTh2,2021,block_pca_fit_b96,balanced_interval,96,0.023193289105084943,0.022926392163226117,0.007643094219767537,0.007613960047467727
ETTh2,2021,block_pca_fit_b96,balanced_interval,144,0.00669114550858549,0.006668809639758688,0.0012661219609334275,0.0012653207666956101
ETTh2,2021,block_pca_fit_b96,balanced_interval,192,-0.012195012255096584,-0.012269674611144366,-0.006132657176794552,-0.006151500418839495
ETTh2,2021,block_pca_fit_b96,balanced_interval,288,-0.018436282419151136,-0.018607279910083152,-0.006156674097962088,-0.00617566537029024
ETTh2,2021,block_pca_fit_b96,balanced_interval,336,-0.019606816934346186,-0.019800292983919388,-0.005082243494841434,-0.005095180000517674
ETTh2,2021,block_pca_fit_b96,balanced_interval,512,-0.023897135326170063,-0.024184960020058988,-0.006808824367468978,-0.006832057111394674
ETTh2,2021,block_pca_fit_b96,balanced_interval,720,-0.022365111561210915,-0.022617085638663603,-0.010795496800707259,-0.010853978432926903
ETTh2,2021,block_pca_fit_b96,dct2,48,-0.06943300445963979,-0.07190024626294678,-0.018646657183477817,-0.018821591718643393
ETTh2,2021,block_pca_fit_b96,dct2,96,-0.01742416262121129,-0.01757684886355504,-0.00864428210618328,-0.008681751801134396
ETTh2,2021,block_pca_fit_b96,dct2,144,-0.01383632866874549,-0.01393249367594307,-0.008764350618021293,-0.008802869989086082
ETTh2,2021,block_pca_fit_b96,dct2,192,-0.01592215386777042,-0.016049586796888837,-0.00961963439578636,-0.009666051798831399
ETTh2,2021,block_pca_fit_b96,dct2,288,-0.014214154995458354,-0.014315656445496039,-0.005960225789714955,-0.005978023276891786
ETTh2,2021,block_pca_fit_b96,dct2,336,-0.015171972494937475,-0.015287651153695458,-0.005017530040109882,-0.005030138923624916
ETTh2,2021,block_pca_fit_b96,dct2,512,-0.022983673158747667,-0.023249832973250673,-0.008552162290278482,-0.008588836503587771
ETTh2,2021,block_pca_fit_b96,dct2,720,-0.02341842823681381,-0.023694792751518978,-0.012651724739010675,-0.0127320963974904
ETTh2,2021,block_pca_fit_b96,pca_fit,48,-0.0690963962047839,-0.07153949651075098,-0.024713311315042435,-0.025021216412363323
ETTh2,2021,block_pca_fit_b96,pca_fit,96,-0.03548697048455126,-0.03612414784452267,-0.017430826734911843,-0.017583630133970463
ETTh2,2021,block_pca_fit_b96,pca_fit,144,-0.045585279148317545,-0.046640257397939644,-0.021361625328771654,-0.02159141817982424
ETTh2,2021,block_pca_fit_b96,pca_fit,192,-0.04557998189961507,-0.04663471309887912,-0.021801254675192,-0.0220406384852867
ETTh2,2021,block_pca_fit_b96,pca_fit,288,-0.02597168762339453,-0.026311890733332177,-0.014578667564409916,-0.014685454645106066
ETTh2,2021,block_pca_fit_b96,pca_fit,336,-0.022816399215852674,-0.023078684253882153,-0.011817505556049511,-0.01188760814859835
ETTh2,2021,block_pca_fit_b96,pca_fit,512,-0.02172233067110609,-0.02195997812882,-0.010398114868089852,-0.01045236312800113
ETTh2,2021,block_pca_fit_b96,pca_fit,720,-0.01711620148214822,-0.017263522986668,-0.011004354594265742,-0.01106512521352987
ETTh2,2021,block_pca_fit_b144,balanced_interval,48,0.03352211249540936,0.03296647252945728,0.016711637835026872,0.016572773044235434
ETTh2,2021,block_pca_fit_b144,balanced_interval,96,0.03629458727224872,0.03564383541720173,0.011281571743074224,0.011218173447352986
ETTh2,2021,block_pca_fit_b144,balanced_interval,144,0.022207948339370825,0.021963167231858094,0.004397850156081071,0.004388193774043536
ETTh2,2021,block_pca_fit_b144,balanced_interval,192,-0.004423787150494416,-0.004433586541682466,-0.0037887869098938444,-0.003795973436224065
ETTh2,2021,block_pca_fit_b144,balanced_interval,288,-0.011486536603272975,-0.011552760181799071,-0.0036898913620314814,-0.0036967073920548543
ETTh2,2021,block_pca_fit_b144,balanced_interval,336,-0.014269161528191505,-0.014371451967399196,-0.003110615778237616,-0.003115458763751189
ETTh2,2021,block_pca_fit_b144,balanced_interval,512,-0.018782229957691465,-0.01895972555164316,-0.004253397044899553,-0.004262455576734325
ETTh2,2021,block_pca_fit_b144,balanced_interval,720,-0.01959211930554492,-0.019785304447909935,-0.00790201067283819,-0.007933313957815047
ETTh2,2021,block_pca_fit_b144,dct2,48,-0.0326651849310222,-0.03320454887084434,-0.007688480501487837,-0.00771811276136769
ETTh2,2021,block_pca_fit_b144,dct2,96,-0.0043228644540474525,-0.004332221510829015,-0.00500580458287671,-0.005018354554801485
ETTh2,2021,block_pca_fit_b144,dct2,144,0.0016804741620397722,0.0016790629559443326,-0.005632622422873556,-0.005648515466379012
ETTh2,2021,block_pca_fit_b144,dct2,192,-0.008150928763168376,-0.008184238021979429,-0.007275764128885689,-0.007302296810191233
ETTh2,2021,block_pca_fit_b144,dct2,288,-0.007264409179580142,-0.007290859008613593,-0.00349344305378426,-0.0034995522379266397
ETTh2,2021,block_pca_fit_b144,dct2,336,-0.00983431708878282,-0.00988283289460079,-0.003045902323505948,-0.003050545797313786
ETTh2,2021,block_pca_fit_b144,dct2,512,-0.017868767790268966,-0.01802936937949906,-0.005996734967709109,-0.006014751378054184
ETTh2,2021,block_pca_fit_b144,dct2,720,-0.020645435981147743,-0.020860027226967226,-0.009758238611141532,-0.009806005468572021
ETTh2,2021,block_pca_fit_b144,pca_fit,48,-0.03232857667616631,-0.03285682221785402,-0.01375513463305237,-0.01385017174693104
ETTh2,2021,block_pca_fit_b144,pca_fit,96,-0.02238567231738742,-0.022638111635377767,-0.013792349211605232,-0.013887902455850254
ETTh2,2021,block_pca_fit_b144,pca_fit,144,-0.030068476317532258,-0.030525098101345405,-0.018229897133623944,-0.01839707604801699
ETTh2,2021,block_pca_fit_b144,pca_fit,192,-0.03780875679501304,-0.03853260158245031,-0.01945738440829135,-0.01964791303561131
ETTh2,2021,block_pca_fit_b144,pca_fit,288,-0.019021941807516353,-0.019204011550306932,-0.012111884828479271,-0.012185530735431493
ETTh2,2021,block_pca_fit_b144,pca_fit,336,-0.017478743809698098,-0.01763239093310487,-0.009845877839445646,-0.00989450796571667
ETTh2,2021,block_pca_fit_b144,pca_fit,512,-0.016607425302627484,-0.016746095176510822,-0.007842687545520465,-0.00787352197504454
ETTh2,2021,block_pca_fit_b144,pca_fit,720,-0.014343209226482159,-0.014446566619628287,-0.008110868466396606,-0.008143850671173736
ETTh2,2022,block_dct2_b16,balanced_interval,48,-0.031300982181740086,-0.031796009369880585,-0.011457047415164661,-0.011522930751997507
ETTh2,2022,block_dct2_b16,balanced_interval,96,-0.016047162801885635,-0.01617661001209547,-0.011858254632373192,-0.011928842474098422
ETTh2,2022,block_dct2_b16,balanced_interval,144,-0.0073499851605220564,-0.007377062600392836,-0.00951982310866933,-0.009565280759770145
ETTh2,2022,block_dct2_b16,balanced_interval,192,-0.02415473225000808,-0.02444882089861755,-0.01408060025933005,-0.01418019883135302
ETTh2,2022,block_dct2_b16,balanced_interval,288,-0.024459610637153947,-0.024761200819370055,-0.00847354927348037,-0.008509551408902416
ETTh2,2022,block_dct2_b16,balanced_interval,336,-0.020614489510777403,-0.020828435701207848,-0.005229137575703805,-0.005242833377601119
ETTh2,2022,block_dct2_b16,balanced_interval,512,-0.030624289836781195,-0.03109803709166381,-0.009169675483454211,-0.009211845755037418
ETTh2,2022,block_dct2_b16,balanced_interval,720,-0.027218059168683074,-0.02759185415983456,-0.013217574857876288,-0.013305313136701136
ETTh2,2022,block_dct2_b16,dct2,48,-0.09263571526935589,-0.09706201952504889,-0.0365709843553581,-0.03724792978022218
ETTh2,2022,block_dct2_b16,dct2,96,-0.04620367147307374,-0.047287691863515446,-0.02574941985286872,-0.02608380002706001
ETTh2,2022,block_dct2_b16,dct2,144,-0.025144079997877298,-0.025462858567610436,-0.019153479299307385,-0.019338083907187054
ETTh2,2022,block_dct2_b16,dct2,192,-0.02862234682999041,-0.029035902413755643,-0.01793375860701703,-0.01809553408971465
ETTh2,2022,block_dct2_b16,dct2,288,-0.02843626512966483,-0.02884443547813742,-0.012573100052928207,-0.012652473784517948
ETTh2,2022,block_dct2_b16,dct2,336,-0.024496133673201043,-0.024798628893136554,-0.009627816106344347,-0.009674312628021209
ETTh2,2022,block_dct2_b16,dct2,512,-0.03275979281174564,-0.03330230278763935,-0.012106332124193661,-0.012179910384101378
ETTh2,2022,block_dct2_b16,dct2,720,-0.02972026194945418,-0.030166316925526848,-0.01609714782052702,-0.0162274048883706
ETTh2,2022,block_dct2_b16,pca_fit,48,-0.08693671106146174,-0.09082764021010514,-0.03646873859767161,-0.03714188100134419
ETTh2,2022,block_dct2_b16,pca_fit,96,-0.07709451277557905,-0.08014415899096128,-0.03751233932285157,-0.03822480799388428
ETTh2,2022,block_dct2_b16,pca_fit,144,-0.06867031315522162,-0.07108302894780283,-0.034808297264260456,-0.035421196696525215
ETTh2,2022,block_dct2_b16,pca_fit,192,-0.06700366454497564,-0.06929939666315188,-0.03248966637391565,-0.0330232182131438
ETTh2,2022,block_dct2_b16,pca_fit,288,-0.04502400830278525,-0.04605297356376625,-0.022704721884901632,-0.022964435936664085
ETTh2,2022,block_dct2_b16,pca_fit,336,-0.03596169996752411,-0.03661614329865848,-0.018039036190574387,-0.018202722369536684
ETTh2,2022,block_dct2_b16,pca_fit,512,-0.037754649300899196,-0.03847641070601049,-0.017097070200505174,-0.017244061617865736
ETTh2,2022,block_dct2_b16,pca_fit,720,-0.028723123533123594,-0.02913961048499769,-0.016102768614098865,-0.016233116908888512
ETTh2,2022,block_dct2_b32,balanced_interval,48,0.004957601419570835,0.004945332796341018,0.003933859825985134,0.003926132335695387
ETTh2,2022,block_dct2_b32,balanced_interval,96,-0.0027576510972298412,-0.0027614569145848478,-0.003940393705112154,-0.003948167263327473
ETTh2,2022,block_dct2_b32,balanced_interval,144,-0.004966900700742021,-0.004979256199736604,-0.006087416467497817,-0.006105982440941071
ETTh2,2022,block_dct2_b32,balanced_interval,192,-0.0327238547069627,-0.033265168528480826,-0.014608634684995923,-0.014715862302095095
ETTh2,2022,block_dct2_b32,balanced_interval,288,-0.032597428044393195,-0.0331345445190272,-0.010736070958833381,-0.010793909369091859
ETTh2,2022,block_dct2_b32,balanced_interval,336,-0.029498019655851228,-0.029937395839376713,-0.007379538835809272,-0.007406834734928536
ETTh2,2022,block_dct2_b32,balanced_interval,512,-0.027470169734672176,-0.027850953583271387,-0.006999242530154207,-0.007023794476401335
ETTh2,2022,block_dct2_b32,balanced_interval,720,-0.021579973700465434,-0.021814505356994918,-0.00882701011410895,-0.00886608304899994
ETTh2,2022,block_dct2_b32,dct2,48,-0.05637713166804491,-0.057996612534812586,-0.02118007711420835,-0.021405966916522745
ETTh2,2022,block_dct2_b32,dct2,96,-0.032914159768417973,-0.03346182283143828,-0.017831558925607813,-0.017991490367194718
ETTh2,2022,block_dct2_b32,dct2,144,-0.022760995538097264,-0.02302200350231698,-0.015721072658135913,-0.01584529885684849
ETTh2,2022,block_dct2_b32,dct2,192,-0.03719146928694512,-0.037891726203305165,-0.01846179303268299,-0.018633265538194888
ETTh2,2022,block_dct2_b32,dct2,288,-0.03657408253690418,-0.03725114336759505,-0.01483562173828123,-0.014946215808243624
ETTh2,2022,block_dct2_b32,dct2,336,-0.03337966381827488,-0.033943015485214056,-0.011778217366449939,-0.011847853697341426
ETTh2,2022,block_dct2_b32,dct2,512,-0.02960567270963656,-0.030048277713525584,-0.009935899170893683,-0.009985424106080387
ETTh2,2022,block_dct2_b32,dct2,720,-0.024082176481236606,-0.02437449392330815,-0.011706583076759496,-0.011775373291139202
ETTh2,2022,block_dct2_b32,pca_fit,48,-0.05067812746015081,-0.0519842339462957,-0.021077831356521803,-0.021301537828336548
ETTh2,2022,block_dct2_b32,pca_fit,96,-0.06380500107092332,-0.06588453215299173,-0.029594478395590592,-0.030036747094161154
ETTh2,2022,block_dct2_b32,pca_fit,144,-0.06628722869544158,-0.06853358660114472,-0.03137589062308902,-0.031873302495650124
ETTh2,2022,block_dct2_b32,pca_fit,192,-0.07557278700193024,-0.0785017257683931,-0.03301770079958156,-0.03356883407417399
ETTh2,2022,block_dct2_b32,pca_fit,288,-0.05316182571002448,-0.05460029275256306,-0.024967243570254545,-0.025281535411783684
ETTh2,2022,block_dct2_b32,pca_fit,336,-0.044845230112598,-0.045865978822101416,-0.020189437450679946,-0.020394622674698715
ETTh2,2022,block_dct2_b32,pca_fit,512,-0.03460052919879017,-0.03520609158430088,-0.01492663724720518,-0.015038595858550607
ETTh2,2022,block_dct2_b32,pca_fit,720,-0.023085038064905982,-0.023353559853590333,-0.011712203870331422,-0.011781060287636258
ETTh2,2022,block_dct2_b48,balanced_interval,48,0.03845860937336086,0.037728467062699944,0.017574710405411084,0.017421175939491995
ETTh2,2022,block_dct2_b48,balanced_interval,96,0.03140282485526957,0.030914877134581187,0.009477001962423228,0.009432236704415398
ETTh2,2022,block_dct2_b48,balanced_interval,144,0.012333525551840056,0.012257779351268816,0.00011823471465299671,0.00011822772520464486
ETTh2,2022,block_dct2_b48,balanced_interval,192,-0.009877750354753278,-0.009926696356840736,-0.0076245862000776776,-0.007653727373486019
ETTh2,2022,block_dct2_b48,balanced_interval,288,-0.02208639223442874,-0.022332102210038007,-0.0061092471369401675,-0.006127946647813465
ETTh2,2022,block_dct2_b48,balanced_interval,336,-0.021251552942259607,-0.021478975362923203,-0.0035006747337186723,-0.0035068092517429594
ETTh2,2022,block_dct2_b48,balanced_interval,512,-0.025403308596288844,-0.025728722325415898,-0.005579256955416957,-0.0055948499952083175
ETTh2,2022,block_dct2_b48,balanced_interval,720,-0.027296012284671302,-0.027671961269089218,-0.012074299290019526,-0.012147487912172128
ETTh2,2022,block_dct2_b48,dct2,48,-0.02287612371425499,-0.023139788939830597,-0.007539226534782427,-0.0075677180594992954
ETTh2,2022,block_dct2_b48,dct2,96,0.0012463161840814,0.0012455398546168395,-0.004414163258072242,-0.004423920027415207
ETTh2,2022,block_dct2_b48,dct2,144,-0.005460569285515206,-0.005475505368105038,-0.009515421475985213,-0.009560837034013447
ETTh2,2022,block_dct2_b48,dct2,192,-0.014345364934735679,-0.014448753472821929,-0.011477744547764762,-0.011543866592878427
ETTh2,2022,block_dct2_b48,dct2,288,-0.026063046726939793,-0.026405657950806516,-0.010208797916388023,-0.010261085473396436
ETTh2,2022,block_dct2_b48,dct2,336,-0.02513319710468318,-0.025451698625572394,-0.007899353264359288,-0.007930635470839276
ETTh2,2022,block_dct2_b48,dct2,512,-0.0275388115712533,-0.027921509581976034,-0.00851591359615642,-0.008552277137977127
ETTh2,2022,block_dct2_b48,dct2,720,-0.02979821506544244,-0.030246624729998395,-0.014953872252670085,-0.015066240816709486
ETTh2,2022,block_dct2_b48,pca_fit,48,-0.0171771195063608,-0.017325494558165566,-0.007436980777095952,-0.0074647038012212175
ETTh2,2022,block_dct2_b48,pca_fit,96,-0.029644525118423873,-0.030088298347725972,-0.01617708272805507,-0.016308640178732237
ETTh2,2022,block_dct2_b48,pca_fit,144,-0.048986802442859544,-0.05020649048840009,-0.025170239440938238,-0.025489684455743955
ETTh2,2022,block_dct2_b48,pca_fit,192,-0.0527266826497208,-0.054141490583307084,-0.026033652314663334,-0.02637548780315302
ETTh2,2022,block_dct2_b48,pca_fit,288,-0.04265078990006012,-0.043573404839521324,-0.020340419748361448,-0.020548695830238772
ETTh2,2022,block_dct2_b48,pca_fit,336,-0.03659876339900632,-0.037276743935950485,-0.0163105733485893,-0.016444316905347867
ETTh2,2022,block_dct2_b48,pca_fit,512,-0.032533668060406744,-0.03306867397698743,-0.013506651672467866,-0.013598278551545828
ETTh2,2022,block_dct2_b48,pca_fit,720,-0.028801076649111808,-0.0292198382513833,-0.014959493046241933,-0.015071946310545536
ETTh2,2022,block_dct2_b96,balanced_interval,48,0.046551587856325,0.04548468209926049,0.015171463680713449,0.015056956835800106
ETTh2,2022,block_dct2_b96,balanced_interval,96,0.014350086304455585,0.014247614561028077,-0.0005975374588643471,-0.0005977160199355236
ETTh2,2022,block_dct2_b96,balanced_interval,144,-0.0022738381055133258,-0.002276425235911983,-0.007413091277923287,-0.007440636261495159
ETTh2,2022,block_dct2_b96,balanced_interval,192,-0.017800703526454142,-0.017960080318011773,-0.012481240372850652,-0.012559456124598078
ETTh2,2022,block_dct2_b96,balanced_interval,288,-0.02339087858514939,-0.023666590705048174,-0.007861083727849898,-0.007892063170662933
ETTh2,2022,block_dct2_b96,balanced_interval,336,-0.024923804056332665,-0.025236998647586883,-0.0060062793651946295,-0.0060243532285395585
ETTh2,2022,block_dct2_b96,balanced_interval,512,-0.02691605403683118,-0.027281563003548337,-0.006560549285534534,-0.006582116828176998
ETTh2,2022,block_dct2_b96,balanced_interval,720,-0.024640937511377668,-0.024947034412543534,-0.010597022472398668,-0.010653369777031907
ETTh2,2022,block_dct2_b96,dct2,48,-0.01478314523129078,-0.014892956373501631,-0.009942473259479917,-0.00999206386155449
ETTh2,2022,block_dct2_b96,dct2,96,-0.01580642236673241,-0.015932004657189802,-0.014488702679359826,-0.014594172690963747
ETTh2,2022,block_dct2_b96,dct2,144,-0.02006793294286856,-0.02027064766021147,-0.017046747468561396,-0.01719287240563272
ETTh2,2022,block_dct2_b96,dct2,192,-0.02226831810643665,-0.022518107788314756,-0.016334398720537737,-0.016468534357756637
ETTh2,2022,block_dct2_b96,dct2,288,-0.027367533077660437,-0.027745463811140736,-0.011960634507297693,-0.012032448925940686
ETTh2,2022,block_dct2_b96,dct2,336,-0.028805448218756288,-0.029224337567420378,-0.010404957895835293,-0.010459277705215708
ETTh2,2022,block_dct2_b96,dct2,512,-0.02905155701179557,-0.029477669899284242,-0.009497205926273993,-0.009542447495888284
ETTh2,2022,block_dct2_b96,dct2,720,-0.027143140292148787,-0.027514871016366405,-0.013476595435049366,-0.01356781405886509
ETTh2,2022,block_dct2_b96,pca_fit,48,-0.009084141023396629,-0.009125527056391247,-0.009840227501793463,-0.009888801736874786
ETTh2,2022,block_dct2_b96,pca_fit,96,-0.04669726366923774,-0.04780475249340621,-0.026251622149342686,-0.02659923108230533
ETTh2,2022,block_dct2_b96,pca_fit,144,-0.06359416610021294,-0.06565983010723153,-0.03270156543351443,-0.033242138055262105
ETTh2,2022,block_dct2_b96,pca_fit,192,-0.06064963582142172,-0.06252657771270465,-0.030890306487436296,-0.031372362823976596
ETTh2,2022,block_dct2_b96,pca_fit,288,-0.0439552762507807,-0.044935620404743526,-0.022092256339271168,-0.02233809729024694
ETTh2,2022,block_dct2_b96,pca_fit,336,-0.04027101451307946,-0.04109288724420268,-0.018816177980065314,-0.018994317806370287
ETTh2,2022,block_dct2_b96,pca_fit,512,-0.0340464135009491,-0.034632626536119204,-0.0144879440025854,-0.014593402942221445
ETTh2,2022,block_dct2_b96,pca_fit,720,-0.026146001875818174,-0.026490807116703596,-0.013482216228621197,-0.013573511130329896
ETTh2,2022,block_dct2_b144,balanced_interval,48,0.05713218931130458,0.055530787620407196,0.019393918193984637,0.01920706604398037
ETTh2,2022,block_dct2_b144,balanced_interval,96,0.051451740472250554,0.05015051185614294,0.013590650942434343,0.013498715006920348
ETTh2,2022,block_dct2_b144,balanced_interval,144,0.0268247929608187,0.02646820379372783,0.0031915718464832848,0.00318648419503198
ETTh2,2022,block_dct2_b144,balanced_interval,192,-8.933543183308223e-05,-8.933942236155623e-05,-0.0036786095037585247,-0.0036853838919281845
ETTh2,2022,block_dct2_b144,balanced_interval,288,-0.01442318158664303,-0.014527697549890695,-0.003463962503839524,-0.0034699689553252533
ETTh2,2022,block_dct2_b144,balanced_interval,336,-0.013220074237232652,-0.013307845774247484,-0.0004430897782785847,-0.00044318795705455827
ETTh2,2022,block_dct2_b144,balanced_interval,512,-0.015278417229841697,-0.01539572893062724,-0.00035112467939593737,-0.00035118633088182527
ETTh2,2022,block_dct2_b144,balanced_interval,720,-0.010775454507456341,-0.01083371880408257,-0.0021652315808394808,-0.0021675773875047266
ETTh2,2022,block_dct2_b144,dct2,48,-0.004202543776311306,-0.004211386846864729,-0.005720018746208838,-0.0057364092899407915
ETTh2,2022,block_dct2_b144,dct2,96,0.021295231801062443,0.02107008933803234,-0.00030051427806120713,-0.0003005594370004694
ETTh2,2022,block_dct2_b144,dct2,144,0.009030698123463493,0.008990043840060302,-0.006442084344154774,-0.0064628791995917645
ETTh2,2022,block_dct2_b144,dct2,192,-0.004556950011815496,-0.00456734869795139,-0.007531767851445483,-0.007560202958976303
ETTh2,2022,block_dct2_b144,dct2,288,-0.01839983607915405,-0.01857015607935386,-0.007563513283287435,-0.0075921889004271215
ETTh2,2022,block_dct2_b144,dct2,336,-0.017101718399656237,-0.01724878998183854,-0.0048417683089191895,-0.0048535086093883795
ETTh2,2022,block_dct2_b144,dct2,512,-0.017413920204806106,-0.017566426471119945,-0.0032877813201354026,-0.003293192001226908
ETTh2,2022,block_dct2_b144,dct2,720,-0.013277657288227489,-0.013366196811603448,-0.005044804543490143,-0.005057550995369864
ETTh2,2022,block_dct2_b144,pca_fit,48,0.001496460431582789,0.0014953412929896714,-0.005617772988522268,-0.0056335822656432555
ETTh2,2022,block_dct2_b144,pca_fit,96,-0.009595609501442883,-0.00964179496999984,-0.012063433748044106,-0.012136490440903813
ETTh2,2022,block_dct2_b144,pca_fit,144,-0.03449553503388085,-0.03509740669094552,-0.022096902309107866,-0.02234284705324363
ETTh2,2022,block_dct2_b144,pca_fit,192,-0.04293826772680072,-0.043873452180401395,-0.0220876756183441,-0.022333414255456097
ETTh2,2022,block_dct2_b144,pca_fit,288,-0.034987579252274366,-0.035606845708365364,-0.017695135115260812,-0.017852621561899262
ETTh2,2022,block_dct2_b144,pca_fit,336,-0.02856728469397936,-0.028979243058843585,-0.013252988393149239,-0.013341198495560258
ETTh2,2022,block_dct2_b144,pca_fit,512,-0.022408776693959586,-0.022661739324356445,-0.008278519396446847,-0.008312881094020952
ETTh2,2022,block_dct2_b144,pca_fit,720,-0.012280518871896942,-0.012356234066960292,-0.005050425337061942,-0.005063200232268361
ETTh2,2022,block_pca_fit_b16,balanced_interval,48,-0.057267301881689284,-0.058938828909685714,-0.02505126167936016,-0.025367681246544205
ETTh2,2022,block_pca_fit_b16,balanced_interval,96,-0.022891552659876076,-0.02315557502977783,-0.016978892315416275,-0.017123852969186393
ETTh2,2022,block_pca_fit_b16,balanced_interval,144,-0.009926731939380913,-0.009976165378311697,-0.012215564698875622,-0.012290479440515423
ETTh2,2022,block_pca_fit_b16,balanced_interval,192,-0.02499248859797805,-0.025307418999284126,-0.015867330605650137,-0.015993885170950906
ETTh2,2022,block_pca_fit_b16,balanced_interval,288,-0.021506822800883146,-0.021739761440547456,-0.007825434730927212,-0.00785613347003733
ETTh2,2022,block_pca_fit_b16,balanced_interval,336,-0.017266159356798455,-0.017416081100893877,-0.004323928484450065,-0.004333290151415481
ETTh2,2022,block_pca_fit_b16,balanced_interval,512,-0.024739042536884026,-0.02504759180000926,-0.006764941216145143,-0.006787875117304276
ETTh2,2022,block_pca_fit_b16,balanced_interval,720,-0.0207400877211183,-0.020956657977872828,-0.010334472476057524,-0.010388057568878617
ETTh2,2022,block_pca_fit_b16,dct2,48,-0.11860203496930502,-0.12592175163249086,-0.05016519861955356,-0.05144477925561297
ETTh2,2022,block_pca_fit_b16,dct2,96,-0.053048061331064114,-0.05448032362944244,-0.030870057535911797,-0.031351478826438406
ETTh2,2022,block_pca_fit_b16,dct2,144,-0.027720826776736183,-0.02810862395507674,-0.021849220889513767,-0.02208966308135074
ETTh2,2022,block_pca_fit_b16,dct2,192,-0.02946010317796049,-0.029898344981218683,-0.01972048895333714,-0.01991622233102719
ETTh2,2022,block_pca_fit_b16,dct2,288,-0.02548347729339411,-0.025810956956945796,-0.011924985510375116,-0.011996371627347013
ETTh2,2022,block_pca_fit_b16,dct2,336,-0.021147803519222016,-0.021373003005964675,-0.008722607015090715,-0.008760759801567763
ETTh2,2022,block_pca_fit_b16,dct2,512,-0.026874545511848452,-0.0272389229460952,-0.009701597856884597,-0.009748810914555595
ETTh2,2022,block_pca_fit_b16,dct2,720,-0.023242290501889425,-0.023514497348348096,-0.013214045438708195,-0.013301736763817296
ETTh2,2022,block_pca_fit_b16,pca_fit,48,-0.11290303076141094,-0.11952336835634592,-0.050062952861867085,-0.05133727898330953
ETTh2,2022,block_pca_fit_b16,pca_fit,96,-0.08393890263356947,-0.08756244457771789,-0.04263297700589463,-0.04355481594246857
ETTh2,2022,block_pca_fit_b16,pca_fit,144,-0.07124705993408052,-0.07384649754290251,-0.03750403885446685,-0.03821619027745493
ETTh2,2022,block_pca_fit_b16,pca_fit,192,-0.06784142089294565,-0.07019558436163909,-0.034276396720235705,-0.03487060204248671
ETTh2,2022,block_pca_fit_b16,pca_fit,288,-0.04207122046651439,-0.042968756827093335,-0.022056607342348437,-0.02230165261217465
ETTh2,2022,block_pca_fit_b16,pca_fit,336,-0.03261336981354517,-0.03315101464272008,-0.017133827099320712,-0.01728145304210149
ETTh2,2022,block_pca_fit_b16,pca_fit,512,-0.031869402001002,-0.03238266938983725,-0.014692335933196089,-0.01480079884093577
ETTh2,2022,block_pca_fit_b16,pca_fit,720,-0.0222451520855589,-0.02249442038685423,-0.01321966623228002,-0.01330743233971221
ETTh2,2022,block_pca_fit_b32,balanced_interval,48,-0.0032292323689357165,-0.003234451956690254,-0.002578057798983981,-0.002581383847625851
ETTh2,2022,block_pca_fit_b32,balanced_interval,96,0.016041439422067035,0.01591346076712563,0.0003375174661586964,0.00033746051354643924
ETTh2,2022,block_pca_fit_b32,balanced_interval,144,0.0013256654746357742,0.0013247871683167434,-0.005216575001992296,-0.00523020501973126
ETTh2,2022,block_pca_fit_b32,balanced_interval,192,-0.020758565119609197,-0.020975522775169786,-0.011783809063964588,-0.011853511660288918
ETTh2,2022,block_pca_fit_b32,balanced_interval,288,-0.021227837635015935,-0.021454750962425218,-0.0067405825216592325,-0.006763351377726545
ETTh2,2022,block_pca_fit_b32,balanced_interval,336,-0.021022275014694922,-0.021244799627090583,-0.0043943264470531155,-0.004403995657549231
ETTh2,2022,block_pca_fit_b32,balanced_interval,512,-0.022316693352646078,-0.02256757354998218,-0.005183834857962445,-0.005197294176791711
ETTh2,2022,block_pca_fit_b32,balanced_interval,720,-0.01965487179195749,-0.019849300519306334,-0.008268477647953902,-0.008302755920504223
ETTh2,2022,block_pca_fit_b32,dct2,48,-0.06456396545655156,-0.06669380761886923,-0.027691994739177425,-0.028078981915938606
ETTh2,2022,block_pca_fit_b32,dct2,96,-0.014115069249121035,-0.014215157200759165,-0.013553647754336828,-0.01364591481857702
ETTh2,2022,block_pca_fit_b32,dct2,144,-0.016468429362719406,-0.01660478141861077,-0.014850231192630464,-0.014961043726964052
ETTh2,2022,block_pca_fit_b32,dct2,192,-0.0252261796995916,-0.025547052218507504,-0.015636967411651624,-0.015759864530386025
ETTh2,2022,block_pca_fit_b32,dct2,288,-0.025204492127526835,-0.02552481083408842,-0.010840133301107072,-0.010899100423975794
ETTh2,2022,block_pca_fit_b32,dct2,336,-0.02490391917711855,-0.025216612136395256,-0.008793004977693634,-0.00883177700351534
ETTh2,2022,block_pca_fit_b32,dct2,512,-0.02445219632761049,-0.024753602950785547,-0.00812049149870196,-0.008153552118695728
ETTh2,2022,block_pca_fit_b32,dct2,720,-0.022157074572728662,-0.022404365587383568,-0.011148050610604532,-0.011210421683294225
ETTh2,2022,block_pca_fit_b32,pca_fit,48,-0.05886496124865737,-0.060632004647623416,-0.027589748981490882,-0.02797387057515688
ETTh2,2022,block_pca_fit_b32,pca_fit,96,-0.04500591055162632,-0.04603404252865673,-0.02531656722431968,-0.02563975306748678
ETTh2,2022,block_pca_fit_b32,pca_fit,144,-0.05999466252006375,-0.06183087902922191,-0.030505049157583522,-0.030975095591361468
ETTh2,2022,block_pca_fit_b32,pca_fit,192,-0.06360749741457672,-0.06567403684812856,-0.03019287517855019,-0.030653302223857537
ETTh2,2022,block_pca_fit_b32,pca_fit,288,-0.041792235300647115,-0.04267782460025038,-0.020971755133080503,-0.02119320776393252
ETTh2,2022,block_pca_fit_b32,pca_fit,336,-0.03636948547144159,-0.037038946535679074,-0.017204225061923675,-0.017353070104607404
ETTh2,2022,block_pca_fit_b32,pca_fit,512,-0.02944705281676402,-0.02988490452352255,-0.013111229575013355,-0.013197558626242722
ETTh2,2022,block_pca_fit_b32,pca_fit,720,-0.021159936156398017,-0.021385395029205334,-0.0111536714041764,-0.011216105504305851
ETTh2,2022,block_pca_fit_b48,balanced_interval,48,0.02361136236682935,0.023334795136288777,0.011476234817019251,0.01141063402407927
ETTh2,2022,block_pca_fit_b48,balanced_interval,96,0.018152531859939834,0.017988767065842515,0.003936037857965399,0.003928301814071222
ETTh2,2022,block_pca_fit_b48,balanced_interval,144,0.0008668374453766101,0.0008664618503326782,-0.003887677832459841,-0.0038952446545355013
ETTh2,2022,block_pca_fit_b48,balanced_interval,192,-0.010662122069507798,-0.010719165045820933,-0.0068872763029208025,-0.006911048133408704
ETTh2,2022,block_pca_fit_b48,balanced_interval,288,-0.020221344395695343,-0.02042718086923201,-0.004304423352042855,-0.0043137006886584395
ETTh2,2022,block_pca_fit_b48,balanced_interval,336,-0.018323599656251664,-0.01849250689406512,-0.0013812499295496722,-0.0013822042945885737
ETTh2,2022,block_pca_fit_b48,balanced_interval,512,-0.02592683177890755,-0.026265855679244554,-0.004884605577108638,-0.004896554710609902
ETTh2,2022,block_pca_fit_b48,balanced_interval,720,-0.025217044296068008,-0.025537683475146622,-0.010196470690138276,-0.01024863183318403
ETTh2,2022,block_pca_fit_b48,dct2,48,-0.037723370720786555,-0.03844392914639427,-0.013637702123174208,-0.013731119767045552
ETTh2,2022,block_pca_fit_b48,dct2,96,-0.012003976811248198,-0.012076313694542984,-0.009955127362530158,-0.010004844486074083
ETTh2,2022,block_pca_fit_b48,dct2,144,-0.016927257391978735,-0.017071335212798466,-0.013521334023097995,-0.013613160666121615
ETTh2,2022,block_pca_fit_b48,dct2,192,-0.015129736649490256,-0.015244770526933182,-0.01074043465060783,-0.010798320171783615
ETTh2,2022,block_pca_fit_b48,dct2,288,-0.024197998888206382,-0.02449314631400301,-0.008403974131490773,-0.008439386654554903
ETTh2,2022,block_pca_fit_b48,dct2,336,-0.02220524381867534,-0.022453615220875633,-0.005779928460190265,-0.005796664475479663
ETTh2,2022,block_pca_fit_b48,dct2,512,-0.02806233475387201,-0.028459791211316254,-0.007821262217848146,-0.00785192818591196
ETTh2,2022,block_pca_fit_b48,dct2,720,-0.027719247076839187,-0.02810699985327214,-0.013076043652788992,-0.013161908962933788
ETTh2,2022,block_pca_fit_b48,pca_fit,48,-0.032024366512892324,-0.03254266446274223,-0.013535456365487648,-0.013627475359305308
ETTh2,2022,block_pca_fit_b48,pca_fit,96,-0.04289481811375361,-0.04382809726816772,-0.021718046832512976,-0.021955600226602145
ETTh2,2022,block_pca_fit_b48,pca_fit,144,-0.06045349054932306,-0.06231818858594629,-0.029176151988051107,-0.029605945636211217
ETTh2,2022,block_pca_fit_b48,pca_fit,192,-0.053511054364475355,-0.05496865371114157,-0.025296342417506397,-0.02561900991138466
ETTh2,2022,block_pca_fit_b48,pca_fit,288,-0.04078574206132666,-0.0416289043731084,-0.01853559596346409,-0.01870844643283376
ETTh2,2022,block_pca_fit_b48,pca_fit,336,-0.033670810112998426,-0.03424408798907308,-0.01419114854442021,-0.014292320910443745
ETTh2,2022,block_pca_fit_b48,pca_fit,512,-0.03305719124302555,-0.03360965097169499,-0.012812000294159602,-0.012894425604812021
ETTh2,2022,block_pca_fit_b48,pca_fit,720,-0.026722108660508604,-0.02708234581347324,-0.01308166444636077,-0.013167603752883394
ETTh2,2022,block_pca_fit_b96,balanced_interval,48,-0.012902450722320706,-0.012986046482801328,-0.0021630868148502674,-0.002165427974874401
ETTh2,2022,block_pca_fit_b96,balanced_interval,96,0.008833575212172304,0.008794673817062226,-0.001455937000293842,-0.00145699739112648
ETTh2,2022,block_pca_fit_b96,balanced_interval,144,0.00406567908904882,0.004057425405219917,-0.004029496102084873,-0.00403762543687658
ETTh2,2022,block_pca_fit_b96,balanced_interval,192,-0.009510476446291962,-0.00955584473804083,-0.007856157589045986,-0.007887098166689643
ETTh2,2022,block_pca_fit_b96,balanced_interval,288,-0.011220700632915338,-0.01128388881165221,-0.0018344460276763753,-0.0018361296531399507
ETTh2,2022,block_pca_fit_b96,balanced_interval,336,-0.01353462073725787,-0.013626628343926361,-0.0003194934662325008,-0.00031954450970594905
ETTh2,2022,block_pca_fit_b96,balanced_interval,512,-0.01730973239879056,-0.017460413980371126,-0.001999280637094976,-0.002001280531189087
ETTh2,2022,block_pca_fit_b96,balanced_interval,720,-0.01780186438096727,-0.0179612620222509,-0.007900444272973645,-0.00793173513244505
ETTh2,2022,block_pca_fit_b96,dct2,48,-0.07423718380993653,-0.07706223692781577,-0.02727702375504375,-0.02765244747487494
ETTh2,2022,block_pca_fit_b96,dct2,96,-0.021322933459015796,-0.02155189166241067,-0.015347102220789418,-0.015465473772261706
ETTh2,2022,block_pca_fit_b96,dct2,144,-0.013728415748306456,-0.013823083162932459,-0.01366315229272306,-0.013756919724225991
ETTh2,2022,block_pca_fit_b96,dct2,192,-0.013978091026274373,-0.014076241325383654,-0.011709315936732986,-0.011778138335337252
ETTh2,2022,block_pca_fit_b96,dct2,288,-0.015197355125426202,-0.015313422152051004,-0.005933996807124166,-0.005951637842865676
ETTh2,2022,block_pca_fit_b96,dct2,336,-0.017416264899681403,-0.0175688123567026,-0.004718171996873005,-0.004729320096356959
ETTh2,2022,block_pca_fit_b96,dct2,512,-0.019445235373755004,-0.019635525373150164,-0.004935937277834429,-0.004948139083762237
ETTh2,2022,block_pca_fit_b96,dct2,720,-0.020304067161738458,-0.020511596919695396,-0.010780017235624249,-0.010838330974086485
ETTh2,2022,block_pca_fit_b96,pca_fit,48,-0.06853817960204238,-0.07094151229119317,-0.02717477799735723,-0.027547379743201095
ETTh2,2022,block_pca_fit_b96,pca_fit,96,-0.05221377476152109,-0.05360095173267854,-0.027110021690772274,-0.0274808417244492
ETTh2,2022,block_pca_fit_b96,pca_fit,144,-0.05725464890565081,-0.05892543026682384,-0.02931797025767614,-0.02975197292424081
ETTh2,2022,block_pca_fit_b96,pca_fit,192,-0.052359408741259515,-0.05375440300592427,-0.026265223703631643,-0.02661319452244193
ETTh2,2022,block_pca_fit_b96,pca_fit,288,-0.031785098298546595,-0.03229563937698443,-0.016065618639097605,-0.0161953645752535
ETTh2,2022,block_pca_fit_b96,pca_fit,336,-0.028881831194004507,-0.029302955787030127,-0.013129392081103098,-0.013215961000187404
ETTh2,2022,block_pca_fit_b96,pca_fit,512,-0.024440091862908606,-0.02474119893204274,-0.009926675354145865,-0.009976108228574532
ETTh2,2022,block_pca_fit_b96,pca_fit,720,-0.01930692874540785,-0.01949451277320624,-0.010785638029196064,-0.010844012703647321
ETTh2,2022,block_pca_fit_b144,balanced_interval,48,0.016475067915615996,0.016340096223324774,0.005842710056356917,0.005825674619808763
ETTh2,2022,block_pca_fit_b144,balanced_interval,96,0.022942617137283933,0.022681436498786733,0.0021900693235283094,0.002187672871492019
ETTh2,2022,block_pca_fit_b144,balanced_interval,144,0.011981018941469884,0.01190953231306302,-0.003077305758426025,-0.003082045524447574
ETTh2,2022,block_pca_fit_b144,balanced_interval,192,-0.006391816145466694,-0.0064122873951981685,-0.006921120603458822,-0.0069451269102196456
ETTh2,2022,block_pca_fit_b144,balanced_interval,288,-0.007769823767832884,-0.00780008717820313,-0.0018138952806717385,-0.0018155413838520928
ETTh2,2022,block_pca_fit_b144,balanced_interval,336,-0.010241040794928203,-0.010293659724010196,-8.680008051749988e-05,-8.68038477535027e-05
ETTh2,2022,block_pca_fit_b144,balanced_interval,512,-0.012993510039192475,-0.01307829250006054,-0.0002257951732672749,-0.00022582066691612113
ETTh2,2022,block_pca_fit_b144,balanced_interval,720,-0.015313680905287806,-0.01543153614740489,-0.00512762151246409,-0.005140790262152084
ETTh2,2022,block_pca_fit_b144,dct2,48,-0.044859665171999775,-0.045881076068596593,-0.019271226883836586,-0.019458115570966328
ETTh2,2022,block_pca_fit_b144,dct2,96,-0.007213891533904142,-0.007239974331203491,-0.011701095896967245,-0.011769821512988221
ETTh2,2022,block_pca_fit_b144,dct2,144,-0.005813075895885438,-0.005830004608304629,-0.012710961949064086,-0.012792089598309797
ETTh2,2022,block_pca_fit_b144,dct2,192,-0.010859430725449036,-0.01091860836110925,-0.010774278951145917,-0.010832530512824068
ETTh2,2022,block_pca_fit_b144,dct2,288,-0.011746478260343822,-0.011815739060597297,-0.005913446060119685,-0.005930964997679533
ETTh2,2022,block_pca_fit_b144,dct2,336,-0.014122684957351849,-0.014222881196891413,-0.004485478611158113,-0.004495553428170096
ETTh2,2022,block_pca_fit_b144,dct2,512,-0.015129013014156832,-0.015244035860210836,-0.0031624518140067424,-0.0031674576402485055
ETTh2,2022,block_pca_fit_b144,dct2,720,-0.017815883686058954,-0.017975533231790797,-0.008007194475114748,-0.00803933779211552
ETTh2,2022,block_pca_fit_b144,pca_fit,48,-0.03916066096410554,-0.039937547598477785,-0.019168981126150075,-0.01935388563213536
ETTh2,2022,block_pca_fit_b144,pca_fit,96,-0.038104732836409465,-0.038840027843887404,-0.023464015366950072,-0.023741461122986474
ETTh2,2022,block_pca_fit_b144,pca_fit,144,-0.04933930905322987,-0.050576760476026106,-0.028365779914017154,-0.02877191971190962
ETTh2,2022,block_pca_fit_b144,pca_fit,192,-0.04924074844043422,-0.050473220089310544,-0.025330186718044517,-0.025653721856791156
ETTh2,2022,block_pca_fit_b144,pca_fit,288,-0.02833422143346417,-0.028739453745578958,-0.016045067892093035,-0.016174481215993852
ETTh2,2022,block_pca_fit_b144,pca_fit,336,-0.025588251251674916,-0.02591844086201278,-0.012896698695388087,-0.012980219776537405
ETTh2,2022,block_pca_fit_b144,pca_fit,512,-0.02012386950331043,-0.020327719687152745,-0.008153189890318194,-0.008186517657309267
ETTh2,2022,block_pca_fit_b144,pca_fit,720,-0.01681874526972834,-0.016960976631464897,-0.008012815268686514,-0.00804500378906936
ETTh2,2023,block_dct2_b16,balanced_interval,48,-0.002635316103037681,-0.002638791600860335,-0.006978835149549703,-0.007003243968241479
ETTh2,2023,block_dct2_b16,balanced_interval,96,-0.01141870114595412,-0.01148414336506276,-0.01275110934925039,-0.012832751383863528
ETTh2,2023,block_dct2_b16,balanced_interval,144,-0.013739616131593014,-0.013834438433640184,-0.014350571290390416,-0.01445403506757481
ETTh2,2023,block_dct2_b16,balanced_interval,192,-0.040649840397640524,-0.04148735489068334,-0.025229134518597308,-0.02555008252890567
ETTh2,2023,block_dct2_b16,balanced_interval,288,-0.05180436245196425,-0.053169682823102526,-0.027618597788821402,-0.02800352682306162
ETTh2,2023,block_dct2_b16,balanced_interval,336,-0.05289441539220944,-0.054318319456075015,-0.026655933658824283,-0.027014380886323464
ETTh2,2023,block_dct2_b16,balanced_interval,512,-0.06619046280290185,-0.0684301939974481,-0.03179916569722988,-0.03231016119344443
ETTh2,2023,block_dct2_b16,balanced_interval,720,-0.06118932896755647,-0.06310017079248675,-0.0355107796046273,-0.0361488173424509
ETTh2,2023,block_dct2_b16,dct2,48,-0.05538843034521302,-0.056951086825942854,-0.02267755229358403,-0.022936642788573103
ETTh2,2023,block_dct2_b16,dct2,96,-0.051436745687023354,-0.052782591146423696,-0.029403127945100978,-0.029839667954776328
ETTh2,2023,block_dct2_b16,dct2,144,-0.03561850982830881,-0.0362604478991948,-0.025738305972940394,-0.026072396318280067
ETTh2,2023,block_dct2_b16,dct2,192,-0.04751676667685732,-0.04866378358067647,-0.030649837891571677,-0.0311243799773131
ETTh2,2023,block_dct2_b16,dct2,288,-0.04965444003785725,-0.050907881935557064,-0.02922982819784138,-0.029661212464194175
ETTh2,2023,block_dct2_b16,dct2,336,-0.05126381160116234,-0.05260054489286836,-0.028806491791514323,-0.029225411638461374
ETTh2,2023,block_dct2_b16,dct2,512,-0.06364104264328435,-0.06570978572702124,-0.03286231203887986,-0.03340824157140565
ETTh2,2023,block_dct2_b16,dct2,720,-0.06344155852301941,-0.06549721475092984,-0.037653546366410516,-0.038371423000862936
ETTh2,2023,block_dct2_b16,pca_fit,48,-0.05462503545870241,-0.05614452367323142,-0.03292900759175051,-0.0334771676039225
ETTh2,2023,block_dct2_b16,pca_fit,96,-0.06428445270865504,-0.06639569476664953,-0.03840608348538854,-0.03915313013488353
ETTh2,2023,block_dct2_b16,pca_fit,144,-0.060969211017378136,-0.06286618911478592,-0.036840658863153165,-0.03752768682512331
ETTh2,2023,block_dct2_b16,pca_fit,192,-0.06696965952819266,-0.06926303573745285,-0.03846022656837627,-0.039209394612197634
ETTh2,2023,block_dct2_b16,pca_fit,288,-0.051248022546660305,-0.0525839254566991,-0.031583559679382464,-0.032087612902643725
ETTh2,2023,block_dct2_b16,pca_fit,336,-0.04790459896778708,-0.04907056813527144,-0.02939104222979241,-0.02982722168094698
ETTh2,2023,block_dct2_b16,pca_fit,512,-0.056528573199387255,-0.058156849294913826,-0.03245063272430465,-0.03298289633376439
ETTh2,2023,block_dct2_b16,pca_fit,720,-0.05517835782720008,-0.056729073769954175,-0.035789622015249344,-0.036437779862072306
ETTh2,2023,block_dct2_b32,balanced_interval,48,0.010511267474737553,0.010456217154490188,0.003793789960229235,0.0037866026310432455
ETTh2,2023,block_dct2_b32,balanced_interval,96,-0.004205301203376978,-0.004214155890340132,-0.005722891030151128,-0.00573929805462825
ETTh2,2023,block_dct2_b32,balanced_interval,144,-0.019888263581435667,-0.020087352751190224,-0.01478333063667189,-0.014893144540134351
ETTh2,2023,block_dct2_b32,balanced_interval,192,-0.05931294581202789,-0.06110725785822524,-0.029619640891295596,-0.030062665715473225
ETTh2,2023,block_dct2_b32,balanced_interval,288,-0.06285991625447859,-0.06487765673185075,-0.03032474164823108,-0.030789219797575207
ETTh2,2023,block_dct2_b32,balanced_interval,336,-0.060841804914275203,-0.06273078210153415,-0.027611633544293437,-0.027996367580054526
ETTh2,2023,block_dct2_b32,balanced_interval,512,-0.05871403809289449,-0.06047194279720247,-0.02585808066698632,-0.026195301185917508
ETTh2,2023,block_dct2_b32,balanced_interval,720,-0.045491989991958,-0.0465426217655589,-0.024786641031018405,-0.025096383682995826
ETTh2,2023,block_dct2_b32,dct2,48,-0.04224184676743774,-0.043146729911062165,-0.01190492718380521,-0.01197607287721758
ETTh2,2023,block_dct2_b32,dct2,96,-0.04422334574444618,-0.04521577331596549,-0.022374909626001707,-0.022627105356211707
ETTh2,2023,block_dct2_b32,dct2,144,-0.041767157278151515,-0.042651676630180546,-0.026171065319221944,-0.02651653483336336
ETTh2,2023,block_dct2_b32,dct2,192,-0.0661798720912446,-0.06841887862125673,-0.035040344264269954,-0.035661490957667796
ETTh2,2023,block_dct2_b32,dct2,288,-0.06070999384037173,-0.06259071164749641,-0.03193597205725115,-0.03245139744979908
ETTh2,2023,block_dct2_b32,dct2,336,-0.059211201123228065,-0.06099930132258624,-0.02976219167698355,-0.03020951242408687
ETTh2,2023,block_dct2_b32,dct2,512,-0.056164617933276983,-0.05777179761228646,-0.026921227008636237,-0.027286877115854313
ETTh2,2023,block_dct2_b32,dct2,720,-0.047744219547421037,-0.048902332296774764,-0.026929407792801653,-0.027295281162447838
ETTh2,2023,block_dct2_b32,pca_fit,48,-0.0414784518809271,-0.04235070091245974,-0.022156382481971704,-0.022403657991016956
ETTh2,2023,block_dct2_b32,pca_fit,96,-0.057071052766077844,-0.058731033491525864,-0.03137786516628922,-0.031875339976074724
ETTh2,2023,block_dct2_b32,pca_fit,144,-0.06711785846722086,-0.06942151112754358,-0.03727341820943463,-0.0379767837970697
ETTh2,2023,block_dct2_b32,pca_fit,192,-0.08563276494257992,-0.08940618669308775,-0.042850732941074526,-0.04378208094057867
ETTh2,2023,block_dct2_b32,pca_fit,288,-0.062303576349174654,-0.06428538756390689,-0.03428970353879218,-0.0348843729694408
ETTh2,2023,block_dct2_b32,pca_fit,336,-0.05585198848985282,-0.057441158690353156,-0.030346742115261623,-0.030811897891284135
ETTh2,2023,block_dct2_b32,pca_fit,512,-0.04905214848937984,-0.05027511957287878,-0.02650954769406113,-0.026864051398683753
ETTh2,2023,block_dct2_b32,pca_fit,720,-0.0394810188516017,-0.04027075316402007,-0.02506548344164048,-0.025382263885652012
ETTh2,2023,block_dct2_b48,balanced_interval,48,0.04809799863426319,0.046959614155227536,0.020861802131278983,0.020645700105314302
ETTh2,2023,block_dct2_b48,balanced_interval,96,0.033928937047681504,0.033359805497123474,0.014295433241311191,0.014193738701434921
ETTh2,2023,block_dct2_b48,balanced_interval,144,0.004273965980974409,0.004264845586416266,0.001080338079903515,0.0010797547248125872
ETTh2,2023,block_dct2_b48,balanced_interval,192,-0.02013847217980792,-0.0203426193115519,-0.009904509962719486,-0.009953721960905604
ETTh2,2023,block_dct2_b48,balanced_interval,288,-0.0347867116626972,-0.035398846748342594,-0.013600305642148992,-0.013693210499301722
ETTh2,2023,block_dct2_b48,balanced_interval,336,-0.03457345951960665,-0.03517806926679223,-0.011826297098356716,-0.011896504240420658
ETTh2,2023,block_dct2_b48,balanced_interval,512,-0.041126637247657936,-0.04198405118303228,-0.014320529397261618,-0.01442355940564477
ETTh2,2023,block_dct2_b48,balanced_interval,720,-0.039496106730626854,-0.04028644876170362,-0.01899321183730015,-0.01917473027003802
ETTh2,2023,block_dct2_b48,dct2,48,-0.004655115607912192,-0.004665967490962819,0.005163084987244588,0.005149779173483582
ETTh2,2023,block_dct2_b48,dct2,96,-0.006089107493387712,-0.006107683793643792,-0.0023565853545395093,-0.0023593642843058316
ETTh2,2023,block_dct2_b48,dct2,144,-0.01760492771574138,-0.017760807865013772,-0.010307396602646467,-0.01036070080009166
ETTh2,2023,block_dct2_b48,dct2,192,-0.02700539845902465,-0.027373348981446277,-0.015325213335693881,-0.015443246608452643
ETTh2,2023,block_dct2_b48,dct2,288,-0.03263678924859028,-0.033175210739127436,-0.015211536051169016,-0.015327820338385756
ETTh2,2023,block_dct2_b48,dct2,336,-0.03294285572855955,-0.033491479436224436,-0.01397685523104679,-0.014074988135578614
ETTh2,2023,block_dct2_b48,dct2,512,-0.038577217088040384,-0.039330979371306585,-0.015383675738911586,-0.015502613596332093
ETTh2,2023,block_dct2_b48,dct2,720,-0.04174833628608975,-0.04263205307591944,-0.021135978599083376,-0.0213609254231808
ETTh2,2023,block_dct2_b48,pca_fit,48,-0.003891720721401619,-0.0038993032997232113,-0.00508837031092188,-0.005101338052693416
ETTh2,2023,block_dct2_b48,pca_fit,96,-0.018936814515019374,-0.01911725316510715,-0.011359540894827075,-0.011424305479159846
ETTh2,2023,block_dct2_b48,pca_fit,144,-0.04295562890481067,-0.043891575210542655,-0.021409749492859113,-0.021640582595851887
ETTh2,2023,block_dct2_b48,pca_fit,192,-0.046458291310359986,-0.04755438603658235,-0.023135602012498455,-0.02340530595759205
ETTh2,2023,block_dct2_b48,pca_fit,288,-0.03423037175739326,-0.0348229732575458,-0.017565267532710014,-0.01772044408551432
ETTh2,2023,block_dct2_b48,pca_fit,336,-0.029583643095184308,-0.03002558639704178,-0.014561405669324802,-0.014667939402417174
ETTh2,2023,block_dct2_b48,pca_fit,512,-0.03146474764414329,-0.03196499575715017,-0.014971996424336451,-0.015084638218229252
ETTh2,2023,block_dct2_b48,pca_fit,720,-0.033485135590270415,-0.03405207303834534,-0.019272054247922162,-0.0194589590343468
ETTh2,2023,block_dct2_b96,balanced_interval,48,0.057117355550676235,0.0555167774862787,0.020578060512340218,0.020367777103450946
ETTh2,2023,block_dct2_b96,balanced_interval,96,0.038881367047802276,0.038135188759728655,0.012637035600573372,0.012557523550804528
ETTh2,2023,block_dct2_b96,balanced_interval,144,0.008168325466889517,0.008135055345112496,-0.0006222398679350609,-0.0006224334993212288
ETTh2,2023,block_dct2_b96,balanced_interval,192,-0.01978919010192484,-0.019986294153944373,-0.012037073823684739,-0.012109810951210775
ETTh2,2023,block_dct2_b96,balanced_interval,288,-0.02737955014339649,-0.027757814370147793,-0.011175765621700934,-0.011238447779721827
ETTh2,2023,block_dct2_b96,balanced_interval,336,-0.030090634381695073,-0.030547932795575772,-0.010185863740235713,-0.01023791623338699
ETTh2,2023,block_dct2_b96,balanced_interval,512,-0.03825044955889602,-0.03899141523750216,-0.012855652589003662,-0.012938641735985135
ETTh2,2023,block_dct2_b96,balanced_interval,720,-0.032292024272343435,-0.03281906950817737,-0.01535887212887102,-0.015477425777884912
ETTh2,2023,block_dct2_b96,dct2,48,0.0043642413085008235,0.004354731846293758,0.0048793433683060475,0.004867458710086425
ETTh2,2023,block_dct2_b96,dct2,96,-0.0011366774932669696,-0.0011373237559697547,-0.004014982995277324,-0.004023053837319823
ETTh2,2023,block_dct2_b96,dct2,144,-0.01371056822982638,-0.013804989098187725,-0.012009974550485154,-0.012082383882564107
ETTh2,2023,block_dct2_b96,dct2,192,-0.026656116381141643,-0.02701456854478823,-0.017457777196659224,-0.01761105485222192
ETTh2,2023,block_dct2_b96,dct2,288,-0.025229627729289564,-0.025550588341296532,-0.012786996030720893,-0.012869099242393434
ETTh2,2023,block_dct2_b96,dct2,336,-0.028460030590648014,-0.028868886730972987,-0.012336421872925777,-0.01241282940046462
ETTh2,2023,block_dct2_b96,dct2,512,-0.03570102939927854,-0.03634596319506267,-0.013918798930653647,-0.014016116402400192
ETTh2,2023,block_dct2_b96,dct2,720,-0.034544253827806425,-0.03514783661662779,-0.017501638890654238,-0.017655689975794697
ETTh2,2023,block_dct2_b96,pca_fit,48,0.005127636195011431,0.005114512309622232,-0.00537211192986049,-0.005386567597382763
ETTh2,2023,block_dct2_b96,pca_fit,96,-0.013984384514898729,-0.014082623422755569,-0.013017938535564851,-0.013103040781734299
ETTh2,2023,block_dct2_b96,pca_fit,144,-0.0390612694188957,-0.039834191735134805,-0.023112327440697793,-0.023381486914507477
ETTh2,2023,block_dct2_b96,pca_fit,192,-0.046109009232476864,-0.04718855795624721,-0.025268165873463776,-0.025590111919305825
ETTh2,2023,block_dct2_b96,pca_fit,288,-0.026823210238092546,-0.02718619070829642,-0.015140727512261982,-0.015255929004206248
ETTh2,2023,block_dct2_b96,pca_fit,336,-0.025100817957272856,-0.025418495911401218,-0.012920972311203779,-0.013004808767651754
ETTh2,2023,block_dct2_b96,pca_fit,512,-0.02858855995538139,-0.02900113509409552,-0.013507119616078523,-0.0135987528584951
ETTh2,2023,block_dct2_b96,pca_fit,720,-0.026281053131987087,-0.02662944535107359,-0.015637714539492982,-0.01576062343314444
ETTh2,2023,block_dct2_b144,balanced_interval,48,0.06825546853395478,0.06597817009203111,0.02252084157168364,0.02226914046681039
ETTh2,2023,block_dct2_b144,balanced_interval,96,0.06112641264737926,0.05929568466351132,0.020811953269079194,0.020596879190950768
ETTh2,2023,block_dct2_b144,balanced_interval,144,0.02960289062332512,0.029169016902817813,0.00708550057067258,0.007060457593754066
ETTh2,2023,block_dct2_b144,balanced_interval,192,-0.0012175253252928585,-0.0012182668101468064,-0.003512995246387501,-0.0035191730462635906
ETTh2,2023,block_dct2_b144,balanced_interval,288,-0.018610275994838818,-0.01878452645236872,-0.007188876938393456,-0.007214778945790812
ETTh2,2023,block_dct2_b144,balanced_interval,336,-0.0204171860923392,-0.020627042629629333,-0.0057946737584231535,-0.005811495356601526
ETTh2,2023,block_dct2_b144,balanced_interval,512,-0.025148431640123356,-0.02546732102481708,-0.0065219009699222725,-0.006543214876588488
ETTh2,2023,block_dct2_b144,balanced_interval,720,-0.020261401146127362,-0.020468056684820768,-0.007778408888429921,-0.007808739300628975
ETTh2,2023,block_dct2_b144,dct2,48,0.015502354291779482,0.015382811327148915,0.0068221244276492725,0.006798906565181118
ETTh2,2023,block_dct2_b144,dct2,96,0.02110836810630993,0.020887145785800643,0.004159934673228625,0.004151294130502636
ETTh2,2023,block_dct2_b144,dct2,144,0.0077239969266092836,0.007694243516713106,-0.004302234111877471,-0.004311502007172896
ETTh2,2023,block_dct2_b144,dct2,192,-0.008084451604509695,-0.008117219026072098,-0.008933698619361866,-0.008973723205282447
ETTh2,2023,block_dct2_b144,dct2,288,-0.016460353580731963,-0.016596571573179064,-0.0088001073474135,-0.008838942125225513
ETTh2,2023,block_dct2_b144,dct2,336,-0.018786582301292116,-0.018964160424135068,-0.007945231891113215,-0.007976879005044735
ETTh2,2023,block_dct2_b144,dct2,512,-0.022599011480505818,-0.02285630366791236,-0.007585047311572258,-0.007613886652741542
ETTh2,2023,block_dct2_b144,dct2,720,-0.02251363070159042,-0.022768975128129032,-0.009921175650213051,-0.00997055367427424
ETTh2,2023,block_dct2_b144,pca_fit,48,0.01626574917829007,0.016134176223602803,-0.0034293308705172394,-0.0034352177530594386
ETTh2,2023,block_dct2_b144,pca_fit,96,0.008260661084678147,0.008226635579416164,-0.004843020867058866,-0.004854767247618019
ETTh2,2023,block_dct2_b144,pca_fit,144,-0.017626704262460036,-0.01778297142211649,-0.015404587002090221,-0.015523849260774991
ETTh2,2023,block_dct2_b144,pca_fit,192,-0.02753734445584488,-0.02792000150359697,-0.016744087296166426,-0.0168850552198625
ETTh2,2023,block_dct2_b144,pca_fit,288,-0.018053936089534862,-0.01821789360024595,-0.011153838828954495,-0.011216274806952198
ETTh2,2023,block_dct2_b144,pca_fit,336,-0.015427369667916921,-0.015546985864827612,-0.008529782329391302,-0.008566264577456018
ETTh2,2023,block_dct2_b144,pca_fit,512,-0.01548654203660872,-0.015607079963436465,-0.007173367996997103,-0.007199158231941283
ETTh2,2023,block_dct2_b144,pca_fit,720,-0.014250430005771102,-0.014352451423759183,-0.008057251299051832,-0.008089798302705065
ETTh2,2023,block_pca_fit_b16,balanced_interval,48,-0.017075849547099464,-0.017222475263244164,-0.01627188938967022,-0.016404997575667712
ETTh2,2023,block_pca_fit_b16,balanced_interval,96,-0.026113859779890235,-0.026457814080947495,-0.021590500245980415,-0.02182526159050635
ETTh2,2023,block_pca_fit_b16,balanced_interval,144,-0.029555934601352245,-0.02999704633483713,-0.023476857165390667,-0.023754607888899493
ETTh2,2023,block_pca_fit_b16,balanced_interval,192,-0.06210668453462224,-0.0640758591106434,-0.03684790257994619,-0.037535202409072044
ETTh2,2023,block_pca_fit_b16,balanced_interval,288,-0.08053943284359624,-0.0838715859383059,-0.04304458411328304,-0.043984438933532655
ETTh2,2023,block_pca_fit_b16,balanced_interval,336,-0.08228691899553071,-0.08576729240319514,-0.0427747605546279,-0.043702785337135674
ETTh2,2023,block_pca_fit_b16,balanced_interval,512,-0.09562302474415048,-0.10034418326899797,-0.049634740817044824,-0.05088718007304327
ETTh2,2023,block_pca_fit_b16,balanced_interval,720,-0.08901241788038201,-0.09309423015544738,-0.05356770006308173,-0.055028414840128326
ETTh2,2023,block_pca_fit_b16,dct2,48,-0.06982896378927474,-0.07232475920527626,-0.031970606533704544,-0.03248715648265743
ETTh2,2023,block_pca_fit_b16,dct2,96,-0.06613190432095939,-0.06836763017906522,-0.03824251884183098,-0.03898317532322926
ETTh2,2023,block_pca_fit_b16,dct2,144,-0.05143482829806807,-0.05278057255464641,-0.0348645918479407,-0.03547948694242398
ETTh2,2023,block_pca_fit_b16,dct2,192,-0.06897361081383908,-0.07140793519182842,-0.042268605952920625,-0.04317464404137161
ETTh2,2023,block_pca_fit_b16,dct2,288,-0.07838951042948931,-0.08154384924492808,-0.04465581452230307,-0.04566789426109774
ETTh2,2023,block_pca_fit_b16,dct2,336,-0.08065631520448367,-0.08399827881210609,-0.04492531868731792,-0.04594974409196917
ETTh2,2023,block_pca_fit_b16,dct2,512,-0.09307360458453297,-0.09754251645604373,-0.05069788715869483,-0.05200502104300431
ETTh2,2023,block_pca_fit_b16,dct2,720,-0.09126464743584511,-0.09555890375102205,-0.05571046682486483,-0.05729151844586666
ETTh2,2023,block_pca_fit_b16,pca_fit,48,-0.0690655689027641,-0.07150646434821484,-0.04222206183187105,-0.0431260915243894
ETTh2,2023,block_pca_fit_b16,pca_fit,96,-0.07897961134259114,-0.08218225760207876,-0.04724547438211853,-0.048379327763499624
ETTh2,2023,block_pca_fit_b16,pca_fit,144,-0.07678552948713738,-0.07981046405245973,-0.04596694473815343,-0.047039800210146865
ETTh2,2023,block_pca_fit_b16,pca_fit,192,-0.08842650366517432,-0.092453958297946,-0.05007899462972521,-0.051354144427155024
ETTh2,2023,block_pca_fit_b16,pca_fit,288,-0.07998309293829227,-0.08326875262848543,-0.04700954600384412,-0.04813201450413929
ETTh2,2023,block_pca_fit_b16,pca_fit,336,-0.07729710257110838,-0.08036300734274637,-0.04550986912559599,-0.046561333208222866
ETTh2,2023,block_pca_fit_b16,pca_fit,512,-0.08596113514063577,-0.08976397395849811,-0.05028620784411967,-0.05157202147161044
ETTh2,2023,block_pca_fit_b16,pca_fit,720,-0.0830014467400257,-0.08654338049289922,-0.05384654247370363,-0.05532264252626917
ETTh2,2023,block_pca_fit_b32,balanced_interval,48,-0.01056060094066921,-0.010616560903578875,-0.005322640177097427,-0.005336830591977648
ETTh2,2023,block_pca_fit_b32,balanced_interval,96,-0.005999111275403905,-0.006017141981489393,-0.007704524220663769,-0.007734280437471819
ETTh2,2023,block_pca_fit_b32,balanced_interval,144,-0.02200656307329535,-0.022250493553337414,-0.01514821809583545,-0.015263533892073244
ETTh2,2023,block_pca_fit_b32,balanced_interval,192,-0.054195200985368806,-0.05569065389955985,-0.02745681032319048,-0.02783722219116247
ETTh2,2023,block_pca_fit_b32,balanced_interval,288,-0.05726495482818893,-0.05893634352651733,-0.027031725657221943,-0.027400397199278004
ETTh2,2023,block_pca_fit_b32,balanced_interval,336,-0.054958129056080975,-0.05649637724880696,-0.024221099538339785,-0.024516813045097452
ETTh2,2023,block_pca_fit_b32,balanced_interval,512,-0.05465068810552447,-0.05617161692319561,-0.023622561108461705,-0.0239037838395042
ETTh2,2023,block_pca_fit_b32,balanced_interval,720,-0.0408369720584524,-0.04168226838579292,-0.022048831355294087,-0.02229370323866542
ETTh2,2023,block_pca_fit_b32,dct2,48,-0.06331371518284452,-0.06536100673487844,-0.021021357321131768,-0.021243862437741567
ETTh2,2023,block_pca_fit_b32,dct2,96,-0.046017155816473095,-0.04709237452745474,-0.02435654281651427,-0.024655586358545145
ETTh2,2023,block_pca_fit_b32,dct2,144,-0.0438854567700112,-0.04486266608913514,-0.02653595277838553,-0.026891166188533155
ETTh2,2023,block_pca_fit_b32,dct2,192,-0.06106212726458569,-0.06296495124059431,-0.032877513696164914,-0.033423951208735314
ETTh2,2023,block_pca_fit_b32,dct2,288,-0.055115032414081964,-0.05666215808355779,-0.028642956066242085,-0.029057110276318188
ETTh2,2023,block_pca_fit_b32,dct2,336,-0.053327525265033864,-0.054775054030318016,-0.026371657671029784,-0.02672246685275881
ETTh2,2023,block_pca_fit_b32,dct2,512,-0.05210126794590695,-0.05348242111254753,-0.024685707450111654,-0.02499292225567018
ETTh2,2023,block_pca_fit_b32,dct2,720,-0.04308920161391545,-0.04403101994905345,-0.024191598117077304,-0.024486588788836805
ETTh2,2023,block_pca_fit_b32,pca_fit,48,-0.06255032029633396,-0.06454802594222109,-0.031272812619298304,-0.03176694453714113
ETTh2,2023,block_pca_fit_b32,pca_fit,96,-0.05886486283810487,-0.06063190027024712,-0.03335949835680186,-0.03392216575739293
ETTh2,2023,block_pca_fit_b32,pca_fit,144,-0.06923615795908042,-0.07168926721644597,-0.03763830566859825,-0.038355597616383186
ETTh2,2023,block_pca_fit_b32,pca_fit,192,-0.08051502011592088,-0.0838451259994244,-0.04068790237296938,-0.04152699671110871
ETTh2,2023,block_pca_fit_b32,pca_fit,288,-0.05670861492288501,-0.058347378828909946,-0.03099668754778307,-0.031482087145737525
ETTh2,2023,block_pca_fit_b32,pca_fit,336,-0.04996831263165862,-0.05123778488934594,-0.02695620810930782,-0.027322813370062704
ETTh2,2023,block_pca_fit_b32,pca_fit,512,-0.044988798502009784,-0.046016142895370704,-0.024274028135536436,-0.02457104071790095
ETTh2,2023,block_pca_fit_b32,pca_fit,720,-0.03482600091809608,-0.035439527597227016,-0.022327673765916087,-0.02257880182618166
ETTh2,2023,block_pca_fit_b48,balanced_interval,48,0.04061382868946475,0.03980014000115162,0.017914318951432955,0.017754811449341212
ETTh2,2023,block_pca_fit_b48,balanced_interval,96,0.017643144014827906,0.01748841505422505,0.0074269854598920035,0.007399473555685709
ETTh2,2023,block_pca_fit_b48,balanced_interval,144,-0.004913060181216547,-0.0049251490510620055,-0.0036204964754041383,-0.003627058389507498
ETTh2,2023,block_pca_fit_b48,balanced_interval,192,-0.017797260173559096,-0.01795657512825688,-0.009401408397444449,-0.009445740456391238
ETTh2,2023,block_pca_fit_b48,balanced_interval,288,-0.02680887864304805,-0.027171469597264686,-0.010122419779402796,-0.010173824771727347
ETTh2,2023,block_pca_fit_b48,balanced_interval,336,-0.025539033006396875,-0.025867948199145507,-0.007822801274036745,-0.007853479327852853
ETTh2,2023,block_pca_fit_b48,balanced_interval,512,-0.03517863655024539,-0.035804724856592474,-0.011797681416881846,-0.011867548546665274
ETTh2,2023,block_pca_fit_b48,balanced_interval,720,-0.030591922950425517,-0.031064664198767078,-0.014187712880880153,-0.014288836149284112
ETTh2,2023,block_pca_fit_b48,dct2,48,-0.012139285552710665,-0.012213265732007983,0.0022156018073985926,0.002213149173401985
ETTh2,2023,block_pca_fit_b48,dct2,96,-0.022374900526241255,-0.022627096050550133,-0.009225033135958469,-0.00926771490007594
ETTh2,2023,block_pca_fit_b48,dct2,144,-0.026791953877932446,-0.02715408510852302,-0.015008231157954095,-0.015121420206083203
ETTh2,2023,block_pca_fit_b48,dct2,192,-0.02466418645277589,-0.024970863623083872,-0.014822111770418828,-0.014932504010109149
ETTh2,2023,block_pca_fit_b48,dct2,288,-0.024658956228941202,-0.024965502810062157,-0.011733650188422795,-0.011802759498777293
ETTh2,2023,block_pca_fit_b48,dct2,336,-0.023908429215349875,-0.024196527116815636,-0.009973359406726695,-0.010023259106904936
ETTh2,2023,block_pca_fit_b48,dct2,512,-0.03262921639062784,-0.033167386679631594,-0.01286082775853172,-0.012943883878742124
ETTh2,2023,block_pca_fit_b48,dct2,720,-0.0328441525058886,-0.03338947553074112,-0.016330479642663265,-0.016464550746219775
ETTh2,2023,block_pca_fit_b48,pca_fit,48,-0.011375890666199982,-0.011440842170500787,-0.008035853490767913,-0.008068227621251367
ETTh2,2023,block_pca_fit_b48,pca_fit,96,-0.03522260754787295,-0.03585027122504392,-0.01822798867624608,-0.018395132482458054
ETTh2,2023,block_pca_fit_b48,pca_fit,144,-0.052142655067001685,-0.05352602261934547,-0.026110584048166904,-0.026454451686030556
ETTh2,2023,block_pca_fit_b48,pca_fit,192,-0.044117079304111184,-0.045104707857723136,-0.022632500447223425,-0.022890558642201464
ETTh2,2023,block_pca_fit_b48,pca_fit,288,-0.026252538737744146,-0.026600172051684634,-0.014087381669963867,-0.014187076427057965
ETTh2,2023,block_pca_fit_b48,pca_fit,336,-0.020549216581974592,-0.020761805414005075,-0.010557909845004836,-0.010613841241392974
ETTh2,2023,block_pca_fit_b48,pca_fit,512,-0.025516746946730718,-0.02584508589959844,-0.01244914844395654,-0.012526961659938829
ETTh2,2023,block_pca_fit_b48,pca_fit,720,-0.024580951810069206,-0.024885554089868922,-0.014466555291502162,-0.014571702329133851
ETTh2,2023,block_pca_fit_b96,balanced_interval,48,-0.007665516076534509,-0.00769497136010866,-0.0006499355512614848,-0.0006501468051365311
ETTh2,2023,block_pca_fit_b96,balanced_interval,96,0.020393324350636788,0.020186786889508035,0.004910008686074291,0.004897974297799035
ETTh2,2023,block_pca_fit_b96,balanced_interval,144,-0.00508507354914967,-0.005098024478487062,-0.004868730130453036,-0.004880601655592454
ETTh2,2023,block_pca_fit_b96,balanced_interval,192,-0.02891641035765433,-0.029338548837768874,-0.015343013022136405,-0.015461321340704215
ETTh2,2023,block_pca_fit_b96,balanced_interval,288,-0.03030573657325514,-0.030769629757324113,-0.012816083743620027,-0.012898561716452539
ETTh2,2023,block_pca_fit_b96,balanced_interval,336,-0.03341752527476354,-0.033982162814789385,-0.01170601390098633,-0.011774797413272697
ETTh2,2023,block_pca_fit_b96,balanced_interval,512,-0.03582085732847168,-0.03647015382636454,-0.012190126794002627,-0.012264729219112702
ETTh2,2023,block_pca_fit_b96,balanced_interval,720,-0.030706928551654394,-0.031183249229219667,-0.015071800548459654,-0.015185952907185385
ETTh2,2023,block_pca_fit_b96,dct2,48,-0.06041863031870991,-0.06228115657438349,-0.01634865269529591,-0.01648302317784922
ETTh2,2023,block_pca_fit_b96,dct2,96,-0.019624720190432567,-0.019818550893159204,-0.011742009909776285,-0.011811217923266337
ETTh2,2023,block_pca_fit_b96,dct2,144,-0.026963967245865465,-0.027330784538984965,-0.016256464813003045,-0.016389320079767344
ETTh2,2023,block_pca_fit_b96,dct2,192,-0.03578333663687112,-0.03643126547893294,-0.020763716395110855,-0.020980782114914165
ETTh2,2023,block_pca_fit_b96,dct2,288,-0.028155814159148303,-0.028555935514635422,-0.014427314152640034,-0.014531890161219696
ETTh2,2023,block_pca_fit_b96,dct2,336,-0.031786921483716486,-0.032297521444800914,-0.013856572033676432,-0.013953019289180801
ETTh2,2023,block_pca_fit_b96,dct2,512,-0.03327143716885406,-0.033831121352028815,-0.013253273135652667,-0.01334148703691107
ETTh2,2023,block_pca_fit_b96,dct2,720,-0.03295915810711748,-0.0335083279428936,-0.01721456731024274,-0.01736359187709602
ETTh2,2023,block_pca_fit_b96,pca_fit,48,-0.05965523543219926,-0.06147052602639347,-0.026600107993462394,-0.026957048725492205
ETTh2,2023,block_pca_fit_b96,pca_fit,96,-0.032472427212064274,-0.033005409912189476,-0.020744965450063765,-0.020961637939860944
ETTh2,2023,block_pca_fit_b96,pca_fit,144,-0.05231466843493481,-0.053707258765774535,-0.027358817703215733,-0.02773650666362215
ETTh2,2023,block_pca_fit_b96,pca_fit,192,-0.05523622948820646,-0.056790230206282155,-0.028574105071915438,-0.028986261110102385
ETTh2,2023,block_pca_fit_b96,pca_fit,288,-0.02974939666795118,-0.0301963309683988,-0.016781045634181042,-0.016922638295955084
ETTh2,2023,block_pca_fit_b96,pca_fit,336,-0.02842770885034124,-0.02883563243542775,-0.01444112247195445,-0.01454589923823435
ETTh2,2023,block_pca_fit_b96,pca_fit,512,-0.02615896772495695,-0.026504116527934718,-0.012841593821077435,-0.012924401166800159
ETTh2,2023,block_pca_fit_b96,pca_fit,720,-0.024695957411298066,-0.025003428447183396,-0.01535064295908163,-0.015469069276114356
ETTh2,2023,block_pca_fit_b144,balanced_interval,48,0.03701143597833804,0.03633488516733996,0.016969887729986567,0.016826710231260034
ETTh2,2023,block_pca_fit_b144,balanced_interval,96,0.04286632069128902,0.04196054844114361,0.015250539757664692,0.015134839188317928
ETTh2,2023,block_pca_fit_b144,balanced_interval,144,0.02284598235889551,0.022586988972603472,0.005080527365357219,0.005067643314694115
ETTh2,2023,block_pca_fit_b144,balanced_interval,192,-0.00673777760862577,-0.0067605274980411245,-0.006093810537009488,-0.006112415573095831
ETTh2,2023,block_pca_fit_b144,balanced_interval,288,-0.017369558395728124,-0.017521286384840185,-0.008443974863917623,-0.008479725775420999
ETTh2,2023,block_pca_fit_b144,balanced_interval,336,-0.020654013900337543,-0.020868784119342676,-0.0071778313039419575,-0.0072036536809714224
ETTh2,2023,block_pca_fit_b144,balanced_interval,512,-0.02302133958416001,-0.023288375862644317,-0.006091535661009289,-0.006110126794711457
ETTh2,2023,block_pca_fit_b144,balanced_interval,720,-0.021376940326058552,-0.021607063969429463,-0.008118209799643061,-0.008151251818308891
ETTh2,2023,block_pca_fit_b144,dct2,48,-0.01574167826383737,-0.015866231180191148,0.00127117058595232,0.0012703629908563663
ETTh2,2023,block_pca_fit_b144,dct2,96,0.002848276150219879,0.002844223660155909,-0.001401478838185815,-0.001402461368597674
ETTh2,2023,block_pca_fit_b144,dct2,144,0.0009670886621796642,0.000966621182649563,-0.006307207317192867,-0.0063271396329782625
ETTh2,2023,block_pca_fit_b144,dct2,192,-0.013604703887842491,-0.013697668980904076,-0.011514513909983967,-0.011581061099514844
ETTh2,2023,block_pca_fit_b144,dct2,288,-0.015219635981621177,-0.015336044456424114,-0.010055205272937687,-0.010105928718476598
ETTh2,2023,block_pca_fit_b144,dct2,336,-0.019023410109290484,-0.019205508050463838,-0.009328389436632079,-0.009372034468426715
ETTh2,2023,block_pca_fit_b144,dct2,512,-0.020471919424542444,-0.02068290647740234,-0.007154682002659343,-0.0071803378900126
ETTh2,2023,block_pca_fit_b144,dct2,720,-0.023629169881521497,-0.023910550609606673,-0.010260976561426223,-0.010313800903269055
ETTh2,2023,block_pca_fit_b144,pca_fit,48,-0.014978283377326727,-0.015091020027691915,-0.008980284712214183,-0.009020728443724035
ETTh2,2023,block_pca_fit_b144,pca_fit,96,-0.009999430871411887,-0.010049592235906069,-0.010404434378473312,-0.01045874871237884
ETTh2,2023,block_pca_fit_b144,pca_fit,144,-0.024383612526889604,-0.02468332386392391,-0.017409560207405566,-0.01756198989381752
ETTh2,2023,block_pca_fit_b144,pca_fit,192,-0.033057596739177846,-0.03361007009651629,-0.019324902586788484,-0.019512837170546637
ETTh2,2023,block_pca_fit_b144,pca_fit,288,-0.01681321849042414,-0.016955356128117716,-0.012408936754478713,-0.012486247058775657
ETTh2,2023,block_pca_fit_b144,pca_fit,336,-0.015664197475915208,-0.015787524113358042,-0.009912939874910133,-0.009962235817983833
ETTh2,2023,block_pca_fit_b144,pca_fit,512,-0.01335944998064533,-0.013449086151070988,-0.006743002688084113,-0.006765787915535837
ETTh2,2023,block_pca_fit_b144,pca_fit,720,-0.015365969185702186,-0.015484632704460433,-0.008397052210265068,-0.00843240634071818
ETTm1,2021,block_dct2_b16,balanced_interval,48,-5.158789517176805e-05,-5.158922585013492e-05,1.589667652233872e-05,1.589655017086855e-05
ETTm1,2021,block_dct2_b16,balanced_interval,96,-0.0046536553666863085,-0.004664500437369989,-0.0010288851425596733,-0.0010294146264551163
ETTm1,2021,block_dct2_b16,balanced_interval,144,0.0029887366161423035,0.0029842747890441723,0.001093695919772856,0.0010930980523720102
ETTm1,2021,block_dct2_b16,balanced_interval,192,-4.380237249618437e-05,-4.380333183418017e-05,0.0004992162271472694,0.0004990916394594924
ETTm1,2021,block_dct2_b16,balanced_interval,288,-0.002151016638868367,-0.0021533317347977032,-0.00032623927514361273,-0.00032629249696336515
ETTm1,2021,block_dct2_b16,balanced_interval,336,-0.0034564906991693357,-0.0034624712517357104,-0.001318344980090735,-0.001319214378847855
ETTm1,2021,block_dct2_b16,balanced_interval,512,-0.003916592866376263,-0.003924272739255219,-0.00171275264987755,-0.001714220248455467
ETTm1,2021,block_dct2_b16,balanced_interval,720,-0.001311621429905547,-0.0013124819814913646,-0.0003382840517123579,-0.00033834127621479304
ETTm1,2021,block_dct2_b16,dct2,48,-0.010755364468420524,-0.010813411319202881,-0.00344197342103011,-0.0034479038136780993
ETTm1,2021,block_dct2_b16,dct2,96,-0.023365294613450074,-0.023640401582974313,-0.011270694855497662,-0.011334448427317234
ETTm1,2021,block_dct2_b16,dct2,144,-0.01703665445217426,-0.017182605913112825,-0.010787680027436452,-0.010846076847450092
ETTm1,2021,block_dct2_b16,dct2,192,-0.0207266805257926,-0.02094296990429978,-0.013259757148951027,-0.013348057577890371
ETTm1,2021,block_dct2_b16,dct2,288,-0.021816805326464066,-0.022056532006418772,-0.013662270329954214,-0.013756025628760327
ETTm1,2021,block_dct2_b16,dct2,336,-0.02039325465923385,-0.02060261785409412,-0.013034411279391952,-0.013119729506049671
ETTm1,2021,block_dct2_b16,dct2,512,-0.01896098574055626,-0.019141886775793093,-0.01195267534868377,-0.01202439403121236
ETTm1,2021,block_dct2_b16,dct2,720,-0.008765055169159805,-0.008803580742547057,-0.006613619108847347,-0.006635537380764056
ETTm1,2021,block_dct2_b16,pca_fit,48,-0.012657928159085835,-0.012738378819594054,-0.00820813303251,-0.008241912114263616
ETTm1,2021,block_dct2_b16,pca_fit,96,-0.023826497444245524,-0.024112616318917146,-0.01608933854940404,-0.016219468924030256
ETTm1,2021,block_dct2_b16,pca_fit,144,-0.022047976132552313,-0.02229282895021556,-0.01637040158981318,-0.016505130800306356
ETTm1,2021,block_dct2_b16,pca_fit,192,-0.02443232820686137,-0.024733243224719592,-0.01692762655855278,-0.017071710681608288
ETTm1,2021,block_dct2_b16,pca_fit,288,-0.023444772519876273,-0.02372176161214501,-0.015611569677104833,-0.015734066858585916
ETTm1,2021,block_dct2_b16,pca_fit,336,-0.02002020193387567,-0.020221950274949663,-0.014229976647042798,-0.014331704721363803
ETTm1,2021,block_dct2_b16,pca_fit,512,-0.011728775147672295,-0.011797826931116528,-0.01038878707835971,-0.01044293788478412
ETTm1,2021,block_dct2_b16,pca_fit,720,-0.0066795595784407994,-0.006701917589355455,-0.006169826610238346,-0.006188899195110009
ETTm1,2021,block_dct2_b32,balanced_interval,48,0.012007533531471878,0.011935730779376263,0.002728265625680641,0.002724547291321766
ETTm1,2021,block_dct2_b32,balanced_interval,96,0.011237644522311626,0.011174738055780953,0.00643020494275653,0.006409575415998958
ETTm1,2021,block_dct2_b32,balanced_interval,144,0.007237772511100766,0.007211642913670935,0.004057974144236184,0.004049751693083414
ETTm1,2021,block_dct2_b32,balanced_interval,192,0.002834183399823032,0.0028301708936723236,0.003392987020843433,0.0033872373450782867
ETTm1,2021,block_dct2_b32,balanced_interval,288,-0.005062319736511824,-0.005075154926541092,-0.0004352363878968739,-0.0004353311169962293
ETTm1,2021,block_dct2_b32,balanced_interval,336,-0.006540084407504161,-0.00656151745871103,-0.001418911789452643,-0.0014199189210730712
ETTm1,2021,block_dct2_b32,balanced_interval,512,-0.006650083234428009,-0.0066722441346487305,-0.0021162963488662225,-0.002118537284533595
ETTm1,2021,block_dct2_b32,balanced_interval,720,-0.003201979220465839,-0.0032071110317859475,-0.0005134773342808685,-0.0005136091863340297
ETTm1,2021,block_dct2_b32,dct2,48,0.0013037569582230392,0.001302907436350087,-0.0007296044718716806,-0.0007298706979570468
ETTm1,2021,block_dct2_b32,dct2,96,-0.007473994724452063,-0.0075019947368688555,-0.0038116047701815276,-0.003818878173820872
ETTm1,2021,block_dct2_b32,dct2,144,-0.012787618557215732,-0.012869729780439876,-0.00782340180297333,-0.007854084573212683
ETTm1,2021,block_dct2_b32,dct2,192,-0.01784869475347328,-0.01800893464360276,-0.01036598635525485,-0.01041989931779308
ETTm1,2021,block_dct2_b32,dct2,288,-0.0247281084241075,-0.025036383875313595,-0.013771267442707494,-0.013866528130707545
ETTm1,2021,block_dct2_b32,dct2,336,-0.023476848367568717,-0.02375459888208864,-0.013134978088753779,-0.013221620848105298
ETTm1,2021,block_dct2_b32,dct2,512,-0.02169447610860795,-0.021931512277192367,-0.012356219047672328,-0.012432872512561755
ETTm1,2021,block_dct2_b32,dct2,720,-0.010655412959720027,-0.010712384042725231,-0.006788812391415853,-0.0068119086139843965
ETTm1,2021,block_dct2_b32,pca_fit,48,-0.0005988067324422971,-0.0005989860529846958,-0.005495764083351607,-0.005510893497981284
ETTm1,2021,block_dct2_b32,pca_fit,96,-0.007935197555247457,-0.007966764677241223,-0.008630248464087848,-0.00866759642176751
ETTm1,2021,block_dct2_b32,pca_fit,144,-0.01779894023759382,-0.01795828536192423,-0.013406123365350095,-0.013496388354015787
ETTm1,2021,block_dct2_b32,pca_fit,192,-0.021554342434542205,-0.021788315293327587,-0.014033855764856672,-0.014132792598652522
ETTm1,2021,block_dct2_b32,pca_fit,288,-0.026356075617519802,-0.026706468532984085,-0.015720566789858156,-0.015844784973066517
ETTm1,2021,block_dct2_b32,pca_fit,336,-0.02310379564221054,-0.02337275566713215,-0.014330543456404636,-0.014433717954028813
ETTm1,2021,block_dct2_b32,pca_fit,512,-0.014462265515724106,-0.01456735005335541,-0.010792330777348248,-0.010850778050684795
ETTm1,2021,block_dct2_b32,pca_fit,720,-0.008569917369001069,-0.008606744236754782,-0.006345019892806937,-0.006365192173465983
ETTm1,2021,block_dct2_b48,balanced_interval,48,0.005018716443825828,0.005006143728212509,0.001434958926220996,0.0014339298649400645
ETTm1,2021,block_dct2_b48,balanced_interval,96,0.0026516293844704372,0.00264811692054423,0.0014095247302874099,0.0014085318168715055
ETTm1,2021,block_dct2_b48,balanced_interval,144,0.004763290929174488,0.0047519644498448255,0.001673930680906081,0.001672530440354647
ETTm1,2021,block_dct2_b48,balanced_interval,192,0.0018973994346346869,0.001895600510266604,0.000651109258016706,0.0006508973323818834
ETTm1,2021,block_dct2_b48,balanced_interval,288,0.0010973120645339197,0.0010967102378011129,0.00046610845686790946,0.00046599984519668514
ETTm1,2021,block_dct2_b48,balanced_interval,336,-0.0029533248830667536,-0.0029576902433838814,-0.0016716253437166263,-0.0016730232881994045
ETTm1,2021,block_dct2_b48,balanced_interval,512,-0.005506980379491051,-0.005522171669183784,-0.0024323033080558957,-0.0024352637574975855
ETTm1,2021,block_dct2_b48,balanced_interval,720,-0.009984368175562948,-0.010034378280687761,-0.004130185803613739,-0.0041387267755521595
ETTm1,2021,block_dct2_b48,dct2,48,-0.005685060129422831,-0.005701250750771436,-0.0020229111713312127,-0.002024958636515306
ETTm1,2021,block_dct2_b48,dct2,96,-0.016060009862293393,-0.01618966497824803,-0.00883228498265052,-0.008871404698999719
ETTm1,2021,block_dct2_b48,dct2,144,-0.015262100139142016,-0.015379160761594735,-0.010207445266303327,-0.010259718944577889
ETTm1,2021,block_dct2_b48,dct2,192,-0.01878547871866162,-0.01896303591360704,-0.013107864118081453,-0.013194148759233526
ETTm1,2021,block_dct2_b48,dct2,288,-0.01856847662306181,-0.0187419427891784,-0.01286992259794265,-0.012953096482591908
ETTm1,2021,block_dct2_b48,dct2,336,-0.019890088843131346,-0.020089214679260614,-0.013387691643017912,-0.013477708042156866
ETTm1,2021,block_dct2_b48,dct2,512,-0.020551373253671065,-0.02076400686447366,-0.012672226006862014,-0.012752858902288278
ETTm1,2021,block_dct2_b48,dct2,720,-0.01743780191481723,-0.01759072798761374,-0.010405520860748717,-0.010459846558495745
ETTm1,2021,block_dct2_b48,pca_fit,48,-0.007587623820088225,-0.007616482781845679,-0.006789070782811213,-0.006812168765552018
ETTm1,2021,block_dct2_b48,pca_fit,96,-0.01652121269308889,-0.016658442620839597,-0.01365092867655692,-0.013744528024489222
ETTm1,2021,block_dct2_b48,pca_fit,144,-0.020273421819520063,-0.020480323471765205,-0.01579016682868012,-0.0159154902700549
ETTm1,2021,block_dct2_b48,pca_fit,192,-0.02249112639973043,-0.02274595868536511,-0.016775733527683225,-0.01691723630894848
ETTm1,2021,block_dct2_b48,pca_fit,288,-0.02019644381647403,-0.020401771957724746,-0.0148192219450933,-0.014929571036693234
ETTm1,2021,block_dct2_b48,pca_fit,336,-0.01951703611777317,-0.01970873859084943,-0.014583257010668671,-0.014690111500155867
ETTm1,2021,block_dct2_b48,pca_fit,512,-0.013319162660787143,-0.013408257826014625,-0.011108337736538009,-0.011170264408548736
ETTm1,2021,block_dct2_b48,pca_fit,720,-0.015352306324098241,-0.01547075837324452,-0.009961728362139745,-0.010011511549662844
ETTm1,2021,block_dct2_b96,balanced_interval,48,0.009264528648122798,0.009221745127579228,0.0035316885441115144,0.0035254594673359563
ETTm1,2021,block_dct2_b96,balanced_interval,96,0.006726991008883078,0.006704415455080381,0.0031556332595981938,0.0031506594821449907
ETTm1,2021,block_dct2_b96,balanced_interval,144,0.009038787646322445,0.008998060605328151,0.004049159046833169,0.004040972255940245
ETTm1,2021,block_dct2_b96,balanced_interval,192,0.001930469316803131,0.0019286071593835885,0.002462449761739177,0.002459420419369307
ETTm1,2021,block_dct2_b96,balanced_interval,288,-0.0038833928242129573,-0.003890942964349664,-1.2193963258449606e-05,-1.2194037605217645e-05
ETTm1,2021,block_dct2_b96,balanced_interval,336,-0.005671676698041247,-0.005687791107159779,-0.0013243883085106284,-0.0013252656979985122
ETTm1,2021,block_dct2_b96,balanced_interval,512,-0.0022249782140497006,-0.0022274553149006504,-0.0004477480865697386,-0.000447848340706658
ETTm1,2021,block_dct2_b96,balanced_interval,720,-0.007104830939408729,-0.007130130130749146,-0.0025568557861742904,-0.0025601273296240734
ETTm1,2021,block_dct2_b96,dct2,48,-0.0014392479251259904,-0.0014402841394844934,7.381844655911971e-05,7.38157220446789e-05
ETTm1,2021,block_dct2_b96,dct2,96,-0.011984648237880594,-0.012056751892311812,-0.007086176453339794,-0.007111342811001453
ETTm1,2021,block_dct2_b96,dct2,144,-0.010986603421994229,-0.011047177781609019,-0.007832216900376214,-0.00786296894429439
ETTm1,2021,block_dct2_b96,dct2,192,-0.018752408836493317,-0.018929339483247043,-0.011296523614359118,-0.011360570278259985
ETTm1,2021,block_dct2_b96,dct2,288,-0.023549181511808726,-0.023828652949405615,-0.013348225018068986,-0.013437710286852811
ETTm1,2021,block_dct2_b96,dct2,336,-0.022608440658105786,-0.022865948407129855,-0.013040454607811886,-0.013125852139804328
ETTm1,2021,block_dct2_b96,dct2,512,-0.017269371088229676,-0.01741934877334761,-0.010687670785375842,-0.010744987952460816
ETTm1,2021,block_dct2_b96,dct2,720,-0.01455826467866305,-0.014664752344900167,-0.008832190843309233,-0.008871309724514553
ETTm1,2021,block_dct2_b96,pca_fit,48,-0.0033418116157913065,-0.0033474016934900153,-0.004692341164920736,-0.004703367437322692
ETTm1,2021,block_dct2_b96,pca_fit,96,-0.01244585106867604,-0.01252362298406906,-0.011904820147246213,-0.01197596455878669
ETTm1,2021,block_dct2_b96,pca_fit,144,-0.015997925102372253,-0.016126577045283197,-0.013414938462752922,-0.013505322462774139
ETTm1,2021,block_dct2_b96,pca_fit,192,-0.0224580565175621,-0.022712137156263523,-0.014964393023960859,-0.015076920152651496
ETTm1,2021,block_dct2_b96,pca_fit,288,-0.025177148705220982,-0.02549676985947036,-0.015297524365219705,-0.015415130419635048
ETTm1,2021,block_dct2_b96,pca_fit,336,-0.022235387932747652,-0.0224844366438266,-0.01423601997546269,-0.01433783467950489
ETTm1,2021,block_dct2_b96,pca_fit,512,-0.010037160495345874,-0.010087701746100075,-0.009123782515051816,-0.009165531090455703
ETTm1,2021,block_dct2_b96,pca_fit,720,-0.012472769087944029,-0.012550878481292216,-0.008388398344700235,-0.008423679540002782
ETTm1,2021,block_dct2_b144,balanced_interval,48,0.018156340712502227,0.017992507394720136,0.005564004635881603,0.005548554230744407
ETTm1,2021,block_dct2_b144,balanced_interval,96,0.018945209781960914,0.01876687725323989,0.007114759423850054,0.007089509441025488
ETTm1,2021,block_dct2_b144,balanced_interval,144,0.023545180450086613,0.023270155422048466,0.009145883334566103,0.00910418695713966
ETTm1,2021,block_dct2_b144,balanced_interval,192,0.012170302585984036,0.012096543978213359,0.005899058916004394,0.005881693631016205
ETTm1,2021,block_dct2_b144,balanced_interval,288,0.0018023178720119187,0.001800694672476344,0.001331000522552944,0.0013301151342184347
ETTm1,2021,block_dct2_b144,balanced_interval,336,-0.004809047907886004,-0.004820629937511756,-0.0019662225926032287,-0.001968156875781002
ETTm1,2021,block_dct2_b144,balanced_interval,512,-0.006916780125009597,-0.006940756296082151,-0.003157344145597354,-0.0031623338066011364
ETTm1,2021,block_dct2_b144,balanced_interval,720,-0.009554991027273186,-0.009600785693702818,-0.003872964290513913,-0.0038804739084092876
ETTm1,2021,block_dct2_b144,dct2,48,0.007452564139253581,0.007424862641574714,0.0021061345383294205,0.002103918193229304
ETTm1,2021,block_dct2_b144,dct2,96,0.000233570535197279,0.00023354325972346768,-0.003127050289087967,-0.0031319446111106597
ETTm1,2021,block_dct2_b144,dct2,144,0.00351978938177011,0.0035136021844632825,-0.002735492612643235,-0.0027392374864732005
ETTm1,2021,block_dct2_b144,dct2,192,-0.008512575567312346,-0.00854891056700402,-0.007859914460093806,-0.007890884675660903
ETTm1,2021,block_dct2_b144,dct2,288,-0.017863470815583725,-0.01802397691798263,-0.012005030532257608,-0.012077380141179761
ETTm1,2021,block_dct2_b144,dct2,336,-0.02174581186795059,-0.02198397525397322,-0.01368228889190445,-0.013776319769690959
ETTm1,2021,block_dct2_b144,dct2,512,-0.021961172999189496,-0.022204094580714706,-0.013397266844403469,-0.013487412341771199
ETTm1,2021,block_dct2_b144,dct2,720,-0.01700842476652747,-0.017153891573202795,-0.010148299347648812,-0.010199967972451596
ETTm1,2021,block_dct2_b144,pca_fit,48,0.005550000448588086,0.005534627648928536,-0.0026600250731506014,-0.0026635660788707494
ETTm1,2021,block_dct2_b144,pca_fit,96,-0.00022763229559820758,-0.00022765820579517815,-0.007945693982994379,-0.00797734478308465
ETTm1,2021,block_dct2_b144,pca_fit,144,-0.0014915322986078679,-0.001492645186140562,-0.008318214175019987,-0.008352906644965907
ETTm1,2021,block_dct2_b144,pca_fit,192,-0.012218223248381116,-0.012293170668446374,-0.011527783869695626,-0.01159448482850678
ETTm1,2021,block_dct2_b144,pca_fit,288,-0.01949143800899595,-0.019682636309724,-0.013954329879408318,-0.014052145997147658
ETTm1,2021,block_dct2_b144,pca_fit,336,-0.02137275914259241,-0.021602792451794528,-0.014877854259555286,-0.014989080451029313
ETTm1,2021,block_dct2_b144,pca_fit,512,-0.014728962406305602,-0.014837968095791298,-0.011833378574079427,-0.011903669986321308
ETTm1,2021,block_dct2_b144,pca_fit,720,-0.014922929175808489,-0.015034832029945155,-0.009704506849039785,-0.009751748270197647
ETTm1,2021,block_pca_fit_b16,balanced_interval,48,-0.00965930363074705,-0.00970610527311222,-0.005273255811904799,-0.0052871838966894735
ETTm1,2021,block_pca_fit_b16,balanced_interval,96,-0.008543547686130458,-0.008580147947437444,-0.0021393136642844863,-0.0021416036284542805
ETTm1,2021,block_pca_fit_b16,balanced_interval,144,0.00025292734209510193,0.0002528953586714566,0.0013712146613786206,0.0013702749761073107
ETTm1,2021,block_pca_fit_b16,balanced_interval,192,-0.003772478888645287,-0.0037796036436399394,-0.00044868476935992427,-0.000448785443427413
ETTm1,2021,block_pca_fit_b16,balanced_interval,288,-0.004122523854881856,-0.004131033145581942,-0.0009309049620351782,-0.0009313383885418691
ETTm1,2021,block_pca_fit_b16,balanced_interval,336,-0.005747240710231744,-0.005763787782937513,-0.0020895947432418996,-0.002091779467801924
ETTm1,2021,block_pca_fit_b16,balanced_interval,512,-0.005473134975426323,-0.0054881399408996945,-0.002029425219828541,-0.002031485896951013
ETTm1,2021,block_pca_fit_b16,balanced_interval,720,-0.0026679717696053615,-0.0026715339735357,-0.0008564771378608802,-0.0008568440191389914
ETTm1,2021,block_pca_fit_b16,dct2,48,-0.02036308020399583,-0.02057182219070941,-0.008731125909457191,-0.008769353364525223
ETTm1,2021,block_pca_fit_b16,dct2,96,-0.02725518693289425,-0.027630007056162587,-0.012381123377222454,-0.012458086788437184
ETTm1,2021,block_pca_fit_b16,dct2,144,-0.019772463726221545,-0.0199692336226569,-0.01051016128583063,-0.010565587038635638
ETTm1,2021,block_pca_fit_b16,dct2,192,-0.02445535704194162,-0.024756841909303162,-0.014207658145458182,-0.014309066610229904
ETTm1,2021,block_pca_fit_b16,dct2,288,-0.02378831254247765,-0.02407351142587677,-0.014266936016845809,-0.014369194474736169
ETTm1,2021,block_pca_fit_b16,dct2,336,-0.02268400467029635,-0.022943243182439454,-0.013805661042543136,-0.013901399250030977
ETTm1,2021,block_pca_fit_b16,dct2,512,-0.02051752784960636,-0.020729459278848505,-0.012269347918634755,-0.012344925145950647
ETTm1,2021,block_pca_fit_b16,dct2,720,-0.010121405508859654,-0.010172800182692843,-0.007131812194995803,-0.007157304132792364
ETTm1,2021,block_pca_fit_b16,pca_fit,48,-0.022265643894661177,-0.022515373362006486,-0.013497285520937107,-0.013588785080936416
ETTm1,2021,block_pca_fit_b16,pca_fit,96,-0.02771638976368966,-0.028104062233819338,-0.01719976707112883,-0.017348534764095147
ETTm1,2021,block_pca_fit_b16,pca_fit,144,-0.024783785406599555,-0.02509345639691052,-0.016092882848207427,-0.016223070715861043
ETTm1,2021,block_pca_fit_b16,pca_fit,192,-0.028161004723010506,-0.02856127431376021,-0.01787552755505999,-0.018036251041845697
ETTm1,2021,block_pca_fit_b16,pca_fit,288,-0.02541627973588985,-0.02574202728215602,-0.016216235363996388,-0.01634843211989989
ETTm1,2021,block_pca_fit_b16,pca_fit,336,-0.022310951944938085,-0.02256170258948731,-0.01500122641019403,-0.015114309561492956
ETTm1,2021,block_pca_fit_b16,pca_fit,512,-0.013285317256722428,-0.013373959194474816,-0.010705459648310631,-0.010762968116436289
ETTm1,2021,block_pca_fit_b16,pca_fit,720,-0.008035909918140715,-0.008068284503894851,-0.006688019696386785,-0.006710434442341429
ETTm1,2021,block_pca_fit_b32,balanced_interval,48,0.005680629452905135,0.005664525185968938,0.0012148592810112273,0.0012141216382158815
ETTm1,2021,block_pca_fit_b32,balanced_interval,96,0.000704363723322504,0.0007041157174273449,0.0021293266351216553,0.0021270612273783795
ETTm1,2021,block_pca_fit_b32,balanced_interval,144,0.00454395317461709,0.004533645038530154,0.0038401061720621456,0.0038327423932688065
ETTm1,2021,block_pca_fit_b32,balanced_interval,192,8.348224683394593e-05,8.34787622880917e-05,0.0017407416822380001,0.0017392274701806265
ETTm1,2021,block_pca_fit_b32,balanced_interval,288,-0.007087529873623916,-0.0071127058568434265,-0.001818357157837477,-0.0018200113717128374
ETTm1,2021,block_pca_fit_b32,balanced_interval,336,-0.008586234529459637,-0.008623201969111483,-0.002675814240736613,-0.002679397426929464
ETTm1,2021,block_pca_fit_b32,balanced_interval,512,-0.008797219165802245,-0.008836028419351605,-0.0031020077124243126,-0.003106823917028656
ETTm1,2021,block_pca_fit_b32,balanced_interval,720,-0.0071093207251696905,-0.007134651939417758,-0.0019453702232314347,-0.0019472636835120571
ETTm1,2021,block_pca_fit_b32,dct2,48,-0.005023147120343702,-0.005035784274407762,-0.002243010816541112,-0.0022455282471587346
ETTm1,2021,block_pca_fit_b32,dct2,96,-0.0180072755234413,-0.018170384085342883,-0.008112483077816231,-0.008145478433061681
ETTm1,2021,block_pca_fit_b32,dct2,144,-0.015481437893699388,-0.015601896172990015,-0.008041269775147204,-0.008073687620232528
ETTm1,2021,block_pca_fit_b32,dct2,192,-0.020599395906462425,-0.020813027837006448,-0.012018231693860106,-0.012090740826417479
ETTm1,2021,block_pca_fit_b32,dct2,288,-0.026753318561219697,-0.027114401451732162,-0.01515438821264811,-0.01526979820599883
ETTm1,2021,block_pca_fit_b32,dct2,336,-0.025522998489524277,-0.025851499034098557,-0.014391880540037734,-0.014495942268136774
ETTm1,2021,block_pca_fit_b32,dct2,512,-0.023841612039982224,-0.024128095484082124,-0.01334193041123041,-0.013431331114988287
ETTm1,2021,block_pca_fit_b32,dct2,720,-0.014562754464423901,-0.014669307982484003,-0.008220705280366414,-0.008254588061164414
ETTm1,2021,block_pca_fit_b32,pca_fit,48,-0.006925710811008988,-0.0069497490079519775,-0.007009170428021055,-0.007033792155410223
ETTm1,2021,block_pca_fit_b32,pca_fit,96,-0.018468478354236723,-0.018640075451883398,-0.012931126771722631,-0.01301509533721501
ETTm1,2021,block_pca_fit_b32,pca_fit,144,-0.020492759574077413,-0.020704177883450026,-0.013623991337523976,-0.013717220812238473
ETTm1,2021,block_pca_fit_b32,pca_fit,192,-0.024305043587531286,-0.024602818744632104,-0.015686101103461976,-0.015809773788626247
ETTm1,2021,block_pca_fit_b32,pca_fit,288,-0.028381285754631908,-0.028787871809000665,-0.017103687559798696,-0.017250793109582885
ETTm1,2021,block_pca_fit_b32,pca_fit,336,-0.02514994576416604,-0.025468873710718265,-0.015587445907688619,-0.015709563819722883
ETTm1,2021,block_pca_fit_b32,pca_fit,512,-0.01660940144709826,-0.016748104415670317,-0.011778042140906358,-0.01184767639576667
ETTm1,2021,block_pca_fit_b32,pca_fit,720,-0.012477258873705011,-0.012555424628014178,-0.007776912781757359,-0.007807231512377388
ETTm1,2021,block_pca_fit_b48,balanced_interval,48,0.008962821114060682,0.008922774764961727,0.00527606125180526,0.005262167286515851
ETTm1,2021,block_pca_fit_b48,balanced_interval,96,0.005591343649766827,0.005575741180994576,0.0043113947069870935,0.004302113987233347
ETTm1,2021,block_pca_fit_b48,balanced_interval,144,0.014524536934959751,0.01441956468734873,0.007893803691088126,0.007862729441165506
ETTm1,2021,block_pca_fit_b48,balanced_interval,192,0.01305878262306674,0.01297388666900623,0.006586365025811021,0.0065647224650208225
ETTm1,2021,block_pca_fit_b48,balanced_interval,288,0.005756643775531817,0.005740106050900029,0.0035285261095496837,0.0035223081768260833
ETTm1,2021,block_pca_fit_b48,balanced_interval,336,0.0011763423197782147,0.0011756507003718442,0.001374774705468612,0.00137383013562975
ETTm1,2021,block_pca_fit_b48,balanced_interval,512,-0.0030257571533492864,-0.003030339376924429,-8.117636442247951e-05,-8.117965931275783e-05
ETTm1,2021,block_pca_fit_b48,balanced_interval,720,-0.00916839065621717,-0.009210549093003007,-0.002737506192173663,-0.0027412565837088287
ETTm1,2021,block_pca_fit_b48,dct2,48,-0.0017409554591881094,-0.0017424718019776186,0.0018181911542529071,0.001816539246029536
ETTm1,2021,block_pca_fit_b48,dct2,96,-0.013120295596996893,-0.013206744339221643,-0.005930415005950942,-0.005948034730561824
ETTm1,2021,block_pca_fit_b48,dct2,144,-0.005500854133356786,-0.0055160116117358715,-0.0039875722561212865,-0.003995533200466639
ETTm1,2021,block_pca_fit_b48,dct2,192,-0.007624095530229675,-0.00765323294830611,-0.0071726083502873135,-0.007198393116705226
ETTm1,2021,block_pca_fit_b48,dct2,288,-0.013909144912063841,-0.014006327119215234,-0.009807504945260883,-0.00985575613413947
ETTm1,2021,block_pca_fit_b48,dct2,336,-0.015760421640286258,-0.01588527212182922,-0.010341291593832682,-0.01039494754753334
ETTm1,2021,block_pca_fit_b48,dct2,512,-0.018070150027529198,-0.018234403055878756,-0.010321099063228678,-0.010374545322619833
ETTm1,2021,block_pca_fit_b48,dct2,720,-0.01662182439547143,-0.016760735503337454,-0.009012841249308597,-0.009053579199249207
ETTm1,2021,block_pca_fit_b48,pca_fit,48,-0.003643519149853418,-0.0036501648345264037,-0.0029479684572270514,-0.002952317989283637
ETTm1,2021,block_pca_fit_b48,pca_fit,96,-0.013581498427792382,-0.013674145933076254,-0.010749058699857362,-0.010807037383866902
ETTm1,2021,block_pca_fit_b48,pca_fit,144,-0.010512175813734832,-0.010567622853260517,-0.00957029381849813,-0.009616235521959338
ETTm1,2021,block_pca_fit_b48,pca_fit,192,-0.01132974321129852,-0.011394167826810575,-0.010840477759889122,-0.010899448637108566
ETTm1,2021,block_pca_fit_b48,pca_fit,288,-0.015537112105476121,-0.015658440582056565,-0.011756804292411521,-0.01182618715630901
ETTm1,2021,block_pca_fit_b48,pca_fit,336,-0.015387368914928035,-0.015506364033154751,-0.011536856961483427,-0.01160366315975736
ETTm1,2021,block_pca_fit_b48,pca_fit,512,-0.010837939434645344,-0.010896882648775863,-0.008757210792904601,-0.008795667338730162
ETTm1,2021,block_pca_fit_b48,pca_fit,720,-0.014536328804752413,-0.014642495030948721,-0.00856904875069961,-0.008605868142858242
ETTm1,2021,block_pca_fit_b96,balanced_interval,48,-0.005248487668677665,-0.00526228510808413,-0.00460238174141249,-0.004612988966849807
ETTm1,2021,block_pca_fit_b96,balanced_interval,96,-0.007925126721868944,-0.007956613663017809,-0.005378558473926058,-0.005393048887084584
ETTm1,2021,block_pca_fit_b96,balanced_interval,144,0.0036097706147293802,0.003603263225199882,0.0008335403417305733,0.0008331930434822832
ETTm1,2021,block_pca_fit_b96,balanced_interval,192,-0.00013677749671205434,-0.00013678685118034828,0.0013490230195828334,0.0013481134970640962
ETTm1,2021,block_pca_fit_b96,balanced_interval,288,-0.007965392642174536,-0.00799720078082844,-0.001939528736615185,-0.0019414108390758411
ETTm1,2021,block_pca_fit_b96,balanced_interval,336,-0.008680622634638223,-0.008718408495095531,-0.0025936198729613114,-0.002596986214691732
ETTm1,2021,block_pca_fit_b96,balanced_interval,512,-0.00625202257231343,-0.006271607258796497,-0.0023172688301084563,-0.002319955772579041
ETTm1,2021,block_pca_fit_b96,balanced_interval,720,-0.008011571008966902,-0.00804374952005582,-0.002631814000700452,-0.0026352802633533567
ETTm1,2021,block_pca_fit_b96,dct2,48,-0.015952264241926403,-0.016080180890705842,-0.00806025183896486,-0.008092823120918746
ETTm1,2021,block_pca_fit_b96,dct2,96,-0.02663676596863269,-0.02699469558150991,-0.015620368186864006,-0.015743003844002068
ETTm1,2021,block_pca_fit_b96,dct2,144,-0.01641562045358706,-0.01655109704660429,-0.011047835605478782,-0.011109088303349335
ETTm1,2021,block_pca_fit_b96,dct2,192,-0.020819655650008408,-0.02103789661658695,-0.012409950356515468,-0.012487273317417946
ETTm1,2021,block_pca_fit_b96,dct2,288,-0.027631181329770205,-0.028016462828927224,-0.015275559791425797,-0.015392827504009388
ETTm1,2021,block_pca_fit_b96,dct2,336,-0.02561738659470274,-0.025948331783144818,-0.01430968617226252,-0.014412559842381212
ETTm1,2021,block_pca_fit_b96,dct2,512,-0.021296415446493466,-0.02152480249573241,-0.012557191528914583,-0.012636364106462183
ETTm1,2021,block_pca_fit_b96,dct2,720,-0.015465004748221264,-0.015585206776412397,-0.00890714905783539,-0.008946935750938856
ETTm1,2021,block_pca_fit_b96,pca_fit,48,-0.01785482793259169,-0.018015178293889766,-0.012826411450444749,-0.01290902268986005
ETTm1,2021,block_pca_fit_b96,pca_fit,96,-0.02709796879942814,-0.027468457684137526,-0.020439011880770425,-0.02064931886262622
ETTm1,2021,block_pca_fit_b96,pca_fit,144,-0.021426942133965104,-0.021658147446720344,-0.01663055716785558,-0.016769614682179634
ETTm1,2021,block_pca_fit_b96,pca_fit,192,-0.024525303331077202,-0.024828522354522375,-0.01607781976611728,-0.01620776337961294
ETTm1,2021,block_pca_fit_b96,pca_fit,288,-0.029259148523182486,-0.02969140290852934,-0.0172248591385765,-0.01737406246241724
ETTm1,2021,block_pca_fit_b96,pca_fit,336,-0.025244333869344562,-0.0255656703427809,-0.015505251539913355,-0.015626081645210732
ETTm1,2021,block_pca_fit_b96,pca_fit,512,-0.014064204853609532,-0.014163571071829306,-0.010993303258590546,-0.011053951655183303
ETTm1,2021,block_pca_fit_b96,pca_fit,720,-0.013379509157502264,-0.01346941530941792,-0.008463356559226358,-0.008499272011609937
ETTm1,2021,block_pca_fit_b144,balanced_interval,48,0.02159384226001343,0.02136236440756789,0.013354763887484198,0.013265984676141818
ETTm1,2021,block_pca_fit_b144,balanced_interval,96,0.01418867605861936,0.014088491184434448,0.008352452521481885,0.00831766770347142
ETTm1,2021,block_pca_fit_b144,balanced_interval,144,0.02067841637680735,0.020466084009119867,0.011850793071504826,0.011780848993537596
ETTm1,2021,block_pca_fit_b144,balanced_interval,192,0.01165384960501925,0.011586206522138487,0.008841871879417115,0.008802897483710326
ETTm1,2021,block_pca_fit_b144,balanced_interval,288,-0.0015877988339341818,-0.0015890600539356647,0.0017356556533368885,0.0017341502741293757
ETTm1,2021,block_pca_fit_b144,balanced_interval,336,-0.0064735537486830695,-0.006494552485447169,-0.0009350114483156303,-0.0009354487077901652
ETTm1,2021,block_pca_fit_b144,balanced_interval,512,-0.007864932265700165,-0.007895942088881114,-0.002782156243251778,-0.0027860300315944997
ETTm1,2021,block_pca_fit_b144,balanced_interval,720,-0.007109981039487478,-0.007135316965067862,-0.0022911978973841293,-0.0022938246970760634
ETTm1,2021,block_pca_fit_b144,dct2,48,0.010890065686764596,0.010830983585246368,0.009896893789931981,0.009848080701958972
ETTm1,2021,block_pca_fit_b144,dct2,96,-0.004522963188144456,-0.004533207224789004,-0.0018893571914560974,-0.001891143151349528
ETTm1,2021,block_pca_fit_b144,dct2,144,0.0006530253084906572,0.0006528121338692516,-3.058287570457935e-05,-3.058334336558666e-05
ETTm1,2021,block_pca_fit_b144,dct2,192,-0.009029028548277116,-0.009069913183411993,-0.004917101496681121,-0.0049292102788141
ETTm1,2021,block_pca_fit_b144,dct2,288,-0.021253587521529956,-0.021481053644985648,-0.011600375401473576,-0.011667920687076894
ETTm1,2021,block_pca_fit_b144,dct2,336,-0.023410317708747554,-0.023686490079840805,-0.012651077747616748,-0.012731441168751578
ETTm1,2021,block_pca_fit_b144,dct2,512,-0.0229093251398801,-0.023173759203364508,-0.013022078942057971,-0.013107235448826415
ETTm1,2021,block_pca_fit_b144,dct2,720,-0.014563414778741655,-0.014669977983377214,-0.008566532954519073,-0.008603330699259448
ETTm1,2021,block_pca_fit_b144,pca_fit,48,0.008987501996099174,0.008947235123195951,0.0051307341784519655,0.0051175944436141485
ETTm1,2021,block_pca_fit_b144,pca_fit,96,-0.004984166018939955,-0.0049966076361658285,-0.006708000885362473,-0.006730549914740758
ETTm1,2021,block_pca_fit_b144,pca_fit,144,-0.004358296371887281,-0.004367807558022685,-0.005613304438081391,-0.005629088551295958
ETTm1,2021,block_pca_fit_b144,pca_fit,192,-0.012734676229345973,-0.01281610751857265,-0.008584970906282961,-0.008621927450262135
ETTm1,2021,block_pca_fit_b144,pca_fit,288,-0.02288155471494219,-0.02314534562781656,-0.013549674748624311,-0.01364188760556706
ETTm1,2021,block_pca_fit_b144,pca_fit,336,-0.02303726498338935,-0.02330467226831967,-0.013846643115267607,-0.013942951882361276
ETTm1,2021,block_pca_fit_b144,pca_fit,512,-0.015677114546996235,-0.015800645197753038,-0.011458190671733856,-0.011524087182894105
ETTm1,2021,block_pca_fit_b144,pca_fit,720,-0.012477919188022704,-0.012556093233079269,-0.008122740455910165,-0.008155819415443188
ETTm1,2022,block_dct2_b16,balanced_interval,48,0.008295296533640627,0.00826098550029608,0.0055896622176676595,0.00557406912271996
ETTm1,2022,block_dct2_b16,balanced_interval,96,-0.005298676808858723,-0.005312739623953844,-0.0005029125512914486,-0.0005030390330107437
ETTm1,2022,block_dct2_b16,balanced_interval,144,-0.002332200090116419,-0.002334921784180377,-0.0003783449150149767,-0.0003784164964795167
ETTm1,2022,block_dct2_b16,balanced_interval,192,-0.0036633536520739142,-0.003670071933372432,-0.00041487646823272847,-0.00041496254137740607
ETTm1,2022,block_dct2_b16,balanced_interval,288,-0.005945400176783215,-0.005963109146656764,-0.0014393091256528474,-0.0014403454281592953
ETTm1,2022,block_dct2_b16,balanced_interval,336,-0.008375679784319216,-0.008410853924106787,-0.0028929564357286,-0.0028971450724053494
ETTm1,2022,block_dct2_b16,balanced_interval,512,-0.008631138379063714,-0.008668494050566578,-0.0034981274815469275,-0.0035042530700994945
ETTm1,2022,block_dct2_b16,balanced_interval,720,-0.003460871572773691,-0.0034668673036182263,-0.0013796138336285037,-0.001380565938588818
ETTm1,2022,block_dct2_b16,dct2,48,-0.011042741200348219,-0.011103937317142876,-0.000501050560061735,-0.0005011761068611786
ETTm1,2022,block_dct2_b16,dct2,96,-0.026687831296809947,-0.027047140741729203,-0.010829078971641783,-0.010887925674028187
ETTm1,2022,block_dct2_b16,dct2,144,-0.02691979571860944,-0.027285406771444753,-0.01386701001387025,-0.013963602965949562
ETTm1,2022,block_dct2_b16,dct2,192,-0.028021663728624326,-0.028417963547774372,-0.015348988027067814,-0.015467388745233235
ETTm1,2022,block_dct2_b16,dct2,288,-0.027045587763221718,-0.027414639231200244,-0.015500069434812138,-0.015620818577749107
ETTm1,2022,block_dct2_b16,dct2,336,-0.026083841318792836,-0.026427001859457455,-0.015043773838382795,-0.015157500983517869
ETTm1,2022,block_dct2_b16,dct2,512,-0.022666389296809992,-0.02292522381386486,-0.013501025833125308,-0.013592576226512998
ETTm1,2022,block_dct2_b16,dct2,720,-0.013230916056418058,-0.013318831934245434,-0.008720162418189573,-0.008758293791154559
ETTm1,2022,block_dct2_b16,pca_fit,48,0.002783992592275188,0.0027801208786722986,0.00017952332547213024,0.00017950721212423026
ETTm1,2022,block_dct2_b16,pca_fit,96,-0.01912931896215922,-0.019313456652914507,-0.01311542312180881,-0.013201807526526776
ETTm1,2022,block_dct2_b16,pca_fit,144,-0.02370784205997146,-0.023991107051894778,-0.016711278548984805,-0.016851693042461813
ETTm1,2022,block_dct2_b16,pca_fit,192,-0.025918900395205367,-0.026257716003242226,-0.017756127616980356,-0.017914704832957762
ETTm1,2022,block_dct2_b16,pca_fit,288,-0.026171663897461183,-0.02651714928400728,-0.017229461954795185,-0.017378745259029493
ETTm1,2022,block_dct2_b16,pca_fit,336,-0.02345151808057776,-0.023728667212720378,-0.01623834421821205,-0.016370902667615983
ETTm1,2022,block_dct2_b16,pca_fit,512,-0.01650759370902123,-0.01664459685998998,-0.012559234899087186,-0.012638433299518415
ETTm1,2022,block_dct2_b16,pca_fit,720,-0.011117186938036046,-0.011179212497558932,-0.008096112081159013,-0.008128974221899954
ETTm1,2022,block_dct2_b32,balanced_interval,48,0.0218339112144066,0.02159727672276912,0.00931735960181495,0.009274087505020567
ETTm1,2022,block_dct2_b32,balanced_interval,96,0.014158990248924148,0.01405922316858721,0.008822651329974833,0.008783845947704427
ETTm1,2022,block_dct2_b32,balanced_interval,144,0.008576902818441572,0.008540226119859384,0.005506138348666761,0.005491007352766308
ETTm1,2022,block_dct2_b32,balanced_interval,192,0.005467167956484813,0.005452250192108377,0.004813606054112591,0.0048020392193282024
ETTm1,2022,block_dct2_b32,balanced_interval,288,-0.003441696863006494,-0.003447626302147455,0.0007019625933239494,0.0007017162752214201
ETTm1,2022,block_dct2_b32,balanced_interval,336,-0.0056595186830681555,-0.005675564014266055,-0.000635662476054775,-0.0006358645522617223
ETTm1,2022,block_dct2_b32,balanced_interval,512,-0.0077531429614990785,-0.0077832764003347155,-0.0018741924022669893,-0.0018759497985754159
ETTm1,2022,block_dct2_b32,balanced_interval,720,-0.0035352906661143295,-0.0035415471768500684,-0.0003433070814920651,-0.0003433660181124676
ETTm1,2022,block_dct2_b32,dct2,48,0.002495873480417889,0.002492761377879238,0.003226646824085576,0.0032214467936126923
ETTm1,2022,block_dct2_b32,dct2,96,-0.007230164239027145,-0.007256364983653452,-0.0015035150903755985,-0.001504645935865856
ETTm1,2022,block_dct2_b32,dct2,144,-0.01601069281005141,-0.01613955073520601,-0.007982526750188517,-0.008014472061707911
ETTm1,2022,block_dct2_b32,dct2,192,-0.018891142120065575,-0.01907070870232297,-0.010120505504722379,-0.010171891023402546
ETTm1,2022,block_dct2_b32,dct2,288,-0.024541884449445026,-0.024845515298438814,-0.01335879771583531,-0.013448425114110929
ETTm1,2022,block_dct2_b32,dct2,336,-0.023367680217541716,-0.023642843586617612,-0.012786479878709024,-0.012868576448105129
ETTm1,2022,block_dct2_b32,dct2,512,-0.02178839387924531,-0.02202749431370843,-0.011877090753845366,-0.011947903468213505
ETTm1,2022,block_dct2_b32,dct2,720,-0.013305335149758719,-0.013394245009034522,-0.007683855666053294,-0.007713452241708829
ETTm1,2022,block_dct2_b32,pca_fit,48,0.016322607273041207,0.01619011536952175,0.003907220709619434,0.00389959745459445
ETTm1,2022,block_dct2_b32,pca_fit,96,0.0003283480956236383,0.0003282941952872376,-0.0037898592405425655,-0.0037970498379886752
ETTm1,2022,block_dct2_b32,pca_fit,144,-0.012798739151413453,-0.012880993556309672,-0.01082679528530305,-0.010885617125718339
ETTm1,2022,block_dct2_b32,pca_fit,192,-0.016788378786646636,-0.016930095572050163,-0.012527645094635111,-0.012606444754688528
ETTm1,2022,block_dct2_b32,pca_fit,288,-0.02366796058368443,-0.023950269589175344,-0.015088190235818337,-0.015202591623915573
ETTm1,2022,block_dct2_b32,pca_fit,336,-0.02073535697932668,-0.02095182810696783,-0.013981050258538318,-0.014079242216955334
ETTm1,2022,block_dct2_b32,pca_fit,512,-0.015629598291456607,-0.015752379301434916,-0.010935299819807159,-0.010995308749953248
ETTm1,2022,block_dct2_b32,pca_fit,720,-0.01119160603137667,-0.011254466337884406,-0.0070598053290226465,-0.007084784502766617
ETTm1,2022,block_dct2_b48,balanced_interval,48,0.010521917960940699,0.010466756220773643,0.00519767338287728,0.005184188851425575
ETTm1,2022,block_dct2_b48,balanced_interval,96,-0.0017982890921779213,-0.001799906983674271,-0.0005050163184919513,-0.0005051438607022174
ETTm1,2022,block_dct2_b48,balanced_interval,144,0.0007263729278891724,0.0007261091829369182,0.0004190818663236796,0.000418994063784206
ETTm1,2022,block_dct2_b48,balanced_interval,192,-0.0010951270590193471,-0.0010957269296152372,0.00011396414966916096,0.00011395765600219487
ETTm1,2022,block_dct2_b48,balanced_interval,288,-0.0029295236436874712,-0.0029338188913961005,-0.00025013010111798404,-0.000250161386260217
ETTm1,2022,block_dct2_b48,balanced_interval,336,-0.006723870099437199,-0.006746526064116853,-0.0022564236124167345,-0.0022589712520004745
ETTm1,2022,block_dct2_b48,balanced_interval,512,-0.008346517338503764,-0.008381446626016142,-0.002944427761479566,-0.002948766846563311
ETTm1,2022,block_dct2_b48,balanced_interval,720,-0.010389781378047821,-0.010443942568381548,-0.004108590821339376,-0.004117042651681224
ETTm1,2022,block_dct2_b48,dct2,48,-0.008816119773048216,-0.008855096213096214,-0.0008930393948520475,-0.0008934382732617152
ETTm1,2022,block_dct2_b48,dct2,96,-0.023187443580129176,-0.023458362268223842,-0.010831182738842277,-0.010890052349126655
ETTm1,2022,block_dct2_b48,dct2,144,-0.023861222700603934,-0.024148179509525525,-0.01306958323253161,-0.013155363532356246
ETTm1,2022,block_dct2_b48,dct2,192,-0.025453437135569728,-0.02578014189674782,-0.014820147409166,-0.014930510317982204
ETTm1,2022,block_dct2_b48,dct2,288,-0.024029711230125924,-0.024320751268076535,-0.014310890410277206,-0.014413781437284001
ETTm1,2022,block_dct2_b48,dct2,336,-0.02443203163391082,-0.024732939316603142,-0.014407241015070838,-0.014511525527411973
ETTm1,2022,block_dct2_b48,dct2,512,-0.022381768256250132,-0.022634119201462077,-0.012947326113057898,-0.013031505647439934
ETTm1,2022,block_dct2_b48,dct2,720,-0.020159825861692175,-0.02036440761588687,-0.0114491394059006,-0.01151493165091888
ETTm1,2022,block_dct2_b48,pca_fit,48,0.005010614019575205,0.004998081833201828,-0.0002124655093182544,-0.00021248808171314693
ETTm1,2022,block_dct2_b48,pca_fit,96,-0.01562893124547847,-0.01575170174812146,-0.013117526889009292,-0.013203939069499127
ETTm1,2022,block_dct2_b48,pca_fit,144,-0.02064926904196589,-0.020863940253037727,-0.01591385176764626,-0.016041151486503535
ETTm1,2022,block_dct2_b48,pca_fit,192,-0.023350673802150796,-0.023625435239234882,-0.01722728699907858,-0.017376532507717757
ETTm1,2022,block_dct2_b48,pca_fit,288,-0.023155787364365372,-0.02342596396228913,-0.01604028293026036,-0.01616961887151902
ETTm1,2022,block_dct2_b48,pca_fit,336,-0.021799708395695783,-0.022039058126025024,-0.015601811394900168,-0.015724155087277758
ETTm1,2022,block_dct2_b48,pca_fit,512,-0.016222972668461386,-0.01635527959179628,-0.012005535179019679,-0.012077890882881581
ETTm1,2022,block_dct2_b48,pca_fit,720,-0.018046096743310154,-0.018209911468933138,-0.010825089068869885,-0.010883892337537837
ETTm1,2022,block_dct2_b96,balanced_interval,48,0.007796997943645422,0.007766680202139109,0.005951094981748528,0.005933422290674173
ETTm1,2022,block_dct2_b96,balanced_interval,96,0.0009197679531089305,0.0009193450962184935,0.0027137155910689896,0.0027100367934036473
ETTm1,2022,block_dct2_b96,balanced_interval,144,0.0038266946437804446,0.0038193821783298887,0.0033889371348034304,0.0033832011687905394
ETTm1,2022,block_dct2_b96,balanced_interval,192,-0.0010970292760222292,-0.0010976312327397597,0.0025729736651039256,0.002569666405468629
ETTm1,2022,block_dct2_b96,balanced_interval,288,-0.008150052695270957,-0.008183354784520702,-0.001117637240116722,-0.0011182620293579415
ETTm1,2022,block_dct2_b96,balanced_interval,336,-0.010349304726234097,-0.010403044008464812,-0.002465894645302921,-0.0024689374640798345
ETTm1,2022,block_dct2_b96,balanced_interval,512,-0.006114703682911189,-0.006133436646185375,-0.0014759968988421115,-0.0014770867183888647
ETTm1,2022,block_dct2_b96,balanced_interval,720,-0.006291032295615423,-0.006310862401423423,-0.0016735283161348796,-0.0016749294461486652
ETTm1,2022,block_dct2_b96,dct2,48,-0.011541039790343408,-0.011607894533604002,-0.00013961779598079444,-0.0001396275429987881
ETTm1,2022,block_dct2_b96,dct2,96,-0.02046938653484229,-0.020680321203455643,-0.007612450829281315,-0.0076414991960669365
ETTm1,2022,block_dct2_b96,dct2,144,-0.02076090098471267,-0.020977907639050386,-0.010099727964051843,-0.010150902353899705
ETTm1,2022,block_dct2_b96,dct2,192,-0.02545533935257259,-0.025782093155030772,-0.012361137893731177,-0.012437852526254511
ETTm1,2022,block_dct2_b96,dct2,288,-0.029250240281709503,-0.029682230209725935,-0.01517839754927599,-0.015294174452979759
ETTm1,2022,block_dct2_b96,dct2,336,-0.02805746626070767,-0.028454784174041237,-0.014616712047957055,-0.014724058563519327
ETTm1,2022,block_dct2_b96,dct2,512,-0.020149954600657514,-0.020354335382181787,-0.011478895250420514,-0.011545030579761972
ETTm1,2022,block_dct2_b96,dct2,720,-0.016061076779259716,-0.016190749168820906,-0.009014076900696081,-0.009054826038474628
ETTm1,2022,block_dct2_b96,pca_fit,48,0.002285694002279854,0.002283083792835927,0.000540956089552944,0.0005408097991875804
ETTm1,2022,block_dct2_b96,pca_fit,96,-0.012910874200191444,-0.01299457938428561,-0.009898794979448343,-0.009947950108772918
ETTm1,2022,block_dct2_b96,pca_fit,144,-0.017548947326074704,-0.01770383481310356,-0.01294399649916651,-0.013028132649281599
ETTm1,2022,block_dct2_b96,pca_fit,192,-0.02335257601915361,-0.02362738239879425,-0.014768277483643863,-0.01487786731330809
ETTm1,2022,block_dct2_b96,pca_fit,288,-0.02837631641594893,-0.028782759426335236,-0.01690779006925905,-0.017051535749608826
ETTm1,2022,block_dct2_b96,pca_fit,336,-0.025425143022492644,-0.02575111876801439,-0.015811282427786413,-0.01593694216075736
ETTm1,2022,block_dct2_b96,pca_fit,512,-0.013991159012868754,-0.014089493346699511,-0.010537104316382336,-0.010592815104923492
ETTm1,2022,block_dct2_b96,pca_fit,720,-0.013947347660877754,-0.01404506568818098,-0.008390026563665448,-0.008425321475899583
ETTm1,2022,block_dct2_b144,balanced_interval,48,0.014637584682741912,0.014530976038299226,0.004371250747715374,0.004361710736821012
ETTm1,2022,block_dct2_b144,balanced_interval,96,0.014038938822850854,0.013940852467161258,0.00487279402480967,0.0048609412239064564
ETTm1,2022,block_dct2_b144,balanced_interval,144,0.01884286361451402,0.01866644666449946,0.007502583107723852,0.007474508984434802
ETTm1,2022,block_dct2_b144,balanced_interval,192,0.008094547719338542,0.00806187508411682,0.003906503462795278,0.0038988830044880407
ETTm1,2022,block_dct2_b144,balanced_interval,288,-0.001137490511144291,-0.001138137698842412,6.201990458392953e-05,6.201798138938397e-05
ETTm1,2022,block_dct2_b144,balanced_interval,336,-0.007873746361924326,-0.007904825819849526,-0.0030363468785383776,-0.003040961248816032
ETTm1,2022,block_dct2_b144,balanced_interval,512,-0.010937615769716684,-0.010997650167158257,-0.004612566423340711,-0.004623220682706819
ETTm1,2022,block_dct2_b144,balanced_interval,720,-0.010536003878556792,-0.01059170301097545,-0.004328836931706275,-0.004338219880496652
ETTm1,2022,block_dct2_b144,dct2,48,-0.00470045305124697,-0.0047115175098872975,-0.001719462030013874,-0.0017209411524936602
ETTm1,2022,block_dct2_b144,dct2,96,-0.007350215665100506,-0.007377294805444912,-0.005453372395540733,-0.005468269097560263
ETTm1,2022,block_dct2_b144,dct2,144,-0.005744732013979,-0.005761264630256946,-0.005986081991131365,-0.0060040343835550125
ETTm1,2022,block_dct2_b144,dct2,192,-0.016263762357211747,-0.01639673725282753,-0.011027608096039851,-0.011088636291569198
ETTm1,2022,block_dct2_b144,dct2,288,-0.022237678097582737,-0.02248677830440915,-0.013998740404575351,-0.01409718158551776
ETTm1,2022,block_dct2_b144,dct2,336,-0.025581907896397856,-0.02591193311749751,-0.01518716428119253,-0.015303075303839231
ETTm1,2022,block_dct2_b144,dct2,512,-0.02497286668746294,-0.02528730070623819,-0.014615464774919006,-0.01472279292634937
ETTm1,2022,block_dct2_b144,dct2,720,-0.0203060483622011,-0.020513618759746333,-0.011669385516267443,-0.01173773841545378
ETTm1,2022,block_dct2_b144,pca_fit,48,0.009126280741376362,0.009084762639240185,-0.0010388881444801199,-0.0010394279756937852
ETTm1,2022,block_dct2_b144,pca_fit,96,0.00020829666955023905,0.000208274977305134,-0.007739716545707735,-0.007769745573873665
ETTm1,2022,block_dct2_b144,pca_fit,144,-0.002532778355341005,-0.0025359885481031075,-0.008830350526246016,-0.008869453083137246
ETTm1,2022,block_dct2_b144,pca_fit,192,-0.014160999023792776,-0.014261740944180312,-0.013434747685952469,-0.013525399414774375
ETTm1,2022,block_dct2_b144,pca_fit,288,-0.021363754231822275,-0.0215935930512261,-0.015728132924558307,-0.01585247102062093
ETTm1,2022,block_dct2_b144,pca_fit,336,-0.022949584658182833,-0.02321495251525607,-0.016381734661021843,-0.016516650990617165
ETTm1,2022,block_dct2_b144,pca_fit,512,-0.01881407109967426,-0.01899217090948513,-0.013673673840880939,-0.013767586072590321
ETTm1,2022,block_dct2_b144,pca_fit,720,-0.018192319243819102,-0.0183588075539447,-0.011045335179236828,-0.01110656010281219
ETTm1,2022,block_pca_fit_b16,balanced_interval,48,-0.0009189170530876167,-0.0009193393867161781,-0.00012851240823265474,-0.0001285206663059757
ETTm1,2022,block_pca_fit_b16,balanced_interval,96,-0.007747730361870775,-0.007777821687709574,-0.0022981335421287915,-0.0023007762750808514
ETTm1,2022,block_pca_fit_b16,balanced_interval,144,-0.0015753615614486347,-0.001576603095342577,8.691833269472424e-05,8.691455540588144e-05
ETTm1,2022,block_pca_fit_b16,balanced_interval,192,-0.005123923166253725,-0.005137072910393448,-0.001542994211876004,-0.0015441852399493694
ETTm1,2022,block_pca_fit_b16,balanced_interval,288,-0.006463375251516352,-0.006484307935633593,-0.001953312140158757,-0.0019552210970443795
ETTm1,2022,block_pca_fit_b16,balanced_interval,336,-0.00854451718441683,-0.008581125764636655,-0.0031242805800339884,-0.0031291662313288615
ETTm1,2022,block_pca_fit_b16,balanced_interval,512,-0.008860689644679896,-0.008900061757276312,-0.0035157209215085903,-0.0035219083172348675
ETTm1,2022,block_pca_fit_b16,balanced_interval,720,-0.004418013591224134,-0.0044277874015783425,-0.0018454551198929866,-0.0018471590201887267
ETTm1,2022,block_pca_fit_b16,dct2,48,-0.020256954787076467,-0.020463519327528212,-0.006219225185962017,-0.006238604721320096
ETTm1,2022,block_pca_fit_b16,dct2,96,-0.029136884849821965,-0.029565516750990728,-0.012624299962479182,-0.012704322826904146
ETTm1,2022,block_pca_fit_b16,dct2,144,-0.026162957189941605,-0.026508211738333065,-0.013401746766160511,-0.013491952696250475
ETTm1,2022,block_pca_fit_b16,dct2,192,-0.029482233242804093,-0.029921136950568306,-0.016477105770711032,-0.016613601934725608
ETTm1,2022,block_pca_fit_b16,dct2,288,-0.027563562837954837,-0.02794695225627586,-0.016014072449318,-0.016142984926135195
ETTm1,2022,block_pca_fit_b16,dct2,336,-0.026252678718890435,-0.02660031575636368,-0.01527509798268817,-0.015392358586837851
ETTm1,2022,block_pca_fit_b16,dct2,512,-0.022895940562426255,-0.02316006454658459,-0.013518619273086917,-0.013610408963517395
ETTm1,2022,block_pca_fit_b16,dct2,720,-0.014188058074868497,-0.014289186275753263,-0.009186003704454085,-0.009228324523624654
ETTm1,2022,block_pca_fit_b16,pca_fit,48,-0.006430220994453139,-0.006450939249318166,-0.005538651300428208,-0.0055540179866817585
ETTm1,2022,block_pca_fit_b16,pca_fit,96,-0.021578372515171255,-0.021812869243945432,-0.014910644112646164,-0.01502236233951737
ETTm1,2022,block_pca_fit_b16,pca_fit,144,-0.022951003531303568,-0.023216404328478824,-0.016246015301275105,-0.01637869936313785
ETTm1,2022,block_pca_fit_b16,pca_fit,192,-0.027379469909385144,-0.02775773190901898,-0.01888424536062366,-0.01906368044102691
ETTm1,2022,block_pca_fit_b16,pca_fit,288,-0.02668963897219427,-0.027048997311242218,-0.0177434649693011,-0.017901815419290257
ETTm1,2022,block_pca_fit_b16,pca_fit,336,-0.023620355480675297,-0.0239015254913586,-0.016469668362517408,-0.01660604099250995
ETTm1,2022,block_pca_fit_b16,pca_fit,512,-0.016737144974637505,-0.016877995701356063,-0.012576828339048792,-0.012656249249718865
ETTm1,2022,block_pca_fit_b16,pca_fit,720,-0.012074328956486457,-0.012147517939012697,-0.008561953367423426,-0.008598711723037944
ETTm1,2022,block_pca_fit_b32,balanced_interval,48,0.014327956010800478,0.014225799329879218,0.007012988238501859,0.006988454621309481
ETTm1,2022,block_pca_fit_b32,balanced_interval,96,0.0032191072525924527,0.003213931482116905,0.004551417890827397,0.004541075884632151
ETTm1,2022,block_pca_fit_b32,balanced_interval,144,0.004230078967055809,0.004221144784893438,0.004231925643984132,0.004222983665033264
ETTm1,2022,block_pca_fit_b32,balanced_interval,192,0.0018441207127057495,0.0018424213668644107,0.0035630059634330757,0.0035566659897086073
ETTm1,2022,block_pca_fit_b32,balanced_interval,288,-0.008297739820938775,-0.0083322614818655,-0.001565468142032232,-0.0015666941269474322
ETTm1,2022,block_pca_fit_b32,balanced_interval,336,-0.010108508076944066,-0.010159771631797154,-0.0026611240607137057,-0.002664667994265235
ETTm1,2022,block_pca_fit_b32,balanced_interval,512,-0.012862666558653247,-0.012945746481791476,-0.0043139198992542035,-0.004323238246418892
ETTm1,2022,block_pca_fit_b32,balanced_interval,720,-0.009422682981805123,-0.009467216223397301,-0.0029112975475099217,-0.0029155394897346643
ETTm1,2022,block_pca_fit_b32,dct2,48,-0.005010081723188246,-0.00502265316851247,0.0009222754607724627,0.0009218502954762009
ETTm1,2022,block_pca_fit_b32,dct2,96,-0.018170047235358734,-0.018336126910539985,-0.005774748529523025,-0.005791454531985929
ETTm1,2022,block_pca_fit_b32,dct2,144,-0.020357516661437185,-0.020566144211737303,-0.00925673945487108,-0.00929971557142184
ETTm1,2022,block_pca_fit_b32,dct2,192,-0.022514189363844608,-0.022769546510709837,-0.011371105595402045,-0.011436002366042475
ETTm1,2022,block_pca_fit_b32,dct2,288,-0.029397927407377292,-0.029834312248659955,-0.015626228451191427,-0.01574895638393503
ETTm1,2022,block_pca_fit_b32,dct2,336,-0.02781666961141756,-0.028207165522133204,-0.014811941463367846,-0.014922181887397024
ETTm1,2022,block_pca_fit_b32,dct2,512,-0.02689791747639954,-0.02726293181835393,-0.014316818250832612,-0.014419794738260494
ETTm1,2022,block_pca_fit_b32,dct2,720,-0.019192727465449436,-0.01937809184277306,-0.01025184613207102,-0.01030457634659565
ETTm1,2022,block_pca_fit_b32,pca_fit,48,0.00881665206943499,0.008777899365907449,0.0016028493463061079,0.0016015654693379844
ETTm1,2022,block_pca_fit_b32,pca_fit,96,-0.010611534900708033,-0.010668036918034085,-0.008061092679690037,-0.008093670766775585
ETTm1,2022,block_pca_fit_b32,pca_fit,144,-0.017145563002799263,-0.017293391829100946,-0.012101007989985741,-0.012174521416761674
ETTm1,2022,block_pca_fit_b32,pca_fit,192,-0.020411426030425624,-0.02062116377160428,-0.013778245185314699,-0.01387360265506099
ETTm1,2022,block_pca_fit_b32,pca_fit,288,-0.028524003541616695,-0.02893470861520475,-0.01735562097117455,-0.017507104857506617
ETTm1,2022,block_pca_fit_b32,pca_fit,336,-0.02518434637320253,-0.025504151071299885,-0.016006511843197156,-0.016135302298306398
ETTm1,2022,block_pca_fit_b32,pca_fit,512,-0.02073912188861081,-0.020955671905219964,-0.013375027316794387,-0.013464873111114883
ETTm1,2022,block_pca_fit_b32,pca_fit,720,-0.017078998347067477,-0.017225678298384617,-0.009627795795040434,-0.00967429212021953
ETTm1,2022,block_pca_fit_b48,balanced_interval,48,0.016369168793614934,0.01623592198728452,0.011166870162918473,0.011104752104738824
ETTm1,2022,block_pca_fit_b48,balanced_interval,96,0.0006297589586642377,0.000629560702111398,0.0023997744494274253,0.002396897292692657
ETTm1,2022,block_pca_fit_b48,balanced_interval,144,0.00870653635430418,0.008668744225704739,0.005959797529118381,0.0059420731645131175
ETTm1,2022,block_pca_fit_b48,balanced_interval,192,0.006790463821011263,0.006767460718254736,0.0043280146242609336,0.004318662266212692
ETTm1,2022,block_pca_fit_b48,balanced_interval,288,0.00093116639006544,0.0009307329891756755,0.0021565576575097935,0.002154233957742391
ETTm1,2022,block_pca_fit_b48,balanced_interval,336,-0.0025862091010669954,-0.0025895562246560644,0.0005280783538511987,0.0005279389450180139
ETTm1,2022,block_pca_fit_b48,balanced_interval,512,-0.006903542905410873,-0.006927427288387689,-0.001604980720492379,-0.001606269391387416
ETTm1,2022,block_pca_fit_b48,balanced_interval,720,-0.010512733089258867,-0.010568186018018899,-0.0034049762813969475,-0.003410779798211694
ETTm1,2022,block_pca_fit_b48,dct2,48,-0.0029688689403740164,-0.002973280396364464,0.00507615738518908,0.005063295470526752
ETTm1,2022,block_pca_fit_b48,dct2,96,-0.020759395529286996,-0.02097637060347668,-0.007926391970923022,-0.007957888979976513
ETTm1,2022,block_pca_fit_b48,dct2,144,-0.01588105927418881,-0.016007833509983582,-0.007528867569736903,-0.00755728075478701
ETTm1,2022,block_pca_fit_b48,dct2,192,-0.017567846255539213,-0.01772306850784111,-0.010606096934574176,-0.010662540954420319
ETTm1,2022,block_pca_fit_b48,dct2,288,-0.020169021196373066,-0.020373790251249524,-0.011904202651649471,-0.011975339668277574
ETTm1,2022,block_pca_fit_b48,dct2,336,-0.020294370635540567,-0.02050170155023623,-0.011622739048802868,-0.011690545524655649
ETTm1,2022,block_pca_fit_b48,dct2,512,-0.02093879382315715,-0.021159548452850396,-0.011607879072070754,-0.011675511938388672
ETTm1,2022,block_pca_fit_b48,dct2,720,-0.02028277757290313,-0.020489870878665384,-0.01074552486595808,-0.010803465366004072
ETTm1,2022,block_pca_fit_b48,pca_fit,48,0.01085786485224932,0.010799131004604057,0.0057567312707229226,0.005740193043855646
ETTm1,2022,block_pca_fit_b48,pca_fit,96,-0.013200883194636267,-0.013288399526813599,-0.010212736121090001,-0.010265064096187881
ETTm1,2022,block_pca_fit_b48,pca_fit,144,-0.012669105615550805,-0.012749698721997493,-0.010373136104851495,-0.010427123592886556
ETTm1,2022,block_pca_fit_b48,pca_fit,192,-0.015465082922120251,-0.015585286168670942,-0.013013236524486778,-0.013098277171212702
ETTm1,2022,block_pca_fit_b48,pca_fit,288,-0.019295097330612618,-0.019482450782099425,-0.013633595171632623,-0.013726956431009851
ETTm1,2022,block_pca_fit_b48,pca_fit,336,-0.017662047397325544,-0.017818943698622247,-0.012817309428632245,-0.012899803211799288
ETTm1,2022,block_pca_fit_b48,pca_fit,512,-0.014779998235368366,-0.014889762514531668,-0.010666088138032579,-0.010723173635238004
ETTm1,2022,block_pca_fit_b48,pca_fit,720,-0.018169048454521157,-0.018335109816438155,-0.01012147452892746,-0.010172869904890414
ETTm1,2022,block_pca_fit_b96,balanced_interval,48,-0.0013540630385197893,-0.0013549801957921659,-0.0007559245878637734,-0.0007562103708607104
ETTm1,2022,block_pca_fit_b96,balanced_interval,96,-0.009866051894122515,-0.00991488183824929,-0.003841309213119945,-0.003848696497274151
ETTm1,2022,block_pca_fit_b96,balanced_interval,144,0.0006144830059141788,0.0006142942498963411,0.0009290007308127785,0.0009285693432306008
ETTm1,2022,block_pca_fit_b96,balanced_interval,192,-0.001215531968159719,-0.0012162710265619658,0.002075997637775735,0.0020738442450835004
ETTm1,2022,block_pca_fit_b96,balanced_interval,288,-0.010500698149717724,-0.01055602396418287,-0.0021576333715792213,-0.0021599627374668806
ETTm1,2022,block_pca_fit_b96,balanced_interval,336,-0.011681522888825895,-0.011750018327839173,-0.0029238255035063227,-0.0029281040501856204
ETTm1,2022,block_pca_fit_b96,balanced_interval,512,-0.011015089528019393,-0.011075978988926982,-0.0033837965883322767,-0.003389528090930849
ETTm1,2022,block_pca_fit_b96,balanced_interval,720,-0.010228497769493984,-0.010280987664413432,-0.003051424355602837,-0.0030560846899154726
ETTm1,2022,block_pca_fit_b96,dct2,48,-0.020692100772508628,-0.020907666558677374,-0.0068466373655931435,-0.006870129169886274
ETTm1,2022,block_pca_fit_b96,dct2,96,-0.031255206382073845,-0.03174877916346763,-0.014167475633470391,-0.01426830994285977
ETTm1,2022,block_pca_fit_b96,dct2,144,-0.02397311262257876,-0.02426277778049779,-0.01255966436804251,-0.012638868196381825
ETTm1,2022,block_pca_fit_b96,dct2,192,-0.02557384204471017,-0.02590365829737218,-0.012858113921059284,-0.012941134917402675
ETTm1,2022,block_pca_fit_b96,dct2,288,-0.03160088573615622,-0.03210549506613347,-0.016218393680738488,-0.01635062572410395
ETTm1,2022,block_pca_fit_b96,dct2,336,-0.029389684423299485,-0.02982582337580819,-0.015074642906160523,-0.01518883843289709
ETTm1,2022,block_pca_fit_b96,dct2,512,-0.025050340445765696,-0.025366736643824606,-0.013386694939910654,-0.013476697906279478
ETTm1,2022,block_pca_fit_b96,dct2,720,-0.019998542253138313,-0.020199852832538,-0.010391972940163939,-0.010446157021473113
ETTm1,2022,block_pca_fit_b96,pca_fit,48,-0.00686536697988529,-0.006888987635653265,-0.0061660634800593086,-0.006185112782421953
ETTm1,2022,block_pca_fit_b96,pca_fit,96,-0.023696694047423042,-0.023979691649813617,-0.01645381978363741,-0.016589929359152933
ETTm1,2022,block_pca_fit_b96,pca_fit,144,-0.020761158963940762,-0.02097817103017685,-0.01540393290315708,-0.015523185007925822
ETTm1,2022,block_pca_fit_b96,pca_fit,192,-0.023471078711291164,-0.023748692186980502,-0.015265253510972004,-0.015382362634685398
ETTm1,2022,block_pca_fit_b96,pca_fit,288,-0.030726961870395742,-0.031203907458857927,-0.01794778620072164,-0.018109815620386938
ETTm1,2022,block_pca_fit_b96,pca_fit,336,-0.026757361185084403,-0.027118553697316194,-0.016269213285989792,-0.016402277574152357
ETTm1,2022,block_pca_fit_b96,pca_fit,512,-0.018891544857976953,-0.019071119120814384,-0.012444904005872505,-0.012522664061062061
ETTm1,2022,block_pca_fit_b96,pca_fit,720,-0.017884813134756372,-0.018045704142477303,-0.0097679226031334,-0.009815784469191957
ETTm1,2022,block_pca_fit_b144,balanced_interval,48,0.030016857084926615,0.029570825196386763,0.019186806044732867,0.019003910874232033
ETTm1,2022,block_pca_fit_b144,balanced_interval,96,0.016852786778093834,0.016711572961942256,0.012051787055332585,0.011979455137604567
ETTm1,2022,block_pca_fit_b144,balanced_interval,144,0.023742081704166456,0.023462455820626893,0.015034424344017824,0.014921971645552756
ETTm1,2022,block_pca_fit_b144,balanced_interval,192,0.012544828498650714,0.012466470143914998,0.010601891076640257,0.010545889113072748
ETTm1,2022,block_pca_fit_b144,balanced_interval,288,-0.00028317028451782294,-0.00028321038100753704,0.0035684235502740484,0.0035620642933797964
ETTm1,2022,block_pca_fit_b144,balanced_interval,336,-0.0052697628162810565,-0.005283672439088338,0.000762527148849889,0.0007622364989043895
ETTm1,2022,block_pca_fit_b144,balanced_interval,512,-0.008694543135943499,-0.008732450458752927,-0.0022560633509208236,-0.0022586101767492206
ETTm1,2022,block_pca_fit_b144,balanced_interval,720,-0.0061613942245448295,-0.0061804146580037855,-0.0011272026742245882,-0.001127838205927656
ETTm1,2022,block_pca_fit_b144,dct2,48,0.01067881935093771,0.010622003182620299,0.013096093267003606,0.013010712561873916
ETTm1,2022,block_pca_fit_b144,dct2,96,-0.004536367709857434,-0.004546672602224966,0.0017256206349821378,0.001724132607740736
ETTm1,2022,block_pca_fit_b144,dct2,144,-0.0008455139243266161,-0.0008458714719881133,0.001545759245162597,0.0015445651746683886
ETTm1,2022,block_pca_fit_b144,dct2,192,-0.01181348157789957,-0.011883536343165524,-0.004332220482194823,-0.004341618115320189
ETTm1,2022,block_pca_fit_b144,dct2,288,-0.021383357870956368,-0.021613620199667727,-0.010492336758885284,-0.010547574345633803
ETTm1,2022,block_pca_fit_b144,dct2,336,-0.02297792435075456,-0.023243950523340384,-0.011388290253804317,-0.01145338369758453
ETTm1,2022,block_pca_fit_b144,dct2,512,-0.02272979405368972,-0.02299008419519355,-0.012258961702499176,-0.012334410767356863
ETTm1,2022,block_pca_fit_b144,dct2,720,-0.015931438708189197,-0.016059020698955706,-0.008467751258785733,-0.008503704072655216
ETTm1,2022,block_pca_fit_b144,pca_fit,48,0.024505553143561055,0.02420772981120023,0.013776667152537213,0.013682203170800933
ETTm1,2022,block_pca_fit_b144,pca_fit,96,0.00302214462479332,0.003017582542641284,-0.0005607235151848045,-0.0005608807500021573
ETTm1,2022,block_pca_fit_b144,pca_fit,144,0.002366439734311462,0.0023636419231890526,-0.0012985092899520725,-0.0012993527181670572
ETTm1,2022,block_pca_fit_b144,pca_fit,192,-0.009710718244480583,-0.009758020257082167,-0.006739360072107475,-0.006762120661071291
ETTm1,2022,block_pca_fit_b144,pca_fit,288,-0.02050943400519577,-0.020721197686853765,-0.012221729278868382,-0.01229671980538627
ETTm1,2022,block_pca_fit_b144,pca_fit,336,-0.02034560111253956,-0.020553983678392562,-0.012582860633633583,-0.012662357908952204
ETTm1,2022,block_pca_fit_b144,pca_fit,512,-0.016570998465901036,-0.01670905900706887,-0.011317170768461097,-0.011381452211382648
ETTm1,2022,block_pca_fit_b144,pca_fit,720,-0.013817709589807128,-0.013913615362554088,-0.00784370092175516,-0.007874543330636863
ETTm1,2023,block_dct2_b16,balanced_interval,48,0.005128332088804918,0.00511520464401749,-0.0009058730340876975,-0.0009062834609867565
ETTm1,2023,block_dct2_b16,balanced_interval,96,-0.005001928637309528,-0.0050144591659144755,-0.0030670607887500335,-0.0030717690319497226
ETTm1,2023,block_dct2_b16,balanced_interval,144,-0.0033923960625412723,-0.0033981567504002275,-0.0033082196376695823,-0.003313697835616747
ETTm1,2023,block_dct2_b16,balanced_interval,192,-0.006368547710845607,-0.0063888700291308,-0.003904587191495327,-0.003912220023182256
ETTm1,2023,block_dct2_b16,balanced_interval,288,-0.0076347693999179065,-0.007663988565007607,-0.0035851102451448387,-0.003591544439681016
ETTm1,2023,block_dct2_b16,balanced_interval,336,-0.00845328827210259,-0.008489118202491097,-0.004079046047741933,-0.0040873766792302035
ETTm1,2023,block_dct2_b16,balanced_interval,512,-0.009659350866088007,-0.009706152966925341,-0.004239181781634019,-0.004248179823007625
ETTm1,2023,block_dct2_b16,balanced_interval,720,-0.006847210084173258,-0.006870705823282197,-0.0029075270065807316,-0.0029117579627737644
ETTm1,2023,block_dct2_b16,dct2,48,-0.008826350901217474,-0.008865417991691604,-0.0044979098018202495,-0.004508040581528983
ETTm1,2023,block_dct2_b16,dct2,96,-0.026697786433414406,-0.02705736518720747,-0.014139370626749586,-0.014239804325769212
ETTm1,2023,block_dct2_b16,dct2,144,-0.02602584934241724,-0.026367479054953513,-0.015943738892579138,-0.016071518489123804
ETTm1,2023,block_dct2_b16,dct2,192,-0.02758148975112179,-0.027965380337207968,-0.017388526977591957,-0.01754058750371601
ETTm1,2023,block_dct2_b16,dct2,288,-0.02787264214401526,-0.028264718491900265,-0.01730107168329233,-0.017451602083353723
ETTm1,2023,block_dct2_b16,dct2,336,-0.026572365394889948,-0.026928558663534163,-0.016764003753049598,-0.01690530816890279
ETTm1,2023,block_dct2_b16,dct2,512,-0.023932911855207215,-0.024221602458486258,-0.014544316498150177,-0.014650599716476309
ETTm1,2023,block_dct2_b16,dct2,720,-0.013826065874968287,-0.013922087949252315,-0.00964473352092956,-0.009691393851448682
ETTm1,2023,block_dct2_b16,pca_fit,48,0.006831255057382898,0.006807975075215578,0.0011655627135727569,0.0011648837091861042
ETTm1,2023,block_dct2_b16,pca_fit,96,-0.01633384047103625,-0.01646796691486263,-0.013266459472788351,-0.013354849387492651
ETTm1,2023,block_dct2_b16,pca_fit,144,-0.020705109980313614,-0.02092094784505072,-0.016729178246577086,-0.016869894543163566
ETTm1,2023,block_dct2_b16,pca_fit,192,-0.024116790371998566,-0.02440995212380992,-0.01816650799314757,-0.018332522778712335
ETTm1,2023,block_dct2_b16,pca_fit,288,-0.02606291261004214,-0.02640552029247334,-0.01805973577034566,-0.018223798956149118
ETTm1,2023,block_dct2_b16,pca_fit,336,-0.02265976211268177,-0.02291844472252036,-0.01666167063758403,-0.01680125040495284
ETTm1,2023,block_dct2_b16,pca_fit,512,-0.015491768906154616,-0.01561238842302659,-0.01227140003958082,-0.01234700260230781
ETTm1,2023,block_dct2_b16,pca_fit,720,-0.012285959739819507,-0.012361742178504942,-0.008735670896842952,-0.008773938218930466
ETTm1,2023,block_dct2_b32,balanced_interval,48,0.015313736133419619,0.01519707713046159,0.0011357207885887824,0.0011350761018183997
ETTm1,2023,block_dct2_b32,balanced_interval,96,0.013411491562932256,0.013321958215477214,0.0055562186860562595,0.005540811451541505
ETTm1,2023,block_dct2_b32,balanced_interval,144,0.005414337891391388,0.0053997067818238875,0.0014511134431381782,0.0014500610871166497
ETTm1,2023,block_dct2_b32,balanced_interval,192,0.002069296963517471,0.0020671574445769725,0.0007411063276383438,0.0007408317761720129
ETTm1,2023,block_dct2_b32,balanced_interval,288,-0.005274805659755347,-0.005288741940078001,-0.001733904760623277,-0.001735408842668873
ETTm1,2023,block_dct2_b32,balanced_interval,336,-0.0059478023927264576,-0.005965525690178497,-0.0018596149703393133,-0.0018613451265667713
ETTm1,2023,block_dct2_b32,balanced_interval,512,-0.0075780217868057975,-0.007606807661292736,-0.0025983512847710427,-0.0026017299251350767
ETTm1,2023,block_dct2_b32,balanced_interval,720,-0.005362000444719844,-0.005376401697440025,-0.0013698269959815338,-0.0013707656375241406
ETTm1,2023,block_dct2_b32,dct2,48,0.0013590531433973283,0.0013581300488995085,-0.0024563159791437888,-0.0024593351947816977
ETTm1,2023,block_dct2_b32,dct2,96,-0.008284366233172543,-0.008318776552040053,-0.005516091151943335,-0.005531332794618038
ETTm1,2023,block_dct2_b32,dct2,144,-0.01721911538848455,-0.017368218936834268,-0.011184405811771344,-0.011247185109863223
ETTm1,2023,block_dct2_b32,dct2,192,-0.019143645076758593,-0.01932805955890826,-0.012742833458458312,-0.01282436932530695
ETTm1,2023,block_dct2_b32,dct2,288,-0.025512678403852698,-0.025840912213370704,-0.015449866198770828,-0.015569832405911699
ETTm1,2023,block_dct2_b32,dct2,336,-0.024066879515513725,-0.024358824221637043,-0.014544572675646905,-0.014650859647160175
ETTm1,2023,block_dct2_b32,dct2,512,-0.021851582775924933,-0.022092077143887723,-0.012903486001287235,-0.012987095206491439
ETTm1,2023,block_dct2_b32,dct2,720,-0.01234085623551485,-0.01241731881599395,-0.00810703351033023,-0.008139984491211116
ETTm1,2023,block_dct2_b32,pca_fit,48,0.017016659101997657,0.016872693519587978,0.0032071565362491333,0.0032020191033764744
ETTm1,2023,block_dct2_b32,pca_fit,96,0.002079579729205555,0.002077418901411221,-0.004643179997982031,-0.004653976261426163
ETTm1,2023,block_dct2_b32,pca_fit,144,-0.011898376026380967,-0.011969443284370218,-0.011969845165769166,-0.012041770454118472
ETTm1,2023,block_dct2_b32,pca_fit,192,-0.015678945697635477,-0.015802505283456725,-0.013520814474013968,-0.013612634044469107
ETTm1,2023,block_dct2_b32,pca_fit,288,-0.023702948869879545,-0.023986096481014574,-0.016208530285824186,-0.01634060110594948
ETTm1,2023,block_dct2_b32,pca_fit,336,-0.02015427623330565,-0.02035874498831869,-0.014442239560181397,-0.0145470325761472
ETTm1,2023,block_dct2_b32,pca_fit,512,-0.013410439826872489,-0.01350076308162107,-0.010630569542717828,-0.010687274805400104
ETTm1,2023,block_dct2_b32,pca_fit,720,-0.01080075010036612,-0.010859288765735275,-0.007197970886243749,-0.007223938546113029
ETTm1,2023,block_dct2_b48,balanced_interval,48,-0.0026032969041534172,-0.0026066884239448473,-0.004424475905672107,-0.004434278350754051
ETTm1,2023,block_dct2_b48,balanced_interval,96,-0.0015606815045823485,-0.0015619000017745854,-0.0013078076521390455,-0.0013086632054923886
ETTm1,2023,block_dct2_b48,balanced_interval,144,-0.00332247128569079,-0.0033279968111847857,-0.002479832289063296,-0.0024829096163803133
ETTm1,2023,block_dct2_b48,balanced_interval,192,-0.0061864970538254,-0.006205672950204466,-0.003715184698177093,-0.0037220945513247727
ETTm1,2023,block_dct2_b48,balanced_interval,288,-0.005091906161159829,-0.005104891946781764,-0.0024904025492786244,-0.0024935061776005796
ETTm1,2023,block_dct2_b48,balanced_interval,336,-0.008118331485314068,-0.008151374495877883,-0.0036440046598868454,-0.003650652116869768
ETTm1,2023,block_dct2_b48,balanced_interval,512,-0.007895358430077553,-0.007926608963025661,-0.003630898190819253,-0.003637497886846086
ETTm1,2023,block_dct2_b48,balanced_interval,720,-0.01275233452187669,-0.012833992279585704,-0.005401127009639157,-0.00541573939205886
ETTm1,2023,block_dct2_b48,dct2,48,-0.01655797989417586,-0.016695822993417764,-0.008016512673404712,-0.008048730946312865
ETTm1,2023,block_dct2_b48,dct2,96,-0.02325653930068729,-0.023529081304389132,-0.012380117490138629,-0.01245706837043703
ETTm1,2023,block_dct2_b48,dct2,144,-0.025955924565566838,-0.02629571304715439,-0.01511535154397285,-0.015230166228825448
ETTm1,2023,block_dct2_b48,dct2,192,-0.027399439094101544,-0.027778255597931123,-0.017199124484273767,-0.017347881029509793
ETTm1,2023,block_dct2_b48,dct2,288,-0.025329778905257117,-0.025653303582173326,-0.01620636398742617,-0.016338399411318205
ETTm1,2023,block_dct2_b48,dct2,336,-0.026237408608101285,-0.02658463957549473,-0.016328962365194457,-0.016463008488629027
ETTm1,2023,block_dct2_b48,dct2,512,-0.022168919419196652,-0.022416475881844145,-0.01393603290733544,-0.014033592083092739
ETTm1,2023,block_dct2_b48,dct2,720,-0.019731190312671672,-0.01992713687941361,-0.012138333523987986,-0.012212302076364256
ETTm1,2023,block_dct2_b48,pca_fit,48,-0.0009003739355755324,-0.0009007793938664577,-0.002353040158011801,-0.0023558107296670627
ETTm1,2023,block_dct2_b48,pca_fit,96,-0.012892593338309166,-0.012976061139557515,-0.011507206336177396,-0.011573668923259062
ETTm1,2023,block_dct2_b48,pca_fit,144,-0.02063518520346322,-0.020849562671416022,-0.015900790897970717,-0.01602788119209997
ETTm1,2023,block_dct2_b48,pca_fit,192,-0.02393473971497839,-0.024223474593661143,-0.01797710549982936,-0.01813966632419417
ETTm1,2023,block_dct2_b48,pca_fit,288,-0.023520049371283984,-0.023798827063662653,-0.016965028074479582,-0.017109751416780172
ETTm1,2023,block_dct2_b48,pca_fit,336,-0.02232480532589316,-0.022575868624426843,-0.016226629249728876,-0.016358995984267377
ETTm1,2023,block_dct2_b48,pca_fit,512,-0.013727776470144165,-0.013822435048182147,-0.011663116448766182,-0.011731395783159515
ETTm1,2023,block_dct2_b48,pca_fit,720,-0.01819108417752298,-0.018357549814080887,-0.01122927089990142,-0.011292555821717398
ETTm1,2023,block_dct2_b96,balanced_interval,48,0.007216641653924598,0.007190664223043153,-0.0009393328512268607,-0.0009397741624981304
ETTm1,2023,block_dct2_b96,balanced_interval,96,0.0014927462113923237,0.0014916326199385654,-0.0004447853942893591,-0.0004448843259801105
ETTm1,2023,block_dct2_b96,balanced_interval,144,0.0017570726186771598,0.001755529870289485,6.537452527631497e-05,6.537238840864656e-05
ETTm1,2023,block_dct2_b96,balanced_interval,192,-0.003320287797265618,-0.003325806058508851,-0.0007456327189497568,-0.0007459107721297098
ETTm1,2023,block_dct2_b96,balanced_interval,288,-0.0103424957199981,-0.010396164191259771,-0.003735027268068462,-0.0037420111747352713
ETTm1,2023,block_dct2_b96,balanced_interval,336,-0.01255449851827006,-0.012633637069626724,-0.004752645633168172,-0.00476395736654589
ETTm1,2023,block_dct2_b96,balanced_interval,512,-0.008089226829111871,-0.008122033023712394,-0.003523874774674402,-0.003530090920883744
ETTm1,2023,block_dct2_b96,balanced_interval,720,-0.009362973037757004,-0.009406942791877704,-0.00372947733383227,-0.003736440488041781
ETTm1,2023,block_dct2_b96,dct2,48,-0.006738041336097666,-0.006760793008484756,-0.004531369618959455,-0.004541651799191193
ETTm1,2023,block_dct2_b96,dct2,96,-0.02020311158471258,-0.020408575782933536,-0.01151709523228895,-0.011583672319641414
ETTm1,2023,block_dct2_b96,dct2,144,-0.02087638066119881,-0.021095816645439802,-0.012570144729633408,-0.01264948107349495
ETTm1,2023,block_dct2_b96,dct2,192,-0.024533229837541814,-0.024836645696624693,-0.014229572505046272,-0.014331294787406357
ETTm1,2023,block_dct2_b96,dct2,288,-0.030580368464095415,-0.031052750845025567,-0.01745098870621598,-0.01760414683274858
ETTm1,2023,block_dct2_b96,dct2,336,-0.03067357564105732,-0.031148856840045314,-0.017437603338475747,-0.01759052591818988
ETTm1,2023,block_dct2_b96,dct2,512,-0.022362787818230968,-0.022614709342150707,-0.013829009491190609,-0.013925072551151274
ETTm1,2023,block_dct2_b96,dct2,720,-0.016341828828551994,-0.016476086856817895,-0.010466683848181092,-0.01052165119145032
ETTm1,2023,block_dct2_b96,pca_fit,48,0.008919564622502495,0.008879903314107263,0.0011321028964333998,0.0011314623097088417
ETTm1,2023,block_dct2_b96,pca_fit,96,-0.009839165622334518,-0.00988772935726967,-0.010644184078327783,-0.010701034936962284
ETTm1,2023,block_dct2_b96,pca_fit,144,-0.015555641299095167,-0.0156772600883075,-0.013355584083631232,-0.013445168268847896
ETTm1,2023,block_dct2_b96,pca_fit,192,-0.02106853045841863,-0.021292038850975192,-0.015007553520601971,-0.015120732322124963
ETTm1,2023,block_dct2_b96,pca_fit,288,-0.028770638930122307,-0.029188511623926328,-0.018209652793269304,-0.018376459479678475
ETTm1,2023,block_dct2_b96,pca_fit,336,-0.026760972358849274,-0.027122262807588005,-0.017335270223010193,-0.017486398037360518
ETTm1,2023,block_dct2_b96,pca_fit,512,-0.013921644869178433,-0.014019002234037181,-0.01155609303262133,-0.011623122626946536
ETTm1,2023,block_dct2_b96,pca_fit,720,-0.014801722693403291,-0.014911810684078874,-0.009557621224094478,-0.009603441145972447
ETTm1,2023,block_dct2_b144,balanced_interval,48,0.019138264681458548,0.018956290830937528,0.005141214362069747,0.005128020939266564
ETTm1,2023,block_dct2_b144,balanced_interval,96,0.018885718104721477,0.01870850031255089,0.0060452875221395155,0.0060270515372888855
ETTm1,2023,block_dct2_b144,balanced_interval,144,0.02046697402884357,0.020258947160033403,0.006352959024149089,0.006332821646512832
ETTm1,2023,block_dct2_b144,balanced_interval,192,0.008073203959506944,0.008040703169067465,0.0026681672166389424,0.0026646108222124765
ETTm1,2023,block_dct2_b144,balanced_interval,288,-0.002178121096593074,-0.0021804949255315176,-0.0007273234260752918,-0.0007275879898955839
ETTm1,2023,block_dct2_b144,balanced_interval,336,-0.007896830386871945,-0.007928092588537883,-0.003157118517123705,-0.003162107464640629
ETTm1,2023,block_dct2_b144,balanced_interval,512,-0.011872799125284232,-0.011943560573007606,-0.004718137047865965,-0.004729284982065485
ETTm1,2023,block_dct2_b144,balanced_interval,720,-0.014048481764789804,-0.014147625413281517,-0.005558301690858726,-0.0055737777098767705
ETTm1,2023,block_dct2_b144,dct2,48,0.005183581691436188,0.005170170115200601,0.001549177594337253,0.0015479782381463414
ETTm1,2023,block_dct2_b144,dct2,96,-0.002810139691383469,-0.002814091835084298,-0.005027022315860126,-0.005039678992119212
ETTm1,2023,block_dct2_b144,dct2,144,-0.0021664792510323314,-0.0021688277628995056,-0.006282560230760617,-0.006302336906647277
ETTm1,2023,block_dct2_b144,dct2,192,-0.013139738080769299,-0.013226443786409137,-0.010815772569457798,-0.010874474482220009
ETTm1,2023,block_dct2_b144,dct2,288,-0.022415993840690374,-0.022669120050819114,-0.014443284864222826,-0.014548093086814928
ETTm1,2023,block_dct2_b144,dct2,336,-0.02601590750965929,-0.026357275131851488,-0.015842076222431296,-0.015968227196016427
ETTm1,2023,block_dct2_b144,dct2,512,-0.026146360114403355,-0.02649117484538377,-0.015023271764382227,-0.01513668836266202
ETTm1,2023,block_dct2_b144,dct2,720,-0.02102733755558478,-0.021249969733734275,-0.01229550820520746,-0.01237140872571052
ETTm1,2023,block_dct2_b144,pca_fit,48,0.020841187650036588,0.02062551101637644,0.007212650109730062,0.007186701372793647
ETTm1,2023,block_dct2_b144,pca_fit,96,0.00755380627099454,0.007525347977633268,-0.004154111161898905,-0.004162751441756374
ETTm1,2023,block_dct2_b144,pca_fit,144,0.0031542601110712797,0.0031492906590017133,-0.007067999584758478,-0.007093036846849365
ETTm1,2023,block_dct2_b144,pca_fit,192,-0.009675038701646113,-0.009721993195264345,-0.011593753585013465,-0.011661221629967633
ETTm1,2023,block_dct2_b144,pca_fit,288,-0.02060626430671723,-0.02082003921354536,-0.015201948951276155,-0.015318086335808667
ETTm1,2023,block_dct2_b144,pca_fit,336,-0.022103304227451184,-0.022349392029619386,-0.01573974310696581,-0.015864265321575477
ETTm1,2023,block_dct2_b144,pca_fit,512,-0.017705217165350805,-0.01786288365474542,-0.012750355305812873,-0.012831987664261968
ETTm1,2023,block_dct2_b144,pca_fit,720,-0.019487231420436034,-0.019678346933433177,-0.011386445581120876,-0.011451517898877883
ETTm1,2023,block_pca_fit_b16,balanced_interval,48,-0.002367456213439729,-0.0023702608507496503,-0.005434991157113234,-0.005449787515432458
ETTm1,2023,block_pca_fit_b16,balanced_interval,96,-0.005686490418602687,-0.0057026891954170544,-0.0032534251559758172,-0.003258723287732135
ETTm1,2023,block_pca_fit_b16,balanced_interval,144,-0.002096940363664015,-0.002099140480677608,-0.002268099760523455,-0.002270673844510407
ETTm1,2023,block_pca_fit_b16,balanced_interval,192,-0.005311088990132703,-0.005325217825355777,-0.0031976529927566937,-0.0032027709387723036
ETTm1,2023,block_pca_fit_b16,balanced_interval,288,-0.005886437676849319,-0.005903796795519556,-0.0025529551980431604,-0.002556216763117458
ETTm1,2023,block_pca_fit_b16,balanced_interval,336,-0.007269720264640066,-0.007296208830252615,-0.0032603220323254387,-0.003265642662954482
ETTm1,2023,block_pca_fit_b16,balanced_interval,512,-0.00845491064529776,-0.008490754349531393,-0.003361541371277279,-0.003367197687677459
ETTm1,2023,block_pca_fit_b16,balanced_interval,720,-0.0063727842012945585,-0.006393133594997824,-0.002321340031139525,-0.0023240364269230263
ETTm1,2023,block_pca_fit_b16,dct2,48,-0.01632213920346215,-0.01645607302078811,-0.009027027924845771,-0.009067894416519229
ETTm1,2023,block_pca_fit_b16,dct2,96,-0.027382348214707603,-0.027760690113826314,-0.014325734993975398,-0.014428840099336648
ETTm1,2023,block_pca_fit_b16,dct2,144,-0.024730393643540044,-0.02503872631105364,-0.014903619015433094,-0.015015231733795043
ETTm1,2023,block_pca_fit_b16,dct2,192,-0.02652403103040893,-0.026878923923825182,-0.01668159277885331,-0.01682150746488742
ETTm1,2023,block_pca_fit_b16,dct2,288,-0.026124310420946532,-0.026468541279174973,-0.016268916636190726,-0.01640197605866578
ETTm1,2023,block_pca_fit_b16,dct2,336,-0.02538879738742732,-0.02571383786968684,-0.015945279737633104,-0.016073084099103907
ETTm1,2023,block_pca_fit_b16,dct2,512,-0.022728471634416793,-0.0229887313742847,-0.013666676087793426,-0.013760492002156122
ETTm1,2023,block_pca_fit_b16,dct2,720,-0.013351639992089543,-0.013441171156214127,-0.009058546545488226,-0.00909969934590693
ETTm1,2023,block_pca_fit_b16,pca_fit,48,-0.000664533244861831,-0.0006647540959967557,-0.003363555409452956,-0.0033692185095526295
ETTm1,2023,block_pca_fit_b16,pca_fit,96,-0.017018402252329524,-0.01716404026234364,-0.013452823840014163,-0.013543720221623978
ETTm1,2023,block_pca_fit_b16,pca_fit,144,-0.01940965428143646,-0.019599246272819393,-0.01568905836943096,-0.01581277781274304
ETTm1,2023,block_pca_fit_b16,pca_fit,192,-0.02305933165128575,-0.02332725344182429,-0.017459573794408947,-0.017612883091595366
ETTm1,2023,block_pca_fit_b16,pca_fit,288,-0.02431458088697349,-0.024612590735122897,-0.017027580723244038,-0.017173376315747557
ETTm1,2023,block_pca_fit_b16,pca_fit,336,-0.02147619410521921,-0.02170846736359744,-0.01584294662216746,-0.01596911149487812
ETTm1,2023,block_pca_fit_b16,pca_fit,512,-0.01428732868536433,-0.014389880380394127,-0.011393759629224186,-0.011458915730988117
ETTm1,2023,block_pca_fit_b16,pca_fit,720,-0.011811533856940755,-0.011881565478313094,-0.008149483921401704,-0.00818278135633621
ETTm1,2023,block_pca_fit_b32,balanced_interval,48,0.0075661957980397345,0.007537644193003845,-0.0021738683418164417,-0.0021762329067074315
ETTm1,2023,block_pca_fit_b32,balanced_interval,96,0.0028550369876766965,0.002850965245489445,0.0011553332490882372,0.0011546661085779508
ETTm1,2023,block_pca_fit_b32,balanced_interval,144,0.0019263962257200218,0.0019245419154140242,0.0002882159574303663,0.00028817442720130426
ETTm1,2023,block_pca_fit_b32,balanced_interval,192,-0.0011914981485107133,-0.001192208264435557,-0.0007503099595254275,-0.0007505915124559337
ETTm1,2023,block_pca_fit_b32,balanced_interval,288,-0.008321121771871809,-0.008355838532965176,-0.0030884355452541557,-0.003093209675912423
ETTm1,2023,block_pca_fit_b32,balanced_interval,336,-0.008533161105417445,-0.008569672302728426,-0.0030054591214000695,-0.003009980041677629
ETTm1,2023,block_pca_fit_b32,balanced_interval,512,-0.010862107910756256,-0.010921314781177305,-0.004283449652397308,-0.004292636735645505
ETTm1,2023,block_pca_fit_b32,balanced_interval,720,-0.010367186470437448,-0.010421111938782701,-0.003559312290428292,-0.0035656541644231154
ETTm1,2023,block_pca_fit_b32,dct2,48,-0.006388487191982705,-0.0064089371010842555,-0.005765905109549077,-0.005782559935076703
ETTm1,2023,block_pca_fit_b32,dct2,96,-0.018840820808428117,-0.01901942901785114,-0.009916976588911336,-0.009966312754910556
ETTm1,2023,block_pca_fit_b32,dct2,144,-0.020707057054155972,-0.020922935655458552,-0.012347303297479177,-0.012423845954222523
ETTm1,2023,block_pca_fit_b32,dct2,192,-0.022404440188786883,-0.02265730455604964,-0.01423424974562192,-0.01433603906999048
ETTm1,2023,block_pca_fit_b32,dct2,288,-0.028558994515969056,-0.02897071267310891,-0.01680439698340168,-0.01694638508887114
ETTm1,2023,block_pca_fit_b32,dct2,336,-0.02665223822820468,-0.027010585632946116,-0.015690416826707763,-0.015814157751940172
ETTm1,2023,block_pca_fit_b32,dct2,512,-0.02513566889987547,-0.025454233335283627,-0.014588584368913554,-0.014695517132286229
ETTm1,2023,block_pca_fit_b32,dct2,720,-0.017346042261232472,-0.017497358498764104,-0.01029651880477711,-0.01034971036038912
ETTm1,2023,block_pca_fit_b32,pca_fit,48,0.00926911876661754,0.009226292906733602,-0.00010243259415610067,-0.00010243784055341543
ETTm1,2023,block_pca_fit_b32,pca_fit,96,-0.008476874846050067,-0.00851290528617965,-0.009044065434950168,-0.009085086567421685
ETTm1,2023,block_pca_fit_b32,pca_fit,144,-0.01538631769205241,-0.01550529651019561,-0.013132742651477042,-0.013219355857256199
ETTm1,2023,block_pca_fit_b32,pca_fit,192,-0.018939740809663697,-0.0191202354068305,-0.01501223076117769,-0.01512548029710703
ETTm1,2023,block_pca_fit_b32,pca_fit,288,-0.02674926498199589,-0.027110237970572548,-0.01756306107045497,-0.017718198526245565
ETTm1,2023,block_pca_fit_b32,pca_fit,336,-0.0227396349459966,-0.023000151379978018,-0.015588083711242127,-0.015710211643098715
ETTm1,2023,block_pca_fit_b32,pca_fit,512,-0.016694525950822957,-0.016834658277346648,-0.01231566791034425,-0.012391818040521585
ETTm1,2023,block_pca_fit_b32,pca_fit,720,-0.015805936126083796,-0.015931510669872972,-0.009387456180690479,-0.009431656548870126
ETTm1,2023,block_pca_fit_b48,balanced_interval,48,0.003275304658688911,0.003269946699630988,-0.0016670915830043688,-0.0016684819526946448
ETTm1,2023,block_pca_fit_b48,balanced_interval,96,-0.0010387422078447731,-0.0010392818873783405,-0.000821666955296378,-0.000822004616064298
ETTm1,2023,block_pca_fit_b48,balanced_interval,144,0.005077294069615595,0.005064426398941446,0.001802113544331664,0.001800490712707048
ETTm1,2023,block_pca_fit_b48,balanced_interval,192,0.0027866912152971148,0.002782811995564849,0.0007106931791071329,0.0007104406965258159
ETTm1,2023,block_pca_fit_b48,balanced_interval,288,-0.0021083458395159244,-0.0021105699634049735,-4.471037621660394e-05,-4.471137574046935e-05
ETTm1,2023,block_pca_fit_b48,balanced_interval,336,-0.004804400473577913,-0.004815960110494011,-0.0011603830621209877,-0.0011610565670290285
ETTm1,2023,block_pca_fit_b48,balanced_interval,512,-0.005677166728400789,-0.0056933123788212026,-0.0015637074369179655,-0.0015649306648992667
ETTm1,2023,block_pca_fit_b48,balanced_interval,720,-0.010564362129425684,-0.01062036203037331,-0.003403537587344362,-0.0034093361981288872
ETTm1,2023,block_pca_fit_b48,dct2,48,-0.01067937833133357,-0.010736606430851392,-0.005259128350736908,-0.005272981841356161
ETTm1,2023,block_pca_fit_b48,dct2,96,-0.02273460000394967,-0.022995000646468755,-0.011893976793296044,-0.01196499140470686
ETTm1,2023,block_pca_fit_b48,dct2,144,-0.017556159210260533,-0.017711174401761953,-0.010833405710577827,-0.010892299531638505
ETTm1,2023,block_pca_fit_b48,dct2,192,-0.018426250824979173,-0.01859706170648301,-0.012773246606989525,-0.0128551729717028
ETTm1,2023,block_pca_fit_b48,dct2,288,-0.022346218583613197,-0.02259776553948134,-0.013760671814364175,-0.01385578563469747
ETTm1,2023,block_pca_fit_b48,dct2,336,-0.022923477596365167,-0.02318823972793571,-0.013845340767428643,-0.013941631376808816
ETTm1,2023,block_pca_fit_b48,dct2,512,-0.019950727717519916,-0.020151073616524018,-0.011868842153434115,-0.011939556348746994
ETTm1,2023,block_pca_fit_b48,dct2,720,-0.017543217920220743,-0.017698003991498457,-0.010140744101693152,-0.010192335692061238
ETTm1,2023,block_pca_fit_b48,pca_fit,48,0.004978227627266787,0.004965856788908818,0.00040434416465604905,0.0004042624285711671
ETTm1,2023,block_pca_fit_b48,pca_fit,96,-0.012370654041571621,-0.012447487080380348,-0.011021065639334804,-0.01108202130958058
ETTm1,2023,block_pca_fit_b48,pca_fit,144,-0.012235419848156917,-0.012310578818638174,-0.011618845064575677,-0.011686606025298696
ETTm1,2023,block_pca_fit_b48,pca_fit,192,-0.014961551445855932,-0.015074035736398539,-0.013551227622545197,-0.013643461664841539
ETTm1,2023,block_pca_fit_b48,pca_fit,288,-0.02053648904964011,-0.020748813717797354,-0.014519335901417513,-0.014625253455603948
ETTm1,2023,block_pca_fit_b48,pca_fit,336,-0.01901087431415714,-0.019192731579098066,-0.013743007651963075,-0.013837876879620792
ETTm1,2023,block_pca_fit_b48,pca_fit,512,-0.011509584768467461,-0.011576074885598198,-0.009595925694864794,-0.009642114212144337
ETTm1,2023,block_pca_fit_b48,pca_fit,720,-0.01600311178507191,-0.016131847385088882,-0.00923168147760654,-0.009274424878964016
ETTm1,2023,block_pca_fit_b96,balanced_interval,48,-0.003313509855965997,-0.003319005598137581,-0.005760197870206945,-0.005776819709661263
ETTm1,2023,block_pca_fit_b96,balanced_interval,96,-0.002757438623437325,-0.002761243854077833,-0.003299036706028187,-0.0033044845168173076
ETTm1,2023,block_pca_fit_b96,balanced_interval,144,0.003161654429547608,0.0031566616633681432,3.127850771230482e-05,3.127801854485579e-05
ETTm1,2023,block_pca_fit_b96,balanced_interval,192,-0.001894764268846488,-0.0018965604689431537,0.0003272506972869347,0.00032719715661810866
ETTm1,2023,block_pca_fit_b96,balanced_interval,288,-0.01064197428238233,-0.010698801496380916,-0.0026225466136397427,-0.0026259884971857606
ETTm1,2023,block_pca_fit_b96,balanced_interval,336,-0.01170911826031909,-0.011777938330682858,-0.0032015784902266007,-0.003206709016440934
ETTm1,2023,block_pca_fit_b96,balanced_interval,512,-0.011735560319043515,-0.011804692176056175,-0.003962164794777315,-0.003970024546823714
ETTm1,2023,block_pca_fit_b96,balanced_interval,720,-0.013377544859620323,-0.01346742455554728,-0.0043615057709230146,-0.0043710309802684755
ETTm1,2023,block_pca_fit_b96,dct2,48,-0.01726819284598843,-0.017418150007600053,-0.009352234637939494,-0.009396103434746284
ETTm1,2023,block_pca_fit_b96,dct2,96,-0.024453296419542137,-0.02475473027457631,-0.014371346544027797,-0.014475110826383197
ETTm1,2023,block_pca_fit_b96,dct2,144,-0.019471798850328466,-0.01966261079728171,-0.012604240747197255,-0.012684008976616257
ETTm1,2023,block_pca_fit_b96,dct2,192,-0.02310770630912264,-0.023376757744931975,-0.013156689088809575,-0.013243619141573681
ETTm1,2023,block_pca_fit_b96,dct2,288,-0.030879847026479716,-0.03136157528143202,-0.016338508051787205,-0.01647271137225137
ETTm1,2023,block_pca_fit_b96,dct2,336,-0.029828195383106337,-0.030277512314087485,-0.01588653619553426,-0.01601339812021263
ETTm1,2023,block_pca_fit_b96,dct2,512,-0.026009121308162606,-0.026350310088208095,-0.014267299511293475,-0.014369563192373258
ETTm1,2023,block_pca_fit_b96,dct2,720,-0.020356400650415406,-0.0205650052493076,-0.011098712285271744,-0.011160531485288727
ETTm1,2023,block_pca_fit_b96,pca_fit,48,-0.0016105868873881267,-0.0016118845790371594,-0.003688762122546714,-0.003695573978742095
ETTm1,2023,block_pca_fit_b96,pca_fit,96,-0.014089350457164066,-0.014189073147558018,-0.013498435390066529,-0.013589950576060383
ETTm1,2023,block_pca_fit_b96,pca_fit,144,-0.014151059488224807,-0.014251659703632402,-0.013389680101195149,-0.013479723302196378
ETTm1,2023,block_pca_fit_b96,pca_fit,192,-0.01964300692999956,-0.01983720021992208,-0.013934670104365245,-0.014032210156043057
ETTm1,2023,block_pca_fit_b96,pca_fit,288,-0.029070117492506587,-0.02949677767704295,-0.017097172138840645,-0.017244165314037385
ETTm1,2023,block_pca_fit_b96,pca_fit,336,-0.02591559210089833,-0.026254320846298862,-0.015784203080068636,-0.01590943162352665
ETTm1,2023,block_pca_fit_b96,pca_fit,512,-0.017567978359110104,-0.017723202952701467,-0.011994383052724142,-0.012066604125357205
ETTm1,2023,block_pca_fit_b96,pca_fit,720,-0.018816294515266622,-0.018994436555085148,-0.010189649661185254,-0.010241740921518083
ETTm1,2023,block_pca_fit_b144,balanced_interval,48,0.03549430959423839,0.034871773814406315,0.016962517797788,0.01681946428407388
ETTm1,2023,block_pca_fit_b144,balanced_interval,96,0.023782031611391398,0.023501467625654415,0.011182085603892887,0.011119798467544295
ETTm1,2023,block_pca_fit_b144,balanced_interval,144,0.02600143302192812,0.025666306633798985,0.012530857818177057,0.012452673532138525
ETTm1,2023,block_pca_fit_b144,balanced_interval,192,0.012752562428879644,0.012671593059072506,0.008315627072900539,0.008281147884309115
ETTm1,2023,block_pca_fit_b144,balanced_interval,288,-0.0007489807190755369,-0.0007492612751736072,0.00239590220817641,0.0023930343253270037
ETTm1,2023,block_pca_fit_b144,balanced_interval,336,-0.005517519454939318,-0.005532768999058968,0.00018921860520203527,0.0001892007044907995
ETTm1,2023,block_pca_fit_b144,balanced_interval,512,-0.011120134236464458,-0.01118219274885468,-0.0032366498984056032,-0.003241893505401938
ETTm1,2023,block_pca_fit_b144,balanced_interval,720,-0.011674662057042815,-0.011743076904968897,-0.0032732659168948036,-0.003278628901671521
ETTm1,2023,block_pca_fit_b144,dct2,48,0.02153962660421614,0.0213093054880672,0.013370481030055448,0.013281493193465388
ETTm1,2023,block_pca_fit_b144,dct2,96,0.002086173815286629,0.0020839992671175533,0.000109775765893155,0.00010976974075427304
ETTm1,2023,block_pca_fit_b144,dct2,144,0.0033679797420520866,0.0033623144602501487,-0.00010466143673258676,-0.0001046669139317391
ETTm1,2023,block_pca_fit_b144,dct2,192,-0.008460379611396474,-0.008496269766359532,-0.005168312713196143,-0.005181691479966721
ETTm1,2023,block_pca_fit_b144,dct2,288,-0.020986853463172837,-0.021208626192467328,-0.011320059229971135,-0.011384373551998506
ETTm1,2023,block_pca_fit_b144,dct2,336,-0.02363659657772661,-0.023918154910444578,-0.01249573910010559,-0.012574137054409018
ETTm1,2023,block_pca_fit_b144,dct2,512,-0.02539369522558355,-0.025718861662362258,-0.013541784614921764,-0.013633889867099125
ETTm1,2023,block_pca_fit_b144,dct2,720,-0.01865351784783776,-0.018828581535604183,-0.010010472431243565,-0.010060744820482581
ETTm1,2023,block_pca_fit_b144,pca_fit,48,0.03719723256281639,0.03651391422224837,0.01903395354544824,0.01885395170969617
ETTm1,2023,block_pca_fit_b144,pca_fit,96,0.012450119777664788,0.012372937677271323,0.0009826869198544842,0.0009822042411835596
ETTm1,2023,block_pca_fit_b144,pca_fit,144,0.008688719104155767,0.008651081271388583,-0.0008901007907304539,-0.0008904970480001495
ETTm1,2023,block_pca_fit_b144,pca_fit,192,-0.0049956802322733244,-0.005008179448125594,-0.005946293728751848,-0.005964008027374845
ETTm1,2023,block_pca_fit_b144,pca_fit,288,-0.019177123929199607,-0.0193621860638582,-0.01207872331702449,-0.012151965689896738
ETTm1,2023,block_pca_fit_b144,pca_fit,336,-0.0197239932955185,-0.0199197964727289,-0.012393405984639972,-0.012470522490015234
ETTm1,2023,block_pca_fit_b144,pca_fit,512,-0.01695255227653107,-0.017097062240184036,-0.01126886815635244,-0.011332601025232147
ETTm1,2023,block_pca_fit_b144,pca_fit,720,-0.017113411712688983,-0.01726068505991818,-0.009101409807156987,-0.009142953577371937
ETTm2,2021,block_dct2_b16,balanced_interval,48,-0.008470562105909553,-0.008506538826375198,-0.00563815220864678,-0.005654076502608296
ETTm2,2021,block_dct2_b16,balanced_interval,96,-0.008572085089292369,-0.008608930616429866,-0.005947536254152813,-0.00596525796398395
ETTm2,2021,block_dct2_b16,balanced_interval,144,-0.012522975020863735,-0.012601715818932213,-0.012378038621618593,-0.012454963607497538
ETTm2,2021,block_dct2_b16,balanced_interval,192,-0.019732280443120327,-0.019928248733646958,-0.017059678708361108,-0.017206026055634815
ETTm2,2021,block_dct2_b16,balanced_interval,288,-0.018567692061225945,-0.018741143523443027,-0.01807124898436792,-0.018235522052154174
ETTm2,2021,block_dct2_b16,balanced_interval,336,-0.01800533256028937,-0.01816840581972623,-0.01776147365929384,-0.017920146662587344
ETTm2,2021,block_dct2_b16,balanced_interval,512,-0.02428129118027118,-0.02457848225022774,-0.019616043341910312,-0.019809702120462624
ETTm2,2021,block_dct2_b16,balanced_interval,720,-0.023731340385235337,-0.024015169410707138,-0.021038734841820193,-0.021261609278286686
ETTm2,2021,block_dct2_b16,dct2,48,-0.010508267011957298,-0.010563672752460063,-0.00986009380380198,-0.009908864692092623
ETTm2,2021,block_dct2_b16,dct2,96,-0.01201537549474645,-0.012087850097868724,-0.01179851202088141,-0.01186838900824716
ETTm2,2021,block_dct2_b16,dct2,144,-0.018064835519975387,-0.018228991655831583,-0.019826936281048545,-0.02002479546594138
ETTm2,2021,block_dct2_b16,dct2,192,-0.025280615589039022,-0.02560288030397717,-0.02442466754291156,-0.024725393117773553
ETTm2,2021,block_dct2_b16,dct2,288,-0.027466211019411078,-0.02784688462206919,-0.026710920552459938,-0.027070854769495112
ETTm2,2021,block_dct2_b16,dct2,336,-0.027452586538319276,-0.027832880837021845,-0.026561832309509616,-0.02691774199431296
ETTm2,2021,block_dct2_b16,dct2,512,-0.033664080648466786,-0.03423712810358426,-0.027939411599758934,-0.0283333774596497
ETTm2,2021,block_dct2_b16,dct2,720,-0.029893836045027537,-0.0303451426315835,-0.026956418609635675,-0.027323029621874273
ETTm2,2021,block_dct2_b16,pca_fit,48,-0.04387391269148335,-0.04485060418208908,-0.022230638780185295,-0.02247958072077494
ETTm2,2021,block_dct2_b16,pca_fit,96,-0.04094994140676345,-0.0417999532000628,-0.021825124348702495,-0.02206503455280373
ETTm2,2021,block_dct2_b16,pca_fit,144,-0.03718050737977356,-0.03788034899290649,-0.023408815209305454,-0.02368495199261611
ETTm2,2021,block_dct2_b16,pca_fit,192,-0.03374589094540319,-0.034321742811266986,-0.02297376834011932,-0.023239697919436475
ETTm2,2021,block_dct2_b16,pca_fit,288,-0.02610462042507148,-0.02644833031680882,-0.021147843073699275,-0.021373043405840786
ETTm2,2021,block_dct2_b16,pca_fit,336,-0.023999984963364144,-0.02429030248874109,-0.02001460768526372,-0.02021624291568469
ETTm2,2021,block_dct2_b16,pca_fit,512,-0.02464854092398979,-0.024954827537378987,-0.0191873781062711,-0.019372638837806377
ETTm2,2021,block_dct2_b16,pca_fit,720,-0.026819486138466582,-0.027182365371710926,-0.021836805778840077,-0.022076973803834665
ETTm2,2021,block_dct2_b32,balanced_interval,48,0.012552825171399423,0.01247436709480687,0.008719374637785013,0.008681471135693841
ETTm2,2021,block_dct2_b32,balanced_interval,96,0.007673824995253814,0.0076444563714669345,0.004979826585411913,0.004967447805584779
ETTm2,2021,block_dct2_b32,balanced_interval,144,0.0003154058053640714,0.00031535607018207124,-0.002441459770008903,-0.0024444425598730835
ETTm2,2021,block_dct2_b32,balanced_interval,192,-0.010071263993824596,-0.010122149857897167,-0.008881451816127256,-0.008921008930785401
ETTm2,2021,block_dct2_b32,balanced_interval,288,-0.00875930166276977,-0.008797776601396246,-0.010812104872401682,-0.010870766907684848
ETTm2,2021,block_dct2_b32,balanced_interval,336,-0.010056947726155431,-0.010107688782335922,-0.01167500159362279,-0.01174342042881138
ETTm2,2021,block_dct2_b32,balanced_interval,512,-0.013592895022319924,-0.013685698432129856,-0.012066554385685864,-0.012139648957062876
ETTm2,2021,block_dct2_b32,balanced_interval,720,-0.011756103844970603,-0.01182547842549364,-0.012807269205964821,-0.012889633523288424
ETTm2,2021,block_dct2_b32,dct2,48,0.010515120265351584,0.010460029652144542,0.004497433042629918,0.004487334735136184
ETTm2,2021,block_dct2_b32,dct2,96,0.004230534589799762,0.0042215984842844945,-0.0008711491813166924,-0.0008715287419747142
ETTm2,2021,block_dct2_b32,dct2,144,-0.0052264546937476385,-0.005240136433359632,-0.009890357429438777,-0.009939428658386928
ETTm2,2021,block_dct2_b32,dct2,192,-0.015619599139743185,-0.015742222690069863,-0.016246440650677714,-0.016379131679302272
ETTm2,2021,block_dct2_b32,dct2,288,-0.017657820620954924,-0.017814641614653404,-0.01945177644049367,-0.019642194898983556
ETTm2,2021,block_dct2_b32,dct2,336,-0.019504201704185244,-0.01969565131114326,-0.020475360243838663,-0.020686418468884415
ETTm2,2021,block_dct2_b32,dct2,512,-0.0229756844905155,-0.02324165860246752,-0.020389922643534356,-0.020599217195814035
ETTm2,2021,block_dct2_b32,dct2,720,-0.01791859950476282,-0.018080100792386533,-0.018724952973780257,-0.018901364283231414
ETTm2,2021,block_dct2_b32,pca_fit,48,-0.022850525414174445,-0.023113598635704058,-0.007873111933753509,-0.00790418637683743
ETTm2,2021,block_dct2_b32,pca_fit,96,-0.024704031322217317,-0.02501170426696575,-0.010897761509137752,-0.010957358406268325
ETTm2,2021,block_dct2_b32,pca_fit,144,-0.02434212655354578,-0.024640814760636065,-0.013472236357695682,-0.013563395847989934
ETTm2,2021,block_dct2_b32,pca_fit,192,-0.02408487449610736,-0.024377257704654376,-0.014795541447885481,-0.014905537284386927
ETTm2,2021,block_dct2_b32,pca_fit,288,-0.01629623002661542,-0.01642973782179835,-0.013888698961733064,-0.013985595008160434
ETTm2,2021,block_dct2_b32,pca_fit,336,-0.016051600129230226,-0.016181119130358246,-0.013928135619592734,-0.014025583999656366
ETTm2,2021,block_dct2_b32,pca_fit,512,-0.013960144766038476,-0.01405804261255783,-0.011637889150046536,-0.011705872854952615
ETTm2,2021,block_dct2_b32,pca_fit,720,-0.014844249598201983,-0.014954972659797061,-0.013605340142984704,-0.013698313951463703
ETTm2,2021,block_dct2_b48,balanced_interval,48,0.011145685247622335,0.011083802220765437,-0.0021665354087404185,-0.00216888404240545
ETTm2,2021,block_dct2_b48,balanced_interval,96,0.01729107536512646,0.017142442627748333,0.007275904088649385,0.007249498778142072
ETTm2,2021,block_dct2_b48,balanced_interval,144,0.0037460524082742683,0.0037390447070877464,-0.0015450913246804452,-0.0015462855932866226
ETTm2,2021,block_dct2_b48,balanced_interval,192,-0.00033871739929547455,-0.00033877477051103,-0.004743272809085884,-0.004754539934863189
ETTm2,2021,block_dct2_b48,balanced_interval,288,0.00021175169813985283,0.00021172928033141858,-0.004802932134717802,-0.0048144847012558944
ETTm2,2021,block_dct2_b48,balanced_interval,336,-0.0005662887759554525,-0.0005664491477150868,-0.005954006111307741,-0.005971766436560166
ETTm2,2021,block_dct2_b48,balanced_interval,512,-0.009271294214645086,-0.009314405793227953,-0.008439150360077047,-0.008474860372847504
ETTm2,2021,block_dct2_b48,balanced_interval,720,-0.012994322769464906,-0.013079115859791823,-0.009792047169975466,-0.009840146131438798
ETTm2,2021,block_dct2_b48,dct2,48,0.009107980341574557,0.009066628328294746,-0.00638847700389548,-0.006408926847702334
ETTm2,2021,block_dct2_b48,dct2,96,0.013847784959672338,0.01375234543543813,0.0014249283219208827,0.0014239135935885106
ETTm2,2021,block_dct2_b48,dct2,144,-0.0017958080908373616,-0.0017974215198452992,-0.008993988984110383,-0.00903455643288642
ETTm2,2021,block_dct2_b48,dct2,192,-0.005887052545214192,-0.005904415294132548,-0.012108261643636273,-0.012181863406802051
ETTm2,2021,block_dct2_b48,dct2,288,-0.008686767260045266,-0.008724606710899696,-0.013442603702809822,-0.013533361718673476
ETTm2,2021,block_dct2_b48,dct2,336,-0.010013542753985314,-0.010063846037718926,-0.01475436476152353,-0.01486374769777532
ETTm2,2021,block_dct2_b48,dct2,512,-0.01865408368284063,-0.01882915802464047,-0.01676251861792552,-0.016903797928233377
ETTm2,2021,block_dct2_b48,dct2,720,-0.019156818429257122,-0.019341487615194497,-0.015709730937790878,-0.015833777488891032
ETTm2,2021,block_dct2_b48,pca_fit,48,-0.02425766533795147,-0.02455427600650939,-0.018759021980278876,-0.018936077831757325
ETTm2,2021,block_dct2_b48,pca_fit,96,-0.015086780952344668,-0.015201160916689105,-0.008601684005900197,-0.00863878478988056
ETTm2,2021,block_dct2_b48,pca_fit,144,-0.020911479950635636,-0.02113165701203301,-0.0125758679123672,-0.012655276668104953
ETTm2,2021,block_dct2_b48,pca_fit,192,-0.014352327901578324,-0.01445581707044763,-0.01065736244084401,-0.010714354409360416
ETTm2,2021,block_dct2_b48,pca_fit,288,-0.007325176665705752,-0.007352071401755644,-0.007879526224049124,-0.007910651387613266
ETTm2,2021,block_dct2_b48,pca_fit,336,-0.006560941179030278,-0.006582511301238769,-0.00820714013727766,-0.008240911036172971
ETTm2,2021,block_dct2_b48,pca_fit,512,-0.0096385439583637,-0.009685144322735262,-0.008010485124437758,-0.008042654901537771
ETTm2,2021,block_dct2_b48,pca_fit,720,-0.016082468522696264,-0.01621248749311932,-0.010590118106995275,-0.010646391880959838
ETTm2,2021,block_dct2_b96,balanced_interval,48,0.03448171606484883,0.033893996255471515,0.01837496515250306,0.01820717476624567
ETTm2,2021,block_dct2_b96,balanced_interval,96,0.038598207045339374,0.037862788552807336,0.020905945080098545,0.02068893073788003
ETTm2,2021,block_dct2_b96,balanced_interval,144,0.023674414471252497,0.0233963739914137,0.01377772690318531,0.013683248421171412
ETTm2,2021,block_dct2_b96,balanced_interval,192,0.013278664532631679,0.013190891996948673,0.007885710820002839,0.007854700169646067
ETTm2,2021,block_dct2_b96,balanced_interval,288,0.010039510149322972,0.009989282494851204,0.0033253772687748136,0.003319854325437799
ETTm2,2021,block_dct2_b96,balanced_interval,336,0.008258234119337226,0.00822422857691385,0.001682654046662038,0.001681239178031091
ETTm2,2021,block_dct2_b96,balanced_interval,512,0.002713425823898303,0.0027097478114708196,0.0005632621843639344,0.0005631035819994024
ETTm2,2021,block_dct2_b96,balanced_interval,720,-0.0015917462697035885,-0.001593013770220919,-0.0028319510972509196,-0.002835964858790563
ETTm2,2021,block_dct2_b96,dct2,48,0.032444011158801245,0.03192335019619086,0.014153023557347941,0.014053340346508958
ETTm2,2021,block_dct2_b96,dct2,96,0.03515491663988529,0.034544160502711474,0.0150549693133699,0.014942209835557496
ETTm2,2021,block_dct2_b96,dct2,144,0.018132553972141016,0.01796914835964425,0.00632882924375532,0.006308844386432866
ETTm2,2021,block_dct2_b96,dct2,192,0.007730329386713104,0.007700527233431065,0.0005207219854523553,0.0005205864332886723
ETTm2,2021,block_dct2_b96,dct2,288,0.0011409911911379165,0.001140340508186788,-0.00531429429931719,-0.005328440208674179
ETTm2,2021,block_dct2_b96,dct2,336,-0.001189019858692537,-0.001189727023054532,-0.007117704603553862,-0.007143095669251531
ETTm2,2021,block_dct2_b96,dct2,512,-0.0066693636442972095,-0.006691653375228146,-0.007760106073484645,-0.00779029373257667
ETTm2,2021,block_dct2_b96,dct2,720,-0.00775424192949581,-0.007784383922511795,-0.008749634865066405,-0.008788024804500472
ETTm2,2021,block_dct2_b96,pca_fit,48,-0.0009216345207249134,-0.0009220593563241675,0.0017824785809644258,0.0017808909094888525
ETTm2,2021,block_dct2_b96,pca_fit,96,0.006220350727868075,0.006201044397735944,0.0050283569855490064,0.00501573596176097
ETTm2,2021,block_dct2_b96,pca_fit,144,-0.000983117887657247,-0.0009836013064539184,0.002746950315498488,0.0027431808997364637
ETTm2,2021,block_dct2_b96,pca_fit,192,-0.0007349459696511372,-0.0007352161086153775,0.001971621188244624,0.0019696788199374815
ETTm2,2021,block_dct2_b96,pca_fit,288,0.002502581785477463,0.0024994529382905695,0.0002487831794435992,0.000248752235474603
ETTm2,2021,block_dct2_b96,pca_fit,336,0.0022635817162626657,0.0022610217471003002,-0.0005704799793079345,-0.0005706427339593478
ETTm2,2021,block_dct2_b96,pca_fit,512,0.0023461760801797376,0.0023434259602557184,0.0009919274200030715,0.000991435622622383
ETTm2,2021,block_dct2_b96,pca_fit,720,-0.0046798920229349,-0.004690859820302595,-0.0036300220342708415,-0.003636618543665149
ETTm2,2021,block_dct2_b144,balanced_interval,48,0.037577694915916796,0.03688041468138836,0.019375491728192563,0.019188993330026105
ETTm2,2021,block_dct2_b144,balanced_interval,96,0.043546031510737104,0.04261151696159038,0.022938302058078962,0.022677219282677963
ETTm2,2021,block_dct2_b144,balanced_interval,144,0.02476895804780219,0.024464724432380902,0.012302353793716215,0.012226989209789152
ETTm2,2021,block_dct2_b144,balanced_interval,192,0.012020382333535268,0.011948426140037105,0.005766724943214772,0.005750129301088314
ETTm2,2021,block_dct2_b144,balanced_interval,288,0.007914661020324653,0.007883422559063047,0.001959845413852914,0.0019579261708411178
ETTm2,2021,block_dct2_b144,balanced_interval,336,0.004365481104250325,0.004355966242300058,-0.00026085636428030493,-0.00026089039026033767
ETTm2,2021,block_dct2_b144,balanced_interval,512,0.0025048470002779245,0.002501712488733987,-0.0009510347035348312,-0.0009514870804359088
ETTm2,2021,block_dct2_b144,balanced_interval,720,0.0009246992606200289,0.0009242718580084741,-0.0024488417592079966,-0.0024518426212343236
ETTm2,2021,block_dct2_b144,dct2,48,0.03553999000986906,0.03491586026596394,0.015153550133037305,0.01503931285360538
ETTm2,2021,block_dct2_b144,dct2,96,0.040102741105283064,0.03930926834585402,0.017087326291350326,0.016942165908374718
ETTm2,2021,block_dct2_b144,dct2,144,0.019227097548690668,0.019043435885773285,0.004853456134286297,0.004841697147663027
ETTm2,2021,block_dct2_b144,dct2,192,0.0064720471876166365,0.006451148600071344,-0.001598263891335691,-0.0015995417957876956
ETTm2,2021,block_dct2_b144,dct2,288,-0.0009838579378604795,-0.0009843420848456574,-0.006679826154239122,-0.0067021859517584215
ETTm2,2021,block_dct2_b144,dct2,336,-0.005081772873779397,-0.005094706981667807,-0.00906121501449607,-0.009102392100773349
ETTm2,2021,block_dct2_b144,dct2,512,-0.00687794246791774,-0.006901649835683754,-0.009274402961383417,-0.009317543500972025
ETTm2,2021,block_dct2_b144,dct2,720,-0.00523779639917222,-0.005251537635522441,-0.00836652552702341,-0.008401622713942736
ETTm2,2021,block_dct2_b144,pca_fit,48,0.002174344330342985,0.0021719821560798325,0.002783005156654103,0.002779136187755493
ETTm2,2021,block_dct2_b144,pca_fit,96,0.011168175193265918,0.011106042642205716,0.007060713963529271,0.0070358456863777175
ETTm2,2021,block_dct2_b144,pca_fit,144,0.00011142568889240293,0.00011141948128090551,0.0012715772060294386,0.0012707690942957983
ETTm2,2021,block_dct2_b144,pca_fit,192,-0.001993228168747449,-0.001995215968507269,-0.00014736468854350626,-0.00014737554725252622
ETTm2,2021,block_dct2_b144,pca_fit,288,0.0003777326564790441,0.0003776613244809157,-0.0011167486754784866,-0.0011173724714668154
ETTm2,2021,block_dct2_b144,pca_fit,336,-0.001629171298824336,-0.0016304991193691887,-0.0025139903902502386,-0.0025171531138883374
ETTm2,2021,block_dct2_b144,pca_fit,512,0.002137597256559222,0.0021353142225690736,-0.000522369467895618,-0.000522505926585648
ETTm2,2021,block_dct2_b144,pca_fit,720,-0.002163446492611263,-0.002165788431556459,-0.0032469126962278334,-0.00325218962695506
ETTm2,2021,block_pca_fit_b16,balanced_interval,48,-0.025056522721051046,-0.02537307576285408,-0.014816715740785403,-0.014927027419017413
ETTm2,2021,block_pca_fit_b16,balanced_interval,96,-0.021626294161130873,-0.021861837371809578,-0.013103360004011692,-0.013189585227490142
ETTm2,2021,block_pca_fit_b16,balanced_interval,144,-0.022825842093720832,-0.023088345106560215,-0.01775528698574386,-0.017913849142420446
ETTm2,2021,block_pca_fit_b16,balanced_interval,192,-0.028774179914266538,-0.02919215597057967,-0.02214041861737379,-0.022387336607732955
ETTm2,2021,block_pca_fit_b16,balanced_interval,288,-0.025600616281988706,-0.02593112645306217,-0.02220194361821485,-0.022450240924551945
ETTm2,2021,block_pca_fit_b16,balanced_interval,336,-0.024611854774745385,-0.024917226581328444,-0.021545672108664374,-0.021779456094061844
ETTm2,2021,block_pca_fit_b16,balanced_interval,512,-0.02832663009920599,-0.02873164427016306,-0.02252754600533298,-0.022783207368099134
ETTm2,2021,block_pca_fit_b16,balanced_interval,720,-0.028109515073189626,-0.028508315417355767,-0.024271817797869175,-0.02456877607243979
ETTm2,2021,block_pca_fit_b16,dct2,48,-0.027094227627098753,-0.027464613754764722,-0.019038657335940512,-0.01922104822631998
ETTm2,2021,block_pca_fit_b16,dct2,96,-0.025069584566584924,-0.025386469115055155,-0.018954335770740197,-0.019135109535541872
ETTm2,2021,block_pca_fit_b16,dct2,144,-0.028367702592832382,-0.028773897711786844,-0.025204184645173884,-0.025524495503354894
ETTm2,2021,block_pca_fit_b16,dct2,192,-0.03432251506018515,-0.034918329657265934,-0.02950540745192428,-0.0299450048349319
ETTm2,2021,block_pca_fit_b16,dct2,288,-0.034499135240173735,-0.03510113326185116,-0.03084161518630698,-0.0313221451842729
ETTm2,2021,block_pca_fit_b16,dct2,336,-0.0340591087527752,-0.03464576154123655,-0.030346030758880108,-0.030811164616923348
ETTm2,2021,block_pca_fit_b16,dct2,512,-0.037709419567401536,-0.03842944175691532,-0.03085091426318153,-0.031331735572774244
ETTm2,2021,block_pca_fit_b16,dct2,720,-0.03427201073298181,-0.03486606312317053,-0.030189501565684663,-0.03064982520448245
ETTm2,2021,block_pca_fit_b16,pca_fit,48,-0.060459873306624876,-0.062324969126760665,-0.031409202312323824,-0.031907676510957605
ETTm2,2021,block_pca_fit_b16,pca_fit,96,-0.054004150478602006,-0.055488982930427255,-0.028980948098561186,-0.029404982166044702
ETTm2,2021,block_pca_fit_b16,pca_fit,144,-0.0474833744526306,-0.04862876694912144,-0.02878606357343071,-0.029204386612047717
ETTm2,2021,block_pca_fit_b16,pca_fit,192,-0.042787790416549364,-0.04371638472891459,-0.028054508249132016,-0.028451741997383984
ETTm2,2021,block_pca_fit_b16,pca_fit,288,-0.03313754464583429,-0.03369270836125371,-0.025278537707546237,-0.02560074922494726
ETTm2,2021,block_pca_fit_b16,pca_fit,336,-0.03060650717782011,-0.03107970158994222,-0.023798806134634316,-0.02408425769202749
ETTm2,2021,block_pca_fit_b16,pca_fit,512,-0.02869387984292461,-0.029109515085109505,-0.022098880769693706,-0.02234486972027261
ETTm2,2021,block_pca_fit_b16,pca_fit,720,-0.031197660826420958,-0.03168940831495726,-0.02506988873488911,-0.025386781005166004
ETTm2,2021,block_pca_fit_b32,balanced_interval,48,0.011996143953784177,0.011924477080534235,-0.00025140222181807304,-0.00025143382600512076
ETTm2,2021,block_pca_fit_b32,balanced_interval,96,0.0048302462225764484,0.004818599343268448,-0.0018873381065117327,-0.0018891202500685988
ETTm2,2021,block_pca_fit_b32,balanced_interval,144,0.000755089298557324,0.0007548042903730012,-0.006515120308903495,-0.006536389871386827
ETTm2,2021,block_pca_fit_b32,balanced_interval,192,-0.006732741398964457,-0.006755457253713182,-0.009920902769105877,-0.009970278072429117
ETTm2,2021,block_pca_fit_b32,balanced_interval,288,-0.007644257577017259,-0.007673549504745525,-0.011873139305318298,-0.011943904816061224
ETTm2,2021,block_pca_fit_b32,balanced_interval,336,-0.006233087052631796,-0.006252553163372365,-0.011161372179818586,-0.011223892682643788
ETTm2,2021,block_pca_fit_b32,balanced_interval,512,-0.008654585660198567,-0.008692144861591089,-0.009990689829247572,-0.010040763388418972
ETTm2,2021,block_pca_fit_b32,balanced_interval,720,-0.005275343583120295,-0.005289282708526244,-0.008603094215972641,-0.00864020718345726
ETTm2,2021,block_pca_fit_b32,dct2,48,0.00995843904773655,0.009909017981878376,-0.004473343816973178,-0.004483364155327019
ETTm2,2021,block_pca_fit_b32,dct2,96,0.0013869558171222644,0.0013859944384175815,-0.0077383138732403664,-0.007768332003989409
ETTm2,2021,block_pca_fit_b32,dct2,144,-0.0047867712005543305,-0.004798246091737957,-0.01396401796833333,-0.014061970272101876
ETTm2,2021,block_pca_fit_b32,dct2,192,-0.012281076544883012,-0.012356798630841714,-0.017285891603656338,-0.017436157204235858
ETTm2,2021,block_pca_fit_b32,dct2,288,-0.016542776535202385,-0.016680365919353957,-0.020512810873410357,-0.020724644533641978
ETTm2,2021,block_pca_fit_b32,dct2,336,-0.015680341030661654,-0.015803922667229298,-0.01996173083003443,-0.02016229851532314
ETTm2,2021,block_pca_fit_b32,dct2,512,-0.018037375128394144,-0.018201031072907492,-0.01831405808709616,-0.018482788923738447
ETTm2,2021,block_pca_fit_b32,dct2,720,-0.011437839242912522,-0.011503501431908036,-0.014520777983788117,-0.014626716629849712
ETTm2,2021,block_pca_fit_b32,pca_fit,48,-0.023407206631789582,-0.023683305317343306,-0.01684388879335655,-0.01698654693527213
ETTm2,2021,block_pca_fit_b32,pca_fit,96,-0.027547610094894686,-0.027930553813467318,-0.017764926201061335,-0.017923661080476716
ETTm2,2021,block_pca_fit_b32,pca_fit,144,-0.023902443060352534,-0.024190396136007042,-0.017545896896590217,-0.017700730384054397
ETTm2,2021,block_pca_fit_b32,pca_fit,192,-0.020746351901247198,-0.020963053454313263,-0.015834992400864133,-0.015961030283867972
ETTm2,2021,block_pca_fit_b32,pca_fit,288,-0.015181185940862891,-0.015297005494661065,-0.014949733394649693,-0.015062039610351574
ETTm2,2021,block_pca_fit_b32,pca_fit,336,-0.012227739455706486,-0.012302803905968274,-0.013414506205788464,-0.013504884368134684
ETTm2,2021,block_pca_fit_b32,pca_fit,512,-0.009021835403917142,-0.009062654823962513,-0.009562024593608323,-0.009607886812774025
ETTm2,2021,block_pca_fit_b32,pca_fit,720,-0.008363489336351605,-0.00839856101899028,-0.00940116515299254,-0.00944549491434521
ETTm2,2021,block_pca_fit_b48,balanced_interval,48,0.009697079913265102,0.009650214840960847,0.0060245531041987635,0.006006441873089741
ETTm2,2021,block_pca_fit_b48,balanced_interval,96,0.0168934314604744,0.016751537595567245,0.011050268448816784,0.010989438501015969
ETTm2,2021,block_pca_fit_b48,balanced_interval,144,0.0027356428644428003,0.0027319044033103923,-0.0007030937834143587,-0.0007033410117867067
ETTm2,2021,block_pca_fit_b48,balanced_interval,192,-0.0011760094214272238,-0.0011767011916563597,-0.003581686337861916,-0.0035881082411655107
ETTm2,2021,block_pca_fit_b48,balanced_interval,288,0.0015447350711880958,0.001543542582073676,-0.00326047357501718,-0.003265794700541891
ETTm2,2021,block_pca_fit_b48,balanced_interval,336,0.001333495138496571,0.0013326064289281847,-0.0036379761836719156,-0.003644601651022761
ETTm2,2021,block_pca_fit_b48,balanced_interval,512,-0.008098473989291116,-0.008131355332734236,-0.006363831924897425,-0.00638412412582956
ETTm2,2021,block_pca_fit_b48,balanced_interval,720,-0.012567365805123224,-0.012646667000941747,-0.008310433402495897,-0.008345060910898372
ETTm2,2021,block_pca_fit_b48,dct2,48,0.007659375007217245,0.007630116742129989,0.001802611509043635,0.0018009877807143582
ETTm2,2021,block_pca_fit_b48,dct2,96,0.013450141055020298,0.013360092083714581,0.005199292682088144,0.005185799754579334
ETTm2,2021,block_pca_fit_b48,dct2,144,-0.00280621763466868,-0.0028101587490545477,-0.008151991442844366,-0.00818530939944817
ETTm2,2021,block_pca_fit_b48,dct2,192,-0.006724344567345907,-0.006747003733149182,-0.010946675172412278,-0.011006809243483406
ETTm2,2021,block_pca_fit_b48,dct2,288,-0.007353783886996969,-0.007380889357579301,-0.011900145143109228,-0.011971233578024654
ETTm2,2021,block_pca_fit_b48,dct2,336,-0.00811375883953319,-0.00814676458728858,-0.012438334833887649,-0.01251601264739044
ETTm2,2021,block_pca_fit_b48,dct2,512,-0.01748126345748673,-0.017634955011538667,-0.014687200182745922,-0.014795587090659534
ETTm2,2021,block_pca_fit_b48,dct2,720,-0.01872986146491547,-0.01890636556381997,-0.014228117170311411,-0.014329818596914512
ETTm2,2021,block_pca_fit_b48,pca_fit,48,-0.025706270672308722,-0.02603952630709716,-0.010567933467339738,-0.010623971303634017
ETTm2,2021,block_pca_fit_b48,pca_fit,96,-0.015484424856996765,-0.015604929743109341,-0.004827319645732831,-0.0048389899243790335
ETTm2,2021,block_pca_fit_b48,pca_fit,144,-0.0219218894944669,-0.022163939610057026,-0.01173387037110116,-0.011802982280243457
ETTm2,2021,block_pca_fit_b48,pca_fit,192,-0.015189619923710096,-0.01530556852830034,-0.009495775969620101,-0.009541003894980138
ETTm2,2021,block_pca_fit_b48,pca_fit,288,-0.005992193292657475,-0.006010182396331665,-0.006337067664348533,-0.006357189359365245
ETTm2,2021,block_pca_fit_b48,pca_fit,336,-0.004661157264578145,-0.004672037356138414,-0.005891110209641779,-0.005908496924976969
ETTm2,2021,block_pca_fit_b48,pca_fit,512,-0.008465723733009809,-0.00850165930747293,-0.005935166689258181,-0.005952814688402919
ETTm2,2021,block_pca_fit_b48,pca_fit,720,-0.015655511558354457,-0.015778701104982362,-0.009108504339515842,-0.009150113000107263
ETTm2,2021,block_pca_fit_b96,balanced_interval,48,0.01779060917397612,0.01763329059915386,0.008377307971993,0.008342316108279735
ETTm2,2021,block_pca_fit_b96,balanced_interval,96,0.01793469801972099,0.017774828487149286,0.007536156908236811,0.007507831277893007
ETTm2,2021,block_pca_fit_b96,balanced_interval,144,0.012954660027121074,0.012871109597205166,0.005907407913426656,0.005889993487545708
ETTm2,2021,block_pca_fit_b96,balanced_interval,192,0.006229369673115538,0.0062100073756851115,0.00322663786168354,0.0032214378600825544
ETTm2,2021,block_pca_fit_b96,balanced_interval,288,0.01042868932499087,0.010374499085792466,0.0034088248859095033,0.0034030214385428748
ETTm2,2021,block_pca_fit_b96,balanced_interval,336,0.008696740032250285,0.008659032777892928,0.0017621657705527143,0.0017606140680374027
ETTm2,2021,block_pca_fit_b96,balanced_interval,512,0.003655032008177902,0.0036483605093432514,0.0010556697912194875,0.0010551127678936068
ETTm2,2021,block_pca_fit_b96,balanced_interval,720,-0.0008150173322146119,-0.0008153495490885732,-0.001866526340979239,-0.001868269385580934
ETTm2,2021,block_pca_fit_b96,dct2,48,0.015752904267928417,0.015629476238052664,0.00415536637683791,0.00414674478806254
ETTm2,2021,block_pca_fit_b96,dct2,96,0.014491407614267092,0.014386912536170082,0.0016851811415081964,0.0016837620210385928
ETTm2,2021,block_pca_fit_b96,dct2,144,0.007412799528009477,0.007385392492354703,-0.0015414897460031723,-0.0015426784520360393
ETTm2,2021,block_pca_fit_b96,dct2,192,0.0006810345271970004,0.0006808026758192698,-0.004138350972866893,-0.004146925771682852
ETTm2,2021,block_pca_fit_b96,dct2,288,0.0015301703668058868,0.00152900025303071,-0.005230846682182655,-0.005244551446108581
ETTm2,2021,block_pca_fit_b96,dct2,336,-0.0007505139457796861,-0.0007507956518415515,-0.007038192879663068,-0.007063019169062823
ETTm2,2021,block_pca_fit_b96,dct2,512,-0.005727757460017788,-0.005744192426295314,-0.0072676984666290925,-0.007294172282839906
ETTm2,2021,block_pca_fit_b96,dct2,720,-0.006977512992006765,-0.00700191255218674,-0.007784210108794615,-0.007814585838169519
ETTm2,2021,block_pca_fit_b96,pca_fit,48,-0.017612741411597584,-0.017768760369489822,-0.008215178599545446,-0.008249015775268154
ETTm2,2021,block_pca_fit_b96,pca_fit,96,-0.014443158297750015,-0.014547964679049397,-0.00834143118631276,-0.008376317857554882
ETTm2,2021,block_pca_fit_b96,pca_fit,144,-0.011702872331788778,-0.01177161885772704,-0.005123368674260105,-0.005136515570088651
ETTm2,2021,block_pca_fit_b96,pca_fit,192,-0.0077842408291671624,-0.007814616798609508,-0.002687451770074736,-0.0026910662057315626
ETTm2,2021,block_pca_fit_b96,pca_fit,288,0.0028917609611454342,0.0028875838477917526,0.00033223079657810164,0.0003321756140383103
ETTm2,2021,block_pca_fit_b96,pca_fit,336,0.0027020876291753934,0.002698440276292846,-0.0004909682554172638,-0.0004910888000582148
ETTm2,2021,block_pca_fit_b96,pca_fit,512,0.003287782264459154,0.003282383426704949,0.0014843350268587754,0.0014832339464808664
ETTm2,2021,block_pca_fit_b96,pca_fit,720,-0.003903163085445852,-0.003910790346734583,-0.002664597277999132,-0.0026681504725694083
ETTm2,2021,block_pca_fit_b144,balanced_interval,48,-0.0036021808737232556,-0.0036086765244078833,-0.00571322026106096,-0.005729571829141911
ETTm2,2021,block_pca_fit_b144,balanced_interval,96,-0.00612594070461238,-0.006144742652969937,-0.004680661692478445,-0.004691633100555759
ETTm2,2021,block_pca_fit_b144,balanced_interval,144,-0.01446969781564436,-0.014574890650212113,-0.011384981437631116,-0.011450036989806955
ETTm2,2021,block_pca_fit_b144,balanced_interval,192,-0.019225223939236986,-0.019411218574462374,-0.013771577182951288,-0.013866842166021742
ETTm2,2021,block_pca_fit_b144,balanced_interval,288,-0.010056325207460132,-0.010107059971611099,-0.009436051745207449,-0.00948071164198172
ETTm2,2021,block_pca_fit_b144,balanced_interval,336,-0.009406963232483318,-0.009451347776534114,-0.00918907203662358,-0.009231421176109977
ETTm2,2021,block_pca_fit_b144,balanced_interval,512,-0.013551016813962822,-0.013643247980122952,-0.009621842326281124,-0.009668281073757612
ETTm2,2021,block_pca_fit_b144,balanced_interval,720,-0.015651870493342743,-0.0157750025954273,-0.011646364957831706,-0.011714447915806225
ETTm2,2021,block_pca_fit_b144,dct2,48,-0.00563988577977096,-0.005655819876987378,-0.009935161856216054,-0.009984679429277499
ETTm2,2021,block_pca_fit_b144,dct2,96,-0.009569231110066448,-0.009615162594843296,-0.010531637459206957,-0.010587290353442302
ETTm2,2021,block_pca_fit_b144,dct2,144,-0.020011558314755977,-0.020213131903105364,-0.01883387909706098,-0.019012355303649198
ETTm2,2021,block_pca_fit_b144,dct2,192,-0.024773559085155605,-0.025082973515315965,-0.02113656601750169,-0.021361525389576252
ETTm2,2021,block_pca_fit_b144,dct2,288,-0.01895484416564521,-0.01913562765877086,-0.01807572331329946,-0.01824007798300209
ETTm2,2021,block_pca_fit_b144,dct2,336,-0.018854217210513207,-0.019033080303293648,-0.01798943068683933,-0.01815221516331711
ETTm2,2021,block_pca_fit_b144,dct2,512,-0.022933806282158443,-0.023198807972349078,-0.017945210584129748,-0.01810719336323041
ETTm2,2021,block_pca_fit_b144,dct2,720,-0.02181436615313494,-0.022054039036425443,-0.017564048725647256,-0.017719203681405116
ETTm2,2021,block_pca_fit_b144,pca_fit,48,-0.03900553145929708,-0.0397762351141735,-0.02230570683259942,-0.022556339152549842
ETTm2,2021,block_pca_fit_b144,pca_fit,96,-0.0385037970220835,-0.03925467442344144,-0.020558249787027947,-0.02077102620635074
ETTm2,2021,block_pca_fit_b144,pca_fit,144,-0.039127230174554245,-0.039902782246297175,-0.022415758025317947,-0.022668878889748
ETTm2,2021,block_pca_fit_b144,pca_fit,192,-0.03323883444151977,-0.03379741618731291,-0.019685666814709513,-0.019880707285303112
ETTm2,2021,block_pca_fit_b144,pca_fit,288,-0.017593253571305683,-0.017748926447694435,-0.012512645834538802,-0.012591256521154781
ETTm2,2021,block_pca_fit_b144,pca_fit,336,-0.015401615635558072,-0.015520831771679733,-0.011442206062593534,-0.01150791849494981
ETTm2,2021,block_pca_fit_b144,pca_fit,512,-0.013918266557681464,-0.014015576567770305,-0.00919317709064191,-0.009235564134114416
ETTm2,2021,block_pca_fit_b144,pca_fit,720,-0.01874001624657402,-0.018916712388027612,-0.012444435894851604,-0.012522190088155138
ETTm2,2022,block_dct2_b16,balanced_interval,48,-0.029732431172194623,-0.030178853325176114,-0.01706680508923282,-0.017213275079031032
ETTm2,2022,block_dct2_b16,balanced_interval,96,-0.02401738371387745,-0.024308124015202992,-0.0171658892270017,-0.017314069772814467
ETTm2,2022,block_dct2_b16,balanced_interval,144,-0.030203221621416983,-0.030663965874529797,-0.02364470257248453,-0.02392645481928035
ETTm2,2022,block_dct2_b16,balanced_interval,192,-0.02652710367248491,-0.026882079160061245,-0.022417503462421873,-0.02267066389551209
ETTm2,2022,block_dct2_b16,balanced_interval,288,-0.025942752484545712,-0.026282194685903315,-0.02079788685785762,-0.02101567009676053
ETTm2,2022,block_dct2_b16,balanced_interval,336,-0.02158876505265048,-0.021823488527666246,-0.01853357903618062,-0.018706391774046205
ETTm2,2022,block_dct2_b16,balanced_interval,512,-0.02036272104560007,-0.020571455643836778,-0.01634057042286432,-0.01647480771833365
ETTm2,2022,block_dct2_b16,balanced_interval,720,-0.005781679305429538,-0.00579842547132281,-0.010570410668447506,-0.01062647482555601
ETTm2,2022,block_dct2_b16,dct2,48,-0.04046977578111072,-0.04129983675270177,-0.025772085586168624,-0.02610705723238471
ETTm2,2022,block_dct2_b16,dct2,96,-0.023649429105279406,-0.023931294452685936,-0.020430711718776973,-0.020640847343098567
ETTm2,2022,block_dct2_b16,dct2,144,-0.03218431065230473,-0.032707826818639596,-0.028080556168650204,-0.02847853137449019
ETTm2,2022,block_dct2_b16,dct2,192,-0.03089059244341541,-0.03137265775111264,-0.027634463616335436,-0.028019837079089616
ETTm2,2022,block_dct2_b16,dct2,288,-0.028490826484971258,-0.02890057215636932,-0.025253939271486336,-0.025575521360778675
ETTm2,2022,block_dct2_b16,dct2,336,-0.025743849294102,-0.02607808418287272,-0.023793688550490143,-0.02407901686807823
ETTm2,2022,block_dct2_b16,dct2,512,-0.027771708034264153,-0.028160936745597942,-0.02278078123124115,-0.023042244902002018
ETTm2,2022,block_dct2_b16,dct2,720,-0.008884371400209716,-0.00892395456480366,-0.014086369361306965,-0.014186049757220376
ETTm2,2022,block_dct2_b16,pca_fit,48,-0.08583576630026869,-0.08962736007655003,-0.047224379518915664,-0.04835721257825498
ETTm2,2022,block_dct2_b16,pca_fit,96,-0.06711002431933102,-0.06941313315408593,-0.03890401123626015,-0.03967068215684666
ETTm2,2022,block_dct2_b16,pca_fit,144,-0.06404129879193587,-0.06613642799883701,-0.039522239482158744,-0.040313634664210785
ETTm2,2022,block_dct2_b16,pca_fit,192,-0.048774371474387145,-0.049983417801142016,-0.03311371438441461,-0.033668075487290894
ETTm2,2022,block_dct2_b16,pca_fit,288,-0.03732347633332651,-0.03802874426802094,-0.026872160853941597,-0.02723647333559609
ETTm2,2022,block_dct2_b16,pca_fit,336,-0.029743556079078935,-0.030190314032743082,-0.023190105663533463,-0.023461086803371334
ETTm2,2022,block_dct2_b16,pca_fit,512,-0.02553900643215792,-0.02586792093748569,-0.019807984767198056,-0.02000546463507691
ETTm2,2022,block_dct2_b16,pca_fit,720,-0.01293655562791952,-0.013020594865420954,-0.013945218249376744,-0.014042906371254604
ETTm2,2022,block_dct2_b32,balanced_interval,48,-0.007691651212972284,-0.007721307949826617,-0.004265752803514846,-0.004274864077879803
ETTm2,2022,block_dct2_b32,balanced_interval,96,0.00869145606390055,0.00865379454975912,-0.0005735571252467102,-0.0005737216405861112
ETTm2,2022,block_dct2_b32,balanced_interval,144,0.0026851505443659007,0.002681548752148988,-0.0050146152695121895,-0.0050272094955954305
ETTm2,2022,block_dct2_b32,balanced_interval,192,0.0024299784599880188,0.0024270284522988073,-0.0049621272714990075,-0.0049744590138158795
ETTm2,2022,block_dct2_b32,balanced_interval,288,-0.001671694112647054,-0.001673092172184365,-0.00723084804673784,-0.007257053753558118
ETTm2,2022,block_dct2_b32,balanced_interval,336,-0.0031739881401296097,-0.0031790305739500813,-0.008514892742084968,-0.008551247553804098
ETTm2,2022,block_dct2_b32,balanced_interval,512,-0.00555285581162589,-0.005568301491434946,-0.0078074629410492796,-0.007838020654139743
ETTm2,2022,block_dct2_b32,balanced_interval,720,-0.0005594205696922641,-0.00055957707456189,-0.0061691457264534,-0.006188214097637035
ETTm2,2022,block_dct2_b32,dct2,48,-0.018428995821888474,-0.01859985775610662,-0.01297103330045061,-0.013055522059858715
ETTm2,2022,block_dct2_b32,dct2,96,0.009059410672498436,0.009018497853525043,-0.00383837961702192,-0.0038457556303577167
ETTm2,2022,block_dct2_b32,dct2,144,0.000704061513478147,0.000703813720328017,-0.009450468865677984,-0.009495265551926702
ETTm2,2022,block_dct2_b32,dct2,192,-0.0019335103109423995,-0.0019353807473121432,-0.010179087425412747,-0.010231070566414813
ETTm2,2022,block_dct2_b32,dct2,288,-0.004219768113072557,-0.004228683870935779,-0.011686900460366668,-0.011755459100573296
ETTm2,2022,block_dct2_b32,dct2,336,-0.007329072381581112,-0.007355995766856305,-0.013775002256394542,-0.013870314740364709
ETTm2,2022,block_dct2_b32,dct2,512,-0.012961842800289974,-0.013046211615704184,-0.014247673749426043,-0.014349655612231782
ETTm2,2022,block_dct2_b32,dct2,720,-0.003662112664472428,-0.0036688263920299224,-0.009685104419312824,-0.009732156822921612
ETTm2,2022,block_dct2_b32,pca_fit,48,-0.0637949863410464,-0.06587385766077336,-0.03442332723319762,-0.0350226672821321
ETTm2,2022,block_dct2_b32,pca_fit,96,-0.034401184541553206,-0.03499974934809891,-0.02231167913450514,-0.022562446185959484
ETTm2,2022,block_dct2_b32,pca_fit,144,-0.031152926626153012,-0.0316432575466179,-0.020892152179186434,-0.021111921003474032
ETTm2,2022,block_dct2_b32,pca_fit,192,-0.019817289341914037,-0.02001495539628717,-0.015658338193491834,-0.015781572344808703
ETTm2,2022,block_dct2_b32,pca_fit,288,-0.013052417961427936,-0.013137972595131497,-0.013305122042821926,-0.013394029047714362
ETTm2,2022,block_dct2_b32,pca_fit,336,-0.011328779166558016,-0.011393192798052398,-0.01317141936943775,-0.013258544614356271
ETTm2,2022,block_dct2_b32,pca_fit,512,-0.01072914119818363,-0.010786904833503641,-0.011274877285382996,-0.011338678271583857
ETTm2,2022,block_dct2_b32,pca_fit,720,-0.007714296892182244,-0.007744128741694611,-0.009543953307382664,-0.009589642064529391
ETTm2,2022,block_dct2_b48,balanced_interval,48,0.022801027964904373,0.02254304897537318,0.004686202107976517,0.004675238994685249
ETTm2,2022,block_dct2_b48,balanced_interval,96,0.027367736658782872,0.0269966332805347,0.01003884038664643,0.009988619422401146
ETTm2,2022,block_dct2_b48,balanced_interval,144,0.01712346945172917,0.01697769608324362,0.0020679752036007774,0.002065838416074439
ETTm2,2022,block_dct2_b48,balanced_interval,192,0.015740924110176278,0.015617683253250636,0.0009312143133199684,0.000930780867825276
ETTm2,2022,block_dct2_b48,balanced_interval,288,0.011664119259932508,0.01159635713858731,0.000843807031704689,0.0008434511266633971
ETTm2,2022,block_dct2_b48,balanced_interval,336,0.009398165917897931,0.00935414118179223,-0.0012246056601884373,-0.0012253557958754602
ETTm2,2022,block_dct2_b48,balanced_interval,512,-0.0013089174358178824,-0.0013097744421208812,-0.004445810017673887,-0.004455707292729816
ETTm2,2022,block_dct2_b48,balanced_interval,720,-0.0041519103299678005,-0.004160541450740851,-0.006017506466278083,-0.006035648029049545
ETTm2,2022,block_dct2_b48,dct2,48,0.012063683355988281,0.011991208857147218,-0.004019078388959273,-0.004027165715410952
ETTm2,2022,block_dct2_b48,dct2,96,0.027735691267381037,0.02735458849382677,0.00677401789487121,0.006751125954954085
ETTm2,2022,block_dct2_b48,dct2,144,0.015142380420841524,0.015028311064762545,-0.0023678783925648868,-0.002370684030638781
ETTm2,2022,block_dct2_b48,dct2,192,0.011377435339245637,0.011312957085852449,-0.004285745840593663,-0.004294942783191091
ETTm2,2022,block_dct2_b48,dct2,288,0.009116045259506978,0.009074620092387242,-0.0036122453819241902,-0.003618777402993434
ETTm2,2022,block_dct2_b48,dct2,336,0.00524308167644635,0.005229360714229081,-0.006484715174497953,-0.006505786462421392
ETTm2,2022,block_dct2_b48,dct2,512,-0.008717904424481877,-0.008756016023846236,-0.01088602082605066,-0.010945489145985476
ETTm2,2022,block_dct2_b48,dct2,720,-0.0072546024247479544,-0.007280980802551351,-0.009533465159137507,-0.009579053394224601
ETTm2,2022,block_dct2_b48,pca_fit,48,-0.0333023071631697,-0.033863036205471486,-0.02547137232170637,-0.02579853961951062
ETTm2,2022,block_dct2_b48,pca_fit,96,-0.01572490394667064,-0.01584919086075076,-0.011699281622612126,-0.011767985886613097
ETTm2,2022,block_dct2_b48,pca_fit,144,-0.016714607718789597,-0.016855078320049177,-0.01380956170607334,-0.013905354145955728
ETTm2,2022,block_dct2_b48,pca_fit,192,-0.006506343691725926,-0.006527555925583739,-0.009764996608672824,-0.009812829758123254
ETTm2,2022,block_dct2_b48,pca_fit,288,0.0002833954111515524,0.00028335525846512333,-0.0052304669643794275,-0.005244169736928317
ETTm2,2022,block_dct2_b48,pca_fit,336,0.0012433748914695189,0.0012426022211818877,-0.005881132287541171,-0.00589846009842776
ETTm2,2022,block_dct2_b48,pca_fit,512,-0.006485202822375612,-0.006506277282951611,-0.007913224362007507,-0.007944616672073579
ETTm2,2022,block_dct2_b48,pca_fit,720,-0.011306786652457868,-0.011370949963587895,-0.009392314047207254,-0.009436560245026149
ETTm2,2022,block_dct2_b96,balanced_interval,48,0.022181814535536047,0.02193760707513681,0.012321611260638684,0.01224601103271461
ETTm2,2022,block_dct2_b96,balanced_interval,96,0.030273269138650666,0.029819623035346354,0.015361557329185035,0.01524417045778792
ETTm2,2022,block_dct2_b96,balanced_interval,144,0.024025913323329526,0.023739588721564342,0.012294324496765902,0.012219058055125243
ETTm2,2022,block_dct2_b96,balanced_interval,192,0.021085481927292114,0.020864737377319975,0.011670387999355849,0.01160255316404879
ETTm2,2022,block_dct2_b96,balanced_interval,288,0.01637669689519094,0.01624332783531457,0.007044111658056057,0.007019360055314561
ETTm2,2022,block_dct2_b96,balanced_interval,336,0.013422146000254308,0.013332470658828255,0.004667574695589156,0.004656698497222389
ETTm2,2022,block_dct2_b96,balanced_interval,512,0.006978424153536961,0.006954131492713511,0.003357015867580192,0.003351387389870508
ETTm2,2022,block_dct2_b96,balanced_interval,720,0.0017387901893665845,0.0017372793694984123,-0.0008526136963436032,-0.0008529772747245534
ETTm2,2022,block_dct2_b96,dct2,48,0.011444469926619906,0.011379231092466302,0.003616330763703107,0.0036097997147899186
ETTm2,2022,block_dct2_b96,dct2,96,0.030641223747248668,0.03017653970762768,0.012096734837409827,0.012023863471707363
ETTm2,2022,block_dct2_b96,dct2,144,0.022044824292441822,0.02180361289243038,0.007858470900600002,0.00782767384354699
ETTm2,2022,block_dct2_b96,dct2,192,0.016721993156361564,0.016582956696452267,0.006453427845442255,0.006432649201817409
ETTm2,2022,block_dct2_b96,dct2,288,0.01382862289476533,0.013733446712798303,0.0025880592444272607,0.00258471310639119
ETTm2,2022,block_dct2_b96,dct2,336,0.00926706175880286,0.009224254875379478,-0.0005925348187202229,-0.0005927104021539176
ETTm2,2022,block_dct2_b96,dct2,512,-0.0004305628351271872,-0.0004306555406092816,-0.0030831949407965774,-0.0030879528749410134
ETTm2,2022,block_dct2_b96,dct2,720,-0.001363901905413657,-0.0013648324426231984,-0.004368572389202949,-0.004378128512033452
ETTm2,2022,block_dct2_b96,pca_fit,48,-0.03392152059253804,-0.0345034163271416,-0.01783596316904397,-0.01799597385940732
ETTm2,2022,block_dct2_b96,pca_fit,96,-0.012819371466802969,-0.012901891852010072,-0.00637656468007347,-0.006396938250074369
ETTm2,2022,block_dct2_b96,pca_fit,144,-0.009812163847189404,-0.009860460964028928,-0.0035832124129083626,-0.0035896397931030055
ETTm2,2022,block_dct2_b96,pca_fit,192,-0.001161785874610098,-0.0011624610092479948,0.0009741770773629967,0.0009737027209222315
ETTm2,2022,block_dct2_b96,pca_fit,288,0.004995973046409998,0.00498351393017471,0.0009698376619719676,0.0009693675214256237
ETTm2,2022,block_dct2_b96,pca_fit,336,0.005267354973826019,0.005253506784727469,1.1048068236424774e-05,1.10480072067487e-05
ETTm2,2022,block_dct2_b96,pca_fit,512,0.0018021387669792009,0.0018005158899411233,-0.00011039847675357062,-0.00011040457088973277
ETTm2,2022,block_dct2_b96,pca_fit,720,-0.005416086133123545,-0.005430779642751737,-0.004227421277272734,-0.004236369427357278
ETTm2,2022,block_dct2_b144,balanced_interval,48,0.023384050906851608,0.023112762708360046,0.013489783252759492,0.013399203882797583
ETTm2,2022,block_dct2_b144,balanced_interval,96,0.03930044629916109,0.0385382018916125,0.020452228439940906,0.020244500194722903
ETTm2,2022,block_dct2_b144,balanced_interval,144,0.030227334276679847,0.029775056910082087,0.014349601122808338,0.01424713629194585
ETTm2,2022,block_dct2_b144,balanced_interval,192,0.021124382344248238,0.020902825406467485,0.00983763145833241,0.009789400251830616
ETTm2,2022,block_dct2_b144,balanced_interval,288,0.012508637572428032,0.012430729744058344,0.004192895139184592,0.004184117226934458
ETTm2,2022,block_dct2_b144,balanced_interval,336,0.00990345846020147,0.0098545807014907,0.00193929169052512,0.001937412479370515
ETTm2,2022,block_dct2_b144,balanced_interval,512,0.008870512086242281,0.00883128516721432,0.0014631330105637495,0.0014620631533052153
ETTm2,2022,block_dct2_b144,balanced_interval,720,0.003917676119451262,0.00391001203809227,-0.0015926769296291275,-0.0015939459131344424
ETTm2,2022,block_dct2_b144,dct2,48,0.012646706297935587,0.01256707276198299,0.004784502755823765,0.004773075254747794
ETTm2,2022,block_dct2_b144,dct2,96,0.03966840090775917,0.03889191111275769,0.017187405948165743,0.017040545076081548
ETTm2,2022,block_dct2_b144,dct2,144,0.028246245245792046,0.027851049732340094,0.009913747526642683,0.009864768321085737
ETTm2,2022,block_dct2_b144,dct2,192,0.016760893573317687,0.01662121128541394,0.004620671304418737,0.004610012426144228
ETTm2,2022,block_dct2_b144,dct2,288,0.009960563572002451,0.009911121451960714,-0.0002631572744441698,-0.00026319190335732934
ETTm2,2022,block_dct2_b144,dct2,336,0.005748374218749856,0.005731883928254411,-0.003320817823784242,-0.0033263378479337913
ETTm2,2022,block_dct2_b144,dct2,512,0.001461525097578222,0.0014604575898992112,-0.00497707779781304,-0.004989484023226076
ETTm2,2022,block_dct2_b144,dct2,720,0.0008149840246710302,0.0008146520153909931,-0.005108635622488562,-0.005121706950855565
ETTm2,2022,block_dct2_b144,pca_fit,48,-0.03271928422122245,-0.033260446015554335,-0.016667791176923265,-0.016807473796051298
ETTm2,2022,block_dct2_b144,pca_fit,96,-0.0037921943062925578,-0.0037993937728362237,-0.001285893569317455,-0.0012867206849427326
ETTm2,2022,block_dct2_b144,pca_fit,144,-0.0036107428938390133,-0.003617269478870977,-0.0015279357868658373,-0.0015291036754940812
ETTm2,2022,block_dct2_b144,pca_fit,192,-0.0011228854576540326,-0.00112351612956485,-0.0008585794636604715,-0.0008589481485157258
ETTm2,2022,block_dct2_b144,pca_fit,288,0.0011279137236472141,0.0011272778680491147,-0.0018813788568992978,-0.0018831497605069636
ETTm2,2022,block_dct2_b144,pca_fit,336,0.0017486674337730303,0.0017471394056768341,-0.0027172349368274886,-0.0027209299656743013
ETTm2,2022,block_dct2_b144,pca_fit,512,0.003694226699684492,0.003687411439185606,-0.0020042813337699983,-0.002006291248189518
ETTm2,2022,block_dct2_b144,pca_fit,720,-0.0032372002030388296,-0.003242445594215937,-0.004967484510558311,-0.004979842916662758
ETTm2,2022,block_pca_fit_b16,balanced_interval,48,-0.038071645568129364,-0.03880565603382391,-0.02348922618691076,-0.023767270809989416
ETTm2,2022,block_pca_fit_b16,balanced_interval,96,-0.027716317619511356,-0.02810398806209924,-0.02091756233043802,-0.021137867941487976
ETTm2,2022,block_pca_fit_b16,balanced_interval,144,-0.030547076971858524,-0.031018426131738552,-0.025970308478294058,-0.02631047530129238
ETTm2,2022,block_pca_fit_b16,balanced_interval,192,-0.026581219307898616,-0.026937651039910193,-0.02436433328820009,-0.02466356893997257
ETTm2,2022,block_pca_fit_b16,balanced_interval,288,-0.02513236970690067,-0.025450850169461914,-0.02219823040693909,-0.02244644435783716
ETTm2,2022,block_pca_fit_b16,balanced_interval,336,-0.021938432899306273,-0.02218084982179791,-0.020161823864550732,-0.02036644630892681
ETTm2,2022,block_pca_fit_b16,balanced_interval,512,-0.019696487325630875,-0.019891742975340465,-0.01697546136245535,-0.01712036327107791
ETTm2,2022,block_pca_fit_b16,balanced_interval,720,-0.00712553366046535,-0.007150980680731722,-0.011419310570554318,-0.011484759788570331
ETTm2,2022,block_pca_fit_b16,dct2,48,-0.048808990177045486,-0.050019767494065004,-0.03219450668384643,-0.03271835639389509
ETTm2,2022,block_pca_fit_b16,dct2,96,-0.0273483630109134,-0.027725762050843095,-0.024182384822213177,-0.024477149935291376
ETTm2,2022,block_pca_fit_b16,dct2,144,-0.03252816600274626,-0.033062989989212976,-0.03040616207445985,-0.03087315051199413
ETTm2,2022,block_pca_fit_b16,dct2,192,-0.030944708078829094,-0.03142847264805071,-0.029581293442113698,-0.0300231661971031
ETTm2,2022,block_pca_fit_b16,dct2,288,-0.02768044370732624,-0.02806710661145906,-0.02665428282056785,-0.02701268545309299
ETTm2,2022,block_pca_fit_b16,dct2,336,-0.02609351714075776,-0.026436933432435472,-0.02542193337886016,-0.02574782647775109
ETTm2,2022,block_pca_fit_b16,dct2,512,-0.02710547431429501,-0.027476169392862237,-0.023415672170832146,-0.023691971385013222
ETTm2,2022,block_pca_fit_b16,dct2,720,-0.010228225755245523,-0.010280712853627083,-0.014935269263413747,-0.01504735772597865
ETTm2,2022,block_pca_fit_b16,pca_fit,48,-0.0941749806962035,-0.09875198948530173,-0.053646800616593535,-0.055111871472402374
ETTm2,2022,block_pca_fit_b16,pca_fit,96,-0.07080895822496505,-0.07337614659530112,-0.04265568433969639,-0.04357851255905709
ETTm2,2022,block_pca_fit_b16,pca_fit,144,-0.06438515414237742,-0.06650308774925073,-0.04184784538796826,-0.0427358096173851
ETTm2,2022,block_pca_fit_b16,pca_fit,192,-0.0488284871098008,-0.0500402398584372,-0.03506054421019289,-0.03568241147507556
ETTm2,2022,block_pca_fit_b16,pca_fit,288,-0.03651309355568158,-0.03718788440615839,-0.02827250440302304,-0.028675964960585887
ETTm2,2022,block_pca_fit_b16,pca_fit,336,-0.030093223925734637,-0.030550601448287917,-0.024818350491903455,-0.025128889452044945
ETTm2,2022,block_pca_fit_b16,pca_fit,512,-0.02487277271218866,-0.025184680760417244,-0.020442875706789026,-0.0206532624816389
ETTm2,2022,block_pca_fit_b16,pca_fit,720,-0.014280409982955385,-0.014382862142963582,-0.014794118151483458,-0.014904092774015387
ETTm2,2022,block_pca_fit_b32,balanced_interval,48,0.012479380811835649,0.012401836243686959,0.001359660674953985,0.0013587367551650686
ETTm2,2022,block_pca_fit_b32,balanced_interval,96,0.014783121455217376,0.014674387583341386,-5.724034073309084e-05,-5.7241978992594866e-05
ETTm2,2022,block_pca_fit_b32,balanced_interval,144,0.010486701858606201,0.010431908103193388,-0.00409265883142352,-0.004101045196519548
ETTm2,2022,block_pca_fit_b32,balanced_interval,192,0.009068273759140181,0.009027280969516105,-0.003947737130825964,-0.00395553970918372
ETTm2,2022,block_pca_fit_b32,balanced_interval,288,0.001477024176105727,0.001475933912745142,-0.007436974384442427,-0.007464697360848316
ETTm2,2022,block_pca_fit_b32,balanced_interval,336,0.0014181096578994327,0.0014171046155414535,-0.007827244552741613,-0.007857957511703928
ETTm2,2022,block_pca_fit_b32,balanced_interval,512,-0.003951928975915389,-0.003959748144103381,-0.008069193765873745,-0.008101837453563299
ETTm2,2022,block_pca_fit_b32,balanced_interval,720,-0.0010911065158364965,-0.0010917019891061308,-0.007186975869244327,-0.007212864162668087
ETTm2,2022,block_pca_fit_b32,dct2,48,0.001742036202919494,0.0017405197385598203,-0.007345619821981617,-0.007372665068075213
ETTm2,2022,block_pca_fit_b32,dct2,96,0.015151076063815412,0.015036875989670073,-0.0033220628325082626,-0.0033275869987550166
ETTm2,2022,block_pca_fit_b32,dct2,144,0.008505612827718369,0.008469542442287592,-0.008528512427589303,-0.008564983798152292
ETTm2,2022,block_pca_fit_b32,dct2,192,0.004704784988209556,0.004693734823658535,-0.009164697284739587,-0.009206821710429303
ETTm2,2022,block_pca_fit_b32,dct2,288,-0.0010710498243198393,-0.001071623603013272,-0.01189302679807126,-0.011964030043254192
ETTm2,2022,block_pca_fit_b32,dct2,336,-0.002736974583551935,-0.002740723517953292,-0.013087354067051124,-0.013173368308643685
ETTm2,2022,block_pca_fit_b32,dct2,512,-0.011360915964579445,-0.011425696259085516,-0.014509404574250564,-0.01461517693029668
ETTm2,2022,block_pca_fit_b32,dct2,720,-0.004193798610616697,-0.004202604890294115,-0.010702934562103784,-0.010760415856029493
ETTm2,2022,block_pca_fit_b32,pca_fit,48,-0.04362395431623843,-0.044589467660683946,-0.028797913754728666,-0.029216582942886093
ETTm2,2022,block_pca_fit_b32,pca_fit,96,-0.02830951915023631,-0.028714041846092053,-0.021795362349991482,-0.022034616307218924
ETTm2,2022,block_pca_fit_b32,pca_fit,144,-0.023351375311912826,-0.02362615332272222,-0.019970195741097718,-0.02017093413500004
ETTm2,2022,block_pca_fit_b32,pca_fit,192,-0.013178994042762085,-0.01326621974589326,-0.014643948052818743,-0.014751695969276168
ETTm2,2022,block_pca_fit_b32,pca_fit,288,-0.009903699672675072,-0.00995290360579082,-0.01351124838052655,-0.013602937777629664
ETTm2,2022,block_pca_fit_b32,pca_fit,336,-0.0067366813685288025,-0.006759423847387591,-0.01248377118009432,-0.012562018720646995
ETTm2,2022,block_pca_fit_b32,pca_fit,512,-0.009128214362473148,-0.009170003568022889,-0.01153660811020744,-0.011603411420926468
ETTm2,2022,block_pca_fit_b32,pca_fit,720,-0.00824598283832653,-0.00828007459706992,-0.010561783450173536,-0.010617755967974096
ETTm2,2022,block_pca_fit_b48,balanced_interval,48,0.006029654465241525,0.006011512580170186,0.0020973805369290965,0.0020951825712960392
ETTm2,2022,block_pca_fit_b48,balanced_interval,96,0.0219372414221885,0.021698370056372207,0.009763916045300526,0.009716403778032068
ETTm2,2022,block_pca_fit_b48,balanced_interval,144,0.010860961203687384,0.01080219391339543,0.0009799329283567799,0.0009794529508794225
ETTm2,2022,block_pca_fit_b48,balanced_interval,192,0.011977565275171154,0.011906119772421841,0.0012530247452526557,0.0012522400375335474
ETTm2,2022,block_pca_fit_b48,balanced_interval,288,0.008836719268474763,0.008797790217516033,0.001142696364040222,0.0011420437351592483
ETTm2,2022,block_pca_fit_b48,balanced_interval,336,0.009024332268018334,0.008983735193854647,0.0003093135284819431,0.00030926569598432874
ETTm2,2022,block_pca_fit_b48,balanced_interval,512,0.0005713684316398504,0.0005712052317814464,-0.0021556740913803063,-0.002157999227219376
ETTm2,2022,block_pca_fit_b48,balanced_interval,720,-0.0003623305043175917,-0.00036239615394340063,-0.003043478503815472,-0.0030481145865968173
ETTm2,2022,block_pca_fit_b48,dct2,48,-0.004707690143674667,-0.004718788726313816,-0.00660789996000648,-0.006629780298760046
ETTm2,2022,block_pca_fit_b48,dct2,96,0.022305196030786456,0.022058274431411506,0.0064990935535253844,0.006478020122464345
ETTm2,2022,block_pca_fit_b48,dct2,144,0.008879872172799756,0.008840562548759645,-0.0034559206678090567,-0.003461899246821165
ETTm2,2022,block_pca_fit_b48,dct2,192,0.007614076504240611,0.007585162853855132,-0.003963935408660998,-0.003971802191661711
ETTm2,2022,block_pca_fit_b48,dct2,288,0.0062886452680492675,0.006268913122883246,-0.0033133560495886344,-0.003318851281287838
ETTm2,2022,block_pca_fit_b48,dct2,336,0.004869248026566854,0.004857412456296117,-0.004950795985827526,-0.004963071425646559
ETTm2,2022,block_pca_fit_b48,dct2,512,-0.006837618557024294,-0.006861048441886286,-0.00859588489975713,-0.008632935603467562
ETTm2,2022,block_pca_fit_b48,dct2,720,-0.0034650225990977704,-0.003471032729644996,-0.006559437196674904,-0.006580997420041035
ETTm2,2022,block_pca_fit_b48,pca_fit,48,-0.05007368066283264,-0.05134855758088319,-0.028060193892753545,-0.028457589424094154
ETTm2,2022,block_pca_fit_b48,pca_fit,96,-0.02115539918326517,-0.0213807610416219,-0.011974205963957894,-0.012046183773660735
ETTm2,2022,block_pca_fit_b48,pca_fit,144,-0.02297711596683142,-0.023243123349715678,-0.01489760398131759,-0.015009126400910233
ETTm2,2022,block_pca_fit_b48,pca_fit,192,-0.010269702526731131,-0.010322616904906878,-0.009443186176740087,-0.009487913738693843
ETTm2,2022,block_pca_fit_b48,pca_fit,288,-0.0025440045803059906,-0.002547243305820235,-0.004931577632043868,-0.004943757875388144
ETTm2,2022,block_pca_fit_b48,pca_fit,336,0.0008695412415899662,0.0008691633001577381,-0.004347213098870708,-0.004356675937089882
ETTm2,2022,block_pca_fit_b48,pca_fit,512,-0.004604916954918005,-0.004615535878495836,-0.005623088435714036,-0.005638927672050542
ETTm2,2022,block_pca_fit_b48,pca_fit,720,-0.007517206826807627,-0.007545531956849594,-0.006418286084744631,-0.006438927419912366
ETTm2,2022,block_pca_fit_b96,balanced_interval,48,0.03433765889075127,0.03375481172966943,0.014004047275682809,0.013906446737673495
ETTm2,2022,block_pca_fit_b96,balanced_interval,96,0.02968905379497359,0.029252663175790228,0.011151363744867832,0.01108941776272665
ETTm2,2022,block_pca_fit_b96,balanced_interval,144,0.030084200941386648,0.029636175438945922,0.011548933673616929,0.01148250072828505
ETTm2,2022,block_pca_fit_b96,balanced_interval,192,0.026275295670065788,0.025933103704690375,0.011381697018751491,0.011317170544182797
ETTm2,2022,block_pca_fit_b96,balanced_interval,288,0.024819365783226206,0.024513897717081123,0.00917795842487013,0.009135969520107867
ETTm2,2022,block_pca_fit_b96,balanced_interval,336,0.021509595657999103,0.021279914039132874,0.006239721305595244,0.006220294671205551
ETTm2,2022,block_pca_fit_b96,balanced_interval,512,0.011841476465005215,0.011771642101683799,0.003313754799608041,0.0033082703738586128
ETTm2,2022,block_pca_fit_b96,balanced_interval,720,0.002607212440383082,0.002603816613883203,-0.0015637518704327434,-0.0015649751679502888
ETTm2,2022,block_pca_fit_b96,dct2,48,0.023600314281835122,0.02332400479648833,0.005298766778747006,0.005284753076764348
ETTm2,2022,block_pca_fit_b96,dct2,96,0.030057008403571662,0.02960978842518902,0.007886541253092648,0.007855524079590892
ETTm2,2022,block_pca_fit_b96,dct2,144,0.02810311191049896,0.027711892851929876,0.0071130800774511045,0.007087841998968614
ETTm2,2022,block_pca_fit_b96,dct2,192,0.02191180689913521,0.021673487104570732,0.006164736864837828,0.006145773861849668
ETTm2,2022,block_pca_fit_b96,dct2,288,0.022271291782800635,0.022025117490554802,0.004721906011241345,0.004710775339272333
ETTm2,2022,block_pca_fit_b96,dct2,336,0.017354511416547598,0.017204789252764696,0.0009796117912857362,0.00097913212829559
ETTm2,2022,block_pca_fit_b96,dct2,512,0.004432489476341283,0.00442268049295258,-0.003126456008768639,-0.0031313484697153005
ETTm2,2022,block_pca_fit_b96,dct2,720,-0.0004954796543970794,-0.0004956024247169122,-0.005079710563292242,-0.00509263416645056
ETTm2,2022,block_pca_fit_b96,pca_fit,48,-0.02176567623732282,-0.02200427652278547,-0.016153527153999925,-0.016284700727250634
ETTm2,2022,block_pca_fit_b96,pca_fit,96,-0.013403586810480008,-0.013493817568076771,-0.01058675826439051,-0.01064299627385834
ETTm2,2022,block_pca_fit_b96,pca_fit,144,-0.0037538762291322927,-0.0037609308471295844,-0.004328603236057373,-0.0043379851710518835
ETTm2,2022,block_pca_fit_b96,pca_fit,192,0.004028027868163494,0.0040199262454145845,0.0006854860967586492,0.000685251204838977
ETTm2,2022,block_pca_fit_b96,pca_fit,288,0.013438641934445378,0.013348746527217625,0.0031036844287860967,0.003098872979296785
ETTm2,2022,block_pca_fit_b96,pca_fit,336,0.013354804631570719,0.013266024879717064,0.0015831946782423163,0.0015819420866670653
ETTm2,2022,block_pca_fit_b96,pca_fit,512,0.006665191078447536,0.006643027960201664,-0.00015365954472557284,-0.00015367135095822881
ETTm2,2022,block_pca_fit_b96,pca_fit,720,-0.004547663882106969,-0.004558020198563328,-0.00493855945136198,-0.004950774235624067
ETTm2,2022,block_pca_fit_b144,balanced_interval,48,-0.020799996892185153,-0.021017824477146174,-0.019447007861918587,-0.019637332666651686
ETTm2,2022,block_pca_fit_b144,balanced_interval,96,-0.0068313139257891705,-0.006854700574281392,-0.010440110300969628,-0.010494798403432704
ETTm2,2022,block_pca_fit_b144,balanced_interval,144,-0.008611228747254123,-0.008648412032145503,-0.012732825726659687,-0.012814233301378986
ETTm2,2022,block_pca_fit_b144,balanced_interval,192,-0.004526961118020922,-0.004537223286138037,-0.009915668854504178,-0.009964991988076877
ETTm2,2022,block_pca_fit_b144,balanced_interval,288,0.001282436820163103,0.0012816148494769752,-0.0046891719898066765,-0.004700183361459054
ETTm2,2022,block_pca_fit_b144,balanced_interval,336,0.0022438896258721486,0.0022413739875023486,-0.003839046931680301,-0.003846425511568663
ETTm2,2022,block_pca_fit_b144,balanced_interval,512,0.0023947866735221273,0.002391921459564683,-0.0012842811365591502,-0.0012851061787355622
ETTm2,2022,block_pca_fit_b144,balanced_interval,720,-0.001056619222395285,-0.0010571776411472111,-0.003150666848527686,-0.0031556354160529043
ETTm2,2022,block_pca_fit_b144,dct2,48,-0.03153734150110124,-0.032039912795663206,-0.028152288358854336,-0.028552309038208712
ETTm2,2022,block_pca_fit_b144,dct2,96,-0.006463359317191204,-0.006484291897985495,-0.01370493279274494,-0.013799275880057138
ETTm2,2022,block_pca_fit_b144,dct2,144,-0.01059231777814196,-0.010648614973112647,-0.0171686793228254,-0.017316908180511792
ETTm2,2022,block_pca_fit_b144,dct2,192,-0.008890449888951466,-0.008930087316341595,-0.015132629008417752,-0.015247706983455345
ETTm2,2022,block_pca_fit_b144,dct2,288,-0.0012656371802623875,-0.0012664384369962534,-0.009145224403435513,-0.00918716973711975
ETTm2,2022,block_pca_fit_b144,dct2,336,-0.0019111946155794392,-0.0019130221120571278,-0.00909915644598979,-0.009140679616390202
ETTm2,2022,block_pca_fit_b144,dct2,512,-0.005014200315141791,-0.005026792455248952,-0.0077244919449359385,-0.007754402798621607
ETTm2,2022,block_pca_fit_b144,dct2,720,-0.004159311317175435,-0.004167973257563906,-0.006666625541387058,-0.006688896953656043
ETTm2,2022,block_pca_fit_b144,pca_fit,48,-0.07690333202025924,-0.07993767595321155,-0.04960458229160137,-0.05085548734319012
ETTm2,2022,block_pca_fit_b144,pca_fit,96,-0.04992395453124273,-0.05119115501233695,-0.03217823231022816,-0.03270154968628036
ETTm2,2022,block_pca_fit_b144,pca_fit,144,-0.042449305917773045,-0.043363162695029045,-0.02861036263633387,-0.029023570322116887
ETTm2,2022,block_pca_fit_b144,pca_fit,192,-0.026774228919923097,-0.027135879006846997,-0.020611879776496964,-0.02082577161372101
ETTm2,2022,block_pca_fit_b144,pca_fit,288,-0.01009828702861769,-0.010149446792719452,-0.010763445985890723,-0.010821580258454144
ETTm2,2022,block_pca_fit_b144,pca_fit,336,-0.005910901400556285,-0.005928405249086222,-0.00849557355903295,-0.008531763355845268
ETTm2,2022,block_pca_fit_b144,pca_fit,512,-0.002781498713035569,-0.0027853706696960856,-0.004751695480892867,-0.0047630026882392595
ETTm2,2022,block_pca_fit_b144,pca_fit,720,-0.008211495544885294,-0.008245302345870398,-0.0065254744294568545,-0.006546811724463364
ETTm2,2023,block_dct2_b16,balanced_interval,48,0.0478765140407863,0.04674850701517519,0.025191732562281875,0.02487706871439821
ETTm2,2023,block_dct2_b16,balanced_interval,96,0.027188212524244252,0.026821940012861534,0.013363647363488513,0.013274750265155011
ETTm2,2023,block_dct2_b16,balanced_interval,144,0.015236977354641778,0.015121481959505911,0.0037745669231943092,0.003767452199946786
ETTm2,2023,block_dct2_b16,balanced_interval,192,0.004669860002796561,0.004658973159843982,-0.0025537479089595256,-0.0025570115006896543
ETTm2,2023,block_dct2_b16,balanced_interval,288,-0.004537355236889486,-0.004547664619708902,-0.006756507939929807,-0.006779384632864538
ETTm2,2023,block_dct2_b16,balanced_interval,336,-0.005964724833134294,-0.005982549225878708,-0.007454168834520472,-0.00748202031122136
ETTm2,2023,block_dct2_b16,balanced_interval,512,-0.017330362357757405,-0.01748140436347656,-0.01171927641892085,-0.011788216183652223
ETTm2,2023,block_dct2_b16,balanced_interval,720,-0.01604388901907051,-0.01617328327601797,-0.01206941793231817,-0.012142547270295623
ETTm2,2023,block_dct2_b16,dct2,48,0.02235248876577255,0.02210452287665432,0.008033620662313926,0.008001437372287867
ETTm2,2023,block_dct2_b16,dct2,96,0.02492233773149514,0.02461434025007203,0.007838025629488871,0.007807388403979876
ETTm2,2023,block_dct2_b16,dct2,144,0.009584179384396043,0.00953839751445218,-0.002880438795109789,-0.0028845912449380062
ETTm2,2023,block_dct2_b16,dct2,192,-0.003975434265309534,-0.00398334678586898,-0.009698927788218953,-0.009746114819494833
ETTm2,2023,block_dct2_b16,dct2,288,-0.011859940183269023,-0.011930548133102903,-0.013609543466616802,-0.013702574862497485
ETTm2,2023,block_dct2_b16,dct2,336,-0.013293374763098694,-0.013382124494508485,-0.01410317526054543,-0.014203094209004785
ETTm2,2023,block_dct2_b16,dct2,512,-0.02339183834902453,-0.023667573183733692,-0.017462024221128764,-0.01761537668044988
ETTm2,2023,block_dct2_b16,dct2,720,-0.015728576352344377,-0.015852921477933046,-0.013707070536798722,-0.013801443125747381
ETTm2,2023,block_dct2_b16,pca_fit,48,-0.024154185251749873,-0.02444826052705018,-0.014896710761575662,-0.015008219775125342
ETTm2,2023,block_dct2_b16,pca_fit,96,-0.01836667822035665,-0.0185363830338674,-0.013344712064353007,-0.013434150133335931
ETTm2,2023,block_dct2_b16,pca_fit,144,-0.021772917737862506,-0.022011677394102147,-0.0172117401374926,-0.017360715618537803
ETTm2,2023,block_dct2_b16,pca_fit,192,-0.019205267363372816,-0.01939087482013857,-0.01694243582594545,-0.017086772880058998
ETTm2,2023,block_dct2_b16,pca_fit,288,-0.016727183344367524,-0.016867865989187436,-0.015095753105653434,-0.015210269498005635
ETTm2,2023,block_dct2_b16,pca_fit,336,-0.015399665915275097,-0.015518851792046595,-0.013617322044434,-0.013710460057527296
ETTm2,2023,block_dct2_b16,pca_fit,512,-0.019906618360588425,-0.020106076401100292,-0.013534790030380928,-0.013626799943958545
ETTm2,2023,block_dct2_b16,pca_fit,720,-0.016169140648340102,-0.016300568606549604,-0.012302733105406385,-0.012378723034525363
ETTm2,2023,block_dct2_b32,balanced_interval,48,0.04913896124994604,0.04795117738846111,0.028809685745655105,0.028398643540069046
ETTm2,2023,block_dct2_b32,balanced_interval,96,0.03659209960430518,0.035930700593580056,0.01975101056172661,0.019557237189588572
ETTm2,2023,block_dct2_b32,balanced_interval,144,0.024404607888360665,0.024109223239661692,0.012268413449251716,0.012193463284612682
ETTm2,2023,block_dct2_b32,balanced_interval,192,0.014709503157983563,0.014601846919407024,0.0064267627313543225,0.006406155261823865
ETTm2,2023,block_dct2_b32,balanced_interval,288,0.0059626756686437625,0.005944934197805618,0.001039900222768503,0.0010393597139065625
ETTm2,2023,block_dct2_b32,balanced_interval,336,0.0015599010472856032,0.0015586850340159053,-0.0016222678340435817,-0.0016235844223628781
ETTm2,2023,block_dct2_b32,balanced_interval,512,-0.006059147522566701,-0.006077541288331156,-0.003703549334577535,-0.00371041594774435
ETTm2,2023,block_dct2_b32,balanced_interval,720,-0.006769087855862168,-0.006792049912549558,-0.004796040386579012,-0.004807559796763394
ETTm2,2023,block_dct2_b32,dct2,48,0.02361493597493221,0.02333828534874227,0.011651573845687177,0.011583957127664468
ETTm2,2023,block_dct2_b32,dct2,96,0.03432622481155613,0.03374376354250197,0.014225388827727154,0.014124686061607217
ETTm2,2023,block_dct2_b32,dct2,144,0.01875180991811486,0.018577088548936138,0.005613407730947357,0.005597681996516224
ETTm2,2023,block_dct2_b32,dct2,192,0.006064208889877419,0.006045858687039218,-0.0007184171479050406,-0.0007186752713139732
ETTm2,2023,block_dct2_b32,dct2,288,-0.0013599092777358505,-0.0013608343736590811,-0.005813135303918503,-0.005830064362688514
ETTm2,2023,block_dct2_b32,dct2,336,-0.005768748882678725,-0.005785420156561694,-0.0082712742600686,-0.008305575756149652
ETTm2,2023,block_dct2_b32,dct2,512,-0.012120623513833792,-0.012194375944952762,-0.009446297136785377,-0.009491054220144735
ETTm2,2023,block_dct2_b32,dct2,720,-0.006453775189135941,-0.006474645669871659,-0.006433692991059666,-0.006454433649630165
ETTm2,2023,block_dct2_b32,pca_fit,48,-0.022891738042590266,-0.023155764705153015,-0.01127875757820247,-0.011342602569409
ETTm2,2023,block_dct2_b32,pca_fit,96,-0.008962791140295797,-0.009003077221435785,-0.006957348866114955,-0.006981607443566906
ETTm2,2023,block_dct2_b32,pca_fit,144,-0.012605287204143625,-0.012685068707386282,-0.008717893611435339,-0.008756005116120402
ETTm2,2023,block_dct2_b32,pca_fit,192,-0.009165624208185785,-0.009207757168328001,-0.007961925185631602,-0.007993705600398915
ETTm2,2023,block_dct2_b32,pca_fit,288,-0.006227152438834311,-0.006246581460806366,-0.007299344942955183,-0.0073260500984240196
ETTm2,2023,block_dct2_b32,pca_fit,336,-0.007875040034855051,-0.007906129719883026,-0.0077854210439571424,-0.007815806237027711
ETTm2,2023,block_dct2_b32,pca_fit,512,-0.008635403525397692,-0.00867279617847072,-0.005519062946037514,-0.005534321031134493
ETTm2,2023,block_dct2_b32,pca_fit,720,-0.006894339485131634,-0.00691816015472857,-0.005029355559667318,-0.0050420239974620085
ETTm2,2023,block_dct2_b48,balanced_interval,48,0.059754165256408955,0.058003919513143876,0.02728341978007926,0.026914589214883655
ETTm2,2023,block_dct2_b48,balanced_interval,96,0.04537853796420442,0.044364331023186376,0.024008804114202278,0.023722885535136462
ETTm2,2023,block_dct2_b48,balanced_interval,144,0.02693162556351139,0.026572203173959474,0.012051566261394111,0.011979236988633124
ETTm2,2023,block_dct2_b48,balanced_interval,192,0.024065163004506947,0.023777905879480143,0.009475812324300394,0.009431058286540006
ETTm2,2023,block_dct2_b48,balanced_interval,288,0.0173539584687361,0.017204245818153496,0.007511612273353841,0.007483470621027055
ETTm2,2023,block_dct2_b48,balanced_interval,336,0.01319760053806242,0.01311089406634447,0.0043838273382622054,0.0043742323931778015
ETTm2,2023,block_dct2_b48,balanced_interval,512,0.001956297047953626,0.0019543847460971042,8.760476231376262e-05,8.760092512860584e-05
ETTm2,2023,block_dct2_b48,balanced_interval,720,-0.003783459615380614,-0.003790625933686176,-0.003254533898685499,-0.0032598356441442267
ETTm2,2023,block_dct2_b48,dct2,48,0.0342301399813951,0.03365091651560592,0.010125307880111265,0.010074219524114914
ETTm2,2023,block_dct2_b48,dct2,96,0.04311266317145531,0.04219652518899586,0.018483182380202804,0.018313415915303
ETTm2,2023,block_dct2_b48,dct2,144,0.021278827593265555,0.02105403063664446,0.005396560543089834,0.0053820252688258075
ETTm2,2023,block_dct2_b48,dct2,192,0.015419868736400822,0.015301591281811633,0.002330632445041119,0.0023279186299554055
ETTm2,2023,block_dct2_b48,dct2,288,0.01003137352235662,0.00998122711417837,0.000658576746666862,0.0006583599326001055
ETTm2,2023,block_dct2_b48,dct2,336,0.0058689506080981235,0.005851761960359081,-0.00226517908776295,-0.002267746544129645
ETTm2,2023,block_dct2_b48,dct2,512,-0.004105178943313592,-0.004113616732652536,-0.0056551430398940365,-0.005671163546476343
ETTm2,2023,block_dct2_b48,dct2,720,-0.0034681469486544506,-0.0034741679288190497,-0.0048921865031661595,-0.004904172785962668
ETTm2,2023,block_dct2_b48,pca_fit,48,-0.012276534036127322,-0.012352200001664704,-0.012805023543778313,-0.012887358917893277
ETTm2,2023,block_dct2_b48,pca_fit,96,-0.00017635278039668673,-0.0001763683314623954,-0.0026995553136391743,-0.0027032023941784278
ETTm2,2023,block_dct2_b48,pca_fit,144,-0.010078269528992918,-0.01012922632892943,-0.008934740799292988,-0.008974774737995794
ETTm2,2023,block_dct2_b48,pca_fit,192,0.00019003563833757252,0.00019001758270942304,-0.004912875592685556,-0.00492496355342209
ETTm2,2023,block_dct2_b48,pca_fit,288,0.005164130361257948,0.005150819163508014,-0.0008276328923697643,-0.0008279754749764834
ETTm2,2023,block_dct2_b48,pca_fit,336,0.003762659455921573,0.003755589522860814,-0.0017793258716514463,-0.0017809098112391286
ETTm2,2023,block_dct2_b48,pca_fit,512,-0.0006199589548774176,-0.0006201511691499295,-0.00172790884914626,-0.0017294025438405747
ETTm2,2023,block_dct2_b48,pca_fit,720,-0.00390871124465021,-0.003916360219077708,-0.0034878490717737817,-0.003493938695185106
ETTm2,2023,block_dct2_b96,balanced_interval,48,0.07788097159099654,0.07492546985978643,0.04525989976375531,0.04425094940157115
ETTm2,2023,block_dct2_b96,balanced_interval,96,0.06896037928207698,0.0666363401160982,0.03942627203505461,0.03865917091922488
ETTm2,2023,block_dct2_b96,balanced_interval,144,0.05279774287843008,0.05142815150677693,0.03008037568893955,0.029632463545252063
ETTm2,2023,block_dct2_b96,balanced_interval,192,0.04261723807240259,0.04172188774367103,0.024645659089440785,0.024344434533401405
ETTm2,2023,block_dct2_b96,balanced_interval,288,0.025761859143957736,0.025432853768954544,0.014368294395864003,0.014265563067163645
ETTm2,2023,block_dct2_b96,balanced_interval,336,0.01960914435880742,0.019418135630977384,0.010132467048224708,0.01008130654382855
ETTm2,2023,block_dct2_b96,balanced_interval,512,0.010013478282841324,0.009963510332590353,0.005877631868308537,0.005860392382439739
ETTm2,2023,block_dct2_b96,balanced_interval,720,-0.0001585279511703261,-0.00015854051739006003,-6.259189386480412e-06,-6.259208975345487e-06
ETTm2,2023,block_dct2_b96,dct2,48,0.05235694631598266,0.051009932128666335,0.02810178786378738,0.02771060549620674
ETTm2,2023,block_dct2_b96,dct2,96,0.0666945044893279,0.06451905708345029,0.03390065030105516,0.03333246200413531
ETTm2,2023,block_dct2_b96,dct2,144,0.047144944908184425,0.04605088249813305,0.023425369970635525,0.0231531259405362
ETTm2,2023,block_dct2_b96,dct2,192,0.03397194380429664,0.03340137666277598,0.017500479210181375,0.017348235231770093
ETTm2,2023,block_dct2_b96,dct2,288,0.018439274197578154,0.018270310895164177,0.007515258869176992,0.0074870899210583985
ETTm2,2023,block_dct2_b96,dct2,336,0.012280494428842915,0.01220539688313782,0.0034834606221997447,0.0034774004121231883
ETTm2,2023,block_dct2_b96,dct2,512,0.00395200229157417,0.0039442034076362376,0.0001348840661006814,0.00013487496965403079
ETTm2,2023,block_dct2_b96,dct2,720,0.0001567847155559646,0.00015677242547473824,-0.0016439117938671158,-0.0016452637575949947
ETTm2,2023,block_dct2_b96,pca_fit,48,0.005850272298460322,0.005833192778323171,0.005171456439897876,0.005158107480144336
ETTm2,2023,block_dct2_b96,pca_fit,96,0.023405488537476055,0.02313370463164144,0.012717912607213172,0.01263738171314066
ETTm2,2023,block_dct2_b96,pca_fit,144,0.0157878477859259,0.01566387300619032,0.009094068628252721,0.009052842651416038
ETTm2,2023,block_dct2_b96,pca_fit,192,0.018742110706233214,0.018567569474008838,0.010256971172454905,0.010204547831632937
ETTm2,2023,block_dct2_b96,pca_fit,288,0.013572031036479719,0.013480346274758137,0.006029049230140167,0.006010910983265116
ETTm2,2023,block_dct2_b96,pca_fit,336,0.010174203276666592,0.010122621154393552,0.003969313838311212,0.003961446524858636
ETTm2,2023,block_dct2_b96,pca_fit,512,0.007437222280010309,0.00740963457671584,0.004062118256848393,0.004053879014516482
ETTm2,2023,block_dct2_b96,pca_fit,720,-0.0002837795804397675,-0.0002838198496739608,-0.00023957436247477355,-0.00023960306270431886
ETTm2,2023,block_dct2_b144,balanced_interval,48,0.07532155255765531,0.07255478400495985,0.04303039442361117,0.04211772465507613
ETTm2,2023,block_dct2_b144,balanced_interval,96,0.07246717148349065,0.06990372015982571,0.04126862460692694,0.04042866914780974
ETTm2,2023,block_dct2_b144,balanced_interval,144,0.05371148329996364,0.052294504076514925,0.02969504534285388,0.02925847943751425
ETTm2,2023,block_dct2_b144,balanced_interval,192,0.035646670108963927,0.03501881004618168,0.020314533452716218,0.020109583485229843
ETTm2,2023,block_dct2_b144,balanced_interval,288,0.01780994637018345,0.017652286633295544,0.010568215636265057,0.010512568249113396
ETTm2,2023,block_dct2_b144,balanced_interval,336,0.013302202257786295,0.013214118965156785,0.007330896916978521,0.007304091434913396
ETTm2,2023,block_dct2_b144,balanced_interval,512,0.006826734795725245,0.006803485577239865,0.00382507393273503,0.0038177676560909868
ETTm2,2023,block_dct2_b144,balanced_interval,720,-0.003720529740047362,-0.0037274595022842583,-0.002576368859227582,-0.002579690549497471
ETTm2,2023,block_dct2_b144,dct2,48,0.04979752728264155,0.048577957993639176,0.02587228252364348,0.025540462825584864
ETTm2,2023,block_dct2_b144,dct2,96,0.07020129669074156,0.06779384899526864,0.03574300287292753,0.03511176487401313
ETTm2,2023,block_dct2_b144,dct2,144,0.048058685329717944,0.04692214625180624,0.023040039624549775,0.022776644666310575
ETTm2,2023,block_dct2_b144,dct2,192,0.027001375840857864,0.02664009766490749,0.013169353573456867,0.013083017050980916
ETTm2,2023,block_dct2_b144,dct2,288,0.010487361423803845,0.010432560787652312,0.003715180109577932,0.0037082873665239546
ETTm2,2023,block_dct2_b144,dct2,336,0.0059735523278218496,0.005955746137161655,0.0006818904909536681,0.0006816580564674712
ETTm2,2023,block_dct2_b144,dct2,512,0.000765258804458262,0.000764966068616979,-0.0019176738694728296,-0.001919513781936999
ETTm2,2023,block_dct2_b144,dct2,720,-0.0034052170733211776,-0.003411021411453108,-0.004214021463708254,-0.0042229129373896335
ETTm2,2023,block_dct2_b144,pca_fit,48,0.0032908532651191513,0.0032854443424632507,0.0029419510997536107,0.0029376278022993363
ETTm2,2023,block_dct2_b144,pca_fit,96,0.026912280738889485,0.026553372201807424,0.014560265179085532,0.014454777116704398
ETTm2,2023,block_dct2_b144,pca_fit,144,0.016701588207459574,0.016562889917204227,0.008708738282166915,0.008670927063214817
ETTm2,2023,block_dct2_b144,pca_fit,192,0.011771542742794584,0.01170252919758874,0.005925845535730315,0.005908322343403327
ETTm2,2023,block_dct2_b144,pca_fit,288,0.005620118262705341,0.005604354942461809,0.0022289704705413986,0.0022264881605364994
ETTm2,2023,block_dct2_b144,pca_fit,336,0.003867261175645501,0.0038597929514381235,0.0011677437070650148,0.0011670621596989728
ETTm2,2023,block_dct2_b144,pca_fit,512,0.004250478792894402,0.004241458292916889,0.00200956032127502,0.0020075425067989094
ETTm2,2023,block_dct2_b144,pca_fit,720,-0.0038457813693169238,-0.0038531858754817794,-0.0028096840323159284,-0.002813634893854333
ETTm2,2023,block_pca_fit_b16,balanced_interval,48,0.028011394937746566,0.0276227134405288,0.009933813467516756,0.009884636116768264
ETTm2,2023,block_pca_fit_b16,balanced_interval,96,0.0164881181111868,0.016352933093682243,0.003923501403447381,0.003915814528257289
ETTm2,2023,block_pca_fit_b16,balanced_interval,144,0.01182819833288365,0.011758520187864274,-0.0014566709728682107,-0.0014577324333668873
ETTm2,2023,block_pca_fit_b16,balanced_interval,192,0.002899630437917448,0.002895430569914925,-0.006004034616597669,-0.0060220949593188244
ETTm2,2023,block_pca_fit_b16,balanced_interval,288,-0.00409034471616732,-0.004098721593660537,-0.008435332418554676,-0.008471010082153896
ETTm2,2023,block_pca_fit_b16,balanced_interval,336,-0.0047546983555299465,-0.004766019870106275,-0.008722234240277129,-0.008760383761033719
ETTm2,2023,block_pca_fit_b16,balanced_interval,512,-0.014770928651973124,-0.014880557928934612,-0.011664292669645306,-0.011732585803451157
ETTm2,2023,block_pca_fit_b16,balanced_interval,720,-0.015388815496994297,-0.015507833047511577,-0.012492387848916561,-0.012570743669814144
ETTm2,2023,block_pca_fit_b16,dct2,48,0.0024873696627327017,0.0024842787221148743,-0.00722429843245109,-0.007250456629972701
ETTm2,2023,block_pca_fit_b16,dct2,96,0.014222243318437603,0.014121584976771628,-0.001602120330552068,-0.0016034044109878298
ETTm2,2023,block_pca_fit_b16,dct2,144,0.006175400362637932,0.006156371767698343,-0.008111676691172416,-0.008144665478340585
ETTm2,2023,block_pca_fit_b16,dct2,192,-0.005745663830188616,-0.005762201815342927,-0.013149214495857027,-0.013236045586263456
ETTm2,2023,block_pca_fit_b16,dct2,288,-0.011412929662546914,-0.01147830561795904,-0.015288367945241691,-0.015405832894815008
ETTm2,2023,block_pca_fit_b16,dct2,336,-0.01208334828549438,-0.012156646871649857,-0.015371240666302157,-0.015489985826110608
ETTm2,2023,block_pca_fit_b16,dct2,512,-0.02083240464324017,-0.02105091390479874,-0.01740704047185314,-0.017559425909924986
ETTm2,2023,block_pca_fit_b16,dct2,720,-0.015073502830268022,-0.015187681041235912,-0.014130040453397174,-0.014230341336719743
ETTm2,2023,block_pca_fit_b16,pca_fit,48,-0.04401930435478968,-0.04500252779328329,-0.030154629856340813,-0.030613885309989097
ETTm2,2023,block_pca_fit_b16,pca_fit,96,-0.029066772633414284,-0.029493334161144746,-0.022784858024394068,-0.02304641564212284
ETTm2,2023,block_pca_fit_b16,pca_fit,144,-0.025181696759620523,-0.025501433885172453,-0.02244297803355524,-0.02269671632392134
ETTm2,2023,block_pca_fit_b16,pca_fit,192,-0.020975496928251843,-0.02119702886689523,-0.020392722533583544,-0.020602074765406986
ETTm2,2023,block_pca_fit_b16,pca_fit,288,-0.01628017282364538,-0.016413416934227598,-0.01677457758427839,-0.016916060810855393
ETTm2,2023,block_pca_fit_b16,pca_fit,336,-0.014189639437670713,-0.01429079023621127,-0.014885387450190664,-0.014996726586065101
ETTm2,2023,block_pca_fit_b16,pca_fit,512,-0.01734718465480402,-0.017498520881869428,-0.013479806281105348,-0.013571068474308001
ETTm2,2023,block_pca_fit_b16,pca_fit,720,-0.015514067126263792,-0.01563503502409791,-0.01272570302200487,-0.012807019350416393
ETTm2,2023,block_pca_fit_b32,balanced_interval,48,0.05782003592557548,0.05618021419188601,0.028217067640186992,0.02782268433986468
ETTm2,2023,block_pca_fit_b32,balanced_interval,96,0.03070029803248822,0.030233829643155352,0.013081197031520239,0.01299601002752282
ETTm2,2023,block_pca_fit_b32,balanced_interval,144,0.02403943154191528,0.0237527859339991,0.008337808269546734,0.00830314515122188
ETTm2,2023,block_pca_fit_b32,balanced_interval,192,0.013430627679172007,0.013340839220520873,0.002905229365638374,0.002901013270700803
ETTm2,2023,block_pca_fit_b32,balanced_interval,288,-6.826859329673106e-05,-6.827092365013776e-05,-0.0035906272014383836,-0.0035970812256411744
ETTm2,2023,block_pca_fit_b32,balanced_interval,336,-0.0007819896903148067,-0.0007822955239671359,-0.004173766732357291,-0.004182489027445113
ETTm2,2023,block_pca_fit_b32,balanced_interval,512,-0.00877836936567247,-0.008817012241078448,-0.006364298931068684,-0.006384594113535869
ETTm2,2023,block_pca_fit_b32,balanced_interval,720,-0.009372853644477371,-0.009416916394172858,-0.007051182823979444,-0.007076100946570518
ETTm2,2023,block_pca_fit_b32,dct2,48,0.03229601065056159,0.03178006375703357,0.01105895574021913,0.010998030286644034
ETTm2,2023,block_pca_fit_b32,dct2,96,0.028434423239739208,0.028033969560336325,0.0075555752975207495,0.007527103690066372
ETTm2,2023,block_pca_fit_b32,dct2,144,0.018386633571669614,0.01821863066962892,0.0016828025512427127,0.0016813874329290046
ETTm2,2023,block_pca_fit_b32,dct2,192,0.00478533341106601,0.00477390194486671,-0.0042399505136209775,-0.004248951821002933
ETTm2,2023,block_pca_fit_b32,dct2,288,-0.007390853539676355,-0.007418233309423039,-0.010443662728125276,-0.010498388118971302
ETTm2,2023,block_pca_fit_b32,dct2,336,-0.00811063962027929,-0.008143619961394233,-0.010822773158382409,-0.010881551223640873
ETTm2,2023,block_pca_fit_b32,dct2,512,-0.014839845356939538,-0.014950502563070733,-0.012107046733276602,-0.012180633697317367
ETTm2,2023,block_pca_fit_b32,dct2,720,-0.009057540977751112,-0.009098684628315867,-0.008688835428460141,-0.008726692925427937
ETTm2,2023,block_pca_fit_b32,pca_fit,48,-0.01421066336696077,-0.014312114838227474,-0.011871375683670627,-0.011942120131458234
ETTm2,2023,block_pca_fit_b32,pca_fit,96,-0.014854592712112681,-0.01496547050898367,-0.013627162396321318,-0.013720435374246387
ETTm2,2023,block_pca_fit_b32,pca_fit,144,-0.01297046355058893,-0.013054944871779384,-0.012648498791140217,-0.012728829381810192
ETTm2,2023,block_pca_fit_b32,pca_fit,192,-0.0104444996869974,-0.01049923386491658,-0.0114834585513476,-0.011549646574669836
ETTm2,2023,block_pca_fit_b32,pca_fit,288,-0.012258096700774799,-0.012333535096724635,-0.011929872367162052,-0.012001317120768018
ETTm2,2023,block_pca_fit_b32,pca_fit,336,-0.01021693077245558,-0.010269301814806342,-0.010336919942270926,-0.010390530462538017
ETTm2,2023,block_pca_fit_b32,pca_fit,512,-0.011354625368503433,-0.011419333808581067,-0.008179812542528826,-0.008213358613619492
ETTm2,2023,block_pca_fit_b32,pca_fit,720,-0.009498105273746883,-0.009543355425745359,-0.007284497997067738,-0.007311094494089954
ETTm2,2023,block_pca_fit_b48,balanced_interval,48,0.04617420941282417,0.0451244006173368,0.025763460137305523,0.025434414043223663
ETTm2,2023,block_pca_fit_b48,balanced_interval,96,0.04271127363382745,0.04181199572721439,0.024486127622454106,0.024188774353750442
ETTm2,2023,block_pca_fit_b48,balanced_interval,144,0.026015032417598317,0.025679556893111966,0.013062685158811399,0.012977738566178343
ETTm2,2023,block_pca_fit_b48,balanced_interval,192,0.02319127126811992,0.022924420585993532,0.010989938346416466,0.010929769592668226
ETTm2,2023,block_pca_fit_b48,balanced_interval,288,0.01901884332532079,0.01883912626492179,0.009140254561894656,0.009098609414169512
ETTm2,2023,block_pca_fit_b48,balanced_interval,336,0.01628425697152575,0.01615238524033602,0.006880543774817177,0.006856927029890714
ETTm2,2023,block_pca_fit_b48,balanced_interval,512,0.006214235856084338,0.006194967425963704,0.0030295413811785602,0.0030249569514302355
ETTm2,2023,block_pca_fit_b48,balanced_interval,720,0.0026172465759311046,0.0026138245721717412,0.0008569469244518686,0.0008565798502980781
ETTm2,2023,block_pca_fit_b48,dct2,48,0.020650184137810404,0.020438429183121,0.008605348237337745,0.008568428207334056
ETTm2,2023,block_pca_fit_b48,dct2,96,0.04044539884107829,0.03963840006377706,0.01896050588845449,0.01878188618479104
ETTm2,2023,block_pca_fit_b48,dct2,144,0.020362234447352655,0.02015632411793611,0.006407679440507214,0.006387194040580191
ETTm2,2023,block_pca_fit_b48,dct2,192,0.014545977000013864,0.014440695369475565,0.003844758467157181,0.0038373768465348457
ETTm2,2023,block_pca_fit_b48,dct2,288,0.011696258378941416,0.011628123050427153,0.0022872190352076,0.0022846053428254853
ETTm2,2023,block_pca_fit_b48,dct2,336,0.008955607041561413,0.008915625036217234,0.00023153734879213718,0.00023151054608883115
ETTm2,2023,block_pca_fit_b48,dct2,512,0.00015275986481718513,0.00015274819762312042,-0.002713206421029243,-0.002716890496703206
ETTm2,2023,block_pca_fit_b48,dct2,720,0.002932559242657287,0.0029282634910094973,-0.0007807056800286586,-0.0007810105100303222
ETTm2,2023,block_pca_fit_b48,pca_fit,48,-0.025856489879712077,-0.02619366872879003,-0.014324983186551975,-0.014428077444490706
ETTm2,2023,block_pca_fit_b48,pca_fit,96,-0.0028436171107736564,-0.0028476640249590623,-0.002222231805387431,-0.0022247027925155205
ETTm2,2023,block_pca_fit_b48,pca_fit,144,-0.010994862674905913,-0.011055528310440543,-0.007923621901875648,-0.007955096870894351
ETTm2,2023,block_pca_fit_b48,pca_fit,192,-0.0006838560980493822,-0.0006840899809419376,-0.0033987495705694744,-0.0034045318688966653
ETTm2,2023,block_pca_fit_b48,pca_fit,288,0.006829015217842726,0.006805750481955863,0.0008010093961710019,0.0008006886737842445
ETTm2,2023,block_pca_fit_b48,pca_fit,336,0.0068493158893849874,0.00682591278753808,0.0007173905649035698,0.0007171333018153314
ETTm2,2023,block_pca_fit_b48,pca_fit,512,0.003637979853253364,0.003631370421968927,0.0012140277697186134,0.0012132911361337761
ETTm2,2023,block_pca_fit_b48,pca_fit,720,0.0024919949466614597,0.002488892504879159,0.0006236317513637672,0.0006234373335002319
ETTm2,2023,block_pca_fit_b96,balanced_interval,48,0.06752220572593748,0.06529303546110987,0.036226589071925656,0.03557825870401565
ETTm2,2023,block_pca_fit_b96,balanced_interval,96,0.051311077908085916,0.05001689419428901,0.028777904190867638,0.028367764047630528
ETTm2,2023,block_pca_fit_b96,balanced_interval,144,0.04255111251111087,0.04165851897049977,0.023497759877220827,0.023223837235074596
ETTm2,2023,block_pca_fit_b96,balanced_interval,192,0.0340784638929684,0.0335043333502687,0.019640307819421807,0.019448693479140244
ETTm2,2023,block_pca_fit_b96,balanced_interval,288,0.024640240072417326,0.024339147424957575,0.013707678870886409,0.01361415645364994
ETTm2,2023,block_pca_fit_b96,balanced_interval,336,0.01947613624505903,0.01928770161262272,0.009690229750185199,0.009643430760190363
ETTm2,2023,block_pca_fit_b96,balanced_interval,512,0.01101633597577259,0.010955878357411408,0.00555308198775782,0.005537692128204763
ETTm2,2023,block_pca_fit_b96,balanced_interval,720,-0.001160555375271724,-0.0011612290802600622,-0.0006709757530335508,-0.0006712009076190739
ETTm2,2023,block_pca_fit_b96,dct2,48,0.041998180450923774,0.041128474715304675,0.01906847717195782,0.018887823844720875
ETTm2,2023,block_pca_fit_b96,dct2,96,0.04904520311533682,0.04786191088213099,0.023252282456868178,0.022984031310111397
ETTm2,2023,block_pca_fit_b96,dct2,144,0.036898314540865326,0.036225867818324486,0.016842754158916715,0.01670170795412662
ETTm2,2023,block_pca_fit_b96,dct2,192,0.02543316962486224,0.025112471112007317,0.012495127940162531,0.012417387956259351
ETTm2,2023,block_pca_fit_b96,dct2,288,0.017317655126037765,0.01716856639944986,0.006854643344199438,0.006831203863516655
ETTm2,2023,block_pca_fit_b96,dct2,336,0.012147486315094694,0.012074003448203863,0.0030412233241600625,0.0030366034890098037
ETTm2,2023,block_pca_fit_b96,dct2,512,0.004954859984505536,0.004942604914845328,-0.00018966581445013434,-0.00018968380214801073
ETTm2,2023,block_pca_fit_b96,dct2,720,-0.0008452427085455126,-0.0008456000268302066,-0.0023086283575142483,-0.0023112952918860064
ETTm2,2023,block_pca_fit_b96,pca_fit,48,-0.004508493566598683,-0.004518672114609323,-0.0038618542519319714,-0.003869320819568145
ETTm2,2023,block_pca_fit_b96,pca_fit,96,0.00575618716348488,0.0057396520597510214,0.002069544763025987,0.0020674047318142152
ETTm2,2023,block_pca_fit_b96,pca_fit,144,0.005541217418606683,0.0055258931913902964,0.0025114528165338084,0.0025083017573730437
ETTm2,2023,block_pca_fit_b96,pca_fit,192,0.010203336526799141,0.01015145907959869,0.005251619902435925,0.005237854254495078
ETTm2,2023,block_pca_fit_b96,pca_fit,288,0.012450411964939428,0.012373226249288938,0.005368433705162623,0.00535404941681672
ETTm2,2023,block_pca_fit_b96,pca_fit,336,0.010041195162918222,0.009990950674964139,0.003527076540271499,0.003520863712330624
ETTm2,2023,block_pca_fit_b96,pca_fit,512,0.008440079972941762,0.008404562491668321,0.0037375683762977075,0.00373059236143114
ETTm2,2023,block_pca_fit_b96,pca_fit,720,-0.001285807004541206,-0.001286634008785592,-0.0009042909261218861,-0.0009046999204354034
ETTm2,2023,block_pca_fit_b144,balanced_interval,48,0.027922488337247618,0.027536258838443017,0.01320609843563901,0.013119280513252507
ETTm2,2023,block_pca_fit_b144,balanced_interval,96,0.014729159642991293,0.014621216193063113,0.008931913884210881,0.008892142839990957
ETTm2,2023,block_pca_fit_b144,balanced_interval,144,0.005876141978723089,0.005858911223088459,0.0021217133596228553,0.0021194641168633677
ETTm2,2023,block_pca_fit_b144,balanced_interval,192,0.0005221884826749664,0.0005220521659979882,-0.0007649270569657586,-0.000765219688276142
ETTm2,2023,block_pca_fit_b144,balanced_interval,288,0.003942503952202093,0.003934742486715215,0.0015148538912887037,0.0015137070792899943
ETTm2,2023,block_pca_fit_b144,balanced_interval,336,0.004158162768149375,0.004149529579559164,0.0015912423370471,0.001589976982210528
ETTm2,2023,block_pca_fit_b144,balanced_interval,512,-0.0022180127297273594,-0.002220474339586165,-7.441192030772317e-05,-7.441468894331393e-05
ETTm2,2023,block_pca_fit_b144,balanced_interval,720,-0.010679590164815934,-0.010736820538729264,-0.00528053540797936,-0.005294502007963775
ETTm2,2023,block_pca_fit_b144,dct2,48,0.0023984630622338314,0.002395589047901603,-0.003952013464328867,-0.003959832967073362
ETTm2,2023,block_pca_fit_b144,dct2,96,0.012463284850242158,0.01238593977363922,0.003406292150211499,0.003400497318602258
ETTm2,2023,block_pca_fit_b144,dct2,144,0.00022334400847735702,0.00022331906906103427,-0.00453329235868147,-0.004543583273184382
ETTm2,2023,block_pca_fit_b144,dct2,192,-0.008123105785431035,-0.008156187724593034,-0.007910106936225045,-0.007941474484436162
ETTm2,2023,block_pca_fit_b144,dct2,288,-0.0033800809941774055,-0.003385799909591425,-0.005338181635398213,-0.005352455113822208
ETTm2,2023,block_pca_fit_b144,dct2,336,-0.003170487161815103,-0.0031755184720663188,-0.00505776408897799,-0.005070576168819896
ETTm2,2023,block_pca_fit_b144,dct2,512,-0.008279488720994462,-0.00831385847692201,-0.005817159722515541,-0.0058341122520502164
ETTm2,2023,block_pca_fit_b144,dct2,720,-0.010364277498089753,-0.010418172655983549,-0.006918188012460039,-0.00694217395633423
ETTm2,2023,block_pca_fit_b144,pca_fit,48,-0.044108210955288635,-0.045095439545715044,-0.026882344888218463,-0.02724693480032081
ETTm2,2023,block_pca_fit_b144,pca_fit,96,-0.030825731101609744,-0.03130576370607141,-0.017776445543630517,-0.01793538695937502
ETTm2,2023,block_pca_fit_b144,pca_fit,144,-0.031133753113781144,-0.03162347751148298,-0.01886459370106426,-0.019043654345283212
ETTm2,2023,block_pca_fit_b144,pca_fit,192,-0.023352938883494344,-0.023627753836736876,-0.015153614973951707,-0.015269013160407185
ETTm2,2023,block_pca_fit_b144,pca_fit,288,-0.008247324155275846,-0.00828142702113066,-0.0068243912744348646,-0.006847730494350612
ETTm2,2023,block_pca_fit_b144,pca_fit,336,-0.00527677831399148,-0.005290725029129417,-0.004571910872866597,-0.004582378002897292
ETTm2,2023,block_pca_fit_b144,pca_fit,512,-0.004794268732558331,-0.004805779626986917,-0.0018899255317677002,-0.0018917125666357837
ETTm2,2023,block_pca_fit_b144,pca_fit,720,-0.010804841794085425,-0.010863424900800167,-0.005513850581067658,-0.005529079832923056
Weather,2021,block_dct2_b16,balanced_interval,48,-0.017703577362966908,-0.017861214562130856,-0.013485070242267838,-0.013576403887090471
Weather,2021,block_dct2_b16,balanced_interval,96,-0.011437050692398606,-0.011502703810616799,-0.006929659702406469,-0.0069537253510045804
Weather,2021,block_dct2_b16,balanced_interval,144,-0.004975014399277817,-0.004987410331536157,-0.004610375618330695,-0.004621019751532618
Weather,2021,block_dct2_b16,balanced_interval,192,-0.0017748594755460651,-0.0017764354708771357,-0.0033910658881570405,-0.003396822056762616
Weather,2021,block_dct2_b16,balanced_interval,288,0.00030449516381865705,0.00030444880987123835,-0.0028030836651238436,-0.002807015977482452
Weather,2021,block_dct2_b16,balanced_interval,336,0.0004114437829945314,0.0004113591516086146,-0.0021554838358085397,-0.0021578085610942654
Weather,2021,block_dct2_b16,balanced_interval,512,-0.0017994080966331695,-0.0018010280028606385,-0.004356536509745668,-0.004366040010697292
Weather,2021,block_dct2_b16,balanced_interval,720,-0.0009364010068555681,-0.0009368395671571772,-0.005063787998127754,-0.005076630640895585
Weather,2021,block_dct2_b16,dct2,48,-0.0014806175858611582,-0.0014817142412546502,0.0036337815670302396,0.0036271873724973425
Weather,2021,block_dct2_b16,dct2,96,-0.005983562036185451,-0.006001499301907076,-0.0003938504588855333,-0.0003939280281608504
Weather,2021,block_dct2_b16,dct2,144,-0.00420799440987936,-0.0042168604500765206,-0.0037976255005902704,-0.00380484561718486
Weather,2021,block_dct2_b16,dct2,192,-0.002807353547761336,-0.0028112978548902046,-0.005217630815255789,-0.005231266355674835
Weather,2021,block_dct2_b16,dct2,288,-0.0009713544954103648,-0.0009718264129756626,-0.00561382544053904,-0.0056296124866590525
Weather,2021,block_dct2_b16,dct2,336,-0.0006135377121132175,-0.0006137259648733018,-0.004985612360512532,-0.004998061205590876
Weather,2021,block_dct2_b16,dct2,512,-0.0012891011024371848,-0.001289932350412526,-0.004556685876658716,-0.004567083356432411
Weather,2021,block_dct2_b16,dct2,720,-0.0007287293866190995,-0.0007289949743884971,-0.004146076516412297,-0.004154683382449731
Weather,2021,block_dct2_b16,pca_fit,48,0.0216436824196385,0.02141113864807276,0.015511824446655154,0.01539213576026699
Weather,2021,block_dct2_b16,pca_fit,96,0.008183919087565382,0.008150521990230253,0.00828635218113762,0.00825211499728895
Weather,2021,block_dct2_b16,pca_fit,144,0.0032810512880779383,0.003275674521390326,0.002316690642195418,0.0023140091855311518
Weather,2021,block_dct2_b16,pca_fit,192,0.002864632116792216,0.0028605329733234486,0.0021474677117750652,0.002145163552652707
Weather,2021,block_dct2_b16,pca_fit,288,0.0005767510490843691,0.0005765847601687524,-0.0012753236113104505,-0.001276137182285808
Weather,2021,block_dct2_b16,pca_fit,336,0.0005214049801602797,0.0005212690722056212,-6.04433866984026e-05,-6.0445213436732814e-05
Weather,2021,block_dct2_b16,pca_fit,512,-0.0009598407486153244,-0.0009603015431647322,-0.0014143121596984544,-0.0014153127708109725
Weather,2021,block_dct2_b16,pca_fit,720,-0.0016532973053795322,-0.0016546647548658644,-0.0019478976756297066,-0.0019497960607268716
Weather,2021,block_dct2_b32,balanced_interval,48,-0.015667110949023573,-0.015790483587304394,-0.006104312791158058,-0.00612298207687223
Weather,2021,block_dct2_b32,balanced_interval,96,-0.009093369768745318,-0.009134840061878924,-0.002293520404160296,-0.002296152533978857
Weather,2021,block_dct2_b32,balanced_interval,144,-0.005679089703157491,-0.005695246303533352,-0.0012999100120373766,-0.0013007552612667173
Weather,2021,block_dct2_b32,balanced_interval,192,-0.0037851016110363156,-0.003792274154886588,-0.0011773290757954471,-0.0011780223997353012
Weather,2021,block_dct2_b32,balanced_interval,288,-0.003890639045038678,-0.0038982174061632513,-0.0035074622099338687,-0.0035136205534582743
Weather,2021,block_dct2_b32,balanced_interval,336,-0.00315692737486222,-0.0031619157179849644,-0.0024470172029873523,-0.0024500135931575517
Weather,2021,block_dct2_b32,balanced_interval,512,-0.005014461623526769,-0.005027055077211351,-0.004832782894073493,-0.00484447962431922
Weather,2021,block_dct2_b32,balanced_interval,720,-0.0037943690553135147,-0.0038015767869588046,-0.004708862470049952,-0.0047199665853399075
Weather,2021,block_dct2_b32,dct2,48,0.0005558488280822368,0.0005556943727416108,0.011014539018139955,0.010954101085431156
Weather,2021,block_dct2_b32,dct2,96,-0.0036398811125320225,-0.0036465135244108104,0.0042422888393606265,0.004233303043333914
Weather,2021,block_dct2_b32,dct2,144,-0.0049120697137589936,-0.004924153705897494,-0.000487159894296953,-0.00048727857594976776
Weather,2021,block_dct2_b32,dct2,192,-0.004817595683251554,-0.004829218955247683,-0.0030038940028942135,-0.0030084102134249058
Weather,2021,block_dct2_b32,dct2,288,-0.005166488704267614,-0.005179858021258754,-0.0063182039853489835,-0.0063382059394354595
Weather,2021,block_dct2_b32,dct2,336,-0.004181908869969982,-0.0041906652527450294,-0.005277145727691327,-0.0052910943867818805
Weather,2021,block_dct2_b32,dct2,512,-0.004504154629330745,-0.0045143135805623125,-0.0050329322609864655,-0.005045618739023761
Weather,2021,block_dct2_b32,dct2,720,-0.0035866974350769612,-0.003593137331340257,-0.0037911509883345905,-0.003798346491448834
Weather,2021,block_dct2_b32,pca_fit,48,0.023680148833581827,0.023401974174400597,0.022892581897764854,0.022632534906984247
Weather,2021,block_dct2_b32,pca_fit,96,0.010527600011218712,0.01047237878244267,0.012922491479383756,0.012839354583617735
Weather,2021,block_dct2_b32,pca_fit,144,0.0025769759841983934,0.002573658431949566,0.005627156248488714,0.005611353460247104
Weather,2021,block_dct2_b32,pca_fit,192,0.0008543899813018992,0.0008540250941079242,0.004361204524136505,0.004351708281720046
Weather,2021,block_dct2_b32,pca_fit,288,-0.003618383159772722,-0.003624937410998008,-0.0019797021561203717,-0.001981663060222294
Weather,2021,block_dct2_b32,pca_fit,336,-0.0030469661776964096,-0.0030516128974078516,-0.0003519767538772283,-0.0003520387049631424
Weather,2021,block_dct2_b32,pca_fit,512,-0.004174894275508867,-0.004183621287171979,-0.0018905585440263132,-0.0018923467765723512
Weather,2021,block_dct2_b32,pca_fit,720,-0.004511265353837493,-0.0045214564305045,-0.001592972147551912,-0.0015942416016621053
Weather,2021,block_dct2_b48,balanced_interval,48,-0.004880073589240524,-0.00489200054193506,-0.005019986317869037,-0.005032607559834146
Weather,2021,block_dct2_b48,balanced_interval,96,-0.006151781240215407,-0.006170742307935351,-0.0025904365162490663,-0.0025937945959260134
Weather,2021,block_dct2_b48,balanced_interval,144,-0.001925745920549598,-0.0019276013600686426,-7.022602246213805e-05,-7.022848836690798e-05
Weather,2021,block_dct2_b48,balanced_interval,192,3.9592898515161786e-05,3.959211472670532e-05,-0.00024027558460355185,-0.00024030445309386472
Weather,2021,block_dct2_b48,balanced_interval,288,-0.0002061641829619266,-0.000206185436257611,-0.0014027178688012837,-0.0014037021376744896
Weather,2021,block_dct2_b48,balanced_interval,336,-0.0005022897617162127,-0.0005024159303421705,-0.0018770032142177025,-0.0018787658874259705
Weather,2021,block_dct2_b48,balanced_interval,512,-0.003139847066980445,-0.003144781549938136,-0.00400447205220933,-0.004012500663624019
Weather,2021,block_dct2_b48,balanced_interval,720,-0.004044263276587684,-0.004052452345174373,-0.0056596312511223495,-0.005675677221213871
Weather,2021,block_dct2_b48,dct2,48,0.011342886187865187,0.011278798197462025,0.012098865491428839,0.012025968504790763
Weather,2021,block_dct2_b48,dct2,96,-0.0006982925840021903,-0.0006985364470279976,0.00394537272727183,0.003937599969795036
Weather,2021,block_dct2_b48,dct2,144,-0.0011587259311511067,-0.0011593975134109868,0.0007425240952784621,0.0007422484924805017
Weather,2021,block_dct2_b48,dct2,192,-0.000992901173700154,-0.0009933942632533999,-0.0020668405117023237,-0.0020689778988451923
Weather,2021,block_dct2_b48,dct2,288,-0.0014820138421908083,-0.0014831125674132917,-0.004213459644216432,-0.004222348745541504
Weather,2021,block_dct2_b48,dct2,336,-0.0015272712568239742,-0.0015284381295379568,-0.004707131738921738,-0.004718227686723475
Weather,2021,block_dct2_b48,dct2,512,-0.002629540072784499,-0.002633000345592329,-0.0042046214191224325,-0.004213473241600818
Weather,2021,block_dct2_b48,dct2,720,-0.0038365916563512714,-0.00384396079523186,-0.004741919769406957,-0.004753180463022977
Weather,2021,block_dct2_b48,pca_fit,48,0.0344671861933649,0.03387995875741601,0.02397690837105393,0.023691745954444454
Weather,2021,block_dct2_b48,pca_fit,96,0.013469188539748687,0.013378884913314404,0.01262557536729495,0.012546207164831347
Weather,2021,block_dct2_b48,pca_fit,144,0.006330319766806278,0.00631032550490207,0.00685684023806391,0.006833385747554543
Weather,2021,block_dct2_b48,pca_fit,192,0.004679084490853278,0.004668154628911236,0.005298258015328478,0.005284247001906106
Weather,2021,block_dct2_b48,pca_fit,288,6.609170230387345e-05,6.608951829545351e-05,0.00012504218501214906,0.0001250343675639476
Weather,2021,block_dct2_b48,pca_fit,336,-0.0003923285645505054,-0.0003924055354673772,0.00021803723489235099,0.00021801346650196507
Weather,2021,block_dct2_b48,pca_fit,512,-0.0023002797189625532,-0.0023029273920955884,-0.0010622477021621406,-0.0010628120870737057
Weather,2021,block_dct2_b48,pca_fit,720,-0.004761159575111656,-0.004772511904962196,-0.0025437409286242704,-0.002546978982588266
Weather,2021,block_dct2_b96,balanced_interval,48,-0.006705124407280099,-0.006727654080543877,0.0006256708826644112,0.000625475191452618
Weather,2021,block_dct2_b96,balanced_interval,96,-0.005950590757812405,-0.005968330693238544,0.004691651319051857,0.004680662714618977
Weather,2021,block_dct2_b96,balanced_interval,144,-0.0010981440656561664,-0.0010987472466237325,0.006982630213264706,0.006958308294164883
Weather,2021,block_dct2_b96,balanced_interval,192,0.0009176035515394402,0.0009171826821408047,0.0069349279831488675,0.006910936861019956
Weather,2021,block_dct2_b96,balanced_interval,288,0.0012067551966496277,0.001206027360400097,0.003620276162712793,0.003613730863944342
Weather,2021,block_dct2_b96,balanced_interval,336,0.000867997999147549,0.0008676213978552338,0.0027169163541167665,0.002713228877157303
Weather,2021,block_dct2_b96,balanced_interval,512,-0.00103860856024462,-0.0010391481008895642,0.00014744129944139372,0.0001474304305071339
Weather,2021,block_dct2_b96,balanced_interval,720,-0.002140391567556814,-0.002142683840750337,-0.0021943458255474038,-0.002196755164333597
Weather,2021,block_dct2_b96,dct2,48,0.009517835369825556,0.009472684135644838,0.017744522691962382,0.017588015730198525
Weather,2021,block_dct2_b96,dct2,96,-0.0004971021015991319,-0.0004972256773245753,0.01122746056257276,0.01116466784784731
Weather,2021,block_dct2_b96,dct2,144,-0.00033112407625775653,-0.0003311789038860091,0.007795380331004964,0.007765075151680567
Weather,2021,block_dct2_b96,dct2,192,-0.000114890520675787,-0.00011489712084444825,0.0051083630560499055,0.0050953375585889304
Weather,2021,block_dct2_b96,dct2,288,-6.909446257930228e-05,-6.909684965661356e-05,0.0008095343872976424,0.000809206802738438
Weather,2021,block_dct2_b96,dct2,336,-0.00015698349596006755,-0.00015699581851391642,-0.0001132121705872657,-0.00011321857932689028
Weather,2021,block_dct2_b96,dct2,512,-0.0005283015660486728,-0.0005284411418993162,-5.270806747161254e-05,-5.2709456566102375e-05
Weather,2021,block_dct2_b96,dct2,720,-0.001932719947320252,-0.0019345888543482737,-0.001276634343831977,-0.0012774495883420833
Weather,2021,block_dct2_b96,pca_fit,48,0.0326421353753253,0.032115130625167465,0.02962256557158747,0.029188117764276877
Weather,2021,block_dct2_b96,pca_fit,96,0.01367037902215166,0.013577363724714298,0.01990766320259585,0.01971081410817499
Weather,2021,block_dct2_b96,pca_fit,144,0.007157921621699656,0.007132364715195405,0.013909696473790619,0.013813403630905663
Weather,2021,block_dct2_b96,pca_fit,192,0.005557095143877651,0.005541683052693425,0.01247346158308092,0.012395990406936619
Weather,2021,block_dct2_b96,pca_fit,288,0.0014790110819154292,0.001477917884042279,0.005148036216526252,0.00513480778796116
Weather,2021,block_dct2_b96,pca_fit,336,0.0009779591963134735,0.0009774811500679048,0.004811956803226766,0.004800397886856378
Weather,2021,block_dct2_b96,pca_fit,512,-0.00019904121222674893,-0.00019906102224309663,0.003089665649488606,0.003084897544456622
Weather,2021,block_dct2_b96,pca_fit,720,-0.0028572878660807783,-0.002861373803695555,0.0009215444969505241,0.0009211200052265944
Weather,2021,block_dct2_b144,balanced_interval,48,-0.012273370869952482,-0.012348997768493408,-0.01086035803542799,-0.010919545796457486
Weather,2021,block_dct2_b144,balanced_interval,96,-0.005999804910208812,-0.006017839790235513,-0.003990300394114488,-0.003998272242561995
Weather,2021,block_dct2_b144,balanced_interval,144,-0.0018931349969202025,-0.0018949281083340264,0.0009839575844046292,0.0009834736568751223
Weather,2021,block_dct2_b144,balanced_interval,192,-0.000900107092947241,-0.0009005123109073754,-0.0014973268845996594,-0.0014984484382070118
Weather,2021,block_dct2_b144,balanced_interval,288,-0.00047452913549040585,-0.0004746417422516469,-0.0009658293199377892,-0.0009662958832701296
Weather,2021,block_dct2_b144,balanced_interval,336,-0.0012111355320877865,-0.001211869252908171,-0.0019497910691257257,-0.001951693147750122
Weather,2021,block_dct2_b144,balanced_interval,512,-0.0018357613277270803,-0.0018374473691185056,-0.0024833619615539843,-0.0024864480589736893
Weather,2021,block_dct2_b144,balanced_interval,720,-0.0019698818234632535,-0.001971823315289667,-0.004371431688792398,-0.004381000334109819
Weather,2021,block_dct2_b144,dct2,48,0.003949588907153259,0.003941799539193602,0.006258493773870075,0.006238950194090376
Weather,2021,block_dct2_b144,dct2,96,-0.000546316253995647,-0.0005464655118998518,0.002545508849406368,0.0025422717889930224
Weather,2021,block_dct2_b144,dct2,144,-0.001126115007521838,-0.0011267493131048578,0.0017967077021451285,0.0017950945891038739
Weather,2021,block_dct2_b144,dct2,192,-0.0019326011651625663,-0.001934469842403086,-0.0033238918116985055,-0.003329422065710963
Weather,2021,block_dct2_b144,dct2,288,-0.0017503787947193133,-0.0017519116018824832,-0.0037765710953528947,-0.003783711325671568
Weather,2021,block_dct2_b144,dct2,336,-0.00223611702719552,-0.0022386190014300755,-0.004779919593829764,-0.004791361632902946
Weather,2021,block_dct2_b144,dct2,512,-0.0013254543335310838,-0.0013263331363544406,-0.0026835113284669585,-0.002687115167918863
Weather,2021,block_dct2_b144,dct2,720,-0.00176221020322668,-0.0017637638080856277,-0.003453720207076977,-0.0034596911707451827
Weather,2021,block_dct2_b144,pca_fit,48,0.02707388891265305,0.02671067642241587,0.018136536653494854,0.017973059467817576
Weather,2021,block_dct2_b144,pca_fit,96,0.013621164869755223,0.013528816576171665,0.011225711489429477,0.011162938301012226
Weather,2021,block_dct2_b144,pca_fit,144,0.006362930690435585,0.006342730114613171,0.007911023844930698,0.007879814050497314
Weather,2021,block_dct2_b144,pca_fit,192,0.0037393844993910234,0.003732401707666533,0.004041206715332436,0.004033052028098338
Weather,2021,block_dct2_b144,pca_fit,288,-0.00020227325022454794,-0.0002022937088377308,0.0005619307338757379,0.0005617728803698485
Weather,2021,block_dct2_b144,pca_fit,336,-0.0011011743349220538,-0.0011017808499858006,0.00014524937998429492,0.00014523883180384
Weather,2021,block_dct2_b144,pca_fit,512,-0.0009961939797091535,-0.0009966903457436782,0.000458862388493073,0.00045875712724807727
Weather,2021,block_dct2_b144,pca_fit,720,-0.002686778121987205,-0.002690390745039961,-0.0012555413662942363,-0.0012563298883283558
Weather,2021,block_pca_fit_b16,balanced_interval,48,-0.0442330363735074,-0.04522590216339095,-0.034656428306320264,-0.035263960298319796
Weather,2021,block_pca_fit_b16,balanced_interval,96,-0.02387508388907485,-0.024162375518850476,-0.01982361680532356,-0.020021409524013656
Weather,2021,block_pca_fit_b16,balanced_interval,144,-0.013168877969946173,-0.013255969522878441,-0.014669722652696622,-0.014777851125283181
Weather,2021,block_pca_fit_b16,balanced_interval,192,-0.007332674225720757,-0.007359624112680541,-0.009235742729339367,-0.009278523804794325
Weather,2021,block_pca_fit_b16,balanced_interval,288,-0.0035856186375918878,-0.003592054658171806,-0.005923043318503937,-0.005940619223394394
Weather,2021,block_pca_fit_b16,balanced_interval,336,-0.0025301722773972157,-0.002533375864580023,-0.004568091636746174,-0.0045785412729200115
Weather,2021,block_pca_fit_b16,balanced_interval,512,-0.004337718000366036,-0.004347139516792886,-0.006759685188751507,-0.006782583426559796
Weather,2021,block_pca_fit_b16,balanced_interval,720,-0.00433717507357939,-0.004346594229975631,-0.008476766962471141,-0.008512796484203777
Weather,2021,block_pca_fit_b16,dct2,48,-0.02801007659640168,-0.028406047201888773,-0.01753757649702229,-0.01769226274256419
Weather,2021,block_pca_fit_b16,dct2,96,-0.018421595232861628,-0.018592319545070346,-0.013287807561802593,-0.013376482807935686
Weather,2021,block_pca_fit_b16,dct2,144,-0.01240185798054778,-0.012479079922891767,-0.013856972534956198,-0.013953425378743889
Weather,2021,block_pca_fit_b16,dct2,192,-0.008365168297936038,-0.008400254082857384,-0.011062307656438146,-0.011123721231484751
Weather,2021,block_pca_fit_b16,dct2,288,-0.004861468296820791,-0.004873304406338708,-0.008733785093919038,-0.008772035871881911
Weather,2021,block_pca_fit_b16,dct2,336,-0.003555153772504978,-0.003561480827340535,-0.007398220161450185,-0.007425654605850651
Weather,2021,block_pca_fit_b16,dct2,512,-0.0038274110061700135,-0.0038347448972952947,-0.006959834555664555,-0.006984110490336093
Weather,2021,block_pca_fit_b16,dct2,720,-0.004129503453342839,-0.00413804160145359,-0.007559055480755653,-0.007587697263427673
Weather,2021,block_pca_fit_b16,pca_fit,48,-0.0048857765909020206,-0.0048977314590255006,-0.005659533617397405,-0.005675579033356248
Weather,2021,block_pca_fit_b16,pca_fit,96,-0.004254114109110828,-0.004263175697658106,-0.004607604921779479,-0.004618236255393926
Weather,2021,block_pca_fit_b16,pca_fit,144,-0.00491281228259036,-0.004924899931529003,-0.007742656392170547,-0.00777270826655041
Weather,2021,block_pca_fit_b16,pca_fit,192,-0.0026931826333825614,-0.002696812507637647,-0.0036972091294072665,-0.003704052237949451
Weather,2021,block_pca_fit_b16,pca_fit,288,-0.0033133627523260056,-0.0033188580062706308,-0.004395283264690491,-0.004404956689467054
Weather,2021,block_pca_fit_b16,pca_fit,336,-0.0024202110802315456,-0.0024231421551976773,-0.0024730511876361137,-0.002476111701140038
Weather,2021,block_pca_fit_b16,pca_fit,512,-0.0034981506523481198,-0.003504276322097155,-0.003817460838704375,-0.0038247566231681684
Weather,2021,block_pca_fit_b16,pca_fit,720,-0.0050540713721033475,-0.005066864734595722,-0.005360876639973019,-0.005375271851302266
Weather,2021,block_pca_fit_b32,balanced_interval,48,-0.020931188234372622,-0.021151781962775784,-0.0252686271071412,-0.02559058495611377
Weather,2021,block_pca_fit_b32,balanced_interval,96,-0.01276196864966119,-0.012843750098695761,-0.011444602426384783,-0.011510342438804555
Weather,2021,block_pca_fit_b32,balanced_interval,144,-0.005059805792385855,-0.005072628226935327,-0.006823309749997731,-0.006846641564514533
Weather,2021,block_pca_fit_b32,balanced_interval,192,-0.001113434136554922,-0.001114054234467865,-0.004063613706688814,-0.004071881379950959
Weather,2021,block_pca_fit_b32,balanced_interval,288,-0.00012594615404377252,-0.00012595408559357146,-0.003555490864211997,-0.0035618191196502558
Weather,2021,block_pca_fit_b32,balanced_interval,336,0.0007695746439974442,0.000769278597379297,-0.0021300290413854843,-0.002132299164767426
Weather,2021,block_pca_fit_b32,balanced_interval,512,-0.001313028557743736,-0.0013138909571508428,-0.004083812242846501,-0.004092162366974295
Weather,2021,block_pca_fit_b32,balanced_interval,720,-0.0010407238404099327,-0.0010412655813838434,-0.004990196022042408,-0.005002667787099124
Weather,2021,block_pca_fit_b32,dct2,48,-0.004708228457266888,-0.004719329580239684,-0.008149775297843106,-0.008183075117090155
Weather,2021,block_pca_fit_b32,dct2,96,-0.0073084799934480275,-0.007335252114784696,-0.004908793182863965,-0.004920861046254998
Weather,2021,block_pca_fit_b32,dct2,144,-0.004292785802987468,-0.004302013006707739,-0.006010559632257225,-0.0060286592906584335
Weather,2021,block_pca_fit_b32,dct2,192,-0.002145928208770283,-0.00214823236059547,-0.005890178633787625,-0.005907559845346189
Weather,2021,block_pca_fit_b32,dct2,288,-0.0014017958132728084,-0.0014027787882802123,-0.006366232639627115,-0.00638654016992013
Weather,2021,block_pca_fit_b32,dct2,336,-0.000255406851110334,-0.00025543947021722246,-0.004960157566089492,-0.004972479512137085
Weather,2021,block_pca_fit_b32,dct2,512,-0.0008027215635478556,-0.0008030438307267129,-0.004283961609759541,-0.00429315089078619
Weather,2021,block_pca_fit_b32,dct2,720,-0.0008330522201734461,-0.0008333993045472887,-0.004072484540327025,-0.00408078837407766
Weather,2021,block_pca_fit_b32,pca_fit,48,0.018416071548232743,0.018247531901170455,0.0037282675817817204,0.00372132622129695
Weather,2021,block_pca_fit_b32,pca_fit,96,0.006859001130302785,0.0068355318712644,0.0037714094571592483,0.003764306624548075
Weather,2021,block_pca_fit_b32,pca_fit,144,0.0031962598949699674,0.0031911572941722977,0.00010375651052829894,0.00010375112800775632
Weather,2021,block_pca_fit_b32,pca_fit,192,0.003526057455783212,0.0035198482153825372,0.001474919893243239,0.001473832733454361
Weather,2021,block_pca_fit_b32,pca_fit,288,0.00014630973122198396,0.00014629902847518306,-0.002027730810398559,-0.0020297880467905483
Weather,2021,block_pca_fit_b32,pca_fit,336,0.0008795358411631277,0.0008791491628893366,-3.498859227541134e-05,-3.4989204383384376e-05
Weather,2021,block_pca_fit_b32,pca_fit,512,-0.00047346120972583875,-0.0004735733101755013,-0.0011415878927993025,-0.0011422397522857786
Weather,2021,block_pca_fit_b32,pca_fit,720,-0.0017576201389340033,-0.001759165658556494,-0.0018743056995443599,-0.0018760633083991785
Weather,2021,block_pca_fit_b48,balanced_interval,48,-0.03608684312383022,-0.03674587683217134,-0.025638320994644425,-0.025969809620653983
Weather,2021,block_pca_fit_b48,balanced_interval,96,-0.01816153342092471,-0.018327457022630833,-0.012926453213628489,-0.013010360963379819
Weather,2021,block_pca_fit_b48,balanced_interval,144,-0.009416280066451344,-0.009460752710952036,-0.009507927209328285,-0.009553271144244757
Weather,2021,block_pca_fit_b48,balanced_interval,192,-0.003972877131362475,-0.003980779469253237,-0.006185899186149562,-0.00620507137253723
Weather,2021,block_pca_fit_b48,balanced_interval,288,-0.0015445111170483592,-0.0015457044886564297,-0.004041164194374459,-0.004049340708899729
Weather,2021,block_pca_fit_b48,balanced_interval,336,-0.0010360599704291819,-0.0010365968659629132,-0.0038828647793207574,-0.0038904128650047998
Weather,2021,block_pca_fit_b48,balanced_interval,512,-0.0029719291219487006,-0.0029763496814132484,-0.00636281565393947,-0.006383101367391397
Weather,2021,block_pca_fit_b48,balanced_interval,720,-0.0033087832061180315,-0.0033142632717200193,-0.00783839818084519,-0.007869198847234138
Weather,2021,block_pca_fit_b48,dct2,48,-0.019863883346724433,-0.02006248308526959,-0.00851946918534651,-0.008555863141926467
Weather,2021,block_pca_fit_b48,dct2,96,-0.012708044764711431,-0.012789135101382909,-0.006390643970107652,-0.006411107704205277
Weather,2021,block_pca_fit_b48,dct2,144,-0.008649260077052877,-0.008686773002009263,-0.008695177091587871,-0.008733089950586415
Weather,2021,block_pca_fit_b48,dct2,192,-0.005005371203577794,-0.005017919000745996,-0.008012464113248416,-0.008044649808646387
Weather,2021,block_pca_fit_b48,dct2,288,-0.0028203607762772804,-0.002824341735432112,-0.006851905969789568,-0.006875433984048662
Weather,2021,block_pca_fit_b48,dct2,336,-0.0020610414655369007,-0.0020631668714305995,-0.006712993304024786,-0.006735575947671935
Weather,2021,block_pca_fit_b48,dct2,512,-0.002461622127752752,-0.0024646544071007526,-0.00656296502085255,-0.006584548467084339
Weather,2021,block_pca_fit_b48,dct2,720,-0.00310111158588157,-0.003105925006781307,-0.006920686699129717,-0.006944689992464781
Weather,2021,block_pca_fit_b48,pca_fit,48,0.0032604166587752318,0.0032551072722191154,0.003358573694278488,0.003352939994478721
Weather,2021,block_pca_fit_b48,pca_fit,96,0.0014594363590394056,0.0014583718996962203,0.002289558669915466,0.002286939629660756
Weather,2021,block_pca_fit_b48,pca_fit,144,-0.0011602143790955526,-0.0011608876881674668,-0.002580860948802236,-0.0025841942373887594
Weather,2021,block_pca_fit_b48,pca_fit,192,0.0006666144609757617,0.000666392322918874,-0.0006473655862174783,-0.0006475751725425472
Weather,2021,block_pca_fit_b48,pca_fit,288,-0.0012722552317823736,-0.0012730648917980147,-0.002513404140560937,-0.002516565388691161
Weather,2021,block_pca_fit_b48,pca_fit,336,-0.0009260987732633852,-0.0009265277351424572,-0.0017878243302106283,-0.0017894234409627785
Weather,2021,block_pca_fit_b48,pca_fit,512,-0.0021323617739308614,-0.002134636874123075,-0.0034205913038923247,-0.0034264482024413123
Weather,2021,block_pca_fit_b48,pca_fit,720,-0.004025679504642017,-0.004033793436755584,-0.0047225078583470565,-0.004733676472951975
Weather,2021,block_pca_fit_b96,balanced_interval,48,-0.03680160654674083,-0.0374871697567587,-0.03080324615156688,-0.031282575108193766
Weather,2021,block_pca_fit_b96,balanced_interval,96,-0.01880585192136938,-0.018983795665560077,-0.014844311295705234,-0.014955035279986761
Weather,2021,block_pca_fit_b96,balanced_interval,144,-0.009336459351737755,-0.009380180047922071,-0.009836235903836501,-0.00988477067484217
Weather,2021,block_pca_fit_b96,balanced_interval,192,-0.004957662654025619,-0.004969972197301997,-0.007036471052809374,-0.007061285182405674
Weather,2021,block_pca_fit_b96,balanced_interval,288,-0.001963657264294785,-0.0019655865018008978,-0.004759068293338983,-0.004770410644719503
Weather,2021,block_pca_fit_b96,balanced_interval,336,-0.0011164643549393554,-0.0011170878332762424,-0.003959369019926786,-0.0039672176766021305
Weather,2021,block_pca_fit_b96,balanced_interval,512,-0.002342997502791664,-0.0023457444663981253,-0.005373124486820849,-0.005387585609065049
Weather,2021,block_pca_fit_b96,balanced_interval,720,-0.0023411839715798094,-0.0023439266827536276,-0.006455302347310453,-0.0064761827170278785
Weather,2021,block_pca_fit_b96,dct2,48,-0.020578646769635143,-0.020791847067558766,-0.01368439434226895,-0.013778454227659775
Weather,2021,block_pca_fit_b96,dct2,96,-0.013352363265156273,-0.01344190415118307,-0.00830850205218433,-0.00834311344523142
Weather,2021,block_pca_fit_b96,dct2,144,-0.008569439362339277,-0.008606262116127139,-0.00902348578609616,-0.009064320164359652
Weather,2021,block_pca_fit_b96,dct2,192,-0.005990156726240862,-0.006008133591865805,-0.008863035979908217,-0.008902428977810128
Weather,2021,block_pca_fit_b96,dct2,288,-0.003239506923523708,-0.0032447597967857345,-0.007569810068754148,-0.007598533512253702
Weather,2021,block_pca_fit_b96,dct2,336,-0.0021414458500471517,-0.002143740382791748,-0.006789497544630756,-0.006812598434636774
Weather,2021,block_pca_fit_b96,dct2,512,-0.001832690508595704,-0.0018343709122423668,-0.005573273853733887,-0.0055888334369675885
Weather,2021,block_pca_fit_b96,dct2,720,-0.002133512351343368,-0.0021357899082639076,-0.005537590865594957,-0.005552951662739725
Weather,2021,block_pca_fit_b96,pca_fit,48,0.00254565323586447,0.0025424158083711124,-0.001806351462644044,-0.0018079838982167917
Weather,2021,block_pca_fit_b96,pca_fit,96,0.0008151178585946399,0.0008147857402776015,0.00037170058783880284,0.00037163151573360587
Weather,2021,block_pca_fit_b96,pca_fit,144,-0.0010803936643819468,-0.0010809774998554733,-0.0029091696433104853,-0.0029134053838171248
Weather,2021,block_pca_fit_b96,pca_fit,192,-0.00031817106168739343,-0.0003182216834682894,-0.001497937452877367,-0.0014990599215765066
Weather,2021,block_pca_fit_b96,pca_fit,288,-0.0016914013790289466,-0.001692832605153738,-0.003231308239525493,-0.003236534543745284
Weather,2021,block_pca_fit_b96,pca_fit,336,-0.0010065031577736127,-0.0010070098520591486,-0.0018643285708166938,-0.0018660675118111758
Weather,2021,block_pca_fit_b96,pca_fit,512,-0.001503430154773793,-0.0015045608724695292,-0.002430900136773621,-0.00243385717010991
Weather,2021,block_pca_fit_b96,pca_fit,720,-0.003058080270103778,-0.003062760967672995,-0.003339412024812326,-0.0033449940730048144
Weather,2021,block_pca_fit_b144,balanced_interval,48,-0.053787141288164066,-0.05525995697199293,-0.03998824700624233,-0.040798541621741125
Weather,2021,block_pca_fit_b144,balanced_interval,96,-0.025731654273377435,-0.026065571215669214,-0.019013132636219426,-0.019195033247128457
Weather,2021,block_pca_fit_b144,balanced_interval,144,-0.013557039916397288,-0.013649353275623888,-0.012245552794582304,-0.012320836559469583
Weather,2021,block_pca_fit_b144,balanced_interval,192,-0.007224540390685423,-0.0072507003425441585,-0.008345273308346663,-0.008380192169866962
Weather,2021,block_pca_fit_b144,balanced_interval,288,-0.003107378691475551,-0.0031122115972346265,-0.004549448866410685,-0.0045598133204620694
Weather,2021,block_pca_fit_b144,balanced_interval,336,-0.002181686697938668,-0.0021840683080234236,-0.0036769841051090104,-0.0036837525043864616
Weather,2021,block_pca_fit_b144,balanced_interval,512,-0.0018885307346919215,-0.0018903151319793476,-0.003971453331040143,-0.003979350002113469
Weather,2021,block_pca_fit_b144,balanced_interval,720,-0.0022887913569156607,-0.002291412639328083,-0.0057803546154555595,-0.005797093101115314
Weather,2021,block_pca_fit_b144,dct2,48,-0.037564181511058344,-0.038278633234978265,-0.022869395196944364,-0.023132904749209704
Weather,2021,block_pca_fit_b144,dct2,96,-0.020278165617164313,-0.020485164435402048,-0.012477323392698504,-0.01255548995707323
Weather,2021,block_pca_fit_b144,dct2,144,-0.012790019926998764,-0.01287216205812336,-0.011432802676841824,-0.011498406940521733
Weather,2021,block_pca_fit_b144,dct2,192,-0.008257034462900775,-0.008291217791495331,-0.01017183823544541,-0.0102237472360176
Weather,2021,block_pca_fit_b144,dct2,288,-0.004383228350704529,-0.004392848747087452,-0.0073601906418257895,-0.007387343420631298
Weather,2021,block_pca_fit_b144,dct2,336,-0.003206668193046456,-0.003211815053450806,-0.006507112629813007,-0.00652832988325458
Weather,2021,block_pca_fit_b144,dct2,512,-0.001378223740495975,-0.0013791739273085746,-0.004171602697953193,-0.004180315944342317
Weather,2021,block_pca_fit_b144,dct2,720,-0.002081119736679113,-0.0020832867693822976,-0.004862643133740159,-0.004874484969289661
Weather,2021,block_pca_fit_b144,pca_fit,48,-0.014439881505558614,-0.014544640221647587,-0.010991352317319467,-0.01105197915022571
Weather,2021,block_pca_fit_b144,pca_fit,96,-0.006110684493413411,-0.006129392813369883,-0.003797120752675417,-0.003804338948909969
Weather,2021,block_pca_fit_b144,pca_fit,144,-0.0053009742290414585,-0.005315049252385018,-0.005318486534056198,-0.005332654790319635
Weather,2021,block_pca_fit_b144,pca_fit,192,-0.0025850487983472945,-0.002588392917942217,-0.002806739708414601,-0.0028106822900473283
Weather,2021,block_pca_fit_b144,pca_fit,288,-0.002835122806209695,-0.0028391455676486377,-0.0030216888125972658,-0.003026258716020136
Weather,2021,block_pca_fit_b144,pca_fit,336,-0.002071725500772931,-0.0020738730068063926,-0.0015819436559990055,-0.001583195588939823
Weather,2021,block_pca_fit_b144,pca_fit,512,-0.0010489633866740836,-0.00104951374118456,-0.0010292289809929957,-0.001029758818899884
Weather,2021,block_pca_fit_b144,pca_fit,720,-0.0030056876554395693,-0.0030102092636263844,-0.002664464292957452,-0.0026680171327124746
Weather,2022,block_dct2_b16,balanced_interval,48,-0.0027593637099201365,-0.002763174258051837,-0.005294268823985761,-0.005308308230371761
Weather,2022,block_dct2_b16,balanced_interval,96,-0.004433503760970051,-0.004443346279007221,-0.002439711777152138,-0.0024426902956795615
Weather,2022,block_dct2_b16,balanced_interval,144,-0.0028157952028983746,-0.0028197632777653414,-0.0018960079905605924,-0.0018978065502255337
Weather,2022,block_dct2_b16,balanced_interval,192,-0.0016141122499657135,-0.0016154156303165301,-0.002374270832843296,-0.002377091645853424
Weather,2022,block_dct2_b16,balanced_interval,288,0.0002478680923599742,0.0002478373756023,-0.0013415112661933663,-0.0013424114949427413
Weather,2022,block_dct2_b16,balanced_interval,336,0.00047746087474602754,0.0004773469084414783,-0.0006630106925570235,-0.0006632305327289867
Weather,2022,block_dct2_b16,balanced_interval,512,-0.0018004877131498355,-0.0018021095643807605,-0.003931802455146283,-0.0039395421307202305
Weather,2022,block_dct2_b16,balanced_interval,720,-0.0021999292298427943,-0.002202350849622725,-0.005115070659434535,-0.00512817496698581
Weather,2022,block_dct2_b16,dct2,48,0.012300301467261698,0.01222496197502776,0.015950575899658634,0.01582403913529562
Weather,2022,block_dct2_b16,dct2,96,0.0015099990780253398,0.0015088596030250478,0.008747306563307305,0.008709160184304898
Weather,2022,block_dct2_b16,dct2,144,-0.0006686904523962932,-0.0006689140756990231,0.004029071317916923,0.004020965500034723
Weather,2022,block_dct2_b16,dct2,192,-0.00040352704371445923,-0.0004036084717042865,0.0018332047865828155,0.0018315254930078018
Weather,2022,block_dct2_b16,dct2,288,0.00011469327772670134,0.00011468670070413634,-0.00031244351964752567,-0.0003124923352078035
Weather,2022,block_dct2_b16,dct2,336,0.00012171357426413975,0.00012170616746753904,-0.00021638482147364556,-0.0002164082343578677
Weather,2022,block_dct2_b16,dct2,512,-0.0009054338946910065,-0.0009058439237019655,-0.0028592215652418784,-0.0028633130377675453
Weather,2022,block_dct2_b16,dct2,720,-0.0004974134578433398,-0.000497537188431707,-0.001466374406196397,-0.001467450058851627
Weather,2022,block_dct2_b16,pca_fit,48,0.03150983240254979,0.031018571008572304,0.030447516477947682,0.029988659657152028
Weather,2022,block_dct2_b16,pca_fit,96,0.014446207912177924,0.014342362111416151,0.018492844277836235,0.018322900824765287
Weather,2022,block_dct2_b16,pca_fit,144,0.006927126958001939,0.006903189718047487,0.010993194873534838,0.010932990521450914
Weather,2022,block_dct2_b16,pca_fit,192,0.006047333408664156,0.006029085091069808,0.008721344551951499,0.008683423946183932
Weather,2022,block_dct2_b16,pca_fit,288,0.0027720172385117085,0.002768178746334393,0.0038113257227907595,0.0038040718394717343
Weather,2022,block_dct2_b16,pca_fit,336,0.002520744776277361,0.002517570367015831,0.0045903484634761075,0.004579828916252526
Weather,2022,block_dct2_b16,pca_fit,512,0.0003002938630126837,0.0003002487793235531,0.0014453540526780146,0.0014443100315632007
Weather,2022,block_dct2_b16,pca_fit,720,-0.001771596540134213,-0.0017731667444038646,1.4472593378352933e-05,1.4472488650829618e-05
Weather,2022,block_dct2_b32,balanced_interval,48,-0.01188700010219515,-0.01195793126218514,-0.009466148164555028,-0.009511093853998176
Weather,2022,block_dct2_b32,balanced_interval,96,-0.008233768660442795,-0.008267759360092608,-0.0054219945239971,-0.00543672013834362
Weather,2022,block_dct2_b32,balanced_interval,144,-0.0064060470130886974,-0.006426609617141921,-0.0046522618306541735,-0.004663100402164
Weather,2022,block_dct2_b32,balanced_interval,192,-0.004863035381152086,-0.004874879128782927,-0.00330477708332866,-0.0033102438796361877
Weather,2022,block_dct2_b32,balanced_interval,288,-0.0034993437557626042,-0.0035054736071900017,-0.003793449338969865,-0.003800653574667523
Weather,2022,block_dct2_b32,balanced_interval,336,-0.002573215544325397,-0.002576529105003278,-0.0024538490772490337,-0.0024568622289984354
Weather,2022,block_dct2_b32,balanced_interval,512,-0.004707874202592881,-0.004718973653784264,-0.005205545250767642,-0.00521911764179217
Weather,2022,block_dct2_b32,balanced_interval,720,-0.0038219191770362793,-0.003829232023535578,-0.0049817104784557935,-0.0049941398293391615
Weather,2022,block_dct2_b32,dct2,48,0.0031726650749866465,0.0031676374914992866,0.011778696559089367,0.011709599270850468
Weather,2022,block_dct2_b32,dct2,96,-0.002290265821447544,-0.002292890483556187,0.005765023816462108,0.0057484379545957864
Weather,2022,block_dct2_b32,dct2,144,-0.004258942262586504,-0.004268024446105523,0.0012728174778233728,0.001272007789222429
Weather,2022,block_dct2_b32,dct2,192,-0.0036524501749009477,-0.003659128499314601,0.0009026985360975407,0.0009022912263425553
Weather,2022,block_dct2_b32,dct2,288,-0.0036325185703958243,-0.003639124161867402,-0.0027643815924239855,-0.002768206018463948
Weather,2022,block_dct2_b32,dct2,336,-0.002928962844807191,-0.002933256447391175,-0.0020072232061656647,-0.0020092390271739813
Weather,2022,block_dct2_b32,dct2,512,-0.003812820384134149,-0.003820098430796781,-0.004132964360863195,-0.004141516836366987
Weather,2022,block_dct2_b32,dct2,720,-0.002119403405036879,-0.002121650927955576,-0.0013330142252176893,-0.0013339030835897159
Weather,2022,block_dct2_b32,pca_fit,48,0.022382196010274736,0.022133573025188702,0.026275637137378512,0.025933436316639025
Weather,2022,block_dct2_b32,pca_fit,96,0.010645943012705125,0.010589475522264746,0.015510561530991207,0.015390892282787116
Weather,2022,block_dct2_b32,pca_fit,144,0.003336875147811585,0.0033313139673102343,0.008236941033441176,0.008203110385388346
Weather,2022,block_dct2_b32,pca_fit,192,0.0027984102774777416,0.002794498377321819,0.007790838301466069,0.007760568381107502
Weather,2022,block_dct2_b32,pca_fit,288,-0.0009751946096108778,-0.0009756702664809325,0.001359387650014214,0.0013584641011570309
Weather,2022,block_dct2_b32,pca_fit,336,-0.0005299316427939795,-0.0005300720813734561,0.002799510078784053,0.0027955951046321204
Weather,2022,block_dct2_b32,pca_fit,512,-0.0026070926264303487,-0.0026104940477096328,0.00017161125705667576,0.00017159653268716824
Weather,2022,block_dct2_b32,pca_fit,720,-0.0033935864873276067,-0.0033993512211474286,0.00014783277435717897,0.00014782184763106887
Weather,2022,block_dct2_b48,balanced_interval,48,-0.009322156527486311,-0.009365743163848306,-0.01379179211160633,-0.013887337619058249
Weather,2022,block_dct2_b48,balanced_interval,96,-0.00788918749072067,-0.007920389128236671,-0.0081739046122581,-0.008207402176994005
Weather,2022,block_dct2_b48,balanced_interval,144,-0.00418439100342438,-0.004193157791083202,-0.004138836018994815,-0.004147412829379249
Weather,2022,block_dct2_b48,balanced_interval,192,-0.0038899118590214076,-0.0038974873856822967,-0.005692786427886612,-0.005709021128818215
Weather,2022,block_dct2_b48,balanced_interval,288,-0.0031297477609426643,-0.0031346505349472142,-0.005367765581741185,-0.005382197846861558
Weather,2022,block_dct2_b48,balanced_interval,336,-0.0031705921130741653,-0.003175623756605628,-0.005648770989097326,-0.005664755379154229
Weather,2022,block_dct2_b48,balanced_interval,512,-0.004566676723602339,-0.004577119882543501,-0.007383645868255393,-0.0074109721959816355
Weather,2022,block_dct2_b48,balanced_interval,720,-0.0041057981272791325,-0.004114238463896136,-0.007374067390680382,-0.007401322778789021
Weather,2022,block_dct2_b48,dct2,48,0.005737508649695496,0.005721080580688542,0.007453052612038164,0.007425347487397538
Weather,2022,block_dct2_b48,dct2,96,-0.0019456846517253352,-0.001947578724330823,0.0030131137282012666,0.0030085788568695593
Weather,2022,block_dct2_b48,dct2,144,-0.0020372862529222037,-0.002039362930583266,0.0017862432894826758,0.0017846489063980675
Weather,2022,block_dct2_b48,dct2,192,-0.002679326652770196,-0.0026829192562958237,-0.001485310808460358,-0.0014864144288979642
Weather,2022,block_dct2_b48,dct2,288,-0.003262922575575832,-0.0032682517020421464,-0.004338697835195216,-0.004348123611582766
Weather,2022,block_dct2_b48,dct2,336,-0.0035263394135558587,-0.0035325642632124676,-0.005202145118013993,-0.005215699769156146
Weather,2022,block_dct2_b48,dct2,512,-0.003671622905143555,-0.0036783715695114516,-0.006311064978350958,-0.006331021709585105
Weather,2022,block_dct2_b48,dct2,720,-0.002403282355279708,-0.0024061725531761002,-0.003725371137442312,-0.003732318957555103
Weather,2022,block_dct2_b48,pca_fit,48,0.02494703958498367,0.024638433786155267,0.02194999319032708,0.02171084505238763
Weather,2022,block_dct2_b48,pca_fit,96,0.010990524182427264,0.010930349025456643,0.01275865144273017,0.012677604897114225
Weather,2022,block_dct2_b48,pca_fit,144,0.005558531157475903,0.0055431111073340755,0.008750366845100612,0.008712193808972035
Weather,2022,block_dct2_b48,pca_fit,192,0.003771533799608519,0.0037644304989266075,0.005402828956908139,0.005388259926341732
Weather,2022,block_dct2_b48,pca_fit,288,-0.0006055986147908796,-0.0006057820266547331,-0.00021492859275688787,-0.00021495169156171556
Weather,2022,block_dct2_b48,pca_fit,336,-0.001127308211542627,-0.0011279438622802118,-0.0003954118330642522,-0.0003954900186280419
Weather,2022,block_dct2_b48,pca_fit,512,-0.002465895147439711,-0.002468937967456508,-0.0020064893604310255,-0.0020085037072377077
Weather,2022,block_dct2_b48,pca_fit,720,-0.003677465437570589,-0.003684235610074138,-0.002244524137867535,-0.002247044967838674
Weather,2022,block_dct2_b96,balanced_interval,48,0.009851420818601618,0.00980305452839092,0.006259046053221458,0.0062394990276468665
Weather,2022,block_dct2_b96,balanced_interval,96,0.0007374818034244792,0.0007372099305571478,0.00519298684802951,0.005179526601534645
Weather,2022,block_dct2_b96,balanced_interval,144,0.0013544832155850293,0.0013535663172156154,0.006525834815697771,0.006504587798974115
Weather,2022,block_dct2_b96,balanced_interval,192,0.0008569070573600757,0.000856540017354801,0.005524035212506136,0.005508805785526261
Weather,2022,block_dct2_b96,balanced_interval,288,0.0013470561267969164,0.0013461492539411646,0.004087341522545455,0.004078999711331743
Weather,2022,block_dct2_b96,balanced_interval,336,0.001637502044659942,0.0016361620696905277,0.0045204487149484345,0.00451024686475876
Weather,2022,block_dct2_b96,balanced_interval,512,-0.0003153824597018246,-0.00031543219797858235,0.0010616653397511142,0.0010611019724910964
Weather,2022,block_dct2_b96,balanced_interval,720,-0.002233593529139825,-0.002236089857414747,-0.0020865345704458465,-0.0020887128984914405
Weather,2022,block_dct2_b96,dct2,48,0.024911085995783424,0.02460336540666863,0.027503890776865894,0.02712910267749058
Weather,2022,block_dct2_b96,dct2,96,0.006680984642419778,0.006658716483197713,0.016380005188488984,0.016246582385536446
Weather,2022,block_dct2_b96,dct2,144,0.00350158796608697,0.0034954645562492725,0.012450914124175289,0.01237372219507038
Weather,2022,block_dct2_b96,dct2,192,0.0020674922636112697,0.002065356473644475,0.009731510831932345,0.009684312906848569
Weather,2022,block_dct2_b96,dct2,288,0.0012138813121636094,0.0012131448562637814,0.005116409269091521,0.005103342741253347
Weather,2022,block_dct2_b96,dct2,336,0.0012817547441782804,0.0012809336474185473,0.004967074586031641,0.004954759070192716
Weather,2022,block_dct2_b96,dct2,512,0.0005796713587568744,0.0005795033817734829,0.0021342462296556662,0.0021319703455582317
Weather,2022,block_dct2_b96,dct2,720,-0.0005310777571403304,-0.0005312188039001686,0.0015621616827921538,0.0015609421433524506
Weather,2022,block_dct2_b96,pca_fit,48,0.04412061693107149,0.04316146041566471,0.04200083135515496,0.04113101658851914
Weather,2022,block_dct2_b96,pca_fit,96,0.019617193476572453,0.019426028418116914,0.026125542903017957,0.025787223568976114
Weather,2022,block_dct2_b96,pca_fit,144,0.011097405376485259,0.011036056321597654,0.019415037679792947,0.01922777966769862
Weather,2022,block_dct2_b96,pca_fit,192,0.008518352715990118,0.00848217434907017,0.016619650597300906,0.01648230612928625
Weather,2022,block_dct2_b96,pca_fit,288,0.003871205272948563,0.003863721817594312,0.009240178511529673,0.00919761924800655
Weather,2022,block_dct2_b96,pca_fit,336,0.0036807859461916053,0.0036740201572865727,0.009773807870981388,0.009726199442292027
Weather,2022,block_dct2_b96,pca_fit,512,0.0017853991164607157,0.0017838062395728604,0.006438821847575466,0.006418137053229134
Weather,2022,block_dct2_b96,pca_fit,720,-0.0018052608394311528,-0.0018068913037705414,0.0030430086823670624,0.0030383834242029284
Weather,2022,block_dct2_b144,balanced_interval,48,-0.005307751579025941,-0.00532186264740675,-0.00830591130268347,-0.008340501084197482
Weather,2022,block_dct2_b144,balanced_interval,96,-0.0033047701663682537,-0.0033102369397788323,-0.0032599224396912397,-0.003265241765473492
Weather,2022,block_dct2_b144,balanced_interval,144,-0.002605636419052508,-0.002609034039974034,-0.00055278076556694,-0.0005529335770100285
Weather,2022,block_dct2_b144,balanced_interval,192,-0.0025297879797143816,-0.002532990593400619,-0.002819142639155424,-0.0028231201586186305
Weather,2022,block_dct2_b144,balanced_interval,288,-0.001609148726984108,-0.0016104441015205584,-0.0023675092681591558,-0.002370314031223897
Weather,2022,block_dct2_b144,balanced_interval,336,-0.0020912256138508247,-0.0020934137511652295,-0.0030225878133006683,-0.0030271604377374306
Weather,2022,block_dct2_b144,balanced_interval,512,-0.0023017775855931396,-0.0023044287093287874,-0.003455176211918862,-0.003461152213977803
Weather,2022,block_dct2_b144,balanced_interval,720,-0.0027418739611015206,-0.002745636335377055,-0.006248145476344455,-0.006267705854767325
Weather,2022,block_dct2_b144,dct2,48,0.009751913598155698,0.00970451788018023,0.012938933420960943,0.012855585287844473
Weather,2022,block_dct2_b144,dct2,96,0.0026387326726270205,0.0026352542777589028,0.007927095900768035,0.007895759333386154
Weather,2022,block_dct2_b144,dct2,144,-0.0004585316685503313,-0.0004586368102654781,0.005372298542910629,0.005357893554603921
Weather,2022,block_dct2_b144,dct2,192,-0.0013192027734631523,-0.0013200733042020296,0.001388332980270825,0.0013873696918786926
Weather,2022,block_dct2_b144,dct2,288,-0.0017423235416173448,-0.001743842269189333,-0.001338441521613311,-0.0013393376342201169
Weather,2022,block_dct2_b144,dct2,336,-0.0024469729143326148,-0.002449969195996049,-0.0025759619422174073,-0.0025792825828503396
Weather,2022,block_dct2_b144,dct2,512,-0.0014067237671344375,-0.001407713667130439,-0.0023825953220143266,-0.0023854359578290296
Weather,2022,block_dct2_b144,dct2,720,-0.001039358189102088,-0.0010398985090038781,-0.0025994492231063726,-0.0026028307206136247
Weather,2022,block_dct2_b144,pca_fit,48,0.028961444533443858,0.028546081396361167,0.02743587399924999,0.02706292888357975
Weather,2022,block_dct2_b144,pca_fit,96,0.015574941506779688,0.015454279352852152,0.017672633615297015,0.01751738850111162
Weather,2022,block_dct2_b144,pca_fit,144,0.007137285741847787,0.007111875806562251,0.012336422098528409,0.012260640388583433
Weather,2022,block_dct2_b144,pca_fit,192,0.005131657678915425,0.005118513217552523,0.008276472745639347,0.008242317039629521
Weather,2022,block_dct2_b144,pca_fit,288,0.000915000419167609,0.0009145819339319017,0.002785327720825054,0.0027814522945146525
Weather,2022,block_dct2_b144,pca_fit,336,-4.7941712319366774e-05,-4.794286154163885e-05,0.0022307713427322977,0.0022282850214888628
Weather,2022,block_dct2_b144,pca_fit,512,-0.00020099600943064244,-0.0002010162104819635,0.001921980295905593,0.0019201344745101157
Weather,2022,block_dct2_b144,pca_fit,720,-0.0023135412713928545,-0.0023162195730557222,-0.0011186022235316246,-0.0011192280923431053
Weather,2022,block_pca_fit_b16,balanced_interval,48,-0.031132984751672945,-0.03162268485139741,-0.03718148024691523,-0.03788135871308618
Weather,2022,block_pca_fit_b16,balanced_interval,96,-0.01811052831056881,-0.018275518442884664,-0.023131116456497243,-0.023400715426075802
Weather,2022,block_pca_fit_b16,balanced_interval,144,-0.011186728652314498,-0.011249534078552115,-0.01749953845545075,-0.017653552458203325
Weather,2022,block_pca_fit_b16,balanced_interval,192,-0.0068908983458115065,-0.006914695215016975,-0.01224835888018683,-0.012323677222381813
Weather,2022,block_pca_fit_b16,balanced_interval,288,-0.0024679200582167302,-0.002470967879667718,-0.007535677933093927,-0.007564142609337798
Weather,2022,block_pca_fit_b16,balanced_interval,336,-0.001377670985407534,-0.0013786204100276755,-0.005741579286273468,-0.005758093743851278
Weather,2022,block_pca_fit_b16,balanced_interval,512,-0.0019930815186478845,-0.0019950690258196957,-0.006660797511456562,-0.006683029957730513
Weather,2022,block_pca_fit_b16,balanced_interval,720,-0.0013804631745083428,-0.0013814164524008632,-0.007477164687918948,-0.00750518848644699
Weather,2022,block_pca_fit_b16,dct2,48,-0.016073319574491294,-0.016203190260235978,-0.015936635523270924,-0.016064300983518853
Weather,2022,block_pca_fit_b16,dct2,96,-0.012167025471573509,-0.012241344835325574,-0.011944098116037935,-0.012015713699768282
Weather,2022,block_pca_fit_b16,dct2,144,-0.009039623901812378,-0.00908060469252403,-0.011574459146973238,-0.01164170238351625
Weather,2022,block_pca_fit_b16,dct2,192,-0.0056803131395602655,-0.005696476708460407,-0.008040883260760712,-0.008073297985324857
Weather,2022,block_pca_fit_b16,dct2,288,-0.002601094872849967,-0.002604480655062691,-0.006506610186548123,-0.006527824160001527
Weather,2022,block_pca_fit_b16,dct2,336,-0.001733418285889293,-0.0017349215238207094,-0.005294953415190147,-0.005308996455832826
Weather,2022,block_pca_fit_b16,dct2,512,-0.001098027700189157,-0.0010986307533071837,-0.005588216621552045,-0.0056038598296939135
Weather,2022,block_pca_fit_b16,dct2,720,0.0003220525974912163,0.00032200074412014335,-0.003828468434680842,-0.00383580638133596
Weather,2022,block_pca_fit_b16,pca_fit,48,0.0031362113607968697,0.003131298587121245,-0.0014396949449817706,-0.0014407318032758631
Weather,2022,block_pca_fit_b16,pca_fit,96,0.0007691833625790711,0.0007688876168888692,-0.0021985604015089468,-0.0022009790075876445
Weather,2022,block_pca_fit_b16,pca_fit,144,-0.0014438064914142892,-0.0014448492818086578,-0.004610335591355391,-0.004620979539592618
Weather,2022,block_pca_fit_b16,pca_fit,192,0.0007705473128183349,0.000770250517474258,-0.0011527434953920407,-0.001153408159546343
Weather,2022,block_pca_fit_b16,pca_fit,288,5.6229087935083375e-05,5.622750710954083e-05,-0.0023828409441097823,-0.0023856821658705396
Weather,2022,block_pca_fit_b16,pca_fit,336,0.0006656129161239712,0.000665391444987673,-0.0004882201302404744,-0.000488339329085985
Weather,2022,block_pca_fit_b16,pca_fit,512,0.00010770005751455558,0.00010769425807155564,-0.0012836410036322248,-0.0012844652233749976
Weather,2022,block_pca_fit_b16,pca_fit,720,-0.000952130484799671,-0.0009525839049233653,-0.0023476214351060964,-0.002350379255991575
Weather,2022,block_pca_fit_b32,balanced_interval,48,-0.01462678800649345,-0.014734282932569398,-0.027686379270245937,-0.02807320878656605
Weather,2022,block_pca_fit_b32,balanced_interval,96,-0.011075668454745056,-0.011137230741836257,-0.015449650438604353,-0.015569613286419148
Weather,2022,block_pca_fit_b32,balanced_interval,144,-0.005670974132125503,-0.005687084545444199,-0.011307663368627955,-0.01137183664924235
Weather,2022,block_pca_fit_b32,balanced_interval,192,-0.0031356256524030447,-0.0031405468688723293,-0.008104934697239932,-0.008137868596035158
Weather,2022,block_pca_fit_b32,balanced_interval,288,-0.0008193344397350252,-0.0008196701858869115,-0.005298790588675436,-0.005312854008259649
Weather,2022,block_pca_fit_b32,balanced_interval,336,0.000414148607379532,0.00041406285968281775,-0.003412611516131265,-0.00341844110429812
Weather,2022,block_pca_fit_b32,balanced_interval,512,-0.0005942452462342708,-0.0005944218449198679,-0.004662020811415954,-0.004672904937873756
Weather,2022,block_pca_fit_b32,balanced_interval,720,0.00013094648122782178,0.00013093790811158357,-0.0045712173960534746,-0.004581681348552857
Weather,2022,block_pca_fit_b32,dct2,48,0.0004328771706882095,0.00043278349288322637,-0.006441534546601592,-0.0064623258489155955
Weather,2022,block_pca_fit_b32,dct2,96,-0.005132165615749777,-0.005145357736097145,-0.004262632098145073,-0.004271730036808918
Weather,2022,block_pca_fit_b32,dct2,144,-0.0035238693816233555,-0.0035300855087947447,-0.005382584060150543,-0.0053970961916387505
Weather,2022,block_pca_fit_b32,dct2,192,-0.0019250404461518586,-0.001926894526046885,-0.0038974590778138077,-0.0039050640482560794
Weather,2022,block_pca_fit_b32,dct2,288,-0.0009525092543681998,-0.0009529630353735108,-0.00426972284212956,-0.004278851095784297
Weather,2022,block_pca_fit_b32,dct2,336,5.840130689791097e-05,5.839960157483226e-05,-0.0029659856450479733,-0.0029703885323619783
Weather,2022,block_pca_fit_b32,dct2,512,0.0003008085722244429,0.0003007633338619753,-0.003589439921511457,-0.0035958896756793646
Weather,2022,block_pca_fit_b32,dct2,720,0.0018334622532272691,0.0018317824880624833,-0.0009225211428154264,-0.0009229467963263183
Weather,2022,block_pca_fit_b32,pca_fit,48,0.01964240810597637,0.01945075291570264,0.008055406031687555,0.008023048191992177
Weather,2022,block_pca_fit_b32,pca_fit,96,0.0078040432184027135,0.00777367073387536,0.00548290561638395,0.005467901923187246
Weather,2022,block_pca_fit_b32,pca_fit,144,0.0040719480287747575,0.004063668889620509,0.001581539495467348,0.0015802895209277024
Weather,2022,block_pca_fit_b32,pca_fit,192,0.0045258200062267715,0.004515593915827232,0.0029906806875548346,0.0029862130569293655
Weather,2022,block_pca_fit_b32,pca_fit,288,0.001704814706416903,0.0017033623352837868,-0.00014595359969130214,-0.0001459642514360926
Weather,2022,block_pca_fit_b32,pca_fit,336,0.002457432508911049,0.002454415493519657,0.0018407476399016677,0.0018390545030033678
Weather,2022,block_pca_fit_b32,pca_fit,512,0.0015065363299282023,0.00150540207374239,0.0007151356964084241,0.0007148800478210537
Weather,2022,block_pca_fit_b32,pca_fit,720,0.0005592791709366406,0.0005591228034934614,0.0005583258567594047,0.0005581700218818542
Weather,2022,block_pca_fit_b48,balanced_interval,48,-0.02709668329617939,-0.027467136870946263,-0.027705886480236135,-0.02809326382214339
Weather,2022,block_pca_fit_b48,balanced_interval,96,-0.01439101753689158,-0.014495066755324526,-0.015465526411314191,-0.015585736569870612
Weather,2022,block_pca_fit_b48,balanced_interval,144,-0.009115275494776053,-0.009156946135337352,-0.012329938549933226,-0.012406265622367352
Weather,2022,block_pca_fit_b48,balanced_interval,192,-0.006010627737488252,-0.006028727806475009,-0.010445466209269628,-0.010500210535404175
Weather,2022,block_pca_fit_b48,balanced_interval,288,-0.003231589234162565,-0.0032368164478708827,-0.007045024812628928,-0.007069899379604561
Weather,2022,block_pca_fit_b48,balanced_interval,336,-0.0026832130787330195,-0.0026868161167981075,-0.006688855439454154,-0.006711275793959359
Weather,2022,block_pca_fit_b48,balanced_interval,512,-0.0032743587977585417,-0.003279725366285069,-0.008047765051135304,-0.00808023535831448
Weather,2022,block_pca_fit_b48,balanced_interval,720,-0.0032195069121253193,-0.0032246950908021432,-0.008955477430643862,-0.008995697692876892
Weather,2022,block_pca_fit_b48,dct2,48,-0.01203701811899758,-0.012109754571951958,-0.006461041756591806,-0.006481959312349517
Weather,2022,block_pca_fit_b48,dct2,96,-0.00844751469789627,-0.008483295632539356,-0.004278508070854838,-0.004287673953950577
Weather,2022,block_pca_fit_b48,dct2,144,-0.006968170744273928,-0.0069925049347965285,-0.006404859241455725,-0.006425414212874125
Weather,2022,block_pca_fit_b48,dct2,192,-0.004800042531236986,-0.004811581190018233,-0.006237990589843454,-0.006257487372308468
Weather,2022,block_pca_fit_b48,dct2,288,-0.003364764048795756,-0.0033704312217983645,-0.006015957066083003,-0.0060340892784276345
Weather,2022,block_pca_fit_b48,dct2,336,-0.003038960379214714,-0.003043582700472225,-0.0062422295683707794,-0.00626175288523112
Weather,2022,block_pca_fit_b48,dct2,512,-0.002379304979299799,-0.0023821377716388703,-0.0069751841612309025,-0.006999567417872221
Weather,2022,block_pca_fit_b48,dct2,720,-0.001516991140125866,-0.0015181423532386606,-0.005306781177405839,-0.005320887081915915
Weather,2022,block_pca_fit_b48,pca_fit,48,0.007172512816290469,0.0071468517343730165,0.008035898821697402,0.008003697300547508
Weather,2022,block_pca_fit_b48,pca_fit,96,0.004488694136256216,0.004478635005147558,0.005467029643674072,0.005452112633404171
Weather,2022,block_pca_fit_b48,pca_fit,144,0.0006276466661242384,0.0006274497371582255,0.0005592643141621098,0.0005591079550255618
Weather,2022,block_pca_fit_b48,pca_fit,192,0.0016508179211415838,0.0016494560707293049,0.0006501491755251202,0.0006499378743448636
Weather,2022,block_pca_fit_b48,pca_fit,288,-0.0007074400880107335,-0.0007076903827691883,-0.001892187823644731,-0.0018939791406826778
Weather,2022,block_pca_fit_b48,pca_fit,336,-0.0006399291772014973,-0.0006401339755606195,-0.0014354962834211007,-0.0014365271013969672
Weather,2022,block_pca_fit_b48,pca_fit,512,-0.0011735772215960122,-0.001174266132814017,-0.002670608543310987,-0.0026741777949574885
Weather,2022,block_pca_fit_b48,pca_fit,720,-0.0027911742224166654,-0.002795073175895446,-0.0038259341778310333,-0.003833262406790938
Weather,2022,block_pca_fit_b96,balanced_interval,48,-0.026563425232175572,-0.026919377796162935,-0.03070573242004516,-0.03118201579907809
Weather,2022,block_pca_fit_b96,balanced_interval,96,-0.015172837924495816,-0.015288529814019292,-0.0175629810834957,-0.017718117122064836
Weather,2022,block_pca_fit_b96,balanced_interval,144,-0.008179565260612547,-0.008213109300718946,-0.011663739957457397,-0.011732026606674495
Weather,2022,block_pca_fit_b96,balanced_interval,192,-0.005547256411078915,-0.005562670927501623,-0.009311555200410779,-0.009355042604186181
Weather,2022,block_pca_fit_b96,balanced_interval,288,-0.001974956123507033,-0.001976907633856273,-0.00640852944779615,-0.006429108008589202
Weather,2022,block_pca_fit_b96,balanced_interval,336,-0.0010077364041116829,-0.0010082443410495134,-0.005184984431094154,-0.0051984497252572925
Weather,2022,block_pca_fit_b96,balanced_interval,512,-0.0016421891900030708,-0.0016435383210793297,-0.006146454046249113,-0.006165382255505003
Weather,2022,block_pca_fit_b96,balanced_interval,720,-0.0016185941319134403,-0.0016199047624263496,-0.007323251906885937,-0.007350132493837425
Weather,2022,block_pca_fit_b96,dct2,48,-0.011503760054993832,-0.011570182761965198,-0.009460887696400824,-0.009505783367005582
Weather,2022,block_pca_fit_b96,dct2,96,-0.009229335085500532,-0.009272056728198974,-0.006375962743036444,-0.006396332462665688
Weather,2022,block_pca_fit_b96,dct2,144,-0.006032460510110362,-0.006050692442713945,-0.005738660648979939,-0.005755158305054353
Weather,2022,block_pca_fit_b96,dct2,192,-0.004336671204827716,-0.0043460881712384936,-0.005104079580984697,-0.005117127585074099
Weather,2022,block_pca_fit_b96,dct2,288,-0.0021081309381402267,-0.002110354608487963,-0.005379461701250229,-0.005393956985968007
Weather,2022,block_pca_fit_b96,dct2,336,-0.001363483704593477,-0.0013644136711166155,-0.004738358560010757,-0.004749602332926983
Weather,2022,block_pca_fit_b96,dct2,512,-0.0007471353715443981,-0.0007474145466990212,-0.00507387315634463,-0.00508676704884925
Weather,2022,block_pca_fit_b96,dct2,720,8.39216400860332e-05,8.391811876373723e-05,-0.003674555653647834,-0.0036813151100707486
Weather,2022,block_pca_fit_b96,pca_fit,48,0.007705770880294369,0.007676157541219419,0.005036052881888237,0.005023393228051343
Weather,2022,block_pca_fit_b96,pca_fit,96,0.0037068737486519085,0.0037000117736012417,0.0033695749714926855,0.0033639043247596367
Weather,2022,block_pca_fit_b96,pca_fit,144,0.001563356900287682,0.0015621354944694854,0.0012254629066379076,0.001224712333601219
Weather,2022,block_pca_fit_b96,pca_fit,192,0.002114189247550871,0.0021119559236306706,0.0017840601843839665,0.0017824696949967356
Weather,2022,block_pca_fit_b96,pca_fit,288,0.0005491930226447359,0.0005490422437601783,-0.0012556924588118825,-0.0012564811706794465
Weather,2022,block_pca_fit_b96,pca_fit,336,0.0010355474974197063,0.0010350115031417806,6.837472493902918e-05,6.83723874408404e-05
Weather,2022,block_pca_fit_b96,pca_fit,512,0.00045859238615933613,0.00045848724874342217,-0.0007692975384247798,-0.0007695935236715634
Weather,2022,block_pca_fit_b96,pca_fit,720,-0.0011902614422047814,-0.0011909700844838778,-0.0021937086540730205,-0.002196116593353059
Weather,2022,block_pca_fit_b144,balanced_interval,48,-0.0361421823151146,-0.0368032510980707,-0.03727903345474703,-0.03798261230770361
Weather,2022,block_pca_fit_b144,balanced_interval,96,-0.018578753544785147,-0.01875241237417824,-0.019073751485830848,-0.019256817550201255
Weather,2022,block_pca_fit_b144,balanced_interval,144,-0.010914579983919894,-0.010974361310087666,-0.012944445582178044,-0.01302858758310843
Weather,2022,block_pca_fit_b144,balanced_interval,192,-0.007743187342272894,-0.007773243343714986,-0.010367663318247459,-0.010421593755991942
Weather,2022,block_pca_fit_b144,balanced_interval,288,-0.003551451753227443,-0.0035577656302692162,-0.006012070691322571,-0.006030179460532414
Weather,2022,block_pca_fit_b144,balanced_interval,336,-0.002247516578756187,-0.002250044137364071,-0.004609185893857296,-0.004619824530029959
Weather,2022,block_pca_fit_b144,balanced_interval,512,-0.0016257864194954813,-0.0016271087267356599,-0.0050134215628491515,-0.005026009788634989
Weather,2022,block_pca_fit_b144,balanced_interval,720,-0.0015109288590363112,-0.001512070887146777,-0.006237934848181411,-0.006257431281845305
Weather,2022,block_pca_fit_b144,dct2,48,-0.02108251713793285,-0.021306323435309693,-0.01603418873110268,-0.016163426150353377
Weather,2022,block_pca_fit_b144,dct2,96,-0.012635250705789941,-0.012715412752714483,-0.007886733145371576,-0.007917915346553173
Weather,2022,block_pca_fit_b144,dct2,144,-0.008767475233417752,-0.008806022114990375,-0.007019366273700468,-0.007044059768892552
Weather,2022,block_pca_fit_b144,dct2,192,-0.006532602136021654,-0.006553986120349409,-0.006160187698821311,-0.006179200676183383
Weather,2022,block_pca_fit_b144,dct2,288,-0.0036846265678606807,-0.003691423149390749,-0.004983002944776774,-0.004995438751257186
Weather,2022,block_pca_fit_b144,dct2,336,-0.0026032638792379604,-0.0026066553129442394,-0.00416256002277399,-0.004171235508979576
Weather,2022,block_pca_fit_b144,dct2,512,-0.0007307326010366461,-0.0007309996511470906,-0.003940840672944694,-0.003948615995964078
Weather,2022,block_pca_fit_b144,dct2,720,0.00019158691296304142,0.00019156856136237632,-0.0025892385949434446,-0.002592593568178092
Weather,2022,block_pca_fit_b144,pca_fit,48,-0.0018729862026448003,-0.0018747413369122334,-0.0015372481528135714,-0.0015384303244414532
Weather,2022,block_pca_fit_b144,pca_fit,96,0.00030095812836263783,0.00030091284500799453,0.0018588045691573997,0.0018570780618564209
Weather,2022,block_pca_fit_b144,pca_fit,144,-0.0011716578230196318,-0.001172344482197163,-5.524271808262277e-05,-5.524424398961614e-05
Weather,2022,block_pca_fit_b144,pca_fit,192,-8.174168364300438e-05,-8.174502458535571e-05,0.0007279520665472405,0.0007276871737219581
Weather,2022,block_pca_fit_b144,pca_fit,288,-0.0010273026070755846,-0.0010278304631392565,-0.0008592337023384404,-0.0008596029493650459
Weather,2022,block_pca_fit_b144,pca_fit,336,-0.00020423267722472817,-0.00020425353413777714,0.0006441732621757054,0.0006439658271236715
Weather,2022,block_pca_fit_b144,pca_fit,512,0.0004749951566670673,0.0004748823643269118,0.000363734944975104,0.0003636688014397871
Weather,2022,block_pca_fit_b144,pca_fit,720,-0.0010825961693277176,-0.001083182388087689,-0.0011083915953685722,-0.001109006088344966
Weather,2023,block_dct2_b16,balanced_interval,48,0.0018014512703801312,0.001799829630954708,0.006541797554332778,0.006520446579999062
Weather,2023,block_dct2_b16,balanced_interval,96,-0.0005811736303478164,-0.0005813425444634035,0.004479132771218922,0.004469116416469188
Weather,2023,block_dct2_b16,balanced_interval,144,0.0013394395721359842,0.0013385429233325752,0.003689955058030931,0.003683155539742522
Weather,2023,block_dct2_b16,balanced_interval,192,0.0017078218496785142,0.0017063643517770677,0.0031602468615247576,0.003155258537573813
Weather,2023,block_dct2_b16,balanced_interval,288,0.003081260627513509,0.0030765184158998427,0.0033402809976979067,0.0033347084654606896
Weather,2023,block_dct2_b16,balanced_interval,336,0.0028002451815331343,0.0027963281520620997,0.0035727343271196852,0.0035663597057028484
Weather,2023,block_dct2_b16,balanced_interval,512,0.0013692407454105337,0.001368303763001344,0.0012277653146178973,0.0012270119191465367
Weather,2023,block_dct2_b16,balanced_interval,720,-0.0003336367723353469,-0.00033369243527348047,-0.0005622373535034735,-0.0005623954385500785
Weather,2023,block_dct2_b16,dct2,48,-0.009592927477884846,-0.009639087090551834,0.007726669532604197,0.007696895555482697
Weather,2023,block_dct2_b16,dct2,96,-0.01001543075064437,-0.010065753036685887,0.0006504881124348305,0.0006502765909092156
Weather,2023,block_dct2_b16,dct2,144,-0.007533401880923923,-0.007561849343394211,-0.0031920218358208055,-0.0031971217624362502
Weather,2023,block_dct2_b16,dct2,192,-0.006203150603733732,-0.0062224299861286525,-0.004673392104679662,-0.004684329433065626
Weather,2023,block_dct2_b16,dct2,288,-0.0036794134031515537,-0.003686190754323526,-0.005464456233533111,-0.005479413606723327
Weather,2023,block_dct2_b16,dct2,336,-0.003442644905987884,-0.003448577614077797,-0.005388170837119529,-0.005402713136670734
Weather,2023,block_dct2_b16,dct2,512,-0.0036303291203006825,-0.003636926746497071,-0.007010768568483415,-0.007035401538146413
Weather,2023,block_dct2_b16,dct2,720,-0.0016382474237572864,-0.0016395900841712496,-0.004629345109856274,-0.004640077082206595
Weather,2023,block_dct2_b16,pca_fit,48,0.023850258202213762,0.02356808851877723,0.022698172264898297,0.022442506785869676
Weather,2023,block_dct2_b16,pca_fit,96,0.009590479770746481,0.009544637785555032,0.012268772279245988,0.012193817739162949
Weather,2023,block_dct2_b16,pca_fit,144,0.00397919929195439,0.003971292769138435,0.004749929296572057,0.00473866622240271
Weather,2023,block_dct2_b16,pca_fit,192,0.003013659763353682,0.003009123249083423,0.0033888490207903523,0.0033831133528809954
Weather,2023,block_dct2_b16,pca_fit,288,0.0006226258880202198,0.0006224320967439523,-0.0004898611520343168,-0.0004899811536023257
Weather,2023,block_dct2_b16,pca_fit,336,0.0005619882401408016,0.0005618303543277747,0.0005644856941524537,0.0005643264020771532
Weather,2023,block_dct2_b16,pca_fit,512,-0.00028695089965329924,-0.00028699207400095794,-0.0006141428024096923,-0.0006143314267126332
Weather,2023,block_dct2_b16,pca_fit,720,-0.00167500436422057,-0.0016764079676019339,-0.0016797971326054796,-0.0016812087821265198
Weather,2023,block_dct2_b32,balanced_interval,48,0.0003881470939575467,0.00038807177461963605,0.006808441170726763,0.006785316246464279
Weather,2023,block_dct2_b32,balanced_interval,96,-0.0011461906731814269,-0.0011468478007516936,0.003346024133792472,0.0033404324334339597
Weather,2023,block_dct2_b32,balanced_interval,144,-0.0005619113141408836,-0.0005620692158776475,0.0033105664176471226,0.0033050925348612203
Weather,2023,block_dct2_b32,balanced_interval,192,-0.0006031552544266861,-0.0006033371891336348,0.00392504716289364,0.003917354233606174
Weather,2023,block_dct2_b32,balanced_interval,288,-0.0007696736924845945,-0.0007699699672878424,0.002070797389429643,0.0020686547677493117
Weather,2023,block_dct2_b32,balanced_interval,336,-0.00039931881623763804,-0.0003993985546093537,0.003000481852481868,0.002995984905601823
Weather,2023,block_dct2_b32,balanced_interval,512,-0.002383001824956396,-0.002385843430540824,0.0004597552433657927,0.0004596495721188587
Weather,2023,block_dct2_b32,balanced_interval,720,-0.003404498580751945,-0.0034103004683494476,-0.00036978841362905767,-0.0003698567937928665
Weather,2023,block_dct2_b32,dct2,48,-0.011006231654307507,-0.011067023045257196,0.00799331314899819,0.007961451571156908
Weather,2023,block_dct2_b32,dct2,96,-0.01058044779347806,-0.010636618660750496,-0.0004826205249916242,-0.00048273700501488825
Weather,2023,block_dct2_b32,dct2,144,-0.00943475276720069,-0.009479400349590827,-0.00357141047620462,-0.0035777955615901025
Weather,2023,block_dct2_b32,dct2,192,-0.008514127707838968,-0.008550475977856076,-0.003908591803310745,-0.003916240309970176
Weather,2023,block_dct2_b32,dct2,288,-0.007530347723149798,-0.007558772095238364,-0.006733939841801198,-0.006756663793302309
Weather,2023,block_dct2_b32,dct2,336,-0.00664220890375869,-0.006664317295732136,-0.005960423311757301,-0.005978221979745291
Weather,2023,block_dct2_b32,dct2,512,-0.0073825716906676655,-0.0074098900582748595,-0.007778778639735547,-0.007809111939294899
Weather,2023,block_dct2_b32,dct2,720,-0.004709109232173836,-0.004720214512203391,-0.004436896169981903,-0.004446753767446854
Weather,2023,block_dct2_b32,pca_fit,48,0.02243695402579095,0.022187117584159588,0.022964815881292358,0.022703131502590734
Weather,2023,block_dct2_b32,pca_fit,96,0.009025462727912676,0.008984855497363498,0.011135663641819433,0.011073891642799372
Weather,2023,block_dct2_b32,pca_fit,144,0.0020778484056774753,0.0020756911730718253,0.004370540656188466,0.004361003742256897
Weather,2023,block_dct2_b32,pca_fit,192,0.0007026826592483838,0.0007024358356048088,0.004153649322159149,0.004145034852103269
Weather,2023,block_dct2_b32,pca_fit,288,-0.00322830843197807,-0.0032335250317312436,-0.0017593447603024347,-0.0017608933153094863
Weather,2023,block_dct2_b32,pca_fit,336,-0.0026375757576301115,-0.0026410572207700156,-7.766780485351236e-06,-7.766810646847588e-06
Weather,2023,block_dct2_b32,pca_fit,512,-0.004039193470020251,-0.004047362006361022,-0.0013821528736617432,-0.0013831084871620547
Weather,2023,block_dct2_b32,pca_fit,720,-0.004745866172637141,-0.00475714563204388,-0.0014873481927310586,-0.001488454843644682
Weather,2023,block_dct2_b48,balanced_interval,48,0.017681417895045286,0.01752601886531302,0.010535639864949145,0.010480334407798386
Weather,2023,block_dct2_b48,balanced_interval,96,0.005427395119200021,0.005412693419646009,0.007016403514700631,0.00699184602421421
Weather,2023,block_dct2_b48,balanced_interval,144,0.005485524220870338,0.005470506205991321,0.007634263402324001,0.007605196428820515
Weather,2023,block_dct2_b48,balanced_interval,192,0.004023308064074479,0.004015225403496414,0.005457073987077677,0.0054422112068813755
Weather,2023,block_dct2_b48,balanced_interval,288,0.002655210187444205,0.002651688234738936,0.0044944441619450565,0.004484359262112769
Weather,2023,block_dct2_b48,balanced_interval,336,0.0019257597935192483,0.001923906707851586,0.0036977542836846475,0.003690926009333184
Weather,2023,block_dct2_b48,balanced_interval,512,0.0002744849406554865,0.0002744472731106562,0.0017844899589695457,0.0017828987034299582
Weather,2023,block_dct2_b48,balanced_interval,720,-0.0028477718594150307,-0.002851830613584072,-0.00041988762400570065,-0.00041997578915342615
Weather,2023,block_dct2_b48,dct2,48,0.006287039146780352,0.006267317068967326,0.011720511843220493,0.011652094201746288
Weather,2023,block_dct2_b48,dct2,96,-0.004006862001096687,-0.0040149002050502425,0.003187758855916739,0.0031826833472532456
Weather,2023,block_dct2_b48,dct2,144,-0.0033873172321896173,-0.0033930606743279856,0.0007522865084722813,0.0007520036119210705
Weather,2023,block_dct2_b48,dct2,192,-0.0038876643893378552,-0.0038952311590494393,-0.002376564979126611,-0.002379391248170437
Weather,2023,block_dct2_b48,dct2,288,-0.004105463843220868,-0.00411390280456958,-0.004310293069285782,-0.00431959574340568
Weather,2023,block_dct2_b48,dct2,336,-0.004317130294001773,-0.004326462525643393,-0.005263150880554569,-0.005277025590033624
Weather,2023,block_dct2_b48,dct2,512,-0.004725084925055706,-0.004736265741997148,-0.006454043924131675,-0.006474916144867615
Weather,2023,block_dct2_b48,dct2,720,-0.004152382510836924,-0.0041610155962501505,-0.00448699538035845,-0.004497077017243001
Weather,2023,block_dct2_b48,pca_fit,48,0.03973022482687887,0.038951328744776026,0.026692014575514667,0.0263389312316743
Weather,2023,block_dct2_b48,pca_fit,96,0.015599048520294206,0.015478013523764322,0.014806043022727793,0.014696972532043828
Weather,2023,block_dct2_b48,pca_fit,144,0.008125283940688576,0.008092363045344997,0.008694237640865198,0.008656552051693023
Weather,2023,block_dct2_b48,pca_fit,192,0.005329145977749443,0.0053149712701968665,0.005685676146343369,0.0056695432796226575
Weather,2023,block_dct2_b48,pca_fit,288,0.00019657544795087168,0.0001965561282634143,0.0006643020122130671,0.0006640814124823091
Weather,2023,block_dct2_b48,pca_fit,336,-0.00031249714787317775,-0.0003125459801933683,0.0006895056507172627,0.0006892679963205195
Weather,2023,block_dct2_b48,pca_fit,512,-0.0013817067044082517,-0.001382661700907839,-5.741815805795117e-05,-5.7419806511971316e-05
Weather,2023,block_dct2_b48,pca_fit,720,-0.004189139451300255,-0.004197926161271459,-0.0015374474031076685,-0.0015386298812880561
Weather,2023,block_dct2_b96,balanced_interval,48,0.022282371066151174,0.022035952691364602,0.01999452621427612,0.019795961281055652
Weather,2023,block_dct2_b96,balanced_interval,96,0.009614371360990333,0.009568301056546158,0.016049784137790263,0.01592167265527966
Weather,2023,block_dct2_b96,balanced_interval,144,0.008724210013861243,0.008686264522003273,0.016587593309072952,0.016450776713725412
Weather,2023,block_dct2_b96,balanced_interval,192,0.0074704791286560185,0.007442644455360581,0.014428075291200371,0.01432448939301556
Weather,2023,block_dct2_b96,balanced_interval,288,0.005347930745203324,0.005333656021656474,0.009691507838912582,0.009644696522948748
Weather,2023,block_dct2_b96,balanced_interval,336,0.004248734515514826,0.004239721412302333,0.008596662848563072,0.008559817201294728
Weather,2023,block_dct2_b96,balanced_interval,512,0.0028134293153956585,0.002809475332092637,0.006178260234531356,0.006159214029092919
Weather,2023,block_dct2_b96,balanced_interval,720,-1.5193532893051162e-05,-1.5193648315259267e-05,0.0035464672091367554,0.003540185921957706
Weather,2023,block_dct2_b96,dct2,48,0.010887992317886295,0.010828932670866154,0.021179398192547577,0.02095668978638443
Weather,2023,block_dct2_b96,dct2,96,0.00018011424069355853,0.00018009802109753004,0.012221139479006243,0.012146764643981345
Weather,2023,block_dct2_b96,dct2,144,-0.00014863143919871503,-0.00014864248539825375,0.009705616415221247,0.00965866892775491
Weather,2023,block_dct2_b96,dct2,192,-0.00044049332475625593,-0.0004405903561874869,0.0065944363249962135,0.006572740746007888
Weather,2023,block_dct2_b96,dct2,288,-0.0014127432854618598,-0.0014137416773589706,0.000886770607681662,0.0008863775428210596
Weather,2023,block_dct2_b96,dct2,336,-0.0019941555720062796,-0.0019961452225667475,-0.00036424231567600533,-0.0003643086599631751
Weather,2023,block_dct2_b96,dct2,512,-0.0021861405503155198,-0.0021885318978580592,-0.0020602736485699127,-0.002062397470624422
Weather,2023,block_dct2_b96,dct2,720,-0.0013198041843149135,-0.001320675509141278,-0.000520640547216107,-0.0005207761040302294
Weather,2023,block_dct2_b96,pca_fit,48,0.044331177997984875,0.04336291214973309,0.03615090092484182,0.03550526064690063
Weather,2023,block_dct2_b96,pca_fit,96,0.019786024762084315,0.019591566007923333,0.023839423645817252,0.023557509254854225
Weather,2023,block_dct2_b96,pca_fit,144,0.01136396973367956,0.0112996437264683,0.017647567547614203,0.017492761216821306
Weather,2023,block_dct2_b96,pca_fit,192,0.008776317042331075,0.008737917589284772,0.014656677450466057,0.014549791189855887
Weather,2023,block_dct2_b96,pca_fit,288,0.0028892960057098223,0.0028851260070924534,0.005861365689180367,0.005844221397984017
Weather,2023,block_dct2_b96,pca_fit,336,0.0020104775741224107,0.002008457917802353,0.00558841421559601,0.005572828076323644
Weather,2023,block_dct2_b96,pca_fit,512,0.0011572376703318302,0.0011565683290395423,0.0043363521175037835,0.004326963718031429
Weather,2023,block_dct2_b96,pca_fit,720,-0.0013565611247782665,-0.0013574816700325787,0.0024289074300346512,0.0024259600211934407
Weather,2023,block_dct2_b144,balanced_interval,48,0.01130498073763595,0.011241319564838759,0.006970130712847689,0.006945895691549797
Weather,2023,block_dct2_b144,balanced_interval,96,0.005395333340204762,0.0053808046700286605,0.006443746293725911,0.00642302988156207
Weather,2023,block_dct2_b144,balanced_interval,144,0.004867376244584426,0.0048555497645875745,0.00988391636121575,0.009835230992630173
Weather,2023,block_dct2_b144,balanced_interval,192,0.003508876739857136,0.003502727825898888,0.006309378573131938,0.006289516239091575
Weather,2023,block_dct2_b144,balanced_interval,288,0.003217472717711648,0.0032123021991876666,0.005668147354249311,0.005652113715014839
Weather,2023,block_dct2_b144,balanced_interval,336,0.0020091894511113347,0.0020071723811041497,0.004108815882808209,0.0041003862480532005
Weather,2023,block_dct2_b144,balanced_interval,512,0.0010791758702885631,0.0010785937694243186,0.0031921267530044023,0.0031870373331986945
Weather,2023,block_dct2_b144,balanced_interval,720,-0.0009578554305377295,-0.0009583143205555977,8.833192912266148e-05,8.83280279726506e-05
Weather,2023,block_dct2_b144,dct2,48,-8.939801062902376e-05,-8.940200675033871e-05,0.00815500269111896,0.008121840862833518
Weather,2023,block_dct2_b144,dct2,96,-0.0040389237800918555,-0.0040470912249364055,0.0026151016349418967,0.002611685235387573
Weather,2023,block_dct2_b144,dct2,144,-0.004005465208475559,-0.004013497805425592,0.003001939467364068,0.0029974381524326965
Weather,2023,block_dct2_b144,dct2,192,-0.0044020957135551255,-0.004411799170180863,-0.00152426039307242,-0.0015254226684071615
Weather,2023,block_dct2_b144,dct2,288,-0.003543201312953582,-0.003549485871018332,-0.003136589876981689,-0.003141514122109612
Weather,2023,block_dct2_b144,dct2,336,-0.004233700636409686,-0.004242675407978069,-0.004852089281430918,-0.004863879728349119
Weather,2023,block_dct2_b144,dct2,512,-0.00392039399542266,-0.003928088792221285,-0.005046407130096919,-0.005059161688430791
Weather,2023,block_dct2_b144,dct2,720,-0.0022624660819595822,-0.002265027389605212,-0.003978775827230151,-0.0039867016639947295
Weather,2023,block_dct2_b144,pca_fit,48,0.0333537876694696,0.03280368307889925,0.02312650542341314,0.022861137411478438
Weather,2023,block_dct2_b144,pca_fit,96,0.015566986741298828,0.015446447491389015,0.014233385801753004,0.014132570049361415
Weather,2023,block_dct2_b144,pca_fit,144,0.007507135964402831,0.007479027800458837,0.010943890599757191,0.010884224088644312
Weather,2023,block_dct2_b144,pca_fit,192,0.004814714653532216,0.004803142494598456,0.006537980732397608,0.006516654638210828
Weather,2023,block_dct2_b144,pca_fit,288,0.0007588379782181744,0.000758550133493352,0.0018380052045172011,0.0018363171073534357
Weather,2023,block_dct2_b144,pca_fit,336,-0.00022906749028112126,-0.0002290937282420913,0.0011005672498409405,0.0010999618478207962
Weather,2023,block_dct2_b144,pca_fit,512,-0.0005770157747752911,-0.0005771822804014892,0.0013502186359769111,0.0013493075009177735
Weather,2023,block_dct2_b144,pca_fit,720,-0.0022992230224229532,-0.0023018682626203546,-0.0010292278499793098,-0.001029757686721533
Weather,2023,block_pca_fit_b16,balanced_interval,48,-0.019792425035503644,-0.019989593747194112,-0.02246771032796564,-0.02272201027298948
Weather,2023,block_pca_fit_b16,balanced_interval,96,-0.009049235425390092,-0.009090303541158251,-0.01186934231155638,-0.011940062478661861
Weather,2023,block_pca_fit_b16,balanced_interval,144,-0.003345290138060808,-0.0033508918658411435,-0.0071923860712748795,-0.007218313402491683
Weather,2023,block_pca_fit_b16,balanced_interval,192,-0.0001865715003243718,-0.00018658890586920052,-0.0024771545375294364,-0.0024802252198254937
Weather,2023,block_pca_fit_b16,balanced_interval,288,0.002530956342112768,0.0025277561725091102,0.0006605654480575405,0.0006603473227332346
Weather,2023,block_pca_fit_b16,balanced_interval,336,0.0031293193188810836,0.003124428102570742,0.0019988152469699086,0.001996818946074508
Weather,2023,block_pca_fit_b16,balanced_interval,512,0.001438756682778363,0.001437722168579847,-0.00027308728141047216,-0.0002731245731366627
Weather,2023,block_pca_fit_b16,balanced_interval,720,-0.0008706198064373456,-0.0008709989058701684,-0.002341084830790241,-0.002343827309590374
Weather,2023,block_pca_fit_b16,dct2,48,-0.031186803783768546,-0.031678207279852266,-0.02128283834969422,-0.021510933248758413
Weather,2023,block_pca_fit_b16,dct2,96,-0.01848349254568671,-0.018655369623809426,-0.015697986970340427,-0.015821847640125286
Weather,2023,block_pca_fit_b16,dct2,144,-0.012218131591120665,-0.01229307788443168,-0.014074362965126609,-0.014173873110805424
Weather,2023,block_pca_fit_b16,dct2,192,-0.008097543953736644,-0.008130417735166207,-0.010310793503733732,-0.010364132901284018
Weather,2023,block_pca_fit_b16,dct2,288,-0.004229717688552488,-0.004238675569731454,-0.008144171783173322,-0.008177425764267054
Weather,2023,block_pca_fit_b16,dct2,336,-0.0031135707686399494,-0.003118422964683898,-0.006962089917269247,-0.006986381606196579
Weather,2023,block_pca_fit_b16,dct2,512,-0.003560813182932933,-0.0035671604097216036,-0.008511621164511677,-0.008547948005558581
Weather,2023,block_pca_fit_b16,dct2,720,-0.0021752304578592984,-0.002177597987961688,-0.006408192587143123,-0.006428768982279731
Weather,2023,block_pca_fit_b16,pca_fit,48,0.0022563818963299404,0.0022538381802569285,-0.006311335617399976,-0.006331294062092541
Weather,2023,block_pca_fit_b16,pca_fit,96,0.0011224179757041227,0.0011217883002564433,-0.0040797028035293075,-0.00408803611964248
Weather,2023,block_pca_fit_b16,pca_fit,144,-0.0007055304182424109,-0.0007057793633706844,-0.006132411832733628,-0.006151253565574555
Weather,2023,block_pca_fit_b16,pca_fit,192,0.0011192664133506895,0.001118640268328197,-0.0022485523782637767,-0.0022510822680037457
Weather,2023,block_pca_fit_b16,pca_fit,288,7.232160261912551e-05,7.231898747506182e-05,-0.0031695767016745396,-0.0031746051211587467
Weather,2023,block_pca_fit_b16,pca_fit,336,0.0008910623774886089,0.0008906654992981711,-0.0010094333859973468,-0.0010099430353489591
Weather,2023,block_pca_fit_b16,pca_fit,512,-0.00021743496228559408,-0.00021745860298039155,-0.0021149953984379993,-0.0021172335788413044
Weather,2023,block_pca_fit_b16,pca_fit,720,-0.0022119873983226057,-0.0022144356472801885,-0.0034586446098922702,-0.0034646326226401847
Weather,2023,block_pca_fit_b32,balanced_interval,48,-0.0015923502719014822,-0.0015936187347853625,-0.010493084277315289,-0.010548329748852447
Weather,2023,block_pca_fit_b32,balanced_interval,96,-0.002330788570605979,-0.002333506969880883,-0.003922542608043653,-0.003930245847100888
Weather,2023,block_pca_fit_b32,balanced_interval,144,0.002049554881906689,0.002047455978483881,-0.0007175677153586996,-0.0007178252286625941
Weather,2023,block_pca_fit_b32,balanced_interval,192,0.0038841862177760936,0.00387665252373548,0.0017286817617748237,0.0017271884520677627
Weather,2023,block_pca_fit_b32,balanced_interval,288,0.003938567387176413,0.0039308214033413336,0.002358004390086258,0.0023552264816035784
Weather,2023,block_pca_fit_b32,balanced_interval,336,0.00486553733379794,0.004853719781041321,0.0041341613555840005,0.004125627474724225
Weather,2023,block_pca_fit_b32,balanced_interval,512,0.0029761724073401087,0.002971747996599161,0.0018597405429688703,0.00185801229705429
Weather,2023,block_pca_fit_b32,balanced_interval,720,0.0006168725579419326,0.0006166823311828384,0.00015048383223084064,0.00015047251010691376
Weather,2023,block_pca_fit_b32,dct2,48,-0.012986729020166407,-0.013071422820176037,-0.009308212299043885,-0.009351668435474414
Weather,2023,block_pca_fit_b32,dct2,96,-0.011765045690902629,-0.011834526053483119,-0.007751187266827642,-0.007781305485878409
Weather,2023,block_pca_fit_b32,dct2,144,-0.006823286571153209,-0.006846618226973078,-0.007599544609210491,-0.007628494437047273
Weather,2023,block_pca_fit_b32,dct2,192,-0.0040267862356362484,-0.004034904632688852,-0.006104957204429466,-0.006123630436083438
Weather,2023,block_pca_fit_b32,dct2,288,-0.002822106643488708,-0.0028260925350973576,-0.006446732841144572,-0.006467557750130304
Weather,2023,block_pca_fit_b32,dct2,336,-0.0013773527537230916,-0.0013783017396733488,-0.004826743808655232,-0.004838411300998269
Weather,2023,block_pca_fit_b32,dct2,512,-0.0020233974583710977,-0.0020254459083848264,-0.006378793340132432,-0.006399181169233437
Weather,2023,block_pca_fit_b32,dct2,720,-0.0006877380934800859,-0.000687974639546729,-0.003916623924121991,-0.003924303918880545
Weather,2023,block_pca_fit_b32,pca_fit,48,0.020456456659932162,0.020248642807755846,0.005663290433250358,0.005647284234157501
Weather,2023,block_pca_fit_b32,pca_fit,96,0.007840864830488096,0.007810205434235051,0.003867096899983389,0.003859629309832635
Weather,2023,block_pca_fit_b32,pca_fit,144,0.004689314601725177,0.004678336931960625,0.00034240652318246546,0.0003423479087590886
Weather,2023,block_pca_fit_b32,pca_fit,192,0.0051900241314511006,0.005176579226059519,0.0019572839210403813,0.0019553696899681228
Weather,2023,block_pca_fit_b32,pca_fit,288,0.0014799326476828763,0.0014788380873871354,-0.0014721377596458056,-0.0014732218863668933
Weather,2023,block_pca_fit_b32,pca_fit,336,0.0026272803924054997,0.0026238321118030594,0.0011259127226167036,0.0011252791207030377
Weather,2023,block_pca_fit_b32,pca_fit,512,0.001319980762276377,0.001319109970854715,1.783242594138367e-05,1.7832266944628472e-05
Weather,2023,block_pca_fit_b32,pca_fit,720,-0.0007244950339433197,-0.0007247575438622533,-0.0009670759468710713,-0.0009675437155918232
Weather,2023,block_pca_fit_b48,balanced_interval,48,-0.016031773405714034,-0.01616097178799536,-0.014432217537570855,-0.014536864813798234
Weather,2023,block_pca_fit_b48,balanced_interval,96,-0.007157802069926959,-0.007183480365319683,-0.0062255731755569525,-0.006244992333787058
Weather,2023,block_pca_fit_b48,balanced_interval,144,-0.0024699475610112484,-0.002473000394417113,-0.003965146556807956,-0.00397301815098583
Weather,2023,block_pca_fit_b48,balanced_interval,192,0.00037669798163410647,0.00037662703985752444,-0.0009630891322013106,-0.0009635530514595647
Weather,2023,block_pca_fit_b48,balanced_interval,288,0.0018027061787433307,0.001801082279910604,0.0011571906583690054,0.0011565213714481715
Weather,2023,block_pca_fit_b48,balanced_interval,336,0.002071933661573106,0.0020697886886936745,0.0015807177229889568,0.001579469046750659
Weather,2023,block_pca_fit_b48,balanced_interval,512,0.0009192502335993706,0.0009188278525379401,-0.0003979567272748687,-0.00039803592255838183
Weather,2023,block_pca_fit_b48,balanced_interval,720,-0.0013213104921773267,-0.0013221838074835013,-0.002316617709356486,-0.002319303141468332
Weather,2023,block_pca_fit_b48,dct2,48,-0.02742615215397905,-0.027805711066721805,-0.013247345559299468,-0.013335480395677113
Weather,2023,block_pca_fit_b48,dct2,96,-0.01659205919022352,-0.01673047186176113,-0.010054217834340977,-0.010104931301388342
Weather,2023,block_pca_fit_b48,dct2,144,-0.011342789014071071,-0.01140736236171569,-0.010847123450659699,-0.010906166784567795
Weather,2023,block_pca_fit_b48,dct2,192,-0.007534274471778039,-0.007562728533032637,-0.008796728098405605,-0.008835533012991226
Weather,2023,block_pca_fit_b48,dct2,288,-0.004957967851921715,-0.004970278912069803,-0.0076475465728618915,-0.007676863744312756
Weather,2023,block_pca_fit_b48,dct2,336,-0.004170956425948005,-0.004179666970925533,-0.007380187441250223,-0.007407488144694829
Weather,2023,block_pca_fit_b48,dct2,512,-0.004080319632111706,-0.004088655470033453,-0.00863649061037607,-0.008673892692111718
Weather,2023,block_pca_fit_b48,dct2,720,-0.0026259211435992196,-0.0026293718943308786,-0.006383725465709332,-0.0064041448686162905
Weather,2023,block_pca_fit_b48,pca_fit,48,0.006017033526119563,0.005998967432816915,0.0017241571729947522,0.0017226716678868659
Weather,2023,block_pca_fit_b48,pca_fit,96,0.003013851331167139,0.0030093142404274964,0.0015640663324701216,0.001562843818171511
Weather,2023,block_pca_fit_b48,pca_fit,144,0.00016981215880712504,0.00016979774153857985,-0.002905172318266733,-0.002909396420957666
Weather,2023,block_pca_fit_b48,pca_fit,192,0.0016825358953091558,0.0016811212253119434,-0.0007344869729358059,-0.00073475677454371
Weather,2023,block_pca_fit_b48,pca_fit,288,-0.0006559285607501477,-0.0006561437289309691,-0.002672951491363109,-0.0026765270112214523
Weather,2023,block_pca_fit_b48,pca_fit,336,-0.00016632327981941957,-0.00016633711230307213,-0.0014275309099783392,-0.0014285503172486447
Weather,2023,block_pca_fit_b48,pca_fit,512,-0.0007369414114643162,-0.0007372130195020254,-0.002239864844302313,-0.002242375215510295
Weather,2023,block_pca_fit_b48,pca_fit,720,-0.0026626780840625745,-0.002666226159781182,-0.0034341774884584595,-0.0034400810319739072
Weather,2023,block_pca_fit_b96,balanced_interval,48,-0.014992324297496726,-0.015105272939731185,-0.016267956142907585,-0.016400999811863493
Weather,2023,block_pca_fit_b96,balanced_interval,96,-0.0071208800456272455,-0.007146293798889314,-0.007377544859543142,-0.007404825991612629
Weather,2023,block_pca_fit_b96,balanced_interval,144,-0.0016250266185047011,-0.0016263476897551143,-0.0024920899358644557,-0.0024951977731224595
Weather,2023,block_pca_fit_b96,balanced_interval,192,0.0002734323091989462,0.0002733949299920102,-0.0004917243217572497,-0.0004918452379798488
Weather,2023,block_pca_fit_b96,balanced_interval,288,0.002645051217404717,0.0026415561516551778,0.0016064018689092188,0.0016051122960435427
Weather,2023,block_pca_fit_b96,balanced_interval,336,0.003087385987965323,0.0030826249128651506,0.0023878111527195116,0.002384962599389251
Weather,2023,block_pca_fit_b96,balanced_interval,512,0.0021460818061975603,0.0021437806191110242,0.000857254269656553,0.000856886932189882
Weather,2023,block_pca_fit_b96,balanced_interval,720,-0.00010002000761702681,-0.00010002500978467666,-0.0011091142549289929,-0.0011097295496005355
Weather,2023,block_pca_fit_b96,dct2,48,-0.026386703045761725,-0.02673791439322515,-0.015083084164636138,-0.015197407940452656
Weather,2023,block_pca_fit_b96,dct2,96,-0.016555137165923883,-0.016692932807586214,-0.011206189518327202,-0.011269214061734312
Weather,2023,block_pca_fit_b96,dct2,144,-0.010497868071564624,-0.010553164015703942,-0.009374066829716253,-0.009418141004618574
Weather,2023,block_pca_fit_b96,dct2,192,-0.00763754014421345,-0.007666780548123642,-0.008325363287961591,-0.008360115499548959
Weather,2023,block_pca_fit_b96,dct2,288,-0.004115622813260474,-0.00412410361943949,-0.007198335362321575,-0.007224305655210594
Weather,2023,block_pca_fit_b96,dct2,336,-0.0031555040995556605,-0.0031604879434179445,-0.006573094011519499,-0.006594744204217351
Weather,2023,block_pca_fit_b96,dct2,512,-0.002853488059513539,-0.0028575631317011574,-0.007381279613444704,-0.007408588407742611
Weather,2023,block_pca_fit_b96,dct2,720,-0.0014046306590389602,-0.0014056176147316801,-0.005176222011281845,-0.005189641793035493
Weather,2023,block_pca_fit_b96,pca_fit,48,0.007056482634336727,0.007031644119275371,-0.00011158143234197753,-0.00011158765778152002
Weather,2023,block_pca_fit_b96,pca_fit,96,0.003050773355466926,0.0030461244751953664,0.0004120946484838286,0.0004120097491467911
Weather,2023,block_pca_fit_b96,pca_fit,144,0.0010147331013137964,0.0010142184337784688,-0.0014321156973231873,-0.001433141664717974
Weather,2023,block_pca_fit_b96,pca_fit,192,0.0015792702228739084,0.0015780238318712225,-0.0002631221624916341,-0.0002631567821642644
Weather,2023,block_pca_fit_b96,pca_fit,288,0.0001864164779111686,0.0001863991034392054,-0.0022237402808228013,-0.002226214625000722
Weather,2023,block_pca_fit_b96,pca_fit,336,0.0008491290465728508,0.0008487686385222348,-0.000620437480247642,-0.0006206299913926738
Weather,2023,block_pca_fit_b96,pca_fit,512,0.0004898901611339287,0.0004897701845415492,-0.0009846538473708925,-0.0009851387781203425
Weather,2023,block_pca_fit_b96,pca_fit,720,-0.0014413875995023242,-0.0014424268978923127,-0.0022266740340309904,-0.0022291549136863598
Weather,2023,block_pca_fit_b144,balanced_interval,48,-0.02267341306635643,-0.02293240863013235,-0.02352155302082164,-0.02380036649945305
Weather,2023,block_pca_fit_b144,balanced_interval,96,-0.009406291349884332,-0.009450669543966894,-0.009487970405455922,-0.009533123888652018
Weather,2023,block_pca_fit_b144,balanced_interval,144,-0.0031013798750327416,-0.0031061941292545026,-0.003848976172168733,-0.0038563929936257235
Weather,2023,block_pca_fit_b144,balanced_interval,192,-0.0007868520452504088,-0.0007871616945316351,-0.001501648525028317,-0.0015027765637432022
Weather,2023,block_pca_fit_b144,balanced_interval,288,0.0013093706543619227,0.00130851380262631,0.0011552792078729371,0.001154612129760757
Weather,2023,block_pca_fit_b144,balanced_interval,336,0.0015918180174527526,0.001590551747132185,0.0019124134050504567,0.0019105859076969933
Weather,2023,block_pca_fit_b144,balanced_interval,512,0.0023157862985524725,0.0023131069341397748,0.0017778935197665779,0.0017763140032921454
Weather,2023,block_pca_fit_b144,balanced_interval,720,-0.0002787278930958102,-0.0002787667413242101,-0.0005167772412505513,-0.0005169107936136008
Weather,2023,block_pca_fit_b144,dct2,48,-0.03406779181462142,-0.03465474547337699,-0.02233668104255027,-0.022588012517811507
Weather,2023,block_pca_fit_b144,dct2,96,-0.018840548470180934,-0.019019151499923614,-0.013316615064240003,-0.013405676073924733
Weather,2023,block_pca_fit_b144,dct2,144,-0.011974221328092602,-0.012046199322874873,-0.010730953066020536,-0.010788736247445696
Weather,2023,block_pca_fit_b144,dct2,192,-0.008697824498662651,-0.008735760481240362,-0.009335287491232625,-0.009378997195847338
Weather,2023,block_pca_fit_b144,dct2,288,-0.005451303376303143,-0.00546618876652083,-0.0076494580233579905,-0.007678789870594782
Weather,2023,block_pca_fit_b144,dct2,336,-0.004651072070068233,-0.004661905094315966,-0.007048491759188795,-0.0070733908431801495
Weather,2023,block_pca_fit_b144,dct2,512,-0.0026837835671586208,-0.0026873881381845877,-0.006460640363334594,-0.006481555317358723
Weather,2023,block_pca_fit_b144,dct2,720,-0.0015833385445177656,-0.0015845926868143234,-0.004583884997603415,-0.004594407069618445
Weather,2023,block_pca_fit_b144,pca_fit,48,-0.000624606134522894,-0.0006248012415541737,-0.0073651783102561055,-0.007392367947211653
Weather,2023,block_pca_fit_b144,pca_fit,96,0.0007653620512098985,0.0007650692363830869,-0.0016983308974289433,-0.0016997738781181493
Weather,2023,block_pca_fit_b144,pca_fit,144,-0.0004616201552142827,-0.00046172671819477706,-0.002789001933627543,-0.002792894817766234
Weather,2023,block_pca_fit_b144,pca_fit,192,0.0005189858684246813,0.000518851218553662,-0.0012730463657627954,-0.0012738570332566646
Weather,2023,block_pca_fit_b144,pca_fit,288,-0.0011492640851315078,-0.0011499247421657977,-0.0026748629418591892,-0.002678443579598122
Weather,2023,block_pca_fit_b144,pca_fit,336,-0.0006464389239396962,-0.0006466479106108647,-0.001095835227916883,-0.0010964358747236336
Weather,2023,block_pca_fit_b144,pca_fit,512,0.0006595946534887859,0.000659377168755193,-6.401459726079613e-05,-6.40166462388958e-05
Weather,2023,block_pca_fit_b144,pca_fit,720,-0.0016200954849811531,-0.0016214085486718766,-0.0016343370203524994,-0.0016356732769660098
