{
  "mse": 0.4238976836204529,
  "mae": 0.44517290592193604
}