segment,mse,mae
1-96,0.35135552287101746,0.3937991261482239
97-192,0.43277254700660706,0.4497334659099579
193-336,0.4663424491882324,0.47638168931007385
