{
  "mse": 0.3629058301448822,
  "mae": 0.4008690118789673
}