segment,mse,mae
1-96,0.30528098344802856,0.36352112889289856
97-192,0.42053067684173584,0.43821701407432556
