segment_a,segment_b,cosine
0,1,0.9778419137001038
0,2,0.9297389388084412
0,3,0.8879193067550659
1,2,0.9832701086997986
1,3,0.959888756275177
2,3,0.99220210313797
