segment,mse,mae
1-96,0.14931601285934448,0.19989228248596191
97-192,0.2341366857290268,0.2831979990005493
193-336,0.3154842257499695,0.3362465500831604
337-720,0.3926902711391449,0.3822648823261261
