{
  "mse": 0.32365867495536804,
  "mae": 0.3355359435081482
}