segment,mse,mae
1-96,0.3128317594528198,0.3630985915660858
