{
  "mse": 0.3128317594528198,
  "mae": 0.3630985915660858
}