segment,mse,mae
1-96,0.15367551147937775,0.20635920763015747
97-192,0.23720782995224,0.2855444550514221
193-336,0.31677156686782837,0.3358266353607178
337-720,0.38935336470603943,0.3800938129425049
