segment,mse,mae
1-96,0.2762647867202759,0.3388184607028961
97-192,0.39260122179985046,0.4165929853916168
193-336,0.44560539722442627,0.4613102972507477
