{
  "mse": 0.38207828998565674,
  "mae": 0.4135362505912781
}