target_horizon,mse,mae
96,0.14802636206150055,0.19702932238578796
192,0.19240911304950714,0.23990498483181
336,0.24479345977306366,0.28043317794799805
720,0.3208470046520233,0.3337559103965759
