segment,mse,mae
1-96,0.2821275591850281,0.34789353609085083
97-192,0.34986433386802673,0.3918781280517578
193-336,0.3995811343193054,0.4172768294811249
337-720,0.4630972146987915,0.44916248321533203
