{
  "mse": 0.4111669957637787,
  "mae": 0.4216448962688446
}