target_horizon,mse,mae
96,0.2980927526950836,0.3521495759487152
192,0.32825952768325806,0.37229275703430176
336,0.358102023601532,0.3912339210510254
720,0.41007283329963684,0.42133307456970215
