origin,channel,min_gain,target_std_scaled,uvhf_common96_mse,dlinear_common96_mse_h96,dlinear_common96_mse_h192,dlinear_common96_mse_h336,dlinear_common96_mse_h720,relative_gain_h96,relative_gain_h192,relative_gain_h336,relative_gain_h720,mean_range96,q25_range96,visibility96,persistent_fraction96,mean_sorted_gap96,accuracy_eligible
144,4,0.261279305125136,0.33233382381175214,0.06317338110653026,0.08551727539896732,0.12408012823120718,0.10169488918529239,0.1292477241757838,0.261279305125136,0.7550722153268186,0.7807974857598539,0.7070968751466274,0.8911635450641153,0.7198544616511526,0.14178868439616676,0.84375,0.29705451502137176,True
142,4,0.4414056292391839,0.33312622775352946,0.05314161254771695,0.09513452932820836,0.13809827203597802,0.11931543021451718,0.1506978903882684,0.4414056292391839,0.7672763704633115,0.7833859217548028,0.7160337071774655,0.8322043466303223,0.6541532067229383,0.1356901541165348,0.8125,0.2774014488767741,True
121,4,0.5410822389514048,0.33608177188554345,0.07127994056203295,0.15532181713595752,0.18880866810017594,0.18561098856933356,0.23687747073253154,0.5410822389514048,0.7738195249059705,0.8367838106517284,0.7856491738654264,0.7685010100008149,0.6390421075781205,0.12899398477660806,0.8229166666666666,0.256167003333605,True
568,4,0.0957800561795914,0.6699169635086024,0.051632951225716095,0.06912942652253011,0.08116622346183548,0.08081965858335316,0.10458507953188316,0.25309735921375975,0.4990986030014518,0.7158285374961318,0.0957800561795914,0.7063575316670109,0.5681312973123909,0.12863916947222012,0.78125,0.2354525105556703,True
143,4,0.5622274587458105,0.33319254713883256,0.048063838412201555,0.10979180712088936,0.15192369163389122,0.13419038763701074,0.17389164830916512,0.5622274587458105,0.7970683469951689,0.8044828193300673,0.7350410999731549,0.7261015481477054,0.5809693622764911,0.12412874023071126,0.71875,0.24203384938256847,True
110,4,0.6724500195663601,0.3353898287540995,0.06257387127985965,0.1910361014127333,0.23042121281706196,0.22956304288656262,0.27992042249881033,0.6724500195663601,0.8341578357665034,0.8673766039020465,0.825347021740958,0.7922257178164926,0.604235943192748,0.12206852673203553,0.6666666666666666,0.2640752392721642,True
146,4,0.5121134002049397,0.3323723608398213,0.04819202255662214,0.09877709815532028,0.13917385574094077,0.12237215666771428,0.15986182372402377,0.5121134002049397,0.8138350427992675,0.805790925103065,0.7378974189174081,0.7498161591217626,0.6173954473339194,0.12203721365052746,0.75,0.2499387197072542,True
120,4,0.6139834976208041,0.3360349563592614,0.06762967582864743,0.17519892391080397,0.21648358810153936,0.20333768247305292,0.25594777220658943,0.6139834976208041,0.8014881246096812,0.8454659803376127,0.8125297765844997,0.7467923913409388,0.6162141168643132,0.12195122417180872,0.75,0.24893079711364627,True
147,4,0.27688711086813367,0.3321740100037851,0.07347405651119991,0.10160800286578937,0.13992215480159112,0.12368465130562252,0.16141730284840072,0.27688711086813367,0.7510747968766912,0.7604883377085159,0.6990538613652502,0.7359673899379763,0.6022348321712911,0.12101238536035394,0.7083333333333334,0.24532246331265875,True
457,4,0.17406002101293327,0.45236966219275476,0.07386556410559535,0.08943212095893956,0.0869710227109383,0.08660947564105619,0.07827496472214628,0.17406002101293327,0.2771778504564604,0.4275800344084122,0.6556861197881905,0.7824844728959915,0.6439179138905615,0.12071652397378169,0.7291666666666666,0.2608281576319972,True
138,4,0.6136732844012973,0.33366586319283376,0.04896241519534857,0.1267383621644441,0.17131472926985017,0.1604587626850543,0.20022887924263122,0.6136732844012973,0.8341450035875783,0.8305645037425595,0.7733731202671016,0.7759296690145471,0.6251325325861501,0.12018492661153173,0.6875,0.25864322300484904,True
569,4,0.11054595918824794,0.6709598814058269,0.04683075052970823,0.06993472842732344,0.08067094449518608,0.07367741364543197,0.0955512783311665,0.3303648761805802,0.5563547339370644,0.7209071730901662,0.11054595918824794,0.6496859997660328,0.5049682223921081,0.11831836383253881,0.7083333333333334,0.21656199992201094,True
432,4,0.0674282300693565,0.35977303610455663,0.07627486214508854,0.08178980385687762,0.0897462279153712,0.09044138971733047,0.0768875864038286,0.0674282300693565,0.1157309308074318,0.32478650198982817,0.7980612890259604,0.745684839276827,0.5973216813761439,0.11638596238954037,0.65625,0.24856161309227567,True
140,4,0.5842314379864939,0.33366906678676517,0.049507567444034915,0.11907482182942604,0.16636898993079718,0.1429854936088716,0.18174902084280062,0.5842314379864939,0.8418653997846126,0.8408425618226514,0.7920272026483461,0.698651169167451,0.5675870360551727,0.11588433852267137,0.6770833333333334,0.23288372305581698,True
1048,6,0.020085213155304316,0.4638192578201862,0.10249349506772519,0.18805430589741065,0.24804295158679465,0.14724340888998677,0.1798206044547198,0.45497927006447536,0.020085213155304316,0.22275638964701439,0.23987653403367137,2.5694934040926176,2.093858641563088,0.11567018041142552,0.6354166666666666,0.8564978013642058,True
423,4,0.0004920040212333943,0.31957006599624893,0.06971697488377249,0.07696908524056623,0.07603968335782325,0.08351933536845246,0.08005364737124454,0.09422108024445564,0.0004920040212333943,0.30945611634454406,0.8474804165593279,0.7399005535030708,0.5821049111765575,0.11548315515643685,0.6770833333333334,0.24663351783435694,True
139,4,0.5142773795031951,0.3336021409604422,0.05884698647079508,0.12115348140592141,0.1673358541048353,0.1469520841068599,0.18564942750024174,0.5142773795031951,0.7982392634337773,0.8158920918344478,0.7523539101201984,0.7377989812127043,0.6006074426026942,0.11548146545003007,0.6979166666666666,0.24593299373756808,True
570,4,0.09551877651941465,0.6718300954418776,0.04956891532531257,0.06719480266611777,0.0787832527637935,0.0704252281582125,0.0898304220498621,0.26231027760265846,0.5164222659964054,0.7270704496534941,0.09551877651941465,0.6235846325931652,0.5040199491571684,0.11356488129051359,0.6875,0.20786154419772174,True
112,4,0.6454638560554447,0.33494624876305057,0.06739942975671642,0.1901059480334868,0.23867653535863184,0.21690889200537708,0.2687298926009533,0.6454638560554447,0.8272293830634694,0.8688646499845777,0.8292171261712125,0.7290554218102793,0.5965941555278675,0.11244992592311308,0.6666666666666666,0.24301847393675977,True
116,4,0.6427280688337493,0.3352630471733473,0.06340664488221288,0.1774744651090646,0.22508941598003865,0.19684176802220898,0.250345490320189,0.6427280688337493,0.8279231475907142,0.8625376252942033,0.8208755950330643,0.7004004930825136,0.5411645697244438,0.1120725856790621,0.6458333333333334,0.23346683102750454,True
145,4,0.31344870645625533,0.33242941356174815,0.06824891764021812,0.09940833013064528,0.1386875581105896,0.12101088008604781,0.16110189966070484,0.31344870645625533,0.7696466276944589,0.7722448815098246,0.6977593519185898,0.7231804776943237,0.5889292696088688,0.11152106475781867,0.6666666666666666,0.24106015923144122,True
157,4,0.5004106675697262,0.33208847631706284,0.05609414284180773,0.11228050560834706,0.1498313163037587,0.12931952116637527,0.1656824424784696,0.5004106675697262,0.8317957319737616,0.774142934152649,0.7215330616924409,0.6628877123935221,0.4854387176915509,0.11116010154177755,0.6041666666666666,0.22096257079784068,True
412,4,0.026219044322926988,0.31934948730534857,0.07594086728762894,0.08667448829833606,0.08432592589600334,0.08827391326971812,0.0900398894884864,0.12383829684418424,0.026219044322926988,0.35103024315389897,0.8604124430328827,0.7082927365921362,0.5530069201292775,0.11054982944502886,0.5625,0.2360975788640454,True
133,4,0.6066103636166171,0.3350365552659746,0.07092972455667972,0.1803039988769665,0.22070832006871507,0.204118027537167,0.24706247548385965,0.6066103636166171,0.8246639844495534,0.8416166149609595,0.8226806560504885,0.6932479584823467,0.5421730090704102,0.11013178220410956,0.6458333333333334,0.2310826528274489,True
137,4,0.5487280220871898,0.3341106817710102,0.05876276419704851,0.13021585002648228,0.1718491275633626,0.1498063703568008,0.1919301015785059,0.5487280220871898,0.8111277354840768,0.8247598701901956,0.8253182011817568,0.7185548909420891,0.5796712957202033,0.109296405223533,0.6145833333333334,0.23951829698069638,True
425,4,0.06657579764363597,0.3209443905893166,0.07148313486180709,0.08459067994569998,0.08726299342413091,0.09557321956749343,0.09202503048551829,0.15495259161301012,0.06657579764363597,0.37140344280580995,0.8580897550133281,0.6990795069262686,0.530789580864166,0.10911183507408552,0.59375,0.2330265023087562,True
119,4,0.5983013300105516,0.33509000067303596,0.07558857607953717,0.18817233345961215,0.23184246395429678,0.21091504888198095,0.2654748457329849,0.5983013300105516,0.8266650074776771,0.8612700987840646,0.8267329890544974,0.6935548690419946,0.5160627149525254,0.10829837865284195,0.6354166666666666,0.23118495634733152,True
576,4,0.04582701802093336,0.6824261052976488,0.05444353531056626,0.07008888003611613,0.07924874606932579,0.07322570995593052,0.09627329942008862,0.22322149701190785,0.5461699277007328,0.7447241314558437,0.04582701802093336,0.5976673944669741,0.43267663445654136,0.10821427687765726,0.5833333333333334,0.19922246482232472,True
177,4,0.06606233062531242,0.33517372455545524,0.10419612570697072,0.11156646650384561,0.14246479870086404,0.11662305648338567,0.16002668279535012,0.06606233062531242,0.7875833367179851,0.6601444916436416,0.6503731936352568,0.6999914960773937,0.5341108885057366,0.1079172594986966,0.5625,0.23333049869246458,True
46,2,0.18838935606434626,0.3422677869384799,0.02834149124704095,0.03492005860052265,0.03803943602162222,0.051511884190954656,0.05812234008429724,0.18838935606434626,0.30029536287455416,0.37123689152076433,0.7209235385275489,1.503120321848825,1.0812636699823983,0.10791350997360465,0.5416666666666666,0.5010401072829417,True
450,4,0.012165909638856554,0.42290332375601636,0.07327761368857229,0.07418008186150231,0.07766473834404468,0.08069332120312393,0.0872468466317063,0.012165909638856554,0.34677154686121403,0.449769879046761,0.7278029887825661,0.6896078453718216,0.5282342500567694,0.10763350483672758,0.5208333333333334,0.2298692817906072,True
526,4,0.043183997183858125,0.5894385723012195,0.09509704120271915,0.09938905800365531,0.13104297494248915,0.10307451072973883,0.1088028119482245,0.043183997183858125,0.3643235647590378,0.4165737135631957,0.2966593372537697,0.7043983352169617,0.5061810882026663,0.10760744749547013,0.5520833333333334,0.23479944507232056,True
583,4,0.06861440325203927,0.6943874630303585,0.05107014840266766,0.08616118967815467,0.09805910351314306,0.09393977278552128,0.1120948339459568,0.4072720143090597,0.6458147053065361,0.7418685889093923,0.06861440325203927,0.5931098518979668,0.41211946491706897,0.10738908350420226,0.5208333333333334,0.19770328396598894,True
108,4,0.7208633072214093,0.33621942132207533,0.0638722768891548,0.22882078401572903,0.27340006911669884,0.2637087899385122,0.3182168798307412,0.7208633072214093,0.8458182718794155,0.8782357743382189,0.8312356411415844,0.7082073687183202,0.5644034880609183,0.10716535611684841,0.6145833333333334,0.23606912290610674,True
572,4,0.08147752405472264,0.6753349193676657,0.05385359813209334,0.07349842248217442,0.08472496645684702,0.07833597840913553,0.09237572573137227,0.26728225840283226,0.585315446866012,0.7275173277289457,0.08147752405472264,0.5884102331665897,0.4007079591923457,0.10715905233553633,0.59375,0.19613674438886322,True
1852,4,0.06892231583506192,0.250582843803086,0.626576394314056,0.6729582342809749,0.6891529488679214,0.882388437930636,0.9419136393832055,0.06892231583506192,0.2888198243533414,0.431485809977995,0.6352747356645214,0.921208034330799,0.6323363524566261,0.10713329854295185,0.53125,0.307069344776933,True
111,4,0.6508141102210687,0.3352184113512897,0.06834330336122507,0.19572183573767266,0.2399598697588529,0.22785429753594322,0.2797133203486495,0.6508141102210687,0.8339908309030297,0.8736986531986394,0.833561494615718,0.7418781455686752,0.5694465146681438,0.10682985699632533,0.5208333333333334,0.2472927151895584,True
115,4,0.6249508353559488,0.33512447824302677,0.06729407259748517,0.17942733631029975,0.22813712649856374,0.20150904569963654,0.253248843937478,0.6249508353559488,0.827592638416081,0.8648268464194511,0.8173231895478876,0.6898645425861272,0.5180097456305077,0.10662138061527456,0.5833333333333334,0.22995484752870907,True
1049,6,0.1075707334363557,0.4635146737154129,0.12168621587473423,0.20953191452217668,0.26903505962808466,0.15984217898560119,0.1937879245018128,0.41924734400374575,0.1075707334363557,0.301170252691221,0.3035904201092219,2.4434618751719466,1.9175293676939305,0.10626991442670401,0.5208333333333334,0.8144872917239822,True
578,4,0.08808316807857819,0.6853327340459084,0.05903511969982237,0.0824532115102173,0.08943879361386194,0.0885638631457768,0.10950000325798263,0.28401673362950874,0.5806523326793404,0.7213191607638365,0.08808316807857819,0.5845304871956625,0.43235934466643755,0.10583569485371788,0.5729166666666666,0.1948434957318875,True
215,4,0.5566446923956786,0.34153746027450665,0.06954069923835131,0.1568509456086491,0.19374994343799687,0.1990657288231302,0.23896317908401668,0.5566446923956786,0.778803113774845,0.6819620938015366,0.8111984012422272,0.777102210852035,0.5848093432889812,0.10580016093004917,0.53125,0.25903407028401165,True
524,4,0.21375959556341084,0.5847407857399953,0.0840446772831321,0.1068943758281636,0.14152566496960928,0.11667743479219128,0.11575817805163051,0.21375959556341084,0.4325662475789125,0.47985536704302545,0.32864432570869906,0.690631873734103,0.538849626735356,0.10550441330706756,0.5416666666666666,0.23021062457803432,True
148,4,0.39199676158568464,0.3321938524339898,0.059791066747361565,0.09834004651570256,0.14038700595004702,0.11758387525736769,0.15482212207592147,0.39199676158568464,0.7842018660372909,0.7753755952667147,0.7180856825306746,0.6688208747138447,0.5486464676781821,0.10528329420633624,0.5625,0.22294029157128156,True
575,4,0.06195397377837453,0.6810470327692922,0.053047572520705945,0.08157706554980788,0.09046578901893405,0.0799723342412606,0.10475594864050046,0.34972443341545434,0.6195873582266282,0.7475427948573093,0.06195397377837453,0.58088178715933,0.4178138069652704,0.10517505744965247,0.53125,0.19362726238644334,True
504,4,0.09926589996489299,0.5511844130095522,0.08319599189973277,0.09236465222809942,0.1124502272455478,0.10161328534049474,0.0894570533137878,0.09926589996489299,0.30128836032794204,0.467595617605276,0.41626903093051826,0.68826196865681,0.5461330456791558,0.10514237463743398,0.6041666666666666,0.22942065621893667,True
455,4,0.08736121451998435,0.44368589719828383,0.07604237044410296,0.08332143193334411,0.07665939820606053,0.07860772498108393,0.0939889611290079,0.08736121451998435,0.41324749913714887,0.5539203813518405,0.7004622517315255,0.6787541555684099,0.4975177214664228,0.10471369737181865,0.5625,0.22625138518946997,True
171,4,0.539399332641959,0.3346689854625456,0.055407745764974724,0.12029454078472786,0.14681123689148023,0.12991617081384602,0.17751238817966083,0.539399332641959,0.8241178897881389,0.7645365784309366,0.7676746274926831,0.6590995526138244,0.5107793005269912,0.10464388290971402,0.5625,0.21969985087127478,True
581,4,0.05850435534574394,0.6900917474707952,0.05066345346170845,0.08613416723947036,0.09732804494155796,0.08277610752248288,0.10655616543948554,0.4118077055199961,0.6577333742407407,0.7337016657354084,0.05850435534574394,0.5730404370334696,0.4001623148061384,0.10375529448203856,0.53125,0.19101347901115653,True
574,4,0.037922851819900516,0.6797832907676369,0.0600295206625819,0.07373190199662627,0.08522386172308716,0.07848011471590317,0.1002530221766144,0.18584060580278183,0.5999277707572106,0.7264777339524235,0.037922851819900516,0.5723566468764367,0.41265570402615026,0.1036314867286553,0.5104166666666666,0.19078554895881225,True
218,4,0.394080395534096,0.34139250555790507,0.07937409753777613,0.1309977379057433,0.16719754977552906,0.15760383968634425,0.19468054578364358,0.394080395534096,0.7650637889746861,0.6238196547418478,0.768034965884412,0.7610748521453381,0.5916189022411089,0.10343327415440512,0.4895833333333333,0.25369161738177937,True
528,4,0.11380696992393036,0.5950359140778884,0.08981949450044195,0.10135432287560642,0.1295771773035749,0.10910791666581703,0.12122053097516201,0.11380696992393036,0.4403666686032396,0.4870655260675938,0.33463161596010615,0.6744919225646543,0.4880308397300581,0.10303879284600988,0.5104166666666666,0.22483064085488477,True
135,4,0.5952601405959559,0.33460875744528545,0.060513953135691224,0.14951320392509526,0.1971057399295811,0.17506928313710457,0.21649927450449993,0.5952601405959559,0.8291915767838582,0.8358872197495688,0.8027199461126429,0.6936901332940929,0.5592232550579723,0.102643743557523,0.59375,0.2312300444313643,True
1,2,0.5437763500922214,0.33627157185103373,0.04684425742698351,0.10267827508822185,0.11994872738459857,0.13902122420258164,0.13802457640222623,0.5437763500922214,0.5834048802374634,0.6608183837420462,0.6552226970880026,1.757960502771669,1.4216468115458554,0.102475096289023,0.4791666666666667,0.585986834257223,True
538,4,0.1649488787417175,0.613458820394883,0.0739200449941202,0.08852158043059093,0.11668586951331654,0.0876315285857771,0.11060985993448942,0.1649488787417175,0.40671558354182713,0.5443495001993415,0.30164201952816994,0.6699769285011747,0.5175191497780673,0.10234905954833168,0.4895833333333333,0.2233256428337249,True
529,4,0.3714147582804883,0.5973805056234295,0.06598497054452561,0.10497378265519242,0.1372212306935124,0.1083514002468841,0.1316248317416354,0.3714147582804883,0.6351870863292288,0.6544671833167452,0.3780052163885702,0.6691188583284754,0.4571574643123455,0.10221797641476957,0.5208333333333334,0.22303961944282513,True
505,4,0.08849871268314835,0.5543675557307742,0.078919274769635,0.08658163830129784,0.10610310590777845,0.09987186121029934,0.08864088004304686,0.08849871268314835,0.407853011347741,0.5372521892436828,0.4372133991228778,0.668972540570539,0.5228358976122394,0.10219562417503869,0.5416666666666666,0.22299084685684634,True
527,4,0.2510841913657287,0.5921986349521062,0.07080435715466764,0.09454247905887714,0.1256433385941076,0.09845598520084457,0.11351049863288558,0.2510841913657287,0.5499713399517707,0.5619739340444951,0.35585349628883023,0.6689688983308676,0.4988676553598026,0.10219506776811009,0.5208333333333334,0.22298963277695585,True
141,4,0.5859685430919853,0.33373631297047424,0.05246166297482965,0.12670936495167093,0.170828105977978,0.15511461563572645,0.19441630108356658,0.5859685430919853,0.8201647862264344,0.8330271896684969,0.7933659451026381,0.6952712744871162,0.5455557276390977,0.10195022826510541,0.5104166666666666,0.23175709149570542,True
222,4,0.2941045045271031,0.34215088373340274,0.08955579404741017,0.12686834612454145,0.16398605287029802,0.1385906119969332,0.16944533173524837,0.2941045045271031,0.7429221829387194,0.5082102609358308,0.7493015210398378,0.7464117427170583,0.56130306611891,0.1016217447289951,0.4583333333333333,0.24880391423901946,True
113,4,0.6751691148847534,0.33495927889557064,0.07062648506433167,0.21742539980234366,0.2682331716207438,0.2386134090486154,0.2928330323378467,0.6751691148847534,0.8492001170454244,0.8689840179300388,0.8453373907350182,0.6635059134212836,0.5233598268733175,0.10158525473700879,0.5104166666666666,0.22116863780709453,True
123,4,0.6485286094519072,0.3358800234820557,0.06695692152477672,0.19050461381895842,0.2317388884546349,0.21798615751642178,0.2717128297374747,0.6485286094519072,0.8330635578948062,0.8560249923123978,0.8395054390599921,0.6569703984261999,0.5486414884138213,0.10158440533490556,0.5625,0.21899013280873328,True
564,4,0.19064984422115416,0.6669419803060126,0.057700831045102007,0.10583712580767779,0.1272992051356788,0.10282177836529478,0.13540026938244853,0.4548148335967359,0.6372525659472552,0.7383495327517334,0.19064984422115416,0.6056451211111616,0.45605870664338966,0.10144809983859632,0.5104166666666666,0.20188170703705388,True
169,4,0.4615758098083971,0.33471896138260876,0.06640546340152298,0.12333298653965012,0.1541455028681161,0.13154391477963637,0.1809794754798871,0.4615758098083971,0.8245945293645752,0.7733806647439381,0.7692046033493137,0.6115331357960644,0.43269862620746835,0.1012007601552764,0.5208333333333334,0.20384437859868812,True
573,4,0.04753890612590883,0.6775598976433859,0.0552893285502624,0.07009135015955155,0.08064914868877748,0.06776462695869734,0.0861020079766394,0.21118185875425088,0.6226143436901447,0.7464110529028525,0.04753890612590883,0.5589089908625322,0.36051409245565935,0.10119664021583526,0.5,0.1863029969541774,True
582,4,0.05257953618714983,0.6922483358261095,0.05574968887843198,0.08062305011398167,0.09312317318262453,0.08360142637121563,0.10665380062537248,0.30851426732658616,0.5962783006015352,0.7149920857828485,0.05257953618714983,0.5714617912356641,0.40921032971425575,0.10109194705111785,0.46875,0.19048726374522137,True
536,4,0.37518530422394303,0.6116135529380669,0.060331247139419876,0.11031616667427786,0.1449957600006179,0.10697602279921122,0.14462583157167672,0.45310602282297074,0.621966714780367,0.6405724528977644,0.37518530422394303,0.6613573666126241,0.46038541074715056,0.10103229173815438,0.4479166666666667,0.22045245553754136,True
159,4,0.5469476869923653,0.3319904091149604,0.05394917435498581,0.11907934868898169,0.16408469090795239,0.12690058286031972,0.1728255102060953,0.5469476869923653,0.8314578123790279,0.7831106100127363,0.749094896369059,0.6072331837121681,0.486160434398073,0.10089111152516925,0.4791666666666667,0.20241106123738936,True
445,4,0.09812894886469192,0.40715073292435233,0.06899107340873512,0.07649771363864784,0.07582361793117753,0.07992703633525282,0.07816792069512395,0.09812894886469192,0.28341698532037995,0.332389217508013,0.7408183042390726,0.6458917138775208,0.4499556499789037,0.10081032194776575,0.4583333333333333,0.21529723795917358,True
1050,6,0.18704443600339093,0.4629217285797286,0.1424795153305809,0.24045006086800894,0.2987385318784385,0.17750716126739785,0.21427742764831362,0.40744654080668896,0.18704443600339093,0.36063466257263244,0.36708547519081514,2.376441297355851,1.9062047725341245,0.1008089187535172,0.4166666666666667,0.7921470991186169,True
109,4,0.7157187416596513,0.3360494710308799,0.06111480951849568,0.2149800865357346,0.253190835499393,0.24334356619741696,0.3050430343896024,0.7157187416596513,0.8433725141671538,0.8787644814730897,0.8340764062640155,0.7446880239774067,0.5943793510775919,0.10078003472440601,0.53125,0.24822934132580224,True
161,4,0.31679904792735714,0.3319476431314766,0.07151571529121403,0.10467742334704762,0.14188969380983987,0.10557618870542917,0.14088662318015835,0.31679904792735714,0.8041374082614118,0.7468383773118499,0.7012210266546322,0.6311080128905022,0.4675047905928409,0.10071910604250982,0.5,0.2103693376301674,True
534,4,0.35567813043115126,0.6073684507757078,0.0651451690964658,0.10110656206665469,0.1361909608499737,0.10162553141684771,0.13414525758101656,0.35567813043115126,0.6212256161593326,0.6559862901952158,0.39360551854051673,0.6576281742321625,0.46732498382425547,0.10046260147453752,0.5,0.21920939141072082,True
122,4,0.6189825954976158,0.3358697366546626,0.0713203759772368,0.18718403709243292,0.23085216891647523,0.2033843698846828,0.26504210246434834,0.6189825954976158,0.8194103820536424,0.8505808650774009,0.7929626620773937,0.6666151873888223,0.5386640108250162,0.10045712283995156,0.5104166666666666,0.22220506246294078,True
406,4,0.08920783364902474,0.31900437545720467,0.08270540392021071,0.0967725571575726,0.09576297691282631,0.09034065474106774,0.1093842171034954,0.1453630414504461,0.08920783364902474,0.3560624216906909,0.8547485282940058,0.6431176124053076,0.5096812344225299,0.10037734215173974,0.5416666666666666,0.21437253746843588,True
563,4,0.15324705487512846,0.6657143519733214,0.05705750571090299,0.10199776203783421,0.12148277088047725,0.09042943823782323,0.12899333289535772,0.44060041543128614,0.6177860651343268,0.7260647833886327,0.15324705487512846,0.5987661348468176,0.44027001260680265,0.10029584076639715,0.4895833333333333,0.19958871161560587,True
543,4,0.33858988778260324,0.6208957830195687,0.06531899730153157,0.12195593831301126,0.16175915386804807,0.11869963420233054,0.14822670247969474,0.4644049465317196,0.633651370196149,0.7268433320444856,0.33858988778260324,0.6563314158853769,0.474301209819572,0.10026450211975546,0.4479166666666667,0.21877713862845896,True
204,4,0.3963261153488663,0.33952706691675805,0.09047049271040608,0.14986650078906338,0.17624379282481328,0.16168568167481215,0.2058936689444583,0.3963261153488663,0.8078212400351803,0.6533925838375998,0.7492395422330798,0.7362884026502758,0.5757480503425683,0.10024348200723437,0.5208333333333334,0.24542946755009196,True
117,4,0.622153762957787,0.3351768375428156,0.07222443735236543,0.19114769520464092,0.24077267036997516,0.2071904023957664,0.2655551191773733,0.622153762957787,0.8326218221582129,0.8618292089488251,0.8219114152341327,0.6657146551561569,0.4863821499750287,0.09992502120808022,0.5520833333333334,0.2219048850520523,True
203,4,0.5090785737078073,0.3396444487720147,0.08487179350997594,0.1728826426481147,0.20113460740311787,0.19282904625009797,0.239480125732757,0.5090785737078073,0.8088655191291261,0.6764335825572954,0.7609525818370644,0.7333572872226105,0.530204240675971,0.09984441933617141,0.4895833333333333,0.2444524290742035,True
0,2,0.48815804142572405,0.3359706235728613,0.05315265354173152,0.10384583102523877,0.12223054874813133,0.14207441721104844,0.13988822027506384,0.48815804142572405,0.5660856212412779,0.6815208191329538,0.6753156163028097,1.7780780233940807,1.4408633639445156,0.09981499077649833,0.4791666666666667,0.5926926744646935,True
532,4,0.320956379990168,0.6028743336156297,0.0727890820563255,0.1071935291215483,0.1370894238081147,0.10915532214655436,0.13782502453870782,0.320956379990168,0.6272499062932462,0.6787707270409113,0.4235718769778347,0.6528366869207206,0.4879326375718307,0.09973062967177569,0.46875,0.21761222897357355,True
114,4,0.6671031291308462,0.33494407792633646,0.06546788900954459,0.1966611726887543,0.2463976535208466,0.2187581686872595,0.2731089051381191,0.6671031291308462,0.8397474234514021,0.8759186859601065,0.8383662256457489,0.6827116564406754,0.5366396632365422,0.09968369624758293,0.5,0.2275705521468918,True
38,2,0.30894211352940193,0.33698339880387446,0.03296177032827973,0.047697553234828945,0.05000700608438038,0.07203330070611745,0.0786720005117342,0.30894211352940193,0.30977666321112163,0.3885043455006646,0.7167678137255644,1.4864213778423094,1.159696341224162,0.09953979425213096,0.53125,0.4954737926141031,True
530,4,0.35477438084866497,0.5991899913972588,0.06183600322186322,0.09583624919171078,0.13145457073821612,0.09557672115531905,0.12140516025640109,0.35477438084866497,0.6602131748241806,0.6793443373489436,0.3968923739932375,0.650988014002977,0.44268205125092663,0.0994482170594984,0.5,0.216996004667659,True
100,4,0.5941919201460555,0.3347660354652917,0.10513603600237786,0.2590782224942827,0.2989185900532165,0.2897346160194578,0.35454283260443714,0.5941919201460555,0.8158710359636399,0.866096550861602,0.8596020870812507,0.6709147879274339,0.521124413801104,0.09932324515799389,0.4479166666666667,0.22363826264247796,True
523,4,0.262882222938832,0.5835714824169884,0.0662820569043201,0.08992057845705685,0.11872038612450823,0.09714832192958205,0.09820387423313474,0.262882222938832,0.5512266725825337,0.5841436481671091,0.3651144902352833,0.6500478205465487,0.46348292811828173,0.09930458835832177,0.4895833333333333,0.21668260684884957,True
75,4,0.566040117966,0.34103563300856526,0.25284676099144626,0.5826500823217481,0.702751032581811,0.4837758759561261,0.5780509817175045,0.566040117966,0.7719754688522977,0.8154632056613902,0.8890017313030266,0.8456657676591872,0.6195413719605369,0.09927984880961764,0.3854166666666667,0.2818885892197291,True
562,4,0.17594228286762603,0.6644254359730148,0.07104500019939335,0.10930804923485038,0.1293179064530389,0.10324237256425987,0.13933080640264395,0.35004786292771684,0.6114609293635069,0.7254603821372312,0.17594228286762603,0.5926677462426699,0.4372426198754198,0.09927433507865532,0.4791666666666667,0.19755591541422332,True
37,2,0.2592420442885558,0.33658804403863785,0.03591512303264802,0.04848428930898779,0.05179325422656792,0.07256750626176141,0.07930919778858232,0.2592420442885558,0.3238951374555189,0.3874870238850673,0.7202622441848883,1.452529845280928,1.116978530804559,0.09924959235764362,0.4791666666666667,0.4841766150936427,True
178,4,0.4021736320053574,0.33492283271112255,0.07285440463692794,0.12186549228551395,0.15507476394580078,0.12071931999014322,0.16687835206964197,0.4021736320053574,0.8267899648312066,0.7124591057986142,0.7032042589348498,0.6362930868449101,0.4499219016315692,0.09903512257316635,0.5,0.21209769561497005,True
560,4,0.23133428767699016,0.6622207467024528,0.06947007150269509,0.10467705774816372,0.11934085365187164,0.09662255916925118,0.13587939029385523,0.336339089031056,0.6043747736323074,0.708917832253126,0.23133428767699016,0.59053006852265,0.4213687250931031,0.09891626508815421,0.5104166666666666,0.19684335617421667,True
168,4,0.5123272254099389,0.33466154422238437,0.05926103910646733,0.12151803872234268,0.15284024913997843,0.1309444444203741,0.18252829523949407,0.5123272254099389,0.8413018710254595,0.7739346303458576,0.7385532414650589,0.6355004213842838,0.45665690993118346,0.09877191387897728,0.4791666666666667,0.21183347379476125,True
535,4,0.354551364157659,0.6100507758124842,0.061241816545452465,0.11514583602159172,0.14943252915193309,0.12074454659863114,0.14920101696951527,0.468136941278809,0.6225351520124374,0.6701875356228275,0.354551364157659,0.6459737391896129,0.4313305733243311,0.0986822111126775,0.4895833333333333,0.21532457972987096,True
1854,4,0.16036231064879536,0.25042109798838846,0.527075889892982,0.627742056577115,0.650492934254909,0.8184101701274903,0.8828852760297977,0.16036231064879536,0.3633353158359163,0.4841945798944973,0.6749439799524004,0.8901915727784027,0.6438742761709548,0.09864765042908269,0.4583333333333333,0.29673052425946755,True
561,4,0.1948663021067184,0.6628550076860839,0.06605925151996939,0.09439666239701976,0.11069941181933214,0.08543041872549988,0.1221784495362724,0.30019505094223564,0.5513121962607127,0.710856474338024,0.1948663021067184,0.604205497065875,0.4271576731641602,0.09859056869415626,0.4583333333333333,0.20140183235529166,True
8,2,0.35927142545078605,0.332520427040189,0.060575798153481054,0.094542058150129,0.10759528355211238,0.13262449466061874,0.13346533195718074,0.35927142545078605,0.42973270509783,0.6074771874284068,0.6960375693838431,1.7733036506615125,1.3084527341877248,0.09856943516578541,0.4791666666666667,0.5911012168871709,True
540,4,0.3257124826297566,0.6163153037155314,0.05903513142442055,0.09937733260119049,0.13222916665575438,0.09024324295705766,0.12585928436506943,0.40594972838188914,0.5937957775911846,0.671435741464234,0.3257124826297566,0.6452184182116927,0.485576615651766,0.09856682446508024,0.4479166666666667,0.21507280607056423,True
167,4,0.6354209746201389,0.33469495135187466,0.04777141679519881,0.13103172006514896,0.16264253230697653,0.13616147201569614,0.18788715522915567,0.6354209746201389,0.8334615480556711,0.7856785020763928,0.7754132809199773,0.6027770244980631,0.4123317752168987,0.09853994128365347,0.4791666666666667,0.20092567483268772,True
202,4,0.5060713957173271,0.33974616980679057,0.07876081233498027,0.15945788855327322,0.18972115326629924,0.17484235800678447,0.22019114480696653,0.5060713957173271,0.8105061081599304,0.6850963716219232,0.7646005100538805,0.7236744045824128,0.5631857812988983,0.0985261235865345,0.4895833333333333,0.24122480152747094,True
542,4,0.2761540776622249,0.6198841294212807,0.06762336389076336,0.09650364297477217,0.13106618282283136,0.0906956354535106,0.12227345817469226,0.2992662058525464,0.4866799018272837,0.6456088522478409,0.2761540776622249,0.643043021411532,0.4736081238831247,0.09823449986229281,0.4583333333333333,0.214347673803844,True
553,4,0.1326630721814538,0.6467208191841766,0.07554283554751533,0.08709745097273143,0.10300821936069908,0.0831238567819675,0.11774499987809817,0.1326630721814538,0.4714089366205001,0.6883687532679326,0.22891823490341712,0.6315549537342235,0.4609714424998401,0.09808276296182307,0.5,0.21051831791140785,True
531,4,0.37257195733529247,0.601872173224022,0.06589291819559036,0.10502067761546163,0.14039568078888717,0.11002152508147207,0.1344338797511598,0.37257195733529247,0.6439943621455378,0.6719960838670038,0.41532309350920193,0.6592141679027227,0.46199288325830423,0.09783150000231265,0.4583333333333333,0.21973805596757423,True
98,4,0.566093296619863,0.3347805104310338,0.12017681106533236,0.27696463347801253,0.31866237438175976,0.3162329922786998,0.3868060417026061,0.566093296619863,0.7981633269531386,0.8530783507026933,0.8613535646502173,0.6999735845569847,0.5272845936928405,0.09779709056093239,0.4583333333333333,0.23332452818566154,True
293,4,0.3418901958388336,0.33562663287237815,0.1478798983681949,0.2369563554228673,0.2725850488322797,0.2488822261632387,0.31349999631108805,0.3759192569269072,0.42248824714235556,0.3418901958388336,0.789366989742877,0.7857872293199956,0.5441728752757768,0.09774688539339658,0.4479166666666667,0.2619290764399985,True
533,4,0.36539320750566895,0.6056431381789436,0.05724762795379842,0.09913715270762442,0.1303520861330886,0.10078457453430086,0.1320932815075008,0.42254113225711365,0.6208877324604218,0.6439807838926046,0.36539320750566895,0.6397837067638612,0.459689558552725,0.09773659049441728,0.5104166666666666,0.21326123558795373,True
134,4,0.6443941042289261,0.33501325668785137,0.06815615104852106,0.1916620389567374,0.24004185425278854,0.2083631386680421,0.2571749138688917,0.6443941042289261,0.8485693886290082,0.8424301284974032,0.8351713576826649,0.6447230448012023,0.5110999098266689,0.0976479764372494,0.5,0.21490768160040077,True
39,2,0.270026563243855,0.33791565827575537,0.03432757018193917,0.047025779916710364,0.05071035498714797,0.06915796975767435,0.07621540483870692,0.270026563243855,0.3086411148524466,0.3846809944752857,0.7115097673908382,1.4212130653830464,1.1209967062087287,0.0975362274761402,0.4479166666666667,0.47373768846101544,True
554,4,0.20510463191608574,0.6483289646917374,0.07189245677874319,0.09044266662672736,0.1017209276223432,0.08703266471083904,0.12034278454121683,0.20510463191608574,0.5483960680874858,0.7314216151268751,0.22165634846838722,0.6272396546815854,0.46011736034905937,0.09741258144937244,0.4479166666666667,0.20907988489386178,True
541,4,0.3047842352839871,0.6172390147115244,0.06066320820651091,0.09791355250749752,0.13136301057895836,0.10220600285285937,0.12472761056151604,0.38044114779855676,0.5389286202606056,0.6682661791072183,0.3047842352839871,0.6376439658764325,0.45746230594154724,0.09740971286895131,0.46875,0.2125479886254775,True
174,4,0.3758616149337528,0.33558884803225086,0.07102548797938575,0.11379766038880461,0.14116750901411157,0.11641611027347161,0.1674781103870382,0.3758616149337528,0.8140183904185719,0.7316165348198973,0.731029924291893,0.644398395612269,0.5023654502603847,0.09731091845916316,0.4791666666666667,0.21479946520408966,True
172,4,0.3750845195130834,0.33466717649380323,0.07958802725703358,0.12735806639806846,0.1537224098729094,0.13839255379186652,0.18260880852768535,0.3750845195130834,0.8119513757714474,0.7247190431859459,0.7158479483028508,0.6189118408011396,0.4357116343973644,0.09728234535300267,0.4895833333333333,0.2063039469337132,True
546,4,0.29330051231887555,0.6268227373965947,0.0665724231362524,0.09565484038503103,0.1267384946819261,0.0965788156164155,0.12389477845952286,0.3040349775475629,0.5358498035070122,0.697425553482085,0.29330051231887555,0.636697888358763,0.4646446181562425,0.09726518528886,0.4791666666666667,0.21223262945292098,True
165,4,0.5511016193027369,0.33364216620413517,0.05161756773690825,0.11498719967920563,0.15148368331349463,0.1230464128212887,0.17073998725034154,0.5511016193027369,0.8412661808409734,0.7993173491988538,0.7812676816627682,0.6214992429119715,0.451590370131143,0.09720831282483684,0.4583333333333333,0.2071664143039905,True
550,4,0.24997258816275736,0.6384196986616274,0.09106931978168727,0.12142132186689929,0.14823505343194018,0.10833604879428045,0.14592091185174935,0.24997258816275736,0.6230443639397085,0.7216627075061435,0.3226908566523865,0.6257600639715507,0.48555268752025427,0.09718279567374867,0.4479166666666667,0.2085866879905169,True
40,2,0.12312514655541407,0.33872617403274236,0.03718729781403837,0.04240889981957776,0.04615224647554575,0.06431957924817712,0.07124578495729034,0.12312514655541407,0.29047935533070646,0.4134595544201426,0.7292551254057333,1.4520997978738457,1.1155693872998427,0.09716855560166833,0.5208333333333334,0.48403326595794854,True
9,2,0.3182371324376636,0.33182705926780043,0.06606853095953501,0.09690837401538899,0.11059558481365982,0.13662484458585905,0.13654739136669589,0.3182371324376636,0.4231437878390304,0.5916668761275681,0.7117887045024764,1.698029515321743,1.2910500191499352,0.09686263147555613,0.4791666666666667,0.5660098384405811,True
522,4,0.17582841634651813,0.5824742734661379,0.0706076869808167,0.08567110099552193,0.11964801662493792,0.09282187634690835,0.10005193637374576,0.17582841634651813,0.602668144183664,0.641982997583767,0.3991626834937747,0.6330938633887792,0.437316064024742,0.09671461623106907,0.4375,0.2110312877962597,True
557,4,0.1883044681829662,0.6555105007923518,0.06899579331315857,0.08500206125159633,0.09530319895372037,0.07903235068192045,0.11890390420003645,0.1883044681829662,0.5353739643734285,0.7224982134683744,0.22732820782589447,0.6227431196270731,0.46667878596053924,0.09671425333193223,0.4479166666666667,0.20758103987569101,True
537,4,0.358958384543145,0.612590099783807,0.06002579693952992,0.10183018155085473,0.13480821268634235,0.09859897315484911,0.1299316407754847,0.4105303945711557,0.5780609817874209,0.6429315355599745,0.358958384543145,0.6315729055958949,0.4551512357136289,0.09648226703650402,0.40625,0.21052430186529827,True
539,4,0.29835349441006676,0.6151800181732948,0.0645175597591597,0.11346027831369199,0.15133423064882065,0.10644265426154886,0.14418535104274519,0.4313643442616697,0.5442794730367868,0.6066740735080427,0.29835349441006676,0.6313185020704962,0.45613090597662165,0.09644340306901102,0.4479166666666667,0.2104395006901654,True
485,4,0.07437991010889056,0.5150421411928782,0.07088809115679477,0.07658443451150039,0.07352425032892063,0.0840429849357706,0.08351032410520236,0.07437991010889056,0.41387695894743126,0.5597541328101904,0.5472841195162603,0.6306264477177533,0.4632444766805577,0.09633768135062584,0.46875,0.21020881590591778,True
559,4,0.25423479079983413,0.6598892718922614,0.09159618475272158,0.1467184789854438,0.16447912829791367,0.12137837677349905,0.1719761911021037,0.375701101959972,0.6466319955380786,0.7239988617385865,0.25423479079983413,0.6240722086139794,0.47761601675489374,0.0963273878989403,0.4479166666666667,0.20802406953799313,True
551,4,0.2373718140939275,0.6407449966113399,0.0889494011736982,0.1166353444805061,0.13599500464162073,0.10592394002447374,0.14475330729407743,0.2373718140939275,0.5539932633260725,0.7045950887430682,0.30369196574065693,0.6190283175511357,0.4628237288420678,0.09613733116655312,0.40625,0.20634277251704525,True
156,4,0.4688340737786514,0.3325200533191297,0.06133497042006253,0.11547233621778459,0.15656316707986365,0.13100992286931964,0.17207974371694754,0.4688340737786514,0.8161705163005919,0.7452071122199315,0.6872878291063551,0.6130551539878404,0.45651334114211295,0.09577654505784694,0.46875,0.20435171799594679,True
492,4,0.1773607305554824,0.5277309777086431,0.06984393403232758,0.08490226108399772,0.09238450399681053,0.07876168342101098,0.08417615599963006,0.1773607305554824,0.5624805497514407,0.6322228080710783,0.565416203569701,0.6262496916336987,0.461174070896746,0.09566906598490338,0.4583333333333333,0.2087498972112329,True
214,4,0.5517034789549307,0.34168606715993083,0.08121996502037405,0.18117464938392555,0.2182196476087833,0.21099339677778298,0.2630308693419939,0.5517034789549307,0.7990863151810998,0.6899531969405994,0.80829545269451,0.7013121076362042,0.5644983707095719,0.0954815631894146,0.40625,0.23377070254540142,True
158,4,0.4521408557861293,0.33217493885530264,0.06131145741936702,0.11191098673244475,0.15108352400925762,0.12656876381862592,0.16632562189146816,0.4521408557861293,0.8256685419647456,0.777374744217514,0.7142730947758205,0.6287919691612606,0.4776552976181847,0.09546409599156641,0.5,0.20959732305375353,True
118,4,0.587933027426982,0.335006845657807,0.0839719523742204,0.20378229259647984,0.2572017770377258,0.21681509654269618,0.2756625438332567,0.587933027426982,0.8283380170168478,0.8584142218550794,0.8284724198127008,0.6467262420422178,0.4462899432190426,0.09518153189588766,0.4791666666666667,0.21557541401407262,True
160,4,0.5268146101694151,0.3322441246823432,0.05658283585212972,0.11957857758961692,0.16001437535330595,0.12315931080057914,0.1656127364879675,0.5268146101694151,0.8382168506835036,0.779056041915829,0.7495106385460912,0.5815025585017963,0.4052468352830374,0.09515041910729495,0.3958333333333333,0.19383418616726544,True
2,2,0.5510797866691821,0.3358410521293718,0.04635466697924965,0.10325814165353701,0.12127473252963938,0.137260658957845,0.13642789194204433,0.5510797866691821,0.5967391123153207,0.6641515837058882,0.6774191648062575,1.648724633088674,1.2800588505371167,0.0951309416881157,0.4375,0.5495748776962247,True
520,4,0.07352782508087485,0.5818500673325884,0.08375678446682604,0.09040399348651507,0.11650355348689583,0.0943122882695054,0.09471481590055515,0.07352782508087485,0.413425473602147,0.4958914391464262,0.37005782757632777,0.622356085557693,0.4314746953649973,0.09507425905472688,0.5,0.20745202851923097,True
549,4,0.2075688755194992,0.636372925259153,0.07235566558458444,0.09130845993968133,0.11212212554386092,0.08519820663233668,0.11764305331367009,0.2075688755194992,0.5385689686303798,0.703798148570443,0.23750780616735,0.6216630687776951,0.4702590153488728,0.09496839031109316,0.3958333333333333,0.20722102292589836,True
224,4,0.5294645511813619,0.3421644613857756,0.07013442183773784,0.14905236579692907,0.18246210107385133,0.16596710115637814,0.19745377265760608,0.5294645511813619,0.7576925617239842,0.5832506178599335,0.7707131381701708,0.6973410405737704,0.5391833757604303,0.09494091418803181,0.4479166666666667,0.23244701352459016,True
31,2,0.3212642075360155,0.3369343969822708,0.04387354423452233,0.06464009224450967,0.06834291886405128,0.09199839397754365,0.1004125821731661,0.3212642075360155,0.3632069584813452,0.4168215627202294,0.7094906536821256,1.3806885124399755,0.9840268019998746,0.0940580675010496,0.375,0.4602295041466585,True
170,4,0.4601118378810891,0.33477618819599375,0.06837332532940588,0.12664349790715837,0.15534468810122926,0.13433544472531947,0.18245060137911176,0.4601118378810891,0.819401368496127,0.7623523286494613,0.7627145352770754,0.5995234210205099,0.3891887077193701,0.09393594481028292,0.4270833333333333,0.19984114034016998,True
552,4,0.20496791214499988,0.6442538903769057,0.09797613217808454,0.12323544379501028,0.13912870058035276,0.10781672154666655,0.14678597048469819,0.20496791214499988,0.5399726559317775,0.7059019091905008,0.2912058669703391,0.6048327518254778,0.4620743495557633,0.09393270859183317,0.40625,0.20161091727515926,True
555,4,0.2006565448323152,0.650701718424931,0.07726830573215852,0.09666471306248366,0.10992199139333447,0.09707405943713902,0.13233750585697734,0.2006565448323152,0.5220407783988179,0.7111596148599579,0.23279098141418952,0.6047251847313865,0.430423655646166,0.09391600303401929,0.4270833333333333,0.20157506157712882,True
151,4,0.5000324187077634,0.33265668101516777,0.05696075187544484,0.11392889060571039,0.15531491042260295,0.13118099224895285,0.16940301018551626,0.5000324187077634,0.8121531974688211,0.7727669886499091,0.7055145779361756,0.5825410636141637,0.4070728421744718,0.09376046294013247,0.40625,0.19418035453805457,True
106,4,0.7127322450706146,0.3363375423547676,0.07621435223411928,0.26530771702119466,0.3069907873501376,0.2866355848148072,0.34269412882186706,0.7127322450706146,0.8390534910456637,0.8733771193256887,0.8348193625660556,0.6295161063435136,0.4856745411841956,0.09368490717586259,0.4270833333333333,0.20983870211450453,True
99,4,0.6735257142592705,0.3345400941108191,0.09076796227890771,0.27802484374218484,0.31467614033432484,0.31505205830214233,0.37889641132912616,0.6735257142592705,0.8319765493247303,0.8755490770117806,0.8644446200168789,0.6846804310589741,0.5284963530002074,0.09356997746207987,0.3958333333333333,0.2282268103529914,True
223,4,0.4605952148307496,0.34232739273047563,0.07473823105961645,0.13855685584280764,0.17612126700748654,0.1516568340983603,0.18790973058101232,0.4605952148307496,0.7592075471508215,0.5653381768322934,0.7723406453315061,0.685837343538885,0.526957483686914,0.09337471995954422,0.3854166666666667,0.228612447846295,True
545,4,0.30510093638353775,0.6242345456609697,0.06514592001081443,0.0979637073316364,0.1338145335333539,0.09627253327983946,0.12414005410668046,0.33499944229064305,0.6049421254138865,0.7094877287666028,0.30510093638353775,0.6109141798103964,0.430546062561703,0.09332633574146253,0.3645833333333333,0.20363805993679882,True
547,4,0.24187959443242257,0.631617095956861,0.057895854339811,0.08850299550998149,0.11828778432432552,0.08707471275500689,0.11536341021131946,0.3458316974900423,0.516511374155981,0.6748032219729749,0.24187959443242257,0.6103522951846418,0.47147201947232986,0.09324049940803937,0.4583333333333333,0.20345076506154727,True
107,4,0.7330250091397612,0.3363419918867669,0.06710925596799511,0.25136907300476974,0.2947456373914581,0.27391424129533276,0.3372549946999979,0.7330250091397612,0.8587764834971673,0.8840858555892189,0.8330477374029258,0.6528906174252214,0.4985870184879104,0.09321695693328182,0.40625,0.2176302058084071,True
566,4,0.2313167695806776,0.6687370355577817,0.07257240263959523,0.19125470247009466,0.22113807686555406,0.1594907378136717,0.20529930116609738,0.6205457868365724,0.7411034381740738,0.7678445391372446,0.2313167695806776,0.6145418735752065,0.4409271371895329,0.09319530061538872,0.4270833333333333,0.2048472911917355,True
220,4,0.425979478844976,0.34121078232447294,0.08170835085101613,0.14234395433564892,0.17853995724351046,0.1651156796908236,0.2064934374911509,0.425979478844976,0.7744478466024686,0.6182953398271425,0.7844704401518083,0.7302241024126724,0.5504336086450223,0.09319266449884107,0.3854166666666667,0.2434080341375575,True
548,4,0.2541789217215481,0.6339756605646253,0.06520177369274682,0.08881474429077674,0.1139059219187007,0.08327857130292848,0.11304758737753777,0.26586768657151993,0.5586355164889929,0.7148845085855225,0.2541789217215481,0.6099947102366551,0.40881724445554823,0.0931858729252783,0.4479166666666667,0.20333157007888503,True
7,2,0.3560383296014983,0.33281826568285333,0.065705712224568,0.10203357629019666,0.11595930952769673,0.13990409180716443,0.14088068114484342,0.3560383296014983,0.4581172930420906,0.6120393997959788,0.7092852424432536,1.6921655312815211,1.1914222294111028,0.09313575465127771,0.46875,0.5640551770938403,True
503,4,0.10464439455249486,0.5479641976491414,0.07377643106191645,0.08239902739542515,0.10281078340630397,0.09847088875612127,0.08663399569718215,0.10464439455249486,0.4718844903289675,0.5572017844593065,0.4589067898678717,0.6083062728123009,0.4478259079614588,0.09292793869629604,0.3854166666666667,0.2027687576041003,True
1850,4,0.26562751461097933,0.2506965221586416,0.6130278685104492,0.834764211224102,0.8536897288232644,1.051044492897529,1.1178409885886793,0.26562751461097933,0.4052908435773904,0.4881995198601603,0.6630544547494122,0.8506045452411359,0.5908581121406442,0.09277966805242484,0.3645833333333333,0.28353484841371196,True
556,4,0.2057680269297839,0.6530946308129407,0.056602389169171076,0.10353582041122822,0.11874126354757857,0.10172986413522829,0.13774945161882268,0.453306218617333,0.5920085793506051,0.7310156003811591,0.2057680269297839,0.5965594793315029,0.43571937991970344,0.09264783952359591,0.4270833333333333,0.19885315977716764,True
176,4,0.570959548972169,0.33551202282435993,0.0631862033354403,0.14727330065048236,0.18217378081071134,0.1447235731897297,0.19856937156593343,0.570959548972169,0.851950115385843,0.7550200766590714,0.7563877180044252,0.5863422824367337,0.3851686433124968,0.09253180594179185,0.4583333333333333,0.19544742747891122,True
544,4,0.3423848096347073,0.6224861981624054,0.06865657844629543,0.10866307244602987,0.14372901148474027,0.10843469584466343,0.13581741042027806,0.3681700977082589,0.5990634931329719,0.7192781405286921,0.3423848096347073,0.6051528251626722,0.4325430241961925,0.09244620210575935,0.4375,0.2017176083875574,True
558,4,0.17960170725082036,0.6579076511095665,0.07085762500421922,0.09897545828898317,0.11545638744262805,0.09466545394877605,0.13523434154931144,0.28408894256055917,0.5878462062348622,0.7147714062636512,0.17960170725082036,0.5937854470157392,0.4467178833282759,0.09221702229626404,0.3854166666666667,0.19792848233857974,True
155,4,0.6519048665903204,0.33248093049333793,0.04262604240349832,0.12245515180280024,0.1628179426567892,0.13080086214416756,0.17091079861442626,0.6519048665903204,0.8352741390032639,0.805907659480164,0.7422484689722175,0.5608167233881112,0.4073104637348024,0.09216119117651872,0.4375,0.18693890779603706,True
185,4,0.3078163132802627,0.33509334952761466,0.0980315567351493,0.14162650553023207,0.17045939842141986,0.14340540524531006,0.19150493171060448,0.3078163132802627,0.8258164543539999,0.7240368612653383,0.7284528401623538,0.6436909597125595,0.49619033257556566,0.09204790616842742,0.3958333333333333,0.21456365323751983,True
136,4,0.576465425488245,0.33459109407044707,0.07422498176004266,0.17525129287404276,0.22633618476591355,0.19683978598645493,0.2403863408730933,0.576465425488245,0.831448225927529,0.844251600071843,0.8360346161607876,0.6424322719911993,0.5025420758322952,0.0920476348562892,0.4270833333333333,0.2141440906637331,True
289,4,0.42100942606243386,0.33731052417584373,0.13760054421590473,0.29176985028814073,0.3348142653623702,0.31013506409963537,0.37755755046848655,0.5283935469000114,0.5281257659412987,0.42100942606243386,0.7898931724435898,0.7390754940089117,0.5411523981893396,0.09193624548018438,0.375,0.24635849800297058,True
43,2,0.08072578439047873,0.3408199032594104,0.04073375077705246,0.04431077265671387,0.0487148477679771,0.06360902987059908,0.07026389052543532,0.08072578439047873,0.33478331898254665,0.419880536283043,0.743827622813871,1.3028974739182972,1.0809176956724116,0.09189860970371168,0.40625,0.43429915797276575,True
102,4,0.5963334050089422,0.33535338370225615,0.10955429281347391,0.2713979659770975,0.3096574705482686,0.2839433770365803,0.353794217091245,0.5963334050089422,0.8166327419264481,0.8654460452746324,0.8714429806367139,0.618488332467709,0.4438542530692047,0.09189818481689473,0.4270833333333333,0.2061627774892363,True
34,2,0.31354241220270307,0.33629688194587753,0.03728186543933596,0.054310515466754326,0.05866188040468761,0.07954092835112225,0.08605441583649132,0.31354241220270307,0.3587555341473244,0.40870386953383475,0.7221923896785807,1.3584005640505032,1.0119735378764574,0.0918917950602036,0.3541666666666667,0.4528001880168344,True
216,4,0.5287286385027277,0.3416148546702731,0.07540890604101369,0.16001164552293753,0.19909788708965426,0.19284055008549528,0.23094132955093372,0.5287286385027277,0.7865622147592006,0.6612064046836721,0.7986690298030783,0.7052391508555219,0.5574979399569457,0.09188111571595804,0.3645833333333333,0.23507971695184063,True
124,4,0.7384237659028832,0.33573062458032465,0.062340894695109984,0.23832782404828246,0.2838597904184185,0.2495180676759096,0.3126442970635031,0.7384237659028832,0.8530594705767028,0.8593374652981395,0.8144647096278503,0.6215029600711297,0.45112563879079914,0.09183631019266049,0.375,0.20716765335704324,True
1853,4,0.15068870094972486,0.2506103887130991,0.5799266316652086,0.6828198710104288,0.7081989249934709,0.8768604467186173,0.9444192127197976,0.15068870094972486,0.338821068582443,0.4561426546352527,0.6652409280047834,0.84369997829429,0.5870182694410531,0.0917881813657476,0.3645833333333333,0.28123332609809665,True
207,3,0.1987333914405469,0.4825859083821766,0.1465636004860149,0.18738367831358985,0.17860764589033915,0.23059784585798881,0.21732721794746532,0.21784222721501834,0.1987333914405469,0.30880054205185214,0.28079860788906064,0.5048516708898866,0.28297885697523206,0.0917742621878046,0.3854166666666667,0.16828389029662885,True
1182,6,0.13314331661585477,0.45877734720058677,0.061950012417471195,0.07146511482800463,0.08877669902717772,0.0769867277972172,0.07007371271796348,0.13314331661585477,0.4810366660182275,0.5512597631677749,0.43904149100966605,1.5516996650144137,1.2570224672049903,0.09171072260587808,0.3125,0.5172332216714712,True
565,4,0.20971762269689875,0.6676478596961692,0.060953968033219695,0.13517052884056038,0.1592088263652851,0.1237597451781373,0.16294100054684701,0.5490587441207868,0.7000556020423101,0.742726029166827,0.20971762269689875,0.5891423867339421,0.4149727217087218,0.09169927906548649,0.4166666666666667,0.19638079557798072,True
35,2,0.3025645088164095,0.33618719933868374,0.04179597887869178,0.05992809285882692,0.0657717655580843,0.08688198951780594,0.09367693751039859,0.3025645088164095,0.3726066222635308,0.4218972054114406,0.7237005542484328,1.3417587616986073,1.0032560403325732,0.09167091442442667,0.3645833333333333,0.4472529205662024,True
495,4,0.13367788577932094,0.532894838866082,0.07149227867456591,0.0825238990221074,0.08928119547959341,0.09931490061928505,0.0874843623943929,0.13367788577932094,0.4120994720626686,0.5670782816496942,0.510236312507909,0.5991316382082671,0.4549794510931804,0.09152637517451456,0.3958333333333333,0.19971054606942237,True
29,4,0.04245253642550817,0.3476132375764204,0.13777859355535685,0.14388695996440123,0.17716955562458472,0.16648729797404213,0.1946315641925106,0.04245253642550817,0.7252757090173667,0.8711415824991917,0.8135380656396067,1.0098632484455048,0.7351917023856913,0.09151456916372908,0.40625,0.3366210828151683,True
32,2,0.2859766378831652,0.33667212328198415,0.043411336858352856,0.06079820235804765,0.06508481682727392,0.08689286826514547,0.09532205947883106,0.2859766378831652,0.3776044833533735,0.4503896426443885,0.7196402520075378,1.373244187587173,1.0215100945873132,0.09140708767163391,0.34375,0.4577480625290577,True
2028,2,0.13580895411365923,0.25024054437910737,0.025097042555086473,0.037256896807045574,0.04133220649245856,0.029799676499974132,0.028030759926188892,0.326378611587951,0.17398205529448296,0.13580895411365923,0.1421523563078494,1.1862975281205612,0.7638185812099039,0.09138257535214173,0.3229166666666667,0.3954325093735204,True
175,4,0.32247484079770583,0.3354923155672821,0.08631125884044073,0.12739196126983984,0.15929017071680254,0.13377000990783725,0.18105855848045094,0.32247484079770583,0.8063985830441117,0.6847561174253468,0.6989070079678714,0.620091108103337,0.4646403304563762,0.09137470199055228,0.4270833333333333,0.20669703603444567,True
1183,6,0.1520663381806675,0.45932742433777507,0.0621883587373372,0.07334106609696968,0.0902945407211752,0.077525109766657,0.06933185522974336,0.1520663381806675,0.47119883205615365,0.551882965484257,0.4243834417817788,1.5449933879715008,1.2804937013975177,0.0913143588458878,0.3125,0.5149977959905002,True
1051,6,0.1896635892508317,0.4623150380902028,0.16216640734742635,0.24888940991805333,0.2998313278762694,0.18867647370952598,0.22544536840694218,0.34843990589708285,0.1896635892508317,0.3880124680855963,0.38499670290725585,2.187018417072159,1.74470387889167,0.0912586015449323,0.3229166666666667,0.7290061390240531,True
183,4,0.3095101839795289,0.33542622801190214,0.10054095454097656,0.1456081642455329,0.17814253998168908,0.14806716601844938,0.1916406929518494,0.3095101839795289,0.826005781865833,0.7450446079636128,0.758646064861597,0.6369308649109051,0.4777937488299955,0.09108121157282487,0.4270833333333333,0.21231028830363505,True
225,4,0.5267026750040025,0.34217853123909947,0.07498064171627809,0.15842185821969768,0.19282885786840578,0.1661286443884585,0.20618819051926499,0.5267026750040025,0.7560557567562888,0.5800737346522158,0.7910143156999164,0.6858234315664694,0.4794731440485833,0.09102040836119049,0.3333333333333333,0.22860781052215648,True
126,4,0.6271751888543291,0.33580111069429197,0.07536379270285194,0.2021426430050699,0.24072085123534817,0.21703644952329734,0.2714885066884715,0.6271751888543291,0.8199796691796829,0.8510485294313517,0.8395312015614801,0.6106221897547185,0.484840652716656,0.09101791851061518,0.40625,0.2035407299182395,True
497,4,0.026601221629416916,0.5351614043734011,0.07455633682994096,0.07659382617547994,0.09042708037034981,0.08861655400782527,0.08220414384227803,0.026601221629416916,0.43393360439345996,0.5729325654416477,0.5172893288985303,0.5945662867235088,0.466820418369025,0.09082894902281421,0.375,0.19818876224116957,True
294,4,0.32423433293829595,0.33535590147892974,0.11714801956213942,0.2453435817339793,0.2773623293401511,0.2554848365829014,0.32652656598344737,0.5225144316627754,0.46944117895901183,0.32423433293829595,0.7775562624520586,0.7293440347260086,0.5363942961538726,0.09072571443597334,0.40625,0.24311467824200286,True
190,4,0.5045343724811663,0.3361324953180055,0.07696945683697794,0.15534772255024323,0.1879949188437006,0.1528510696067372,0.20859660613442754,0.5045343724811663,0.8348422841588771,0.754573372669678,0.802893311729451,0.6340678455338041,0.4761140769856098,0.09067179936187901,0.40625,0.21135594851126804,True
93,4,0.6551837207724688,0.337990105264867,0.08658172482854602,0.2510952354758576,0.30081216308438297,0.2840992771733298,0.34424057145918835,0.6551837207724688,0.8164584907075837,0.8702561200383547,0.8564882837233483,0.7199535570801855,0.5817495853392529,0.09064000508348807,0.3854166666666667,0.2399845190267285,True
6,2,0.5021009779462124,0.3333180471007067,0.05403637543626929,0.10852878403611683,0.12313845536905793,0.14641033967743158,0.14745649196632993,0.5021009779462124,0.5483785219704409,0.6276289337939686,0.6856876182058769,1.6869960236278323,1.2696859014028803,0.09054173386273336,0.4270833333333333,0.5623320078759441,True
14,2,0.471721228622761,0.3354477712056341,0.04453435196520045,0.08430085473451454,0.09611605770286036,0.11832954678333696,0.11609176618533629,0.471721228622761,0.49465453434310747,0.5706640163356604,0.6981151765993826,1.552949672466879,1.24100350695538,0.09052459766140705,0.3958333333333333,0.517649890822293,True
101,4,0.733285364157441,0.3348651471126555,0.07494205695292792,0.28098216926185504,0.3242799568946763,0.30055896265847376,0.37282124563322094,0.733285364157441,0.8540194847760572,0.8822667330990644,0.8522797121731014,0.6195423804920915,0.48293594578574073,0.09044621797956014,0.3854166666666667,0.20651412683069717,True
1181,6,0.11171180622636301,0.45829665188422125,0.06183754007626379,0.06961427666123174,0.08720297871170479,0.07703948750869842,0.07134216492424819,0.11171180622636301,0.49823286513872433,0.5613682374921412,0.4455116671436289,1.5301811698316523,1.2568204950648578,0.09043890642450136,0.3333333333333333,0.5100603899438841,True
1851,4,0.25356757730403245,0.25067478456153963,0.6285053608052283,0.8420124068769551,0.865617282432433,1.0470625183668425,1.1234045643633224,0.25356757730403245,0.3970849387414125,0.4745645157085806,0.6552528021944086,0.8189255749882673,0.6038051330908623,0.09039433751736625,0.3333333333333333,0.2729751916627558,True
13,2,0.30034711154327043,0.3339595437093161,0.05950949452072857,0.08505574050011082,0.09799728863373856,0.11864093997237009,0.1196543223396969,0.30034711154327043,0.4110028770596069,0.5560261631477157,0.7052317855378292,1.550456336913872,1.2119926598592627,0.0903792560564777,0.3958333333333333,0.5168187789712907,True
194,4,0.6133583271891978,0.33793501056114095,0.07799728872910139,0.2017301657166901,0.24230844355413073,0.2087466512363044,0.2748999195768496,0.6133583271891978,0.8213446904534705,0.7714181022908626,0.8284227041394551,0.6384800731133922,0.48658090561076506,0.09029837190656417,0.40625,0.2128266910377974,True
186,4,0.3570856675896018,0.3349184449178195,0.09470330718873814,0.14730315131361107,0.1809500929277458,0.1452147038947449,0.20001518438736499,0.3570856675896018,0.8283417597692081,0.7364768772335804,0.7563868132615852,0.630476378222434,0.496560181267256,0.09015821898437673,0.3333333333333333,0.2101587927408113,True
221,4,0.529196871973166,0.3417691964728213,0.07752842761400676,0.16467271137074505,0.20241090535773396,0.19140482359463906,0.2350890572385187,0.529196871973166,0.7723554341526473,0.6282446035669575,0.7936710581509303,0.698675886835094,0.5590303085639903,0.09012729992170934,0.34375,0.23289196227836464,True
1184,6,0.13629186082722733,0.4598868192263394,0.0643740933198688,0.07453222958107573,0.09075762857985996,0.07766151966133847,0.0695426160565371,0.13629186082722733,0.4603712413007055,0.5490829768191211,0.39984982983333917,1.5239696094482234,1.2787784918382386,0.09007178210004711,0.2604166666666667,0.5079898698160744,True
1865,0,0.16401118880365018,0.3778246306495661,0.07769013879213481,0.09293203180668841,0.09412399204348902,0.10746965091054322,0.11455707336753762,0.16401118880365018,0.2701721569257646,0.3598508184576136,0.46974989115729693,1.2521046315945186,0.8999707570503688,0.09004707136117081,0.3020833333333333,0.4173682105315062,True
154,4,0.6849750239807642,0.3326409817732945,0.043409279202459995,0.13779630983865024,0.18047415596593597,0.1585399531797901,0.19806034806587336,0.6849750239807642,0.8487149115168086,0.8024766516780952,0.7269417077035257,0.5824239932713097,0.4413935282846637,0.08989418784655281,0.3854166666666667,0.19414133109043655,True
290,4,0.4004025294493714,0.33709573016849537,0.13567161375517664,0.29043627439148273,0.33313780103936025,0.31032955109818666,0.37534603975933045,0.5328695975066009,0.5247999981431616,0.4004025294493714,0.7737786599864745,0.7212079455756045,0.5298129534849494,0.0897136371915732,0.28125,0.24040264852520152,True
187,4,0.3277649975120418,0.3350160073702151,0.09768613095141454,0.145315448600379,0.1757671972504332,0.14526429366154922,0.19443548855538792,0.3277649975120418,0.821307687316503,0.7258589259244671,0.734469174765386,0.6273261117694803,0.47737369255600015,0.08970773039743664,0.3958333333333333,0.20910870392316008,True
200,4,0.5649198052590313,0.34015977024587674,0.08390942440803932,0.19285967373898968,0.22836264256532587,0.21055201706915216,0.26163868033734633,0.5649198052590313,0.824063531006292,0.7187810435456476,0.7893987457307218,0.6698326739106472,0.5335128235308417,0.08970756958977755,0.3854166666666667,0.22327755797021573,True
150,4,0.534989095574322,0.33248808376669486,0.056401602673375795,0.12129092487204322,0.16491594852600944,0.1378462189339514,0.1785334119162029,0.534989095574322,0.811835044194192,0.7787318321288399,0.6975247818530972,0.5675174416148703,0.4298171535844375,0.08970646630597591,0.4375,0.18917248053829008,True
513,4,0.03173695711538482,0.5740271764467938,0.07542410322750397,0.07789629458830023,0.09629268620339815,0.08696374623152951,0.07828925504838995,0.03173695711538482,0.47039574415057306,0.5459999989840584,0.4032813945927701,0.5863708786285837,0.39599812835859893,0.08957697708848679,0.40625,0.19545695954286124,True
281,4,0.5074154358952525,0.3379408177327167,0.15963862522032604,0.3736773391862771,0.4241336324360557,0.3767196185802744,0.4601588383204896,0.5727901896112928,0.6284495423613488,0.5074154358952525,0.8212060460665473,0.7098399507836639,0.558456448346405,0.08953941297843042,0.3854166666666667,0.23661331692788798,True
201,4,0.5393532423386642,0.3401862901233958,0.08256906430148166,0.1792459469826245,0.21299244290345642,0.1947954048240632,0.25001230306734695,0.5393532423386642,0.8210364517052899,0.7315620558557339,0.813506465499592,0.6572628956291737,0.5052413903674591,0.08948439363552042,0.3645833333333333,0.21908763187639124,True
217,4,0.4122597351565658,0.34161042613812087,0.09232634294107855,0.15708697951070785,0.19518204408224582,0.18377537959222398,0.23182051622478195,0.4122597351565658,0.7774151457671133,0.6099157879877771,0.7583923742997382,0.6998420893313817,0.5902265062877632,0.08946761823132231,0.3229166666666667,0.2332806964437939,True
198,4,0.6022096907306536,0.34013036471433306,0.0845012838212238,0.21242670284360146,0.24783329897832798,0.22699610637553155,0.293036476201892,0.6022096907306536,0.8173498703101204,0.7298002407203783,0.8172999491476917,0.6569939116190149,0.4711287268572306,0.08944777226041044,0.40625,0.21899797053967163,True
209,3,0.18494033932302645,0.4825998133480796,0.1427558909813919,0.18202601837990284,0.1812818043114103,0.20210717444902768,0.19186795234093523,0.21573908910401507,0.18494033932302645,0.2308322578990123,0.1994400604407881,0.4876068156334678,0.250737459240181,0.08917463060371937,0.3229166666666667,0.16253560521115593,True
191,4,0.47806294736467125,0.3361283561628999,0.08219097987417372,0.15747297391357953,0.19148578830744775,0.15893905571988798,0.217880506091764,0.47806294736467125,0.8142626016210381,0.750195601733165,0.7981059674543183,0.6333099945824413,0.473687653799999,0.08907807756011278,0.3854166666666667,0.21110333152748043,True
182,4,0.37991592043184563,0.3354982865722135,0.08871538693576753,0.14306993173821145,0.17661813740786458,0.14192264309587324,0.19204859811343292,0.37991592043184563,0.8365501139495581,0.7465292467519378,0.7480813568826006,0.6223370848232049,0.3982162523184485,0.08899429877735053,0.3958333333333333,0.20744569494106832,True
219,4,0.5047769472089791,0.3413688653741368,0.08127651088137415,0.1641210166273742,0.20953728761042104,0.19534361492974459,0.23470595714063602,0.5047769472089791,0.7731964571258929,0.6664927392139397,0.8162946925254425,0.6590061395397218,0.5366612400487725,0.08883501089787692,0.3333333333333333,0.21966871317990724,True
15,2,0.4568161169473397,0.3362084518860087,0.04494900940708857,0.08275099981700097,0.09491586989301155,0.11515717392498885,0.11258667151711327,0.4568161169473397,0.4605311536352188,0.5397291298613103,0.6862864703096665,1.5222982446886482,1.1210792903832854,0.0887378635408065,0.3229166666666667,0.5074327482295494,True
162,4,0.6174167255383086,0.33192805616133075,0.05729591807665028,0.14976064533209854,0.19395246326648966,0.14737492732925883,0.19811742994078108,0.6174167255383086,0.8443331420048825,0.8012565318485576,0.7762946173140094,0.5816962714797599,0.4162120052829721,0.0885174575072183,0.34375,0.19389875715991997,True
199,4,0.6098251192552988,0.34014647785579366,0.08072440343203861,0.20689287654286007,0.23967337063151742,0.23044177760069884,0.2888409912113163,0.6098251192552988,0.8318757182453432,0.7313607313544335,0.8002034280418595,0.6795385049659893,0.5130192779248688,0.08851253062624673,0.3125,0.22651283498866312,True
493,4,0.12025292043133862,0.5291897409903006,0.0734274750504554,0.08346430099711928,0.08710632877820501,0.08348672865277385,0.08357386689689372,0.12025292043133862,0.468694752010283,0.5990843249358611,0.5265565645249541,0.5783541074056409,0.41261116727270064,0.08835229462499075,0.375,0.19278470246854695,True
173,4,0.45854197770215743,0.3352366295636504,0.07160508977952669,0.13224495128107736,0.165077530167019,0.13381895374800878,0.18431576380096107,0.45854197770215743,0.8252760516922437,0.745558114072213,0.7498638772492185,0.5868950557002724,0.4005193003982299,0.08834755766680012,0.3854166666666667,0.19563168523342414,True
197,4,0.5912681424131467,0.3391987280187344,0.0828161314277529,0.2026172657954731,0.24292753801042352,0.21721423373603832,0.27728580481168547,0.5912681424131467,0.8199735891947002,0.755322097044558,0.827259154102765,0.6488253535155911,0.48418933727568003,0.08833564730459398,0.375,0.21627511783853037,True
184,4,0.5180371558033889,0.3358775387438545,0.07970386733474995,0.16537346871128453,0.20168925054054285,0.15722036397054348,0.21481413255178042,0.5180371558033889,0.8573848013290005,0.7812108649044731,0.7717422240748555,0.6165197941339459,0.41846055808058225,0.08816242531472104,0.40625,0.20550659804464863,True
1685,6,0.004026627739759037,0.41216232914352746,0.08581463289425295,0.08616157347611315,0.09774851569991345,0.11795132247653266,0.14395209307732695,0.004026627739759037,0.40667687718523715,0.5378319390439313,0.1564810485255128,1.3082708246810737,1.029403749355268,0.08815521185350413,0.3125,0.43609027489369123,True
180,4,0.4423992577636102,0.3352646672614703,0.07513355266625273,0.1347443555489396,0.1689080120109033,0.13472585137980664,0.18271259047374722,0.4423992577636102,0.8449577359091696,0.7476508725370106,0.7533592913882964,0.6159746568950345,0.4392435925839777,0.08808447060577401,0.375,0.20532488563167817,True
1180,6,0.08367039035202217,0.45791312799796197,0.06166486912188197,0.06729551077758088,0.08456318487070225,0.07597556142817101,0.07102793766241763,0.08367039035202217,0.5134856081160246,0.5744455047036117,0.4517871721954694,1.489077005375113,1.2442431547589479,0.08800951064037257,0.3229166666666667,0.49635900179170434,True
1855,4,0.26027588112600986,0.2505442944762758,0.444757474254174,0.6012477664391759,0.6301696790039277,0.7596645628619362,0.8193840139663813,0.26027588112600986,0.43272393237939,0.5292771783408534,0.703663365686684,0.7681402308893189,0.49646170248323074,0.08779960582982559,0.3541666666666667,0.256046743629773,True
125,4,0.6675402410371092,0.33579945132505973,0.06864845132619646,0.20648649791585458,0.2419873581036295,0.22828437875620722,0.2793130979123271,0.6675402410371092,0.8396111080700517,0.8506786215323399,0.7983880284205847,0.6323172018831643,0.47537396466353243,0.08778363878741181,0.375,0.21077240062772143,True
127,4,0.5391457867070044,0.33584683880569227,0.10011691613640321,0.21724205453396225,0.2536694197922918,0.23913448660436534,0.2887315828305536,0.5391457867070044,0.8063209942109292,0.8406877520984816,0.8401716631773648,0.5925119309990082,0.4466034985608758,0.08774894573349462,0.375,0.1975039769996694,True
208,3,0.19908893251498605,0.4824036192175013,0.13974687056067456,0.1869282786918264,0.18395286485490284,0.20977362870061,0.20370774738818487,0.2524038014009429,0.19908893251498605,0.28526158949627733,0.28026597296405686,0.47962218914463106,0.28274288808296966,0.08771438416166406,0.34375,0.15987406304821036,True
152,4,0.5818803905609435,0.3327575843528689,0.05356850020898755,0.12811764624207486,0.171781382921115,0.13979007988409733,0.1808825906132315,0.5818803905609435,0.8242781261674338,0.7930503844745272,0.7437635396636579,0.5704229691562368,0.41379443412289163,0.08769110400308634,0.3958333333333333,0.1901409897187456,True
210,4,0.5631599781469612,0.341258719158565,0.08339567153530665,0.19090666459897424,0.22777320258831324,0.20504528312806633,0.2567143628834545,0.5631599781469612,0.8090271099170386,0.7079390719154333,0.7965747649632924,0.6684188740361948,0.5251393606307175,0.08763918065734709,0.3541666666666667,0.22280629134539828,True
287,4,0.4647343321149028,0.33728157341025045,0.19190763335349192,0.3585278206086772,0.40451916963954576,0.3776764374920349,0.4566990465549751,0.4647343321149028,0.5685562794627537,0.5020316841463094,0.8158787631257343,0.7034273498514132,0.5428013645701668,0.08750184526160906,0.34375,0.2344757832838044,True
195,4,0.6559040771087137,0.3383781591818428,0.08327652181112688,0.2420154273011752,0.2884315161350301,0.226760734294052,0.304886250012473,0.6559040771087137,0.8284561487187444,0.7740995068020715,0.8451083947510406,0.6265528850341884,0.4565812527754787,0.08742544899952137,0.3645833333333333,0.2088509616780628,True
179,4,0.1900601989077627,0.3348350426212973,0.1086476640224235,0.13414288799724083,0.16552166722928266,0.13195195893017608,0.17672785881053388,0.1900601989077627,0.816103054927874,0.7181255201942609,0.7298149540380707,0.610846158679319,0.42660345337822037,0.08735109457272248,0.40625,0.20361538622643968,True
208,4,0.6043808744503691,0.34112877625408683,0.07812928753989601,0.1974861236330563,0.23241611968982964,0.2076355779198312,0.26003526763879153,0.6043808744503691,0.8124857955281669,0.7081694805043525,0.8083373497584746,0.6406350629979259,0.484540928664714,0.08722056354504226,0.3541666666666667,0.21354502099930864,True
192,4,0.5343380570328657,0.3367832414097878,0.07925301864272664,0.17019432195325482,0.20743149295816954,0.16508807216627538,0.22687404556422353,0.5343380570328657,0.8135477119902088,0.7706483002752835,0.8244273559923756,0.6111162549557067,0.4225864318551231,0.08716404026031922,0.40625,0.2037054183185689,True
188,4,0.5491799174147227,0.33499246430189067,0.08316833785274576,0.18448232690923572,0.22217309776124047,0.18008940731748865,0.24549897145569588,0.5491799174147227,0.8277999679443913,0.7853196299648058,0.8212178146769256,0.6086261444431843,0.40464213128899473,0.08703363219575894,0.40625,0.20287538148106143,True
1185,6,0.12619999669617554,0.46030281471254053,0.06771146645254934,0.07749080590127412,0.0933138280215563,0.07967004176075194,0.07138245930003594,0.12619999669617554,0.44682470232359595,0.5440164387733544,0.36458742932831334,1.471774973519959,1.2277252862113244,0.08698690176846091,0.21875,0.4905916578399863,True
1862,0,0.16105294623489574,0.37701879164782764,0.08316541424368525,0.09913070660472291,0.10494507623540827,0.13131994163183483,0.13456222638971904,0.16105294623489574,0.3176127983883291,0.39656369219768406,0.47761117047823576,1.2093570908117015,0.7597860717971798,0.08697281481882183,0.3333333333333333,0.40311903027056717,True
164,4,0.6453311518783984,0.3328454163874337,0.046860894373242555,0.13212576921099042,0.16983632459614842,0.14010136503268736,0.18723698092739438,0.6453311518783984,0.8450071500261395,0.8032040329494379,0.7747757294698624,0.577395224418747,0.41037492432309364,0.08693259267530395,0.3958333333333333,0.192465074806249,True
163,4,0.6227400924192347,0.3324563351904349,0.05525128589863293,0.14645416803746766,0.18846965061536336,0.142456775316982,0.19571066263224543,0.6227400924192347,0.8553660035249047,0.8016159810317388,0.7641821481803672,0.5554560208672725,0.3747243596898642,0.0865500960456541,0.3645833333333333,0.1851520069557575,True
207,4,0.5663386151572165,0.3410339444899633,0.08154733981556712,0.18804381175218246,0.22092457861139522,0.19979454242449313,0.2470801044029729,0.5663386151572165,0.806845962005777,0.7030382016521627,0.8066013789073927,0.6457593253811122,0.4551230198822509,0.08651102417527652,0.3645833333333333,0.21525310846037074,True
153,4,0.7059640701675496,0.3326889062172932,0.050343220386962706,0.1712145193128256,0.22216173956794347,0.17854799984288702,0.22801351003339101,0.7059640701675496,0.8582306232643289,0.8148353581968155,0.7595784647405995,0.5376471113400665,0.34949373560905883,0.08649405488986177,0.3854166666666667,0.17921570378002216,True
278,4,0.4638775095581814,0.33846053560545625,0.12536420223704559,0.36122462551638473,0.41313855012272754,0.35031595947753164,0.42392970630761057,0.6529466891748242,0.6272217642676317,0.4638775095581814,0.7964610331421443,0.6733074685287477,0.5530864500461519,0.08645479779886317,0.3125,0.22443582284291588,True
97,4,0.4785853987071278,0.3341079789033447,0.17009292409349705,0.32621434779874514,0.37599644183032693,0.3395441859735218,0.41407242721665166,0.4785853987071278,0.7568449631764602,0.83479424889947,0.8652963417921377,0.6223798984284556,0.46222884506384787,0.08629644953446905,0.3229166666666667,0.20745996614281856,True
41,2,0.18955290962713378,0.33977554929519815,0.03955981052356773,0.04881232963075636,0.053339527315340064,0.06889063372944154,0.07625090985728429,0.18955290962713378,0.3517070741538868,0.44184847110004644,0.7383844222757081,1.303484844701257,1.0003468165286478,0.08623072167952514,0.3333333333333333,0.43449494823375234,True
280,4,0.5112805666664794,0.3384145789132695,0.14080955678812193,0.3828599986920002,0.4386011070439461,0.387087723557729,0.46781642210415947,0.6322165876059589,0.6352718169202776,0.5112805666664794,0.827810779800126,0.6977546710610039,0.5488045593216384,0.0861517665027159,0.3125,0.23258489035366794,True
1400,1,0.062123398065033975,0.9802114543375758,0.18727124703327827,0.26619406343037505,0.2962638233549244,0.19700176907290787,0.2007050449046901,0.29648601242281125,0.45292698883893867,0.2630685614315973,0.062123398065033975,0.9230158459661022,0.49648248121629024,0.0860861661866401,0.34375,0.3076719486553674,True
501,4,0.148397655053921,0.5428465399669866,0.06693687171831482,0.07860108901244638,0.0945632929002372,0.09051211606552793,0.08208188539942274,0.148397655053921,0.48020750798863965,0.5972929616902856,0.4942141793977616,0.5629630744795004,0.42315794075342694,0.08600108269745178,0.375,0.18765435815983347,True
189,4,0.4628122270191266,0.33557003423362625,0.0908293369587659,0.1690830311619916,0.20320587638111265,0.16863150119494108,0.22511544255985902,0.4628122270191266,0.8448147282090294,0.751274642821587,0.7733237055300245,0.6007712108380433,0.41710675142603293,0.08591037548299088,0.3541666666666667,0.20025707027934778,True
21,2,0.43675639958374446,0.33937142223633837,0.04093237392586731,0.0726725947629355,0.08433396129426202,0.1000077062225262,0.09708042558889347,0.43675639958374446,0.43788145132059964,0.5145088824596861,0.7036306239611136,1.4722714980062133,1.1049242557986645,0.08582170264002036,0.3333333333333333,0.4907571660020711,True
16,2,0.4081897811429972,0.3372457011543788,0.04876623032632297,0.08240180512683272,0.0955192777437891,0.11281348776719147,0.11232709986726323,0.4081897811429972,0.41866693933472265,0.5268501173945106,0.6944477317507358,1.4722425922367504,1.1782865727309186,0.0858200176638765,0.2916666666666667,0.49074753074558347,True
29,2,0.36071172864852397,0.3373902433726914,0.044707295630259956,0.06993292014531612,0.07584798992311266,0.09625439601794061,0.10273822975280607,0.36071172864852397,0.39758705151456963,0.4468920167789536,0.7170595845988552,1.3424017904471186,1.0090334156589336,0.08579710086872136,0.34375,0.44746726348237287,True
104,4,0.5781933011803898,0.3366188320501791,0.10909418182743573,0.2586354890349689,0.30255239584743787,0.2702600955233745,0.3400202541258069,0.5781933011803898,0.814523462570424,0.8663049365864457,0.8587778402736119,0.6175448310277817,0.46870147379422633,0.08560860462620395,0.34375,0.20584827700926056,True
181,4,0.41098956003083853,0.3356886850804066,0.08981385188238455,0.15248261454769274,0.18768358324358822,0.15170490301797512,0.2005807465160531,0.41098956003083853,0.8385081916570912,0.7262491039876615,0.7496650695621165,0.5968411650762118,0.4164976214192251,0.08534837833503615,0.34375,0.1989470550254039,True
567,4,0.2176870272806961,0.6698875667844427,0.07392113524437782,0.14141439072509554,0.1638692460189035,0.12896191187933295,0.1703427587352754,0.47727289376031157,0.6648020952230562,0.7341474819240242,0.2176870272806961,0.5823322860562937,0.41755336377661934,0.08527754973198667,0.34375,0.19411076201876457,True
132,4,0.5995977385844168,0.3354454546511943,0.11613181052706019,0.29003784872864474,0.34539360778916156,0.30164596009348993,0.3571402077071328,0.5995977385844168,0.8225317268133105,0.8325835827239402,0.8486569759804995,0.5934094664521972,0.4377022336385039,0.08527173147413057,0.3125,0.1978031554840657,True
282,4,0.5221164682939043,0.3379110488834253,0.13222028431206492,0.38746284016989874,0.4420891030080886,0.3911465457274585,0.47402262633578873,0.6587536387900125,0.6615583007929886,0.5221164682939043,0.8063518947893622,0.6638422788653623,0.5323953936205328,0.08526007321608593,0.28125,0.22128075962178742,True
5,2,0.49804997960962394,0.3337303945665219,0.0588733585648159,0.11728928413834704,0.13523421906697217,0.15406299485649824,0.15649394368385874,0.49804997960962394,0.5569109999870154,0.6392239185398849,0.7106680254772908,1.6095338106395896,1.1572105261691803,0.08523938165644378,0.3229166666666667,0.5365112702131966,True
30,2,0.3531338882247792,0.33711069915537745,0.047172153490339215,0.07292413782642403,0.0778639612380217,0.10033661760970403,0.1089928557246395,0.3531338882247792,0.4205523430823076,0.46585176022922115,0.7220279250673072,1.3439010098403257,0.970854971567185,0.08516177270574771,0.3333333333333333,0.4479670032801086,True
283,4,0.5396193071783162,0.3378697745600021,0.1653352223335829,0.37541443184249995,0.4260537862449145,0.38450284323196726,0.45915270444076234,0.559592790500534,0.6277371459911594,0.5396193071783162,0.8260192822348662,0.6827835445698849,0.526921384020298,0.08515115473369403,0.2916666666666667,0.2275945148566283,True
103,4,0.6621810273099854,0.33631870257479135,0.09599602076755105,0.2841640894327086,0.3338794970068742,0.2982928774221654,0.3727551346243401,0.6621810273099854,0.8326826388796031,0.8742065615858302,0.8562832844320798,0.6081824539525874,0.47071862911195694,0.08509215200896843,0.3125,0.20272748465086246,True
193,4,0.6309126927338086,0.33724522157222253,0.08042542063473619,0.21790351239776484,0.26339013197150773,0.2098436622608825,0.27819723948513175,0.6309126927338086,0.8189574185206943,0.779156680716805,0.8472354821480457,0.6201096189796415,0.4252737131680817,0.08501275133065306,0.34375,0.20670320632654715,True
92,4,0.6672406189593952,0.3376584416169558,0.08828600044441763,0.26531483550765644,0.32044227324588376,0.2944883686542344,0.3582411625159474,0.6672406189593952,0.8317937680967538,0.8682514512902313,0.862989410751629,0.6735887450977973,0.5480443916292188,0.08480281356960466,0.3541666666666667,0.22452958169926576,True
227,4,0.4639525131396415,0.34166165109658936,0.0826377284743048,0.15416120866141117,0.18585864151786025,0.1496962583435034,0.186541416736147,0.4639525131396415,0.7491136494753963,0.524961990080892,0.7521599653900848,0.6224455048468395,0.4974601833004755,0.08474410915750243,0.2708333333333333,0.20748183494894648,True
20,2,0.3567966765665235,0.3388707600128728,0.049944687908609925,0.07764992202154793,0.08978417908117158,0.10562907067656828,0.10416555070562424,0.3567966765665235,0.43817415659923,0.5426627244341085,0.7281898426334119,1.452027930539812,1.0571173761767625,0.08464166388369897,0.3020833333333333,0.48400931017993737,True
1179,6,0.022338964266553574,0.4576174444072715,0.06440131127121215,0.06587284234243615,0.08232569070643266,0.07402512105087627,0.07125884370820194,0.022338964266553574,0.5243281694468934,0.5772675637493773,0.4609298711155124,1.4315535344876253,1.20109465534469,0.08460967805624897,0.23958333333333334,0.4771845114958751,True
209,4,0.6213296253210514,0.34129130577488115,0.08013589965215469,0.21162442327339978,0.2482431331471866,0.22471581182228015,0.27943117630139014,0.6213296253210514,0.8123137760717585,0.7236920631823831,0.8200155607085928,0.6310034425758874,0.49636751139907176,0.08453411548197395,0.28125,0.21033448085862913,True
130,4,0.6647126279259228,0.33530392731011105,0.09133714441935226,0.2724145077529867,0.31889809837093325,0.2763200915527708,0.33240745018068596,0.6647126279259228,0.8437223963476318,0.8538561593223222,0.8317840979350664,0.5744574008154846,0.43893252687432494,0.08444188376513118,0.3333333333333333,0.19148580027182818,True
1838,4,0.2798324887126643,0.2510412705589484,0.9661004225937213,1.341494037778472,1.347529692822748,1.61413750882153,1.6452078497351585,0.2798324887126643,0.39570669738235664,0.4721046371577792,0.6103286195312663,0.8119718385262379,0.47008792229291885,0.08443373798389785,0.3333333333333333,0.27065727950874596,True
288,4,0.4210252191396959,0.33725835313567076,0.12133461945821633,0.34373099002376667,0.3904881372691073,0.3645769320317164,0.44300155199639873,0.647007040448035,0.5733071645988989,0.4210252191396959,0.7531003082882091,0.7122820148529266,0.5710307506122803,0.08435525343515875,0.3020833333333333,0.23742733828430887,True
90,4,0.7348605380002216,0.33766017992528047,0.11567970109456087,0.436297562882803,0.5176658057923635,0.3979609512619075,0.4723657642850821,0.7348605380002216,0.8585316861828138,0.872853186638852,0.8826425998637786,0.6693672971101083,0.4283504836043761,0.0842713458613047,0.3541666666666667,0.22312243237003612,True
105,4,0.6690824731325351,0.33647660244373273,0.09679696297609637,0.29251083764706226,0.34579850532775547,0.29311095654873337,0.36399504146952905,0.6690824731325351,0.8430072234639348,0.8731830857745664,0.87067443454633,0.5865719452423394,0.42006706240144354,0.08420267766372956,0.3020833333333333,0.19552398174744645,True
36,2,0.35514304091631155,0.33630611679918837,0.03819996724611791,0.059237892540383336,0.06479764613896745,0.08228676772327834,0.08969862196660994,0.35514304091631155,0.3830987522173256,0.39000638926616593,0.7142480612679696,1.2561576114007793,0.9742647873523964,0.08415337877013795,0.2708333333333333,0.4187192038002598,True
211,4,0.6394327916299108,0.3414549209501043,0.07280882747519109,0.20192858858218607,0.24457486117095373,0.20522790998662202,0.26328600683097214,0.6394327916299108,0.8195108124570512,0.739639491843123,0.8267628231932364,0.6173893096990302,0.44871927097553055,0.0839463581764241,0.2708333333333333,0.2057964365663434,True
1052,6,0.137656418449973,0.4617822706894357,0.17701553345758247,0.2409638037704199,0.28287798804592773,0.18976828663626247,0.22594351766476195,0.26538537868436296,0.137656418449973,0.3947831921807633,0.36851811524744815,1.9659305777032703,1.543367519436174,0.08388202761717439,0.23958333333333334,0.6553101925677568,True
205,4,0.6065759260837559,0.3397561400619474,0.07279552021280455,0.18503067056415556,0.21930059101360536,0.19065055752309337,0.2427630771036283,0.6065759260837559,0.8206325673622286,0.7070121116822641,0.8038872321291785,0.622615209010767,0.4677861190292276,0.08360899255538157,0.2916666666666667,0.20753840300358897,True
1864,0,0.10725505855190764,0.37778457437391555,0.08167542025706107,0.0914879675762464,0.09443445446269268,0.11508675095527965,0.12004719787544098,0.10725505855190764,0.2637091196835938,0.32434258906474345,0.44807220238165313,1.16128435188714,0.7868889809249993,0.08351558828739826,0.2708333333333333,0.38709478396238,True
131,4,0.5770103196397819,0.3353766814800949,0.1130870316014801,0.2673517507688962,0.3216716042595304,0.26633565631802947,0.3261433781643954,0.5770103196397819,0.811169354166732,0.8298944602419025,0.8472796321978131,0.5657715928113927,0.4000728263605424,0.08346239541592132,0.3541666666666667,0.18859053093713088,True
1847,4,0.4016155217160503,0.2508018364813194,0.6107396127178184,1.0206474848233043,1.0459925745814196,1.238633156133542,1.3032512591865624,0.4016155217160503,0.4797708979960116,0.5218552811354273,0.6649868917892412,0.7747930294596425,0.5344373069471686,0.08335032850902276,0.2708333333333333,0.25826434315321417,True
30,4,0.1997722160599461,0.3476570335930996,0.12419495916503809,0.15519950901172622,0.18872410823563024,0.1863489071141267,0.2211751968861613,0.1997722160599461,0.7780679069413554,0.8876607925025167,0.8258548915011742,0.9181205676969887,0.7508719591095314,0.08320077824644424,0.23958333333333334,0.30604018923232956,True
1943,4,0.39601619636565144,0.32427913852116574,0.117539751772141,0.19460745646633185,0.20603520431246103,0.20622389186919907,0.2138542430212347,0.39601619636565144,0.5188151905366747,0.6968375410249925,0.811484637872212,0.48019242587178085,0.28259441435046995,0.08314763006406727,0.3125,0.1600641419572603,True
1863,0,0.07059045466057201,0.37775819472638134,0.08444035134800744,0.09085375954167668,0.09614221285474829,0.11743557948034816,0.12167940052446886,0.07059045466057201,0.23892075250086886,0.3145591610588647,0.44122115848315546,1.1544094859596101,0.7133730318070661,0.08302117150532277,0.2708333333333333,0.3848031619865367,True
79,4,0.6447931190968339,0.3408049496522094,0.08675360733200932,0.24423402810054082,0.3027651908128745,0.268393732003155,0.32440809040381546,0.6447931190968339,0.8430459949146795,0.8785694458028581,0.8441040599686139,0.707147430869659,0.5522326445211689,0.08301801102482712,0.25,0.23571581028988633,True
258,4,0.46920070278534587,0.33936031643466236,0.13282404644216372,0.2872548721481329,0.3308593304666734,0.27493510292989615,0.32337627957741716,0.5376090736115751,0.6491843990584104,0.46920070278534587,0.7949417632860977,0.650438773481398,0.5099833097937534,0.08300647953098536,0.2916666666666667,0.21681292449379932,True
237,4,0.4702971654444219,0.341478518321567,0.09310257373185553,0.1757637823667091,0.21244564494053128,0.18116297664198067,0.21110606367591464,0.4702971654444219,0.7142286511393751,0.5091528068569791,0.7504748904446001,0.6078379222844355,0.4674428264141284,0.08275533012133572,0.28125,0.20261264076147847,True
1186,6,0.11696374947916266,0.46052720341720066,0.07077801367673058,0.08015301029259432,0.09522545035172719,0.08169104417697333,0.07305427639038772,0.11696374947916266,0.4290246872587098,0.5388242515891013,0.34230616435501504,1.3999711552507486,1.2094695941297573,0.08274305213195973,0.16666666666666666,0.4666570517502495,True
206,4,0.5810924882245769,0.34048546739886326,0.08616327965876473,0.205685687739486,0.2439295279232286,0.20697209279713272,0.26259486290416056,0.5810924882245769,0.8175837326638145,0.7366932158320575,0.8289995249567913,0.6066640318961832,0.4613370034916642,0.08259550842702455,0.23958333333333334,0.2022213439653944,True
212,4,0.5656839434545031,0.3416359489673388,0.09259556372237003,0.21319857354311322,0.2544365046461367,0.2332002180302967,0.2823061943297985,0.5656839434545031,0.7959214481781495,0.7341032956469049,0.853834240330587,0.639417281316419,0.4792176801242931,0.08257983687014289,0.2604166666666667,0.21313909377213966,True
275,4,0.5981864788473363,0.3394908917779479,0.2293900949907212,0.5708869485842102,0.6663162682617205,0.4940872753186949,0.6026620690480237,0.5981864788473363,0.7103103725636182,0.6422762969177453,0.8636163313639266,0.704696895135338,0.5315071481837208,0.08243049898792523,0.3125,0.23489896504511265,True
166,4,0.5548458292843192,0.33468586339609024,0.057259502054986054,0.12862847485609116,0.16288265875422278,0.13724849416294882,0.1828885731037556,0.5548458292843192,0.8392649315083869,0.7900895095442124,0.7661223174954679,0.5896305793997639,0.39652288749707054,0.08241275168896717,0.3125,0.196543526466588,True
279,4,0.5453867755914896,0.33844647547066686,0.13978835101629836,0.41645533084645353,0.46863579116913207,0.4091961003863503,0.4932063105609254,0.6643377076427961,0.6678850535811309,0.5453867755914896,0.8285418243671079,0.6580916780455285,0.5184321532237846,0.08240069406738491,0.28125,0.21936389268184284,True
268,4,0.4900282701716593,0.34030554351846254,0.14178803198647008,0.34018083204919086,0.38321576867531365,0.3437573793413565,0.40729263655432907,0.5831980563620727,0.6199675441960554,0.4900282701716593,0.8118942785603,0.6452061429419143,0.4896817424914701,0.08233871146813741,0.25,0.21506871431397143,True
295,4,0.29629354054173573,0.3353399116886979,0.11062243616656427,0.27547983787364094,0.31988341462189257,0.28067935908948494,0.3534561301598071,0.5984372685114423,0.495543927795253,0.29629354054173573,0.7589033752179986,0.6603718526296524,0.5236284305230043,0.08214601788816962,0.2708333333333333,0.2201239508765508,True
1684,6,0.11498484686426824,0.4109022829898622,0.09033332249834787,0.10206980318730628,0.11448552454717682,0.13090059870974138,0.15902816668144493,0.11498484686426824,0.44094446412089383,0.5487283894164653,0.19453731581650524,1.212486949472781,1.0129215711836892,0.0821042939575668,0.21875,0.404162316490927,True
2000,4,0.5361967668449377,0.32141106502481054,0.056361962435065006,0.12152127972816788,0.1236032960820473,0.13975689694674523,0.14335092772546432,0.5361967668449377,0.7726828724665976,0.8533257051515564,0.890385049482536,0.5326249930327265,0.2690201098254619,0.08152890294002599,0.3333333333333333,0.17754166434424215,True
245,4,0.4164524494793018,0.34092238894307864,0.09502102192404956,0.20990688369299568,0.2515391214089224,0.20397631670293034,0.24487771411851744,0.5473182191441381,0.703878515966986,0.4164524494793018,0.7532705636746017,0.6029993567200265,0.4102041078929375,0.08144616067848356,0.28125,0.20099978557334217,True
3,2,0.51788669485035,0.33516003418762025,0.057723374518719284,0.11972989316443299,0.14017201338884303,0.1569892735770018,0.1565840580569,0.51788669485035,0.581681161353431,0.6522987355298764,0.7042968758946784,1.5434316788781497,1.1343109079902547,0.08127857686289074,0.2604166666666667,0.5144772262927165,True
28,4,0.24695367129961987,0.3481233494554937,0.1291601910048856,0.17151692542979713,0.2046494767550571,0.21137776356958773,0.24942221600116235,0.24695367129961987,0.7755579132321953,0.8836632989942198,0.830520986129945,0.8966553970283098,0.7275023350835852,0.08125558829246399,0.19791666666666666,0.2988851323427699,True
11,2,0.39477250710170964,0.3310299668880137,0.06991442733863534,0.1155175998430471,0.13352091842273503,0.15291956081122673,0.1511005716157411,0.39477250710170964,0.5103419406453411,0.5924314497626597,0.7310827026967812,1.393489650878494,1.0301921719985359,0.08122934839911924,0.28125,0.4644965502928313,True
286,4,0.5419126244321688,0.33736340799667636,0.16519570531891828,0.39758170132709997,0.4471533837248443,0.4107510597295936,0.49152510098770935,0.5844987212250802,0.6247639353725615,0.5419126244321688,0.8238083586498037,0.655970989759925,0.4866454977345569,0.08118196036561562,0.2604166666666667,0.21865699658664164,True
19,2,0.3904394693130562,0.33863019655848037,0.048136041560387616,0.07896843567962109,0.09426279322485752,0.10644631416021277,0.10435239698439337,0.3904394693130562,0.475036584841642,0.542456407950271,0.7230826343465336,1.3924576417709198,1.0651304903732495,0.08116919048743518,0.2604166666666667,0.46415254725697325,True
1998,4,0.3167642455561288,0.3211129503036577,0.09000555453257982,0.13173425709525555,0.12817299146699757,0.1605420175636246,0.1644168837810017,0.3167642455561288,0.6578722911380348,0.8031512563112699,0.8772878847185261,0.5256035848237655,0.2866128190025563,0.08111405731969472,0.3229166666666667,0.17520119494125516,True
226,4,0.5007338449782998,0.34219864350807877,0.08650773411594874,0.17326977453977177,0.21000580570060365,0.17036847870974223,0.21508674622384247,0.5007338449782998,0.7635407553827923,0.5759045999124532,0.7852908622958465,0.5942180782374606,0.4781262530389796,0.08090102875416784,0.21875,0.1980726927458202,True
314,4,0.1582089413854474,0.3365847924041903,0.160112448857058,0.19533133191449567,0.20633480539846172,0.1980460250012448,0.25413659907838265,0.1803032965180127,0.1582089413854474,0.23841084091965092,0.7755714486598835,0.6499479701596093,0.495063082449434,0.08084935384587502,0.22916666666666666,0.21664932338653642,True
375,6,0.145763140075294,0.5018548367089918,0.1390821754322865,0.1628145330143509,0.17926971519914714,0.2110947760722519,0.22192728344414647,0.145763140075294,0.446330394303868,0.5422837419597873,0.6194030004084154,1.422671536301177,0.6997849577203681,0.08072444709175974,0.3229166666666667,0.4742238454337257,True
1856,4,0.2271694193961522,0.25055543088891624,0.4633631671570657,0.5995662940705826,0.6357022458343004,0.7438603178617229,0.7992738486895029,0.2271694193961522,0.4220402715713685,0.510105751792087,0.6975989665565561,0.6942171630693217,0.4924388718183792,0.08049154753385022,0.2708333333333333,0.23140572102310722,True
196,4,0.6586134207184975,0.33922248857368126,0.075420445755732,0.22092387437861571,0.2684714384222964,0.21853440062081372,0.2850466619857646,0.6586134207184975,0.8232278485614527,0.7791405119204289,0.8514366859585806,0.6156582891909235,0.4480062679816399,0.08042924735039872,0.25,0.20521942973030782,True
210,3,0.1921940303393307,0.4827453855405734,0.13946522124731142,0.18972707876315345,0.18935205132501787,0.18782434818737492,0.1848058513220748,0.26491662573156793,0.1921940303393307,0.23455199148072003,0.19481210605554355,0.43967826646800234,0.251887020427243,0.08040934978694067,0.3125,0.1465594221560008,True
239,4,0.4092513913493283,0.34153218259236573,0.10430819074401043,0.17656950726005208,0.2159602376644719,0.17327105810111387,0.21272059329405066,0.4092513913493283,0.7000660888733163,0.4904644416197175,0.7576596135653522,0.5901884356623377,0.451430342107102,0.08035240487048188,0.2708333333333333,0.19672947855411257,True
273,4,0.4875923646427317,0.34065896913587307,0.15347741056751044,0.3876421287724847,0.44258103496412815,0.39888430589073476,0.4697972006077579,0.6040744821686047,0.6242643553849632,0.4875923646427317,0.8057253417223026,0.6692385508533713,0.5104270175734626,0.08033592822936649,0.2604166666666667,0.22307951695112374,True
33,2,0.27944698534533596,0.33633541476074497,0.04480663865503307,0.06218368078927174,0.06797103833223053,0.08888828875788606,0.09736151583979968,0.27944698534533596,0.39438135638641914,0.4462032456071098,0.7241495592868432,1.3253282633606411,0.9558797288481315,0.08028304423942163,0.2708333333333333,0.4417760877868804,True
211,3,0.17389417513348837,0.4826505632665209,0.12686179101256803,0.21060397346368878,0.2116294072444036,0.20336171688295535,0.1990169706735434,0.3976286917756522,0.30134844243252923,0.25743233967454293,0.17389417513348837,0.43890921891848844,0.2537546764256895,0.08026870464223426,0.28125,0.1463030729728295,True
271,4,0.4992018185037739,0.3410351185329707,0.15302288596836755,0.3687232527907615,0.41920820197665415,0.3682938255216759,0.43319398307182233,0.5849925796374902,0.6246794046269342,0.4992018185037739,0.802317616258584,0.6290117656467439,0.49014260107064445,0.08025678798522111,0.25,0.20967058854891463,True
1852,0,0.1809404715122478,0.37630157706807255,0.14334549350455947,0.17501230193759107,0.18217290303969635,0.2220811256847256,0.2382291703729799,0.1809404715122478,0.32073402536020146,0.37505702967897925,0.4541083161031424,1.161453088372569,0.745637469324322,0.0802338768628676,0.2708333333333333,0.38715102945752305,True
374,6,0.21094657918681636,0.5017682301462975,0.14798210559387684,0.18754383631132257,0.20167692086845787,0.24371383991984907,0.2556563722100351,0.21094657918681636,0.47019336358256625,0.5668357979573971,0.6390552158406957,1.376831657421293,0.6808273692954003,0.08020501216403396,0.3333333333333333,0.4589438858070977,True
1997,4,0.5943820559752462,0.320987243510429,0.061456119296505594,0.15151232878581697,0.14286469874305427,0.18631673636296053,0.18871366956405092,0.5943820559752462,0.759702267813017,0.8473953907282863,0.8903480077189387,0.5188079551331655,0.2844186231742185,0.08007467773428632,0.3333333333333333,0.17293598504438848,True
96,4,0.6293142194822221,0.3337346165374827,0.15049423648645957,0.4059886955368171,0.47768568429744357,0.3849173181792673,0.4716722529309094,0.6293142194822221,0.8131286026140558,0.8520675907400881,0.8741417735773958,0.5784581936251094,0.3483166928393189,0.07988405245809037,0.3125,0.19281939787503646,True
12,2,0.26871332097469514,0.3321814352346602,0.08097095808994811,0.1107239614946497,0.12665577962236305,0.14660912795093842,0.147700194340502,0.26871332097469514,0.41869720382662134,0.5729859965192081,0.729623602922082,1.3923192635605615,0.9979379963010473,0.07980529991143058,0.28125,0.4641064211868538,True
1187,6,0.09624307125699438,0.46054943894604383,0.07382875104612083,0.08169093779320273,0.09682669599300298,0.08280510092937768,0.07476766106820874,0.09624307125699438,0.4211535642322799,0.5404029701300904,0.3315155184934323,1.3480071725134994,1.1585455125719193,0.07967180418768165,0.16666666666666666,0.44933572417116646,True
213,4,0.5384527176838885,0.3413511423519296,0.11710870487098646,0.2537306779997011,0.30691157187977175,0.2677450891919304,0.3250791147069451,0.5384527176838885,0.7673919631698554,0.7350363177240733,0.8596414276910791,0.5844681023152157,0.429455465353783,0.07957359845319546,0.20833333333333334,0.19482270077173858,True
1672,6,0.41910151255209316,0.4002133063167799,0.076373926731033,0.1494716559851554,0.18146406518587077,0.1281976652654794,0.17432292558623796,0.4890407400141603,0.6646663922683235,0.5725241996913369,0.41910151255209316,1.2303264660196565,0.9276651604412578,0.07945923449253825,0.20833333333333334,0.41010882200655213,True
274,4,0.46235210559501794,0.34052734943058866,0.1422984649044272,0.3963222529303054,0.4543475437065738,0.39999946501029465,0.47469000776926124,0.6409526241529242,0.6351603891193184,0.46235210559501794,0.7773914127819118,0.6328883131318838,0.4823970787315801,0.07938879256658124,0.23958333333333334,0.21096277104396124,True
236,4,0.5534786610958348,0.3415174082312731,0.08619009350817904,0.1930256988830664,0.22968296399271346,0.19604686622983034,0.2293685289483983,0.5534786610958348,0.7314570281878248,0.5792178059277536,0.8063778819380747,0.5821221829998091,0.42580566457729674,0.07925420849698005,0.23958333333333334,0.19404072766660305,True
1671,6,0.36514388822845945,0.3998116860516813,0.06416286324748628,0.13142025672969923,0.16084170357334726,0.11654546824272123,0.1612724843325062,0.5117734142046739,0.6938426860609839,0.6009705544098082,0.36514388822845945,1.2074972674906959,0.8743099902941154,0.07913382824921489,0.1875,0.4024990891635653,True
1670,6,0.25620667604765757,0.39965899474897804,0.05523037899540204,0.11131441307219973,0.1355967203496715,0.10464128816427877,0.14479381427633975,0.5038344319384856,0.7124522255338332,0.6067317023895051,0.25620667604765757,1.1099649803608114,0.8317104839556322,0.07896261441523152,0.20833333333333334,0.3699883267869371,True
80,4,0.5989638654847311,0.34094105989805695,0.09389956344942414,0.2341424010654807,0.29434379928678556,0.25116913434243127,0.3054980875958286,0.5989638654847311,0.8299520129907463,0.867898585710477,0.8583358142758116,0.6722457729536627,0.5235578909445593,0.0789206105462712,0.1875,0.22408192431788757,True
77,4,0.49569108983271337,0.34070652657011946,0.12722515939986548,0.25227624742474414,0.316777994307696,0.27041907725482256,0.3341767411520736,0.49569108983271337,0.7792117380243515,0.8473366634985646,0.8721500814730768,0.6709781871024726,0.5272516752228995,0.07877179793439534,0.20833333333333334,0.2236593957008242,True
373,6,0.16034040565603547,0.5017570163005001,0.1796282532149528,0.21392985255566377,0.22584660832133066,0.27586451070684737,0.2897502756270969,0.16034040565603547,0.4284938482390649,0.5470266754898456,0.6294628377886721,1.361900881347477,0.7361597949067118,0.07867540341093897,0.28125,0.453966960449159,True
2105,4,0.40631725800073903,0.32050274457217737,0.06580906307811096,0.11084887335025966,0.11599530375008509,0.0960919624056021,0.11857742984161639,0.40631725800073903,0.7606709975159196,0.7956858699547303,0.9001933227346496,0.4047911461484599,0.251996143288693,0.07861548325917068,0.3125,0.13493038204948662,True
1699,6,0.02598321625573463,0.42008293949881303,0.06537986195470359,0.0671239582785973,0.08046298878714703,0.0912073976217126,0.10001235186744356,0.02598321625573463,0.4300916011333834,0.5251704421505139,0.02875809612000524,1.234530240454753,0.9278787416638039,0.07843203979004197,0.21875,0.4115100801515843,True
18,2,0.37234623279290757,0.3383267045507407,0.054992443037160665,0.08761588938096197,0.10379304978796944,0.11650205012677428,0.11324591305264602,0.37234623279290757,0.457570126190861,0.534615467185287,0.712427633103607,1.344934021157623,0.9751245419909367,0.07839894190069369,0.20833333333333334,0.44831134038587434,True
335,4,0.22810492480951927,0.33334357554836513,0.1428652508746079,0.18508377040668775,0.19046442248469786,0.1962300960978336,0.22893061843454307,0.22810492480951927,0.2781797547149848,0.2648192215190154,0.7968252050058264,0.6298609953199877,0.46174267522417267,0.07835066316436873,0.2708333333333333,0.20995366510666258,True
321,4,0.04251980596968152,0.33554823177466725,0.14617110553186827,0.16176893471908263,0.17377004897753542,0.16547707864908615,0.2139393552274195,0.0964204234533691,0.06282415730876356,0.04251980596968152,0.7549433922518738,0.6296774944443939,0.4812800637599679,0.07832783683379604,0.20833333333333334,0.2098924981481313,True
300,4,0.2740420894375101,0.33553878628669465,0.12877177844165244,0.25583127612162126,0.2957771821014294,0.25471988661735684,0.3117833599202104,0.49665349603136555,0.40078745211645483,0.2740420894375101,0.7710214220318022,0.6285325287411266,0.5006523066944624,0.07818541045270877,0.20833333333333334,0.2095108429137089,True
257,4,0.4788550396617367,0.33970653497316444,0.1185363057898372,0.29295612687051475,0.34316654127084883,0.2809293006130768,0.32809921924815394,0.5953786423376982,0.6823368993634986,0.4788550396617367,0.769801124706017,0.6124866994993875,0.4618491761563348,0.07816318269724226,0.20833333333333334,0.2041622331664625,True
129,4,0.7754873813958302,0.33523100306358455,0.07001466257303024,0.311851792599999,0.3678714690722226,0.3069669364617926,0.3691889744162551,0.7754873813958302,0.8697851398578178,0.8657302587207811,0.8242090931783473,0.5609730918833684,0.3701251791752469,0.07793606117002769,0.23958333333333334,0.18699103062778946,True
1673,6,0.433514606775248,0.4008693614488034,0.08520825194887323,0.16218853301223227,0.19398865091829856,0.13919176771616962,0.1862890214919759,0.4746345480389368,0.6458584972479797,0.5585025209144834,0.433514606775248,1.2160659067648578,0.9099028759404888,0.07791205357555302,0.17708333333333334,0.4053553022549526,True
243,4,0.5541284597133982,0.3415330589791127,0.08909556021225473,0.23194926219243195,0.27366347732225,0.22667946107742143,0.27241695389416476,0.6158834075603206,0.7402181852876686,0.5541284597133982,0.8000533944485557,0.5719525772683405,0.4238461857384124,0.07786964684220772,0.22916666666666666,0.19065085908944682,True
299,4,0.3847682218122257,0.3359171505763482,0.135357727222477,0.27381824506202984,0.31463523653261793,0.2683961998112269,0.33299963988815334,0.505665785010734,0.5065517333462705,0.3847682218122257,0.7991564858978718,0.6253151690061257,0.4735431168206361,0.0777851915619556,0.22916666666666666,0.20843838966870856,True
2028,0,0.14285446571520444,0.42989628644015243,0.07162522272636643,0.08967282898087033,0.09918057192302583,0.0821671025286083,0.0843651394621918,0.20126058762296828,0.14285446571520444,0.33032619665262775,0.4075486744862131,0.9833280016135101,0.6048793414666989,0.07773958377672323,0.1875,0.3277760005378367,True
91,4,0.6505240259330523,0.3376474372494132,0.09770833801069934,0.2795852798509741,0.3416753166376445,0.29304960921688145,0.35607847560569406,0.6505240259330523,0.8448095167167695,0.8722962418447118,0.8632056631746882,0.6165548218755953,0.43317677389900666,0.07762241277853545,0.22916666666666666,0.20551827395853176,True
253,4,0.6105011851707786,0.3407527341434375,0.14592802405128177,0.41224512674819697,0.4794128388031802,0.36169366866425906,0.4279961292098074,0.6460163757365265,0.7474774888195338,0.6105011851707786,0.8452030991167668,0.6068668908145872,0.41688309946849245,0.07758770908384006,0.23958333333333334,0.2022889636048624,True
1849,4,0.30377121167185517,0.2507948141115535,0.6833461692953922,0.9814965723211652,1.0089841771506982,1.1884473541050662,1.2571783426650878,0.30377121167185517,0.41564132252094343,0.4751319029204534,0.6458346174589267,0.7407468440272128,0.5595197979132394,0.07754077412983434,0.19791666666666666,0.2469156146757376,True
2143,4,0.5645219184839969,0.3157833846008318,0.05447046547656228,0.12508199100845122,0.12234801120612578,0.11439911163018568,0.1366682983121207,0.5645219184839969,0.7438056569116085,0.7757555565987567,0.903862879767776,0.3668266182425099,0.2398214269877741,0.07738477349937009,0.3020833333333333,0.12227553941416996,True
270,4,0.4745548239136318,0.3409060991237911,0.13943881321645094,0.3754973728048201,0.4224989453827823,0.3748970717358113,0.44148514207196143,0.6286556889202795,0.6319957777883861,0.4745548239136318,0.7919522464300908,0.620903022109062,0.4798824119164635,0.07736866474993698,0.20833333333333334,0.206967674036354,True
10,2,0.3363019686351951,0.3309694065486657,0.0784304705243299,0.1181719197856415,0.13744855156297,0.15609642866166676,0.15317426423783143,0.3363019686351951,0.4723483610368161,0.598720518938607,0.7217592885793709,1.4080602442258976,1.0586839006255389,0.07729931303186259,0.16666666666666666,0.46935341474196585,True
1850,0,0.10862701363532667,0.37658853534218306,0.16902799763026025,0.18962656510336348,0.19328949918727525,0.24228228307463087,0.26065279183024925,0.10862701363532667,0.2786024549906062,0.3508757463147131,0.4757120757701704,1.1574761067188288,0.7899668947900835,0.07717645803325975,0.25,0.3858253689062763,True
1942,4,0.3383188531525857,0.32434849672942256,0.12765376749402854,0.19292338628996164,0.20315170600000024,0.2075411654687915,0.21436502428472134,0.3383188531525857,0.5506833286687389,0.7159133958035462,0.8132546316627688,0.4690115799581429,0.27745401546241055,0.07717573867756324,0.2604166666666667,0.15633719331938098,True
78,4,0.6849640931545041,0.3408066412762883,0.08534663763253562,0.27091082564881236,0.33285673878415983,0.2894981654017873,0.3498468252642555,0.6849640931545041,0.8532239543610199,0.884461796261123,0.8534689295158393,0.657148453231399,0.49697235370601334,0.07714820863906659,0.17708333333333334,0.21904948441046634,True
1190,6,0.09834124850945702,0.46032898073744377,0.08690468024720414,0.09638311623276652,0.11160500477740697,0.09338792643477012,0.08915584910051873,0.09834124850945702,0.4048885992256078,0.5270951061293232,0.32328584045323405,1.321092798841665,1.0528686827075262,0.07708107961681539,0.17708333333333334,0.440364266280555,True
317,4,0.10514792336590761,0.33633382591125005,0.13008319213420538,0.17325421139566366,0.18487279779149338,0.16948817312996564,0.21947178403932543,0.24917731530847387,0.1388647366406296,0.10514792336590761,0.7567547118130153,0.6191619508636345,0.49847443178819617,0.0770197707379303,0.17708333333333334,0.20638731695454482,True
2097,4,0.3845783035251805,0.3205301870833757,0.064491631692653,0.10479258703758054,0.10706620169156533,0.103239098788045,0.12007771642486942,0.3845783035251805,0.7643754737991132,0.8184491858704991,0.9085032134000496,0.4094104627159438,0.22877769526125746,0.0769964838553415,0.28125,0.13647015423864792,True
2075,4,0.5659545129142526,0.32173306176591543,0.04837935798819407,0.11146149292559408,0.11169076891720797,0.11581492899009065,0.1345702628829478,0.5659545129142526,0.7954654137483574,0.842946619078069,0.902386146217659,0.43900496825513,0.25326170631373657,0.0769224500706698,0.25,0.14633498941837667,True
376,6,0.06383199737204526,0.5019612584883141,0.1368419463278108,0.14617242412011122,0.16504971181018627,0.18494736786659904,0.1951945608734221,0.06383199737204526,0.41345986552274816,0.5119631240244831,0.592516259113542,1.435611038260499,0.7076913901906323,0.07691141404846828,0.2916666666666667,0.47853701275349964,True
250,4,0.5433717000279903,0.34112794579977856,0.10824038453794287,0.3236164301311682,0.3867189999697018,0.2900658548516299,0.3489045703980582,0.6655287727694454,0.7581601198942479,0.5433717000279903,0.8162182775057059,0.570415886383205,0.3648901742643318,0.07686979187169764,0.25,0.19013862879440166,True
1848,4,0.4284199897980113,0.2508127210198279,0.5637683859598251,0.9863332795011446,1.0172823741190606,1.184864311467963,1.2495491250306479,0.4284199897980113,0.4969817784416377,0.5294757280673218,0.6866236593217385,0.7203589622722117,0.5339165588827655,0.07686613312582767,0.16666666666666666,0.24011965409073724,True
248,4,0.554023359699735,0.3410418722603768,0.11254705761534926,0.28188997174121466,0.3349197802872082,0.26137826712686546,0.31653224151953313,0.6007411795455015,0.7450466752276372,0.554023359699735,0.8240038863281045,0.5657145848448912,0.4104197377023411,0.07677378089685143,0.2708333333333333,0.1885715282816304,True
128,4,0.7490122517974958,0.3355187714690495,0.06874879081463107,0.2739129352208958,0.3292022364436895,0.2742714785868432,0.3313712141420961,0.7490122517974958,0.8632463236344163,0.8646268398967288,0.8366326976871311,0.5520419513748316,0.39231402598318255,0.07662065084408014,0.23958333333333334,0.18401398379161052,True
251,4,0.47086047659247077,0.3405012552419575,0.10350635116605982,0.2977866942052267,0.349393368239406,0.28119793541377014,0.3312396431718896,0.652414452424372,0.7211499849143997,0.47086047659247077,0.7879973973955002,0.5651038815288583,0.42529031071595114,0.07660348920775543,0.23958333333333334,0.18836796050961943,True
1859,0,0.13644708116163906,0.37697029008753963,0.11238160356770843,0.13013864132250583,0.14333464549265887,0.17221843999914685,0.17594704602047806,0.13644708116163906,0.3239128831960033,0.3730675899915332,0.467629456613302,1.088220795215752,0.6533965872883698,0.07655294902844104,0.23958333333333334,0.36274026507191737,True
22,2,0.46031090617234105,0.3399586561001769,0.041712165956914626,0.07728925122625276,0.09002234306362493,0.10381176001756631,0.10175204363091539,0.46031090617234105,0.46337592869751887,0.48265992999375984,0.6873174013047583,1.3104429735435064,1.050765491322764,0.0763883885237587,0.20833333333333334,0.43681432451450214,True
235,4,0.5709380850182948,0.341460270770965,0.0800834841164922,0.1866478503921908,0.22515582947681154,0.18488019528845503,0.21384808338228156,0.5709380850182948,0.7493379698723716,0.6024423480722284,0.7986370215602583,0.5602322476555344,0.42888603114896284,0.07627395873082206,0.20833333333333334,0.1867440825518448,True
89,4,0.6281106204967056,0.34032026179664043,0.0950077276270946,0.25547308652371176,0.3160555971127846,0.2760309330600262,0.3270714647461786,0.6281106204967056,0.8080685241815914,0.8698927103227511,0.8294379032183832,0.648925791732351,0.4978126045669029,0.07618288093909618,0.1875,0.216308597244117,True
17,2,0.4133173398160991,0.33809782814888145,0.05082959928879843,0.08663900049963201,0.10258177171252197,0.1143492150683652,0.11273833267948251,0.4133173398160991,0.46739093498761275,0.5345165925653101,0.7143774639274962,1.3059611570810201,0.9920029888240123,0.07612713431877578,0.17708333333333334,0.4353203856936734,True
82,4,0.6525002866292516,0.34079388387885934,0.08559829628023141,0.2463262356389525,0.30865749563960737,0.2577070945221995,0.3131296091736165,0.6525002866292516,0.8501720121759477,0.887134743876515,0.8419909118100046,0.6478827338203944,0.487032912164409,0.07606042755886137,0.17708333333333334,0.2159609112734648,True
312,4,0.01762373306721765,0.336302566939622,0.2304200157476838,0.23455372804059196,0.25278939063902106,0.23439201276360158,0.2911305083393592,0.01762373306721765,0.20959428627688148,0.29723549975899977,0.818088880021292,0.6106163460347395,0.5167534495696913,0.0759567523728315,0.13541666666666666,0.20353878201157982,True
298,4,0.3921659184673153,0.3359596855884259,0.1286458512487633,0.29518728617089235,0.3377211013494934,0.29211071248738446,0.36168633753048657,0.564189051237503,0.5276558157339699,0.3921659184673153,0.782443317699164,0.6103487048123076,0.4493822047000151,0.07592345952341954,0.21875,0.2034495682707692,True
26,4,0.25659030221264967,0.3483606035492857,0.13596564678942988,0.18289463696009298,0.22092769241699958,0.2194704151630746,0.26472266099552505,0.25659030221264967,0.7800165067298085,0.8836837234897968,0.8478041125881732,0.8377297567616152,0.6882554967657484,0.07591570233265284,0.14583333333333334,0.27924325225387175,True
229,4,0.535487967802597,0.34169804111892393,0.08647243586129989,0.18615758014326703,0.22527429191167267,0.18067620224414474,0.2201133235093078,0.535487967802597,0.7552581430115017,0.5770937262101735,0.7903695704511828,0.5573828693880885,0.4261419032345515,0.07588602433167034,0.17708333333333334,0.1857942897960295,True
1401,1,0.03403550415277656,0.9802114543375758,0.19675103182088113,0.2928073551523187,0.3163056352985218,0.21794681866011356,0.21478680323759639,0.32805297285469137,0.4869925083429849,0.31328036944670357,0.03403550415277656,0.8125767470521332,0.37671579579892267,0.0757859328112752,0.28125,0.2708589156840444,True
267,4,0.5001869029122579,0.34045582495944426,0.12878863492019357,0.3588674726974664,0.4009472000712237,0.3658414436087731,0.4241775448339912,0.6411248031142533,0.6547520176520198,0.5001869029122579,0.7850784512492943,0.6138043546199837,0.47736428727887414,0.07569486342730027,0.16666666666666666,0.20460145153999457,True
333,4,0.3263527143972941,0.33320937368247344,0.15904588173567755,0.24803893757249199,0.2688129810601902,0.21902435035304121,0.2638786459380886,0.3587866353072299,0.38790806152080737,0.3263527143972941,0.8188541103253896,0.6070731729772394,0.4434812231808394,0.07551600439697023,0.20833333333333334,0.20235772432574647,True
231,4,0.6583533931764676,0.3417300931001775,0.07672886950420758,0.2327482338009689,0.2757453315391098,0.2164963507216228,0.2635470105975591,0.670335330794299,0.7815147834359335,0.6583533931764676,0.8487113123917327,0.5543380031271432,0.3814124799167473,0.07547147482206942,0.2604166666666667,0.1847793343757144,True
2131,4,0.702099591220718,0.3169320450891389,0.05649191387039935,0.18963355606623175,0.19473785895676685,0.15414076116444209,0.18374365628355926,0.702099591220718,0.8094176801633628,0.8101702433189684,0.91142104485748,0.3735310478653897,0.2633357263059821,0.07543295996305867,0.23958333333333334,0.12451034928846323,True
25,4,0.30107622399729694,0.3483533663420051,0.12350133647294533,0.17670215367300324,0.21541205150914292,0.20885088178443703,0.25084798957380644,0.30107622399729694,0.7917696179129101,0.8846170917307379,0.8484125342243771,0.8318345325168567,0.6535984336854028,0.07538147266570228,0.14583333333333334,0.2772781775056189,True
1849,0,0.10263630593338335,0.37659908918174073,0.19130527589777957,0.21318588790998919,0.21832670676600974,0.27393817252700786,0.29619382425591684,0.10263630593338335,0.24973701190401876,0.328080342357304,0.44864953342266223,1.199077315351675,0.7990495296659219,0.07533150985700132,0.20833333333333334,0.3996924384505583,True
31,4,0.03680852074225782,0.34770049864403596,0.13820211195974566,0.1434835283906866,0.17866295530978016,0.15994249169941963,0.18411941722134764,0.03680852074225782,0.7604801667070584,0.8725922582424332,0.8313002936539783,0.8309286521854334,0.6851303168148348,0.07529938110689795,0.08333333333333333,0.2769762173951445,True
41,4,0.041898131269934136,0.3471878274267514,0.156690624902326,0.16354276096968115,0.2091989242340189,0.17857073466272297,0.20014605789317666,0.041898131269934136,0.7426612975029605,0.87251041018867,0.8260058005920251,0.8154656562105966,0.6403869238942406,0.07520664243493146,0.13541666666666666,0.2718218854035322,True
1698,6,0.056710070877779795,0.4197287061472255,0.07062541742477192,0.07487137861261013,0.08950589683986665,0.10082883756592464,0.11240786553235316,0.056710070877779795,0.4462467971993793,0.5293644388762369,0.06118312051771069,1.207667082688325,0.9105304568938664,0.07515928751901023,0.17708333333333334,0.40255569422944165,True
242,4,0.6108282342434628,0.3416258529220125,0.0968491188978063,0.24885957158154767,0.29570804354247865,0.23414857849809265,0.2865370687963627,0.6108282342434628,0.7545040794803687,0.6122856468925981,0.8220680878191171,0.5601844663119977,0.3771809350874378,0.07514927604465167,0.19791666666666666,0.18672815543733257,True
4,2,0.49751169253390626,0.3342282389003173,0.06478701340694858,0.12893238000631527,0.1501792316494062,0.16547341578534516,0.16718153340338474,0.49751169253390626,0.574231846334484,0.652110268320593,0.7157154215813119,1.5026929631375396,1.0998026553397722,0.07513682060316217,0.21875,0.5008976543791799,True
10,4,0.2964643570811428,0.35067838846885846,0.12308152232418941,0.17494710262801158,0.20009232112186012,0.2087212039673709,0.2587429102489312,0.2964643570811428,0.7874574059502587,0.8791799514649583,0.8716873564268888,0.8286138936135442,0.6437630034437802,0.07508961593943536,0.14583333333333334,0.2762046312045147,True
1674,6,0.43746665202712365,0.40151386864803323,0.09148569116664644,0.17211258037948932,0.20356633120108056,0.1494878459145302,0.19618909965469022,0.4684543630399908,0.6313270738957586,0.5507355105484356,0.43746665202712365,1.1868226497432208,0.886167955898344,0.07486556240276539,0.16666666666666666,0.39560754991440694,True
291,4,0.47506316920314007,0.3370718265524505,0.15955912840401462,0.3235329301076176,0.3716611559969995,0.3255887907306234,0.40135866894711486,0.5068226027225727,0.5657428104720261,0.47506316920314007,0.8156513650522363,0.6009336766269276,0.45283864404382257,0.07475229047577756,0.13541666666666666,0.2003112255423092,True
269,4,0.49670715755355077,0.34042603507047847,0.15253915928229267,0.36981190035676575,0.41884056168991063,0.36589178654503546,0.4295647185171381,0.5875223075970926,0.6273402461825659,0.49670715755355077,0.8160018074567372,0.5954231985256797,0.44989686699686615,0.07459006565464396,0.19791666666666666,0.1984743995085599,True
234,4,0.5943234393860183,0.34160908031166554,0.07121232663275483,0.20491353118293443,0.24456923206977255,0.1971047609722265,0.23578430488443036,0.6524762116895991,0.764715265905344,0.5943234393860183,0.8115052476834719,0.5576178341881526,0.40089288353819086,0.07456391217925172,0.19791666666666666,0.18587261139605085,True
2056,2,0.10196204445205381,0.2605182068570133,0.020386277357237095,0.023158174484035093,0.026327414707773694,0.02099482624125107,0.021614463933708656,0.11969411184413103,0.10196204445205381,0.19154541364169253,0.2694141401190542,1.0995978041957555,0.8848489233078283,0.07444805237393956,0.11458333333333333,0.3665326013985852,True
315,4,0.04665546944383303,0.3365503138661666,0.1800609266471631,0.18887287950571055,0.2024878144013081,0.1866189361527774,0.23917525319646504,0.04665546944383303,0.14184987724865605,0.21492080380468315,0.7793231152242672,0.5977823613011571,0.49272517951912675,0.07436028708542836,0.16666666666666666,0.19926078710038572,True
1999,4,0.5209018355945693,0.3212425532509126,0.06068013458563337,0.12665490935649584,0.125069848585407,0.14986227556256107,0.15007989669510483,0.5209018355945693,0.7417752091777581,0.8425822191134018,0.8921318612768763,0.5034162364055679,0.21815540293772528,0.07429289951634212,0.2916666666666667,0.1678054121351893,True
1683,6,0.1500448586041624,0.40967200180364083,0.10184261473198818,0.11982116440255575,0.13307109172344136,0.14348399135887355,0.17441923823736216,0.1500448586041624,0.4377888086675179,0.5318919377675304,0.23114953759932577,1.1304981025263534,0.9803860603867918,0.07424930574026695,0.10416666666666667,0.3768327008421178,True
1695,6,0.04120292668052161,0.41923056963233246,0.07338563800112154,0.07744753089356417,0.09319717233439606,0.10421998560141292,0.11929279424840418,0.05244702891851871,0.4656485043692614,0.5673823564442073,0.04120292668052161,1.182848937795364,0.9129770818016425,0.07423232769548531,0.17708333333333334,0.3942829792651213,True
1839,4,0.32244883363302357,0.2512789904476706,0.9036301228409399,1.3336706771330598,1.348980189327645,1.5803502465831285,1.6144289333583435,0.32244883363302357,0.4180653209243027,0.45880349277410604,0.584161826623842,0.7186970946116625,0.44659409328374977,0.07420136290050038,0.20833333333333334,0.2395656982038875,True
238,4,0.5704993764537374,0.34152719282896843,0.08097291715790005,0.19008503631002283,0.22821252295827646,0.18825380500055097,0.22447316591011024,0.5740174043692965,0.7380331152218008,0.5704993764537374,0.7944200714393949,0.5442582950169299,0.3743563090658597,0.07409915246177241,0.19791666666666666,0.18141943167230998,True
296,4,0.4105986447024681,0.33567817376395664,0.16114941367695015,0.28549642078258186,0.33373242099001227,0.2726606217929343,0.3474897417458531,0.43554664105693797,0.5133024798943209,0.4105986447024681,0.817722969613374,0.6009037722255753,0.4775770125174006,0.07409574802350484,0.16666666666666666,0.2003012574085251,True
2054,2,0.06415531332337587,0.2575752787960982,0.019024904472640238,0.02259355480673857,0.025344054128336846,0.022532098985821637,0.023105402257523232,0.15794992707539657,0.06415531332337587,0.23397652326466778,0.29868812799399314,1.0941305172677889,0.8235596590759116,0.0740778907912195,0.15625,0.3647101724225963,True
240,4,0.6064119972926709,0.341489954005833,0.07874570459203989,0.21689668176898916,0.26325386498881304,0.20872998698121728,0.2531481646392037,0.6369437100199171,0.7584670204467552,0.6064119972926709,0.8262319382037799,0.5439666219283119,0.39459674206682394,0.07405944203593165,0.17708333333333334,0.1813222073094373,True
254,4,0.5512254833509878,0.34048835607184663,0.14063694751387143,0.3353279202512258,0.3961398989886484,0.30422757697386854,0.3630009799557367,0.5805987541732075,0.7130292764515618,0.5512254833509878,0.8310993000834489,0.5654804211070334,0.40651253662097986,0.07399871507830497,0.21875,0.18849347370234448,True
1649,6,0.0146833746796875,0.3937625244421528,0.07623413478550149,0.08940070471784554,0.10198347910344824,0.089077447799303,0.09218540228362238,0.14727590765529874,0.5418453504461156,0.41369910033944424,0.0146833746796875,0.9581721459230295,0.679679580611861,0.0739130771308495,0.14583333333333334,0.3193907153076765,True
320,4,0.012877210965812291,0.3363726519198459,0.1331904245928873,0.18429351130927296,0.19839330348944376,0.17127377905049856,0.22160472943629342,0.27729183926951606,0.198742363336178,0.012877210965812291,0.7343562040446758,0.5933284381455847,0.4476098632133585,0.07380624764575015,0.15625,0.19777614604852822,True
255,4,0.5392206729576854,0.34018740817642446,0.12516907729812723,0.3334761818389529,0.3828625707798577,0.3164138790563033,0.36858945362763834,0.6246536211135592,0.7072948561264232,0.5392206729576854,0.7982999735493599,0.5620717112394253,0.40856689810851776,0.07374333589635008,0.14583333333333334,0.18735723707980845,True
246,4,0.5054846062390937,0.3410155421009445,0.09111856061580603,0.24240475948108817,0.2896492411920028,0.23725377794813754,0.2804333792477931,0.6241057279120179,0.751147997968321,0.5054846062390937,0.7779686404585335,0.5415742006636837,0.34454711309237496,0.07373372097726599,0.21875,0.18052473355456122,True
2132,4,0.6898179991534363,0.316202414782812,0.0615425562903984,0.19840788995632716,0.20265151355182853,0.15771405592187535,0.18910131963499444,0.6898179991534363,0.7882656932390786,0.795288008560582,0.9062455214019491,0.3711876873386129,0.25817679348946854,0.07371086821474965,0.19791666666666666,0.12372922911287097,True
1915,4,0.44099664959104934,0.31636371879150227,0.10523924671240277,0.1882622825702436,0.1951167410004454,0.20292726269408268,0.21744292480174457,0.44099664959104934,0.5667027115074224,0.7145174434388981,0.8181612536722235,0.42330219246243583,0.2519807905569138,0.07369510469871234,0.2916666666666667,0.14110073082081195,True
228,4,0.5255038439855004,0.3417242694321998,0.08287235422550276,0.182615880474463,0.2213439277373467,0.17972002627333192,0.21667862285133235,0.5461930582916,0.7518554894161932,0.5255038439855004,0.7425021039771922,0.5642923248314553,0.4162481049495881,0.07367535916237813,0.17708333333333334,0.1880974416104851,True
55,2,0.31217573130847287,0.34265853553494163,0.03125916033943129,0.04544643415809785,0.0556759489883202,0.060698921771789184,0.06709064190407729,0.31217573130847287,0.4756981473367874,0.39533408472006404,0.7419656430994315,1.1226861321853407,0.9160850841995654,0.0735398010104667,0.19791666666666666,0.37422871072844693,True
2155,4,0.591327143314514,0.3157616659252429,0.07186342939389039,0.17584585865754324,0.1828944351931258,0.14846282106773367,0.17623577229595044,0.591327143314514,0.6950593046907614,0.7249595227107871,0.8992289946767124,0.3527728347643115,0.24222544348376118,0.07351350191692092,0.22916666666666666,0.11759094492143717,True
236,3,0.1026433872546284,0.49679529216337814,0.22304381625113642,0.3370942579765157,0.3478851441206148,0.2994820443891588,0.3070566198615185,0.338333979374175,0.23653894238919793,0.1026433872546284,0.11894221319853959,0.4576385189221454,0.26221643948710405,0.07350386879046182,0.2604166666666667,0.15254617297404846,True
331,4,0.0435351805703319,0.33324728499189654,0.1381926983899556,0.16345899692535415,0.1714674864062419,0.16001172652854537,0.1947188508752616,0.1545727002529984,0.09983401612198495,0.0435351805703319,0.7327014307792061,0.5905682947500868,0.3984242749184119,0.07346290353161565,0.1875,0.19685609825002892,True
2057,4,0.4145905995454776,0.32379902608501177,0.0589836185718724,0.10075618622809346,0.10382213047909279,0.09987816034214851,0.12198917374014344,0.4145905995454776,0.7847326475919729,0.8506377352609238,0.8981886807308083,0.42809960129486235,0.28033050882108057,0.07344114874117422,0.23958333333333334,0.14269986709828744,True
252,4,0.5379093101300731,0.3403358158943984,0.12347477033676017,0.31784675382463856,0.3726802007585417,0.29288277510339106,0.3498284534543627,0.6115273513069028,0.7216834237892146,0.5379093101300731,0.8235306251100567,0.5597510628432574,0.36309902222342316,0.07343886877809114,0.21875,0.18658368761441912,True
1862,4,0.2506539773745394,0.2518182039532327,0.35080622089933905,0.46814984040380986,0.5011723663490649,0.5696715041380925,0.6035901989355047,0.2506539773745394,0.42116926850699876,0.49365815635984067,0.6620920094355891,0.5726646552947197,0.35859437857521215,0.07342366571354157,0.23958333333333334,0.19088821843157322,True
83,4,0.6096012302113836,0.3407315299408068,0.0986877584261117,0.2527870630318501,0.3148648413811919,0.2684123262450742,0.3201458837241534,0.6096012302113836,0.8054472849575933,0.8681306218240799,0.8387227787108895,0.6252712950019834,0.4705119896409826,0.0734058797302629,0.1875,0.20842376500066115,True
325,4,0.07971072550069591,0.3352413269824351,0.13643779511287057,0.18431128529624438,0.1955241737781225,0.18034268251215524,0.22551261428693672,0.25974258769031167,0.18705604572569767,0.07971072550069591,0.759528523465949,0.5892324284311338,0.4312568525492111,0.0732967303398057,0.19791666666666666,0.1964108094770446,True
292,4,0.5062180824675362,0.3371357076946509,0.17287493427114864,0.3501038173593769,0.39789137698574023,0.3563091248783919,0.433846480418069,0.5062180824675362,0.5750057746416496,0.5118680641386257,0.8244951245707295,0.6201384226408398,0.4833157530061527,0.07324217541845728,0.11458333333333333,0.20671280754694663,True
301,4,0.40418672474071804,0.3355016795855766,0.1274414308800312,0.29188900169400184,0.3380545704386548,0.28349251322377905,0.3441647613599616,0.5633907747794046,0.5061506591250389,0.40418672474071804,0.8041981942182072,0.5884487648350115,0.47040618027331504,0.0731992476207452,0.10416666666666667,0.19614958827833717,True
2055,2,0.07743769018588187,0.2589907268073808,0.02115856921804421,0.024930644990429268,0.02785940429879401,0.02357971808322376,0.024258982638327098,0.15130277511204127,0.07743769018588187,0.21037945532390212,0.27303643690883606,1.0808614306242075,0.8698501299686541,0.07317950989810904,0.125,0.3602871435414025,True
334,4,0.24212163081940652,0.33344761950287083,0.16389218266896957,0.21804666977027676,0.2324416425409813,0.20527890550776004,0.2484699664411707,0.2483619087526615,0.2792760561906442,0.24212163081940652,0.7950085952739586,0.587919936992097,0.39346506592792707,0.0731334648329555,0.21875,0.195973312330699,True
1669,6,0.10772548852811925,0.399473768319126,0.0529284128746876,0.09927186178500623,0.11940392132451687,0.09742825447219072,0.1346407361049816,0.4668336835536031,0.7152306780920359,0.5743092951356661,0.10772548852811925,1.0345621739176245,0.7495943947407397,0.07312802857984171,0.1875,0.3448540579725415,True
2159,4,0.4765432384849152,0.31566412448641074,0.08109386327250985,0.15491988877513604,0.1546126598823525,0.141795136983772,0.17279721510918122,0.4765432384849152,0.6291803759630548,0.6781636847925865,0.887662286647604,0.39152382133954927,0.2562867477258379,0.0730643665344267,0.21875,0.13050794044651642,True
311,4,0.3230763775546984,0.33619467215250465,0.1505535282770447,0.25416553897963584,0.27495907816397375,0.2512650116748681,0.30775938248204665,0.4076556212874032,0.3334253156101292,0.3230763775546984,0.7927140419189624,0.587256161864144,0.45818900191243017,0.07305089546947126,0.15625,0.19575205395471465,True
94,4,0.6510792713457738,0.33690081424941115,0.10445756531362438,0.2993733439584205,0.36465852544892474,0.3129255158622081,0.38422472641944233,0.6510792713457738,0.837516904135172,0.8764702705190321,0.8570008170561988,0.580159741959673,0.39287267178188756,0.0730403807902891,0.1875,0.19338658065322434,True
332,4,0.2394251715750899,0.3333128673735096,0.15931627934604764,0.20946825136979483,0.22765358457362175,0.1935476006294068,0.23262794976988502,0.2394251715750899,0.3007613816376641,0.2681768555002658,0.8186919944911872,0.5868048411119572,0.3973433596134157,0.07299475406605618,0.16666666666666666,0.19560161370398574,True
249,4,0.5149982016671737,0.3409135564773856,0.10250151823796856,0.2885835986910175,0.34099490278543776,0.2722685732636229,0.3239935654249617,0.6448116985757201,0.7418306272550399,0.5149982016671737,0.800838965016659,0.542367903471052,0.3750571405246461,0.07299397500936194,0.25,0.18078930115701733,True
54,2,0.1654603826130725,0.34302188876785666,0.02847927671901233,0.03412573366880454,0.04112082494881648,0.05068652032942539,0.05501395938904957,0.1654603826130725,0.37635419502775413,0.30441233979017857,0.7019726737974521,1.1911595340189662,0.8754830300907805,0.07298020824217386,0.16666666666666666,0.39705317800632206,True
2139,4,0.4297978690561588,0.31520569941488513,0.08116348711755024,0.14234160609537247,0.13775096125111905,0.13127140948052185,0.15675434233440586,0.4297978690561588,0.6816825064132317,0.7392259105846823,0.8974374767569854,0.3711855261995674,0.23815849100415676,0.07294741291609312,0.2604166666666667,0.12372850873318914,True
2124,4,0.6500720526038548,0.31634932443556163,0.04404501054173959,0.12586879918990088,0.12672009179915422,0.11522424338870578,0.13936608459496722,0.6500720526038548,0.8005844292942969,0.8182290688964733,0.9103551386081467,0.4222271813893119,0.26195425707165043,0.07289166461715525,0.21875,0.1407423937964373,True
277,4,0.5385909284193524,0.33868585487095354,0.1643106505929636,0.43649792560812717,0.49471049957729624,0.42711271862295613,0.5174624819535899,0.6235706037685136,0.6489815872797198,0.5385909284193524,0.8273406256024217,0.6179920600233757,0.5089555066419393,0.07286890770040289,0.13541666666666666,0.20599735334112523,True
87,4,0.6734470471183139,0.3404104578773265,0.0853429773925568,0.26134498751103796,0.32588272977296034,0.2743373272037596,0.32631864300313324,0.6734470471183139,0.8303771271989812,0.8651445894057278,0.8638927883675693,0.6205223561960693,0.44680114769342083,0.0728483616839048,0.14583333333333334,0.20684078539868977,True
95,4,0.69475716719488,0.3347599787007943,0.12153232997033274,0.39814965957914605,0.46903091516915457,0.38546287259554396,0.4654172582022416,0.69475716719488,0.8445835887895986,0.8712004005252092,0.8717802122357058,0.5840030770599617,0.40815029965699523,0.07280075772226091,0.22916666666666666,0.19466769235332057,True
1796,4,0.008150329121422106,0.379799965335323,1.7845998841964512,1.7992644819004247,1.8552836630723217,2.024858488589071,2.1072823274155286,0.008150329121422106,0.1366023053325398,0.24625572881327418,0.42518256367395,0.8610940742457064,0.6105964736408365,0.07273119399868493,0.13541666666666666,0.2870313580819021,True
1053,6,0.043821406941426,0.461438873055641,0.17999218841374376,0.22045188909569116,0.25097592870033575,0.18443400101702198,0.21899247062605465,0.18353075062280433,0.043821406941426,0.38606465800788803,0.35112694345653916,1.6913939169138212,1.332433426619005,0.07272231672799523,0.07291666666666667,0.563797972304607,True
377,6,0.04288613382770334,0.5020246913810973,0.13993248817340198,0.14620255031203547,0.1666273178404588,0.1775797981891782,0.18694735450305192,0.04288613382770334,0.40583149183373934,0.49305235724044116,0.57413933334461,1.3332544131591355,0.6585828137590966,0.07268216186023745,0.22916666666666666,0.44441813771971184,True
1675,6,0.4364232589417141,0.40201618166110975,0.10332573788294099,0.1855230722068495,0.21716792052063125,0.16012535902422226,0.20614235852787352,0.4430572076354059,0.6079513748961347,0.5373845753995985,0.4364232589417141,1.1862525459754485,0.9195778593301185,0.0724514915110352,0.08333333333333333,0.3954175153251495,True
1875,4,0.16585056877052462,0.2606700312329201,0.1843325932885134,0.22098269972661924,0.22914023109104584,0.2644471307768308,0.2981881897763607,0.16585056877052462,0.3101411148635699,0.44412719666711076,0.6675928068322186,0.5389360377189512,0.37356308459060017,0.07237670981557037,0.15625,0.17964534590631706,True
303,4,0.40725409573163696,0.3359407552695747,0.13082769533846964,0.28607961778798724,0.32466344993473245,0.28123015057826867,0.33915301774125783,0.5426878141475089,0.477858948123854,0.40725409573163696,0.8051960014826582,0.581522746422,0.4457885589604871,0.07233769540560542,0.15625,0.19384091547399998,True
328,1,0.010879785486798688,0.4309386296784977,0.16509499971168376,0.2163394650328845,0.20615836629847548,0.18893758511544015,0.18329840137043982,0.23687062974576267,0.13168784301429182,0.05517740474179278,0.010879785486798688,0.5738424203450473,0.34876684554408754,0.0723319494484939,0.20833333333333334,0.19128080678168244,True
247,4,0.49594217056050083,0.3411031089885098,0.08973032273695021,0.2911780554380002,0.3427035678362766,0.2768910948432441,0.336754617370274,0.691836932553263,0.7487750876154069,0.49594217056050083,0.7566420617624553,0.5415393112349332,0.3285686537584809,0.07223314306792356,0.22916666666666666,0.18051310374497773,True
266,4,0.5394552821205898,0.3404654019930979,0.14434384648882123,0.3575199540848564,0.40345935076423894,0.3523388387924964,0.4156497065924805,0.5962635236450002,0.6619150851339519,0.5394552821205898,0.8150758288367279,0.5776141852637995,0.44640750918311767,0.07217384856875937,0.14583333333333334,0.19253806175459984,True
76,4,0.5267378833273826,0.34103167998399647,0.19561448236190523,0.41333222218845594,0.502768495789588,0.37589322231312544,0.458348199415596,0.5267378833273826,0.7860492788407026,0.8403268350971236,0.8854767892729107,0.6141190164650082,0.43482850653781213,0.07209661953625224,0.1875,0.20470633882166941,True
241,4,0.5931894838157281,0.34157560573043066,0.09600522712676425,0.23599494926349696,0.2829890319996893,0.22812874493369328,0.2775745642182936,0.5931894838157281,0.745318448177166,0.6015784555135869,0.828762237394519,0.5491573494224629,0.3827763834129172,0.07208980817587497,0.13541666666666666,0.1830524498074876,True
42,4,0.1760774699974328,0.3472904534546811,0.14292984668547223,0.17347486138657586,0.2225488183378503,0.18905560929251386,0.21259979865374212,0.1760774699974328,0.7750946285893258,0.8709943917100935,0.8470277185591457,0.7802196279914971,0.6494565156145882,0.07195606355237855,0.07291666666666667,0.26007320933049904,True
285,4,0.5867601149430475,0.3373426021812878,0.18496380337793786,0.4543590852582156,0.522524160002658,0.4430478186403673,0.5312605989690454,0.5929127217235646,0.6753343808895942,0.5867601149430475,0.8337766564780869,0.5886177486192571,0.436700848250382,0.0719541138830298,0.07291666666666667,0.19620591620641903,True
276,4,0.6207495112539055,0.33947567805297246,0.1691135121676024,0.5413827292963765,0.6176028407804123,0.4929789823928125,0.5911281565202867,0.687626695466633,0.7276627396288929,0.6207495112539055,0.8388417900183316,0.6209693604332026,0.44796034809920116,0.07193252486545865,0.13541666666666666,0.20698978681106753,True
232,4,0.637104057527194,0.34183460805761956,0.08069689899944092,0.25319494213990773,0.29770653068047376,0.232909393546587,0.27889888071896,0.6812855015292908,0.7863308596689356,0.637104057527194,0.8225932881600266,0.5371049420654443,0.40605057153861424,0.07191924289966482,0.1875,0.17903498068848145,True
81,4,0.6490427824747229,0.3409090102748935,0.0904630811755958,0.2577609938142399,0.32076536998565863,0.26974563568839416,0.3270050066891973,0.6490427824747229,0.8530499758657566,0.8824600285837656,0.8591268506337155,0.6125281818429862,0.43940375892091765,0.07190985802030177,0.13541666666666666,0.20417606061432872,True
1858,4,0.2553718516504815,0.2510862432113871,0.4494906373391836,0.6036444342528382,0.6487271113052695,0.72919223135266,0.7768990049458334,0.2553718516504815,0.4251308477713207,0.48944123607641843,0.6679573345508298,0.60855392782084,0.41645605839310207,0.07183542758602722,0.1875,0.2028513092736133,True
19,4,0.1869569428890473,0.3489234937490199,0.15333821522294963,0.18859790251185207,0.22545677746202844,0.22427173608056103,0.2607074077839712,0.1869569428890473,0.7634886995887458,0.8763245413057601,0.8473887476121196,0.7913714166702887,0.6636945837414743,0.07171467459237824,0.10416666666666667,0.26379047222342955,True
230,4,0.5466942926333324,0.34162081014171725,0.08652402399194854,0.19087344938712944,0.22896586470416894,0.18086008857010238,0.22599758306459114,0.5466942926333324,0.7529113402326505,0.5493259315655943,0.7932513496405229,0.5274655242537296,0.3581153318498309,0.0716645772148127,0.14583333333333334,0.17582184141790988,True
2154,4,0.5340172695003822,0.31600719563091606,0.06955101564479937,0.14925663783769005,0.15568320560456783,0.12717118917620654,0.1523669740442397,0.5340172695003822,0.6586143288356414,0.7088986416065045,0.8950585130099318,0.35740087080746424,0.2470758002228024,0.07164292651353948,0.1875,0.11913362360248808,True
2152,4,0.568115134173443,0.3159348929252265,0.06358079699139241,0.14721700624936038,0.15277921697751853,0.13022124251254796,0.15081555877952843,0.568115134173443,0.6714605140934433,0.7176020932377487,0.8954792395724395,0.3429417325638173,0.22976953705935443,0.07154430321708599,0.1875,0.11431391085460578,True
1346,6,0.036896197846226886,0.4537654430285728,0.19222549066834207,0.2838228380821895,0.32322492162959576,0.34220323630535754,0.3904905075569564,0.3227271914859883,0.3628001050294135,0.036896197846226886,0.36693936933580407,1.5100340532527323,1.2838659456346875,0.0714790591978139,0.0625,0.5033446844175774,True
62,2,0.04649806846518911,0.34448676851794957,0.03725167868963955,0.03906827816245441,0.04723163611757517,0.0562744507157655,0.05901498170395558,0.04649806846518911,0.42210457525689105,0.37492802109631274,0.7394931046020934,1.120803214313817,0.8464320841388044,0.07146281525367178,0.14583333333333334,0.37360107143793897,True
1845,4,0.4196529907414669,0.25127696618545586,0.631953664573942,1.0889237895467798,1.121683202310893,1.2781194040698274,1.3268920569061262,0.4196529907414669,0.49553729310377914,0.5221288507453623,0.6617504088537441,0.6440774390895846,0.44883413983807685,0.07144718367307089,0.16666666666666666,0.2146924796965282,True
316,4,0.28754904495679656,0.3365405626417869,0.14692496326492263,0.21134305304503945,0.22763144886412956,0.2017713459813253,0.2619503511769133,0.30480344090793765,0.31382027547620217,0.28754904495679656,0.7885422829146839,0.5743105816732896,0.4191190657923016,0.07144054842379388,0.13541666666666666,0.1914368605577632,True
1858,0,0.18461956436970317,0.3770319891830471,0.12273317553305889,0.15052259064590504,0.16733006592643193,0.19271794632376885,0.20177374962517222,0.18461956436970317,0.3264478101788648,0.36102264317850497,0.4283197778804253,0.9973387286117692,0.6044122418703637,0.07137825920006555,0.25,0.3324462428705897,True
1914,4,0.502427792467684,0.3163467094595421,0.09920461078291494,0.1993773150532566,0.20609707720203316,0.21821679966737118,0.23187587902431686,0.502427792467684,0.5677277990694727,0.703848040410727,0.8079789489456389,0.43043718437659084,0.26162119961107067,0.07136441102997702,0.2604166666666667,0.1434790614588636,True
1676,6,0.39500516101471195,0.40246085428896217,0.11408400375369038,0.18857020986333506,0.2188129592861183,0.16373568314933223,0.20881813791200818,0.39500516101471195,0.5696161292881139,0.5106184875733921,0.433889414980587,1.156563882123625,0.9522881968662631,0.07125748781902769,0.09375,0.38552129404120833,True
12,4,0.23935133759444027,0.3504639840996279,0.13021423175655597,0.171188405623106,0.204568364787217,0.20041048487926513,0.2530869566921174,0.23935133759444027,0.7917876442539239,0.8771066019859979,0.8724052895807446,0.7846633217555876,0.6376740546949833,0.07110678197229009,0.10416666666666667,0.2615544405851959,True
58,2,0.051168685475099895,0.3420492800082581,0.0346712384562625,0.036540993035862356,0.04472791751611448,0.05221359121953515,0.05668731662794511,0.051168685475099895,0.3318679721385839,0.25316427610898695,0.6938430210758695,1.118930557970827,0.791920813980937,0.07108842690705328,0.13541666666666666,0.37297685265694236,True
1844,4,0.3015711598983709,0.2513506357931849,0.7830721859010475,1.1211910805216776,1.1551590535071705,1.3222679046698773,1.3711486680937568,0.3015711598983709,0.40937080950203064,0.45682489896355494,0.6146839630586259,0.6811907188184222,0.4599549118492874,0.07108754877756761,0.15625,0.22706357293947407,True
1650,6,0.014105864430008386,0.39398220946360313,0.08114228789546137,0.08945680326514405,0.10298772947519834,0.08870913862748205,0.09291836943260483,0.09294447226153402,0.5312380242230125,0.4230141438535068,0.014105864430008386,0.9200207882613635,0.6218263010156306,0.07097009423002965,0.125,0.30667359608712114,True
61,2,0.02732421279125019,0.3435612066114613,0.035476151815284095,0.036472740744465985,0.04493578412963933,0.05248102857307787,0.05543654213910423,0.02732421279125019,0.4240426653129027,0.3386312308968882,0.7238979684011534,1.1152360622895965,0.8317366227867851,0.07093057057735004,0.13541666666666666,0.37174535409653214,True
86,4,0.7028885902612321,0.34050793813717917,0.07737854674658977,0.2604361334175084,0.3293325076895674,0.2678295942081315,0.32063412715286316,0.7028885902612321,0.8415098269244515,0.8797937647511904,0.8375538520444582,0.6041644642391978,0.4954013958001724,0.07092797055252727,0.10416666666666667,0.20138815474639926,True
1697,6,0.07943267958511324,0.4194602872864326,0.07448444454850536,0.08091145850684366,0.09733314506842537,0.10652371413111843,0.12029881380159452,0.07943267958511324,0.4570219580100573,0.5408083040715534,0.09404832888538095,1.1508075304768628,0.8657685108063191,0.07090163812597093,0.11458333333333333,0.38360251015895425,True
256,4,0.5581389729375542,0.3408092687617791,0.15814559195798802,0.35790798977986843,0.41354247692409113,0.32293613641635677,0.3796560643749163,0.5581389729375542,0.6911119985461844,0.5982380074381037,0.8459094222683191,0.5400892157505914,0.32525343188446243,0.07085925097220672,0.15625,0.18002973858353047,True
2130,4,0.6873370895491868,0.317110138952623,0.0527863985982567,0.1688284629671828,0.17402956638149725,0.13864996884169178,0.16733683475728847,0.6873370895491868,0.8050412528507808,0.8114205773122493,0.9005124013315162,0.3550829886692745,0.2426533835929945,0.07084623387589709,0.20833333333333334,0.1183609962230915,True
284,4,0.4329268081532621,0.3373288729589188,0.26992186843098454,0.47599123413320504,0.549432358632648,0.4539257901572067,0.5401107332588445,0.4329268081532621,0.6171979859705592,0.5853238218886273,0.8563062978720452,0.5880349268784298,0.4688352223674741,0.07071390538637154,0.14583333333333334,0.19601164229280996,True
18,4,0.1313390939403265,0.3489580708202096,0.159962015965375,0.1841478243690942,0.2186961498710599,0.21213614614596524,0.2622025589045271,0.1313390939403265,0.7472352424473699,0.8731990686666393,0.8383511796098424,0.7797109823057488,0.6002039838765683,0.07065799723653288,0.052083333333333336,0.2599036607685829,True
88,4,0.6912798974159717,0.3404227952917955,0.08059377108712285,0.26105773615822964,0.33097255741740284,0.2746650459834173,0.33182899990905373,0.6912798974159717,0.848628874968409,0.8799648556360057,0.8417064372403897,0.6014634668970972,0.4534241225449165,0.07061087765600246,0.14583333333333334,0.2004878222990324,True
305,4,0.46208909450699653,0.33604372262834586,0.14467803719945302,0.354472853256208,0.4055371321247418,0.3168409651111291,0.38114945171690434,0.5918501632200258,0.5773333036307493,0.46208909450699653,0.8192573621739565,0.5671499211903115,0.3486935954888537,0.07054980824190471,0.1875,0.18904997373010382,True
2098,4,0.38051482932684066,0.32043026122775475,0.058795990817025245,0.09491105453442088,0.09857526361221221,0.08788057283766933,0.10642488525245304,0.38051482932684066,0.7658971361346785,0.812749681816887,0.9064182048751095,0.4003822265523708,0.23175778498121247,0.07051908151582648,0.23958333333333334,0.1334607421841236,True
2035,0,0.24265699495887405,0.42779485974863873,0.06758843104244772,0.08924414775413086,0.09495496586834563,0.08328289975529721,0.10162320640920287,0.24265699495887405,0.3884258803520455,0.4596176978716252,0.5578621701602708,0.8682550447839077,0.6868561769727819,0.07050957915698684,0.09375,0.2894183482613026,True
244,4,0.5761728002495929,0.3415769558349018,0.09773075224527039,0.24945191417315224,0.3014536320151418,0.23594560230875272,0.28668564277375214,0.6082180705278835,0.7519594683546631,0.5761728002495929,0.8210939745466579,0.53789197127544,0.3622531005336782,0.07048427041822024,0.16666666666666666,0.17929732375847998,True
2157,4,0.5866849041154419,0.3157640057056042,0.06710027584283473,0.16234654023277276,0.16426223696014533,0.14100505883266123,0.16980645093275712,0.5866849041154419,0.6796827256743705,0.7159427330649766,0.9015471554459834,0.3657861075931083,0.22318708788723995,0.07047056621050024,0.21875,0.1219287025310361,True
46,4,0.22846836688832117,0.3468360818291588,0.14214297241987775,0.18423479520418137,0.24151719814909864,0.20407482848244404,0.2304376436483688,0.22846836688832117,0.7644722572523068,0.880949755685604,0.818482902362595,0.7639564630812679,0.6175770521701907,0.0704561867409533,0.052083333333333336,0.2546521543604226,True
319,4,0.17047925854588242,0.3365156278268363,0.15755785057563987,0.2132526095348132,0.23455505390866346,0.20188939416610463,0.2550872587618455,0.26116800671590956,0.2711869112343398,0.17047925854588242,0.7561469302063202,0.5669115504351119,0.3809762410335793,0.07044731632855944,0.19791666666666666,0.18897051681170396,True
2015,0,0.08816281066203424,0.42990085020113283,0.06892923697804741,0.07559379874393267,0.0800045771361429,0.07763392078175713,0.07825053150178896,0.08816281066203424,0.19608640664651622,0.41427110604728257,0.47244420882475224,0.9323383814097012,0.44079176857025004,0.0704395887355106,0.21875,0.3107794604699004,True
302,4,0.44974652456374475,0.33544668977046543,0.15918125209084488,0.30928572966832757,0.35063021831463753,0.29101858190251556,0.35167875619281697,0.4853262313086738,0.5129978081069447,0.44974652456374475,0.8217686956243798,0.5661288204510573,0.41414464238293647,0.07042278986694159,0.13541666666666666,0.1887096068170191,True
1857,4,0.26009563994958085,0.2506894251492057,0.4737364488251512,0.6402671404624098,0.68588150344043,0.7690753267012344,0.8222709193904825,0.26009563994958085,0.4403779054155934,0.5078290185545302,0.6808490024767846,0.5870753753791913,0.41194595138538403,0.07037286451021557,0.19791666666666666,0.19569179179306376,True
297,4,0.37525977086614604,0.3360022121642824,0.10844032663881187,0.29300648524642375,0.34190745819093776,0.2759682232470972,0.34888928192499896,0.6299046877832359,0.5500271621145671,0.37525977086614604,0.769666065281263,0.5820855531337473,0.45262398242471136,0.07035995138058436,0.11458333333333333,0.1940285177112491,True
1996,4,0.44934718421003894,0.3210221631028579,0.09080587941498856,0.16490586593063972,0.15404821693091986,0.19951245688833433,0.20349543580686236,0.44934718421003894,0.6674151382036385,0.7880049958567111,0.8700160009916995,0.4920932739882981,0.2873475371215761,0.07032449228166507,0.25,0.1640310913294327,True
2153,4,0.6223639644089318,0.3159578864337075,0.059486401201507576,0.15752310583496273,0.1646271461165544,0.1389042336488314,0.1630626294476598,0.6223639644089318,0.7114648325957835,0.7501767629284803,0.9007123196026556,0.33903060109091204,0.22245153989082667,0.07031383896216414,0.21875,0.11301020036363735,True
372,6,0.14372755638220602,0.5017507878706337,0.21294546013707216,0.2486889093818866,0.25819719059946833,0.3117966156485284,0.32842224552681354,0.14372755638220602,0.3918217596766863,0.5239430764015249,0.6152755752164121,1.2868179720172672,0.7481811076370946,0.07030284959854126,0.17708333333333334,0.42893932400575574,True
167,3,0.15705375633035867,0.49636764385218207,0.28556031402189463,0.4034233711886393,0.41184280470655743,0.3502949544307031,0.33299865212434465,0.2921572362540006,0.258933824167644,0.16276783445729703,0.15705375633035867,0.43880862450156205,0.31814151676056124,0.07026559500286904,0.16666666666666666,0.14626954150052068,True
53,2,0.09331457941783439,0.3431363853264983,0.03257481618964141,0.035927362953212305,0.04213905128468423,0.05074054171343545,0.05470944692430574,0.09331457941783439,0.347587269880978,0.3333906637963362,0.7218064730816408,1.1458402095811993,0.8258521078392889,0.07026462728978097,0.125,0.3819467365270664,True
1696,6,0.08014885398574356,0.4193121176685323,0.0759388509925001,0.08481486059478527,0.10249923714858931,0.11037276475565683,0.12608649863296714,0.10465158511185357,0.46900006470129674,0.5600044068292606,0.08014885398574356,1.1341882460929562,0.8725123950904958,0.07021931676713829,0.08333333333333333,0.37806274869765205,True
1870,4,0.10236245176197634,0.2534504219801744,0.2870403676633219,0.31977312917307726,0.33993607891178196,0.38556036880345496,0.42234249787223205,0.10236245176197634,0.29589788757235325,0.42411547696963103,0.6315241802439016,0.5201305952811601,0.362012505246021,0.07009313059049772,0.13541666666666666,0.17337686509372005,True
307,4,0.42018557187397,0.3363719357926896,0.14338627477034738,0.2909282659848012,0.320782710602504,0.27817812062733677,0.3394942586764776,0.5071421668672159,0.4896525930044825,0.42018557187397,0.7935877443102649,0.563284127533062,0.407168278074721,0.07006892833514332,0.11458333333333333,0.187761375844354,True
306,4,0.4504465277002382,0.33608676666809295,0.17544169175071614,0.3192440783178583,0.35970124082380445,0.28961028974635344,0.35193884185012064,0.4504465277002382,0.5217703742052542,0.4512654599597865,0.8238041423979647,0.5614896732716919,0.36994606397115604,0.06984570974811992,0.1875,0.1871632244238973,True
272,4,0.5534943676105867,0.3411395025380395,0.19072581020157356,0.43454016912199994,0.49680150620151436,0.4204582620877626,0.49326142411506124,0.5610858931938556,0.6527498732966079,0.5534943676105867,0.8355200293220312,0.5712632834105384,0.4118414559902561,0.06981401488329207,0.125,0.1904210944701795,True
7,4,0.3510193529442506,0.35108097741203703,0.12399788331423245,0.19106561016384307,0.2288452210824212,0.22388268165987302,0.2798856938000934,0.3510193529442506,0.7918256003001504,0.8660972427353663,0.8884021452947269,0.769991429458227,0.6165780181013503,0.06977720402747783,0.10416666666666667,0.256663809819409,True
2107,4,0.471616577016171,0.3206371241344887,0.07071952280585887,0.13384129730357422,0.13870292913416046,0.11923502855514023,0.14453096825913456,0.471616577016171,0.7545354225863274,0.7978755373206734,0.9019897638578207,0.36747717296254184,0.25308411255153374,0.06974317451455697,0.1875,0.12249239098751395,True
2142,4,0.5198102587339775,0.3156270515583888,0.08572260423033755,0.1785181915888696,0.1777558784535104,0.15189040886441788,0.17965616857989364,0.5198102587339775,0.702255017239252,0.7538025565659008,0.8994571586799848,0.3406173324302664,0.24248146065964704,0.06973085275214363,0.15625,0.11353911081008879,True
310,4,0.354321019452417,0.3360196646948727,0.15451761022683153,0.28003306277662904,0.30318178173307625,0.2646213445822713,0.3278464632665676,0.4482165473793217,0.4141222654748925,0.354321019452417,0.800300886775672,0.5604282658484798,0.355438009065594,0.06971367748050188,0.17708333333333334,0.18680942194949327,True
327,1,0.03533186131475741,0.4310696200849966,0.13954190288306392,0.18171562363171465,0.16667775127046844,0.1689953455382558,0.1629511006611991,0.23208637708623636,0.17991166460677355,0.08176331080987176,0.03533186131475741,0.5476013507587539,0.3418412541207445,0.06953667931189494,0.19791666666666666,0.1825337835862513,True
265,4,0.5612195625200653,0.34027061497458233,0.16196224968027817,0.37922519109941993,0.4352301253004205,0.3603547424167524,0.42489449385772327,0.5729127350144385,0.6663802572750857,0.5612195625200653,0.8248437772165529,0.5663972857878452,0.40200035491977815,0.06953615483682626,0.11458333333333333,0.18879909526261507,True
322,4,0.0730316255235427,0.33616838254138365,0.12985936807123824,0.19042936646656536,0.2087083724373701,0.18308159505210408,0.2288170237135844,0.3180706816349237,0.19680643951794152,0.0730316255235427,0.7486342906101644,0.5583941038072204,0.4095324604558215,0.06946064078494418,0.11458333333333333,0.18613136793574014,True
1868,4,0.021776829945147846,0.2533564255489691,0.3180596617376594,0.3251401842381476,0.3428464901698804,0.3926930724192905,0.4281310079329774,0.021776829945147846,0.2633698429640998,0.4032390943774996,0.6330530747272292,0.5421415054261642,0.3713156382961813,0.06935751044247587,0.16666666666666666,0.18071383514205475,True
1866,4,0.0027962419000350236,0.2533399312344936,0.3512452741291758,0.352230194958777,0.37467781259429717,0.4173516851469084,0.4537418367504042,0.0027962419000350236,0.2587928127813689,0.3894812288838986,0.6017777942231559,0.511672144867692,0.33012073195362035,0.0693519700997272,0.15625,0.17055738162256398,True
27,4,0.41447591488340885,0.34815060273843723,0.11829505641344977,0.2020327761408731,0.2430677304195303,0.24181969589599775,0.28358314670984713,0.41447591488340885,0.8058563693125526,0.8872741868062806,0.8579535429747578,0.7652915571532019,0.6172439947096109,0.06935129805478205,0.052083333333333336,0.25509718571773393,True
2145,4,0.5805423399677216,0.31579386973181833,0.05253214158423436,0.12523824592973667,0.12401539338569083,0.1160088319695262,0.1343756864934965,0.5805423399677216,0.7475855204349157,0.7667276642852505,0.904285322698774,0.3683648478586458,0.22773730563564243,0.06926962347110868,0.21875,0.1227882826195486,True
2156,4,0.48847231804521385,0.3156318759486782,0.08143786475237332,0.1592051957797498,0.16188166931748516,0.13825151941020364,0.16960919604952376,0.48847231804521385,0.6360624754992867,0.6836640659040797,0.8927772636396725,0.36426742620001856,0.22993067158658675,0.06925355351056972,0.19791666666666666,0.12142247540000618,True
328,4,0.072555742512321,0.33371607624001537,0.1502537641283824,0.1620084041874382,0.17299260750512144,0.16448018455052363,0.20353214721545276,0.072555742512321,0.09723757801281141,0.12760309599328146,0.7701227620308357,0.5566506466642867,0.404337289659793,0.06924376591197617,0.14583333333333334,0.18555021555476223,True
1345,6,0.04211967024722518,0.4535168582708988,0.2017013947569332,0.2907278038473521,0.3342800779029564,0.3453512484971413,0.39376139253098213,0.3062191091195482,0.3634712402574848,0.04211967024722518,0.36976285551131105,1.4664724639892572,1.2464149594555352,0.06922467122443145,0.052083333333333336,0.48882415466308576,True
262,4,0.5368046800343151,0.3399774695091035,0.15091000996588036,0.34291406880267356,0.39555128053833294,0.3348000580362913,0.3821570529042127,0.5599188726995041,0.6602834996378598,0.5368046800343151,0.801655094285424,0.5559800365739125,0.41194768029662043,0.06917899025627385,0.11458333333333333,0.18532667885797083,True
260,4,0.5465634429113961,0.33999211315697103,0.1335200140554235,0.3635005980047006,0.4152783538816271,0.34572751747469416,0.40219953502520217,0.6326828214634825,0.7055711036204757,0.5465634429113961,0.8068814609621402,0.5417139370328468,0.373759488907055,0.06913143659209066,0.11458333333333333,0.18057131234428225,True
23,4,0.4197095480998916,0.34834758149655826,0.129333178514385,0.22287662685280318,0.2598415877302403,0.2569401409899285,0.30503919496406773,0.4197095480998916,0.7932164369868084,0.881734058688464,0.8607932764389576,0.7627915515053699,0.6134701272628007,0.06912474565759322,0.07291666666666667,0.25426385050178996,True
43,4,0.07230382258419965,0.3474298003765975,0.16324922603690387,0.17597272685940404,0.23180851512040948,0.19271471870339096,0.2212632373175578,0.07230382258419965,0.7600875218309926,0.8721910113811592,0.8408760331481939,0.7492920857847482,0.614393919114633,0.06910375874908033,0.08333333333333333,0.24976402859491606,True
233,4,0.6475232268439184,0.34175140826973044,0.08318699405336731,0.23809023453879177,0.28064328917948184,0.22282033970838958,0.26929397444904674,0.650607282509885,0.778151279978943,0.6475232268439184,0.8372433261998973,0.5212768980091169,0.38444319215770406,0.0690430507036297,0.041666666666666664,0.17375896600303897,True
2077,4,0.5698152603271678,0.32158852271306443,0.04774564904202198,0.11098870935852793,0.11303289389816307,0.11088395790884571,0.126435049976366,0.5698152603271678,0.7893099949941531,0.8351130827738255,0.8999918992488606,0.3972883975252106,0.23371601900400663,0.06881052626510392,0.17708333333333334,0.13242946584173687,True
2094,4,0.572227241210622,0.32053643086820416,0.05150070759798616,0.12039267704595351,0.11974364970705453,0.11877816762184601,0.13945001980349048,0.572227241210622,0.7819953764415509,0.82460937884119,0.9057860776208033,0.37769166699274476,0.24285130935133736,0.06880649327738314,0.16666666666666666,0.1258972223309149,True
2146,4,0.5433166725981444,0.31566875788201043,0.056622842383780604,0.12398710219161495,0.1234595427579781,0.11133604064519871,0.13017885988368225,0.5433166725981444,0.721561180123879,0.7491498110241256,0.9051667295468807,0.36403650128921033,0.24283720143564835,0.06866103491028946,0.16666666666666666,0.12134550042973678,True
2138,4,0.4666297159034042,0.3150360934044089,0.0893471224654047,0.16751424878635257,0.16516772317475162,0.14848437336701448,0.1776999202549372,0.4666297159034042,0.6739641604082738,0.732176203191661,0.8953254211751712,0.34664489906713375,0.2334089643684223,0.06858845493232262,0.20833333333333334,0.11554829968904458,True
2160,4,0.366897501059666,0.3156236894404315,0.08910835308804765,0.14074869904509027,0.14177354741654632,0.1236471612667341,0.15606446042914598,0.366897501059666,0.5775171622901312,0.6469477895600928,0.8885546248244633,0.3872107756345559,0.24912366100409145,0.06855453599390715,0.15625,0.12907025854485196,True
14,4,0.19767937202901031,0.349880488377433,0.13957259595553764,0.17396112113994444,0.2105773471910698,0.20279185303036587,0.24862486725868085,0.19767937202901031,0.7821997077965426,0.877044279696443,0.866273050046456,0.7558046466016499,0.5874121154207046,0.06849158706603528,0.09375,0.25193488220055,True
2129,4,0.7098871869852948,0.31688641068583256,0.04894026521431242,0.1686939115365158,0.17390841167943374,0.14024035951920202,0.16941081389463028,0.7098871869852948,0.8063513486149952,0.8118014691447775,0.9059897489497842,0.36069975447029873,0.2501470381431403,0.06840336346642978,0.11458333333333333,0.12023325149009957,True
1993,4,0.6091917070557322,0.3211304148119137,0.08840313648813931,0.2262058868355341,0.20877647108517028,0.26143600964502794,0.2758734282150373,0.6091917070557322,0.7022373750953621,0.7960372711951014,0.8732617732895614,0.48008633123375927,0.29475502273569987,0.06834507815626233,0.1875,0.16002877707791976,True
205,3,0.10507237769885702,0.4828825014698488,0.2056780354377321,0.2298264466447785,0.21957514821199867,0.2941534164751107,0.28664505286327935,0.10507237769885702,0.1402150382579891,0.26596917569585654,0.283981675151012,0.3896473313145778,0.215937358168522,0.06831684587382957,0.20833333333333334,0.12988244377152594,True
1677,6,0.3529440304432958,0.40302500871823654,0.11733008323080048,0.18132911023320428,0.20823934467585178,0.16367685524930659,0.20673154911442318,0.3529440304432958,0.5389029175797877,0.49052572035032005,0.41577153567858494,1.088934480221973,0.8690037333458562,0.0682889843533154,0.041666666666666664,0.362978160073991,True
2096,4,0.5198110685777682,0.3206289805951867,0.05774019741637574,0.1202447487603678,0.12166358152544395,0.1168297141365584,0.1380997468422819,0.5198110685777682,0.7677150775751311,0.8168204322791139,0.906792659165701,0.3773834194084073,0.21817393686617947,0.06827538824185944,0.15625,0.12579447313613576,True
1344,6,0.06073065497676189,0.45333013916102827,0.20554686698167116,0.2985159289178512,0.3454302502163418,0.3514016192991185,0.3986253162924706,0.3114375245341239,0.37676925562184604,0.06073065497676189,0.38539387074609754,1.455262197432279,1.2251369355539339,0.06808441635751962,0.052083333333333336,0.485087399144093,True
1860,4,0.351798349414851,0.2514901973027039,0.371152567819619,0.572588125137555,0.6154257757279615,0.6875732388084975,0.7226375274559089,0.351798349414851,0.4833341863093157,0.5291760581524765,0.6853709084523654,0.5615067462701513,0.37250588994776734,0.06805202415127112,0.17708333333333334,0.18716891542338376,True
59,2,0.2696427000333391,0.3417716074423912,0.034702777307529784,0.04751479489438099,0.059669514319856044,0.059130380115782304,0.06577769295100279,0.2696427000333391,0.46340657355471115,0.3469000522196598,0.7234922056599562,1.044881575607713,0.6467848107472918,0.06799821731919052,0.125,0.34829385853590433,True
1994,4,0.5510603040564688,0.3211084962835651,0.07937250732958818,0.17679993114169137,0.16390650477400856,0.20754544785209403,0.21753450333165056,0.5510603040564688,0.6850606475390832,0.7917293070870104,0.8713297927058455,0.4590924675311599,0.2536304485022356,0.06797088733833857,0.21875,0.15303082251038663,True
313,4,0.2526836990689826,0.336871663432936,0.20023469395543506,0.2679383464618392,0.2893873116516203,0.2493376221278226,0.31198832363026235,0.2526836990689826,0.36947555613060723,0.37846260738859205,0.8234731985054323,0.5455647064514519,0.3804130309092102,0.06786474613788322,0.125,0.18185490215048397,True
2133,4,0.5829553429445506,0.31602667971519294,0.07472816340139099,0.17918503962863452,0.18000023573740206,0.1506688336549241,0.18065624911923953,0.5829553429445506,0.7468459194026047,0.770868243140894,0.8983067984606011,0.33866947763792804,0.2500676465391649,0.06781925292434185,0.10416666666666667,0.11288982587930935,True
1343,6,0.07287716568496061,0.4531367498645215,0.21214672095593942,0.30085759091219405,0.35029581803271403,0.3526250036327796,0.3979405707268297,0.2948600023263003,0.37432909602165143,0.07287716568496061,0.39924732095963145,1.462271008313729,1.1458916127410959,0.06779800984033825,0.052083333333333336,0.48742366943790966,True
1866,0,0.060518651951430025,0.3779937211958879,0.08341520049797317,0.0887885647450456,0.09111136205292032,0.1058313905756623,0.11380229658527315,0.060518651951430025,0.32614562073107534,0.42336681263028664,0.5329637041333548,0.9579026709546868,0.6802067806691525,0.06772555154208403,0.11458333333333333,0.31930089031822895,True
263,4,0.5002560477002527,0.34002988631413955,0.13386231844917384,0.333402956772094,0.3792982143956121,0.3222506700337024,0.37148311356208863,0.5984969067305579,0.6475876056915162,0.5002560477002527,0.7684101637916062,0.536682390396231,0.3889402977529244,0.06768702816375953,0.13541666666666666,0.178894130132077,True
619,0,0.1541682474584416,0.5732372623404963,0.2717756296149379,0.4452615231481212,0.4472248514467077,0.32808317666241976,0.3222397433535827,0.3896269596945867,0.25980952073485475,0.1541682474584416,0.17504804432118004,1.5112267686657603,0.928739187638854,0.06758838872491431,0.13541666666666666,0.5037422562219201,True
6,4,0.41266639511521297,0.35111166249276937,0.12056175077513283,0.20526962832099918,0.2425151832325387,0.23786946623050212,0.29805514689913276,0.41266639511521297,0.7955215014400612,0.8717693719325983,0.8911610859139799,0.7458370353329672,0.5917548638207393,0.06758831461578109,0.0625,0.24861234511098906,True
24,4,0.46029609366157576,0.3484522219868772,0.11949936370447216,0.221416525433743,0.26596030715387114,0.25578980955526187,0.30921775070813834,0.46029609366157576,0.8149320388058091,0.8887207407875883,0.8765075283117387,0.7458079147047089,0.6152908782640765,0.06758567568248695,0.010416666666666666,0.24860263823490295,True
1842,4,0.27994766628561363,0.2514888033000816,0.8586621850019753,1.1924996903663525,1.2270534885396427,1.3882863841525825,1.4346397494881036,0.27994766628561363,0.4005404847355215,0.444927358559268,0.596935663075829,0.6386945690451765,0.4427895895298306,0.0675767467932292,0.11458333333333333,0.2128981896817255,True
2141,4,0.5181515072853788,0.3151139897830031,0.08275865802380844,0.17175244765749,0.17066701815138607,0.1464333627389891,0.1734718062197357,0.5181515072853788,0.6879818577775267,0.7458540663170852,0.8962184419882759,0.3401024799531793,0.21919496268594685,0.0675750089946652,0.13541666666666666,0.11336749331772644,True
53,4,0.3889965892576992,0.34982310624910073,0.13267245277154552,0.21713864511879455,0.271379133917489,0.23030956294903804,0.26893382960549717,0.3889965892576992,0.7910464848972663,0.8824429315505807,0.8323878541557548,0.759232789431555,0.6265708484219346,0.06756543006713052,0.08333333333333333,0.25307759647718503,True
309,4,0.4192780034988439,0.3360173731184117,0.18030864245682832,0.31049046453068074,0.3369565936501018,0.29640399067984075,0.36162565604699903,0.4192780034988439,0.45797936572593756,0.4566402856870997,0.8331711701761947,0.5517940946599815,0.3778589449179037,0.06755433898646886,0.11458333333333333,0.1839313648866605,True
304,4,0.4889119612175863,0.33591617700917853,0.1483839343146096,0.32048669653957945,0.3670598336105055,0.287375571479783,0.3527012229537176,0.5370043876492561,0.5589872823995697,0.4889119612175863,0.8350290983505178,0.5430026962836454,0.3482869555660528,0.06754604852496067,0.13541666666666666,0.18100089876121514,True
2127,4,0.6889584095945995,0.3166931745945472,0.04938274065385088,0.15876571550925775,0.16230885457388,0.13345480280884248,0.16076655184747843,0.6889584095945995,0.8262133979829611,0.8346518548899873,0.9088988192333946,0.3589036289280667,0.2579922840823201,0.06751336065331504,0.15625,0.11963454297602223,True
2140,4,0.5857840399667362,0.31514914741371813,0.06961615607398075,0.16806729530264888,0.16593688710204826,0.1465094368999075,0.17400720177149687,0.5857840399667362,0.72748795348453,0.7649361030289727,0.9055176407892654,0.3405745822184277,0.22508764543118787,0.0675048696048346,0.17708333333333334,0.11352486073947589,True
2112,4,0.5920100623597212,0.31837679803168006,0.08789147973667788,0.2154256064378015,0.22755913374578643,0.17028629828313116,0.21346382460391755,0.5920100623597212,0.728545473439392,0.7568765328623246,0.8912898575596977,0.4240704946822227,0.3369527667518213,0.06734792748724858,0.10416666666666667,0.1413568315607409,True
85,4,0.6738475671100249,0.34070717286995295,0.08726935094879411,0.2675722826149628,0.3453608423219576,0.26918589542787535,0.32589332727929515,0.6738475671100249,0.8419512104221104,0.8758657976756586,0.8436880981415376,0.5735923746565774,0.3695608625476865,0.06733885467763726,0.10416666666666667,0.19119745821885914,True
2102,4,0.5409723925502887,0.32046982301019933,0.05792653818427033,0.12619401805939626,0.1308502353117255,0.11927024902380017,0.141061007549277,0.5409723925502887,0.7901187873349911,0.8207851841179327,0.9047855630111405,0.3813900847531985,0.23727467158010995,0.06733565477354476,0.16666666666666666,0.12713002825106617,True
308,4,0.4276161681736287,0.3360095701318326,0.20599495162620526,0.3598895359586125,0.39839239798065956,0.32263549933247243,0.39122335281146486,0.4276161681736287,0.5282199684228303,0.5167126753505699,0.8452969004850845,0.5411282280102547,0.3626784126978322,0.06731287670865203,0.13541666666666666,0.18037607600341823,True
1318,6,0.08226964267777082,0.4569825295941215,0.10543512304013887,0.19370835935147768,0.24498861957907223,0.18300404842101706,0.21219500218701004,0.4557017394957634,0.5243691503646344,0.08226964267777082,0.17352802099592024,1.449036532085645,1.0641264716979038,0.06729375638584875,0.10416666666666667,0.4830121773618817,True
2051,4,0.5354315795185435,0.3223264571182632,0.05836744400678014,0.1256379930996836,0.12670119143470795,0.12483577806801893,0.15700122582203502,0.5354315795185435,0.7488138184359056,0.8244737671806364,0.894727358324265,0.4136302509488458,0.2610189852492084,0.06724555365283251,0.11458333333333333,0.13787675031628194,True
2134,4,0.6349482602073677,0.3158746956921053,0.06332732199699675,0.17347492175484458,0.17294650089597732,0.14906081192328088,0.17730718246616398,0.6349482602073677,0.7703512596605042,0.7921561018132345,0.9076413138389321,0.3345782281924148,0.21985623665564447,0.06719275612852503,0.10416666666666667,0.11152607606413827,True
318,4,0.19138423886503786,0.3365934272859444,0.16834024795483638,0.2167796887417038,0.23455847336891056,0.20000031169323673,0.2574043897111036,0.22345008920362341,0.25154105456667586,0.19138423886503786,0.79125343604484,0.5572601858467536,0.3704903252283742,0.06714580623768265,0.15625,0.1857533952822512,True
1861,4,0.2708698829219355,0.2517759668819069,0.38295469681615407,0.5252213395749128,0.5658087197468963,0.6317743398753713,0.6724777790157104,0.2708698829219355,0.42722857080127663,0.4980463242946557,0.6662840172968434,0.554605549259457,0.35765405833195985,0.06713750891167554,0.14583333333333334,0.18486851641981902,True
2055,4,0.5377617796776222,0.32360517991111487,0.05652177587131405,0.12227845596994162,0.1253187972545171,0.12629723162813353,0.15094145097230793,0.5377617796776222,0.7983622203559653,0.860067015179357,0.9034638706477682,0.40219585443935263,0.2771184683696504,0.06712870568783265,0.17708333333333334,0.13406528481311755,True
84,4,0.6621627760596049,0.3407661200254,0.10229614535332625,0.30279714046956074,0.37829396735780546,0.29856581895405615,0.3531585217382152,0.6621627760596049,0.8421040761503233,0.8744178192184403,0.8724224737396724,0.5713850448658804,0.38404415944434334,0.06707971758556842,0.125,0.19046168162196012,True
1143,0,0.011731253651223628,0.574565837780099,0.1928645720731694,0.30349989548761175,0.32815700186838775,0.24020123187616527,0.23861851367489972,0.3645316689045063,0.35892183175530845,0.030397213269145906,0.011731253651223628,1.276495985396899,0.6096135515754213,0.06707334819961575,0.17708333333333334,0.4254986617989663,True
1877,4,0.07887714163187631,0.2637394466864448,0.18036796498351407,0.19581314625397192,0.2024418742036739,0.22719408062133986,0.26023779585070667,0.07887714163187631,0.2778927275140899,0.43808031871892095,0.6549189130079234,0.5241470549081055,0.35135722529609836,0.06703239648140064,0.15625,0.1747156849693685,True
206,2,0.009291943747611331,0.31814987924811716,0.04315762076103521,0.06290497106304599,0.055654480406629105,0.07414385468232189,0.06348518299527887,0.3139235257292967,0.2685389171545639,0.21709809804645663,0.009291943747611331,1.0155781617745718,0.683381783596694,0.0669376532056116,0.09375,0.3385260539248573,True
2093,4,0.6050099113745198,0.3204691903874292,0.04969732327605817,0.1258191653593109,0.12361266981570089,0.12487709802547202,0.14503710745983334,0.6050099113745198,0.7887337453784887,0.8283563345969063,0.9052314430988597,0.372539742029776,0.22244669893936475,0.06693033322528885,0.13541666666666666,0.12417991400992534,True
1678,6,0.31171406472172847,0.40360658074224337,0.12160794839537174,0.17668230914264735,0.2013621636393683,0.16463645231690358,0.2065372476896823,0.31171406472172847,0.5065120466038331,0.4756329718220995,0.38472386626349797,1.0501725452443682,0.7975987273368972,0.06688509016483465,0.020833333333333332,0.35005751508145605,True
2135,4,0.5625438673495589,0.3157698921383934,0.07189998971639078,0.16435931365452827,0.16500757648239248,0.14873440695198767,0.17572457035057823,0.5625438673495589,0.716993990749426,0.7593056031961094,0.8992751665981547,0.3463536409172126,0.23843843631155437,0.06688135864891633,0.11458333333333333,0.11545121363907086,True
2108,4,0.4821520810944796,0.3205599856484267,0.06979123923618442,0.13477169008169287,0.1384288756658436,0.1159138903631735,0.14444466496284494,0.4821520810944796,0.7348370640214807,0.7914909433359132,0.9021100189883061,0.3745622627353769,0.26298371997825143,0.0667570763558037,0.15625,0.12485408757845896,True
1191,6,0.10892769150750303,0.46024704650601267,0.08900842659466886,0.09988911757930398,0.11619842679480201,0.09665269238020713,0.09401532307211959,0.10892769150750303,0.42582056323978656,0.5365381834874221,0.3251028708818986,1.2905287209858796,1.0482265170610532,0.06674227744216817,0.0,0.4301762403286265,True
2136,4,0.46325111912938643,0.3152769423864669,0.10087890118462273,0.1879443158241818,0.19142254985194418,0.16206774470483318,0.19133469630450448,0.46325111912938643,0.6821387474575635,0.7325950468223426,0.8897844399502879,0.3409920220734186,0.18956571179394643,0.06671340014108124,0.14583333333333334,0.1136640073578062,True
1319,6,0.13299187508658317,0.4569517458023413,0.10628954062237705,0.2093786169306996,0.2611397170117103,0.1947880841358766,0.22928622148036693,0.4923572321735371,0.5383343228981784,0.13299187508658317,0.24804821649745923,1.4362371770695002,1.0753934098536035,0.06669934992384415,0.10416666666666667,0.47874572568983337,True
2158,4,0.48160860119703386,0.3155265735077733,0.0898228390602956,0.1732722403722522,0.17471467143630934,0.15077257554022339,0.18287919290595647,0.48160860119703386,0.617460792540203,0.6676403451411352,0.8914798444047897,0.3672945826468658,0.24088076548054005,0.06669320715254835,0.14583333333333334,0.12243152754895527,True
39,4,0.247850226625127,0.3474446370979051,0.12797370187939394,0.17014390804796745,0.21886031846941043,0.19162225035318314,0.22056104501547524,0.247850226625127,0.8058970497693406,0.883096232064168,0.8568286260716834,0.7235646475340888,0.563335297542622,0.06666955259279317,0.041666666666666664,0.24118821584469627,True
2116,4,0.5059928036300675,0.31782403151369526,0.10046267963690377,0.20336278575519628,0.20774679087701994,0.16316418177319672,0.20518687153203338,0.5059928036300675,0.7255644892173827,0.7639750937376527,0.8911278278604075,0.39131832294999097,0.2552734674284096,0.06666184787052329,0.125,0.13043944098333032,True
1651,6,0.021359941594167986,0.3942323965016067,0.0851668404863407,0.09054265034193594,0.10464393184039926,0.09017165855606957,0.09537009347365706,0.05937323278359319,0.5076692268400802,0.42023977533524426,0.021359941594167986,0.8641085091231648,0.5463052926791079,0.06665703981899562,0.09375,0.2880361697077216,True
1861,0,0.25292687189700336,0.37692986014304414,0.09423008276781515,0.126132341297148,0.1368755939588969,0.1604814849010218,0.16406815882969253,0.25292687189700336,0.3995959331542278,0.44238695407171735,0.5089361683642002,0.9441822463555501,0.6139525175757115,0.0666157079356983,0.125,0.31472741545185007,True
1840,4,0.2718203456338447,0.25127610813302614,0.9460745659652963,1.29923235329722,1.3209735870273576,1.5164418939801216,1.5519773841927769,0.2718203456338447,0.39798097487073003,0.4450189052611482,0.586298330939826,0.6615784532981176,0.42097771452787924,0.06655939702172298,0.16666666666666666,0.22052615109937254,True
1841,4,0.35839706960334183,0.25148912987444233,0.7839315143687845,1.2218328147038457,1.2556806704300245,1.4251029235289339,1.4665595482996494,0.35839706960334183,0.4564234844852486,0.49014595319757526,0.6208320529440785,0.6487482109369824,0.4136667021607465,0.06651775131295029,0.09375,0.2162494036456608,True
208,6,0.5191754319433972,0.47842131517861075,0.048768828267139054,0.101427488333745,0.11448500633999426,0.1170248566059926,0.12787138129434347,0.5191754319433972,0.5276800706074902,0.5867437889247642,0.6039272599691521,1.0564292400715054,0.5803672899222931,0.06645998422666137,0.13541666666666666,0.35214308002383515,True
1799,4,0.0553531406381218,0.3714735978303807,1.6715889601834142,1.7695384720937888,1.827602634484423,1.9725803136688551,2.0619943109939682,0.0553531406381218,0.18673488357259282,0.2791787324256785,0.44520795396562207,0.7686142600801686,0.5932986086637193,0.06644493216362152,0.09375,0.2562047533600562,True
1855,0,0.175271048677499,0.3770004180433835,0.14629936846185657,0.1773908485051446,0.1920373839496292,0.21825272188733558,0.22814644929543246,0.175271048677499,0.31375448726244815,0.3527390061781226,0.4671392019413936,0.9496717759740297,0.6099487344607581,0.06638088632390055,0.15625,0.31655725865800993,True
2054,0,0.11781773119965988,0.44198804417371684,0.06825148893110977,0.07736665238570646,0.08640040268884215,0.08237948888475698,0.08731518368178152,0.11781773119965988,0.1958410258111788,0.38263214956244795,0.4608397874996718,1.137880359050238,0.7916606368513612,0.06625984573676347,0.14583333333333334,0.379293453016746,True
1342,6,0.08947400245312642,0.4528978335046227,0.2130172760896005,0.3062870273135245,0.3580659594956452,0.35557344492760096,0.39838482172730094,0.3045174718694511,0.3897248041396445,0.08947400245312642,0.40682046649343884,1.435982029002302,1.1060931751537453,0.06621433636040551,0.041666666666666664,0.47866067633410064,True
2056,4,0.49960020158470664,0.3237021757145967,0.05891077531607195,0.11772741616330655,0.12115898094044726,0.12033688168757377,0.146130236278597,0.49960020158470664,0.7707208865640982,0.8419536628950155,0.8965265459140976,0.4141413977928495,0.28800867277837483,0.0662086250020601,0.15625,0.1380471325976165,True
1837,4,0.20848578778400362,0.25115847751049264,1.2748002299572834,1.6105841313805784,1.6229847342319126,1.8442369447331997,1.8907510401442458,0.20848578778400362,0.34200568278982957,0.4144691579916069,0.5602036993176692,0.6629413331347597,0.41691017421845444,0.06619002721095153,0.125,0.22098044437825323,True
23,2,0.4591259122678546,0.33996964585043066,0.050774775321388334,0.0938754073693641,0.11060904960710138,0.11589079969042919,0.11570297900896032,0.4591259122678546,0.5124120348509618,0.5361188195067741,0.7299903551286273,1.1673885415872065,0.8799093220412288,0.06616987310786118,0.07291666666666667,0.3891295138624022,True
1856,0,0.28054135433096716,0.377097646536701,0.1210706753419879,0.16828024247231457,0.18154579141624785,0.21440706597881412,0.22212750920671068,0.28054135433096716,0.4012544220722907,0.4537842080692278,0.531327314570124,0.9957383561916769,0.6062449071365847,0.06596689570890955,0.16666666666666666,0.33191278539722563,True
2148,4,0.5469070746363578,0.316026214244647,0.05716035122711564,0.12615591201570853,0.12992761310492051,0.10801225689045246,0.12586884930188327,0.5469070746363578,0.7257301219089625,0.7542125739880148,0.9038063706273715,0.353888155402912,0.2563577022429797,0.06595583168646042,0.11458333333333333,0.11796271846763734,True
1320,6,0.16517181787017388,0.45689406194078624,0.11099199439097383,0.22378242106369814,0.27483581538514973,0.2064317944753203,0.24653459661305935,0.5040182608473043,0.5390658943220168,0.16517181787017388,0.3052352091068755,1.4185025126904587,1.0827275879268257,0.06587574599262354,0.09375,0.47283417089681956,True
5,4,0.4672604494103453,0.3506803217339936,0.11736079829949424,0.2202967625917678,0.2609519848696106,0.24839137839781575,0.3121208233093113,0.4672604494103453,0.8250224493263154,0.8930933973396981,0.8836189582737504,0.7268662744027518,0.4877905902246482,0.06586916995346252,0.08333333333333333,0.24228875813425058,True
4,4,0.46664885181582094,0.3506042776027755,0.12921100877800254,0.2422625492002932,0.28764142827786104,0.2698387976604703,0.3438894739829818,0.46664885181582094,0.819341857347886,0.8883715574912888,0.8808609879444079,0.7264816896242898,0.4812905755402852,0.06583431859080323,0.09375,0.24216056320809662,True
237,3,0.03785496348761863,0.496670249735767,0.22035807664109783,0.33345302656657666,0.3472697659810146,0.28938307546995423,0.3033536960669442,0.3391630632055411,0.21795387906908392,0.03785496348761863,0.09511002048580408,0.42307460048905365,0.23467349793679526,0.06582622083491063,0.19791666666666666,0.14102486682968454,True
2101,4,0.556176178480944,0.32047944960178654,0.0557684191012681,0.1256544069905757,0.13180895885031596,0.11539773965494948,0.13528819379017465,0.556176178480944,0.7806534897524288,0.8235021637645914,0.9091850811163322,0.36616770711816865,0.24537330675009628,0.06581563527468152,0.13541666666666666,0.12205590237272289,True
261,4,0.5568634967909789,0.3400383661100612,0.15556569690563973,0.3510559292206665,0.40633988876540944,0.33460046031185664,0.3920638464253421,0.5568634967909789,0.6694888688521042,0.5622062750789247,0.8319003364716582,0.5429277767967349,0.3696297423713446,0.0658146898624824,0.11458333333333333,0.18097592559891162,True
2149,4,0.5797262921996413,0.3160147707929993,0.0533179945903807,0.1268649301652441,0.13193410715723766,0.11004525405297964,0.12915762307159984,0.5797262921996413,0.734566880807102,0.7463977157391815,0.9046306603769655,0.3663363047789048,0.26980545046548343,0.06571560036383431,0.07291666666666667,0.12211210159296826,True
9,4,0.3870741234464785,0.35138176465285614,0.12477527107026531,0.2035731820817811,0.2420589378387157,0.2272280831440051,0.2918371070351252,0.3870741234464785,0.8082041135674654,0.8884900946327225,0.8763324805552947,0.7251188811052364,0.5847757332545456,0.0657108198550429,0.09375,0.24170629370174546,True
8,4,0.3804545464649127,0.35113441726262623,0.12658833652778737,0.2043245347140913,0.23692416397433,0.23328352535707417,0.2946481097619523,0.3804545464649127,0.8051964975972564,0.8853689199179939,0.8835279134582332,0.7239406108085186,0.5512149382109754,0.06560404411216035,0.0625,0.24131353693617286,True
2104,4,0.48711159181962393,0.3204925040794875,0.06370534859196327,0.12420898498754711,0.1282936157051465,0.11083690276430591,0.13399880430883707,0.48711159181962393,0.7835695570426091,0.8196993155585854,0.9055543186325459,0.40461894658931463,0.28128735745575284,0.06555032680286299,0.15625,0.1348729821964382,True
1804,4,0.08517861141863936,0.3584634503061667,1.6364400763290543,1.7888082818731732,1.8462987349369124,1.9608845100881405,2.0695167804686725,0.08517861141863936,0.21178262347120347,0.27904637179369773,0.46020397312375616,0.736689433021518,0.5378251776713405,0.06549774236611013,0.125,0.245563144340506,True
2151,4,0.5692463562107108,0.31585529199883855,0.0550680808300846,0.12784124202794236,0.13339986846582974,0.11776199451629443,0.13416548548161758,0.5692463562107108,0.7136731616316835,0.7474222955822091,0.9055035585047281,0.353856694981447,0.251939711625937,0.0654406699694229,0.11458333333333333,0.11795223166048234,True
204,2,0.07013709744594465,0.31809435395463537,0.03984930715815809,0.06807095484259519,0.06011815108599602,0.08101059695063594,0.07022256903587296,0.4145916235448117,0.3572743631132609,0.2779773976109914,0.07013709744594465,0.9920683928211909,0.7585374645507272,0.06538810357922373,0.03125,0.3306894642737303,True
2095,4,0.5464249414458499,0.3205780245311734,0.056950089453833876,0.12555824748250544,0.1249942678567068,0.12295579753430792,0.14618548379955362,0.5464249414458499,0.7756528297040716,0.8198205985272968,0.9043341644843489,0.3753646389141145,0.23071960836198002,0.06532959460964527,0.14583333333333334,0.12512154630470482,True
2113,4,0.5458978474870995,0.3180317274533856,0.08880013153587003,0.1955510033248462,0.2057150939059095,0.15836820619658276,0.19894912763796682,0.5458978474870995,0.7278274372910576,0.7588783077308792,0.8896797508318457,0.40009353295411704,0.2795913646892956,0.06511387221001082,0.07291666666666667,0.13336451098470567,True
378,6,0.09534844391875485,0.502050034103533,0.14181754852155717,0.1567648312416331,0.17881137215724266,0.1827598018373213,0.19325695625925457,0.09534844391875485,0.4163349460253436,0.4865790614848631,0.5652250947792798,1.2031971148346172,0.6479185121343392,0.0650381224802689,0.15625,0.4010657049448724,True
1652,6,0.0052359601470209904,0.3946679310786399,0.08373863677319016,0.09033576271475001,0.10515817805051213,0.08903534312683099,0.09616975428358095,0.0730289504765832,0.4867679990205357,0.41026584056979487,0.0052359601470209904,0.8423228647864599,0.569609252509423,0.06497650254074597,0.10416666666666667,0.2807742882621533,True
40,4,0.12458741922214389,0.3478457953212233,0.13846419382147956,0.15817021237968262,0.20519180124803935,0.17464048513868805,0.1991873273386868,0.12458741922214389,0.7859964364880422,0.8814667612799382,0.8561410074962803,0.7047420370077203,0.564024234092102,0.06493522929950063,0.041666666666666664,0.23491401233590678,True
2103,4,0.5631742767659311,0.32048006596054035,0.057240390785043026,0.13103713389692326,0.13496340806359072,0.12122900071941094,0.14493218196903448,0.5631742767659311,0.7908983596318354,0.8187948480547196,0.9074825372440234,0.38340756280102656,0.23331256027788072,0.06493043564065273,0.13541666666666666,0.12780252093367553,True
1806,4,0.13612082511446544,0.35404395099787694,1.5368387713696958,1.7789973598719167,1.8281102227079427,1.9512258685125285,2.052025855395339,0.13612082511446544,0.26202945821463053,0.3325931623285806,0.4872518060267941,0.7368066763905667,0.5244118607161097,0.06485400241954424,0.125,0.24560222546352226,True
264,4,0.5571110933902743,0.33996157629989515,0.14311406497898474,0.3990715450088042,0.4565109531531581,0.38102922602874045,0.43889810361939813,0.6413824368865302,0.6984922468122832,0.5571110933902743,0.8160484157760719,0.5465754740645501,0.40323382935227414,0.06481263726877276,0.0625,0.18219182468818337,True
1568,0,0.022831902020195805,0.4710997190585063,0.24490260255876464,0.3433259904704323,0.37816957450203637,0.2589796302908845,0.2990752562349804,0.2866761930164562,0.21501940656009066,0.022831902020195805,0.3335499926802291,1.312153015938545,0.9488446334138416,0.06456127722703299,0.07291666666666667,0.4373843386461817,True
2,4,0.5433515452517053,0.3499062991337275,0.13851623006782876,0.3033323087541796,0.36778168767721836,0.2917934575155824,0.38360324336054824,0.5433515452517053,0.8316951074568196,0.8794912251012664,0.8983936367886475,0.7120277726925769,0.4914908752092373,0.06452449373801236,0.09375,0.23734259089752563,True
1321,6,0.19705671876183728,0.4567511932912545,0.11832886674785766,0.23989441276011214,0.2908008026402387,0.2210214095142038,0.26586451583363674,0.5067460497040284,0.5342807904576252,0.19705671876183728,0.3535011045857094,1.388993613393915,1.0172608217764036,0.06450534253038787,0.07291666666666667,0.46299787113130497,True
1872,4,0.2776077899148689,0.25386438040172127,0.23637693959634465,0.32721413145981815,0.3459812051376532,0.38127658835281036,0.42537683986024266,0.2776077899148689,0.3870293457905414,0.4782562557630371,0.6715363939087127,0.4840750475983979,0.35693012861905515,0.0644915340383128,0.11458333333333333,0.16135834919946598,True
28,2,0.25153149488252313,0.3375958968980017,0.0672212120288538,0.08981167753785846,0.09990494322236938,0.11612383977278129,0.12130547646538603,0.25153149488252313,0.420143747008087,0.49012603955446377,0.7356502902718529,1.191126072512878,0.8697478888765033,0.06448613831720579,0.09375,0.39704202417095935,True
1995,4,0.5686507146419253,0.32106595666249,0.08628470181762804,0.20003441467626581,0.18639317925475307,0.22969745129142152,0.23904668785097863,0.5686507146419253,0.7108810732022557,0.8073766205725356,0.876867994432328,0.43338129833523514,0.26306684603049746,0.0644393929890083,0.14583333333333334,0.14446043277841172,True
2056,0,0.15489179948384413,0.4487454949013739,0.06792399185213605,0.08037313069575112,0.08907404128410445,0.08076648209352151,0.08791860470439244,0.15489179948384413,0.23383171242723022,0.38547952363824556,0.4725640016609418,1.106290244675236,0.8125384318088891,0.06442032360366201,0.052083333333333336,0.36876341489174536,True
2091,4,0.5795177716056719,0.32032335352952707,0.055453218255502236,0.1318800522610868,0.1306702425689079,0.12939872952433337,0.15245255723090287,0.5795177716056719,0.759915124853155,0.8119847476773893,0.9057686433798541,0.3795962759520233,0.2254984347409561,0.06440705110303335,0.11458333333333333,0.12653209198400775,True
27,2,0.2560559484289022,0.33807146981394104,0.06948520559641332,0.09340111726099702,0.10575606343646998,0.12037267001259011,0.1242471459824881,0.2560559484289022,0.43230895582749695,0.5038222506721288,0.7315869946787984,1.211270074499248,0.8982389894869698,0.06432154531616814,0.09375,0.4037566914997493,True
60,2,0.24902292044907803,0.3422840779354307,0.03677345020496601,0.048967473450662734,0.05865996639577644,0.06350969843485199,0.06849347910176051,0.24902292044907803,0.47359866114145865,0.3924146043274175,0.7386522487875224,1.0319336029778454,0.6681037113037149,0.06430218557086666,0.10416666666666667,0.3439778676592818,True
207,2,0.0788720132249131,0.31810154254785,0.03658690834149316,0.062354490144316904,0.054867741799844404,0.0720263305911804,0.06106773423467484,0.41324340465595555,0.30880790153173443,0.3040808354155947,0.0788720132249131,0.9736069347968865,0.6919977308666176,0.06417129258287312,0.09375,0.32453564493229553,True
2106,4,0.5260515687480252,0.32050208569674904,0.06534705316192868,0.1378779817654611,0.14273589663496042,0.12230913722127479,0.1474298143766767,0.5260515687480252,0.7750458658746302,0.8079286694197284,0.9042094695686077,0.3728035220171133,0.24510027708764426,0.06416123353397182,0.11458333333333333,0.12426784067237111,True
11,4,0.3934332034250817,0.35086074354855235,0.12022551832813692,0.19820656027829184,0.23747640375384063,0.21532071434268787,0.27435084970439955,0.3934332034250817,0.8068778477056928,0.873801175698447,0.8844250493093668,0.7078415426267733,0.5520925335545712,0.06414513441239875,0.0625,0.2359471808755911,True
1846,4,0.38036029634884605,0.25083180047492876,0.7430959800995561,1.1992388088125254,1.2362608119381846,1.3870381043046942,1.4466598208826136,0.38036029634884605,0.4573834268613496,0.4810953078476665,0.6274081347022216,0.6157573932645125,0.43271394436102284,0.06404343377447702,0.052083333333333336,0.20525246442150416,True
242,3,0.08772265927884548,0.49884610206415103,0.275971770608016,0.39417915438092893,0.41314863702075383,0.33438515160825455,0.36569183263361477,0.29988238205686313,0.1947095680826607,0.08772265927884548,0.15250663511595508,0.4104555224318501,0.2376254649556362,0.0640303477218529,0.17708333333333334,0.13681850747728336,True
1323,6,0.25258754946630835,0.4561481104937076,0.1412815942817993,0.2770138252461521,0.32581196068877966,0.25285036126660937,0.3074471942850045,0.48998359862993235,0.5192901300066998,0.25258754946630835,0.44651031745473,1.3767843435773544,1.0123034414907153,0.06393833982859803,0.07291666666666667,0.4589281145257848,True
1341,6,0.10660742952582625,0.4526430807178894,0.21654260423053948,0.31519971907533706,0.3698514493387192,0.361294743740262,0.4028190377382494,0.312998739764794,0.4072306433321181,0.10660742952582625,0.4173274719151304,1.4019864782915437,1.0807308257516866,0.06384728523633779,0.010416666666666666,0.46732882609718124,True
2036,4,0.6083179483015014,0.32202835378445777,0.10141464365255344,0.25892083441857183,0.2668371278317749,0.20299468894816583,0.25133443138133754,0.6083179483015014,0.7683829260076025,0.8198453034442514,0.8968952350660286,0.4395146916288824,0.3139090079157114,0.06382948035842444,0.08333333333333333,0.14650489720962748,True
1944,4,0.45233358398188617,0.32436263798459924,0.1133259607416695,0.20692515996438476,0.2141851684882882,0.21725476270632338,0.22837601699553223,0.45233358398188617,0.5949969899021423,0.7345280842780908,0.834190508820955,0.3751807144552677,0.2243523740605724,0.0637513765928382,0.1875,0.1250602381517559,True
1682,6,0.12433939964609264,0.4083579640573148,0.11992410688667815,0.13695272670508365,0.15252743855977025,0.15228693983625166,0.1850367105169919,0.12433939964609264,0.41361441474808314,0.4877075844361559,0.2872904582665784,1.0418406235401618,0.8814171654918894,0.06370503277007382,0.010416666666666666,0.3472802078467206,True
44,4,0.24765864196999343,0.34724379748461454,0.14354475745913595,0.19079737665227595,0.2517852287194225,0.21925761435750604,0.24469433539316288,0.24765864196999343,0.7871640207905665,0.8782171143428541,0.8513427701312335,0.690099392125442,0.5355544602316797,0.06364468918202769,0.03125,0.23003313070848067,True
205,2,0.013429472477479498,0.31808827041645044,0.043781829711827314,0.06592331600917246,0.058021264671075205,0.07626921833146992,0.06616161625101237,0.33586730215853244,0.26578440795946157,0.1991329879952496,0.013429472477479498,0.9624733712846114,0.7012519941442932,0.06343746958295246,0.052083333333333336,0.32082445709487045,True
160,3,0.224161658552412,0.5013973235154779,0.24114751973664114,0.36261399509969544,0.3696898557330585,0.32404434003871246,0.32303871542170276,0.3349745928302046,0.33152142136959806,0.224161658552412,0.26447180838182094,0.40619517397144217,0.25234153942535364,0.06342277253890105,0.125,0.13539839132381407,True
57,2,0.1380239670826896,0.3420553297444868,0.033761524437832834,0.03916759068528717,0.04769535901290544,0.05529675068079259,0.060206920520549316,0.1380239670826896,0.3967761767131076,0.27474119574941447,0.7001648823464575,1.0843156262446687,0.7385636498122921,0.06310714573314889,0.0625,0.36143854208155624,True
2100,4,0.5633790154546536,0.3204907930061414,0.05750845445064353,0.1317125298284211,0.13785542205625725,0.11915337992379775,0.1420383322705323,0.5633790154546536,0.7710387313739427,0.8156048286200471,0.9034290848958303,0.3510837461167249,0.213623719117777,0.06309612248384074,0.125,0.11702791537224162,True
2125,4,0.6953062061807583,0.3163211474437786,0.04430571520896335,0.1454106257091916,0.14542953253433577,0.12945053806664072,0.15622310996116395,0.6953062061807583,0.8191238946809942,0.8259447338374,0.9090320093378202,0.35922246321220835,0.26154775546174847,0.06302684813083734,0.07291666666666667,0.11974082107073612,True
62,4,0.3158677872508868,0.34933120080438,0.15488768579107404,0.22640022338470833,0.2936688297737099,0.2418169412046448,0.2701249865169781,0.3158677872508868,0.7459349252431445,0.8674669550500557,0.8375754759269594,0.7081753147039974,0.5670527333266762,0.06302173768960305,0.020833333333333332,0.2360584382346658,True
20,4,0.433128009502292,0.34851954604127067,0.13034805134494978,0.22994265641967157,0.28093686720360384,0.2504648462175697,0.30727553383514505,0.433128009502292,0.8204078512028378,0.8849297249623423,0.8769519775145618,0.6953185659724692,0.535519467068255,0.06301029282376763,0.03125,0.2317728553241564,True
2053,4,0.4710929084909462,0.32276219934858547,0.06655505636148377,0.12583506145019138,0.12908119508143714,0.12574540316048669,0.15375479738300676,0.4710929084909462,0.7671236620296072,0.8402136933556787,0.8972927746752203,0.3777903301939685,0.2436922517767215,0.06300205756779668,0.07291666666666667,0.12593011006465618,True
2118,4,0.6753021655629858,0.3175069493457355,0.06610007274186029,0.20357411023843022,0.20372988045857365,0.1695170148602596,0.2102416982746361,0.6753021655629858,0.8054230859707903,0.8110432330413857,0.9076692567299014,0.3711326215157336,0.2542599105051835,0.06297818456401126,0.11458333333333333,0.12371087383857787,True
1192,6,0.15610146861032936,0.46027222862841033,0.08725934219708142,0.10340027734541628,0.12252006986922005,0.09985738096767438,0.0998698553358315,0.15610146861032936,0.454307619276897,0.5538943638932788,0.3463348323014819,1.2579118818774266,1.0531662032062599,0.06291132130435258,0.0,0.4193039606258089,True
259,4,0.5894172064848618,0.3397843418223089,0.1410115193147566,0.3872163897559309,0.4435383441642918,0.35718400351775176,0.41842511099755875,0.6358327719453234,0.7275210778875745,0.5894172064848618,0.8323186288895051,0.5464403423623132,0.3561783980134692,0.0629057481557966,0.09375,0.18214678078743773,True
1322,6,0.21902927292794638,0.45656375858379444,0.1250261265916562,0.25024181732239215,0.29888653283881,0.23041911145586372,0.27975368402477835,0.5003787619133926,0.5195562249738878,0.21902927292794638,0.40232699561953145,1.351510428914004,0.9847544415766407,0.06276461051355844,0.0625,0.450503476304668,True
209,6,0.5304378450113583,0.4783128502405771,0.043772570113129704,0.09719124264564327,0.11074667378943055,0.10883117098024205,0.1186495169750269,0.5496243393787715,0.5304378450113583,0.5796077270438116,0.5932413259483933,0.9832778943244035,0.5253568113548681,0.06273513845551122,0.125,0.3277592981081345,True
1800,4,0.046452971576706026,0.3687053454057732,1.7371627743631137,1.821790349696272,1.8868139827268589,2.011867696129015,2.113269634812544,0.046452971576706026,0.17879750719763,0.26058520693799314,0.4356304648232032,0.738216082939482,0.5756297236575492,0.06271088321749105,0.07291666666666667,0.24607202764649402,True
2099,4,0.5046402051349342,0.32046429195189285,0.05781470033717732,0.11671254093789714,0.1234415345141812,0.10457347772823396,0.12469321730161154,0.5046402051349342,0.7920222131314756,0.8239803125127201,0.9082349967677643,0.3363145564580172,0.21567310134095408,0.06267908226362147,0.10416666666666667,0.11210485215267241,True
1340,6,0.11957859449345509,0.4523807793092308,0.2061591752256853,0.3217266353849114,0.3774494524329423,0.3647886826341426,0.4044117182682085,0.35921011022591287,0.4322702260442085,0.11957859449345509,0.41403596008551125,1.361072658910873,1.0738516891839254,0.06267234601928275,0.020833333333333332,0.45369088630362436,True
1259,6,0.05490330036757307,0.47175600310962673,0.13758904340997802,0.1455819742715111,0.14601414853531394,0.19580960176803097,0.21174403422037044,0.05490330036757307,0.600218277726771,0.5426115770183463,0.37223879396572823,1.3908067700905966,1.0274838919565639,0.06267153608410878,0.03125,0.46360225669686556,True
2122,4,0.7005673632917095,0.31640221508778404,0.05047205372136284,0.16855895962514303,0.1677666612780122,0.15103048957019163,0.18107648023197584,0.7005673632917095,0.8076402757700414,0.8275102842716624,0.9111574140160431,0.36742342687523966,0.24594329420651206,0.06261873021938928,0.09375,0.12247447562507989,True
1679,6,0.22540258714770633,0.40466790517875995,0.13162546564800784,0.1699275823338016,0.1929139059951853,0.16286489432458973,0.2036369202383422,0.22540258714770633,0.4515285925430016,0.4419541172672399,0.3619926430712238,1.0168238484339063,0.742182103510757,0.06261435812786102,0.010416666666666666,0.3389412828113021,True
2052,4,0.5035785808678477,0.32254448584977335,0.061805247722807564,0.12450157334237504,0.12668336108563327,0.1266401987459287,0.15407692189898384,0.5035785808678477,0.7423715605320602,0.8241300259976773,0.8967392055514563,0.39509786122565654,0.2609057069849996,0.06252732488992047,0.08333333333333333,0.13169928707521886,True
2128,4,0.68755866593003,0.31664619159651486,0.048315030194613584,0.15463712680151862,0.15834659450853383,0.12892023241932074,0.15460713897805065,0.68755866593003,0.8122165711906637,0.8159812946085973,0.9063178677161153,0.3561863740573064,0.2243198705293281,0.06239281272115237,0.08333333333333333,0.11872879135243547,True
3,4,0.3642819079523544,0.3501805283927355,0.15699311167658825,0.2469539779352732,0.2994360151532783,0.2540920992734511,0.3366575481879132,0.3642819079523544,0.7751878615716821,0.852971463079368,0.8961533311731951,0.6878057205075994,0.45905525559831517,0.06232947310191957,0.052083333333333336,0.22926857350253313,True
2147,4,0.6308368286121815,0.31606805874094346,0.053156814217852975,0.14399273366846752,0.1491858124917731,0.12007795067875282,0.14018001108585457,0.6308368286121815,0.7747596300131644,0.7678421422332284,0.9071273024954095,0.34371904529266456,0.24233388079650808,0.06227711510905407,0.09375,0.11457301509755485,True
2137,4,0.4987891752901017,0.3151819648425993,0.08686158369747703,0.1733034871059552,0.17436372214614382,0.15796624223544717,0.18645932154424325,0.4987891752901017,0.7047575033972724,0.7539652221408333,0.8993853066355404,0.3286966047160493,0.21893396624570016,0.062217578326072914,0.09375,0.10956553490534976,True
2076,4,0.5484930535857181,0.3217576851927589,0.05644628541320573,0.12501753486072223,0.12771548387609544,0.12314896555863664,0.14388531562742912,0.5484930535857181,0.789016232962862,0.8324158776089419,0.8979865006949762,0.3666144693077289,0.23072680063272344,0.0621161383351892,0.125,0.1222048231025763,True
2144,4,0.6358569530336861,0.31588964856072477,0.05182925361417127,0.14233212482281962,0.1393039568051518,0.1285310525133617,0.15032055687872012,0.6358569530336861,0.7664855191103532,0.7844918188948278,0.9084761620200184,0.3351764084280588,0.2028459630958679,0.062074201288466024,0.15625,0.11172546947601959,True
70,4,0.38374261320339753,0.3505426533912787,0.14217083072593104,0.2307004082579134,0.30224098519698195,0.23904203510013822,0.2784396288891982,0.38374261320339753,0.7582383576399748,0.8597950405789698,0.838551161883134,0.7093619183528747,0.5569500825643559,0.06206683984198242,0.010416666666666666,0.23645397278429156,True
0,4,0.418424927269921,0.3502461791805331,0.14505970366295518,0.2494255865919487,0.30062622745130907,0.25814852834693036,0.34298230168320815,0.418424927269921,0.8119000298936578,0.8829973614373415,0.8820074865278134,0.6837876558747228,0.4868626489858485,0.061965353054659965,0.07291666666666667,0.2279292186249076,True
326,1,0.08870386230841287,0.4304645597894953,0.11562967561704683,0.17192913879821545,0.15570033228390034,0.17605759646688182,0.16957803751966538,0.32745736746372267,0.1799203603262729,0.12097869499557479,0.08870386230841287,0.4874944800030805,0.29390076386310593,0.06190406081965145,0.11458333333333333,0.16249816000102682,True
1874,4,0.3313792461595074,0.2577149140787197,0.19677914370893537,0.2943060660002776,0.30777338217548006,0.33539183795732813,0.3796045547793194,0.3313792461595074,0.4102201392584378,0.4944171136541178,0.6752898316807153,0.4496473678163415,0.32307521119594895,0.061874605425913526,0.041666666666666664,0.1498824559387805,True
24,2,0.3603908624596309,0.3399848538796113,0.06269549955940366,0.09802158205634863,0.11564016449946822,0.12254611515923626,0.12424638709107882,0.3603908624596309,0.4764291752236226,0.5266839020119974,0.7269337002042704,1.1773480386513389,0.8235177075712699,0.06183402677145813,0.0625,0.39244934621711297,True
2055,0,0.18861132614052678,0.44558668850764493,0.06418128103808762,0.07910053850370034,0.08756948329576697,0.08226759355660875,0.08808784170508759,0.18861132614052678,0.27922380049004314,0.4267670120396667,0.4887583730774857,1.0614666862240014,0.7626075090589097,0.06181020554974762,0.052083333333333336,0.3538222287413338,True
2092,4,0.6080773033757829,0.32031866410990695,0.04893308889801743,0.12485392991908147,0.12342608067027709,0.12014713084370159,0.13951702932413554,0.6080773033757829,0.7660786788552951,0.8142985551273683,0.9041705583421822,0.3589323058024411,0.22184891059026768,0.06172973166378445,0.08333333333333333,0.11964410193414704,True
21,4,0.45296059060226246,0.3483565085478355,0.13394070937451688,0.24484654500848257,0.2924492815811674,0.2655693088937859,0.3184869418572292,0.45296059060226246,0.8112657879372269,0.8839704504184325,0.869926556002298,0.6803710794609893,0.5129629845750117,0.06165574032343218,0.020833333333333332,0.22679035982032977,True
2036,0,0.26610559990423244,0.42707122888640286,0.06556913221814854,0.0893440966569472,0.09403434907605397,0.07950661993694151,0.10049109876776359,0.26610559990423244,0.39131853775171843,0.4605430574943379,0.5508427758360723,0.8162981553847573,0.6262385604081828,0.06157486644073415,0.08333333333333333,0.27209938512825244,True
1860,0,0.20013020980624774,0.3769481180573179,0.10555543598815824,0.13196577403253293,0.14482606407965506,0.16579202442716948,0.16799311765064454,0.20013020980624774,0.36375156835735967,0.3740581360974212,0.4628822474788944,0.871448262508722,0.5751677589432802,0.06153627656176603,0.125,0.290482754169574,True
2150,4,0.5726226099619907,0.31593507276823946,0.0547376420877003,0.12807800169969719,0.1330290998799509,0.113777076074476,0.13252361556960515,0.5726226099619907,0.7152290203096284,0.745385599702593,0.9050681811710374,0.3593838513130887,0.22711503590343796,0.06147408410846492,0.08333333333333333,0.1197946171043629,True
1952,0,0.3776614038992956,0.3878173340850379,0.08935521879313534,0.16134652807851912,0.18105678759087876,0.13690588992348107,0.1394153705077099,0.4461906316964521,0.4698171359299763,0.3776614038992956,0.44928032539002716,0.9981059559174857,0.7846926007730985,0.06145800299570669,0.03125,0.33270198530582856,True
47,4,0.41986368717433886,0.3484880917290618,0.1288542028359777,0.2221102178699511,0.27878031059662395,0.24100261826340327,0.28068049128679656,0.41986368717433886,0.818930883225516,0.8891811357329733,0.835755953544553,0.6658451764284301,0.4956498057666181,0.06140783455354312,0.020833333333333332,0.22194839214281004,True
22,4,0.481344257342887,0.34798050039677647,0.1303701901074277,0.25136170177067985,0.30383570961871126,0.2617547759845843,0.31746441404283254,0.481344257342887,0.8275555451006245,0.8909493646252971,0.876376731166377,0.6774236373482149,0.49403320460413624,0.061388640896355505,0.041666666666666664,0.2258078791160716,True
2119,4,0.5389481553249065,0.31679823368991133,0.107998495966018,0.23424371296491678,0.2348417309768512,0.19112029704083922,0.23325794507291034,0.5389481553249065,0.725958774709123,0.7654885876130347,0.8977684835093345,0.37665785299286547,0.2781389409378221,0.061380793942951116,0.08333333333333333,0.1255526176642885,True
1,4,0.40154259419774674,0.35029805151587745,0.14779150158092388,0.2469540858681566,0.2951908004262175,0.24840425937431052,0.3271660273485379,0.40154259419774674,0.8136584782079059,0.8825086108167747,0.8840293659066241,0.6770337332861823,0.458018185482274,0.061353307496207495,0.0625,0.22567791109539412,True
2115,4,0.6060365945452888,0.3178277869154708,0.07925361422073296,0.20116998970820324,0.20375277901850333,0.1648915464278223,0.20678198012347485,0.6060365945452888,0.7610296543041289,0.799302692082224,0.9003049147120996,0.38447447968804543,0.26186366212286316,0.06132533978099927,0.11458333333333333,0.12815815989601514,True
1258,6,0.10630164619004578,0.4718258303561079,0.1450234084541092,0.16227333063315516,0.16091776547854805,0.21148194223234143,0.22894240345471553,0.10630164619004578,0.5801752042383583,0.5417537514196848,0.41078225632469745,1.3594781758966814,1.0404466192734532,0.06125982946625815,0.010416666666666666,0.4531593919655605,True
2110,4,0.5612801112935775,0.3199193902804881,0.07032257437805933,0.16029037248666192,0.16671186608962948,0.1394726680768327,0.17092785764714202,0.5612801112935775,0.7444757112303404,0.7827841495783827,0.898321572135919,0.36095406002406055,0.2318945764382363,0.06123805290722512,0.07291666666666667,0.12031802000802018,True
2062,4,0.48941534655076646,0.32386107280470167,0.06137642909557561,0.12020813528363943,0.1178361021875783,0.11737922380383055,0.14095186521979267,0.48941534655076646,0.7728292228372022,0.8349999844379882,0.9003008774520879,0.39540798179716674,0.2678989454668823,0.06116378278222184,0.052083333333333336,0.13180266059905557,True
2109,4,0.5280034454780871,0.3199193902804881,0.07655978983052829,0.1622041286044471,0.17026832070447048,0.13417105644421268,0.16888537113178126,0.5280034454780871,0.7209430087990234,0.767426736374666,0.8982293589499083,0.36463702708109835,0.25589629041220974,0.061145754494410065,0.052083333333333336,0.12154567569369945,True
1933,0,0.06621281214407748,0.38851676426239157,0.1092124344815351,0.11695644992977339,0.12423572411944063,0.11430915558450501,0.12016734636947589,0.06621281214407748,0.22636686909392312,0.4454453286343568,0.5498018533485403,0.9498749870046659,0.48367571541018606,0.061116567091152416,0.15625,0.31662499566822194,True
50,4,0.43660479977992184,0.34949099499869657,0.1256018894817078,0.22293745035925785,0.27992426618358246,0.24408055266815706,0.27996103944538236,0.43660479977992184,0.814099845794799,0.8855572647044458,0.8530372112171518,0.6865969291645216,0.5200237197515634,0.06110144009521093,0.0,0.22886564305484056,True
171,3,0.07798280392232126,0.48599042129550085,0.37658105726780544,0.5259529303219653,0.5316330723111844,0.4237566532724036,0.41018822865424537,0.28400235922769923,0.1912626306955727,0.09377626706363584,0.07798280392232126,0.4256673157268822,0.27273027390383975,0.061002394165269085,0.10416666666666667,0.14188910524229406,True
2111,4,0.5528337571124781,0.3193748527931436,0.07954220808776895,0.17788061901572613,0.1875724447964028,0.14140983626935513,0.17900727729038377,0.5528337571124781,0.7114935085163647,0.7522549708022513,0.8885927389079303,0.3936621675719139,0.2781190238803788,0.06090479662287291,0.03125,0.1312207225239713,True
2016,4,0.3628282072188126,0.3229475370653968,0.08480943130389873,0.13310292807174426,0.13700345665221855,0.1319764638836808,0.14742574244629258,0.3628282072188126,0.7351261182678559,0.8403068946763836,0.8845298478227336,0.3888123871366182,0.2572713972531915,0.06079027037108576,0.10416666666666667,0.1296041290455394,True
212,3,0.15192835156168105,0.4843072923647242,0.14200713387724992,0.19159513889652602,0.19044583567590848,0.1923601259935468,0.18410108929705116,0.2588166135366142,0.15791972409830735,0.17366647572905347,0.15192835156168105,0.3323057120934835,0.1806213000486725,0.06077281566490141,0.17708333333333334,0.11076857069782782,True
1996,0,0.08684272531391957,0.4319457609119194,0.06447791559492333,0.07060986905797706,0.06996357388626899,0.0766433110569729,0.07529196670807038,0.08684272531391957,0.3529347030827301,0.4902594184062963,0.5293730832433181,0.860021785111544,0.4969810474117935,0.06074886432523516,0.14583333333333334,0.2866739283705147,True
1257,6,0.19005853485293744,0.47156357251790604,0.1469001170003847,0.18137127597697664,0.177389128347147,0.22891804563953022,0.24928466843812033,0.19005853485293744,0.5783965382694508,0.550541078628821,0.4564103750397346,1.3451772968385338,1.05134905813523,0.0606154135220729,0.0,0.44839243227951125,True
1864,4,0.29860153303971493,0.2530519500730683,0.3217403907286332,0.4587127088015876,0.4906032198524957,0.5323743351191812,0.5678331421820655,0.29860153303971493,0.4130307159781994,0.4757700266089224,0.6435544726013618,0.4716159484512413,0.31942976727577843,0.06060191946492673,0.14583333333333334,0.15720531615041375,True
1797,4,0.029008456177857966,0.37573595224029865,1.8883723682596667,1.944787655746632,2.004897632730744,2.159426986991275,2.254691074037004,0.029008456177857966,0.14748078990935432,0.23268936449318267,0.41235861208439084,0.7482295925242367,0.5769102676984561,0.06058094966475518,0.0625,0.24940986417474556,True
2033,0,0.0846112733194957,0.4282512595440073,0.06382238611154316,0.06972162126464435,0.07360921263952844,0.0692513727552984,0.08105852202285689,0.0846112733194957,0.2944338139260342,0.4267061622163243,0.5141374948471855,0.7455564891755545,0.5482970761647721,0.060545429140135165,0.0625,0.24851882972518483,True
1808,4,0.18716755209180358,0.3495303497316816,1.4788437844866171,1.8193710011114639,1.8780870626595687,1.9911057658937767,2.089496942727082,0.18716755209180358,0.3211717833946207,0.39101026625988267,0.5535936249616404,0.7165641919283636,0.5219038674983656,0.06049853507987064,0.08333333333333333,0.23885473064278787,True
54,4,0.466851593581037,0.3497516091340698,0.13083543858001526,0.2454015373670668,0.30183049085685754,0.260585104255476,0.3018453534814369,0.466851593581037,0.8112751987751678,0.8914526502142076,0.8351052370392134,0.6789842967061244,0.4945524312266514,0.0604239788565048,0.03125,0.22632809890204145,True
1324,6,0.2575717966314245,0.4557640386745792,0.14822479230639296,0.2889243835723759,0.33430018271347267,0.2681226906441903,0.323876104193008,0.48697721364433577,0.5159710102978023,0.2575717966314245,0.4411452017848093,1.300625939793679,0.9934301807498969,0.06040151728653472,0.041666666666666664,0.43354197993122634,True
1681,6,0.12181429425442047,0.4071085930608206,0.1357658776316243,0.15459814108037556,0.1734280612690229,0.16186875008990684,0.19768058563500493,0.12181429425442047,0.3979427673640099,0.4460295689989623,0.3251905712813299,1.0160239734848657,0.7862924736641759,0.06035070108106075,0.010416666666666666,0.3386746578282886,True
813,0,0.20098581419372952,0.5953179824938596,0.18470581048953785,0.23219569092410872,0.23034525977182216,0.25400809367284966,0.28096513317326527,0.20452524439866782,0.20098581419372952,0.2802967072436371,0.28007255642018625,1.2864206639993447,0.9439744778601025,0.06029981326952089,0.052083333333333336,0.42880688799978156,True
1339,6,0.11243330562435305,0.452218108609236,0.2081652915338241,0.3300561303570055,0.386836857496371,0.3689042685392907,0.4070695068101305,0.36930336270784625,0.43890951279465007,0.11243330562435305,0.4062197344145846,1.2966752985594785,1.0071898348915056,0.060278226799414164,0.010416666666666666,0.4322250995198262,True
2079,4,0.5365497063773306,0.3214733949158514,0.05396772184050643,0.11644770233859363,0.11887191215231659,0.11267482442039227,0.1249433084665846,0.5365497063773306,0.7825520546021683,0.8300932335167117,0.9003085679496384,0.3613450763523218,0.2193740778900377,0.06021673071144795,0.08333333333333333,0.12044835878410727,True
371,6,0.13784411255885098,0.5017535362362381,0.25340061799099084,0.29391508157889606,0.30259343140523615,0.3510700301213234,0.3706174674800519,0.13784411255885098,0.3578938184342684,0.4899569227164914,0.5935652743028008,1.140762851038636,0.7158893875708827,0.060185499606875144,0.0625,0.38025428367954534,True
1951,0,0.3961785277844416,0.388152908897712,0.08332398006403854,0.13799439718217357,0.15543338639898743,0.12420911481154552,0.12294873738261525,0.3961785277844416,0.5223941396940772,0.4691793844884532,0.5396126454882484,0.97200655512869,0.7075063387270291,0.060147432394497935,0.0625,0.3240021850428967,True
1193,6,0.2546647335070551,0.4603346203979314,0.08087444962461256,0.108507477453944,0.13088506845219838,0.10509978960398449,0.10714348702892812,0.2546647335070551,0.49877558871489136,0.5759966014229088,0.4002702862456705,1.226581583004124,1.0213543827550637,0.060090429525191266,0.0,0.4088605276680413,True
25,2,0.33606145845001656,0.3388352098598126,0.0865899291518085,0.1304185910787192,0.15591045355026792,0.14702533399080403,0.15164691327948457,0.33606145845001656,0.5055818903971154,0.5472559093950187,0.7474048633288028,1.1850937538735042,0.8844430990219081,0.060040316758105776,0.020833333333333332,0.39503125129116806,True
2034,0,0.11496444391309923,0.4284027136395902,0.06726197499830643,0.07599917826544592,0.07909015249895539,0.07511966712150615,0.09043924320276243,0.11496444391309923,0.23394326130805276,0.3743516169926997,0.4946970019268254,0.73908718571629,0.531109679418023,0.06002006753458859,0.052083333333333336,0.24636239523876333,True
2054,4,0.43802533117577225,0.32293920384829444,0.0711897220090661,0.12667781300180372,0.12921608230544765,0.1283837394363084,0.1528152113424377,0.43802533117577225,0.7373826795585103,0.8233592775164439,0.8898085242356122,0.3763839415856829,0.2549397184033353,0.05984015042358364,0.03125,0.1254613138618943,True
1680,6,0.15554340621840101,0.405935954478416,0.13899732455271427,0.1645997267074014,0.18501850841447562,0.16483392218740586,0.2032781212399232,0.15554340621840101,0.41100335701827717,0.42544149819569743,0.3399838062662184,1.0078716095446634,0.749490042468338,0.05983743093123698,0.010416666666666666,0.3359572031815545,True
2123,4,0.7098508521308987,0.31637450080428847,0.047235386395475455,0.16279691580133596,0.16158722331217357,0.14706596054985996,0.17664634504324464,0.7098508521308987,0.795910382973634,0.825159425300107,0.9117396010598396,0.3609283684030877,0.2514477326445075,0.059800953208961095,0.08333333333333333,0.12030945613436256,True
2121,4,0.5677697072304237,0.3164436217034929,0.0765632183766809,0.17713524400636368,0.17304461810669514,0.1498756906424855,0.18263469973182792,0.5677697072304237,0.7564410315231764,0.8023664071466108,0.9068964939525468,0.34756662198851984,0.22666814692705373,0.05970717194784301,0.07291666666666667,0.11585554066283994,True
1940,4,0.4428669675932908,0.3236288454912235,0.13414614461871396,0.24077937730460539,0.2526642660843932,0.25457714320805513,0.264688885339085,0.4428669675932908,0.5409080670188771,0.6822665508995284,0.7944662171634094,0.3517078801915459,0.2040354540265099,0.05957807086295688,0.125,0.11723596006384863,True
51,4,0.46632395493654,0.3499040544042864,0.12083602470711108,0.22642205102674662,0.2808624602409119,0.2350410819435851,0.27367670731564153,0.46632395493654,0.8186336820763687,0.8838062349059321,0.8593071978348448,0.669116864317516,0.49903141783211424,0.05954585909893503,0.0,0.22303895477250535,True
1194,6,0.3388981443118705,0.4604114156622021,0.0758714552976861,0.11476515251755391,0.14132127558482024,0.11203327368308895,0.1166854236675613,0.3388981443118705,0.5328221636142687,0.5862575815283692,0.43237287743996866,1.1983378039629113,0.9539603362982234,0.05949459562412239,0.041666666666666664,0.3994459346543038,True
282,2,0.15518092362003677,0.3217841913038566,0.028964517873426274,0.03428487670702086,0.03470851199280744,0.032114490840883754,0.03561400032046714,0.15518092362003677,0.38995173041104214,0.3598919082690921,0.19917183411669215,0.8970266424870968,0.6589666673125869,0.05943721581879485,0.03125,0.29900888082903226,True
520,6,0.48683962941196257,0.5499395575493744,0.02614700419208556,0.07486774549717819,0.08658875541828266,0.07941200865768099,0.08350513178637901,0.6507574253979498,0.754466139469555,0.7670121868333472,0.48683962941196257,1.0249117753134285,0.6963895816312515,0.05943057692276636,0.07291666666666667,0.3416372584378095,True
55,4,0.4488783670127753,0.34998765383641983,0.12666979212595406,0.22983999274238312,0.2883903517222632,0.24122023574054421,0.2736884767026699,0.4488783670127753,0.8075526255269919,0.8812053813476961,0.8288230139115258,0.6676261739973436,0.5209022832854515,0.05941320000678127,0.03125,0.22254205799911453,True
1878,4,0.19790757158510408,0.26544612304703097,0.17152617759741537,0.2138483939268537,0.2224629601731762,0.24152574789663814,0.2715087018472577,0.19790757158510408,0.3079182580913762,0.44355640881904246,0.6451982158812977,0.42051316184169646,0.3045999274108979,0.05938544020646153,0.09375,0.14017105394723214,True
161,3,0.17876643358657873,0.5004876096096207,0.2788592281329802,0.35810487175395656,0.36354742826666636,0.32540701445420744,0.32048935354653124,0.22129172170386935,0.24180289432849789,0.17876643358657873,0.23426834888827452,0.36983321958709864,0.23065182176596455,0.059220693885932735,0.10416666666666667,0.12327773986236622,True
26,2,0.3018066325724297,0.33840577729521365,0.07789636248172131,0.11156846529310833,0.1306027161321441,0.1345657000749073,0.13822580847940066,0.3018066325724297,0.46729427792695566,0.5266057938856769,0.7370368016014299,1.133437072697618,0.8293121021457708,0.05921771651885856,0.041666666666666664,0.37781235756587267,True
2081,4,0.6019230436228862,0.32154206111698896,0.051578100434093464,0.12956816416479913,0.1332610503580054,0.12148730031965771,0.13352567692936423,0.6019230436228862,0.7729068175522942,0.8157414495508402,0.8931952247687587,0.33411863748148046,0.25685023447600486,0.05920973235302441,0.052083333333333336,0.11137287916049349,True
2087,4,0.6252680241408448,0.3210039301911905,0.05574010160907491,0.1487465847590895,0.15077997076409014,0.13966438171671638,0.15875312828942997,0.6252680241408448,0.7957357023482636,0.8356012040191527,0.9043229324865011,0.3265923699023787,0.22366399076268806,0.05918069120321451,0.08333333333333333,0.10886412330079291,True
1913,4,0.5147793560267087,0.31544479185603913,0.09375810814706682,0.19322778062226817,0.20239097113166613,0.20638011169495415,0.22162956073013096,0.5147793560267087,0.5902956168690863,0.715106400462346,0.8248803721480172,0.3790580802917261,0.2353828277487935,0.05918037712429396,0.0625,0.12635269343057537,True
2126,4,0.7127217233531441,0.3165119882687821,0.05076602414213912,0.17671375898896993,0.17964642915416196,0.14832577269076216,0.1764726310532816,0.7127217233531441,0.8263428380403264,0.8226170429976459,0.9098558417081664,0.3472746722741042,0.2276005141786186,0.05910070095223712,0.041666666666666664,0.11575822409136806,True
72,4,0.3613908708642428,0.35059685940816854,0.15158594711884488,0.23736890094883115,0.3080406788081328,0.2524415556736871,0.3014524073990024,0.3613908708642428,0.7622293497148068,0.8601360915090517,0.8294830112607953,0.6749966493849335,0.5151220489270258,0.05905999158867823,0.020833333333333332,0.22499888312831118,True
2080,4,0.5151670954044061,0.3215062915493903,0.05686697677857063,0.11729190869585097,0.12056127727004744,0.10693197984850267,0.11983936524368977,0.5151670954044061,0.7917005139680272,0.8350684246725734,0.9038273947826762,0.3389748955708753,0.21964157503653325,0.059008873214825515,0.0625,0.11299163185695843,True
1795,4,0.026986369345629924,0.38146040173818363,1.976840922164446,2.0316682725554247,2.0951953525391613,2.2471966682166795,2.336784404273893,0.026986369345629924,0.1418744715547927,0.2221939952225891,0.400791439865367,0.7190928454327759,0.5539477158231199,0.05897542211462304,0.07291666666666667,0.2396976151442586,True
1859,4,0.26376975987974727,0.2516984004820328,0.4749134396282644,0.6450610335575105,0.6966621925864258,0.7525003389833561,0.8001590822496225,0.26376975987974727,0.4579751546724218,0.50057315151643,0.6671947066491231,0.5139420093778095,0.3515189822313758,0.0589548596684596,0.041666666666666664,0.1713140031259365,True
2030,0,0.11517736091428599,0.4295194873621672,0.06617145180149643,0.07478498953176797,0.08042631199256094,0.06682606331149296,0.06943591878030694,0.11517736091428599,0.2011803634379139,0.37763061475603343,0.45970914448934264,0.7497097765988071,0.523966948090731,0.05894858933467609,0.052083333333333336,0.24990325886626905,True
1876,4,0.2990866555432321,0.26242230932609156,0.16812428482914696,0.23986457977833064,0.2489902955864163,0.27403421050124194,0.3111560860647188,0.2990866555432321,0.39562033600245083,0.505427149266457,0.6851632565725689,0.44951891259299587,0.30897649331471655,0.05894709983427656,0.07291666666666667,0.14983963753099863,True
37,4,0.3096841288561555,0.3475479957049783,0.12893370462502604,0.18677493885717064,0.2437111033324211,0.1996589392997203,0.23817714263007594,0.3096841288561555,0.8134445721413869,0.8867671409872624,0.8562186760425584,0.6503065636391506,0.4943361098527532,0.05893127122646598,0.0,0.21676885454638353,True
379,6,0.18399719820693938,0.502050034103533,0.13426925273317591,0.16454508788221878,0.18824096226427459,0.18498589331296636,0.19644823016304902,0.18399719820693938,0.442519564977655,0.49373201418776713,0.5662174275059222,1.1016827452056623,0.6555173254988631,0.058890964249718875,0.125,0.3672275817352208,True
499,1,0.11804721651501138,0.4548456963554293,0.16502454365956967,0.2530317784065699,0.2540600756402079,0.20136072260012816,0.20186633043620814,0.3478109955248021,0.33931022514280795,0.2303804436652127,0.11804721651501138,0.5678658106602748,0.38166126021990365,0.05879114003631598,0.08333333333333333,0.18928860355342492,True
2047,4,0.6100616393656919,0.3215707798005851,0.053200549963076625,0.13643322979697592,0.13624641720448386,0.13364658099562451,0.17126547861923078,0.6100616393656919,0.7913508745898543,0.8510133599924101,0.9037067269753091,0.38766363511774315,0.2558081850956029,0.058713856268703665,0.052083333333333336,0.12922121170591438,True
2050,4,0.5819339458114092,0.32210589189105776,0.055129016863636394,0.13186676198964373,0.134341939931085,0.12801221765383528,0.16051800565721455,0.5819339458114092,0.7995941039371168,0.8573590617817375,0.8996194792348342,0.3843814585004897,0.2460849266149978,0.05868938859581321,0.03125,0.12812715283349657,True
56,4,0.46178302122009074,0.35014254478176937,0.12977151650670457,0.24111375453239178,0.29907357138552076,0.2558040407743523,0.29273687550469124,0.46178302122009074,0.8042755145474223,0.880998107822756,0.8316649078639093,0.6589065023851681,0.5111346263642957,0.05863722145221715,0.020833333333333332,0.21963550079505603,True
1805,4,0.08409902550688342,0.35578528733623416,1.7038237009602781,1.8602706497863686,1.9112424480269787,2.020288382979412,2.125926507900865,0.08409902550688342,0.2131840453789806,0.29243575197221194,0.4662516400439267,0.6758723545648035,0.5005121697941961,0.05861065539279046,0.07291666666666667,0.2252907848549345,True
1851,0,0.07904361978551289,0.37666351841929546,0.21399554727754708,0.23236230496357316,0.24398480600310668,0.2713235851348785,0.2951213305370559,0.07904361978551289,0.20209230387454613,0.2611754965978371,0.41892631846226613,0.8876793101350676,0.6027085350176975,0.05845069710769621,0.041666666666666664,0.2958931033783559,True
328,2,0.11074311290659822,0.3271049699169668,0.04366747242914376,0.06658215320191395,0.06258910236891757,0.06262130706866426,0.056502883747511924,0.34415649946435634,0.21791485487915574,0.205024179600808,0.11074311290659822,1.0785168067703208,0.7227812174388077,0.05839606435020296,0.125,0.3595056022567736,True
66,4,0.4377237840953365,0.3504242160211109,0.1274176339269414,0.22661039240639982,0.30237921298635795,0.23496852484831032,0.27233999773757983,0.4377237840953365,0.8028347631150101,0.876776671487762,0.8640854960910573,0.6665536208596942,0.46628030649877417,0.058321254301407284,0.020833333333333332,0.22218454028656473,True
45,4,0.4167074621414002,0.3468851561427284,0.12621773969558012,0.2163884011939434,0.28641791278117973,0.23799545175600734,0.2749067100947741,0.4167074621414002,0.8166813429846103,0.867794806865776,0.8754476328949761,0.6312610734022606,0.45176934702233495,0.05821830198351634,0.020833333333333332,0.21042035780075352,True
1195,6,0.37158926610564835,0.46045332891280844,0.07386598153488101,0.11754411175812181,0.147956385707343,0.11536690363233637,0.12209066613626555,0.37158926610564835,0.5527802231603398,0.5952120504486709,0.43640873224938315,1.1767736600555292,0.9431237541641906,0.05820038687438869,0.020833333333333332,0.3922578866851764,True
1325,6,0.25840005772828023,0.4552713486841604,0.16059457214592013,0.3063986793194647,0.34968077940375175,0.2870190312223244,0.34445078369510257,0.47586401970591663,0.5070408561565825,0.25840005772828023,0.44565549933703874,1.2529703615835115,0.9071173003513877,0.058188375795970686,0.03125,0.41765678719450383,True
68,4,0.38338242597749517,0.35032819272124277,0.1541706122980049,0.2500263028383588,0.3289534127848653,0.2683854787609496,0.3096452147001148,0.38338242597749517,0.7604859012574957,0.8651414390730182,0.8411300682926526,0.6646922346813255,0.49271120991633666,0.05815838911957578,0.020833333333333332,0.22156407822710852,True
2058,4,0.5111068030750745,0.3240968758433564,0.05770924208188314,0.11804059137019444,0.12168696499668741,0.11571883687286293,0.1392348581617703,0.5111068030750745,0.8064754053520113,0.8649113108605508,0.9042207889875411,0.36349180204114556,0.23722695362998536,0.058152014314265955,0.041666666666666664,0.12116393401371518,True
1867,4,0.10781894488669874,0.2534259614980274,0.36050575140766133,0.4040724125910513,0.4286797340373347,0.4646314334584041,0.505549323190808,0.10781894488669874,0.30222550267750414,0.40676319646738146,0.6027530498714684,0.44388228736490287,0.30581825658096307,0.05810582573577269,0.08333333333333333,0.14796076245496761,True
1857,0,0.2511965143876864,0.3771085633196138,0.12337923029316313,0.16476850423882994,0.18371953346928305,0.20353309388169757,0.2097749611195495,0.2511965143876864,0.3800163136025413,0.397371060564103,0.4574882077130952,0.8362835662947283,0.5816610661318009,0.058061228595895964,0.041666666666666664,0.27876118876490946,True
52,4,0.4546316950530952,0.34995864118112896,0.1276182181315262,0.23400373100881008,0.2933434656327703,0.24122824971078646,0.2844651560498513,0.4546316950530952,0.8101697402593868,0.8775569530506505,0.8553554253894089,0.6509277326312013,0.4865723302110325,0.05792717702666356,0.010416666666666666,0.2169759108770671,True
60,4,0.3924301260906006,0.3495887066173223,0.13829427473582404,0.22761871625722907,0.2951829697193881,0.24381558971346753,0.2727722321136807,0.3924301260906006,0.7956703228384523,0.8765409599608066,0.8387393377794822,0.6504458389653175,0.48704134925124265,0.057884292481586885,0.03125,0.21681527965510583,True
381,3,0.1247140365409849,0.5264433238834617,0.1963141176633875,0.23705427383566088,0.24746963948002873,0.22477300053948546,0.2188728781696161,0.1718600365776013,0.2012642840133796,0.23575135051104323,0.1247140365409849,0.4047125731850818,0.23950741357999128,0.05784913588723206,0.11458333333333333,0.13490419106169393,True
1863,4,0.2699012698683939,0.25243917376485847,0.35990737430746345,0.4929571295687465,0.5271752561686527,0.5739261525852134,0.6157404375524195,0.2699012698683939,0.4259339625011562,0.4900822703933443,0.6634492538612975,0.4948655413738412,0.34337062357423065,0.05775123611997063,0.09375,0.16495518045794708,True
1870,0,0.29374889696687245,0.37764383729855433,0.0716916622896477,0.10151015974595216,0.10459588921967333,0.11947260912144915,0.12761561773949093,0.29374889696687245,0.3912214513791026,0.45906075730367346,0.5574171771875194,0.8014697024244223,0.540843490056119,0.05763895258187959,0.09375,0.2671565674748074,True
1867,0,0.2255387897930725,0.3780822927424081,0.08022532926093459,0.10358856996788679,0.10756316088658742,0.12233293076467155,0.13414198162653973,0.2255387897930725,0.33122445060122807,0.3957193163605832,0.4987460269452353,0.8200332135069411,0.5257279135689146,0.05763811131958486,0.07291666666666667,0.27334440450231373,True
1843,4,0.4334496876753866,0.25130040240491053,0.7066718075554311,1.2473240102117058,1.2898417828275528,1.4233682728480055,1.4783958926624152,0.4334496876753866,0.5034618091266392,0.5200804009590096,0.6524732327599732,0.5628385229936506,0.4138169099689648,0.05760134312372718,0.07291666666666667,0.18761284099788353,True
2114,4,0.541629385656947,0.3179516023515183,0.09141611108177772,0.1994371109779743,0.20457491081607682,0.16196402856653633,0.205152626536356,0.541629385656947,0.7343378246169447,0.7646376920842518,0.8954264524368515,0.3813087337164885,0.25839394474076016,0.05757097024886382,0.010416666666666666,0.1271029112388295,True
1204,6,0.30502797556520644,0.4616534583561592,0.0860809647896531,0.12386248908315552,0.1615823199138394,0.13398551111698476,0.1484012708700919,0.30502797556520644,0.43785268914088393,0.5185246982178662,0.41365617826791856,1.1509566971160416,0.854289674529241,0.05756222484487136,0.020833333333333332,0.3836522323720139,True
61,4,0.4119849785662214,0.349694987925104,0.13461532752623875,0.228931783405807,0.29518803930984416,0.24574640999054972,0.27421092336258146,0.4119849785662214,0.7774834611652558,0.8728275058348641,0.8429787223185519,0.6460856861921697,0.5154966002572792,0.05749627499686169,0.010416666666666666,0.2153618953973899,True
2120,4,0.5547221147847767,0.3164721241118378,0.09378779499031194,0.21062756113517742,0.2092012145522045,0.17289536085685375,0.20971934181816124,0.5547221147847767,0.7276162530419307,0.7780187777393474,0.8992186493618208,0.3584451965876608,0.23989459451129846,0.057377873787166696,0.03125,0.11948173219588692,True
71,4,0.4293704633310279,0.350470095794446,0.14297542848810474,0.25055735691972464,0.3237414845926902,0.2690110109353219,0.31423651509857986,0.4293704633310279,0.7688931929627479,0.8577476822686891,0.8460700660033488,0.655630325089905,0.5093350372365535,0.05736550177008399,0.0,0.218543441696635,True
208,2,0.08317554214264689,0.31810182726765096,0.036360475888176494,0.06664447137318086,0.059759708282629505,0.07515017093434709,0.06424319686019189,0.4544112191306432,0.37518093044559464,0.29488423070259373,0.08317554214264689,0.8699808332935886,0.6630976972883751,0.05734120475058181,0.010416666666666666,0.28999361109786287,True
2001,4,0.6039422952841815,0.32161306688397157,0.05716277786138487,0.14432941760948856,0.1465060965386155,0.1564570824896673,0.16399593141566746,0.6039422952841815,0.785100255814572,0.8515554648626862,0.892174217341707,0.38752808847680953,0.21573962984533068,0.05723576699826574,0.11458333333333333,0.12917602949226983,True
2034,4,0.6229069692258224,0.3233010673080649,0.08168234665374093,0.21661059735324692,0.22070064331307293,0.17824474064321505,0.2186391160840837,0.6229069692258224,0.7830391791432311,0.8385307945251991,0.900404027672317,0.3699909407438155,0.27301984223619513,0.05723065738463029,0.03125,0.12333031358127183,True
2117,4,0.5440937943185542,0.3175832277110892,0.08943659555264712,0.19617323571844278,0.1993808117710382,0.1620551422898857,0.20017922318490555,0.5440937943185542,0.7260744648919686,0.7715210447139801,0.8954449435558022,0.36200670763034165,0.23160121477964424,0.05715247914674277,0.07291666666666667,0.12066890254344721,True
1338,6,0.12021258115576727,0.45225105516838304,0.20669504791056226,0.338943250432374,0.39657044395008373,0.37451370212360113,0.41153741406351846,0.39017800871711983,0.45704069046306794,0.12021258115576727,0.3979606045930921,1.2375215679688742,0.9570948748627757,0.05709162983553218,0.0,0.4125071893229581,True
1865,4,0.2261698850542423,0.25373385160001716,0.34565085911676646,0.4466753780201423,0.4746131760659648,0.5136400746387838,0.55326575037077,0.2261698850542423,0.36429010419878094,0.4422615913408524,0.6360594878742509,0.4503994989530306,0.3250885629089595,0.05709146667355331,0.07291666666666667,0.15013316631767687,True
1807,4,0.12228349371228353,0.3510547131493056,1.65879989771413,1.889903956267143,1.9493357622443999,2.0501867792476425,2.154345312535211,0.12228349371228353,0.24406449069226388,0.30502042600997903,0.47914675785753635,0.648994605821363,0.5035896923068783,0.05705065563273358,0.07291666666666667,0.21633153527378768,True
209,2,0.03029769592512188,0.3181116627171495,0.03665628889504428,0.06414002202061869,0.057604864274338675,0.07085043075381081,0.060362747139070895,0.4284958479861356,0.34704248930439374,0.2570252030389054,0.03029769592512188,0.8646380401770513,0.6179653830915157,0.05698905653959706,0.020833333333333332,0.28821268005901707,True
1205,6,0.2901532583859099,0.46214425515262286,0.08988738207805957,0.12662928039039598,0.16255289646343934,0.13914403338695147,0.1527916768827433,0.2901532583859099,0.40875104505934623,0.5048483717446,0.4059111990013179,1.138843367662414,0.8690008418643629,0.05695640692367861,0.020833333333333332,0.3796144558874713,True
1873,4,0.21145747482196808,0.255806825851458,0.2386713210823316,0.30267400103557635,0.3167635592314442,0.3495247340260595,0.389537453507873,0.21145747482196808,0.34297396519833034,0.45338953008492044,0.6651613129636231,0.4607705314880957,0.34261405201718276,0.056925240086326,0.041666666666666664,0.15359017716269857,True
1256,6,0.24885452365005079,0.4710302525409314,0.15135822488192271,0.20150321029345694,0.19700802095570102,0.24132085435064962,0.2657771667914525,0.24885452365005079,0.5822325717883876,0.5545992682496963,0.4898443489914355,1.2620046264800933,1.055644677566903,0.05686754636778722,0.0,0.42066820882669775,True
1919,4,0.4190662902979764,0.3163445960463862,0.1254570240867783,0.21595755589932722,0.22579701552117373,0.23293603314833874,0.2478995865500351,0.4190662902979764,0.49406553494087857,0.6470672225311394,0.7889922308065966,0.36578341049157953,0.2479326486315614,0.05678331315455598,0.041666666666666664,0.12192780349719318,True
144,3,0.2417286333416938,0.5078944181868671,0.31610946504809245,0.4168817114131363,0.4186850115764793,0.3640864132895903,0.36373242814864915,0.2417286333416938,0.24176092424799933,0.3071030854899801,0.35525024855955556,0.354568201324415,0.19820399623091056,0.056776335386426284,0.09375,0.11818940044147168,True
1217,6,0.30991368390582263,0.463357580465247,0.09232062791276312,0.16356087084962645,0.20367360077173122,0.15992001972343567,0.17665619083393058,0.43555798258349776,0.5124569228599511,0.5554307984612556,0.30991368390582263,1.134217450415676,0.8906674463535182,0.05672505322519654,0.010416666666666666,0.378072483471892,True
370,6,0.1270094542433402,0.5017711926648629,0.2867218977837135,0.32843642944059476,0.33620104781113574,0.3783607753681906,0.39953821171746345,0.1270094542433402,0.3313804858801115,0.46195991814436754,0.5733089812683462,1.036996758178585,0.695190868348277,0.056670329049257784,0.010416666666666666,0.34566558605952835,True
1203,6,0.3140989748326205,0.4612797897762768,0.08456119775275898,0.12328483943018402,0.1632727121767457,0.13064528257076002,0.14639803759166994,0.3140989748326205,0.4708068791878093,0.5328901217115503,0.4240035013123651,1.1326248231284128,0.8292551414469358,0.05664540194879906,0.010416666666666666,0.3775416077094709,True
1993,0,0.0778902870624939,0.4325996874992084,0.07523622442083931,0.08159140215665235,0.07843332763413864,0.0937274498874654,0.09470235465552583,0.0778902870624939,0.3775954650437481,0.501891266545334,0.5583255072501696,0.8386642561623496,0.3906504953020544,0.056563306163061246,0.125,0.27955475205411656,True
240,3,0.08045087195338518,0.49655984539730375,0.2729187192756095,0.36555932553418974,0.38247178099305795,0.30789077848096896,0.333623166914232,0.2534215373201191,0.17820556059412274,0.08045087195338518,0.14483453244268574,0.3751212453020592,0.24115017156753416,0.05656168246625966,0.0625,0.1250404151006864,True
521,6,0.4842366837351707,0.5487598009962692,0.029046220470562528,0.07977353034391521,0.09343149092335867,0.08229690064527502,0.08611734775504305,0.6358915000334061,0.7377347769960407,0.7495818487150379,0.4842366837351707,0.9801809665974849,0.7330860206099601,0.05642621516887856,0.03125,0.3267269888658283,True
1879,4,0.007898280997720608,0.26715359724905996,0.20328241036902076,0.20490077426078293,0.21546800044372472,0.2283417239433316,0.25748445978948137,0.007898280997720608,0.2865006232044446,0.4419490935131033,0.6536592325511399,0.3810930894994913,0.25817928312164895,0.05640857495883846,0.041666666666666664,0.12703102983316375,True
2053,2,0.019733634305731274,0.2558311613534202,0.020515842067559374,0.020928844225956006,0.02322239519933729,0.0222899865841782,0.024357893255551672,0.019733634305731274,0.03932083784414209,0.2549883115640875,0.31677884852804505,0.8329919702751709,0.6715148459236531,0.05639755699173522,0.010416666666666666,0.27766399009172366,True
1236,6,0.5334588067928202,0.4660243717082608,0.12807294087891427,0.2745158257055345,0.3157382350201258,0.2512863900899323,0.3058902001798797,0.5334588067928202,0.6928251491954271,0.6214752516765925,0.5590249243633125,1.259424601419291,0.9737532607796879,0.056357895770598805,0.03125,0.41980820047309697,True
1196,6,0.3960779724213558,0.46045908070066327,0.0727913332478463,0.12053101215680899,0.15520684475449809,0.11876024620961338,0.12771855559675468,0.3960779724213558,0.5739983412755274,0.6050713400521548,0.43786976450385584,1.1560832686291609,0.8117861049573207,0.05632980420649508,0.020833333333333332,0.38536108954305365,True
326,2,0.16104563671756245,0.32672298408237815,0.03078619498464394,0.05162963825728304,0.04661775650177821,0.052478654924022566,0.04775614601360285,0.4037108137146179,0.29751391662113313,0.263877461908955,0.16104563671756245,0.936168019427962,0.6362870119255888,0.05623981743102633,0.07291666666666667,0.31205600647598736,True
2078,4,0.604532633004767,0.32163639882865025,0.05387629910892159,0.13623450025288944,0.13937259998283733,0.12870050992847956,0.14547666949100377,0.604532633004767,0.7907992593063868,0.8304570975524386,0.9000160185457969,0.3123873931365573,0.1966039019679755,0.056205958983628235,0.052083333333333336,0.10412913104551909,True
1235,6,0.5351678778647754,0.4661635390131395,0.11393672008943571,0.2562769406086123,0.2934094115923689,0.23598374293614577,0.29135588810995866,0.5554156381808827,0.7066644829523242,0.6298396842669824,0.5351678778647754,1.247201597065637,0.9365705350328142,0.05620050288478651,0.03125,0.41573386568854565,True
2085,4,0.6155945953090171,0.3212867610540396,0.055812862725534096,0.14519271072788667,0.14686634714254065,0.137552427038773,0.15428626146203372,0.6155945953090171,0.7607009047561712,0.8053525495070379,0.8896199971457882,0.31077069976547617,0.19982839058030777,0.05619669023015478,0.07291666666666667,0.10359023325515872,True
2048,4,0.6334900651253079,0.3215657538828763,0.0537285596530892,0.14659509754205904,0.14754519769582064,0.14230625762650803,0.1783398291084272,0.6334900651253079,0.8040324138323275,0.8575895471971475,0.903958711190313,0.36449818398274064,0.23630247021365847,0.05612776352258524,0.010416666666666666,0.12149939466091354,True
1337,6,0.10931324156941158,0.45242932325586677,0.20677565027832487,0.3293460390100459,0.38582397765920434,0.3629721554804692,0.3983516049585731,0.3721629356774572,0.4514423316371958,0.10931324156941158,0.382512341584786,1.221279037509722,0.9326640140659777,0.056109000280759644,0.010416666666666666,0.40709301250324065,True
1218,6,0.3326125843257297,0.4629340451604266,0.09430216261932538,0.16628383680241696,0.20972883881204732,0.1622676128604457,0.1794731869748328,0.4328843714895886,0.5136720678847945,0.5533019619211248,0.3326125843257297,1.1205551643958969,0.843913312673493,0.05604176810966088,0.010416666666666666,0.37351838813196564,True
244,3,0.06768431737073533,0.5001903469178793,0.2877552966773271,0.3895934545155291,0.40622038924217224,0.32345180632271625,0.35215859924401866,0.26139596714950153,0.15711003658106515,0.06768431737073533,0.12131600965625866,0.35806051086075136,0.2113964779032922,0.05593510503256135,0.09375,0.11935350362025045,True
69,4,0.4037603284023207,0.35049046373664383,0.1487591939203217,0.24949563238841133,0.3277361529793107,0.26111375423048144,0.30566464893606954,0.4037603284023207,0.784346977382697,0.8679402875631843,0.8431506163745739,0.6391363851078413,0.5043615820174807,0.05592233615216205,0.010416666666666666,0.21304546170261376,True
2044,4,0.6346249968053324,0.32167498499350017,0.05964979257645201,0.16325635868601354,0.16106921614595673,0.15151900081958436,0.1939141908831196,0.6346249968053324,0.7718842474413035,0.8353518511156414,0.8975199472192661,0.36138207505278075,0.23191739806655676,0.055917895890818116,0.020833333333333332,0.12046069168426025,True
324,1,0.026520441053154764,0.43102971622958597,0.12615661665579883,0.1473996854153314,0.13445072950196932,0.16096946823287597,0.1514835384467489,0.14411882019744826,0.08818063530957077,0.04528369491409412,0.026520441053154764,0.44006542798117454,0.2858190872956925,0.05588132406791649,0.09375,0.14668847599372484,True
835,0,0.10399245315475891,0.6013707018810264,0.27933260467099846,0.32141030298195633,0.3243407474495324,0.3650420206012586,0.38322487086361634,0.13091583536860074,0.10399245315475891,0.19153834082661514,0.23308571033021885,1.1584800757713218,0.7824268368686589,0.05555582443974322,0.052083333333333336,0.3861600252571073,True
65,4,0.48255036214974023,0.34986182178438735,0.12756356513235223,0.2465236339952116,0.32401498474515616,0.2675654407533867,0.30340777544592484,0.48255036214974023,0.801475472416028,0.8829721292661808,0.8450044017807696,0.6346567818573708,0.48405060943807143,0.055530385569096966,0.0,0.2115522606191236,True
2083,4,0.6583843411964359,0.32136581844719025,0.05377362947394874,0.15740973251132395,0.1611757709385285,0.14361787525007585,0.1619397940945304,0.6583843411964359,0.800195220644318,0.8408823776115384,0.9023283103435842,0.3083726364871797,0.20049837826263683,0.05547510415846598,0.041666666666666664,0.1027908788290599,True
1202,6,0.3455754914574789,0.46100752674564843,0.08132799895606099,0.12427407270731322,0.16662983672163603,0.13031663305537053,0.1462363973667807,0.3455754914574789,0.4997120020789618,0.5447465620758833,0.43205028068057116,1.107981319761643,0.7710350321090118,0.05541291867178458,0.010416666666666666,0.36932710658721435,True
49,4,0.4928219776715793,0.3491730628168284,0.1418358091146754,0.2796568519738229,0.35254262214966897,0.27825305636664177,0.33074224741901853,0.4928219776715793,0.8087401255609477,0.863219193351683,0.8794291932006085,0.6225072730822786,0.4209258471907873,0.05539799151352713,0.020833333333333332,0.20750242436075952,True
2084,4,0.7023441244345221,0.32140382219813335,0.043608807154324726,0.1465074629267035,0.14885689729257434,0.13956137601227173,0.15635051732690833,0.7023441244345221,0.8093288047534453,0.8400029769984693,0.9017934281383166,0.3189061607447978,0.18863694067775327,0.05534653887126222,0.07291666666666667,0.10630205358159926,True
1794,4,0.060103999274122466,0.38394043024332886,2.0027281229620826,2.1307975791102254,2.1983500815496684,2.342557104338029,2.4338128377643313,0.060103999274122466,0.15485361494991567,0.23324036667900794,0.4051409655896854,0.6989132629935836,0.4855792565636796,0.0553279897690741,0.03125,0.23297108766452787,True
1206,6,0.27436581458613196,0.4627197730931208,0.09105249177063575,0.12547988173779828,0.16010503562657574,0.13786305060068907,0.15143965399710915,0.27436581458613196,0.40825708426578855,0.5060627961764084,0.4068722598173472,1.1055645051649345,0.8118418630780582,0.055292047725403456,0.010416666666666666,0.36852150172164483,True
2043,4,0.7140217530012488,0.3217082691277646,0.047031335536643404,0.16445773771334707,0.16157387444095037,0.155963539294765,0.19799729847897204,0.7140217530012488,0.8219609312280718,0.876135290624724,0.9083818704157948,0.37228750540646044,0.241390863451727,0.055238774559025504,0.010416666666666666,0.12409583513548682,True
1326,6,0.25567258743795473,0.45470244894242434,0.1738010376444534,0.3198535378492836,0.3623362713126745,0.3007187797983455,0.35919899475598566,0.45662305687439597,0.4960747663528303,0.25567258743795473,0.45964437768575195,1.2059257958500553,0.8550301527301798,0.05518149108639608,0.03125,0.40197526528335176,True
1239,6,0.517638288560764,0.46640892094304187,0.1570471772480668,0.3255796915959204,0.37562751730543775,0.29641676812330847,0.347530439962395,0.517638288560764,0.6801678554665731,0.6084517099381002,0.6141734951987085,1.2753395241481509,0.9336075864744942,0.05515503445814204,0.0,0.4251131747160503,True
325,1,0.1020727393954175,0.430664147695966,0.11904681943299274,0.15819278252602467,0.14327137084271038,0.16468413704802534,0.15924807503987504,0.2474573268637711,0.1533369062517136,0.1020727393954175,0.10578885700358709,0.43401627950446986,0.2614762354644089,0.05511317823125663,0.11458333333333333,0.14467209316815663,True
325,2,0.1768257587610702,0.32683553701474755,0.033022147085952774,0.046382358850547846,0.042094563848673126,0.04802887389206459,0.043716606335381,0.28804511231617247,0.2860274360724221,0.2626322250371712,0.1768257587610702,0.9162282935579678,0.5749000911222382,0.055041948545013306,0.08333333333333333,0.30540943118598923,True
64,4,0.44023834013572116,0.34987545322147207,0.13237920705272901,0.23649209394731677,0.3132824403790027,0.2524916300910554,0.28769889994219244,0.44023834013572116,0.7947265889646684,0.8723173621926456,0.8414897908531977,0.6180773933189668,0.47531960769426007,0.05500376890417706,0.0,0.20602579777298893,True
1836,4,0.1954452671733936,0.25096420382414314,1.4572005508783672,1.8111888370339322,1.8199764987311309,2.0077932384251054,2.0571246379108423,0.1954452671733936,0.3210079026868937,0.38859509173340967,0.5439388782494665,0.5898103249360764,0.3867141170667132,0.05499512065244766,0.052083333333333336,0.1966034416453588,True
207,6,0.4828025191063293,0.4786339122268586,0.06367727082011738,0.1231198394665202,0.13639087285136756,0.14124592114693993,0.15436447393696998,0.4828025191063293,0.5440165841233249,0.5954562273319499,0.6141423066128747,0.9652394625519095,0.5034402447640787,0.05491328069208001,0.11458333333333333,0.32174648751730317,True
1228,6,0.3053303260695919,0.4637344554042598,0.1152341710999593,0.1658834053428154,0.1894942291784473,0.15928312677564618,0.19864830980582374,0.3053303260695919,0.5013313091196011,0.5130578345412199,0.31297215871496464,1.1575376874166863,0.8969537860587025,0.05487781288245085,0.0,0.3858458958055621,True
327,2,0.09615528578397892,0.32730243890530797,0.03825887470441361,0.05527539809323476,0.05031854428403964,0.053904931641717446,0.04879529086908696,0.3078498568227196,0.24382586066053313,0.20569016000821938,0.09615528578397892,0.9876435597008222,0.6520337729597969,0.05482948480858535,0.0625,0.32921451990027406,True
1941,4,0.5113531251137455,0.3235377300815684,0.11196816627240307,0.22913922512748422,0.24036321899067759,0.2432956599517634,0.2529948571649328,0.5113531251137455,0.6128362237206963,0.7237308505533977,0.819060976389009,0.3346593804043326,0.1999686398598044,0.05476825705633637,0.09375,0.11155312680144419,True
48,4,0.5227663267035565,0.3488649969589395,0.11953469143992057,0.2504741348493847,0.321178406836272,0.2584704004092905,0.30320078429118735,0.5227663267035565,0.8448446942338409,0.8945427604297596,0.8513810801225854,0.6153341990166231,0.4406599166688352,0.054759647331221385,0.020833333333333332,0.2051113996722077,True
1255,6,0.25324018827839667,0.47018622972480145,0.15605539770425067,0.20897669539081876,0.2047248067755133,0.24107095584006188,0.2689999673508597,0.25324018827839667,0.5670201416822949,0.5434893751980701,0.5108481277159185,1.2145283686735087,0.9970917457621624,0.05472820532613412,0.0,0.4048427895578362,True
2044,0,0.10859390793466905,0.4257614306111161,0.09370765612388064,0.10512341900958518,0.11103232380258286,0.0952477052597231,0.11748301705378199,0.10859390793466905,0.266537883709393,0.3459970348624035,0.456176999930466,0.673623748189422,0.46182292789524126,0.05470388831061651,0.03125,0.224541249396474,True
1226,6,0.3023968627101823,0.4627983558095692,0.11385526474408113,0.1632092212004778,0.19822501160045977,0.15904998974194282,0.19283056491776915,0.3023968627101823,0.5033032965173987,0.5173014356340555,0.3255164226129076,1.0921113300797707,0.7705103361090693,0.05461922077103582,0.0,0.3640371100265902,True
2038,4,0.5630649948104814,0.32118365486149963,0.11034132595814716,0.2525348728017045,0.2536339123911362,0.2066139733500744,0.2563102958411445,0.5630649948104814,0.730735841071199,0.7970269644016068,0.8890290873460197,0.36734555095011484,0.282228715045747,0.05457818335535447,0.010416666666666666,0.12244851698337161,True
380,6,0.1976021244333508,0.5020465935389086,0.13735922961137004,0.1711859338041837,0.195718929718148,0.18707758478198122,0.19923160944528528,0.1976021244333508,0.44335720814608437,0.4930901536358683,0.5669208136464879,1.0208152365403946,0.701367763321116,0.05454648597747095,0.0625,0.3402717455134649,True
812,0,0.05362638469729197,0.5921384537373028,0.19157812826564236,0.2024339279623344,0.20420355220383413,0.22165084658203996,0.241749234415473,0.05362638469729197,0.0836745300018168,0.17184485389596227,0.20708735721190275,1.1297101959374092,0.7645643838927896,0.05446828047512242,0.03125,0.3765700653124697,True
1219,6,0.3291244320396701,0.46260104869836455,0.09638959911279066,0.16439912846099178,0.2104285861980273,0.15988573151391614,0.17854072337312063,0.413685461625414,0.5175670770733594,0.5485909011971942,0.3291244320396701,1.0887568051576726,0.796152080304978,0.05445145258453726,0.010416666666666666,0.3629189350525575,True
814,0,0.17956613843515523,0.5986450617454133,0.19302547951898305,0.2598259612884073,0.2563204154055764,0.2882841223411545,0.3122226030748441,0.2570970254018442,0.17956613843515523,0.25137118803772573,0.26791694338741523,1.1693140836046296,0.7970831960652163,0.054444445369296095,0.03125,0.3897713612015432,True
1240,6,0.5085859244403196,0.46667469141742296,0.1580769843052938,0.32167777067691244,0.37057367099164873,0.2949749562498006,0.34293590071469543,0.5085859244403196,0.6700823977364749,0.6010771791328474,0.6139254010968087,1.2451229779125499,0.9223318444049937,0.0544122292002661,0.0,0.41504099263751665,True
1216,6,0.3212532907590162,0.46388593808035444,0.08842673505047498,0.16266160666987375,0.20065708556183118,0.16171754326832147,0.17837890203458362,0.45637611197374006,0.5276789235846422,0.565813818458738,0.3212532907590162,1.0870924087103582,0.8767425893588268,0.054368211952833756,0.0,0.36236413623678604,True
163,3,0.0946774596088702,0.49854866058557284,0.28900218599355965,0.3647519133977148,0.3708576132258908,0.331210646864184,0.323913561685383,0.20767465398203366,0.17024722442650464,0.0946774596088702,0.09772131046770016,0.33912142039635884,0.21285844710505053,0.05430287157513109,0.052083333333333336,0.11304047346545294,True
74,4,0.5731468730194378,0.3473323667946694,0.1526758859490431,0.35767779664407984,0.4486891248499331,0.3488701676861055,0.42073845366157925,0.5731468730194378,0.8078389887031464,0.850087208865052,0.877926459660905,0.6203718227762348,0.41134629581215165,0.054280498530479414,0.03125,0.20679060759207826,True
2089,4,0.641884660041443,0.3202735586610114,0.062049066350073755,0.173265591910289,0.17762244557367687,0.16052313174169708,0.1848306137983123,0.641884660041443,0.789623854079972,0.8228144983711244,0.9037684881843793,0.3270234681561372,0.22335610624971025,0.05426795156992557,0.020833333333333332,0.1090078227187124,True
1207,6,0.28138056733348404,0.46336951515354413,0.09197673226877312,0.1279908781863627,0.16096430008514404,0.1404560514296158,0.15388575381389946,0.28138056733348404,0.416996924848122,0.5141654928462653,0.4051365285477,1.0845893747388717,0.8201080476338234,0.054243028959744546,0.010416666666666666,0.3615297915796239,True
59,4,0.5029716285081857,0.34984107375126644,0.12485865595667152,0.25121031940674204,0.32100668802370363,0.26305114738151125,0.2998538308855296,0.5029716285081857,0.8212460081187158,0.8829535186260421,0.8559959540492114,0.6095240372046954,0.44273018413974796,0.05424259105145186,0.0,0.2031746790682318,True
2063,4,0.5453441627751338,0.32363602148593457,0.06475346270513856,0.14242303167244375,0.14050292714307475,0.13478517548297653,0.15989334128358626,0.5453441627751338,0.7626799344048713,0.8200538543349873,0.8968475229450297,0.35690015506125344,0.2386626415206905,0.054235959479605855,0.010416666666666666,0.11896671835375115,True
1200,6,0.3752438303614001,0.46064526731914757,0.0777921868408387,0.12451607622512768,0.16808745763073077,0.12685569724579115,0.14095083299132247,0.3752438303614001,0.5500574532866993,0.5755536186233701,0.4387697533050753,1.1021521649984494,0.7120451845036939,0.05423003550588193,0.020833333333333332,0.3673840549994831,True
619,1,0.014000360191703254,0.44331394575826316,0.11476277629881522,0.20020406396165025,0.19470006755644467,0.1684115388942391,0.16364074873521112,0.4267709954139671,0.35678521745710157,0.08847799788679744,0.014000360191703254,0.4003181427714343,0.26411894953761683,0.05418135926252272,0.03125,0.13343938092381144,True
2090,4,0.6899879959168872,0.3201690712032621,0.054017216265428956,0.17424233756750654,0.17576154866833896,0.15900722541278434,0.18565898369476974,0.6899879959168872,0.795289140940548,0.816120481325973,0.8997266054578769,0.3284395501934216,0.2299882097525341,0.054171265321753016,0.052083333333333336,0.10947985006447386,True
1208,6,0.3070719200713319,0.4640567084024814,0.08972066158380702,0.12948048171614449,0.16122477396468657,0.14134863452057198,0.15581106369265782,0.3070719200713319,0.435232105139817,0.524672613221197,0.3946066333774735,1.0812748666259484,0.7558443104103958,0.0540772621140202,0.010416666666666666,0.3604249555419828,True
1201,6,0.3538288100608461,0.4608056171010844,0.07989863114448205,0.12364932449558086,0.1670214874737516,0.12801738813596103,0.14269200170180502,0.3538288100608461,0.5252195759913911,0.5616284533451654,0.4390115879004951,1.097539356520422,0.7452860010027678,0.05406451371070037,0.010416666666666666,0.36584645217347395,True
58,4,0.47802927421461117,0.3497802608308561,0.129151933478857,0.2474313732528336,0.32278213000767264,0.2499225862615113,0.2940890090331078,0.47802927421461117,0.8246176741403161,0.8851160387903287,0.8397348031517249,0.6070383930462006,0.38480335894647055,0.05402138930819168,0.010416666666666666,0.2023461310154002,True
2035,4,0.5830875998026162,0.3231618657061816,0.08649447349791665,0.2074643821027308,0.21301726788525865,0.17337437695705468,0.21348924006382694,0.5830875998026162,0.7715499935053767,0.8280635221849113,0.8971548016249814,0.35711938676906624,0.25003099362095327,0.05400015571427034,0.0,0.11903979558968875,True
1254,6,0.24473847066027676,0.4694171582139026,0.16490393569214598,0.2183401765959282,0.21380666170637264,0.24401463499827258,0.27578919286530496,0.24473847066027676,0.5381031461534931,0.5230200823830564,0.5275511215738192,1.1969505006326364,0.9643078696519183,0.05393612405726492,0.0,0.3989835002108788,True
522,6,0.4785056723458109,0.5478855232784852,0.031214059046119402,0.08360166038441068,0.09947532343279435,0.08415677107567399,0.08882900345175138,0.6266335034185525,0.7233225605477982,0.7341331255941703,0.4785056723458109,0.9231950523291191,0.7343520579396454,0.0539248544615349,0.010416666666666666,0.30773168410970636,True
1802,4,0.0793279063531771,0.3628407058730129,1.7184847066739757,1.8665545730478066,1.9228731270702475,2.019157723794702,2.1304022186051026,0.0793279063531771,0.2066313016068657,0.27102232972511064,0.4446188970832943,0.6598707655277156,0.4851342348114307,0.05380347388136663,0.03125,0.21995692184257187,True
326,3,0.24621387086620827,0.5132840100827856,0.2047899330888704,0.2831584621808288,0.2859085514198136,0.26310563820923283,0.28660027897658374,0.276765626174051,0.2771738771769978,0.24621387086620827,0.2861838725025726,0.3619032995014617,0.2121504954475366,0.053790614555921816,0.08333333333333333,0.1206344331671539,True
1253,6,0.2864367711045773,0.46877370878274427,0.16097225565788875,0.22558933692122787,0.22093098561964034,0.24726776489451566,0.28167993661374796,0.2864367711045773,0.5474138388775271,0.5292508148271029,0.5402375507049756,1.19134382810778,0.9940205608518227,0.053683480205502225,0.0,0.39711460936925996,True
67,4,0.473781916671961,0.350321889329578,0.13172366180475714,0.25032142751856357,0.33501154369235503,0.26077474648781107,0.30172069737518104,0.473781916671961,0.799367319563878,0.8732918461588802,0.8621483513002864,0.6129819518860913,0.39829979330939125,0.05363390907998215,0.020833333333333332,0.20432731729536377,True
1197,6,0.42717713421938985,0.46042420242395343,0.07058478764479163,0.12322271309578876,0.1639970939503647,0.1207370753167013,0.13288719494871729,0.42717713421938985,0.5954748252388188,0.6064865615397288,0.45501121971991276,1.1010833094440344,0.6984168985660517,0.05357687361464761,0.03125,0.36702776981467816,True
2049,4,0.621866147569259,0.32187066539534404,0.059257518106993125,0.15671042866453413,0.1597448344723397,0.14989040532699915,0.1855213145146184,0.621866147569259,0.7970757781380712,0.8475173463103908,0.9035092064303565,0.355934621529137,0.22707049914998834,0.05356199104794701,0.0,0.11864487384304567,True
2033,4,0.6475417344651866,0.3234375901289901,0.07190230187924085,0.20400231434532445,0.20755039835874664,0.1714803365361098,0.21023958524486908,0.6475417344651866,0.7875992258751339,0.8507785452850768,0.9037054084118966,0.34783122032717567,0.2646600723130632,0.05354955328207584,0.010416666666666666,0.11594374010905856,True
1209,6,0.3236714872039804,0.464454260636428,0.08864759707631265,0.13107180223680548,0.16238884470470447,0.1420063330100886,0.15612351112116105,0.3236714872039804,0.44634820763312255,0.5277674691833666,0.39125935135948275,1.0693308722545525,0.7426912631922278,0.0534713902225102,0.010416666666666666,0.3564436240848508,True
2013,4,0.3920734584299099,0.32331789966560626,0.08765849705482553,0.1441925809464252,0.14930419522197536,0.1482912118001917,0.15648033307813058,0.3920734584299099,0.7200358907404635,0.8270980413870602,0.8842305991375938,0.3400905331765358,0.22030423213522,0.05346891249600209,0.0625,0.11336351105884528,True
1199,6,0.3980436888224381,0.46051068556677643,0.07545459365330813,0.12534895349083056,0.16937167985027046,0.12635099851403256,0.13991560423534863,0.3980436888224381,0.5765514529237834,0.5895487542226326,0.43856882087082005,1.1007410357168141,0.7241764598437044,0.05343745659636381,0.020833333333333332,0.36691367857227136,True
238,3,0.23421203247067923,0.49663770293253295,0.20207294558584077,0.3253157674811206,0.336054961612776,0.2837271529376613,0.3002100776960294,0.378840604159871,0.3171385175765936,0.23421203247067923,0.2769547034519191,0.35333502055643917,0.20540678248756805,0.053417677878221756,0.0625,0.11777834018547972,True
1238,6,0.4974631419925092,0.4661459166827388,0.1481564219085135,0.2948170259509703,0.34051537881862054,0.27391909935318653,0.32526198941431944,0.4974631419925092,0.670806371598268,0.6019014813690501,0.5902151316054662,1.2082231857876224,0.9072358942490553,0.05337865476908131,0.010416666666666666,0.4027410619292075,True
241,3,0.10179635290220379,0.4986533966622916,0.26503821669830413,0.35336847276524247,0.37260187520330895,0.31238402910553836,0.33709693588683826,0.24996643128833917,0.16080337887183993,0.10179635290220379,0.15523517903895512,0.34277881722358583,0.20505159217919022,0.053329580291605574,0.052083333333333336,0.11425960574119527,True
469,6,0.24476981310665513,0.5415643649022396,0.1220945693836935,0.1616653723627389,0.17937109318051558,0.18080367673249678,0.21176811276774007,0.24476981310665513,0.5896431838262666,0.653837639212972,0.646072918578697,1.0669735595997687,0.6939887025500866,0.053311775502073985,0.020833333333333332,0.3556578531999229,True
1212,6,0.3552742349067305,0.46446016436916504,0.09199143244662696,0.14268304049136143,0.1732042283680261,0.14915188217995148,0.16423916648328107,0.3552742349067305,0.4609065960897014,0.5417238282594189,0.3605384122830344,1.0656993728956259,0.7849976941453178,0.053298292692823705,0.0,0.355233124298542,True
1874,0,0.2875044662861487,0.3777188634963737,0.06972536413060741,0.09786077362080721,0.10301527726972355,0.11053778193504223,0.11907057598130204,0.2875044662861487,0.4673625850586116,0.49430800652306883,0.5711233358506782,0.763367528758355,0.4405990899867618,0.053292904040323615,0.10416666666666667,0.25445584291945167,True
1225,6,0.29916649446079013,0.4625159827429951,0.11428412456961863,0.1630688653815007,0.20365428033192626,0.15956561604512987,0.18975788007774183,0.29916649446079013,0.5063567194114467,0.5207596976927835,0.3282822795472742,1.0657955398298697,0.7027705202533525,0.0532467573619727,0.010416666666666666,0.35526517994328993,True
882,0,0.07548865218689582,0.600624560240338,0.16869006272972578,0.182464026135272,0.17255280376493878,0.24040455974693042,0.23102691946376508,0.07548865218689582,0.11926205148237257,0.2557909197445417,0.2972833848477776,1.148767882579583,0.7695936841714968,0.05322753909373365,0.010416666666666666,0.38292262752652767,True
1227,6,0.31955579280427615,0.4631669078726791,0.11197110127836646,0.16455588877716604,0.19369510320702998,0.15915745981832255,0.195878415887391,0.31955579280427615,0.5032802666802875,0.514207750789494,0.3300563104986943,1.1226257960111767,0.8471857792209221,0.05322267174557803,0.0,0.37420859867039225,True
2082,4,0.6653484129180843,0.3214578109909002,0.052547058418106474,0.15702019786101915,0.16351487697893305,0.14296811341190288,0.15915876541705506,0.6653484129180843,0.7965911311400798,0.8341872449868095,0.8988720191990326,0.30691034641558385,0.2067858060213723,0.05315922875756741,0.03125,0.10230344880519461,True
1976,4,0.5614949879798221,0.32091221001550796,0.21137298078040245,0.48203093462173713,0.4954837134392655,0.42404949394114305,0.46793413328114747,0.5614949879798221,0.6863989676122317,0.7807998140864916,0.8734135118305435,0.3288980689793893,0.2307800510988045,0.053149649887078515,0.041666666666666664,0.10963268965979643,True
2043,0,0.16251365608523516,0.4256768559009798,0.08742715496582228,0.10439233499277234,0.11058798197077131,0.0924279906295588,0.11512348241614719,0.16251365608523516,0.3037216639927167,0.3990801285160427,0.49110658870716606,0.7051647684506008,0.5120375358000615,0.053147621474631465,0.010416666666666666,0.23505492281686693,True
63,4,0.46072982390175155,0.34976385585546765,0.13495685142740996,0.2502583258059175,0.324808246851897,0.2642776325992801,0.30103857794083183,0.46072982390175155,0.8007261555465462,0.8674442260552843,0.8768876756502052,0.5969582354190658,0.3777758188656577,0.0531243387662469,0.010416666666666666,0.19898607847302194,True
519,6,0.5020411603753293,0.551222632338222,0.02792295093209951,0.07779416076659833,0.08744106155506597,0.08451614352758459,0.08994331150208923,0.6410662361166766,0.7598596228925129,0.7786515049319709,0.5020411603753293,0.9822950927117459,0.6584043187224324,0.053116077219831664,0.03125,0.32743169757058194,True
2042,0,0.13421682116643707,0.42579589772766363,0.0865765868346885,0.09999800059794402,0.10478583958237737,0.09305119958894185,0.11421899467645047,0.13421682116643707,0.28659738091613063,0.38789903241854606,0.48486174935548554,0.7109862323415997,0.51568760774569,0.05308792748199265,0.03125,0.23699541078053324,True
1237,6,0.4837985301402927,0.4660242878367892,0.14316122743323356,0.27733595464604505,0.31972147024631814,0.25786139996728236,0.3102014727871339,0.4837985301402927,0.6629969448887587,0.5977349259345442,0.5692831406371107,1.2048244075324703,0.9095792889518748,0.05307148696485112,0.020833333333333332,0.4016081358441568,True
405,3,0.09031639459463003,0.5233221289445086,0.23810278150927253,0.29854639541004363,0.30756167786206795,0.25905111520679575,0.26044512851220764,0.20245970083729803,0.17611662878555512,0.17037960481314673,0.09031639459463003,0.34550498685126374,0.1847766982973882,0.0530485201910184,0.07291666666666667,0.11516832895042124,True
369,6,0.15991108622685923,0.5017711926648629,0.2981709243748874,0.3549278171469908,0.3627810190851705,0.3986771923592916,0.42226975277061435,0.15991108622685923,0.33188268008168,0.4522194809361507,0.5627335113638633,0.9657177833604879,0.7082879848199468,0.053039465742286074,0.0,0.3219059277868293,True
1854,0,0.3021923255275407,0.37699160161330836,0.1559757274810164,0.22352251657153763,0.24527265197292572,0.25861744525543656,0.2769744021639134,0.3021923255275407,0.39126807396562513,0.4036637180422463,0.49700609760112013,0.7779982153177235,0.5668930117442699,0.053039130154240256,0.020833333333333332,0.25933273843924115,True
2086,4,0.5919237020800681,0.3211643878229561,0.06008788669125176,0.1472466962612994,0.14839069332560553,0.14270814174809163,0.15973342241607913,0.5919237020800681,0.7532606258690169,0.8081131755292262,0.8922335747271875,0.3187764924020679,0.19300168082871494,0.05299488042025021,0.0625,0.1062588308006893,True
472,6,0.25051274697159387,0.5399852580748941,0.11225404294673351,0.14977445245820478,0.17214714570736678,0.16226303032991474,0.1876486049392981,0.25051274697159387,0.5853098739037748,0.6511903372331181,0.6320337575576129,1.0361512659731615,0.7553607856544033,0.052966426544708865,0.020833333333333332,0.3453837553243872,True
1334,6,0.15844715249774144,0.45353530329134734,0.20804256198706014,0.34281936459121365,0.39634108563075127,0.36703243131212443,0.40786962981985847,0.39314232661525617,0.47651115428841007,0.15844715249774144,0.4146661059808372,1.0799834569057958,0.7608362158482436,0.052952146778002106,0.010416666666666666,0.35999448563526526,True
1213,6,0.3486195830740191,0.4643445673297735,0.09135204874692786,0.1472059901853852,0.17881228443192473,0.15049075576172236,0.16641495241447032,0.37942709646609607,0.4806953547060817,0.5518444970165504,0.3486195830740191,1.0585163322723514,0.8101418445857291,0.05293905085473996,0.0,0.3528387774241171,True
1220,6,0.3326233626850843,0.4623466259885901,0.09617625301204098,0.16378907775602622,0.21189438662750174,0.15949965510133557,0.17917911066224979,0.41280423377619013,0.5287056922520725,0.5523789980924796,0.3326233626850843,1.0571529304172067,0.7767142470134729,0.052870863715869826,0.010416666666666666,0.3523843101390689,True
1327,6,0.2530536358200106,0.4541840066754503,0.1810834699239714,0.32833599039508043,0.37059219915884106,0.31244659863851104,0.3695261918969052,0.4484812045548917,0.49331564891652335,0.2530536358200106,0.46278653916173207,1.1772925551106348,0.8175039880322004,0.05287007523131136,0.03125,0.3924308517035449,True
1912,4,0.4927482888290625,0.3147337327826598,0.10346362995987046,0.2039690112055719,0.21211020572447722,0.21553931428645975,0.22986662830519367,0.4927482888290625,0.5812787771591896,0.7056230552125611,0.808691986806469,0.34763062340097256,0.2065943809692783,0.052861657048345084,0.041666666666666664,0.11587687446699085,True
1916,4,0.4236175052628377,0.316133036658399,0.12362718088299611,0.21448809082824707,0.22335994563200712,0.22667105906478746,0.2414315778185849,0.4236175052628377,0.5343356659320424,0.6803705298070892,0.809478339053141,0.3185804886167161,0.20303572839317496,0.05284168225994443,0.020833333333333332,0.10619349620557204,True
2088,4,0.5883137804105167,0.3203930253481991,0.08065391661292128,0.19591114002636786,0.20060717068705905,0.17556295561181923,0.20131475088154596,0.5883137804105167,0.7440566029037554,0.7853042574417594,0.8910007954931033,0.31797804661487444,0.2195219343789745,0.0528341285117097,0.03125,0.10599268220495815,True
1911,4,0.546350337756612,0.31397255559777876,0.10201905912347727,0.2248851208639122,0.2356889561990562,0.2386594665633568,0.25492289691023523,0.546350337756612,0.5930273069443346,0.6995125146449197,0.8016584502018602,0.32998976404594443,0.2210458658991854,0.052831793423197534,0.041666666666666664,0.10999658801531481,True
57,4,0.5609976959915113,0.34981824979319814,0.1210880258498472,0.2758254905366187,0.35231347020173676,0.2739155356623157,0.3262187435849004,0.5609976959915113,0.8433880987532624,0.8913202040403234,0.8588180465751263,0.5936349568186857,0.4114876515948396,0.052828594495197057,0.010416666666666666,0.1978783189395619,True
1234,6,0.4888191135600847,0.4664107264974563,0.10287712963226565,0.22194728756179216,0.2523428462116378,0.20915267097673465,0.26325003994010393,0.5364794462575997,0.6962393801418503,0.6237089707467127,0.4888191135600847,1.1722394934006548,0.8173645064174764,0.052822614391710924,0.010416666666666666,0.39074649780021825,True
2037,0,0.1525342510081037,0.42718925865230145,0.06488636039147581,0.07656517147585191,0.07859854672270465,0.08005940586170483,0.09617274699725853,0.1525342510081037,0.30841453573327704,0.4304875300407365,0.5114901687407578,0.7008962825894022,0.4936329553551957,0.0528133656190121,0.010416666666666666,0.23363209419646738,True
1878,0,0.11850589156114077,0.37860236023927324,0.07726403656250948,0.0876512228758345,0.09168730495682624,0.09303682356111342,0.09392619284113997,0.11850589156114077,0.31650416435115936,0.3856658734644993,0.473580059904427,0.7564651201733774,0.44142546702261143,0.05281102685206459,0.09375,0.2521550400577925,True
1198,6,0.42603224478166024,0.4604242205726835,0.07222178216716392,0.1258289886679966,0.16944798045454137,0.12461176037396321,0.13798515780986742,0.42603224478166024,0.5935337459548449,0.5980318093864011,0.4491022119536967,1.081839690922536,0.6794798526066188,0.05279898167781287,0.03125,0.360613230307512,True
210,6,0.5479149072352735,0.4782946288169344,0.04361681980566386,0.10361694578388685,0.11866504343258845,0.11236360154643943,0.12298679523416822,0.5790570791708611,0.5479149072352735,0.5803178311238644,0.5886013882764727,0.8391361392965967,0.5438462387165544,0.05278223980655354,0.0625,0.2797120464321989,True
1252,6,0.3291707505521684,0.468191706870619,0.15828826551495345,0.23595909934643222,0.23282808967397883,0.25425622434429335,0.2909592316398142,0.3291707505521684,0.5567893946312336,0.5345708418761361,0.5488620336578895,1.1742873923610602,0.9723012191927438,0.052779678461541676,0.0,0.3914291307870201,True
2046,4,0.6276974115300482,0.32159141431122257,0.06206229553441478,0.16669853354893815,0.16823588276962673,0.15053896882266274,0.195158384645846,0.6276974115300482,0.7884602738081343,0.8491902978738923,0.901400832930658,0.354803222016038,0.2232119842090441,0.05277480792245847,0.010416666666666666,0.11826774067201266,True
1210,6,0.3300482044499218,0.46467009325102226,0.08921106495340121,0.1331604236990701,0.1643501346234511,0.14300030222108942,0.15681862812728628,0.3300482044499218,0.45930357916102316,0.5364507835088068,0.39161524074515586,1.0540924626895163,0.7653558172045507,0.052717802065580806,0.0,0.35136415422983874,True
1211,6,0.3489976416523104,0.4646405729505294,0.09066605476028271,0.13927146898576898,0.16946758934033493,0.14816025373628283,0.16241565011596662,0.3489976416523104,0.46062833469446995,0.5398273388229842,0.3781701957055009,1.0534374773966122,0.7677175102380147,0.05268504461189493,0.0,0.3511458257988707,True
1945,4,0.4431971308745255,0.3243061359583519,0.12079473189139234,0.21694344370228355,0.22415095008082178,0.2232495929512084,0.23839566947511215,0.4431971308745255,0.5983593765298897,0.7431357774035074,0.8356793078297698,0.3161210922123085,0.2073488778328425,0.052655078365833705,0.03125,0.10537369740410284,True
1868,0,0.29736793573491993,0.37788834075645905,0.07335322188233565,0.10439777176844278,0.10858682802890685,0.11862430671244929,0.12938696817772805,0.29736793573491993,0.38112302051571423,0.4384211914781396,0.5551826333629166,0.7321453380310204,0.509999891660982,0.05265338202325074,0.041666666666666664,0.24404844601034015,True
2042,4,0.5743296907710451,0.321742845098356,0.0729894925428581,0.17146954100479514,0.16610162700627193,0.16085493430869904,0.20524427776093526,0.5743296907710451,0.7719087962760409,0.8375108075736322,0.8951415675010801,0.3666152530808227,0.24839751828480416,0.05265165981177193,0.0,0.12220508436027423,True
471,6,0.2872757152811627,0.5407247701918482,0.11248712675676875,0.15782698747404658,0.17917165610532104,0.17192973578550322,0.2003208339187763,0.2872757152811627,0.6066044981046173,0.664562900826187,0.643859137410843,1.0317927532226379,0.7600221990732052,0.05263594710570159,0.010416666666666666,0.3439309177408793,True
2073,4,0.551715845414186,0.32235953634852144,0.08331134076000953,0.185844937653404,0.1937419973089242,0.16823416066799682,0.2020160769058652,0.551715845414186,0.7651888170975488,0.8201550098956054,0.896518041934396,0.34460699681456636,0.20523683986645835,0.052629048816322736,0.0625,0.11486899893818879,True
2065,4,0.561452271785452,0.3232722642791539,0.06391916448747681,0.14575189967967642,0.14504439718521178,0.13237487463619754,0.15917527310684734,0.561452271785452,0.7871077966174909,0.8306941677410428,0.8978129816095846,0.34483264278306613,0.2206155744706706,0.05253950376299972,0.020833333333333332,0.11494421426102204,True
499,0,0.02169909973739781,0.5896863532846945,0.13335148126007848,0.18299420129787192,0.18545725131818433,0.1524095558325024,0.14556950018225825,0.27128029022617306,0.16094976851388654,0.02169909973739781,0.18407467213822548,1.0923170549277408,0.8820621779893614,0.052366710386690454,0.020833333333333332,0.3641056849759136,True
1953,0,0.4295427537605977,0.388125907839772,0.0807409103999868,0.14868685578374327,0.1635020569795239,0.1309857124431306,0.13267263774457103,0.45697344950639107,0.4822435568117499,0.4295427537605977,0.4795374700601608,0.8544702123404319,0.5987660197997968,0.05232179529458994,0.020833333333333332,0.2848234041134773,True
381,6,0.20729783398638202,0.5020570906993348,0.1442998513424861,0.1820353942870482,0.2072951164219675,0.1945906853690235,0.20810281579440923,0.20729783398638202,0.4484107488909781,0.4988935155408838,0.5735708271687723,0.9654828972419635,0.707130356468042,0.05231169343849214,0.020833333333333332,0.3218276324139878,True
1224,6,0.2977544946462396,0.4623115788927981,0.11321614726976263,0.16122018070123398,0.20597034613421536,0.1580091024628613,0.1843045437981313,0.2977544946462396,0.5117708327307661,0.5263332234640652,0.3181231877110092,1.0448800264295723,0.6476987595408445,0.05225706507287492,0.020833333333333332,0.3482933421431908,True
2059,4,0.5683398640721182,0.3239472247724179,0.06495432569550912,0.1504756179439307,0.15396325716141046,0.14109729957856074,0.17041941185457313,0.5683398640721182,0.8095723259685342,0.8558172538080688,0.9045073190900506,0.3380114194431301,0.2340876657633828,0.0522401644257578,0.0,0.11267047314771005,True
1251,6,0.3608983863787183,0.46773981980429424,0.15679092758275362,0.2453302013968387,0.2442904991975048,0.260727314567188,0.2985525542170871,0.3608983863787183,0.5644836023941108,0.5335911641070619,0.5624895087500807,1.159245049696589,0.9399233588718943,0.05223706809943969,0.0,0.3864150165655296,True
2061,4,0.5320107012017471,0.3236756519670664,0.06314879824453386,0.13493641501353407,0.13414398928029833,0.1263909155187132,0.15276857115578388,0.5320107012017471,0.7831515985320749,0.8422210571391081,0.9004515722876237,0.3477295833986253,0.23577743444938903,0.05221733508426901,0.010416666666666666,0.1159098611328751,True
374,2,0.09114639904344346,0.3425055134006011,0.04390824205430752,0.05519751037495546,0.049150565825356235,0.06177330396736386,0.055605969355942995,0.20452495491119427,0.10732815341649282,0.20571062859319222,0.09114639904344346,0.9890251980437892,0.6762132574393895,0.05211429910522857,0.0625,0.3296750660145964,True
1869,4,0.18139530054708441,0.253377919792826,0.32452208435086544,0.3964332046563474,0.42336686561641995,0.4470869749733028,0.48723084334405503,0.18139530054708441,0.3290788945396076,0.43806514662293716,0.6444283173350538,0.39146650793206267,0.28996552367217987,0.0521121638690951,0.020833333333333332,0.13048883597735422,True
2037,4,0.5579805452077284,0.32155409511274635,0.12326343822091834,0.27886428274711655,0.2801765884608753,0.23002891661102756,0.2805814782646006,0.5579805452077284,0.7210489551803716,0.7789010562014161,0.8802147551064177,0.3740925089078913,0.30653388751993305,0.05209059212450905,0.0,0.1246975029692971,True
1875,0,0.29142606010966,0.3780521671904414,0.0658037812570153,0.0928679105347837,0.09831820028016876,0.1035059563971122,0.10853602503015052,0.29142606010966,0.43637039113875997,0.4815536672908164,0.558682884530656,0.7429781902287059,0.4276712523089259,0.05186946510590409,0.08333333333333333,0.24765939674290197,True
1803,4,0.16386430451098632,0.3598791180968611,1.6442630178455604,1.9665025984615017,2.0293186782284085,2.1205056604562054,2.2355097750891635,0.16386430451098632,0.2747914693223523,0.3227423695903343,0.48829194121506125,0.6071172133890882,0.4754029757940792,0.05186696067148037,0.03125,0.2023724044630294,True
1971,4,0.5143006804446948,0.3221429623037602,0.2017468196698011,0.4153738981032868,0.4261623184278874,0.36976861713869796,0.4123638184833767,0.5143006804446948,0.6668638182719966,0.7586599492989501,0.8627698788815351,0.32741518181193047,0.2602947789105059,0.05172457500324188,0.010416666666666666,0.10913839393731016,True
592,6,0.13256926824347415,0.5509380741446718,0.10105358883412707,0.17652544039564133,0.2003981202067785,0.18952083053764765,0.20979620067813362,0.42754093343351185,0.719698433344491,0.2812420837722047,0.13256926824347415,1.0580296822708148,0.785126818214394,0.05164798149942114,0.0,0.35267656075693826,True
179,6,0.18669944228786695,0.4749276242288379,0.3034378794523949,0.37309439490117313,0.39280374111932836,0.4228951512083972,0.442509735776173,0.18669944228786695,0.34983265589529755,0.4759248915342452,0.5391368365108423,1.040028136667396,0.6731018486224514,0.05156501293319958,0.052083333333333336,0.3466760455557987,True
1992,4,0.4560334784250174,0.32114183771119537,0.14871801847759678,0.2733955355322301,0.2589500848882862,0.2840411621525038,0.3024669590021853,0.4560334784250174,0.6111064999925697,0.7400516576905988,0.8487479704462797,0.3577558796777088,0.24683638059478596,0.051545966307011054,0.020833333333333332,0.11925195989256959,True
1214,6,0.35323374312776235,0.46425904754257,0.08888013732889029,0.15436667826635053,0.18803660434814626,0.1555544404701786,0.17162693009369845,0.42422718214138877,0.5118757430039467,0.5606314021308137,0.35323374312776235,1.0305527859792032,0.7738916431986809,0.05154052392212862,0.0,0.3435175953264011,True
1249,6,0.3910968481316869,0.46717940425635734,0.14780930565610054,0.24274682304168316,0.24688670713537633,0.2546302052818422,0.29081610422720305,0.3910968481316869,0.5732019348426927,0.5335319937147532,0.5601455194878648,1.1432385130379266,0.8108768850752028,0.051515793037110486,0.0,0.38107950434597554,True
1180,0,0.054757473553190716,0.5793181642576355,0.0661505348304486,0.0738659776036837,0.07738692207104857,0.07633069943625188,0.07849838600098048,0.1044519144474213,0.14819389022862173,0.054757473553190716,0.06456047962372291,0.8309094329827739,0.44955772938225635,0.051512234816952975,0.041666666666666664,0.27696981099425794,True
1221,6,0.3280748839745926,0.46219293319095944,0.0978298171621746,0.16616691928713836,0.21558107583031919,0.16365917400369917,0.18436125877952195,0.4112557566700533,0.534778695482334,0.5476447332668759,0.3280748839745926,1.0295030595169066,0.7157972054146171,0.051488024474669186,0.010416666666666666,0.3431676865056355,True
2067,4,0.6550915378063324,0.3230484951397789,0.05128821595930377,0.14870094990741403,0.14640133672667335,0.13980741946417177,0.1656759439752936,0.6550915378063324,0.808731756199796,0.850363515414847,0.9001714736139407,0.33973801970150913,0.20425177540040806,0.05144162895998359,0.020833333333333332,0.11324600656716971,True
206,6,0.46787020689266856,0.47873373057301594,0.07590252434380924,0.14263911798770415,0.15549410084300455,0.1641989579604585,0.17792045624496697,0.46787020689266856,0.5467228889135949,0.6039469207189865,0.6245848116395187,0.9185989094297486,0.5206684683173819,0.05139362761912496,0.09375,0.3061996364765829,True
2025,4,0.5200755392153524,0.3214839408260137,0.10316898228821077,0.21496921019515383,0.21856984365076734,0.17576517080937334,0.21021556051623205,0.5200755392153524,0.7231496866754878,0.8027339543999361,0.8832328822065898,0.3573732889102062,0.22947244095249175,0.05134719233586061,0.020833333333333332,0.1191244296367354,True
1250,6,0.3679813841803041,0.4674175243773052,0.153710123225427,0.24320505658851965,0.2445568601541017,0.2565829368312628,0.2933068077052908,0.3679813841803041,0.5604657159254001,0.5257123873749332,0.5629922590558667,1.1496993486163163,0.894086472171864,0.05131936141306861,0.0,0.38323311620543876,True
1401,0,0.04817091302868681,0.531792565903339,0.15350517726576587,0.16848364029736232,0.17490652842163557,0.15852155397078874,0.15459357206694757,0.08890158715208474,0.10383201670989184,0.04817091302868681,0.05189196486270875,1.018001080367982,0.6097639576454412,0.05127693648817282,0.09375,0.339333693455994,True
180,6,0.22178626776256172,0.4760079911246821,0.27466884752343873,0.35294782929843677,0.37386760059018337,0.3975278707987437,0.4172603764412881,0.22178626776256172,0.3883765191544588,0.4979755661602091,0.5578768223903439,1.0295062476989263,0.6339900299986709,0.05124335690143992,0.052083333333333336,0.3431687492329754,True
2045,4,0.6921306088745678,0.32163910997771983,0.051393451857182505,0.166932645266589,0.16774018038656488,0.1563904092042717,0.2013984227901711,0.6921306088745678,0.8091971168539318,0.8653120058418386,0.906722651814993,0.36475363349943724,0.25375838793372907,0.051230929458568934,0.0,0.12158454449981242,True
1223,6,0.32254302925463973,0.46220496137845235,0.10671896482673704,0.1642143399609375,0.21233369512360914,0.1623147988232736,0.186467752887396,0.3501239608421358,0.526421410251724,0.5331833010195097,0.32254302925463973,1.0233470162974236,0.6418184356250549,0.05118014534694655,0.020833333333333332,0.34111567209914123,True
1229,6,0.33624347200216376,0.4643549269755959,0.11088914498174969,0.1687917611461449,0.18847228167765206,0.16260916657415234,0.2051103431929886,0.343041720586477,0.5316969167097949,0.5270467216435114,0.33624347200216376,1.1130491913233516,0.796025372996553,0.05116879449164002,0.0,0.37101639710778384,True
1333,6,0.19125371922902434,0.45375067154556575,0.21355441051446442,0.3508420559974825,0.40340548500672685,0.37052543017557965,0.4134890254294729,0.39130897546673604,0.4801768345901085,0.19125371922902434,0.43587245590320933,1.0518817884257898,0.7928030542326354,0.05110725916318698,0.0,0.35062726280859663,True
1905,0,0.3764891238641844,0.38657250689664563,0.09968829502934358,0.16342304746274802,0.169697096398246,0.13486650568007952,0.14321812838001832,0.389998555423663,0.4581084673075997,0.3764891238641844,0.45171632640844095,0.7824188458974396,0.589753372013476,0.051041737587261805,0.010416666666666666,0.2608062819658132,True
1984,0,0.11731094227092143,0.4346659833840801,0.08913515331752275,0.10098137338061437,0.09812403779228278,0.10746001728693251,0.11149144036647458,0.11731094227092143,0.2504325360614499,0.37764435482683045,0.4376809971463791,0.7560925466141034,0.497564766207347,0.050994297047355364,0.020833333333333332,0.2520308488713678,True
523,6,0.46872000950672377,0.5472440537942049,0.036233440921398984,0.08908268630546938,0.10684884751529185,0.08880135069212451,0.0934402390266736,0.593260571452094,0.701514248286371,0.7171960069164747,0.46872000950672377,0.8725924215161053,0.7088386609968893,0.05098551245540182,0.0,0.2908641405053684,True
591,6,0.1420246416522889,0.5516101883321894,0.10134712496378295,0.1798448199380314,0.20141492058505928,0.1941088078949487,0.2165473779703705,0.43647459516096243,0.720711540584412,0.2978151642316127,0.1420246416522889,1.057171221555111,0.7851325148645003,0.0509781855882659,0.0,0.352390407185037,True
1330,6,0.21996714938234085,0.4537666713575865,0.20102128957970597,0.3284431616418099,0.37361016783775364,0.33473988843879043,0.3829006215698092,0.38795714736501763,0.46133884452315954,0.21996714938234085,0.45120745791505534,1.0383130080264422,0.7383593923507874,0.05084085460892802,0.010416666666666666,0.3461043360088141,True
2066,4,0.5753251472306783,0.3231274177772717,0.06981274346064319,0.16439104648036373,0.16294937031693113,0.14964131913311066,0.17725170885442484,0.5753251472306783,0.766556130426864,0.8227723665292622,0.8936530661353957,0.3481102838898427,0.21440103760966167,0.05082989065867638,0.010416666666666666,0.11603676129661424,True
2039,0,0.12028541591590503,0.4261582563485919,0.07332754704643342,0.08335379266535359,0.08556721745016782,0.08136660620268689,0.09870795323992765,0.12028541591590503,0.26900232378498534,0.409747578521536,0.4997747741283024,0.6339672162791221,0.4556639083178311,0.05082084766770249,0.03125,0.21132240542637404,True
1335,6,0.15017383634235582,0.4532224024644009,0.20996547051763134,0.34293304480348547,0.40078950772518657,0.36527104718440057,0.4040775983578618,0.38773625435265335,0.4783093152405091,0.15017383634235582,0.41436304654384537,1.0822071284507628,0.7819634511477886,0.050815470627255874,0.0,0.36073570948358763,True
2064,4,0.6164042980345772,0.3234450218357873,0.05870978242730862,0.15305119980880466,0.1506706864462184,0.14134755852177547,0.1686337320787903,0.6164042980345772,0.791962502203865,0.839700044297895,0.9010388445309501,0.33514695930666544,0.20487805620668098,0.0508106369260102,0.020833333333333332,0.11171565310222181,True
2038,0,0.12409493861389531,0.4264068208133388,0.07290687482438656,0.08323604696268415,0.08560747885235391,0.081062433677499,0.10026139912086766,0.12409493861389531,0.3082440357836772,0.4185194682240537,0.5099816624408646,0.6759653573908165,0.4734653853338955,0.050721319804654025,0.0,0.22532178579693884,True
382,6,0.2440659053279972,0.5020775239090413,0.14310149547164738,0.1893041952734499,0.21551051273773456,0.20011401652973657,0.21513696931582707,0.2440659053279972,0.464053212799596,0.512088583482962,0.5833715205122747,0.9335974159400872,0.6893381645542149,0.05071034481331662,0.010416666666666666,0.31119913864669574,True
1222,6,0.31689729312249104,0.4621420631781104,0.10132540125759604,0.1661044002029047,0.215341811988265,0.16435905621468286,0.18673272486982503,0.3899896623218767,0.5319763739985879,0.538708767183123,0.31689729312249104,1.0131716411764238,0.6755885227067324,0.050671249371916784,0.010416666666666666,0.33772388039214124,True
1332,6,0.20649914741465292,0.4537875405358082,0.21125989403886258,0.3395615246421564,0.38923209325313496,0.35606407937061196,0.39912098665559786,0.37784501862660447,0.4678933485048892,0.20649914741465292,0.4471045923963646,1.0356296880260234,0.7741019013753316,0.05061734198399144,0.0,0.34520989600867447,True
375,2,0.09686119413652128,0.3425014995384657,0.04217056097599323,0.05796584451007464,0.050930183447824316,0.0633542412676341,0.05753647644806387,0.2724929424833298,0.1558457034902644,0.22429692288947312,0.09686119413652128,0.9604948123822259,0.6678764949207903,0.05061095919549211,0.07291666666666667,0.320164937460742,True
1336,6,0.1432654716908408,0.45288159179778026,0.21061756168586973,0.34425400413860735,0.4046944017813103,0.3690858444788428,0.406545878645938,0.388191396022024,0.4744899217492028,0.1432654716908408,0.4044581736087023,1.111570640893015,0.808330914042088,0.050583884940887655,0.0,0.37052354696433837,True
1329,6,0.22377876404229047,0.4538186212570989,0.19576704907865528,0.3287897390350802,0.3712886368738875,0.3296310592281073,0.3812595006806627,0.40458285087246004,0.4626894246542035,0.22377876404229047,0.4541305364897803,1.0522760440852301,0.6775275415648849,0.050503244928742155,0.010416666666666666,0.3507586813617434,True
1248,6,0.3698844433969669,0.46701279285378755,0.15193245988766121,0.24111840803730109,0.24946285854703185,0.25129079988931174,0.28632389582422685,0.3698844433969669,0.5748578665563329,0.5292534296900154,0.5602813202666999,1.1204235444460289,0.7889776673733735,0.05048772130341323,0.0,0.37347451481534294,True
324,3,0.15152227374586136,0.5135898505169595,0.20174093016330893,0.23776809210296568,0.23496773884901834,0.2337585174568589,0.25052617651982473,0.15152227374586136,0.22322296440440537,0.24237515104465823,0.30469066755260754,0.3389107942780601,0.1932683285613308,0.050373179600643046,0.08333333333333333,0.11297026475935336,True
239,3,0.0785105492904683,0.4969569141688421,0.2535271398462398,0.3130992798575319,0.32642972231114076,0.28128176676643,0.3000242480706446,0.19026597582210636,0.12786376466573712,0.0785105492904683,0.12374623943371998,0.3217303744397554,0.19055098101295131,0.050309202947068504,0.020833333333333332,0.10724345814658513,True
241,6,0.04312390683639711,0.47976007778988555,0.06322496875026629,0.06607435299301216,0.06725632239125134,0.0700459179451524,0.09277715974319545,0.04312390683639711,0.37278099501696216,0.5378211206194157,0.5997229019557997,0.7864670666393719,0.5909773870581603,0.05030602711109473,0.0,0.2621556888797906,True
2072,4,0.6232379430629679,0.3224798794056632,0.06852741504649007,0.18188512825202827,0.18752677324243447,0.17230516334335055,0.20345370786768324,0.6232379430629679,0.7941183757215272,0.8361091265249734,0.9026815673322989,0.32964288970306715,0.20576519514030167,0.05030575699139982,0.03125,0.10988096323435571,True
2074,4,0.6864188971997633,0.32238678708124613,0.051967379174865304,0.16572229228994884,0.1727921075788874,0.1532743191240149,0.18441148924213055,0.6864188971997633,0.8320056859275999,0.8569664764976468,0.9076300218464991,0.35245742372441785,0.22681074752583186,0.05027552455523286,0.010416666666666666,0.11748580790813928,True
1931,0,0.043957876955869724,0.38869072826126916,0.09687829998685722,0.10133266898155845,0.10497311987733153,0.10642004856596136,0.10930477492041579,0.043957876955869724,0.2573366723816177,0.4774889010500155,0.5593298400213913,0.8096053804498654,0.4337671355908981,0.050274533132414985,0.0625,0.26986846014995514,True
1907,4,0.6106604934579358,0.3028042348382425,0.08868748656207663,0.2330394207460592,0.2362506214723619,0.2567855180544763,0.2778927966793218,0.619431398009187,0.6106604934579358,0.7030653282554484,0.8092389120567632,0.36025949298698734,0.19879961923820133,0.050258367466397495,0.03125,0.12008649766232911,True
1846,0,0.0560269051281318,0.37664781663069063,0.31205872386446026,0.3305801039878346,0.3393087527882593,0.36719669238200975,0.3954961230902274,0.0560269051281318,0.127133588534186,0.1909452021717235,0.33981408471964647,0.8010528241440612,0.5784342253454184,0.05024242333178471,0.0,0.2670176080480204,True
1934,1,0.07066162456764313,0.30148659736451994,2.370763656979909,2.5510230930439697,2.5598093416850936,2.734349226531504,2.752095131060674,0.07066162456764313,0.08197111366805387,0.13769034030464067,0.2105153072708753,0.5426862221236256,0.3069902943340992,0.05012565339976222,0.08333333333333333,0.18089540737454188,True
73,4,0.46280621321444215,0.3499022142702452,0.14340686623213214,0.26695555637425616,0.34870618754990046,0.28237102468803055,0.34354525204106895,0.46280621321444215,0.7880643137232334,0.8586320979867159,0.8635469282466609,0.5723608250785912,0.40579662905621205,0.05007969379645495,0.010416666666666666,0.19078694169286373,True
2060,4,0.5150074691057207,0.3236981536458998,0.07349873421165028,0.15154611572290758,0.15275963359971456,0.137511138852039,0.16727141140593194,0.5150074691057207,0.7701249260484655,0.828318013893212,0.8987379358439928,0.3243224708140365,0.19556780004222674,0.050078845006264146,0.020833333333333332,0.10810749027134549,True
2071,4,0.5666689468872337,0.32260658326377883,0.07159299889960587,0.16521548221695323,0.1664731278848152,0.15673921276044123,0.1861644884029897,0.5666689468872337,0.7812727024198629,0.8294269622092881,0.8996525341733719,0.33810592749434915,0.18830056370759962,0.05005048932425631,0.020833333333333332,0.11270197583144971,True
2079,0,0.010873646601626485,0.495915489115671,0.07567009337971857,0.07650194853239566,0.0835664553094188,0.08725988420727197,0.09489262466813896,0.010873646601626485,0.26800853404286173,0.33181336298911024,0.42671127613228055,0.8012807703689463,0.5975876053681759,0.050038455055233313,0.010416666666666666,0.2670935901229821,True
2068,4,0.582489413087953,0.3229516685968882,0.0681671250582343,0.16327041084731686,0.16148316690126766,0.15443780059311227,0.1814146960905266,0.582489413087953,0.7776810523617609,0.8241864071620276,0.8955188604819856,0.3330277751738375,0.21348402308987602,0.05003189973760833,0.0,0.11100925839127918,True
2049,2,0.0024940243754137947,0.25147523914254943,0.022039108839763566,0.022094212343904834,0.023662126365280128,0.02328759826486912,0.026837920737305187,0.0024940243754137947,0.02633282619672539,0.13260649728654572,0.24295865754115542,0.7387597113415325,0.5326297424849287,0.05001758049338526,0.020833333333333332,0.24625323711384417,True
2045,0,0.307036234987482,0.42571586412547957,0.0600323132900288,0.08663124440416355,0.08873968143758004,0.08687288949799742,0.10449836808002645,0.307036234987482,0.3380686426755103,0.4469912908951835,0.4934937886877525,0.6574002017284689,0.47081241532657714,0.05001256603733744,0.010416666666666666,0.2191334005761563,True
300,3,0.035178676348675886,0.5094268753552192,0.18094104488264037,0.18753839747019366,0.18898491470528625,0.1947311686847318,0.1851766371623209,0.035178676348675886,0.04031260183140706,0.1890919099504209,0.2027190599530586,0.3431840771719196,0.17324452834114368,0.050012248375834505,0.11458333333333333,0.11439469239063987,True
1939,4,0.5260937319753218,0.32328014137051886,0.12257074068865614,0.25863920559555337,0.2701046831799994,0.26419659464258083,0.2774100068324014,0.5260937319753218,0.5905384332963524,0.7123913976623082,0.8092393059285027,0.30057642535218293,0.19560279320565144,0.05000649473927174,0.052083333333333336,0.10019214178406098,True
468,6,0.1986393598085835,0.5418640207540948,0.14558435309338624,0.18167145451342773,0.19855255187254803,0.20016790194322653,0.23494330825816126,0.1986393598085835,0.5497473330992307,0.6291360449090471,0.6386577610586137,1.0104570795096706,0.6839384307564842,0.0499636918594309,0.0,0.33681902650322354,True
1873,0,0.39282566792637397,0.3773701219549753,0.06697018260363798,0.11029811219937598,0.11599348379411488,0.12688052759829269,0.13390188295002495,0.39282566792637397,0.4926540660922796,0.5212939804741772,0.6075743867406043,0.6956049621433813,0.4563837087957836,0.04992962360211688,0.041666666666666664,0.23186832071446042,True
2017,4,0.5071361976695633,0.3230340025014231,0.06925732167918926,0.1405202032523302,0.14339763926965654,0.13492601606931517,0.1514398135477606,0.5071361976695633,0.77150691834093,0.8474549662040701,0.8896089067282903,0.31959386400426243,0.2155520775544062,0.04983857370695544,0.010416666666666666,0.10653128800142081,True
383,6,0.27913698738857606,0.5021343001226994,0.13882376161448026,0.19257994818123955,0.21862151998913057,0.20313155191516322,0.21934689833571017,0.27913698738857606,0.4794556706480759,0.5225268991717658,0.5884851948226131,0.9207865129798188,0.6817657629310929,0.049836173127232354,0.0,0.3069288376599396,True
1247,6,0.35110979669055364,0.4669050637123469,0.15251672461191246,0.23504242140511936,0.2477177615401561,0.2434035361972667,0.27757480966262776,0.35110979669055364,0.570636021352589,0.5228477402804335,0.5562739512064059,1.1052903179148683,0.7389304383675039,0.04980579871501884,0.0,0.3684301059716228,True
1243,6,0.40491369971424107,0.46683129550549507,0.13238718940541236,0.22246721079251927,0.2499207646990548,0.23227813924735566,0.2662852685749518,0.40491369971424107,0.623320508967012,0.5644342407536869,0.5698994640350765,1.104587598002734,0.7868789696864837,0.04977413325488632,0.0,0.3681958660009113,True
593,6,0.1294554526478069,0.5502131695198242,0.1004098895399624,0.18041226542839917,0.20688109458521142,0.18995889891529383,0.20926971927802127,0.44344200045638016,0.7267234531707927,0.2807949766565634,0.1294554526478069,1.0261547455258273,0.8009424451670952,0.049764578204906554,0.0,0.34205158184194245,True
2039,4,0.5162988861568371,0.3209802018416086,0.12033874786202592,0.2487874111057867,0.2485981385801801,0.20782827529014414,0.2548678421920858,0.5162988861568371,0.7070100199667047,0.7887404167663499,0.8844371047101601,0.35069259723860213,0.26119325950183736,0.049719869760111744,0.0,0.11689753241286738,True
496,6,0.4874965967374514,0.5447302834396708,0.05212239522722332,0.10170155923924999,0.11528137347261098,0.10970542488224237,0.12151308314573202,0.4874965967374514,0.7046833728679927,0.7677474249186008,0.5949036424070802,0.9459851556187218,0.6643820035673116,0.04969852051229887,0.0,0.31532838520624057,True
2008,0,0.041308706878310564,0.43096532899628937,0.07712777046296788,0.080451101429976,0.08104258859724689,0.08682113898944983,0.08735963266467721,0.041308706878310564,0.2617078563882238,0.4187555790789643,0.47987153302170305,0.6573773462857204,0.4138208150783953,0.0496658625663286,0.03125,0.21912578209524014,True
470,6,0.32033408853952583,0.541309126809627,0.11632900463654157,0.17115615580391905,0.19212508548764984,0.18579707854767766,0.21718365948021354,0.32033408853952583,0.6168219227587095,0.6668900779985681,0.6523997559517485,0.9948717784783128,0.7260228649811893,0.0496404067088479,0.0,0.3316239261594376,True
1331,6,0.21701082518534265,0.45376665073318273,0.21154978222866416,0.3357557062677306,0.3837992738021865,0.34674705039903236,0.3926434720577492,0.3699294508490796,0.45911490600387395,0.21701082518534265,0.45548890280238685,1.0254800017760517,0.7281478880966006,0.049615129735765796,0.0,0.3418266672586839,True
202,6,0.27707723637012305,0.4785537113555922,0.14981998125152782,0.20724203025405474,0.21769600651532953,0.23689590457890466,0.2587258668206127,0.27707723637012305,0.4471674485244179,0.5352570020537779,0.5905814631885674,0.9006871094419093,0.5851994302185233,0.0495531274271681,0.010416666666666666,0.3002290364806364,True
2032,4,0.5987281713494068,0.32331683543909906,0.07148647219131583,0.17814974061775604,0.18360339226379452,0.15270590853975788,0.18884611019981593,0.5987281713494068,0.8036233099107861,0.8575820576847736,0.904513922756345,0.3194278136060813,0.21738403190049382,0.049549846080502426,0.0,0.10647593786869376,True
449,6,0.07782889091216727,0.5308505956263985,0.2111549080182685,0.22897584400267404,0.2542825337154657,0.24894028155446993,0.27539272393801867,0.07782889091216727,0.45414272537730993,0.5434895222248678,0.5968278068007031,1.0199634291092217,0.6967120465524204,0.049541377695330166,0.0,0.3399878097030739,True
2007,0,0.20613677928439655,0.43038174078613567,0.06254544185219009,0.07878616897733395,0.07889333842729675,0.08521805365943252,0.08576448207696497,0.20613677928439655,0.30164207141201227,0.44186923546062085,0.49249440581364745,0.6556711612101959,0.4261112175070991,0.04953695767790719,0.041666666666666664,0.21855705373673195,True
2002,4,0.5911865466675745,0.3217943527746524,0.06840897617811088,0.16733543287403588,0.17194301761006012,0.17124505352197858,0.1845139024198542,0.5911865466675745,0.7821924247733181,0.8437818188109995,0.8907243256173005,0.32234306339163393,0.20697653950897177,0.04951573013479917,0.0,0.10744768779721131,True
329,2,0.02159839248164419,0.3271357474115064,0.045721866076540295,0.06340733006055627,0.05960059233402102,0.06053285128396494,0.05426371943008106,0.2789182885815523,0.18005959763564716,0.1416728898086692,0.02159839248164419,0.9141334521603683,0.5991475269910858,0.049495562388948616,0.020833333333333332,0.3047111507201228,True
1811,4,0.1324835144925014,0.34172961853858863,1.6302062674362217,1.8791645976416786,1.966642210015391,1.9948832795197593,2.091814101751753,0.1324835144925014,0.28624331437773276,0.33904248962763406,0.514728736071142,0.555618159963971,0.382126243631582,0.04948945941140915,0.03125,0.18520605332132367,True
1898,4,0.35451842591328253,0.29614560351538843,0.12292407619956813,0.19043777721074628,0.19420239509419668,0.2033065888079771,0.22844727862193917,0.35451842591328253,0.4152945050060821,0.5560400747426499,0.7442936997554672,0.3311004281502816,0.22329414207099774,0.04948063971957403,0.020833333333333332,0.1103668093834272,True
115,6,0.05015202308431521,0.5625012172449342,0.1618406979534668,0.17038589530820566,0.17715009088821876,0.16923898576382648,0.16300612475262738,0.05015202308431521,0.44548401637652435,0.5720161571414077,0.6070815078019051,1.0545901787215946,0.8088865100532132,0.04947992158428527,0.020833333333333332,0.35153005957386485,True
330,2,0.0491686801793394,0.32728249887861127,0.04030252122547023,0.06538966507210499,0.06240765826297273,0.061974729073819096,0.05547679034060104,0.3836560994611494,0.23719520152573248,0.2037081365531216,0.0491686801793394,0.9134688288015738,0.6189628617565219,0.04945957649778292,0.020833333333333332,0.30448960960052457,True
368,6,0.17441641339708813,0.5018097364751434,0.3085703576243676,0.3737602862165226,0.3818585657115352,0.41193730855677285,0.4382916624773118,0.17441641339708813,0.3236347258615436,0.4423820074671405,0.5531000190372027,0.9103026124678344,0.7132590888536186,0.04943060461542725,0.0,0.3034342041559448,True
1328,6,0.24438286220285932,0.45398601617606965,0.18916681350204234,0.3283347842302032,0.36895978227149245,0.3237368289570349,0.378530262591742,0.423859966754503,0.47427869714446236,0.24438286220285932,0.464056524159432,1.0932420791621715,0.7733891296090007,0.04940466008151946,0.020833333333333332,0.3644140263873905,True
1995,2,0.018556410298894543,0.2510479833709306,0.019943007473730817,0.020320075125055712,0.02060040275939185,0.02165633255311138,0.021880487037674378,0.018556410298894543,0.1438295412971098,0.2434555663541741,0.3034857512134861,0.6524374986237909,0.4500981957140482,0.049370980404032025,0.0,0.21747916620793029,True
1244,6,0.3912478351062215,0.46680822182098686,0.13380289328065512,0.21979863234490912,0.2437865343118252,0.22925076528835053,0.2625107721256535,0.3912478351062215,0.6070573796051968,0.5488601388650991,0.5620392201670443,1.0953185800533185,0.7607558585565926,0.04935645942314102,0.0,0.36510619335110617,True
2081,0,0.015471534954431432,0.4995412685530766,0.07506747332538158,0.07624713351676135,0.08173843583596362,0.08595092442494508,0.09564267787843402,0.015471534954431432,0.283590344692662,0.33755754363226187,0.4326699675522445,0.8193665942642797,0.6395641333922981,0.04934308399720768,0.0,0.27312219808809324,True
1233,6,0.4475459417015797,0.46643964656954245,0.10028147442063606,0.19680909625739715,0.22068851004456738,0.18944898371594812,0.2414941372330528,0.4904632137049054,0.6719120656838418,0.6065775834178613,0.4475459417015797,1.0933503838452214,0.8294481370475069,0.04926776997876311,0.0,0.36445012794840714,True
1215,6,0.36710489698473936,0.46425904754257,0.08628670509771956,0.1632022048871413,0.20065966067398322,0.1636423649451754,0.1811365492705865,0.4712895873104831,0.5484069343770004,0.575381388166801,0.36710489698473936,0.9842221824105533,0.6595378657807061,0.049223414489167616,0.0,0.32807406080351775,True
2069,4,0.6356215690509965,0.32283004087975836,0.056232633435862045,0.1543248135994418,0.15450956917623757,0.14594208734785719,0.17077183151529507,0.6356215690509965,0.8037740286050852,0.8455358996342064,0.9035378874400481,0.32827045691146434,0.20515011767884062,0.0491808525515356,0.020833333333333332,0.10942348563715477,True
2025,0,0.14158417448083216,0.430135190413733,0.07228542103175879,0.08420793149758247,0.08792149596668697,0.07702977565709933,0.08242170352460484,0.14158417448083216,0.30997248537224376,0.38047920131565804,0.41834790033144487,0.650669757157381,0.42853873410925303,0.04915909396275291,0.052083333333333336,0.21688991905246033,True
240,6,0.057466832754793806,0.47994899450638234,0.0663253250239499,0.07036922129520662,0.07340926365576154,0.07347939248122197,0.09614566272098457,0.057466832754793806,0.37211026415623893,0.520785426957502,0.5770516443028053,0.766645461107025,0.5882713056319062,0.049153035893678976,0.010416666666666666,0.255548487035675,True
1246,6,0.3538965379713598,0.4668434732812028,0.14735965340631188,0.22807439066125879,0.2453864657055611,0.23555708352075785,0.2690262196775796,0.3538965379713598,0.5778266535083364,0.5267463833724979,0.5530523419087998,1.0886444473656138,0.7590535959293732,0.04905571444794913,0.0,0.36288148245520463,True
473,6,0.2647383164517998,0.5395060190604201,0.11307000040013197,0.15378198392507372,0.17837557171986182,0.1618548699806409,0.18533678206842374,0.2647383164517998,0.5844247716640663,0.6486143086693763,0.6282486856302397,0.9683754360680984,0.7561517568903753,0.04902114597743035,0.0,0.32279181202269946,True
204,3,0.11035337515410792,0.48287794617238516,0.2450624705154979,0.2754604622458367,0.2702749561176067,0.3410572734577309,0.3312333100925524,0.11035337515410792,0.19251667896407065,0.2981549525437037,0.2840035091012,0.28553291066349207,0.15126273957811698,0.04901157853465619,0.020833333333333332,0.0951776368878307,True
135,6,0.14680311493527154,0.5355208286282834,0.3002193131725261,0.3518757726708645,0.3890241491883484,0.3217560396770979,0.3478366161231654,0.14680311493527154,0.36621554963292513,0.4124865413631824,0.5030692489190358,1.1370001255323587,0.7474854258210826,0.04899856473231849,0.052083333333333336,0.37900004184411956,True
2121,2,0.020412406187486964,0.3153006629628801,0.020065866179530073,0.02048399378092834,0.022131071013935782,0.020853014755560745,0.022928243292266337,0.020412406187486964,0.2619954817019807,0.18339773580992835,0.29487836093654307,0.6828141429999244,0.5620433993875906,0.04898586494579636,0.010416666666666666,0.22760471433330812,True
1986,0,0.19767447835019314,0.4345512722921239,0.08652989174219211,0.10784885860823962,0.10436456606037563,0.1148568637529634,0.12401933652689741,0.19767447835019314,0.3078963217101859,0.4227821675735458,0.488851545392577,0.7363050464518489,0.5028378535503748,0.04892868742530421,0.020833333333333332,0.24543501548394964,True
2007,4,0.6691330569745649,0.32293677738374815,0.06727435626572358,0.20332752389999845,0.2081866457297458,0.19952279352544755,0.21338603869576453,0.6691330569745649,0.8058258763118173,0.8558535824820075,0.8983089906175509,0.3086043624601942,0.21072260606310067,0.048899442593064356,0.03125,0.10286812082006473,True
367,6,0.1610012790980131,0.5019432351386373,0.31982266069506143,0.3811956475347518,0.38943639191899987,0.4192496574309342,0.44746810963391365,0.1610012790980131,0.3022006034176483,0.42456429500794746,0.5371117513409978,0.9235328773466289,0.7068287792639296,0.04886429983075142,0.0,0.3078442924488763,True
325,3,0.20736963677013887,0.5134000371258889,0.20382108046351985,0.2571451838319398,0.2586936843299265,0.2469029705196395,0.2685918361675938,0.20736963677013887,0.2697291408775583,0.25925511528760936,0.325199047055143,0.32849658326852693,0.17680282993329488,0.048825288738389185,0.08333333333333333,0.10949886108950897,True
1245,6,0.37169749631229787,0.4668108271803312,0.13841854428388745,0.22030557489659217,0.24136983735726747,0.22858181304766964,0.26142664204589566,0.37169749631229787,0.595971578449804,0.5395641238107967,0.5525329054169175,1.0833345688727483,0.7372913567687363,0.048816444515759914,0.0,0.36111152295758275,True
1974,4,0.5357678286925518,0.3222785296155888,0.2010471341468162,0.43307454022540853,0.4442587446518906,0.39325293034444203,0.4366196041472254,0.5357678286925518,0.6713215266800779,0.7681108644043527,0.8662026911377851,0.3032973714484329,0.2142674273493128,0.048791939118091036,0.010416666666666666,0.10109912381614429,True
518,6,0.519188084467717,0.5520699024340473,0.032553209198108224,0.08650547853622792,0.09449196892860845,0.09529449762542756,0.1022023205498717,0.6236861555019876,0.7637410652608541,0.7878621032449685,0.519188084467717,0.9133822776186733,0.6530605156711999,0.048751854162019014,0.010416666666666666,0.30446075920622445,True
2031,4,0.5371456842844207,0.32317961073940654,0.07015696492726183,0.15157461547873474,0.15427843926596432,0.13846552247439212,0.16678477582467988,0.5371456842844207,0.7802436060421247,0.8474443294943061,0.9012331201512671,0.30824031138418323,0.22890217687027814,0.048744124794086366,0.0,0.10274677046139441,True
448,6,0.0973733550253939,0.5309510137819049,0.2082129120176981,0.23067445790231,0.25430204229154624,0.25230875373994094,0.28009087377484915,0.0973733550253939,0.47584064305361196,0.5605159748158677,0.6093615643169418,1.0230492008963488,0.6357420088449999,0.04867759121299734,0.0,0.34101640029878294,True
201,6,0.30582081786456305,0.4783738823369527,0.15888365246306602,0.2288798865651768,0.23842351879392654,0.2603111419902801,0.28259655006507567,0.30582081786456305,0.4497735232071586,0.5208770567811714,0.574652116321752,0.8961415458904524,0.6238696721461849,0.048670508609827266,0.010416666666666666,0.29871384863015077,True
670,1,0.048453877908385956,0.49050923223634546,0.10802383363952865,0.1270418742786743,0.12488967533280089,0.1146844852592574,0.11588351614609065,0.14969899292754762,0.07293726462707062,0.048453877908385956,0.10712460424184667,0.35030209717222527,0.2461308321992277,0.048626058819317745,0.020833333333333332,0.11676736572407509,True
238,6,0.09239597300080649,0.48034466966035066,0.06840838296031888,0.07537249827603472,0.08099121997659497,0.07640257691123813,0.0967543073298951,0.09239597300080649,0.3676781525814248,0.4836698287783985,0.5260085586345757,0.7430462428947168,0.6119550421359747,0.04861647678155921,0.010416666666666666,0.2476820809649056,True
232,6,0.5081601011595067,0.4791192784337785,0.04938048627071837,0.10670822603191303,0.1220861545970763,0.08830623937836761,0.1128749367641972,0.5372382420081631,0.5081601011595067,0.5293574665253095,0.5499169421465888,0.7493061456839089,0.5875573254852497,0.04855744771326907,0.0,0.24976871522796962,True
382,3,0.11221252508172042,0.5265153004201614,0.1929187689835048,0.246411800777629,0.25190521219297396,0.22874553436304038,0.22481598805145353,0.21708794637801565,0.23424153326393238,0.22987347745257236,0.11221252508172042,0.3396091851884043,0.225337764978212,0.04854333471258791,0.010416666666666666,0.11320306172946809,True
450,6,0.1055833143189443,0.5310341455544627,0.20300098133453645,0.22696466265045231,0.25439577532311486,0.24407230406853433,0.26972838513652403,0.1055833143189443,0.4628998103077262,0.542888644528977,0.5973130596613436,1.003054347431192,0.6977194904924318,0.04853985450937501,0.010416666666666666,0.33435144914373066,True
1935,1,0.06270789356396222,0.2987704556458551,2.3829727566887127,2.5424013926135953,2.5679217695308334,2.7376933700889303,2.7498835775656736,0.06270789356396222,0.07160133990841344,0.13320257771312682,0.20671564900470596,0.5303761913620559,0.3192355845440531,0.048528311308721664,0.041666666666666664,0.176792063787352,True
239,6,0.07992932516951268,0.4801470590426101,0.06720721285581759,0.07304570691615593,0.07767623265138286,0.07490813004020318,0.09640475319817798,0.07992932516951268,0.36913892545732585,0.5033804825398236,0.5503633740672198,0.7452582010625394,0.5843147231944386,0.04851737949725005,0.010416666666666666,0.24841940035417978,True
806,0,0.08604131582202879,0.58625180037136,0.18849702526380382,0.20624239205445158,0.21815890201384103,0.206684589287899,0.21940047405311777,0.08604131582202879,0.1090306112247742,0.1604919702990828,0.2371774749958404,1.1622084378869877,0.7095807280343536,0.0485122664728004,0.010416666666666666,0.3874028126289959,True
1230,6,0.3708987367493298,0.46501411653049446,0.10720924307704265,0.17160634435862718,0.18926827766237617,0.16529231611973463,0.21089591279855444,0.3752606089376619,0.5673766955027284,0.5442435247947595,0.3708987367493298,1.0753006306999153,0.771160703662872,0.04845442496212818,0.0,0.3584335435666384,True
231,6,0.535187595556787,0.47841799839268273,0.04432029345750647,0.10892127101520876,0.12482854519544993,0.08929690280131845,0.11375666448872178,0.5930979041612727,0.535187595556787,0.5564074740471538,0.5736791733411231,0.7671850388860962,0.612243154530745,0.048336791959283164,0.0,0.2557283462953654,True
1242,6,0.4262017496051057,0.4668620490411396,0.1360229540256379,0.23705710836870872,0.26936101710015997,0.24109257628468442,0.2778288341550557,0.4262017496051057,0.6350701367520971,0.5775288560897991,0.5740906397726457,1.0724763006275153,0.7539043421105589,0.048327157028255296,0.010416666666666666,0.35749210020917177,True
2041,0,0.09548992009800084,0.4259450416487051,0.07601533761353528,0.08404034327817696,0.0871896241131444,0.08292870081772083,0.10258800057911156,0.09548992009800084,0.2536908737439678,0.391731762715505,0.500911057583314,0.6366572655606468,0.4734154056770876,0.048315334763201406,0.0,0.21221908852021562,True
516,6,0.5258708508319483,0.552408152821723,0.03501208397607162,0.09600183603326547,0.1002455320775818,0.11099048768162352,0.11959878133244665,0.6352977669725022,0.7776341089495611,0.810477887330977,0.5258708508319483,0.9365572500419729,0.6549298800348708,0.04828493771442125,0.0,0.31218575001399096,True
2057,0,0.007440533630113544,0.45091807549738144,0.07082220725463252,0.0713531124877106,0.0787686756299327,0.07849173200184155,0.08922411808674541,0.007440533630113544,0.29361425953745635,0.4183924611373021,0.4901410523442844,0.8287604407336708,0.5916328640142297,0.048259501553906924,0.010416666666666666,0.2762534802445569,True
1969,4,0.3520474623940931,0.32249547543462564,0.24664537289259594,0.3806534561989922,0.3876412373570706,0.33747822516728504,0.37673538445797455,0.3520474623940931,0.5648754127814395,0.6959010789153783,0.8324154752315552,0.2984332785096185,0.21141686765918877,0.048259360988073284,0.010416666666666666,0.09947775950320616,True
517,6,0.5214887864859805,0.5523804925647051,0.03420373925691914,0.08996916144804963,0.0959041650732831,0.10197214979225111,0.10913083544648072,0.6198281866095949,0.7756640797680824,0.8029385041531594,0.5214887864859805,0.9189198171227003,0.5986502568740661,0.04825836020704087,0.010416666666666666,0.3063066057075668,True
837,0,0.05004286536985958,0.601706156884204,0.30112440765512266,0.3360733890013212,0.3372738205116483,0.37002984184414095,0.38893689360118705,0.10399211151484877,0.05004286536985958,0.21094756933521674,0.23625586466874005,0.9792401132527832,0.6612650259572597,0.048257634896616136,0.020833333333333332,0.32641337108426105,True
1473,1,0.13686962285300475,1.0851349606121365,0.6426029018462466,1.2338186338915598,1.3035980941326957,1.0765742608794078,1.0593742872943792,0.47917555774025955,0.5084973042292982,0.30493985395785483,0.13686962285300475,0.670476005322773,0.30953782215273407,0.04822381365611859,0.09375,0.22349200177425765,True
1677,1,0.050190100609899035,1.0952925023581541,0.43858801320929053,0.5016876857477633,0.49997036289295255,0.4750581651991916,0.4492654018949201,0.12577480837390498,0.06233784438217205,0.050190100609899035,0.14724316072613397,0.40742479000553244,0.2584256102047462,0.04822315353560693,0.041666666666666664,0.13580826333517748,True
1876,0,0.2578356590177088,0.3781131410924921,0.06930446739190958,0.09338156465477941,0.09857522714229643,0.10212247275637565,0.10806939438427261,0.2578356590177088,0.42271669421199654,0.46491516744315575,0.5664034404116324,0.727940217149437,0.4607918833862641,0.04816363456266875,0.052083333333333336,0.24264673904981235,True
1970,0,0.31128889503221013,0.38269668408364715,0.07797806750649797,0.1132231888581859,0.11531951288319553,0.11126556618268457,0.11895752209001659,0.31128889503221013,0.46724093399063105,0.45192394114810264,0.5573771459431307,0.7149211198879671,0.4406209658178568,0.04815060549686919,0.041666666666666664,0.2383070399626557,True
590,6,0.1728626248711903,0.5521776446433246,0.10374887005959217,0.1939931910131227,0.21367737510977647,0.20781918109913453,0.23288412128889946,0.4651932394236762,0.7215140931175135,0.32832317963991053,0.1728626248711903,1.007397402983384,0.7302528866237594,0.048087190228846825,0.0,0.3357991343277947,True
1918,4,0.45302033766572636,0.31603229955159656,0.12922300047817806,0.23624827279081995,0.2455972013523592,0.25684677828020486,0.2698574346556648,0.45302033766572636,0.5123593398871211,0.6582428250211526,0.7961964470581544,0.3299602486496204,0.23436678119338694,0.048073165951254035,0.010416666666666666,0.10998674954987347,True
1905,4,0.5999854302594586,0.29926927172566303,0.0940580309251506,0.24121678286869627,0.245733207958218,0.2567224289696533,0.27660355244047796,0.6100684628716317,0.5999854302594586,0.6827303671370832,0.7997820466317288,0.31516699830953954,0.18283540613289517,0.048039984685576805,0.020833333333333332,0.10505566610317985,True
495,6,0.5680446424346111,0.5458670442454039,0.04828698220581762,0.11178697372333894,0.12524885763254578,0.12320864457170215,0.1378443807280165,0.5680446424346111,0.7448927051567492,0.7967808287403231,0.6074330314147571,0.9239501965269857,0.6902724151716484,0.04801214485648295,0.0,0.30798339884232856,True
178,6,0.1100255652109402,0.473823970608915,0.3566533396754739,0.4007456009228032,0.4205406162088566,0.4500996385408323,0.4693443326285837,0.1100255652109402,0.28251304257543064,0.42639396277704034,0.5054898077914882,0.9839498329055658,0.6652006812378914,0.04789870344960743,0.010416666666666666,0.3279832776351886,True
614,1,0.03410496536152752,0.4401648759292903,0.0996479598601353,0.10793121494085399,0.10317659018263985,0.11243845313924565,0.10766549053540198,0.07674568552997285,0.047112581712652424,0.0551132560910661,0.03410496536152752,0.3330249548616875,0.2188979853839399,0.04789659239635834,0.020833333333333332,0.11100831828722917,True
2050,0,0.0017240712797920166,0.4302854166228958,0.0758214991483712,0.07595244658014998,0.08017931270358507,0.08115242280113401,0.09310367000466309,0.0017240712797920166,0.1728748160200302,0.34150005780006776,0.43922891457242463,0.8224158982790885,0.5876671105914113,0.047890052867173405,0.020833333333333332,0.27413863275969613,True
1906,4,0.5467519420045934,0.30100854888287165,0.10200320480185003,0.22571425708945722,0.22769465819753001,0.24390498178503697,0.2624766213932446,0.5480870100224855,0.5467519420045934,0.6582237478097632,0.7837018893708749,0.32465032713331343,0.2021127664187361,0.047876099733093445,0.020833333333333332,0.10821677571110448,True
1232,6,0.3967623646492744,0.46618709569119354,0.10354803894894639,0.18342597896335153,0.20315380728033952,0.17768507097374464,0.22769396382976873,0.4354777903644975,0.6362150670588109,0.585562081194435,0.3967623646492744,1.0619822367738636,0.7362436910264591,0.04785428105754786,0.0,0.3539940789246212,True
205,6,0.4512161145450877,0.4787852604049274,0.09236732647455508,0.16831275283892044,0.18191569738280644,0.18952213142971427,0.2061504630001907,0.4512161145450877,0.5492896669653295,0.6045577549928297,0.630602183847802,0.8405812147148186,0.5330260560297972,0.04779812970549607,0.052083333333333336,0.28019373823827287,True
2041,4,0.5163141313995864,0.3217812288329838,0.08928172258102822,0.18458617126725763,0.18019256743372067,0.16963113647433378,0.2140982431084283,0.5163141313995864,0.7314657642555072,0.8169587360334284,0.8915147285039167,0.34488670295590956,0.23582390758342342,0.04778841129176253,0.0,0.11496223431863652,True
1241,6,0.47237654522784267,0.46684079188519323,0.14630310589675524,0.2772869639768631,0.3173350102255743,0.2685351173241218,0.3098455950748435,0.47237654522784267,0.6506316022137406,0.5872903164232541,0.5955809922604669,1.0862537963607761,0.7601730739881418,0.04770970820668819,0.0,0.3620845987869254,True
2020,4,0.46562945084211027,0.3224658987958237,0.08510936085290306,0.15927030594598865,0.16170949410644742,0.13771058655597393,0.1618734456498959,0.46562945084211027,0.7330848083530837,0.8172075261018704,0.8857708004847102,0.30940951642298486,0.2290521080526986,0.04770149566456609,0.0,0.10313650547432829,True
387,2,0.03966358977938911,0.34200330607821977,0.0802332660548394,0.11773131247105406,0.11408446116727773,0.1059526570008212,0.09650627092321744,0.3185052950584757,0.16024044729485865,0.14675593531792375,0.03966358977938911,0.9139252967335119,0.5504300547920096,0.0476190817581495,0.03125,0.3046417655778373,True
2031,0,0.05509934267072625,0.4291546128225058,0.05962613355020651,0.06310307129930202,0.06513404204164645,0.06712449938308511,0.07147550676765027,0.05509934267072625,0.15457351999394542,0.3685475972801714,0.4471421421869485,0.5990608245200282,0.4407062893441207,0.0476018612378757,0.010416666666666666,0.19968694150667607,True
594,6,0.16963821488247843,0.5496540310855212,0.10999388996563697,0.19100999952608957,0.21951218923908447,0.19611261661141102,0.2163299330047683,0.4241459073423369,0.707983256511417,0.2986213745960966,0.16963821488247843,0.9787199484709793,0.8503241155522119,0.047592365638716425,0.0,0.3262399828236598,True
559,1,0.007495476014828029,0.4347598132059727,0.12095532587053844,0.1453039621221516,0.1406588742763866,0.1301453751149773,0.12846095565098783,0.16757035318241476,0.21861746934335535,0.13204602265903154,0.007495476014828029,0.4124755662269648,0.2065815863724345,0.047590135139050624,0.052083333333333336,0.13749185540898826,True
1877,0,0.19050276630707652,0.3787366601283821,0.07292059763089744,0.09008134258622964,0.09495385222399189,0.09512724707490738,0.10056430891407779,0.19050276630707652,0.4267818742476275,0.44846262151396277,0.5373682086871188,0.7044791327399983,0.42887084192224734,0.04758979173644275,0.041666666666666664,0.23482637757999944,True
134,6,0.15373283364576074,0.5373758599420853,0.2692325128217499,0.31814127207796195,0.34933154255128945,0.30000876182693353,0.32293279720927504,0.15373283364576074,0.3887998178994426,0.45703083766372055,0.5428111843775569,1.0857517880610836,0.6667725682592689,0.04755150323744851,0.052083333333333336,0.3619172626870279,True
1231,6,0.3671327429677531,0.46568122469333495,0.1076823747047992,0.1744105895149448,0.19181237427425835,0.16782804857856823,0.21573152037374,0.38259267969751254,0.5989485998567733,0.5625654362379562,0.3671327429677531,1.05518052285982,0.78128365090177,0.04754778710873712,0.0,0.3517268409532733,True
524,6,0.46615358698616205,0.5469928375767436,0.042237457591718965,0.0945857360487357,0.11371938930824295,0.0931808375678737,0.0983886540863949,0.5534479155508614,0.6833811165296628,0.701721242141296,0.46615358698616205,0.8264911153069742,0.6642611655347537,0.04753661845014882,0.0,0.27549703843565804,True
1801,4,0.10921111515725168,0.3644267272192437,1.7689918615743039,1.985871053932813,2.0538742888521355,2.1365663532539516,2.2464871379428906,0.10921111515725168,0.21526562600100407,0.26870775115033996,0.43817428443778195,0.5650751558037367,0.4734431857511723,0.04750998285435801,0.0,0.18835838526791224,True
1936,0,0.18666319212773874,0.3879916659804753,0.09873053106243786,0.12138947863520766,0.13055275448935066,0.11746507191255877,0.12158527805927877,0.18666319212773874,0.23237744646756042,0.4212918761966188,0.5472302299543881,0.728017265876602,0.5173289957272118,0.04749280572510674,0.020833333333333332,0.24267242195886732,True
2021,4,0.5097065412346559,0.32234270195965214,0.07935744315205599,0.16185703017921904,0.1622320239837712,0.14050504132715513,0.16742121570209414,0.5097065412346559,0.7334487113364959,0.8139303212635279,0.8834003762500512,0.30937157834742085,0.19543183846259637,0.0474889151556564,0.010416666666666666,0.10312385944914028,True
366,6,0.17173731152077165,0.5020766858920731,0.3269354529621367,0.3947243519594277,0.4053432365092708,0.42907756962512794,0.4600236955637326,0.17173731152077165,0.2990733085427095,0.4173689440151346,0.5322239562359956,0.9018976547822385,0.729674935576611,0.04748717565981916,0.0,0.3006325515940795,True
280,2,0.07397459038196597,0.32116278045014723,0.028458285076199085,0.031107269350662325,0.03189062537786179,0.031066288868955405,0.033616478890940306,0.08515643866396905,0.26102220934111975,0.20461973812294487,0.07397459038196597,0.7164997924421991,0.520121191717319,0.04747546034912924,0.010416666666666666,0.2388332641473997,True
2024,4,0.5742318824459893,0.32202058936097255,0.0705332199468603,0.1656611123258022,0.1647573109858366,0.14465033390880278,0.1729245824569765,0.5742318824459893,0.7849972400376499,0.8517813206927286,0.8983399438245042,0.3111450609154935,0.2106262019725591,0.047462256733751214,0.010416666666666666,0.1037150203051645,True
2010,4,0.5188098641434866,0.32310494239258686,0.0897924568754016,0.18660494092542437,0.19041383469869988,0.18103642827594424,0.1979406010077384,0.5188098641434866,0.7326178408002737,0.8136404895482943,0.8798459050492864,0.3081252581044384,0.2141706083200745,0.047410582408790265,0.010416666666666666,0.10270841936814613,True
373,3,0.029170921451123433,0.5288273368791957,0.18862479235900587,0.2227313704324295,0.2363730094273001,0.20201446910176526,0.2131180661634379,0.15312875778210422,0.07956116078409825,0.19103552363653187,0.029170921451123433,0.31120919867644575,0.1648439053324946,0.047389855167731504,0.10416666666666667,0.10373639955881525,True
45,3,0.042093459210467365,0.5144650257527704,0.17522124709539033,0.1829210258351177,0.17686860928366985,0.21177621106223535,0.21105780780110125,0.042093459210467365,0.04795909415478328,0.22695441723437593,0.2694474509012329,0.26543758265396744,0.15769830644724392,0.04737418227257347,0.052083333333333336,0.08847919421798915,True
413,2,0.10846664792236327,0.34346113951598606,0.06428266987066128,0.09198653170074533,0.08731108253980968,0.08299495753385756,0.0774712569526897,0.30117302302701754,0.23612545910014338,0.21394342343269346,0.10846664792236327,0.816378421798489,0.5905333067666376,0.04736472692298015,0.010416666666666666,0.2721261405994963,True
384,6,0.3565076029053298,0.5021872911089006,0.1316278535949764,0.20455230580698125,0.23030739296623295,0.21551757613382286,0.23344599571039074,0.3565076029053298,0.5095308751965952,0.5406025059154973,0.6003931511449431,0.8835466265279012,0.6687397682728715,0.047363064034802733,0.0,0.29451554217596704,True
237,6,0.19092102476889006,0.4804542010420786,0.06311759858164168,0.07801166575069189,0.08518841720914239,0.07617902915099047,0.09647939956704794,0.19092102476889006,0.3904313648043496,0.4775453543557916,0.5144404804317786,0.7170055066200558,0.5472210723401361,0.04718752859144096,0.0,0.2390018355400186,True
2092,2,0.004687788849780272,0.3068536953080506,0.021709391290375153,0.021811639651529015,0.02470095314130234,0.023259292872205656,0.026371107056847743,0.004687788849780272,0.2724118708685477,0.28777698348303693,0.3748053348144096,0.6503750059654789,0.4727332933277779,0.047180168684282195,0.0,0.21679166865515964,True
254,2,0.034016240021820576,0.3183919997792989,0.02888936881997275,0.02990668168233525,0.03449711447183588,0.03541142580304992,0.03541069481094831,0.034016240021820576,0.22414601728067485,0.23052563268607928,0.11288470009106699,0.7156970325939944,0.5018751917746602,0.047172223243114646,0.03125,0.23856567753133148,True
199,6,0.23269864484553748,0.4784256555236253,0.19764859127043174,0.25758926390875964,0.2685740303367275,0.2892576625164435,0.31235972177126564,0.23269864484553748,0.3825962623000023,0.45126869757300714,0.5190147335270779,0.8707074093464922,0.6883213988231205,0.04717070111969186,0.0,0.2902358031154974,True
836,0,0.08792617783542167,0.6015831353099589,0.28958861627432675,0.33206480906982355,0.33429262330637605,0.37050616239513023,0.3871715627250003,0.12791536963667027,0.08792617783542167,0.18380025780301668,0.20241387213633855,1.0021309786836152,0.6971256729979416,0.047155589297342676,0.010416666666666666,0.3340436595612051,True
494,6,0.5827666772519662,0.5468031214882871,0.04984518225294258,0.11946596672731236,0.13276771145492658,0.13345419404236217,0.15097450429032047,0.5827666772519662,0.7546961625163567,0.8052261248271818,0.6147291064385078,0.9220545283130134,0.6831844014333228,0.04712795686445079,0.0,0.30735150943767114,True
1899,4,0.4734402077218979,0.29621003185165123,0.10291680182073104,0.19545131119007966,0.19932875080549925,0.20636072657841956,0.2327725607071809,0.4734402077218979,0.48891941466821054,0.5827716740114939,0.7424732867244408,0.3148086670482024,0.20942965708407257,0.04711256860703106,0.03125,0.1049362223494008,True
1958,0,0.2757096094867584,0.3860365143960903,0.1249011287158978,0.1724462043841162,0.18131071767567156,0.15358704235941312,0.1599229512762876,0.2757096094867584,0.30231905486216415,0.3196941480663694,0.4232617395827387,0.7519142304374805,0.49355051227644253,0.04707760010046852,0.010416666666666666,0.2506380768124935,True
373,2,0.017728456421663874,0.34253897806758127,0.05304957622642816,0.06221828153009418,0.0551002645816907,0.0710087877390652,0.06413979527460423,0.1473635252884834,0.017728456421663874,0.15182825245165577,0.05508231369948513,0.8932368825849263,0.6462518131127197,0.047066964686972274,0.03125,0.29774562752830874,True
2090,2,0.06021520223875099,0.3027001414379505,0.01944032965164759,0.02068593756566211,0.023122531361936444,0.022401186166920762,0.02606955361685979,0.06021520223875099,0.26928158907643573,0.274953595052953,0.36664871224107476,0.6367499543155084,0.4893320843971267,0.04705482322701005,0.010416666666666666,0.21224998477183613,True
2012,4,0.4075084521296902,0.32314115497069784,0.10818784635857377,0.18259812607867776,0.18798107793345809,0.18197048407534563,0.197364930986948,0.4075084521296902,0.7009816599964618,0.7905650392770194,0.8689806973194609,0.2969214753017309,0.2086090466548285,0.0470482481855316,0.0,0.09897382510057696,True
2097,2,0.11925958446923013,0.31516770973231323,0.025980717585739915,0.029498723037573883,0.03342422407011038,0.029651767034328202,0.03444375102879272,0.11925958446923013,0.244601819682292,0.162883264056089,0.25457350012206315,0.654847145739831,0.4166275519852576,0.04700811555951861,0.010416666666666666,0.218282381913277,True
2014,4,0.49580980099153693,0.3230083872604723,0.08885086959849782,0.17622490435798102,0.1790345144434579,0.17748278128979797,0.19226361822529725,0.49580980099153693,0.7439751516093056,0.8380055450905618,0.8929524320550707,0.30215128195286195,0.1998556382213934,0.04696543295277671,0.010416666666666666,0.10071709398428731,True
1920,4,0.48081834174353577,0.31698948376625513,0.12984717081988031,0.25009968814371847,0.26046420641096246,0.26339255666054856,0.2809459097526213,0.48081834174353577,0.5254297642684702,0.6627181734239407,0.7950875414403608,0.299993937867528,0.21376016479255355,0.04695232863093791,0.020833333333333332,0.09999797928917599,True
1954,0,0.339136908984054,0.38807409232583945,0.09273935315713662,0.14033065913027198,0.15368812082294606,0.12359166204240647,0.1273518303346147,0.339136908984054,0.3863994578633646,0.3849483668659849,0.4542934522557349,0.7482961094017403,0.4885298922652339,0.04692772037402561,0.020833333333333332,0.24943203646724676,True
861,0,0.10665839725348325,0.6009771531801569,0.26957903620239265,0.3155047490222907,0.3126559344923505,0.3814302513667196,0.3851593149219985,0.14556266732027334,0.10665839725348325,0.254590088665717,0.2900012970552408,1.018365096922151,0.7355601069331215,0.04692148101407146,0.0,0.33945503230738366,True
2019,4,0.508825567926821,0.3225626141151011,0.08200008924372233,0.16694698235331865,0.16934951295612036,0.1482899371874448,0.17174236129952458,0.508825567926821,0.7508322615863765,0.8212764944996774,0.8848537578331696,0.30752489944063655,0.23967426206333187,0.04689735819001593,0.0,0.10250829981354552,True
1967,4,0.3994805137794788,0.32405190319121524,0.18476137995791342,0.3076692500367354,0.31174737125598717,0.29072077755652853,0.3232209843431901,0.3994805137794788,0.5967611682784426,0.7400341671900257,0.847671683597705,0.27830472623628033,0.20362770760051774,0.04687069571120286,0.010416666666666666,0.09276824207876011,True
379,1,0.08719662747197487,0.45009991387646664,0.16487219882445495,0.18565975410329502,0.17168943769457864,0.18254868909665956,0.16497497967437125,0.11196586669653008,0.15302620948509726,0.137428423987337,0.08719662747197487,0.4357878066266783,0.28397551311596736,0.04686393831152731,0.0,0.14526260220889278,True
274,3,0.1234287986010657,0.5015907469763715,0.24436192702174217,0.2787701975969105,0.2712549076664081,0.3386085687663412,0.3382025106787596,0.1234287986010657,0.13973643673665548,0.2596000038355619,0.26886685083171624,0.2819120080966983,0.16861497700711325,0.04685701522372732,0.041666666666666664,0.0939706693655661,True
1499,1,0.020359535955186803,1.1102377865025366,0.15067094238004308,0.19778252130196203,0.19842285205534846,0.275805891976681,0.24111538169199176,0.23819889953769935,0.020359535955186803,0.07584683997108854,0.08569527122361509,0.5113764507496713,0.31907078471655836,0.046847109917254694,0.010416666666666666,0.1704588169165571,True
525,6,0.4692460044469754,0.5470572898065299,0.04568711392129746,0.09894621743724075,0.11906968161797371,0.09680536833851298,0.10350160851549095,0.5382631584650952,0.6635877033756321,0.6838444663279974,0.4692460044469754,0.8227556089271673,0.6708993165404422,0.04684471905177256,0.0,0.27425186964238907,True
2008,4,0.5815109140748016,0.3229911773071034,0.07818064095851322,0.18681643939571554,0.1936977904249685,0.18740966250797575,0.19946253655433285,0.5815109140748016,0.7647420364289566,0.8314863690516662,0.8875227897879703,0.3186491350373573,0.21119134847751297,0.04679710902416899,0.020833333333333332,0.10621637834578578,True
498,1,0.04171314160774808,0.4549295196040754,0.15874366652523003,0.19219534127746088,0.18941198907927248,0.1667118514855519,0.16702087068701052,0.1740503933648354,0.19010740015245997,0.15833171851541494,0.04171314160774808,0.4467007715415142,0.30564634866498075,0.04677494972252559,0.020833333333333332,0.14890025718050473,True
1997,0,0.11194602284488409,0.4319799019401287,0.0660111640949811,0.07433237820346023,0.07351548081789876,0.07758380751874121,0.0779256247754291,0.11194602284488409,0.3942807182906144,0.47978553020807824,0.49214278867299077,0.6620289543720771,0.44015947141667766,0.04676335858551587,0.020833333333333332,0.2206763181240257,True
2070,4,0.5554574492058462,0.32270138811040455,0.07083375061379948,0.15934076611397133,0.1612249782740928,0.15125795884966564,0.17841141249896011,0.5554574492058462,0.7693159930428536,0.81622370293989,0.892205028340887,0.32065273569099456,0.19488840708277166,0.046746449135716496,0.03125,0.10688424523033152,True
815,0,0.038882294816118934,0.6001806051306887,0.22643606226188875,0.24421640766335964,0.24641692732117684,0.2591649341071976,0.28245649771223963,0.07280569545507454,0.038882294816118934,0.15136889626204952,0.23103544968975587,0.9669599395247123,0.6592694889005415,0.04673561169287152,0.020833333333333332,0.32231997984157074,True
493,6,0.5657335077232051,0.5474654175954844,0.0549401002744907,0.12651240943423447,0.1390873140256926,0.14207324881792746,0.16218864531278013,0.5657335077232051,0.7429942193256729,0.7970815672201006,0.6181390823657954,0.9310012539670206,0.6286255118561428,0.04673088965394986,0.0,0.3103337513223402,True
2030,4,0.5251561729533752,0.322882241460914,0.07743459977892882,0.16307382631579528,0.16437200295711948,0.1553161510788493,0.18321647636635982,0.5251561729533752,0.769090186773952,0.8426036656777018,0.9014260222377647,0.30069828189764297,0.2162854125444369,0.04672820709548342,0.0,0.10023276063254766,True
243,3,0.10692929074557567,0.5003946049915025,0.2733605288792391,0.3719943114446241,0.38359644237384044,0.3239743431916669,0.3522447627516987,0.2651486313926277,0.16149591095506854,0.10692929074557567,0.1607697961555853,0.30340522521125224,0.16342157539613966,0.046664856373819244,0.041666666666666664,0.10113507507041741,True
467,6,0.17335720084993833,0.5418380748291922,0.166885937483035,0.20188397897450258,0.2180090458038945,0.21886921529789657,0.2561780217327073,0.17335720084993833,0.5230693866225591,0.6085810982642865,0.6337600040769553,0.9484883586195991,0.705255985957308,0.04663687784902454,0.0,0.31616278620653304,True
529,6,0.47029610959778045,0.5491458537207805,0.053829621967570095,0.11086457318275696,0.12850559479369192,0.10871513152937713,0.12271623053316198,0.5144560573120724,0.6305189934935482,0.6654384501697883,0.47029610959778045,0.8078121592454129,0.6537275416109196,0.046599464978252195,0.0,0.269270719748471,True
2015,4,0.4637916767278104,0.32298388445384046,0.08381687450567495,0.15631401242372714,0.16011728348554385,0.15758379975492195,0.17215098005668775,0.4637916767278104,0.7404339289141788,0.8269026472029011,0.889818925077145,0.3106366284621309,0.21104736474974573,0.04657793677306802,0.010416666666666666,0.10354554282071031,True
1975,4,0.5442766474942823,0.3216919887681537,0.20759840158884793,0.45553601861173726,0.46887223181519994,0.4131008814063322,0.4572519575961506,0.5442766474942823,0.6851309099301137,0.7723300893788906,0.8674341952490244,0.2959789622227271,0.21227267872120592,0.0465123253073358,0.0,0.09865965407424238,True
2089,2,0.09088823571943361,0.3006783606609816,0.01948620859322157,0.021434337733647252,0.02417897223204102,0.023120375639670055,0.026671635263930283,0.09088823571943361,0.2809169478998699,0.32131211995945674,0.4090925130843024,0.6170463122910981,0.45647608045265997,0.04650284424865136,0.0,0.2056821040970327,True
497,6,0.4494615938940386,0.5438451856127137,0.05768423203960108,0.10477785273439884,0.11953743238084147,0.10893128144616011,0.11947043709341194,0.4494615938940386,0.6755564508847574,0.7422413905280263,0.5863497375970383,0.8918641456692834,0.6709507590171597,0.046472711087693526,0.0,0.2972880485564278,True
46,3,0.07671036412419752,0.5144125149945097,0.19113923265060784,0.20701979663109657,0.20046993847918948,0.24486573261740638,0.24549013640935077,0.07671036412419752,0.0809375277261759,0.20234348121111,0.17997291710582408,0.26034940455067046,0.16280661576848487,0.04646606566568308,0.041666666666666664,0.08678313485022349,True
1942,0,0.23301265945930705,0.3876070625810335,0.08120796046119988,0.10587914059174924,0.10912447680697128,0.1050529258669269,0.10984441856883768,0.23301265945930705,0.2882537339311776,0.4111058917677388,0.5408316028354188,0.7053323339432916,0.3946947993069898,0.046460205675266555,0.03125,0.23511077798109722,True
2093,2,0.08206586596545318,0.3089877725510844,0.02251379045964473,0.024526585977025468,0.02857243639354623,0.024976486880547117,0.029438337834137036,0.08206586596545318,0.2947992939240065,0.29937839952739576,0.3664950490146125,0.6207506809156305,0.4188531797891457,0.046445519451526966,0.0,0.2069168936385435,True
2053,0,0.1447643789849492,0.43828913236973244,0.0684886136632581,0.08008157282079907,0.08800958199776594,0.08858267457005657,0.09879475246036946,0.1447643789849492,0.303825243464535,0.44122110370052103,0.5051902252824672,0.7971251052789986,0.5610569915377255,0.046417346154716314,0.010416666666666666,0.2657083684263329,True
1970,4,0.4946459926510063,0.32268889622544106,0.18698960299084402,0.37001705788732453,0.3754942351670425,0.3333440815435306,0.37087667156494025,0.4946459926510063,0.6567656375665926,0.7476094396226647,0.8577107449020903,0.29752057474184895,0.20962606140052742,0.046415123652388,0.0,0.09917352491394965,True
406,1,0.05303641116804392,0.4475805902296798,0.1857747367779238,0.25285072122269575,0.23653244317840263,0.22617913493659522,0.20716311073700708,0.26527899196971416,0.15198079949938492,0.05331445907105814,0.05303641116804392,0.4312088853110593,0.3177164322561765,0.04637152828351491,0.010416666666666666,0.14373629510368643,True
211,6,0.5623491213581535,0.47829882712476424,0.04586232541301549,0.11006858577544404,0.12681370759596186,0.11633785857504832,0.12820158788311056,0.5833295659255464,0.5623491213581535,0.5761967771807872,0.5868305498790318,0.7433738865887095,0.5707445258253045,0.04632798834105188,0.0,0.24779129552956983,True
2018,4,0.4801588078712372,0.3229769383857696,0.078137639949812,0.15031059703028996,0.15247017859538778,0.13992358420170228,0.16057487531849532,0.4801588078712372,0.7674403604091786,0.8428613407397169,0.8892330518644092,0.3108407206705503,0.2206554085855572,0.04632379860590247,0.010416666666666666,0.1036135735568501,True
200,6,0.28424342296531946,0.47831097471978473,0.18023625400858803,0.25181222190830815,0.2626124668439305,0.28272477007176183,0.3059815746636936,0.28424342296531946,0.4241397893953981,0.48749971426428185,0.5490748870798182,0.8609960163068143,0.665446414008386,0.04630763127790744,0.0,0.2869986721022714,True
365,6,0.17931237364833919,0.5022525608482887,0.33091573901266674,0.4032176535714831,0.41586679689290085,0.43364667015243813,0.4658957688808491,0.17931237364833919,0.2942950431439755,0.4115303702024502,0.5259061161522183,0.8733349352624735,0.6947196000213012,0.046289451008367274,0.0,0.29111164508749116,True
528,6,0.4684543613942067,0.5484744439127943,0.04779928917964341,0.10867290245724144,0.12767195628571656,0.10609941576168162,0.1180154717569611,0.5601544810266701,0.6532594616870175,0.6782080295400357,0.4684543613942067,0.8113953809332367,0.6742686261396784,0.04624980313990087,0.0,0.27046512697774555,True
595,6,0.20140582388913864,0.5491373078332651,0.11801703348628223,0.19814914464077119,0.22775719160524033,0.20069455805969785,0.22109483928448273,0.4044030131937343,0.6894455652986182,0.31007509430566627,0.20140582388913864,0.960564703003976,0.8134971714983408,0.04624198583279627,0.0,0.32018823433465865,True
2094,2,0.04180957159376564,0.3109603303440205,0.02442762563713549,0.025493497861136177,0.029697105737092836,0.027116087262789985,0.030873726135507918,0.04180957159376564,0.2708368459744356,0.2161955383028471,0.31419240786052316,0.6408161651345177,0.4391813842591574,0.046224967994368094,0.010416666666666666,0.21360538837817256,True
198,6,0.2448148796759726,0.4785052500371842,0.20468614394000492,0.27104101819720733,0.2816774328742083,0.3027059531249521,0.32587463562593305,0.2448148796759726,0.3829617431439388,0.4381973767029218,0.5070068885939698,0.8658161411308191,0.65191911414081,0.046213638764508055,0.0,0.28860538037693967,True
384,3,0.09393368980706451,0.5269428338665608,0.21985182253468158,0.2426442966275469,0.2472241310992146,0.2358346137884466,0.22896793822990602,0.09393368980706451,0.12162069147640464,0.18358221616886128,0.11052512237803402,0.32317738227870746,0.19231858300744697,0.04619459226578343,0.03125,0.10772579409290249,True
498,0,0.052760869837185975,0.5896552487893553,0.12451971135239888,0.14934414380310498,0.15115016209440815,0.13149480206443823,0.12459208277746397,0.16622300559327308,0.14974517430432754,0.052760869837185975,0.19335471229324008,0.9635445897891288,0.6480353738215001,0.04619323689081066,0.010416666666666666,0.3211815299297096,True
234,6,0.3880146574345036,0.48011500918685834,0.06334850232660161,0.10351310386134267,0.11795498238309166,0.08921039104040418,0.1132781761219509,0.3880146574345036,0.43263535265384145,0.4784243184782666,0.5080508895138733,0.7215362027778642,0.5220468850173461,0.046190086412013935,0.0,0.24051206759262142,True
468,2,0.03448175253196728,0.36197027856463343,0.04399702115484263,0.05110490846921369,0.04759156127302694,0.05800740608335184,0.056634328049927886,0.13908423921066126,0.080976144048303,0.31140510994091686,0.03448175253196728,0.8555231583007327,0.6052843475821419,0.04618707559338428,0.020833333333333332,0.2851743861002442,True
1968,4,0.4208079372866723,0.3232761851507415,0.2084776848298907,0.3599456868473648,0.3650397627438375,0.33161067601103217,0.36733051610545037,0.4208079372866723,0.5872095440150268,0.7110018270892626,0.8369532700210673,0.2756713840723787,0.19255285547174594,0.046164588526300475,0.010416666666666666,0.09189046135745955,True
331,2,0.10091246495253015,0.3277077759560622,0.03851113544658972,0.06772307740985913,0.06457397121163018,0.06560264089155045,0.05823075798232228,0.43134398318137757,0.28790957268723005,0.26523490864255994,0.10091246495253015,0.8524718388864814,0.5938790648651207,0.04615690738229924,0.010416666666666666,0.28415727962882714,True
569,6,0.26266697940824535,0.5532900446861214,0.13302363845429963,0.180411882744028,0.20442066859998545,0.1846109716437855,0.20094059230965045,0.26266697940824535,0.584477384363927,0.4663489440791935,0.3567100696697887,0.9631368268398516,0.7409477430081779,0.046129360072615505,0.0,0.3210456089466172,True
386,2,0.04555997978040505,0.3421470111136078,0.06775919234278727,0.108916765043516,0.10470634020892922,0.10151171354494452,0.09185114719834069,0.3778809688690704,0.21711678391774114,0.1673278343201755,0.04555997978040505,0.8884806143915761,0.5860422977120976,0.046099760410434724,0.041666666666666664,0.296160204797192,True
162,3,0.1460588358773124,0.49996264272149415,0.2714432818076216,0.35179027136549895,0.3530603834991255,0.33098457177442636,0.32577128576793735,0.22839457511432815,0.1886261155045611,0.1460588358773124,0.1839938908922215,0.28767379128035425,0.15796010552181317,0.04606466004173375,0.052083333333333336,0.09589126376011808,True
204,6,0.41023841706374764,0.47874229662035117,0.10783751842279155,0.1828493437736309,0.1962858519926863,0.20576917474216758,0.22393180689836556,0.41023841706374764,0.5321022208207464,0.5953602816848307,0.6294389739591868,0.829589834026161,0.5233679899647257,0.04600415518480419,0.010416666666666666,0.276529944675387,True
2119,0,0.28364050110870775,0.5337277367878748,0.11215809976205547,0.1565667795787482,0.1710127905756914,0.12889559916940335,0.15240265108186749,0.28364050110870775,0.4158479126422432,0.31187463218891454,0.4272484279998482,0.8279354682403574,0.5619080470022482,0.04595710104416542,0.020833333333333332,0.27597848941345243,True
2040,4,0.5329313903636522,0.3211451341329046,0.09641690224323929,0.2064298483220869,0.2004436410810282,0.18730712424626125,0.23178131760436796,0.5329313903636522,0.7351117720815821,0.8127127847936156,0.8891650335996217,0.3390928908812407,0.23999210510503133,0.04591869361365326,0.0,0.11303096362708025,True
526,6,0.472182243888871,0.5474115505441758,0.04872949621737307,0.10578562065467072,0.12640256827692228,0.10270380523358842,0.11104256080627965,0.539356143908756,0.6498610999979229,0.6719740975982876,0.472182243888871,0.8110451736137598,0.6791767217706592,0.04591169842348547,0.0,0.2703483912045866,True
236,6,0.27968498642272666,0.48046529341313887,0.06025992349930864,0.08365773635626732,0.09299380128443051,0.07810338364544533,0.09895818795254574,0.27968498642272666,0.4151043888918067,0.4834191818889654,0.5166764863044864,0.6905125160266969,0.5025184232014226,0.04586260827669302,0.0,0.23017083867556565,True
2026,0,0.15952237428621174,0.4301442012287881,0.06965142724029803,0.0828712450032748,0.08694471078322556,0.07963389115250409,0.08603312382636226,0.15952237428621174,0.24878003930735682,0.3691504440584763,0.4400093668502221,0.6069751459930164,0.4293261861787414,0.04585789935171246,0.020833333333333332,0.20232504866433879,True
570,6,0.21752344430489057,0.5528790895449386,0.14587389017736493,0.18642589239977744,0.21252457996290583,0.1892763299309216,0.20715652306561214,0.21752344430489057,0.5524359665634808,0.4399185735685145,0.3554873530760756,0.9495056206497559,0.7380044737865887,0.045816370547914896,0.0,0.3165018735499186,True
1966,4,0.4215795175516841,0.32395528013927566,0.18923094803955662,0.32715118807443877,0.3299868385407381,0.31186866633655386,0.3440618963993129,0.4215795175516841,0.5698698729200662,0.7065691015947753,0.8285670730758801,0.27125906428419133,0.20150861567628908,0.04575956129043237,0.0,0.09041968809473044,True
385,6,0.36590454296316666,0.5022275958516442,0.1333073306566287,0.2102322752469825,0.23585430363138526,0.22029323533246417,0.23970835191441317,0.36590454296316666,0.5101748411943712,0.5486341396185271,0.6085666974546915,0.8440547866772062,0.6205954793411479,0.04574541662943045,0.0,0.28135159555906875,True
1936,4,0.5737262130698833,0.32324246307734006,0.12327380965345962,0.2891892803008999,0.3066712341435541,0.29985116941944395,0.3110884474646982,0.5737262130698833,0.620917445760641,0.7204985291905894,0.8069993858409202,0.27230795439005195,0.1767183798656191,0.04572121136350589,0.010416666666666666,0.09076931813001732,True
203,6,0.3314747608896047,0.47863341726804454,0.1335998575770013,0.19984265329276463,0.2129964424130932,0.22476627400157997,0.24549854624635437,0.3314747608896047,0.48750324204577544,0.5596500310153228,0.609303522833637,0.833695687397538,0.5551322520188222,0.045686595205271616,0.010416666666666666,0.277898562465846,True
589,6,0.21623154660507982,0.5525025255143015,0.11240457530549068,0.20236839401366577,0.22091720043740917,0.2142771692112246,0.24133367447916185,0.444554690205724,0.7015423498390396,0.3514582276180286,0.21623154660507982,0.9661437230397745,0.7452285166244224,0.045681400329214444,0.0,0.3220479076799248,True
1880,4,0.16293191025534526,0.26876919438586,0.18627950696220763,0.22253805782876238,0.23548634223183,0.23993300729839132,0.27119599924629995,0.16293191025534526,0.36106283114142934,0.46939860407074574,0.6723678294403725,0.32363662613415095,0.23473455519159359,0.04566967830710005,0.010416666666666666,0.10787887537805031,True
1890,0,0.28078051443075336,0.37904327985374087,0.08958940661779309,0.12456476557623437,0.12088108755918137,0.11374238096609113,0.12237490208193423,0.28078051443075336,0.3398880740233846,0.32818171296068543,0.4691421912147996,0.6541256502864427,0.4469028325891031,0.04566641126028918,0.03125,0.21804188342881423,True
527,6,0.47269682419249537,0.547899289867464,0.04786284911583719,0.10692222866591572,0.12703566844663297,0.10335833900155016,0.11345518470162223,0.5523582915074914,0.6523941721328044,0.6740674757854741,0.47269682419249537,0.8086875372856746,0.653846308134348,0.045665466126890854,0.0,0.26956251242855817,True
230,6,0.5233488815907373,0.4778567899342027,0.040144810652803585,0.09972655153728771,0.11355076613048519,0.08417978053091586,0.10737806556958791,0.5974511297746673,0.5233488815907373,0.5724415011325853,0.58804667875019,0.7130424615056683,0.5124278323742146,0.045651568879092774,0.0,0.23768082050188943,True
515,6,0.5512339218055002,0.5518652199515028,0.040793380177516436,0.11233468640602899,0.1159413251065254,0.12668694573819064,0.13790359650147802,0.6368585564918882,0.7687120829188921,0.8066687115819677,0.5512339218055002,0.8864918737529995,0.6431794171231786,0.04564814316041935,0.0,0.2954972912509998,True
1945,1,0.01738492234404232,0.2720465035480657,2.080518605679559,2.117328191872107,2.14576314770905,2.244234924180208,2.257658402287551,0.01738492234404232,0.050127205527878305,0.103388005041669,0.19933492699288824,0.4522077190999596,0.2592158428076772,0.04564615695587008,0.041666666666666664,0.1507359063666532,True
2085,0,0.004788282320614234,0.5044424418756062,0.07707942356253765,0.07745027735632963,0.08140664321091022,0.09023053925900974,0.10007363995178138,0.004788282320614234,0.29289680691884334,0.36808800775267525,0.47360977611416044,0.7513760700713057,0.5619885438326833,0.04563090472665962,0.0,0.2504586900237686,True
1700,1,0.013111510290551576,1.0813305040417427,0.35735401763422064,0.3731694807676962,0.3603732359676117,0.43215883913072367,0.39133122228204725,0.042381448506827124,0.013111510290551576,0.05174337396027229,0.1330025738707038,0.38216550685093553,0.2741728454839816,0.04562080865776391,0.0,0.12738850228364518,True
530,6,0.4641558823130857,0.5499144429804025,0.059708559041338205,0.11142897172984367,0.12724619350411095,0.10780831653304739,0.12401776995424023,0.4641558823130857,0.61181088569674,0.656295590298821,0.46773875812425747,0.7928489007576071,0.61595875140614,0.04560773615423423,0.0,0.26428296691920233,True
451,6,0.12307803233143899,0.5312599853192033,0.20384113525530936,0.23245071143245963,0.26172982635665704,0.24520834760527274,0.2711263558175104,0.12307803233143899,0.47180437722118407,0.546077755851861,0.599900459174781,0.9457897288720195,0.7177190480095703,0.045571874170439175,0.0,0.3152632429573398,True
1917,4,0.45937910830323236,0.31571060336176626,0.12808397329971422,0.23692013251229674,0.24729261226092203,0.2491141989428494,0.264437709862623,0.45937910830323236,0.5366438654406742,0.6735189414793952,0.8007043878264029,0.27953919767425595,0.19808260517024223,0.04555652476261164,0.0,0.09317973255808532,True
2026,4,0.5410151304694204,0.32183563904586354,0.08149732459314585,0.1775599371641512,0.17893826119513076,0.15496021027221132,0.18439112562595042,0.5410151304694204,0.7362776896358142,0.8180099282894738,0.8887403572081675,0.2994775437779218,0.2168848606483209,0.045512597082374685,0.0,0.09982584792597393,True
458,6,0.10871621831942313,0.5360568879457063,0.20772390040376676,0.2330614610894064,0.24747777049390382,0.24382782413562498,0.27545405910602333,0.10871621831942313,0.4189423524228464,0.5471739976844663,0.5999190008678135,0.9300258249128971,0.7387074058845542,0.04549601751269902,0.0,0.31000860830429905,True
457,6,0.1496002151907183,0.5351546994974361,0.19752131614941068,0.23226877484888897,0.2494681678345931,0.24185317439468954,0.27228975013062323,0.1496002151907183,0.4542486043292774,0.5647921513529164,0.608379981510151,0.929050935314276,0.7522133001577913,0.045479552492426835,0.0,0.30968364510475865,True
1961,4,0.48563130408035504,0.32482273190152366,0.20362076951090488,0.39586539990900743,0.40909931455369747,0.35689586650974164,0.3931318707901957,0.48563130408035504,0.6071787879900098,0.7036035291792965,0.8215399306097176,0.29144859813835594,0.21221029960379667,0.04544914079022952,0.0,0.09714953271278531,True
2046,0,0.18104163463355072,0.4255197682938382,0.09136439852274723,0.11156171349671179,0.11704764313093423,0.10464379026897762,0.12809741200080396,0.18104163463355072,0.2885448071437574,0.3855925026447202,0.4799404567908363,0.6644670926244268,0.5054621747824513,0.04542512677304542,0.010416666666666666,0.22148903087480895,True
568,6,0.3292791920720779,0.5536996146848825,0.12144437772107874,0.18106546909773158,0.2027737973363167,0.18607055656569207,0.20242573937506692,0.3292791920720779,0.6139561883950765,0.49596589803744595,0.3520175860685265,0.9440321828449049,0.7001131192916432,0.04541819868050282,0.0,0.31467739428163494,True
1950,0,0.3034725584151673,0.3879969563484812,0.08185378700529114,0.11751695930177053,0.1302394165777991,0.11383656956969417,0.11314221113581831,0.3034725584151673,0.4820998084621412,0.45965745549014236,0.5200633121211544,0.7436564950706437,0.5042341699436861,0.04540923307029759,0.0,0.24788549835688123,True
233,6,0.4453772127782657,0.47974588086822073,0.0559351528830098,0.10085260499880493,0.11484644081198885,0.08670810293985691,0.11062132864902936,0.4453772127782657,0.4587278349541659,0.49616986119397644,0.5200147692923542,0.706968771563196,0.5003126112299583,0.045395550920778585,0.0,0.235656257187732,True
1498,1,0.019419778622487782,1.109637247359597,0.1877979671548429,0.22601682889891747,0.22407517118545464,0.30393198975687313,0.2766755854016275,0.16909741602103168,0.019419778622487782,0.06492992066718084,0.09589789180478481,0.4700437731107253,0.32788173127962494,0.045363989917954,0.0,0.1566812577035751,True
474,6,0.27106954505318615,0.5393223041851292,0.12132502956772118,0.16644253062052897,0.1938006730769878,0.16967441753690946,0.19275704382243117,0.27106954505318615,0.5689187626103955,0.630702673679308,0.6184555603234796,0.8978274522268362,0.7173277054098435,0.04532784806477962,0.0,0.29927581740894543,True
531,6,0.46347590228165236,0.5507672066408273,0.05942123217869829,0.11075221491708638,0.12478785348254835,0.10624544057075964,0.12337864412808959,0.46347590228165236,0.6221611940338212,0.6623536844840772,0.4649445823937992,0.7872887328934356,0.614369213400721,0.04532612649080584,0.0,0.2624295776311452,True
459,6,0.09617739286630955,0.5368493939943324,0.21141015819635012,0.23390669422045007,0.24609299534335616,0.2458854787013088,0.2792052007274614,0.09617739286630955,0.4117843808273457,0.5487140325714654,0.6029854263703522,0.9341438340149301,0.7574017400243065,0.04531401695516316,0.0,0.31138127800497667,True
1974,0,0.496168104539204,0.3830731626011509,0.07712358841003926,0.1530740493106403,0.16397610471835752,0.1356027016238231,0.1443234887942034,0.496168104539204,0.5888210728048474,0.5028738022554785,0.5624879143576049,0.7271733498996594,0.48095236906368655,0.045298674198998294,0.020833333333333332,0.2423911166332198,True
1871,4,0.16842080951528837,0.25316595796618296,0.31363712962147944,0.37715846333127495,0.40748840065198055,0.41472710345823743,0.45948452617377383,0.16842080951528837,0.3424747440979564,0.4263592417824775,0.6505263706433151,0.3620473600965468,0.26958069200475165,0.0452686626779369,0.0,0.1206824533655156,True
324,2,0.20280247306014587,0.32703562607122355,0.029810773539598722,0.04219366118073675,0.03729917728735033,0.045637807853512714,0.04161110901814382,0.2934774393740299,0.30693625769916066,0.2962351889719935,0.20280247306014587,0.7533540646479027,0.4792433127456803,0.04525736211605325,0.020833333333333332,0.2511180215493009,True
333,6,0.36270906636803446,0.5060649542823666,0.17629048357931917,0.2766248102332594,0.3182930049110235,0.26203612179251673,0.271697145780005,0.36270906636803446,0.4521108200760313,0.4878193090369225,0.5761643910531358,0.934606668854217,0.7444363370081248,0.045249543690286484,0.0,0.311535556284739,True
235,6,0.334471152054701,0.4803517783799815,0.06363866230932702,0.0956211928390482,0.10790118668786104,0.08484177736964083,0.1074347348064224,0.334471152054701,0.4207319977366637,0.4775299290772186,0.5122245787837976,0.6948868564016635,0.5182456657645957,0.045248108481138125,0.0,0.23162895213388782,True
1923,4,0.48699690092576164,0.3187343688877729,0.13014085807035222,0.25368435065051936,0.263678111738662,0.2699972267747313,0.2880403423810572,0.48699690092576164,0.5720573916682257,0.7129303705204711,0.8176882117043327,0.2930816642988458,0.18513223013222557,0.04524349105081006,0.0,0.09769388809961527,True
867,0,0.14963362277911074,0.6009841097080185,0.20253148163400195,0.24095730323004708,0.24550394220011063,0.29013682309583694,0.2881512797198496,0.1594714959079666,0.14963362277911074,0.28046930292431826,0.30365348593716013,0.9448795541836047,0.541169048743523,0.04521379697569755,0.041666666666666664,0.3149598513945349,True
375,3,0.05486533055706211,0.5275178621311005,0.17598727953940294,0.23969431808178357,0.2536953181876512,0.21802772904832032,0.22758688326876286,0.26578451693061755,0.16441034755929573,0.2206332174973551,0.05486533055706211,0.2968780186624999,0.1436111356304579,0.04520755288318472,0.08333333333333333,0.09895933955416664,True
1962,4,0.47520553376795804,0.3249643071033323,0.2064059428413689,0.3933081541871764,0.40540430149156775,0.35994951863556723,0.39384129235575455,0.47520553376795804,0.6085753658627728,0.7059778895522313,0.8225745129273747,0.29263684425290776,0.20958055645678542,0.0451587751242726,0.0,0.09754561475096925,True
1184,0,0.04102796958746635,0.5806547037126493,0.07335923469526218,0.09699232642164927,0.0966481134274579,0.10032058808905124,0.10551946293434673,0.2436593965552315,0.11754608903992536,0.04102796958746635,0.04261830642525921,0.700708675604656,0.4449274683962017,0.045144752926048685,0.0,0.23356955853488534,True
1813,4,0.16813698716109804,0.3380797725852308,1.6050657866087932,1.9294832945284817,2.0224420457887002,2.048145143479966,2.1304983479464124,0.16813698716109804,0.3061652381562715,0.3591037328293337,0.5222798584021942,0.5066921277100973,0.3818148494287943,0.04513156929574701,0.0,0.16889737590336576,True
181,6,0.2745386352105792,0.4765384486126903,0.25988436737616544,0.3582332292107684,0.3827049325008521,0.39552497911179735,0.41390916483888446,0.2745386352105792,0.43556537612997315,0.5183303939404709,0.5706634917494737,0.9209552978174381,0.6361768531364476,0.04507050684575035,0.020833333333333332,0.30698509927247936,True
145,3,0.24183848246681516,0.5084578361250671,0.29636979349793074,0.40949641714940227,0.41466067093693226,0.3726247629778747,0.37173803437600733,0.27625790828396424,0.24183848246681516,0.2829686197046096,0.2932479371838219,0.2811422636826904,0.16348789947765718,0.04501877888238138,0.03125,0.09371408789423014,True
1972,4,0.49012857742070115,0.3221583268537988,0.19670491249652858,0.38579317017112413,0.3907940489785264,0.35128554454238103,0.39059640066633133,0.49012857742070115,0.6558980594237921,0.765115915974816,0.8631250700136082,0.2811953678519016,0.19348245646533258,0.044986820560471485,0.0,0.09373178928396719,True
1933,4,0.5253666837759314,0.3217840312492321,0.1302385716240687,0.27439829268661087,0.288089471149952,0.28746823056531795,0.2974277411154404,0.5253666837759314,0.6014613511764164,0.7137796317386753,0.8152456092516747,0.2981139658933681,0.19995543097795831,0.04498344518048706,0.0,0.09937132196445603,True
1472,1,0.1462301854243102,1.0851349606121365,0.7399508718050876,1.124366450408516,1.1951756563020741,0.9715895128266271,0.9611391181007543,0.3418952766366862,0.37928325408168506,0.15713878667451264,0.1462301854243102,0.7459424584721217,0.3280448906277087,0.04497422247939998,0.041666666666666664,0.2486474861573739,True
1183,0,0.0648916140719571,0.5804886051673228,0.07755483047032932,0.08542034593798227,0.0868334087431261,0.08751176101052287,0.09168058487476087,0.09208011722831877,0.10272158603835257,0.0648916140719571,0.07532459166916916,0.7375123886209707,0.5001180883007805,0.04496874744148199,0.0,0.2458374628736569,True
1980,4,0.4589857449553961,0.32378195704347723,0.16770759270495617,0.30998738229389083,0.30694408522216665,0.30484061851394245,0.3348043368868847,0.4589857449553961,0.6413257618203301,0.7660674060190449,0.8568912449460395,0.32110732408541826,0.2126548372608994,0.04495412570609835,0.010416666666666666,0.10703577469513942,True
47,3,0.06044854218547002,0.514202762781942,0.15904031688080195,0.16927259870443087,0.16850214162963217,0.1913115441327279,0.1954553819561452,0.06044854218547002,0.09082801349615433,0.2607230305836644,0.28080162976489575,0.25144592088425444,0.15369112531559193,0.04487700938414085,0.020833333333333332,0.08381530696141815,True
2029,4,0.4964379104814297,0.32285837853205895,0.0793346857955816,0.15754697870808623,0.1613912570127094,0.14782762266492724,0.17599982866763395,0.4964379104814297,0.7626997689180189,0.839454899173389,0.8963593209034408,0.29244939281513876,0.20437902326740698,0.04484001819497779,0.0,0.09748313093837958,True
197,6,0.2917469042132377,0.4784638404578251,0.20444515465134538,0.2886611521609202,0.2989043067059099,0.31884113535358616,0.3423136408143194,0.2917469042132377,0.4047299570027222,0.43916088403917664,0.5033674277862406,0.8429639105491796,0.6716548994954508,0.044822810732127044,0.0,0.2809879701830599,True
1911,0,0.1253347093805005,0.39037656964851375,0.08442903953223142,0.09652725498279786,0.09677625761172641,0.10260134675996475,0.10150051833332595,0.1253347093805005,0.3601526500690263,0.45285333767194935,0.5163768215878963,0.6870177674831363,0.46174173041541167,0.04481816969201335,0.010416666666666666,0.22900592249437876,True
864,0,0.028259478361306378,0.6011736765428332,0.2561954902625511,0.26364598836582026,0.26462956499575635,0.314915832894155,0.32080070366167474,0.028259478361306378,0.11761770549434736,0.28764809837032035,0.31926490046377864,0.947726358257983,0.5876238260288176,0.044782943381985255,0.020833333333333332,0.3159087860859943,True
2024,0,0.23759383442433146,0.43013904686731985,0.06951066066095525,0.09117274203635273,0.09535284277812056,0.08480724828985757,0.08981954322328915,0.23759383442433146,0.3576055690607015,0.3883961321556032,0.42034497434930096,0.5926220090406662,0.37293994700740996,0.04477349793249883,0.010416666666666666,0.19754066968022208,True
596,6,0.20765147658513994,0.5488313026513146,0.11947084967551636,0.20488199846817132,0.23502095862761677,0.2033381709455934,0.22508888396906235,0.4168797133532631,0.6940233559226123,0.31772135772891164,0.20765147658513994,0.9248161017286236,0.7404996065331488,0.04472641064657728,0.0,0.3082720339095412,True
147,3,0.18336642629253097,0.5090209896678499,0.29753581853106187,0.3798459745516469,0.3821587693859036,0.35165415616043755,0.35207575540068103,0.21669350614480054,0.18336642629253097,0.25307121784325715,0.2924306817453902,0.2792887257169932,0.1566023173056803,0.04472197535403674,0.020833333333333332,0.0930962419056644,True
1981,4,0.48703989393662706,0.3237816200419889,0.1495186393009598,0.2914820032466379,0.28699017227371043,0.28864741060077986,0.3119706887811096,0.48703989393662706,0.6632799137934442,0.7795995759825,0.8651881813186217,0.3189649610159477,0.20771430051176765,0.04465420087876098,0.010416666666666666,0.10632165367198256,True
1968,0,0.23689640436203507,0.38316846558817474,0.11697472510226198,0.153288132529987,0.15731602330713904,0.13550241078192435,0.1470625651385811,0.23689640436203507,0.33302381749728494,0.3340120255960827,0.47229356429954283,0.7028283638415834,0.43434427606713655,0.04461831494319869,0.0,0.2342761212805278,True
2023,4,0.544744958104367,0.3221153615300115,0.07323242804197945,0.16086022405605327,0.1586404365075477,0.13949828177067772,0.16659222823367395,0.544744958104367,0.7550903919471719,0.8278088819984719,0.8915844197278996,0.29734350253453573,0.19884166635947054,0.04461747580284415,0.0,0.09911450084484524,True
364,6,0.20536982988081043,0.5023829238304346,0.32642104183382364,0.4107835998535803,0.4245775228166875,0.43763333918998715,0.4701055848702138,0.20536982988081043,0.30613150106544496,0.41533850509983883,0.5259018532836781,0.8537380668924642,0.6919833090869076,0.04458107687632096,0.0,0.28457935563082143,True
2011,4,0.47015573568859037,0.32315545671106716,0.1014655568675266,0.19150071766727939,0.19594295897961875,0.1872538412999889,0.20075725935245314,0.47015573568859037,0.7360594871989079,0.8222229869010909,0.8849722085431958,0.29285949056041244,0.18051022798928784,0.044492786099300276,0.0,0.09761983018680415,True
532,6,0.44112334950078735,0.5516191768835628,0.0639185658675645,0.11436971970553733,0.12659740093511215,0.10972098472686109,0.12832435664690667,0.44112334950078735,0.6161029730834129,0.6622728873604738,0.4687666017676151,0.7715856651295141,0.5821486151479576,0.04445905662368963,0.0,0.25719522170983805,True
363,6,0.22522988307487535,0.5024688142870023,0.316582215084066,0.40861438531019273,0.4225549085560127,0.43423319102104535,0.465927566592677,0.22522988307487535,0.31213296247673206,0.4130163087738724,0.5201094290549704,0.8639215698097017,0.7104233654810059,0.04445361476702662,0.0,0.2879738566032339,True
834,0,0.12699610856677856,0.6010607699142752,0.3160482660925818,0.36327094449984737,0.3721713246408211,0.4090381274022115,0.4249543827295829,0.1299929959228694,0.12699610856677856,0.1744831222709392,0.20696704034347402,0.980051771937778,0.6944909490686051,0.04445224380928614,0.020833333333333332,0.3266839239792593,True
1932,0,0.17701655893324486,0.38872469324875447,0.09292696659421636,0.11291474646654369,0.1178742830479893,0.11895433323866811,0.1216407037826963,0.17701655893324486,0.3028749452757443,0.45719775186370126,0.5185195814460838,0.6810903319930924,0.4199448021860803,0.044431488557689164,0.0,0.22703011066436415,True
405,2,0.02430626272198133,0.34290369810751703,0.05871104688429408,0.10013303129115562,0.09656744968316035,0.09092335560417826,0.08242386062406111,0.4136695341462233,0.3070449501014838,0.16653305896047177,0.02430626272198133,0.8189718914808757,0.5777770348761848,0.04442639305272672,0.0,0.2729906304936252,True
456,6,0.23351440289908343,0.5341895014206829,0.18105370554535163,0.23621279542649234,0.25718985927601684,0.24374181252859536,0.2727945652826867,0.23351440289908343,0.5114927657934689,0.5958428847685626,0.6257605844616609,0.9059281318344373,0.7542996551027841,0.044339150374265744,0.0,0.3019760439448124,True
606,6,0.17055929155186111,0.5594736025942229,0.15859407299698924,0.2489573798580479,0.26095199883568554,0.24353719730441512,0.2845477900528915,0.3629669741567114,0.6059041969127029,0.24901397393176083,0.17055929155186111,0.9006788701582013,0.6587571657775015,0.04433832434362006,0.0,0.30022629005273377,True
1979,0,0.38754005881651465,0.4107720350144971,0.10483429536837974,0.17116922808992774,0.17825733740781105,0.1529750495011395,0.15876487720263588,0.38754005881651465,0.43278326755005514,0.40920387208099585,0.46787471007961823,0.6951658512197335,0.4373786718198289,0.04431146791816321,0.020833333333333332,0.23172195040657784,True
177,6,0.045126939147839606,0.4732500683534035,0.4113877686125506,0.4308297987225805,0.45157455784651007,0.4781798028831943,0.49741421270488,0.045126939147839606,0.2206778892662976,0.3803578180421505,0.4689286095392088,0.9207824688617352,0.6518959822888633,0.04429481801274324,0.0,0.3069274896205784,True
386,6,0.3311045687963994,0.5022718197094183,0.14387844526472152,0.21509856182726314,0.23998086233418503,0.22410450323822131,0.24452865128856335,0.3311045687963994,0.4870533331865906,0.5368012007382293,0.6027609357714401,0.8160980878725693,0.6334200197365192,0.04427120030463339,0.0,0.2720326959575231,True
213,3,0.3006498849705791,0.4884364090660561,0.12745881796686706,0.21404708795189462,0.20971159805745523,0.2263942556691314,0.21944066431407414,0.40452907261456217,0.33311114116439544,0.3188493473496763,0.3006498849705791,0.24201586161400832,0.13981896799501747,0.04426040483382603,0.052083333333333336,0.0806719538713361,True
1965,4,0.4421787137099422,0.32425138835469625,0.18610782638600984,0.33363342518492,0.33859572432468427,0.31725418116477316,0.34922739539948666,0.4421787137099422,0.5997575171190733,0.7161144259593984,0.8254387749417337,0.260512094408365,0.1760302731935326,0.044245699424286196,0.0,0.08683736480278832,True
1999,0,0.058323764620281215,0.43199658991761714,0.0718629880539756,0.07631390211838338,0.07538437557060619,0.0809390554994182,0.0790578059571683,0.058323764620281215,0.35122820694618084,0.478563485231976,0.48547084438298604,0.6261975302498908,0.3840748228847133,0.044232354882747654,0.03125,0.20873251008329693,True
460,6,0.11475219731642305,0.5376058877563427,0.20727973641878858,0.23414882905151777,0.24596285897583062,0.24527759996076468,0.2805242713808959,0.11475219731642305,0.4321791041590296,0.5629611581081523,0.6131702668186123,0.9076333434850703,0.7466789182666389,0.04422331682964954,0.0,0.30254444782835677,True
1949,0,0.23182295177555157,0.38801291563243095,0.08882195863556824,0.11562693631744118,0.1255446087820312,0.11372641067586979,0.11548327674067915,0.23182295177555157,0.4616298929987531,0.5055858238674583,0.5809529341668991,0.6758136473344235,0.4326718648874248,0.04420535241753054,0.010416666666666666,0.22527121577814116,True
1910,4,0.5653870212024577,0.312221287778389,0.09548822637667538,0.21970863972094368,0.23032934758411547,0.23111762235398778,0.24834410285293476,0.5653870212024577,0.5943640253071644,0.7009425162529036,0.8083041850471966,0.29641714901255484,0.18819046664006578,0.044199355526007164,0.0,0.09880571633751828,True
1869,0,0.35573003171338446,0.3774243049618519,0.07469648591940332,0.11593972961063614,0.12369804948661113,0.12842275340943007,0.14021881642252235,0.35573003171338446,0.4631040581017136,0.4813954614073358,0.55353356228105,0.6165720607681671,0.4466066914450266,0.044192999800975456,0.020833333333333332,0.20552402025605568,True
362,6,0.2008018287818144,0.5025527941452551,0.32519713971395464,0.40690425907540523,0.42103960052730693,0.43287177775866725,0.4621898756971731,0.2008018287818144,0.2925746424886694,0.3934353202640819,0.5015496447964978,0.8689730635023546,0.729793184222757,0.04416298610716805,0.0,0.2896576878341182,True
1939,1,0.02381364618974946,0.28004945881819376,2.5480432311750456,2.610201649745997,2.6252600544686113,2.774051331372069,2.7847146678091157,0.02381364618974946,0.039486396273456514,0.10365529775387616,0.17994896613017686,0.4689668667307255,0.24376919120384954,0.044133737689508984,0.03125,0.15632228891024183,True
1963,4,0.45927406020889083,0.32462555175672797,0.20266919098344946,0.37480944794648413,0.3832679084520129,0.3459630303046082,0.37906820757066734,0.45927406020889083,0.5907332034501851,0.6937953795947481,0.8197832945010783,0.27458365109407357,0.1959755464682189,0.044127085713449955,0.0,0.09152788369802452,True
1941,0,0.07048681259596334,0.3876714391602686,0.0934870858292099,0.10057639536056777,0.10598824513997289,0.09776931788354826,0.1032584079350104,0.07048681259596334,0.26649951581217435,0.43604534036828424,0.5792731826555189,0.6667832724696723,0.4371089996528781,0.04409825051137602,0.010416666666666666,0.2222610908232241,True
1892,4,0.32876578491940933,0.2899254368317169,0.2161902709522774,0.3220787410640575,0.3390771963227897,0.2895958235336757,0.3220364149287423,0.32876578491940933,0.337921399040764,0.42743430862791765,0.6286088695404628,0.31404911888230913,0.2202437893983955,0.04409516976534519,0.010416666666666666,0.10468303962743637,True
346,6,0.2035634742405178,0.5039956128166619,0.3653243170295665,0.4586985970805308,0.4781898926061962,0.4069946502626758,0.43875629439278124,0.2035634742405178,0.29478798645528625,0.3716849154510059,0.49864541364982706,0.8841879671929623,0.6591663751434709,0.04406854161554583,0.020833333333333332,0.2947293223976541,True
492,6,0.5283142661853879,0.5480068484342031,0.06606156427861265,0.14005419189671106,0.1521800970512153,0.15305159168173166,0.17620798908607102,0.5283142661853879,0.7190264808229951,0.783790939176624,0.6245064573665183,0.8781566317001754,0.6277263042681511,0.04406237765393517,0.0,0.2927188772333918,True
1964,4,0.47545579625696976,0.3243230559937695,0.17626377958928832,0.3360322701719119,0.3414602291384719,0.31522497717604353,0.3456719837510039,0.47545579625696976,0.6292880390337261,0.7422075886576811,0.8428610818894313,0.2590246890195417,0.16785999194190993,0.04406181540065878,0.0,0.0863415630065139,True
2005,4,0.5793663370945328,0.32277728639712355,0.08411369378177665,0.19996900200705112,0.2079750300877817,0.19197680596226677,0.20945503404636265,0.5793663370945328,0.7664293344170137,0.8303470961373184,0.8865406957450743,0.2863083923120513,0.18125628776601843,0.04404027577741324,0.010416666666666666,0.09543613077068376,True
588,6,0.2362387165515818,0.5526988251905834,0.12225505755647663,0.21482203543582942,0.23210545809159908,0.2249149126653901,0.25464021389704544,0.43090075788339666,0.6805102823825235,0.3618698842015038,0.2362387165515818,0.9352892634797385,0.7304298280285764,0.044006347144645054,0.0,0.3117630878265795,True
1901,4,0.5671727842922795,0.2969575080300929,0.08731182847497117,0.2311584896222265,0.23918259671007827,0.23671963847081576,0.2634924225604237,0.6222858670790696,0.5671727842922795,0.6372854638560077,0.77671979528614,0.2853263073363651,0.19745355810599108,0.043982260569933,0.010416666666666666,0.0951087691121217,True
334,6,0.3521857291098732,0.5066583828283652,0.18798830390445861,0.2901885808198606,0.33151382832540716,0.2742916136800055,0.2861221479944461,0.3521857291098732,0.43559617045610977,0.47910100748599593,0.5710484126142219,0.9083892932698205,0.714320909908281,0.0439802136913842,0.0,0.3027964310899402,True
136,6,0.1289672043329384,0.5340605936949601,0.31367143245148077,0.36011437687746567,0.3970053965837767,0.3307585345574425,0.3558979626368098,0.1289672043329384,0.3441965463291853,0.3820857685217137,0.46878836202146346,1.0293308815041766,0.7125833453129786,0.04393266963704688,0.020833333333333332,0.3431102938347255,True
452,6,0.14715759636041637,0.5315380462515836,0.20071676724469736,0.23535036061541972,0.26487483509112136,0.24413610272510408,0.270319010438328,0.14715759636041637,0.4939509643501302,0.5635107371843886,0.6111787107236382,0.9181423250815506,0.7333504832755011,0.04389869878703365,0.0,0.3060474416938502,True
1185,0,0.027419615807387943,0.580868669208004,0.07171990298366956,0.08663059181986366,0.08550822277515802,0.0875033733145427,0.09147123331684352,0.1721180534839103,0.061729176792091334,0.029311166094305396,0.027419615807387943,0.6858799047570958,0.39683668450598475,0.04389000293769633,0.010416666666666666,0.22862663491903193,True
461,6,0.08847209115297838,0.5383333027071667,0.21268222916601157,0.23332497787701337,0.24419383179019802,0.2433773438294018,0.2802109692592548,0.08847209115297838,0.42483337371627783,0.5607593750775178,0.6129379031297512,0.8939363956510711,0.7149906978601734,0.04386879430431165,0.0,0.297978798550357,True
245,2,0.054228695223816015,0.3187206057059215,0.04093591776039802,0.0675482811013207,0.06838993718980375,0.05989746568023077,0.061147884830582554,0.3939754336754301,0.2699328658078035,0.17550563993525115,0.054228695223816015,0.6650898010682496,0.3978842728485432,0.04383665593665819,0.020833333333333332,0.22169660035608318,True
1924,4,0.4660999471491538,0.31898671470513223,0.1373316280307425,0.25722347712355137,0.2678489680931575,0.27404112218793025,0.29197954338429466,0.4660999471491538,0.5441303746241438,0.6848991169789771,0.8036049147460661,0.2885271213908336,0.19734671139158166,0.04382543174443694,0.0,0.09617570713027786,True
597,6,0.19952941514915568,0.5488956011753372,0.11754400338252309,0.21608459134118427,0.24682682634403516,0.21246320684649023,0.23612394428428327,0.45602783311407735,0.7059838892312414,0.32262911091954605,0.19952941514915568,0.9019870785227013,0.7079769131989906,0.043800577579689186,0.0,0.3006623595075671,True
417,2,0.03561884851938413,0.344307924505268,0.07775817358769256,0.09450484625500648,0.08736665474812566,0.08423068136466194,0.07804249597190491,0.17720437978519799,0.07808062121581905,0.10696205667611691,0.03561884851938413,0.7492283917840079,0.6002563215871959,0.04377570663904423,0.0,0.24974279726133597,True
462,6,0.09735106913050662,0.5390440234560463,0.2098789708923965,0.23251450670885598,0.24355607020860529,0.2419256543482076,0.2800266866426794,0.09735106913050662,0.43237325439307506,0.5664890538557927,0.618255935997335,0.886954827272497,0.6983386990964107,0.04374916916941873,0.0,0.2956516090908323,True
605,6,0.18539286771021057,0.5576612930944157,0.15501557865782076,0.2500338579514654,0.2638031543976664,0.24356244124305784,0.2835871195745627,0.38002165015623135,0.6116565968243427,0.2645290977848731,0.18539286771021057,0.8927158092456556,0.6696457082655343,0.04370969409928635,0.0,0.29757193641521856,True
1980,0,0.18908857157954484,0.41460296940620966,0.1602293144670635,0.1975916343652578,0.20450066222214458,0.17694860417553596,0.18510458456807247,0.18908857157954484,0.2615886886070332,0.29350936728476185,0.3626327106131674,0.7117043087679171,0.44565552096702277,0.04368236128690126,0.010416666666666666,0.2372347695893057,True
2077,0,0.08140581649220824,0.4915000412298156,0.08319025163682357,0.0905625717323279,0.09821848206016248,0.10476584818886497,0.1160405265128996,0.08140581649220824,0.3374664113502279,0.34504364924359265,0.4138306698433931,0.7508776488520384,0.5718239486329821,0.043678431151042335,0.0,0.25029254961734615,True
1934,4,0.5839860259151106,0.32241163513770127,0.12283273902468354,0.29526108899317643,0.30962733135167,0.30676241305306107,0.31653793787863527,0.5839860259151106,0.6418916375107713,0.7344670625539227,0.8107551596890749,0.2679106012101343,0.1830455034263423,0.04367451664270605,0.010416666666666666,0.08930353373671145,True
2022,4,0.5627820784724985,0.32222455220680163,0.07729924185330643,0.17679797201186828,0.17498975104779926,0.15510115929170887,0.1832259046702107,0.5627820784724985,0.7503788180766843,0.8247919576237303,0.8897271599982302,0.3091317870034886,0.18569765326297727,0.04367159415435512,0.0,0.10304392900116287,True
185,6,0.3480886312136475,0.47869405204433374,0.21817342523393415,0.33466731166247693,0.35580646632003016,0.366200742555489,0.37484328224961977,0.3480886312136475,0.4802063904283538,0.5169337342361372,0.5487961287587195,0.8582854214361895,0.5397389539899109,0.043597769190863285,0.010416666666666666,0.2860951404787298,True
1812,4,0.14975723439659505,0.3397054400347959,1.6248199023994683,1.9110070301466866,2.0078287672681068,2.0126716751865517,2.1116621161855975,0.14975723439659505,0.30709702936768746,0.3502044372377766,0.5174487335017997,0.49126407303134817,0.37266674784920184,0.04358228381329745,0.0,0.1637546910104494,True
1909,4,0.5549889982361524,0.3092162156168352,0.10076841043843732,0.2264402678563703,0.23731745088845932,0.23723945067930638,0.2546478336167284,0.5549889982361524,0.5813772918127884,0.6854068344097204,0.7979119117381496,0.30435924855919766,0.18704288451779405,0.04358057482688744,0.0,0.10145308285306588,True
1821,4,0.08519053935242094,0.3132027634199232,1.8592185320318053,2.032356039164368,2.0835011181696887,2.142736894760333,2.22422263406772,0.08519053935242094,0.2182942563030058,0.27387676634847113,0.45782624235066116,0.489225604200161,0.3468670007675989,0.043575808759843224,0.0,0.16307520140005366,True
571,6,0.20791878278354148,0.5525355037082316,0.15571146390838686,0.19658522449956584,0.22482189603072245,0.1968071356865436,0.2161661284263318,0.20791878278354148,0.543181599258193,0.43061623752107847,0.36017600232144165,0.8978973512744789,0.7271654748919048,0.043559357272448584,0.0,0.299299117091493,True
2009,4,0.640540544462088,0.32298373807374287,0.0767678414872132,0.2135646741364313,0.22145684313291567,0.20276679139583198,0.21905468753481663,0.640540544462088,0.7945712963694245,0.8400293338176066,0.8910197527407893,0.277014664539017,0.1990579877333687,0.043556049145416435,0.0,0.09233822151300568,True
466,6,0.18018694444740346,0.5415223476285598,0.18643845909791182,0.22741582100353674,0.2433087864748074,0.24093143050941798,0.28099281110306307,0.18018694444740346,0.5054462422397643,0.5965817897139979,0.6329557399174912,0.8946790460594999,0.6763829464579203,0.04354539116387974,0.0,0.29822634868649994,True
184,6,0.36619099725718407,0.47795900197481994,0.21735179926178802,0.3429294918835099,0.36600578858618843,0.3757118820695973,0.38585093054982905,0.36619099725718407,0.4955975237201883,0.5315184324622371,0.5634899706193002,0.8674760277301328,0.5511310458221885,0.04352002259096258,0.020833333333333332,0.28915867591004424,True
2091,2,0.05898821291576262,0.30493519739401154,0.02266175713766085,0.02408233079404798,0.027807871805757927,0.02413524000554526,0.02840836912367803,0.05898821291576262,0.2825326225150695,0.23374729675415673,0.35339143089552716,0.6406289141539379,0.4547202718197667,0.04350386807525865,0.0,0.21354297138464595,True
1940,0,0.1647143222691222,0.38752520829135034,0.08870136782827136,0.1061928513718036,0.10995669569859375,0.10537797019728445,0.10897984903592778,0.1647143222691222,0.2509526540732515,0.4186864967760676,0.550986435249766,0.6445569090775696,0.425443498634138,0.043445674260566544,0.03125,0.21485230302585653,True
2082,0,0.04633681513562027,0.5006338603143158,0.08058389605596411,0.08449932568952416,0.08972969453584988,0.0954934024739195,0.10650637373143652,0.04633681513562027,0.3230958992837617,0.35639999701487135,0.45326894103219084,0.6870035112142064,0.535456819661249,0.043413059604833215,0.0,0.22900117040473547,True
885,0,0.04934596962719906,0.6005782593010482,0.14711138470157112,0.1547475527389087,0.15067828197795843,0.19530652062594775,0.1871272981117691,0.04934596962719906,0.12055721760074578,0.23292865538892682,0.30431906969922595,0.9406411182950698,0.626683784173423,0.04339520970745085,0.0,0.31354703943168993,True
567,6,0.34108476783047936,0.5541094613870293,0.11330407872001584,0.18445879599773465,0.20507960626909436,0.18867928681156299,0.20655435613618534,0.385748572698006,0.6435604019608776,0.5158449691242836,0.34108476783047936,0.901618385861339,0.6702830425743969,0.04331881493745904,0.0,0.3005394619537797,True
148,6,0.05061935252901273,0.5187851270350274,0.27472584562257335,0.2893737578856313,0.30939142099544964,0.2975255727609649,0.32405197895123355,0.05061935252901273,0.23905740104007056,0.3826607648847298,0.4754617630588017,0.9214596167848667,0.7393818547319881,0.04323361861464598,0.0,0.30715320559495557,True
1973,4,0.5294076767605513,0.32282629195680973,0.1760407961552718,0.3740834422105479,0.38255420642219057,0.34337418939433406,0.3816474318962353,0.5294076767605513,0.6740003763536966,0.7800879986433996,0.8754053718215525,0.27235731192433243,0.17528130884592485,0.04323200567088961,0.0,0.09078577064144415,True
1978,4,0.4226675295937219,0.3219193049201321,0.2543351793679381,0.4405350338063583,0.44651254891323616,0.3931374807070874,0.4343351665225638,0.4226675295937219,0.6011406800542756,0.7199940186260843,0.8465295744995294,0.2707442031625481,0.19532464596593968,0.043191863676183745,0.0,0.09024806772084937,True
335,6,0.34483687292927556,0.5069078942764645,0.1976711417999355,0.3017128614727383,0.3408292878315282,0.28346168802846133,0.2979016906844191,0.34483687292927556,0.4235856884672947,0.47007195356594433,0.5668927200023836,0.8920667004213586,0.6793500380344994,0.04318994554666754,0.0,0.29735556680711955,True
2028,4,0.47984557097276104,0.32251391935047663,0.08154437128256993,0.1567695413746053,0.16053706357202513,0.1420892326815776,0.17002499717844546,0.47984557097276104,0.7380258028800055,0.81866842408114,0.8928416192867143,0.2895403555839623,0.19867195643250568,0.043176065943043684,0.0,0.09651345186132076,True
406,3,0.12112784553865541,0.5236287783910303,0.22553335918449688,0.3053318654328174,0.3098576476324737,0.26443120548777976,0.26930324271073036,0.261350076040061,0.22368384415482956,0.23920636898641479,0.12112784553865541,0.2810698411985859,0.1767664742609405,0.04315520676501339,0.041666666666666664,0.09368994706619531,True
196,6,0.33957904610174994,0.47858160229218255,0.1986749074300164,0.30083071449702353,0.31154261886387663,0.3281287166392584,0.3516501822917659,0.33957904610174994,0.4400913905381626,0.45893163599889086,0.517070609392577,0.8176769914118491,0.6637034117016185,0.04311943310714528,0.0,0.27255899713728304,True
336,6,0.31988516389246413,0.5069078942764645,0.21387901191983713,0.3144748512529431,0.35048043031684567,0.2939361633034832,0.3110343851302428,0.31988516389246413,0.39163447062165524,0.44413812623461824,0.5478981174967351,0.8904649275651432,0.6859203471161948,0.04311239475096426,0.0,0.2968216425217144,True
514,6,0.5752025300523348,0.5505701071369906,0.0539058689054935,0.12874075831477527,0.1327344483242363,0.14083805905789767,0.15400929156447193,0.5812835840713946,0.7357114993007109,0.784896479909853,0.5752025300523348,0.8402555094642649,0.6317509012553728,0.043111290042605104,0.0,0.2800851698214216,True
2006,0,0.24090423283060514,0.430217570684832,0.06166925260043832,0.08124041164186417,0.08101521811973643,0.08347040912718878,0.08341721739132497,0.24090423283060514,0.3499459543839284,0.4537482568847,0.5002461433782701,0.5705574599774745,0.3780241704136529,0.043106487550178485,0.0,0.1901858199924915,True
607,6,0.15141959540071903,0.5612637701982622,0.15592346310403352,0.25085996126891624,0.26260757436947846,0.24530157377149434,0.28678961665668085,0.3784442032306341,0.6158024724037763,0.2438554978133497,0.15141959540071903,0.8841854785049108,0.6208513107186491,0.04308142245993083,0.0,0.29472849283497027,True
2048,0,0.14877649377011448,0.42542327049655887,0.10207773992559488,0.11991884526039777,0.12723645368257283,0.11094275027934208,0.1349191593566513,0.14877649377011448,0.2588468534093863,0.3523810571488276,0.4554344119609721,0.6915458179950207,0.5311652642699869,0.04306954262067562,0.0,0.2305152726650069,True
533,6,0.46380627444649525,0.5525048465081952,0.06243708703524679,0.11644501615678908,0.12658168822709193,0.1122129582896932,0.1315722826367716,0.46380627444649525,0.632408127979018,0.6736861536753751,0.4639791166109458,0.7756655814803312,0.6129612776956606,0.04306348196256544,0.0,0.25855519382677705,True
604,6,0.18456487557999557,0.5559431479709969,0.14735739921320157,0.2526084690239934,0.26879835068384333,0.2452193392254409,0.2847403222313955,0.41665693243560586,0.633261470602795,0.2768450550639582,0.18456487557999557,0.8857167049668805,0.6577158871883739,0.04305711384489454,0.0,0.29523890165562683,True
455,6,0.2331042914181244,0.5332162567892924,0.1830707378783936,0.2387166023094893,0.26353457483682735,0.24548649761840935,0.273258041893208,0.2331042914181244,0.5197501299737108,0.5960814944634882,0.6269579997430093,0.8941995708161462,0.7381601822228276,0.04305654395559225,0.0,0.29806652360538205,True
1977,4,0.49270706987627066,0.3214191760061763,0.234630010192818,0.46251385789191163,0.4691729301425256,0.4227103681402052,0.4653387376849147,0.49270706987627066,0.6387918769247485,0.7483814416982972,0.8524381907781733,0.28630141039217494,0.19143162195671692,0.04304150608227964,0.0,0.09543380346405832,True
388,6,0.31624685027150223,0.5025022833624101,0.1481430556974055,0.21666160624814615,0.23894978816078816,0.22424375643296335,0.24573201578351864,0.31624685027150223,0.46992491252285784,0.5296567467994353,0.5999505440845311,0.7932256277095865,0.6496311323072064,0.04304142107302708,0.0,0.2644085425698622,True
1922,4,0.5550079353560733,0.3184900674424087,0.1151524651231464,0.2587741990754127,0.2712784333192725,0.2743249365245752,0.2924134117859451,0.5550079353560733,0.5978717157456883,0.7016126750305732,0.8137126374443064,0.28745360294441047,0.1992095786705761,0.04302961626418027,0.0,0.09581786764813682,True
389,6,0.2660869725426672,0.5026706983586261,0.15435266162011577,0.21031465016348863,0.2309523116562314,0.21766732428459923,0.23780438678749358,0.2660869725426672,0.4443175736526648,0.515844815120051,0.5929878954510871,0.7855818165634147,0.6158178887853296,0.043028410961314274,0.0,0.26186060552113827,True
454,6,0.19990013723149958,0.5324369694240288,0.19122325748404037,0.23899923794808672,0.26687472832277337,0.24553527955421464,0.27197439451829236,0.19990013723149958,0.509572375954561,0.581445184949817,0.6196127232460471,0.8879664358089876,0.7543421210399401,0.043025369652824434,0.0,0.2959888119363292,True
598,6,0.20336607190342937,0.5493296800412679,0.11956491444175048,0.22164841234861957,0.2515261445912801,0.21573505841042884,0.24176747982133495,0.4605649858944495,0.6961002765504437,0.32061974064399323,0.20336607190342937,0.8859417370315595,0.7000844634153509,0.04302468045706971,0.0,0.2953139123438532,True
1824,4,0.14673318267813673,0.30598903588668247,1.6483516805750045,1.9318127074818907,1.9728455507851457,2.0269211480932925,2.122030286697632,0.14673318267813673,0.2880231001503709,0.34767703684799434,0.534334053524524,0.4829260985556799,0.3421065474128504,0.04301470555737644,0.010416666666666666,0.16097536618522665,True
2021,0,0.10627742332028034,0.42992620375801227,0.07559296961922958,0.08458214169778054,0.08587608088031973,0.08122742131083112,0.0859671458020111,0.10627742332028034,0.2598625332910832,0.38423479800243243,0.41701148324570014,0.5692653489628594,0.36661214877585735,0.04300886658950057,0.020833333333333332,0.18975511632095313,True
1925,4,0.46975710725494524,0.31925804872469626,0.1342112093175215,0.2531126982630796,0.2639938336773693,0.2682506619066573,0.2835601115503121,0.46975710725494524,0.5823845697336607,0.7190295945954625,0.8239732733355519,0.26864352990602447,0.17874037613481164,0.04297227759999955,0.010416666666666666,0.08954784330200816,True
610,6,0.012372799310272908,0.564882704755328,0.13514106693651198,0.2306447979329919,0.24316129207205836,0.22629755029312804,0.2662451653811027,0.41407277273266807,0.6836715822161122,0.19274298101584353,0.012372799310272908,0.8822783522560655,0.6280107915219446,0.04296033864131131,0.0,0.29409278408535516,True
1995,0,0.3312889381871398,0.432457629365902,0.0601267702469063,0.0899144244509789,0.08856738363257188,0.09886204104059076,0.09999286296401987,0.3312889381871398,0.48707703901649524,0.5256507449670003,0.5428353259743924,0.6369671569490905,0.43421446130432173,0.04295994261063578,0.010416666666666666,0.21232238564969683,True
1916,0,0.18998184912704408,0.38924583582445604,0.07911146609239653,0.09766628810371492,0.09513464051978689,0.1069299059139392,0.10723537973968285,0.18998184912704408,0.3680216951446641,0.49685950249414446,0.596603397658077,0.6579320303001156,0.4469507881476602,0.04292073768023074,0.020833333333333332,0.2193106767667052,True
1151,0,0.01739487794857164,0.573250277253036,0.06326014264874806,0.06586035193991215,0.06682786111043758,0.07606986403762461,0.07295582241767454,0.03948064677116203,0.08485337341404042,0.04559419241770124,0.01739487794857164,0.6626320448258897,0.41564635707577224,0.04287095746044555,0.041666666666666664,0.22087734827529656,True
387,6,0.3277807307736168,0.5023457003842893,0.14625729401052281,0.21757378984217687,0.24133488557869273,0.224460257825844,0.2462077721607622,0.3277807307736168,0.4789069376684728,0.532359279464048,0.6005770508375831,0.7955229744907134,0.6469209078626932,0.04286784735838541,0.0,0.2651743248302378,True
182,6,0.33360876275900453,0.47682346708412543,0.24120839002959174,0.36196212757575696,0.3877532592986044,0.3960160974398487,0.4121696586839716,0.33360876275900453,0.47778695288997175,0.5302555446789969,0.5723217285323321,0.8721836940637182,0.5878597658181661,0.042824852889672,0.03125,0.2907278980212394,True
1998,0,0.1578757196375612,0.4319770808946326,0.06395658735366273,0.07594673238270329,0.07731975691381161,0.08081109734938495,0.0787005614880432,0.1578757196375612,0.39464489420226156,0.4492533841209808,0.46052704479596784,0.60591930303672,0.38101547622858334,0.04279997340700464,0.010416666666666666,0.20197310101224,True
250,2,0.11430873504267858,0.3173942291895047,0.044206159816620495,0.060310184977324544,0.06500598019146264,0.05558910562697173,0.05590669311224341,0.2670199928380065,0.2442967920608653,0.1824684010170573,0.11430873504267858,0.6493470299016002,0.4327441205570146,0.04279903599118088,0.010416666666666666,0.21644900996720007,True
229,6,0.4349379118021921,0.477541757503998,0.03587346823661349,0.07052147227257954,0.07873040556069381,0.06727620941300434,0.08608296132823579,0.4913114108288127,0.4349379118021921,0.5687989032816898,0.5905982149386699,0.644097858098019,0.42156609055294325,0.042793559910090234,0.0,0.214699286032673,True
361,6,0.16213338762306695,0.5025933298744769,0.34133682114670644,0.4073880210817476,0.42228910424989863,0.4301100604719285,0.45758767759824287,0.16213338762306695,0.27289467558386893,0.3747772008147092,0.4864100263341147,0.8463327238493535,0.6911526339259524,0.04279084796453727,0.0,0.2821109079497845,True
390,6,0.27812348877750637,0.5028775126014579,0.14598699900385356,0.2022326488454728,0.2223105151176906,0.20874123495649663,0.22789491400266607,0.27812348877750637,0.46456307978109146,0.5301201048350677,0.6060586609972758,0.7752051310343653,0.6138375260574662,0.04278886418642052,0.0,0.2584017103447884,True
475,6,0.24036540267106876,0.5392905388240626,0.1327506553227842,0.1747559363272412,0.2037420286753986,0.17569358059838883,0.19834602636847073,0.24036540267106876,0.5409913400259759,0.6025623275663842,0.6019692516519388,0.8542772023180234,0.711090046169204,0.04277951555428646,0.0,0.28475906743934115,True
1489,1,0.008211768768198846,1.1022493803601823,0.389077933414492,0.4249635981518967,0.41539356153027174,0.5228140685935024,0.48825855053619654,0.08444409096088734,0.06565883161889174,0.008211768768198846,0.21486239573837107,0.46631495628943076,0.28581266208466616,0.042768218512229506,0.010416666666666666,0.1554383187631436,True
600,6,0.18843792414868876,0.550716194263952,0.11754506298327956,0.23352691072224083,0.2585529104582443,0.2247466557908139,0.25662146524688695,0.4966530297525804,0.698640017917606,0.312408398065557,0.18843792414868876,0.8824004634036093,0.682816018059782,0.04274280353258474,0.0,0.29413348780120313,True
212,6,0.5570964317969707,0.4783275411080109,0.05056883839279166,0.11417573039197244,0.13190993553504396,0.11817217803476476,0.13193848375529044,0.5570964317969707,0.5609191516008976,0.5601871178747488,0.5796266066944407,0.6936202256709254,0.5512120073040023,0.04269971062309117,0.0,0.23120674189030846,True
2017,0,0.19672579755315578,0.4299626720992784,0.061297027050128905,0.07630897004212601,0.07675670720815705,0.07860892335550465,0.078268827204167,0.19672579755315578,0.34354498317378734,0.45496250773405644,0.478813163425565,0.5648316979818955,0.3692830242677019,0.04267389748609019,0.010416666666666666,0.18827723266063182,True
435,6,0.21337466960644902,0.5237684700745492,0.2007109631817937,0.25515446226652455,0.26934659033654906,0.26240338674092706,0.3008011654660064,0.21337466960644902,0.466007603883832,0.5785390624914728,0.6410487706366228,0.8940345549743043,0.6839608721053878,0.04267045472521623,0.0,0.2980115183247681,True
476,6,0.23385067726085507,0.5394903903766286,0.13567160299517436,0.1770824550364671,0.20533282003905992,0.17693132122405308,0.19911735035429545,0.23385067726085507,0.5388084992364628,0.603339962658977,0.5992806944509017,0.8448976175688175,0.6897918250535895,0.042653655979547574,0.0,0.28163253918960585,True
133,6,0.13906915718561408,0.539282087778609,0.2411961730563609,0.2801574308429813,0.30429490834313916,0.2765642000999182,0.2937900366887179,0.13906915718561408,0.4086589219489485,0.502144346212589,0.5810812188821399,0.9255265394508138,0.5737885221783188,0.0426491320418626,0.03125,0.3085088464836046,True
1978,0,0.34864419960188553,0.4056636109785706,0.10406999220100306,0.15977441536161122,0.17028517197895973,0.1412327871461938,0.14732316234775092,0.34864419960188553,0.4329435491751098,0.37338779120329624,0.4481874975874751,0.6914509562301246,0.443786577632153,0.04261173013575153,0.0,0.2304836520767082,True
183,6,0.3749099086575718,0.477180165444177,0.22265995683227827,0.3562045854127989,0.3812553817762761,0.38903344302745196,0.40209139049657594,0.3749099086575718,0.5037020007659387,0.5413526441970525,0.5751436550300808,0.8631813757219943,0.5394256382340643,0.04260679908280533,0.010416666666666666,0.28772712524066474,True
1982,4,0.604857392331608,0.3239271143024497,0.1219216955956695,0.3085511236439162,0.3034052944673874,0.30955177671582745,0.3326864470049969,0.604857392331608,0.7369634240812972,0.8104996775602561,0.8714957322566557,0.30757323979880624,0.20882426152553535,0.04260197540638893,0.010416666666666666,0.10252441326626875,True
601,6,0.193670950036957,0.5517111742267023,0.12795070860698518,0.2361467668163745,0.2596389791653248,0.22705306612578713,0.26130189898627526,0.458172939092245,0.6756985151085828,0.3076200382616532,0.193670950036957,0.8765153131592575,0.6447019763334083,0.042590685974513855,0.0,0.29217177105308584,True
453,6,0.177746064498293,0.5318994237085565,0.19817773277743875,0.24101767619575878,0.2707329991556859,0.2472914237219637,0.273767264055546,0.177746064498293,0.5063392447007338,0.5729804357415961,0.6165794944479107,0.8867479281054417,0.7350926224534646,0.04257136812286931,0.0,0.2955826427018139,True
1896,4,0.3119201215078149,0.2945429526645951,0.15246561165319703,0.2215812675518147,0.22435052728923655,0.22667768642526975,0.25313028345629934,0.3119201215078149,0.3544397460881721,0.4915395152230859,0.692879155977486,0.2907988243098991,0.2030301958772185,0.042555906892655,0.0,0.09693294143663304,True
2058,0,0.1525910075785949,0.45208882515243715,0.07093029395479347,0.08370255046753243,0.08972566060778853,0.09296365767384906,0.10730671028057852,0.1525910075785949,0.35786494160941595,0.4355298282697403,0.5180915963782093,0.7342875103016423,0.5207531471680795,0.04255516444506927,0.0,0.24476250343388076,True
347,6,0.16569003203035926,0.5037195006965689,0.39219561764430483,0.4700838210032943,0.4889398019428152,0.4202252263836395,0.4520118302169999,0.16569003203035926,0.27161784104649445,0.3528379081583132,0.4794330028516447,0.8515397857198147,0.6365386767310781,0.04254134840712582,0.010416666666666666,0.2838465952399382,True
603,6,0.18500294971441977,0.5544266412303827,0.14228420247471826,0.24715901074237304,0.2657685761223848,0.23925201289531758,0.2767963373067199,0.42432120096552484,0.6453094113031372,0.28219679359557726,0.18500294971441977,0.8851151976961233,0.6671795766467881,0.04249366369787438,0.0,0.2950383992320411,True
1485,1,0.15078946914516855,1.0992242596088162,0.3420216491736252,0.44541553784775184,0.43739098668845316,0.5507819531773025,0.508132018189811,0.2321290567763441,0.17351046361015032,0.17173465787230313,0.15078946914516855,0.47776544561698275,0.3285674516734147,0.042484755639345596,0.010416666666666666,0.15925514853899425,True
396,1,0.06832299788121243,0.44841678385836553,0.1965095400020167,0.24613090505791368,0.23012677209145413,0.22350539669057654,0.20897378807520764,0.20160558481764512,0.10236884504386601,0.06832299788121243,0.08259417485126908,0.3949734207996935,0.24371857557868992,0.04247482317215572,0.010416666666666666,0.13165780693323118,True
332,6,0.35462392066077064,0.505173246045681,0.16813226550629937,0.26051827901406294,0.30027529342835324,0.2502984365270129,0.258228317740309,0.35462392066077064,0.4554503205588464,0.49369347921761886,0.5814764317485561,0.8759183517002013,0.671454826238687,0.04240811353611726,0.0,0.2919727839000671,True
391,6,0.3255659408825565,0.5030911372765726,0.1337848128842887,0.19836603901552355,0.21755455419162373,0.20490672483715086,0.22352038078346637,0.3255659408825565,0.4983860763641288,0.5538805663754969,0.6258289835318491,0.7630424593841099,0.6116406906255634,0.0423853288284045,0.0,0.25434748646136995,True
337,6,0.2927050902160543,0.5067063678538136,0.23087691156431991,0.3264224135797116,0.3587538421374914,0.3036916073085829,0.32354725637494214,0.2927050902160543,0.3635492172685125,0.42515017331814386,0.5353464715457115,0.874804591869759,0.6580528526734497,0.04235419018441481,0.0,0.291601530623253,True
577,6,0.3518147444958146,0.5520786618309506,0.1424907573888962,0.22883192552876394,0.2532651751799241,0.22763029250809394,0.2580352481008424,0.3773125971839745,0.6033371802486341,0.43490142057374437,0.3518147444958146,0.8886883495479007,0.7005263853629913,0.04233706379572053,0.0,0.2962294498493002,True
2027,4,0.45277804284658607,0.3221694616277591,0.0867667528119429,0.15855860986151513,0.16163472507592905,0.14045186644682195,0.16815921181210358,0.45277804284658607,0.7346457811748514,0.8228963332326897,0.8947369127761235,0.29064900838822777,0.22827603437690414,0.04233103831703443,0.0,0.09688300279607592,True
482,6,0.27787809160331356,0.5431652739012752,0.12380793527657308,0.17145018567773618,0.18724031022262289,0.17523309355683062,0.19995619861925637,0.27787809160331356,0.5385797790871327,0.6547619172808653,0.6112914828852148,0.814464300130466,0.7127883384039251,0.04228999073379147,0.0,0.27148810004348867,True
398,6,0.3962725931239113,0.5032680328669734,0.10495386358638907,0.1738431324982571,0.19262790182389175,0.17463172475350797,0.18769488027655098,0.3962725931239113,0.5922808920057622,0.6047563062224409,0.6559249946532983,0.7375833244721642,0.5246814993786302,0.04227846165529301,0.0,0.24586110815738807,True
1822,4,0.051618151960523995,0.3108102132014193,1.8535988250484452,1.9544857684489232,2.001813232531351,2.052041457529206,2.1385096491492193,0.051618151960523995,0.20608007654628813,0.267566658256877,0.46266987511546764,0.47447287521718323,0.33838281839189577,0.04226176858833778,0.020833333333333332,0.15815762507239442,True
579,6,0.34812114510363334,0.5522074243817604,0.1488105463244516,0.2282794497884257,0.24785245641575834,0.2290069850986848,0.26076088126511504,0.34812114510363334,0.5705608196491161,0.4168661355370529,0.3553796967329148,0.8929596359400414,0.692352900840774,0.04224442655678948,0.0,0.29765321198001377,True
599,6,0.1995207356783285,0.5499419409725704,0.11847510029666679,0.22895364283721242,0.2563005233760846,0.22107704799793707,0.2501309648504786,0.4825367317658126,0.6969628208039903,0.32243278848790835,0.1995207356783285,0.8752055727411303,0.6464365199778968,0.04222417671854447,0.0,0.2917351909137101,True
2061,0,0.23041994289348022,0.45467231967374494,0.06919749315769365,0.08991591260545857,0.09604192008336461,0.09978715595369736,0.11837217211904805,0.23041994289348022,0.3883984002936547,0.4792414144308277,0.547853878357778,0.7085333188207686,0.45658767561951663,0.04219984424249461,0.010416666666666666,0.23617777294025621,True
434,6,0.24251871100681,0.52317887036594,0.18993131883286676,0.25074060784434016,0.26691289066072416,0.2579942918388814,0.2947282117853788,0.24251871100681,0.4903795437032188,0.5931581246531834,0.6448417787095451,0.8881059461946718,0.6679515590490723,0.042094626228927706,0.0,0.2960353153982239,True
498,6,0.47596938094771546,0.543310075691868,0.062046099009754364,0.11840166729563524,0.134621104829577,0.11857309952993238,0.12915346207276998,0.47596938094771546,0.6654530990402093,0.7280424516992716,0.5882396384436701,0.8192723735185451,0.6846852097976921,0.04208649040351876,0.0,0.27309079117284835,True
602,6,0.19026065084616062,0.5528471084604825,0.1359660392853015,0.24148807746973813,0.26257379722942137,0.23342742876482203,0.2691467476872512,0.4369658299079384,0.6593745292767266,0.2974435413169172,0.19026065084616062,0.8747897244761104,0.6795861900752698,0.04208167848307918,0.0,0.2915965748253701,True
1838,0,0.020278493056694713,0.3821527797523515,0.3229797849342035,0.3296648921609248,0.3373949858809168,0.3411858973447857,0.36823748784540083,0.020278493056694713,0.04855870877531421,0.03964524849419315,0.2118870495107612,0.6821822746119418,0.44701836188926336,0.04207379932909526,0.010416666666666666,0.22739409153731394,True
447,6,0.20827093410425612,0.5311656459746712,0.20757116959068847,0.26217449697371825,0.28730384808299375,0.2762943612392643,0.309181233675737,0.20827093410425612,0.5205907809833497,0.5819584877818631,0.6286969179294646,0.8863246569327075,0.6071268722322429,0.04206679191626078,0.0,0.29544155231090247,True
1979,4,0.5125110529804086,0.32361176285784116,0.16567141699748353,0.3398465093626532,0.33880305835434105,0.33499060408986336,0.36534809775064553,0.5125110529804086,0.6583648181577635,0.7781082473336244,0.8643305226222507,0.3004690916611086,0.20796049747183076,0.04206483099008217,0.0,0.10015636388703619,True
1430,0,0.024542928376648177,0.5272443073203371,0.34559688412809947,0.3724361359196882,0.3521520615795179,0.35760898541674213,0.3598671643015347,0.07206403783916482,0.03895278018989079,0.024542928376648177,0.19011317640274883,1.215625723094385,0.7551238728762257,0.042063170960868666,0.020833333333333332,0.405208574364795,True
1983,0,0.3335988978572081,0.4309121014529993,0.08265091551754157,0.12402577854655422,0.1202474689678981,0.12739610844792243,0.13481140699842922,0.3335988978572081,0.4352870603409362,0.4675939396216915,0.4913525715978492,0.6233504317040872,0.453926375669397,0.04204156914555478,0.0,0.20778347723469573,True
1904,0,0.29380860596518177,0.3853019892201523,0.10239550101946143,0.14499681231517939,0.14900606027548832,0.12620633422848973,0.13405041312214283,0.29380860596518177,0.3701546482370265,0.31935234254156253,0.4091499435166217,0.6440710833286676,0.47608628116893215,0.042016507392658727,0.0,0.21469036110955586,True
463,6,0.11953533881570821,0.5397206808247296,0.21191212157395947,0.2406821430958076,0.25307254511224425,0.24882484159595156,0.2886431798532114,0.11953533881570821,0.44685927018213645,0.5729041220006004,0.6246355129862116,0.8603982168935443,0.6362377900300089,0.04198338968706828,0.0,0.28679940563118145,True
608,6,0.1318448296070377,0.5627208515695727,0.15362312274516476,0.25442221043560126,0.26680810995730314,0.24658218730772116,0.2887011423101371,0.3961882396896733,0.636722566082289,0.24438404763344557,0.1318448296070377,0.8648178895125701,0.6123151394729973,0.041976822524845206,0.0,0.2882726298375234,True
330,6,0.3368712343298267,0.5017270463814499,0.16024069608495364,0.24164340981801727,0.27819448276492914,0.23238836970998586,0.23914041083783374,0.3368712343298267,0.46642515185506406,0.5025908746456146,0.5869902118946168,0.8666696748195998,0.7063552668020634,0.04196033328530953,0.0,0.2888898916065333,True
272,3,0.03941718121681914,0.5011665399649665,0.287568748929672,0.2993690323276341,0.2961743472864597,0.35538938109444396,0.3618192553288189,0.03941718121681914,0.045426946553419056,0.1488030426235828,0.1813132122273612,0.2485413824983139,0.14108562525885837,0.041954994732566815,0.010416666666666666,0.08284712749943797,True
2006,4,0.6503847295578814,0.3229533199067229,0.07030883024866592,0.20110343052165414,0.20939715208032736,0.19057430020043986,0.20512178141220128,0.6503847295578814,0.7853067400088418,0.8493828906660044,0.8936415492617856,0.2920806909679019,0.20113779879430638,0.04194559620412109,0.0,0.09736023032263397,True
578,6,0.3289079244067583,0.5521315993570315,0.15232985719320732,0.22698801361727983,0.2492998682686344,0.22747065562953742,0.2586540188253244,0.3289079244067583,0.5686970353617138,0.41675263277289953,0.3531775273494031,0.8957701775297977,0.697334880297376,0.04193935137009162,0.0,0.29859005917659925,True
1872,0,0.2627270295528067,0.377024288384232,0.08348806620997269,0.11323901669599112,0.12165030705520341,0.12660981586052147,0.1346228539651869,0.2627270295528067,0.43374742458934923,0.45294389160537496,0.5569851480281598,0.5829717832803365,0.35888896835018613,0.0419253315146217,0.03125,0.19432392776011218,True
420,2,0.18595816095166362,0.34581552755394757,0.037474948077842934,0.054067258826044774,0.045358556800265154,0.05589542394970967,0.048897416430934426,0.3068827809744471,0.2398949066024877,0.34213589751978535,0.18595816095166362,0.6786498785198587,0.3797979225596828,0.04191784683778996,0.0,0.22621662617328622,True
1402,0,0.026371114763723003,0.530617740079548,0.1551767702388752,0.1677217822884354,0.17203916452351065,0.1630617393770667,0.16260326151192953,0.07479655819532272,0.06887647796666951,0.026371114763723003,0.055598438090982416,0.8321858507484509,0.5118083455981264,0.041917382837903805,0.041666666666666664,0.27739528358281695,True
1900,4,0.4407604984733532,0.2970003051133579,0.14685320540937694,0.26259447876712555,0.2737722683474644,0.25041976316543724,0.2794977344133585,0.4407604984733532,0.4712100730150366,0.5502645662705699,0.7257600141018528,0.28425875939674494,0.18261576524942313,0.04191110429242173,0.010416666666666666,0.09475291979891498,True
1948,4,0.4534290085674485,0.32423748513806255,0.12811305835254141,0.2343941781775862,0.24358034099489426,0.23728211911950595,0.25066096484478445,0.4534290085674485,0.5977937986849406,0.7312188567380885,0.822000086874489,0.26496591671078207,0.18228990005958678,0.04190901397898165,0.0,0.08832197223692735,True
1991,4,0.351360332481887,0.3210759907948679,0.21145596067743946,0.32599911979872037,0.31163923283870537,0.32597181951147763,0.3496330186038099,0.351360332481887,0.5553263637265249,0.7018533357601608,0.834920842209571,0.31700410481111163,0.24812794644482494,0.04189745352723025,0.0,0.1056680349370372,True
609,6,0.07272678722654591,0.5639999623293764,0.14365235597507656,0.24134656464160095,0.2536277491590559,0.23430858570975566,0.27565623950540613,0.40478806405054923,0.6611284918725073,0.2190196851163777,0.07272678722654591,0.8634099825784697,0.618851959157098,0.04187087698499455,0.0,0.28780332752615656,True
1908,4,0.5362034534664211,0.30615910998366797,0.1131560686559598,0.24397781635436844,0.2519988890730805,0.25185811781888456,0.27471053850153165,0.5362034534664211,0.5609664011502307,0.6708639382090874,0.7925691099279901,0.28540909048788254,0.17397853965107402,0.04185547027365425,0.010416666666666666,0.09513636349596084,True
477,6,0.23254458699105507,0.5401093699939009,0.13793247544125006,0.17972702140501082,0.2069231602004269,0.17943329177636733,0.2017325817179296,0.23254458699105507,0.5365350983763084,0.6098062104366826,0.5998191468240612,0.8298983738026257,0.6729877429945645,0.04184626977678288,0.0,0.27663279126754187,True
228,6,0.428932882144042,0.4772449172542823,0.03945978254214041,0.07553493046529942,0.08307263054252927,0.07316078482122905,0.09214341653330482,0.4775955667256735,0.428932882144042,0.5699175375509837,0.5982418271973152,0.6315926393964222,0.3884304031421948,0.04184292736114241,0.0,0.21053087979880739,True
1937,1,0.002522037307836511,0.2885679763534394,2.5420815583305902,2.5485089930905214,2.5795417339194917,2.6959836744234433,2.715996073115837,0.002522037307836511,0.03782145208695076,0.10019025320343622,0.18196180396338957,0.4675573161254406,0.27677943056141174,0.04184229265951823,0.03125,0.1558524387084802,True
1890,4,0.4867224257346964,0.2870568782765171,0.1332994732868995,0.28976520292348446,0.30784581434813457,0.2580526106012449,0.29005074199758485,0.5399741861961989,0.4867224257346964,0.5228161513304022,0.6813308544420356,0.29901412064708016,0.22063037395085416,0.04183030651256483,0.0,0.09967137354902672,True
433,6,0.23978862124136813,0.5225160190377124,0.18700508784264047,0.2459909086706986,0.2649721698058611,0.2528237526404942,0.2875910903331733,0.23978862124136813,0.5003567687232666,0.5904863431737339,0.6399775781612849,0.8788346193757057,0.6801537835767704,0.041819830321122894,0.0,0.29294487312523526,True
186,6,0.3835642329549106,0.47919688763297713,0.20778101911545085,0.33706840229511315,0.35732861245337916,0.3657932834456407,0.37410014706347877,0.3835642329549106,0.5056168402024015,0.5253083091345309,0.5501490005598739,0.8217895196459768,0.5578338451752956,0.04181850018779349,0.0,0.27392983988199227,True
587,6,0.27399171895522856,0.5528230461991819,0.13613590353283764,0.23406158885061837,0.2500693129466353,0.24133105625411708,0.27406876162717997,0.41837571811186147,0.6541064320810184,0.38053186140688733,0.27399171895522856,0.8895727832478642,0.7026942196670802,0.04181740498233768,0.0,0.29652426108262137,True
1985,0,0.20780936303934416,0.4346006030186475,0.09283696087594655,0.11719017688990598,0.11419519360957438,0.11550937421379877,0.12689636381115818,0.20780936303934416,0.3386569085004698,0.4358751917267162,0.4802202452982638,0.6199166366028035,0.4732764435471779,0.04180997849150223,0.0,0.20663887886760116,True
1946,4,0.44068082539210685,0.3243255982526877,0.13001510579817477,0.23245243807227056,0.24016782020529812,0.2362891579395957,0.24985176004827228,0.44068082539210685,0.5784567506814273,0.7172562882463748,0.8218368791559272,0.2572335110449645,0.1746987349157081,0.0417895757019591,0.0,0.08574450368165483,True
436,6,0.19523162650818193,0.5242968294648623,0.21388432733963814,0.2657712882175192,0.2782537440884414,0.27235546683882533,0.31292218229251156,0.19523162650818193,0.4458034871547991,0.5612292980611238,0.6330805389768421,0.8798498098967329,0.667438170036462,0.041769932637224436,0.0,0.29328326996557763,True
2004,4,0.6664392351191613,0.3226276606497356,0.07272657126943842,0.21803095245755078,0.22906942394429372,0.20565620051085767,0.22145196614520377,0.6664392351191613,0.7902556905263123,0.845146655172101,0.8980522449316681,0.28211029615212857,0.1646324604458016,0.04176289807293938,0.0,0.09403676538404286,True
1963,0,0.2489665915937046,0.38475834502365214,0.0827316527230161,0.11391804203582641,0.11391904933971471,0.11542354092842409,0.12167554956857651,0.27376163385078567,0.2489665915937046,0.3600601640223343,0.47298059726202946,0.6192150027310266,0.44377217539459934,0.041762657133506964,0.020833333333333332,0.2064050009103422,True
195,6,0.39687711960423777,0.47873234207646803,0.1852020237205497,0.30707179206834645,0.31894601037521025,0.3304621693463904,0.3539104926450305,0.39687711960423777,0.4877649679967836,0.493309466568406,0.5411494325136168,0.7967262227962788,0.6600263103708812,0.041754596138767024,0.0,0.2655754075987596,True
1484,1,0.08463567347109924,1.0981408356082356,0.3861761114003455,0.4461037318744103,0.44046953063107325,0.5539434485654534,0.516084260643953,0.13433561791170123,0.09805400154657984,0.08463567347109924,0.18985999943126608,0.4843010985020012,0.31497314056116466,0.04168640274726673,0.010416666666666666,0.16143369950066708,True
338,6,0.2681411120759053,0.5064568376881851,0.2434552132724862,0.33265321674652715,0.3609011959133864,0.30808961148849073,0.3304844673800368,0.2681411120759053,0.34366650188023984,0.4154444097657226,0.5315526621704882,0.8604515186935604,0.6532077654451598,0.04165927751856309,0.0,0.28681717289785347,True
1957,4,0.48349386776928416,0.3243995805278339,0.16054630273308004,0.3108313584578437,0.32347426827328274,0.2941868567153166,0.32100417127223585,0.48349386776928416,0.6159371044410153,0.7347737400687784,0.8301845080309277,0.24092240342614998,0.16035810777427884,0.04164299561865168,0.0,0.08030746780871666,True
2003,0,0.19140451196452513,0.43160412419768035,0.06701648849189532,0.08288011679945852,0.08368532057496414,0.08587428371098081,0.08733200069100994,0.19140451196452513,0.4147071897303034,0.48093391980125,0.503614903154797,0.551089961963676,0.3856850708931461,0.041635688341281875,0.010416666666666666,0.183696653987892,True
583,6,0.34793830764495526,0.5526572240958607,0.15654415678252231,0.24387222717154533,0.25552069667368793,0.2449784605674196,0.2803177798176977,0.3580894446319812,0.5877531674065799,0.404660824107408,0.34793830764495526,0.8810061003989915,0.6792476709583468,0.0416354754452589,0.0,0.2936687001329972,True
132,3,0.06775607729126865,0.5087810530338762,0.28319019384244154,0.30377263604959,0.30376559548939397,0.29851174889614246,0.2897216320124742,0.06775607729126865,0.22037283435408184,0.3298415609532992,0.39761847788836124,0.24987688671775163,0.15022580169682276,0.04161840556949851,0.010416666666666666,0.08329229557258387,True
2075,0,0.03979481861717349,0.4896891866865128,0.0873401441775542,0.09095987594211112,0.09977660789433156,0.09920151617424738,0.11491024178380747,0.03979481861717349,0.32167320820315504,0.37901278068557975,0.44215089350524206,0.6872922468834327,0.47870172750867823,0.04161621038015017,0.0,0.2290974156278109,True
464,6,0.12067996967694883,0.5403892208921997,0.2154898634972395,0.24506420423298128,0.259213107034982,0.2534932625817407,0.2940975197578765,0.12067996967694883,0.44772403855542264,0.5674352579277873,0.6234630845075324,0.8538057613652867,0.6424547341793527,0.04160346298447161,0.0,0.2846019204550956,True
345,6,0.23848569140150933,0.504246049962102,0.33238464741102386,0.4364785318646902,0.45448353035592576,0.3906466252326219,0.4213679916566391,0.23848569140150933,0.31425583889324304,0.38712786854507497,0.509226702555202,0.8553995107199951,0.6433260627069757,0.04156732468037424,0.010416666666666666,0.28513317023999835,True
478,6,0.2781740756450296,0.5407474661467201,0.13081975171212581,0.18123448784279592,0.20669038033179363,0.1816182331093378,0.2044318941962073,0.2781740756450296,0.5524319387785408,0.6260308422490349,0.6055432737547253,0.8146221160395347,0.63605825923878,0.041564093897221745,0.0,0.2715407053465116,True
580,6,0.3429835224432506,0.5522975815775959,0.1550246781823141,0.23595249659309184,0.25319265706531635,0.23577970710820784,0.2689217508229232,0.3429835224432506,0.5634829468588946,0.4102993056196649,0.36691481619734534,0.8768843223011812,0.7007611563976752,0.04154621366186852,0.0,0.29229477410039373,True
149,3,0.2170557240165678,0.5091081997595455,0.302716535303098,0.41337739454810835,0.4117251746366504,0.37984286925484007,0.3803748559117108,0.2676993485964114,0.2170557240165678,0.23875142676691075,0.2841507987366898,0.2593990898851703,0.16412705311368514,0.041537085590985956,0.010416666666666666,0.08646636329505676,True
582,6,0.3085458182898384,0.5525317336121063,0.16421600800644529,0.2374936942319051,0.2500924306008043,0.23780949782518765,0.27193556967541116,0.3085458182898384,0.557427749812905,0.3954144832910016,0.35911159003521376,0.8759117343793706,0.6859044655462014,0.04150989045074563,0.0,0.2919705781264569,True
1955,4,0.5099564956113958,0.3234457787253272,0.14454306405153353,0.2949596571673175,0.30959157788118846,0.287327519087342,0.3107928501213593,0.5099564956113958,0.6148038980088857,0.7352123688470265,0.8308019212627146,0.2621359166567775,0.1704410489485042,0.04150542495997329,0.0,0.0873786388855925,True
2022,0,0.11552635162381486,0.42998658373484105,0.06931043904841573,0.07836348677619003,0.08066186234818205,0.07448946438881184,0.07824245612789563,0.11552635162381486,0.24940526005062635,0.38132411698549806,0.4191745132590118,0.5491907544674604,0.33778190534079044,0.04149220031416177,0.010416666666666666,0.18306358482248677,True
343,6,0.20484916860076408,0.5047658337142976,0.3166241963176369,0.39819388198396233,0.41624482202346397,0.35586728309440857,0.38636833691059186,0.20484916860076408,0.2961785498840521,0.37855615951314625,0.5084553819013201,0.8781631411299055,0.6673209571448808,0.04148883892412028,0.0,0.2927210470433018,True
360,6,0.12865546092803415,0.5026712267863028,0.35516086541798747,0.4076009540339291,0.42390626025605394,0.42539537733983,0.451428103536889,0.12865546092803415,0.2549806729664481,0.35330959664248784,0.4649469702359018,0.8030097177727799,0.6551957237064983,0.04140406379374604,0.0,0.26766990592425993,True
467,2,0.07435158725863866,0.3621042471435872,0.05267929242418731,0.06212533340005924,0.05719575626866721,0.06914634532246526,0.06720257529171682,0.15204813332821354,0.10633433160091899,0.28216473372119466,0.07435158725863866,0.7666137313705276,0.5544136578858421,0.041387127885660915,0.0,0.25553791045684254,True
572,6,0.272733567904476,0.5522990824267596,0.15197490508816394,0.20896730328975577,0.2388967249403583,0.20616682133062017,0.22706614335232425,0.272733567904476,0.5707555382786194,0.4395421453007372,0.3555060937189586,0.8628444533933587,0.6946467519502448,0.041350182166766926,0.0,0.28761481779778625,True
576,6,0.3466877083895663,0.5520530916207604,0.13579657040843063,0.23104058906961866,0.25712442808391645,0.2269109219835003,0.2556403174470391,0.4122393344162072,0.6306863707351633,0.4502637402755243,0.3466877083895663,0.8675018748414421,0.6941520065198006,0.04134668235668705,0.0,0.28916729161381405,True
247,2,0.1328625560825365,0.3183230663756908,0.0396674064642441,0.06216331625694541,0.06437625951331477,0.05682548995934533,0.05779170868895275,0.36188400405983623,0.2827731019069455,0.2403108098116321,0.1328625560825365,0.6263670720530523,0.37641018940593796,0.041284406682435354,0.0,0.2087890240176841,True
481,6,0.3243220452927683,0.5425232426509095,0.1185937918077636,0.1755182198583788,0.19364989881821323,0.17854883596090868,0.20383037330392828,0.3243220452927683,0.5648213154706985,0.6659316497933099,0.6191136776000241,0.8145950713370098,0.6890163901360893,0.04127099390744152,0.0,0.27153169044566994,True
534,6,0.46717002189279144,0.5534120858694387,0.06253904565785125,0.11767123978703405,0.12667393088212298,0.11183363452609955,0.13213882865627458,0.4685273498347019,0.6419627182849357,0.6789352115537086,0.46717002189279144,0.766605807531222,0.5760248889094441,0.04126312501952808,0.0,0.255535269177074,True
314,1,0.008201770913645379,0.4267087762580408,0.136438574522863,0.1766486625023647,0.1726433215575073,0.18792970489524255,0.17817774274130152,0.2276274691803195,0.05462517188022331,0.03125052298526909,0.008201770913645379,0.29030699284309264,0.18903662916742725,0.04125437072959154,0.020833333333333332,0.09676899761436421,True
581,6,0.3063929273522753,0.5524056881200871,0.1650493936366689,0.23795806032747255,0.25209241823735823,0.23787386391355347,0.2714995487651582,0.3063929273522753,0.5475640087548248,0.39375377101364906,0.3634913396106424,0.875917438222217,0.6715830871789592,0.04124548566846052,0.0,0.29197247940740567,True
586,6,0.30350963030884326,0.5528725265221951,0.14530948050130701,0.24033253053372364,0.25493885260661137,0.24611667465966977,0.2799904264261851,0.3953815566348514,0.631517094555218,0.38819637921882344,0.30350963030884326,0.8754560599127869,0.6809585648736061,0.0412340085130376,0.0,0.29181868663759564,True
1816,1,0.04623554909813665,0.7302080257412042,0.3027736297517324,0.33498444432125646,0.36839313456519385,0.3081854690549127,0.3427519030293236,0.09615615027972246,0.06849618669579427,0.04623554909813665,0.11034978352449032,0.35572366446135717,0.2650824022412692,0.04122898539003128,0.0,0.11857455482045239,True
221,6,0.4833556079980468,0.4779224873047154,0.06628347980691666,0.1330461610322515,0.14323005049827672,0.12379441435831522,0.15181966478740538,0.501800884049191,0.4833556079980468,0.5553725808812962,0.5810067653882449,0.6562808923953085,0.4652612957516453,0.04122457368747775,0.0,0.21876029746510284,True
176,6,0.07685337292468053,0.47294365043356923,0.4193626984779086,0.45427528648024057,0.476676569910566,0.4983213117279138,0.5182741076880567,0.07685337292468053,0.23387525606213155,0.376486467656738,0.46476309538443283,0.8554410308118369,0.6229518209760272,0.04121885370556541,0.0,0.2851470102706123,True
220,6,0.490831857837597,0.47806624735772696,0.06870773407273449,0.13494114887262457,0.14631050484063493,0.1264279879778161,0.1541432979545929,0.490831857837597,0.4915588250391134,0.5464441667980591,0.5726323605420498,0.6666525178317446,0.45596125551446676,0.04121191029395151,0.0,0.22221750594391487,True
147,6,0.03948303824117194,0.5200497880197569,0.2787441823614286,0.29020224885046564,0.3121222294938449,0.298533759955843,0.322962713314969,0.03948303824117194,0.23261111565602177,0.37664794239845967,0.4716689013873471,0.8777448221586841,0.6899318245455959,0.041182580539553426,0.0,0.292581607386228,True
342,6,0.21019012950803695,0.5050955291024036,0.29685131605043596,0.3758516158648801,0.3945355181827807,0.337553809317654,0.3674896151980918,0.21019012950803695,0.30458026121228676,0.38842086663622577,0.513946573044707,0.8505854026230283,0.6549766616160468,0.04118160357821523,0.0,0.2835284675410094,True
1972,0,0.46590126876441984,0.3830799616736956,0.07731708349782282,0.1447617808770263,0.15338757223144953,0.13424182400824178,0.14657996882887128,0.46590126876441984,0.5795925087880418,0.5285005204695911,0.591867175669186,0.6495774609700871,0.4063092307698639,0.04115009379204638,0.0,0.21652582032336234,True
164,3,0.07047728130662045,0.49729585580406394,0.2996342933434653,0.3685994608450871,0.370289469367128,0.3467281981244823,0.3328167892338667,0.18710056532232988,0.11289695080852968,0.07047728130662045,0.13229130877777906,0.2569157620056609,0.15151569431729905,0.0411394349950362,0.0,0.0856385873352203,True
1186,0,0.032171315184040705,0.5812963675159711,0.06909033739409391,0.08731469831927584,0.0858581380010145,0.09244319954278313,0.09616432136263864,0.20872042480800357,0.0564206175595805,0.032171315184040705,0.037787603241636214,0.6730859365260707,0.3851080471918067,0.04112756719314751,0.0,0.22436197884202358,True
1960,4,0.4294204943792358,0.3248078746734573,0.2159687425203645,0.37850771083234136,0.3940825771241762,0.34081135205996715,0.37349636632836075,0.4294204943792358,0.5702816422128307,0.6830718255102823,0.8102052193044548,0.2777976538597571,0.17713152049466885,0.04111609715298706,0.020833333333333332,0.09259921795325236,True
166,3,0.05554636881080244,0.4981251935935725,0.2693932297023897,0.3497527864947763,0.34788033197802104,0.32950108044666754,0.3077932608951992,0.22976101948393424,0.17344739155114963,0.055785763792914556,0.05554636881080244,0.25673401459742295,0.17633082467768002,0.04111033212634355,0.010416666666666666,0.08557800486580765,True
480,6,0.37582834568577694,0.5418814875351654,0.11180806692441814,0.1791303180008416,0.1996410762075063,0.18105465600961634,0.20576807899866936,0.37582834568577694,0.5958109891153,0.6732683525548153,0.6252053949661334,0.8150882343646467,0.6816293885800633,0.041109118291121516,0.0,0.2716960781215489,True
1897,0,0.31949836330741455,0.37770204229864435,0.09619966393460637,0.14136580832069956,0.1463893832788641,0.1296943695269425,0.13341230647730498,0.31949836330741455,0.435905587116623,0.38043401931864074,0.5073901102432379,0.5886342240868874,0.33693770067034734,0.04109426460690216,0.010416666666666666,0.19621140802896245,True
2124,0,0.12226764664452916,0.5336687342594169,0.07175379108412287,0.08174905574554282,0.0808607866721681,0.08661938304413856,0.09825514470338752,0.12226764664452916,0.290719100999538,0.2623558753129708,0.39081020231611785,0.6804130602846369,0.4997123344514307,0.04102333978496826,0.0,0.22680435342821229,True
331,6,0.3489231601547388,0.5036148888938302,0.16209677909838113,0.24896720199248068,0.28694234730359786,0.2400712695500776,0.24703504421114184,0.3489231601547388,0.4618986719160546,0.5009199303620262,0.5855733785309154,0.8467027363785119,0.661371928176294,0.04099362195800977,0.0,0.282234245459504,True
2023,0,0.1051784430325936,0.4300155916314475,0.07342014815442363,0.08205004403698998,0.08443353490902017,0.07916631262519001,0.08297423534003305,0.1051784430325936,0.3103165706338463,0.4067645734020413,0.4326489884765474,0.5435616431633565,0.31543399225373037,0.040993184165740985,0.010416666666666666,0.1811872143877855,True
465,6,0.14253843636299268,0.5410097096518516,0.2102886514644768,0.2452455717927657,0.261263992997679,0.2546037131493099,0.29568057706344714,0.14253843636299268,0.46657065105506235,0.5705129350814135,0.6234950237372515,0.8484497162705177,0.6389373116773527,0.04098449180522384,0.0,0.2828165720901726,True
332,2,0.03645339626118149,0.32776231570841247,0.040666805355926795,0.06628896491942596,0.062470399256398974,0.06499199348344929,0.05705355741225405,0.3865222453638071,0.1723754309915636,0.18159646958027664,0.03645339626118149,0.7568699236420464,0.5234061892158905,0.04098056190527825,0.0,0.2522899745473488,True
55,3,0.05779242497504877,0.5131176229870573,0.26625224342222387,0.2825834247991193,0.2910689579519645,0.27159827226832634,0.2769083324233526,0.05779242497504877,0.0996677569387373,0.1863488548333455,0.15863632869129918,0.22960057260464525,0.12183660681087805,0.04097814359106591,0.041666666666666664,0.07653352420154842,True
1954,4,0.4303705547954656,0.32317514427801003,0.1728164316124847,0.30338395086025133,0.31669583664801304,0.29176141806291017,0.3175217148886953,0.4303705547954656,0.5427655753262379,0.6879875376460637,0.7961068778233844,0.251387194817565,0.16937458734144428,0.040965632093942814,0.0,0.083795731605855,True
479,6,0.3422715572894085,0.5413107690813367,0.11905983470352817,0.18101670381299892,0.20402714150504364,0.18199936598892205,0.20565521338633752,0.3422715572894085,0.5798610446497006,0.6496588903116107,0.616411387105047,0.8088408865031825,0.6692736997510167,0.040957124851148705,0.0,0.26961362883439416,True
143,3,0.20519720761259796,0.5079611161539025,0.29173996172159106,0.3670595580637963,0.36186538929501766,0.329604096518401,0.3284479816402935,0.20519720761259796,0.21033230943915515,0.24873049305034345,0.2975966350384385,0.2556379971964835,0.15165123811461534,0.04093482893312809,0.020833333333333332,0.08521266573216117,True
584,6,0.34467441614422534,0.5528010508911313,0.15959451689575443,0.2513039280064102,0.2635275275514817,0.2524007606512056,0.2879016904931419,0.36493425247342925,0.5968367783422541,0.4054558216502808,0.34467441614422534,0.8683357004225319,0.6304068370818072,0.040917421496788786,0.0,0.28944523347417733,True
2059,0,0.1919498038919366,0.4520462131342478,0.07984256606842764,0.09880891862038484,0.1092075319108063,0.09776793824360264,0.11707313990531872,0.1919498038919366,0.411307040598877,0.45053823261837644,0.5319073436417343,0.711043216870479,0.48053805172173725,0.040909550867913876,0.0,0.237014405623493,True
219,6,0.5036868305079465,0.47822929256623625,0.06672883468426564,0.13503914516934454,0.14681258171426467,0.12914061347600883,0.1554828989639323,0.5058556198605597,0.5036868305079465,0.5490236191944715,0.5736095563895673,0.6641348358451804,0.46920337762520603,0.04088332834554709,0.0,0.22137827861506013,True
499,6,0.4822102316958842,0.5429142190578323,0.06688785890550634,0.12917956862025284,0.14659316996150673,0.12672611359552502,0.13719337868858883,0.4822102316958842,0.6605376451216252,0.7186119206517209,0.587850183590705,0.7853993727124724,0.5939555266834304,0.040863606352980315,0.0,0.26179979090415745,True
858,0,0.15198355754819082,0.6011585868855972,0.26435158648045737,0.33113221357292066,0.3334061080642596,0.3864368853246461,0.3872231801845676,0.2016736045457478,0.15198355754819082,0.2355291286873662,0.2659732618519193,0.9089757119861112,0.625326509521372,0.04085196454024499,0.010416666666666666,0.3029919039953704,True
1871,0,0.3117571053820224,0.3771179558066115,0.07435731798940537,0.10803935437746702,0.11410097444700924,0.12167409765054883,0.1306216085185615,0.3117571053820224,0.4679889064879439,0.4923722963435184,0.5819950842204782,0.6087446117107291,0.3946378131562369,0.040811870263114024,0.03125,0.20291487057024304,True
1810,4,0.20530396302026555,0.3429082350828197,1.5849190759643121,1.9943714353828208,2.0945452064271257,2.090226468804438,2.1979136599080724,0.20530396302026555,0.3395996957574897,0.37299894715078163,0.5340478381767628,0.47402295272195877,0.3571964241722414,0.04078249003661519,0.0,0.15800765090731958,True
392,6,0.3837528023201239,0.5032711058897718,0.12126925541465305,0.1967867048665253,0.21470650422017815,0.2036273078001978,0.22043695403110253,0.3837528023201239,0.5390405451887323,0.5856015258549763,0.6492533260277837,0.7342275444169305,0.5773175106062922,0.040760590937508605,0.0,0.2447425148056435,True
438,6,0.15323801724424957,0.5253338200137012,0.22814292945860568,0.2694298210178548,0.2817034656470066,0.27674249827350705,0.31689887457648447,0.15323801724424957,0.43059279041156884,0.5501962575776691,0.6279644632861691,0.866113517774752,0.6347010755073939,0.04071639444552178,0.0,0.2887045059249173,True
1881,4,0.18092214439391308,0.26951007926199033,0.19247030727413048,0.23498414217499466,0.2500915815228202,0.24917630431217397,0.27753816538495873,0.18092214439391308,0.34882218627391337,0.4588289826277363,0.6572461457688386,0.2834532020213324,0.2129894161633672,0.040705308934139386,0.0,0.09448440067377746,True
2060,0,0.07492371371703033,0.4533054943050269,0.0822019327699249,0.08885962594524914,0.09479018540789237,0.0960728496847688,0.1140091630162815,0.07492371371703033,0.30108251056238866,0.4132630713396599,0.5031960215743914,0.6927970545512091,0.47781517247483407,0.04068294765410871,0.0,0.2309323515170697,True
293,6,0.10942480774228713,0.48324551836253893,0.0973999221254457,0.10936743238774195,0.12104613111064172,0.11405676727132245,0.09855986310562533,0.10942480774228713,0.39048380834425744,0.512539887507544,0.608000613643381,0.8397563908478803,0.6729366457693686,0.04065731046350537,0.0,0.27991879694929345,True
1989,0,0.12520159240596485,0.4340452558566454,0.09123297400284573,0.10429028357946431,0.10256470065935482,0.11179794364767583,0.11790805559205735,0.12520159240596485,0.24553830184536873,0.417827487243131,0.4854166920413261,0.6162917653291469,0.4099329115882995,0.04063238209791684,0.0,0.20543058844304896,True
183,3,0.11342345965703471,0.4676485780107023,0.4797964099582212,0.5967220528017944,0.5935485650265043,0.5248245589867268,0.5241239035456516,0.195946575620209,0.17583080783785487,0.11342345965703471,0.1502606936303973,0.27766393149719515,0.15054993000211958,0.04062673017010994,0.010416666666666666,0.09255464383239838,True
328,6,0.36515002684519227,0.4981504891357154,0.14195323033882357,0.2236012228738149,0.25502136953631876,0.21767291376834583,0.22323095511907032,0.36515002684519227,0.5132425103051417,0.5498901129768836,0.6252027401920215,0.8389231263005131,0.6890529867973783,0.040616967459546405,0.0,0.27964104210017104,True
432,6,0.22438566202874743,0.521786745161334,0.1900099328416619,0.24497991274718345,0.26555668115044284,0.2515302815919203,0.28366342230293007,0.22438566202874743,0.49149552347359005,0.5773832202623124,0.6305967800133836,0.8567359973419357,0.6849493272117115,0.04061602327176821,0.0,0.2855786657806452,True
1958,4,0.5759515860421611,0.32452264974694206,0.14420321165951047,0.34006308457469653,0.35233448917351734,0.3155698239742375,0.3434184021205575,0.5759515860421611,0.677328981774656,0.7657704566286659,0.8464414941513065,0.2423498876330384,0.15048014631624085,0.04060515967275216,0.0,0.08078329587767948,True
344,6,0.21368785052520578,0.5045041142243281,0.3268891109316996,0.41572435469811886,0.43316001540835763,0.3728538547797579,0.4033824974620847,0.21368785052520578,0.29761919145724136,0.3783918879952288,0.5078086989768924,0.8554754121091955,0.6410998808957373,0.04059912927602083,0.0,0.28515847070306516,True
1892,0,0.26827084431410175,0.378343107244003,0.08599659162938127,0.11752516755844034,0.11556629975013155,0.1061448087354779,0.11571606955060128,0.26827084431410175,0.336729056564088,0.2937064906184518,0.4749165938610904,0.5960040306929422,0.42775649798525706,0.04056875989762849,0.0,0.1986680102309807,True
573,6,0.3159261287084464,0.5521544686110046,0.14853900376498616,0.21713883543679238,0.24754563223716933,0.211648643163292,0.2343067949106199,0.3159261287084464,0.5848775209250039,0.4407374638024545,0.3526982008063039,0.8536584828203667,0.6625355984298267,0.040538249331324945,0.0,0.2845528276067889,True
222,6,0.487652229944735,0.477746688986828,0.0624957913047679,0.13361198143586514,0.14337584338408405,0.12419518278179387,0.15200482084389558,0.532259078615892,0.487652229944735,0.5682191467096009,0.5922178842068102,0.6441500989688802,0.46388857570178743,0.04052974899992856,0.0,0.2147166996562934,True
1200,0,0.003594191010641845,0.5813063615296177,0.09723035970891918,0.1301638686783571,0.13797090025140582,0.12755375565289997,0.1334680030811878,0.25301575086722916,0.09466520920322374,0.003594191010641845,0.062073794789577974,0.6874440964209553,0.431099646571127,0.040511430171744536,0.0,0.22914803214031843,True
439,6,0.17749485169437862,0.5258579769434997,0.22153186277353765,0.2693379649110989,0.28353921642412877,0.27793007728336244,0.31789481610059966,0.17749485169437862,0.46355698325463524,0.5697191886455579,0.640175448870693,0.8547766014512691,0.6328144485676432,0.040484277086268644,0.0,0.2849255338170897,True
437,6,0.171853989244925,0.5247885793451408,0.2244499706815998,0.27102705050399756,0.28290717964893286,0.2785097760543886,0.3192413172675332,0.171853989244925,0.4282657677994657,0.5496722210813438,0.6271355133292622,0.8706888197098763,0.6304448147491826,0.040455321643033025,0.0,0.2902296065699588,True
116,6,0.05322592180929542,0.561739008082776,0.1685525890305882,0.1780283099350312,0.18774479814516254,0.17686217484696196,0.1718334642817825,0.05322592180929542,0.4194848811301485,0.559828212812112,0.6006196883740018,0.8606733751635147,0.6621000636353358,0.040381611712330685,0.0,0.2868911250545049,True
414,2,0.16382473697674227,0.34361804143605806,0.05087518015471889,0.0822380821024075,0.07611294370762237,0.07545424622951573,0.07070893429421617,0.38136713729089344,0.3077156916385885,0.29482069610458495,0.16382473697674227,0.6960120984298965,0.515387705478016,0.04038130124090874,0.0,0.2320040328099655,True
41,3,0.17334374159310872,0.5141646988323624,0.3208421962077402,0.3966838008570377,0.41772651189988635,0.3598618438512451,0.3710744382233971,0.1911890641499383,0.20368226664646927,0.17334374159310872,0.2066607615362529,0.25505825791709885,0.15001036369500298,0.04035757261674286,0.0,0.08501941930569962,True
585,6,0.3334933511459004,0.5528775037319985,0.15575426344712673,0.2509196128095748,0.2643826869663603,0.25284507793043637,0.2880592304064173,0.37926628491440384,0.6114805245783065,0.39972473659722296,0.3334933511459004,0.8510504600189854,0.6029375902692209,0.040352791676619745,0.0,0.28368348667299514,True
410,2,0.05205773101135791,0.34293627926577,0.05873278443994149,0.08735307747297831,0.08181100861015794,0.08110131483396649,0.07365636443262323,0.3276392070089367,0.2420210574643673,0.1865978706137731,0.05205773101135791,0.695495720010015,0.5089416495443615,0.04035134194483532,0.0,0.231831906670005,True
358,6,0.0544860626599768,0.5028567140675523,0.3782168101460548,0.40001188264879217,0.4169212464263649,0.41347387826047893,0.4361998964717057,0.0544860626599768,0.20020284746155392,0.2986810116301314,0.4112036738001096,0.7707023067441856,0.6485296073275606,0.040348533169490094,0.0,0.2569007689147285,True
483,6,0.30255557609746675,0.5438000053488619,0.12083762041562733,0.17325770523690387,0.1884673696664788,0.17661952824475516,0.20231319877527498,0.30255557609746675,0.5392124998089372,0.6587288761462822,0.6142670201917962,0.7833219511506009,0.6419489407002175,0.040311856303049974,0.0,0.2611073170502003,True
6,3,0.06147904228854595,0.522614258731521,0.2646027381965297,0.28193588648436035,0.2703404807092861,0.30612613701619634,0.30068443200567324,0.06147904228854595,0.06236535256280984,0.24407423999736633,0.17924982317394655,0.2786931630393813,0.15364616707925638,0.04029686867591531,0.0,0.0928977210131271,True
574,6,0.3434289840205904,0.5520831831825425,0.1472242565824182,0.22423203735669506,0.2540908079885687,0.21804347582289188,0.24275462189216013,0.3434289840205904,0.5957681208472381,0.44249026619176046,0.3536333718126281,0.8480768733981563,0.6413913594928431,0.04024521370241358,0.0,0.28269229113271876,True
1838,1,0.007625975473048885,0.6454304563545359,0.25279895112898004,0.2756757531941046,0.28319231175093756,0.2803953853335868,0.3056766973527068,0.08298445474461758,0.025520800649014408,0.007625975473048885,0.07690925762679168,0.3277354409585399,0.22689785158489428,0.040214482907280996,0.0,0.10924514698617997,True
135,3,0.1455146183606496,0.5084295147720783,0.2995119773941432,0.3505173802031843,0.3410059482931562,0.33183612255829953,0.3231854217808201,0.1455146183606496,0.23831425018408336,0.322829824289922,0.38899853109734384,0.25103567817835,0.15084120269785828,0.04019786829437697,0.010416666666666666,0.08367855939278333,True
1793,4,0.008724013003516107,0.38584349209867624,2.3188721337297147,2.339280043245857,2.4277254164423554,2.485395121206046,2.588653400558426,0.008724013003516107,0.10223397117276467,0.15889222950151616,0.3570629939332912,0.526427654606289,0.4078662827636359,0.04018468752808887,0.0,0.175475884868763,True
359,6,0.08973992784164875,0.5027472058709063,0.37272108396134174,0.4094665858270253,0.42595318072777566,0.4249559582973941,0.4491718436591301,0.08973992784164875,0.22193885758857668,0.31792905426879126,0.4307065588857094,0.7788138042327967,0.6391382480629204,0.04017282250345461,0.0,0.2596046014109322,True
1951,4,0.5288693454181804,0.323353962525027,0.14405646743089415,0.30576755307667286,0.3207054061781765,0.29495947732405753,0.31278496304651765,0.5288693454181804,0.6128917569738657,0.7273299435667022,0.8169708213984433,0.23801420183540442,0.14775524389477823,0.04016936091928308,0.020833333333333332,0.07933806727846814,True
535,6,0.4680118997155631,0.5543030195059647,0.0604104410208155,0.1212709711375806,0.1298982787104025,0.11475062141084462,0.13551262734482536,0.5018557165483526,0.654125861410914,0.6835903701168298,0.4680118997155631,0.7611214007978203,0.52617160494583,0.04016125866868002,0.0,0.25370713359927344,True
1902,4,0.45913300660825795,0.29726872485425987,0.11149895028221883,0.2061485571212547,0.21161226751388026,0.21242001611998793,0.2350649744427902,0.45913300660825795,0.4901655243993388,0.6030202166770702,0.7545997607036061,0.26879993874254404,0.1676486498323726,0.04011097977122698,0.010416666666666666,0.08959997958084802,True
329,6,0.34171044612889534,0.4997629061940729,0.15147367861183395,0.23010190230284744,0.2637387907283238,0.2230336391854336,0.22905831430283716,0.34171044612889534,0.4781695158138759,0.5177063680364233,0.6010794836368204,0.828064591923899,0.6623527877491426,0.04009124499033972,0.0,0.2760215306412997,True
1952,4,0.48900842034459713,0.322723835008017,0.16125302230795213,0.31556884443515926,0.3296132466700796,0.2989771636054275,0.32081869392417156,0.48900842034459713,0.5896818622982345,0.7086593296214141,0.7986082610973831,0.250000740555835,0.16156440372213865,0.04008478654535366,0.0,0.08333358018527832,True
1956,4,0.4171195969810688,0.32397436320724377,0.18771750100228204,0.32205148780098075,0.3369836010157519,0.3024239983874067,0.3281569224236465,0.4171195969810688,0.5547735137087532,0.6835005809348033,0.8058110686830906,0.24623253529332403,0.1703068854365597,0.04005283349129418,0.010416666666666666,0.08207751176444135,True
1955,0,0.2933335259972186,0.3880527812932697,0.0907020770253706,0.128352030784205,0.1384844590502806,0.12238575839344867,0.12574694899551078,0.2933335259972186,0.3329179559774834,0.3663070909872884,0.4621525544681354,0.6136410237761527,0.41433696013234567,0.040014643982523884,0.010416666666666666,0.20454700792538424,True
2004,0,0.23530342911076252,0.43075863032235817,0.07318816643742261,0.0957087676649508,0.09746385749827198,0.09327810699335748,0.094888786636727,0.23530342911076252,0.384340110002531,0.42701128927043996,0.47833881442043547,0.5368783010453129,0.3526440024470503,0.040013270890955605,0.0,0.17895943368177095,True
622,1,0.04983388227821661,0.4433537271047629,0.08441190808080017,0.09407371941632141,0.08660401642547351,0.09966928837911106,0.09219762120495485,0.10270468091904694,0.04983388227821661,0.05762021925265337,0.07970255091850753,0.278165560190245,0.1892386986365402,0.040006558849832306,0.010416666666666666,0.09272185339674834,True
1881,0,0.08853317956950058,0.38031233654967034,0.08710539837849916,0.09556617577956154,0.10058516437697695,0.09538125350694825,0.09893641255897827,0.08853317956950058,0.29992123104630375,0.30159561599610274,0.43680211854878925,0.5730075498163707,0.4027136537771412,0.04000332109542925,0.010416666666666666,0.1910025166054569,True
1333,0,0.023444366522076154,0.5627210444071783,0.4065840893782761,0.457541372450744,0.4641857880132978,0.5160932285624203,0.5328020544580602,0.11137196795892734,0.023444366522076154,0.08863979913800446,0.131725551410536,1.0106460847116274,0.5798333832612741,0.039992428673463705,0.020833333333333332,0.33688202823720914,True
227,6,0.4463651933734687,0.4771128735733031,0.04144893747012749,0.085053057494853,0.09239787651916657,0.08215620751178947,0.10245800678620538,0.5126696359782741,0.4463651933734687,0.5800960936983801,0.6096401282839653,0.6066960127187737,0.3857080948944258,0.039963544628100166,0.0,0.20223200423959123,True
1975,0,0.4914415896786196,0.38536859077580526,0.0756337100613682,0.16943547966237615,0.17985455713614693,0.15112681703775205,0.1572685336261022,0.5536135040188812,0.5961040247980933,0.4914415896786196,0.5635984935923879,0.6425739399193653,0.40374349161216116,0.039960491368122276,0.0,0.2141913133064551,True
865,0,0.2554703847251336,0.6012218218541845,0.17897584404865982,0.28891320476984156,0.29005748583907837,0.3377617758471591,0.3426712804333625,0.38052037396062155,0.2554703847251336,0.400851606089911,0.3978955164172805,0.8466750378580321,0.5843008016505564,0.039943880142851204,0.010416666666666666,0.282225012619344,True
1982,0,0.30162542909401724,0.4254128977267518,0.09175381252240988,0.1313819493790848,0.12995661485607202,0.13115169433285404,0.13861670269455237,0.30162542909401724,0.3750750516819942,0.4206885193833224,0.46323117981905404,0.6070446303017185,0.4028723119400297,0.039908131885685996,0.0,0.20234821010057283,True
510,6,0.40026971132379763,0.5455937650185017,0.08974491678223995,0.14964212826458348,0.1581958696475542,0.15417446107775512,0.17221013177394473,0.40026971132379763,0.6091076025622175,0.6984383700438256,0.6076473240020571,0.7628519884352905,0.5919264834910223,0.03987425189116067,0.0,0.25428399614509684,True
575,6,0.3492395859640739,0.5520585537702809,0.13888591303177722,0.2289518237133822,0.25716459874201597,0.2228899109980832,0.2497793106971664,0.39338367880552794,0.6215481752452213,0.44765714249403443,0.3492395859640739,0.8530974059413362,0.6703607241667555,0.03986021843480188,0.0,0.2843658019804454,True
2049,0,0.33720825932681586,0.42829174783197477,0.06548871651051745,0.09880738170334151,0.10283473748984427,0.10385173771314456,0.12034681640930099,0.33720825932681586,0.40860637494479735,0.422465313306548,0.49820665919404605,0.684015831908642,0.5180458379077209,0.039830886563153624,0.0,0.22800527730288067,True
1150,0,0.01648248991268897,0.5740425799782359,0.06813068819670677,0.0707511432486924,0.07038668170754865,0.08305474153160756,0.07813210998681396,0.03703763545946748,0.07613999302464614,0.030804424111598117,0.01648248991268897,0.6536324644751511,0.4318434637533244,0.039809515395136795,0.010416666666666666,0.2178774881583837,True
339,6,0.26083186554206506,0.5061600907653805,0.24729883833634245,0.33456371670796897,0.3588938692340506,0.3087616946409529,0.33264056382664126,0.26083186554206506,0.3373820815785157,0.41952760884808804,0.5350035293462103,0.821994660188094,0.6056619700261194,0.03979736559654822,0.0,0.273998220062698,True
372,2,0.04724509540372024,0.3425249390111522,0.06478796471082439,0.07461756206319516,0.06629258139655236,0.08373574511379765,0.07537008195260365,0.13173302746136195,0.04724509540372024,0.1731502026159728,0.07179742641834685,0.7550901372069507,0.5094976639849982,0.039787654894581206,0.0,0.2516967124023169,True
1923,0,0.23491329831900976,0.3886769731890408,0.08293280016349976,0.10839660391598249,0.10738739373061945,0.11251122786502783,0.1134273625010118,0.23491329831900976,0.4125006561090909,0.4934502974944258,0.5547087267303472,0.6184050536528549,0.33335644806524556,0.03978543760461461,0.0,0.20613501788428498,True
213,6,0.54841281881463,0.47834842265299166,0.054370383425369186,0.1203984207050619,0.13904029066261017,0.12171882036027937,0.13736467188491372,0.54841281881463,0.5608015108202483,0.5503274781599237,0.5750777069281074,0.6452994017241966,0.5134908618092027,0.03976213324829223,0.0,0.21509980057473221,True
2009,0,0.21172067455257781,0.43048763919972677,0.07504993237337035,0.09520728243224252,0.09532060409316205,0.09776001050421006,0.09943199265873807,0.21172067455257781,0.36346116365005343,0.4516727547239481,0.5031069462843158,0.5261161738896323,0.38436434678450837,0.03974888050822495,0.010416666666666666,0.17537205796321076,True
419,2,0.1343118548840352,0.3451909476917423,0.04598417718237716,0.06367967920682134,0.0547623298612492,0.0654187457190042,0.05761159987696332,0.27788302712662916,0.17960105344743815,0.2544822794931364,0.1343118548840352,0.6433998603282786,0.40219497050523234,0.03974057559623808,0.0,0.2144666201094262,True
542,6,0.36758297178399146,0.5552426544365625,0.05266701581721792,0.13853431361068522,0.15570822309871615,0.12923780837953355,0.14648054385438122,0.6198269263077671,0.7546286204834629,0.717838536862909,0.36758297178399146,0.7582988185612484,0.512987139839197,0.03968822856153795,0.0,0.2527662728537495,True
1988,4,0.45429451430896517,0.32230815877528446,0.2581292294668116,0.4730193047994355,0.47235271519849564,0.4250916887726697,0.4557822550229093,0.45429451430896517,0.6060385919067289,0.7104496850198639,0.8426715849763506,0.29144845982545703,0.1977325352230963,0.03967464790122869,0.0,0.09714948660848567,True
2012,0,0.06959209281953382,0.43024253168613846,0.09891564460249326,0.10631427768305406,0.11004761870094137,0.10440497156650085,0.10858967472710768,0.06959209281953382,0.2610578922894401,0.39323299572353265,0.44726981349319694,0.5249835806309129,0.3261614794330967,0.03966331135764662,0.0,0.17499452687697095,True
187,6,0.3919521415444043,0.4795163433006711,0.2037250688823191,0.33504775331298475,0.35492483683896703,0.35822161006539827,0.36740945131123226,0.3919521415444043,0.5138933959307342,0.5246636065613033,0.54807660556843,0.7787871659200837,0.5662055903837881,0.03965972887209901,0.0,0.2595957219733612,True
194,6,0.4577268600555072,0.4789458048103862,0.1709984735137673,0.3153364253506466,0.32750921000714334,0.3355151231310905,0.3584366111349,0.4577268600555072,0.5330143606586684,0.5259988783209093,0.5631642238986043,0.7676563431767723,0.6186204680118692,0.03965766831744211,0.0,0.2558854477255908,True
1849,1,0.07185924431497848,0.6100216315634382,0.35263414687590683,0.38234886250703104,0.3975995527426311,0.42817678643015605,0.4536417736238638,0.07771623913377745,0.07185924431497848,0.0772423973269174,0.15543366015510085,0.4640197162614611,0.319602300045716,0.03965397780569766,0.0,0.15467323875382036,True
509,6,0.38879693417907035,0.5447685195634762,0.09065774516431002,0.1483267186209942,0.15790199081720643,0.15209398463807622,0.17097577810004394,0.38879693417907035,0.5914629246831784,0.6812444888071261,0.6053051254871652,0.7660897140483591,0.6268780212795946,0.03965023293570862,0.0,0.2553632380161197,True
438,2,0.15586711270066944,0.350093117179578,0.06329668588607164,0.0986126099220801,0.09153421780654991,0.09308376563858323,0.08755452061812748,0.35812787090731857,0.2622378522742641,0.34159296271437634,0.15586711270066944,0.700195797732125,0.49431558401963116,0.039637460706204074,0.010416666666666666,0.2333985992440417,True
245,3,0.08505535122949004,0.5006128197822565,0.27855476202513274,0.3435982408247554,0.347637167168273,0.30534024335240756,0.33275925367795695,0.18930096569614452,0.10026071895551703,0.08505535122949004,0.18211667274506638,0.2548569975709188,0.15232983984795823,0.03962536478457674,0.0,0.0849523325236396,True
566,6,0.33917291966300855,0.5544500749446754,0.11085273832067433,0.19599167452379926,0.21607515804625763,0.19816426190317582,0.21851355228782934,0.4344007795738615,0.6697099924019919,0.53688754641395,0.33917291966300855,0.8347434106817353,0.6216964864435113,0.0396142516974212,0.0,0.27824780356057843,True
504,1,0.10123081489179009,0.4531602125526992,0.18369927952789114,0.21391390604392854,0.20644710863751103,0.18797800138617546,0.1862197905976808,0.1412466682265745,0.12271055739798109,0.10123081489179009,0.1447147856588159,0.378250846594715,0.2748501755091173,0.039607418341623034,0.0,0.12608361553157166,True
1950,4,0.4575613724713705,0.3243574349529015,0.1257582987101572,0.23183875986693037,0.2417471788041955,0.23391708946600867,0.24654735889876836,0.4575613724713705,0.6108940043309474,0.7437751894984577,0.8259347620602542,0.2568231914227489,0.1621608089422466,0.03959722234898871,0.0,0.08560773047424963,True
214,3,0.2171702204241771,0.48930423821976426,0.14827313117645854,0.21965297470301307,0.2132510790714964,0.23592260999075979,0.23153737288232476,0.32496643226919786,0.2918599945208765,0.27118296775053075,0.2171702204241771,0.21638551813353293,0.11823444901019542,0.039573070000024406,0.041666666666666664,0.07212850604451097,True
1929,4,0.5685047185431082,0.31956264530843165,0.11878067224973854,0.2752768740568609,0.2860971986611837,0.2912688991130783,0.30233222553784145,0.5685047185431082,0.647572720873752,0.7556013508742356,0.8388591420503144,0.24934433923430532,0.1640202875552177,0.03955383324457563,0.010416666666666666,0.08311477974476844,True
1964,0,0.24758937462455888,0.38486104617633093,0.09139792616656606,0.1252329096169749,0.12427965921489342,0.12735006767177812,0.13501243200679194,0.2701764540478473,0.24758937462455888,0.32103731276978353,0.4219396546112931,0.5942057410376389,0.3945679039166521,0.03954358572579392,0.010416666666666666,0.19806858034587962,True
312,3,0.02886915530466916,0.5066060283826873,0.18864822421878566,0.2467443941713352,0.24984866259976116,0.23668095501630962,0.23387646406961107,0.23545082005878737,0.02886915530466916,0.0730838315337623,0.10059262339249064,0.26578333239805474,0.15309028401352975,0.03950405759800061,0.03125,0.08859444413268491,True
1883,4,0.20789508451045935,0.2724962064780968,0.17634782258404513,0.22263190031469224,0.2386209749932808,0.23388737884778335,0.2576595152163665,0.20789508451045935,0.3588526619476893,0.46455977813482974,0.6742332384887613,0.2716314890536239,0.19109109559959592,0.039494904375744176,0.0,0.09054382968454129,True
1827,4,0.19510787385157602,0.28958537937755213,2.014609187024819,2.5029555161200823,2.603285011820881,2.422213811926975,2.533100950760275,0.19510787385157602,0.31474375844208147,0.306500183092444,0.489702376144286,0.45269326259937764,0.33772548633981714,0.03944626675413937,0.0,0.15089775419979254,True
508,6,0.43892691021481145,0.5441727859302745,0.08651413322710495,0.1541940520801445,0.16481446159413374,0.15606714958065324,0.17542133182101718,0.43892691021481145,0.5998081315782962,0.683036666092617,0.6065529330715158,0.7589373396722164,0.616245310169063,0.039442500897746174,0.0,0.2529791132240721,True
1823,4,0.1058867752193352,0.30762352389526515,1.765309932935826,1.9743695585856866,2.017750480576822,2.06258709121107,2.1552416211979604,0.1058867752193352,0.24772677581912195,0.29924601682337415,0.4857037265126436,0.4426529241392511,0.32249706327849736,0.03942753405315545,0.0,0.1475509747130837,True
218,6,0.5278873400238304,0.47832956662797965,0.06029490000405394,0.13386360907577421,0.14666631723105492,0.12899957370820989,0.154037220163003,0.5495796025496094,0.5278873400238304,0.5631797999285757,0.5822253752792101,0.6467881982127104,0.4864046715598249,0.03940113203450147,0.0,0.21559606607090345,True
393,6,0.4386826194721085,0.5033986878258577,0.11002978628906317,0.19602062951549004,0.21263360778837495,0.20330857756790519,0.21891238330273555,0.4386826194721085,0.5737867915057795,0.6051776486467105,0.6629170276000582,0.7148776136013713,0.5431655753417317,0.03939309314308363,0.0,0.23829253786712376,True
1893,4,0.36689245287493566,0.29114647639232305,0.19532295469260041,0.32525690731478935,0.334933207477051,0.2994813922826998,0.3313697310348065,0.3994809939468451,0.36689245287493566,0.45615690791146435,0.6535655022794711,0.2769131860939966,0.177038712539499,0.03936663575070476,0.0,0.09230439536466555,True
1891,4,0.30083279512552363,0.28862665620385314,0.21699397048776,0.310360624718829,0.3245298153416413,0.28161819812487277,0.3136522762851156,0.30083279512552363,0.32130528029637817,0.42023506720938275,0.6308467741472602,0.2923681512761404,0.19243369890933337,0.0393636817908051,0.0,0.09745605042538014,True
323,2,0.1377429855079081,0.32665005031785593,0.027729020670788345,0.040314656590540045,0.035697977288597076,0.042540810671385675,0.03933283871690511,0.3121851203540936,0.20586307585849384,0.25294521077741716,0.1377429855079081,0.6548809058808661,0.4114842849558542,0.03934163720772042,0.0,0.21829363529362203,True
404,1,0.01222882233682765,0.4476581159951496,0.16371908538302202,0.19715782821033576,0.18201645730036944,0.18112637004429621,0.1653719994810353,0.16960393168685128,0.12917971355317615,0.01222882233682765,0.041116232384694196,0.365312230572847,0.247354886164727,0.039285105222501844,0.010416666666666666,0.12177074352428234,True
513,6,0.5460957732598868,0.549076735898892,0.06651682623855848,0.146543747160661,0.15187003731870932,0.15435129599211958,0.16972765630610556,0.5460957732598868,0.7075748726049289,0.7672405399612264,0.5948378991619032,0.7710841441379586,0.5950907136864316,0.03928115759449558,0.0,0.25702804804598617,True
1886,0,0.04299954339759682,0.38029879500504127,0.08278325520609138,0.08650283773112621,0.08458248308903654,0.0859292952335468,0.08884542870968226,0.04299954339759682,0.28529204986771095,0.30712866646007786,0.4690617716630846,0.5625859123164407,0.34365700621356154,0.03927575631659961,0.010416666666666666,0.18752863743881357,True
383,3,0.11594744451721517,0.5268553404894251,0.20013599258959433,0.22638472265972834,0.23152105245401136,0.2243291217125485,0.21362037497760264,0.11594744451721517,0.139461706664613,0.21045618561630874,0.13097550508775124,0.27469985950883063,0.176527604111806,0.039265272575711684,0.010416666666666666,0.09156661983627688,True
1976,0,0.4946401643300783,0.38995211849207023,0.07533276037650838,0.1490675654440262,0.1589184831154417,0.13548422669012766,0.141777282893744,0.4946401643300783,0.5678005812953953,0.5082860379743799,0.5723108805929027,0.6374678860944882,0.4406081984288903,0.039265222968854104,0.0,0.2124892953648294,True
2018,0,0.10198122535942156,0.42994084342805905,0.07165843246364285,0.07979614066790898,0.07910669706940107,0.08083254061536022,0.08217060410603134,0.10198122535942156,0.28112542305736743,0.4220628030696646,0.45922770883154385,0.5195289440010289,0.34592586465282693,0.039251205229043684,0.0,0.17317631466700964,True
1697,1,0.016798967518084074,1.0830281011421499,0.38220215768079585,0.3940380030915766,0.3829315292576078,0.4388888706202841,0.4024855691984956,0.030037319542577268,0.016798967518084074,0.058284739352150394,0.12269318757043746,0.32861086172060594,0.24349663238504604,0.039227750743256226,0.0,0.10953695390686864,True
1896,0,0.26942624232948753,0.3774785491433996,0.08351101234045294,0.11430880381843152,0.1172103622007898,0.10594340137568853,0.11190731500449998,0.26942624232948753,0.4126048330898534,0.3807492490316223,0.5169541208148309,0.56143750254639,0.40989235177335104,0.039195582495512624,0.010416666666666666,0.18714583418213002,True
500,6,0.5197307328783947,0.5426714379236202,0.0656899627697564,0.1367773606740561,0.15461866469786167,0.1330032394969309,0.14357063295965433,0.5197307328783947,0.6740076800362419,0.7258032675653809,0.5921987817864599,0.765085801743704,0.5598533076379795,0.03918286687669819,0.0,0.25502860058123467,True
1953,4,0.3873591812263061,0.3223393975488564,0.20548251590781216,0.33540454636881817,0.34984069422747094,0.3199421354210581,0.34522088173836946,0.3873591812263061,0.5126341183351786,0.6542974368949399,0.7770646525030501,0.2431431293974103,0.1800142379337899,0.03914532280215875,0.0,0.08104770979913677,True
1483,1,0.15752914991899725,1.0971001996456304,0.39317898250215516,0.48452236246621466,0.48311509645091594,0.5892999625229813,0.549245639997661,0.1885225265953102,0.16858208402690023,0.17623392317090147,0.15752914991899725,0.4476400163601476,0.2624356937715788,0.039137062915491815,0.010416666666666666,0.14921333878671586,True
292,6,0.12996830329435383,0.48357009511036025,0.0928630512651228,0.106735250700344,0.11850441658316291,0.11028467880905808,0.09651823557612937,0.12996830329435383,0.4041541769143847,0.515880226611358,0.6084786752539493,0.8082687256117609,0.6236651106196405,0.03913281622299921,0.0,0.26942290853725365,True
1986,4,0.4735506260307193,0.32438371686624007,0.1812502735979694,0.3442881358778968,0.33446682869581457,0.3283635681200513,0.3535268767422937,0.4735506260307193,0.6250928669160649,0.7508023682658842,0.858165096326697,0.27952423106598623,0.18786363325993705,0.03913260918925096,0.0,0.09317474368866208,True
234,3,0.04390158660302956,0.49828541704855916,0.2088067862727333,0.25903289421250303,0.26039901392950976,0.2634297305524002,0.269201261536308,0.19389857065244265,0.11820266376431865,0.0807742249766521,0.04390158660302956,0.24437678610096888,0.12788662700369624,0.03913159137439758,0.010416666666666666,0.08145892870032297,True
406,2,0.028872959667828546,0.34288185632236584,0.056601862877191024,0.09484691236244976,0.08921595408475862,0.08887001962438944,0.08066187938706804,0.4032292515660224,0.2879083886040915,0.18844519416646677,0.028872959667828546,0.6837130657541908,0.5384734520579624,0.03912870930091689,0.0,0.22790435525139693,True
415,2,0.11148568036021755,0.3438794603419289,0.06084520659704793,0.07751717530870707,0.0705753312739402,0.07139788898496785,0.06622204328759157,0.21507451278073686,0.15282720390617266,0.2007857354914233,0.11148568036021755,0.674330392720307,0.5399499346358105,0.03912336981751718,0.0,0.2247767975734357,True
1959,4,0.4228575775034651,0.32477281092181337,0.21141312661621606,0.3663101487180755,0.3766029487068921,0.3390599043296166,0.36888879274460823,0.4228575775034651,0.5628270321108612,0.6924815968971221,0.8096346217289145,0.24131244580108144,0.16513342976566037,0.03912218459834863,0.0,0.08043748193369381,True
558,6,0.41287994742661305,0.5538899527388464,0.12890868755470586,0.21956103694583476,0.2397686960014815,0.20167036396499724,0.2361476285154616,0.41287994742661305,0.6123827854677355,0.5672696291497944,0.4189017228763796,0.8504403861948487,0.6277882769162773,0.03912064979321883,0.0,0.28348012873161627,True
1900,0,0.3143044939076024,0.38201355314993435,0.09249435420514514,0.13489129414344084,0.14075758092192223,0.11921448953559,0.12696083094793592,0.3143044939076024,0.4328963692986343,0.3745624039731127,0.46892419042457145,0.5996056199710942,0.38349363421197324,0.03911576628155981,0.0,0.19986853999036472,True
357,6,0.023680995944939442,0.5029247019837417,0.38622607084523475,0.3955941339265922,0.4126051896108702,0.40798395103470525,0.4286755074910507,0.023680995944939442,0.1807098538578541,0.27784503500016666,0.3926038296958263,0.7600616152885872,0.5912893218079205,0.03903199857044569,0.0,0.2533538717628624,True
1891,0,0.18796472638124506,0.37876159332982784,0.09422109578912469,0.11603079182661326,0.11277719651976496,0.11188579670377667,0.11951817598306314,0.18796472638124506,0.24002853496129029,0.22510305645055573,0.4513287283008749,0.5678718676045982,0.4048123322634751,0.03902889285998015,0.010416666666666666,0.18929062253486606,True
217,6,0.5550621339862303,0.47837765491292633,0.051744916754463466,0.1292912642330805,0.14349030243914618,0.1254303904422522,0.14865680785639568,0.5997802553683746,0.5550621339862303,0.5730741992172222,0.5877226957615798,0.6331476666351616,0.4438068483225095,0.03901336290880473,0.0,0.21104922221172054,True
536,6,0.4537025306440359,0.5551241156970955,0.05474078789212422,0.12255382183662407,0.13075541815636713,0.11650996540297413,0.13697410200272633,0.5533326739895643,0.681747744520623,0.6996395262366035,0.4537025306440359,0.7430820087945319,0.5175717347944442,0.03898749031392438,0.0,0.24769400293151064,True
440,6,0.24852248632947305,0.5263811846981111,0.20900952876621415,0.2781314476667774,0.2937640306117591,0.28922833161097944,0.32929173213400703,0.24852248632947305,0.512552583740756,0.6010761167238626,0.660078011236714,0.8375511686810988,0.6154448445162473,0.03898479587682769,0.0,0.2791837228936996,True
341,6,0.21455904481055654,0.5056527085611602,0.2744284889864139,0.3493941679170823,0.36849875309473457,0.3177239197942047,0.3461877119807541,0.21455904481055654,0.3100171802551568,0.3980655330681786,0.5209956057688805,0.8052017088942703,0.6283679542210336,0.03898432476495401,0.0,0.26840056963142345,True
1154,0,0.003745892869453371,0.5742074099847961,0.0695842554067741,0.07222951268807061,0.07030864918633058,0.08294875310132409,0.07797108999572303,0.03662294237980368,0.12546133748148136,0.03270579344255786,0.003745892869453371,0.5920891294949275,0.37284862903632643,0.03894173663634494,0.0,0.19736304316497585,True
557,6,0.38785068488859575,0.5535313392350637,0.1314873623557936,0.21479622554484834,0.23631440449457494,0.197396483846091,0.2313568834743215,0.38785068488859575,0.6019107215979594,0.5663627579453143,0.41876210547971027,0.8446879779678097,0.6229853103736218,0.0389194765558221,0.0,0.2815626593226032,True
2087,0,0.1635173415432778,0.5070860096043773,0.06900472622054864,0.08249391128784386,0.08724434543320658,0.09177172834625323,0.10239500107025586,0.1635173415432778,0.3539055421243298,0.40452539241076524,0.49448427130322437,0.6427730232816937,0.4988836219175994,0.03890758352987796,0.010416666666666666,0.21425767442723123,True
399,6,0.36280118611220835,0.5032508569988798,0.11365038988763465,0.17835938707137655,0.19894139461623594,0.17686436688899101,0.18987319172297465,0.36280118611220835,0.5812022993826278,0.5941261887055393,0.6472235861394589,0.7148888990104834,0.5131097041293629,0.03890033189011447,0.0,0.2382962996701611,True
397,6,0.44061219663579687,0.503316529465006,0.10605472389559471,0.18959069764798786,0.2082762608941822,0.188522894023991,0.20284603643981738,0.44061219663579687,0.606927654173391,0.615563035579697,0.6656614221078474,0.6951421806909923,0.4828734389969611,0.03889992587949171,0.0,0.23171406023033078,True
559,6,0.41156603947055614,0.5542820768296216,0.12359895906219309,0.2259463738511138,0.24506868614687874,0.20874856646442175,0.24339759267586425,0.45297215018091863,0.6331503424149255,0.5758233016057901,0.41156603947055614,0.8461436590812106,0.6242292516059251,0.03889976678109501,0.0,0.2820478863604035,True
159,3,0.18613816584303144,0.5040328008770252,0.24346773233604013,0.3352443923626727,0.3289659178396627,0.3315964763569335,0.3298175473756093,0.27376046286658584,0.240707777402148,0.18613816584303144,0.253361525557372,0.24288626201524077,0.14708774097774224,0.038892917699394236,0.010416666666666666,0.08096208733841359,True
1903,4,0.6032961355681429,0.2976735336240251,0.09297862860833699,0.2506530314291923,0.25954120769678407,0.2577516003926057,0.284057145833967,0.6290544419982298,0.6032961355681429,0.668299057942439,0.7928935096056058,0.2711850697647922,0.17221788560437545,0.03887748301391089,0.0,0.09039502325493072,True
547,6,0.3323013186081747,0.5527043847797903,0.10949333058322279,0.1639861417053913,0.19228753542004992,0.1534838039380679,0.16726936519512778,0.3323013186081747,0.5868029676592745,0.5822306648366486,0.3877091748558579,0.8309040123648886,0.5963581320222033,0.03887565694310641,0.0,0.27696800412162953,True
404,2,0.0969889335845614,0.34290161668018887,0.0434093678968491,0.07872628703738584,0.07482201891755719,0.07319519029977431,0.06557268212340002,0.44860389673610934,0.40370346992289796,0.27159566724618833,0.0969889335845614,0.6697402013739504,0.4729948779156654,0.038857055625667956,0.0,0.2232467337913168,True
484,6,0.3053653984796485,0.5444479751043986,0.12394498147478565,0.17843191399263214,0.19349542638530207,0.180550864899368,0.2078684302927913,0.3053653984796485,0.5303861810328212,0.6485489243654445,0.6125812469948488,0.7556332682250814,0.6257235001913841,0.03882691811127127,0.0,0.2518777560750271,True
226,6,0.47210986146458533,0.4771464626175712,0.046675982972772756,0.09925258172899547,0.10675604312373595,0.0954959512389842,0.11732998013916562,0.5297252508733794,0.47210986146458533,0.5852063232458724,0.6136934479654623,0.5977764684293518,0.39422717618975867,0.03878574170143164,0.0,0.19925882280978394,True
223,6,0.4917132597097348,0.4775974541968572,0.05898568177401967,0.12891573038783422,0.1380389304256827,0.11973481897575784,0.14622991593489001,0.5424477556263673,0.4917132597097348,0.578425573848451,0.6050276603600415,0.6284578706641888,0.4430119066940392,0.038784639073731704,0.0,0.20948595688806293,True
431,6,0.19020447119252815,0.520997946050202,0.2001574826235328,0.24717039734498222,0.26862507791122503,0.253641816542861,0.2831979162624606,0.19020447119252815,0.46367723945448713,0.550565080931757,0.6126131086742657,0.8299977127352243,0.6649054048740481,0.03877884643489282,0.0,0.27666590424507476,True
1977,0,0.46141091806818113,0.39864421190980387,0.08496830313176089,0.1587242066921459,0.16937589207656992,0.14328808785477296,0.1502194556710332,0.46467961691211057,0.5357825905906699,0.46141091806818113,0.506837353381922,0.6339606963472566,0.4089199282637139,0.03877451058256407,0.0,0.2113202321157522,True
541,6,0.36711495791791904,0.5556127214369544,0.047814660490569295,0.13442456339139644,0.14955319559157476,0.12569622080244122,0.14376343801101718,0.6443011657672264,0.7672261344679906,0.7295543659043342,0.36711495791791904,0.7478162630916501,0.5089307797119886,0.038770786094582343,0.0,0.24927208769721668,True
318,6,0.23075308149869234,0.4872886813137521,0.14315550842189326,0.18609825399209565,0.20353458068351737,0.18657624215472945,0.18691813420238693,0.23075308149869234,0.4267633699671566,0.5419849043799121,0.6532596127739488,0.8004721478600239,0.6111935899050991,0.03875534022441208,0.0,0.26682404928667464,True
507,6,0.4244428172023055,0.54385660142246,0.08849023252829058,0.15374707357165318,0.16493336669154268,0.15443027015023536,0.17340837278084245,0.4244428172023055,0.5864266066259091,0.6739007765456221,0.5976410530364571,0.7569879129192358,0.6291570265736368,0.03875347621380708,0.0,0.25232930430641193,True
248,2,0.10427389976046708,0.3181613723473164,0.04171982882091977,0.06002714016959352,0.06179211231518935,0.05744715116536975,0.057448766888013404,0.30498390056481883,0.23148171085846292,0.20224741273521019,0.10427389976046708,0.587369611970469,0.3833514677794909,0.03871404966102564,0.0,0.195789870656823,True
137,6,0.0984934419142649,0.5326483454108243,0.32629651375283736,0.3619458015321569,0.39735934201746154,0.33632733949554366,0.36098921793409317,0.0984934419142649,0.3203408815814467,0.35892736983808937,0.44320098748309167,0.9263249821454952,0.6525421205115265,0.038710637984140116,0.0,0.3087749940484984,True
317,6,0.22376535001345854,0.48695272559771885,0.14155013494772442,0.18235482653367593,0.2015043182688588,0.18272271601869972,0.1830503251583421,0.22376535001345854,0.41969718142649226,0.5330935090951985,0.6478244841379119,0.7993032700627071,0.6350437376425759,0.03869874830321047,0.0,0.26643442335423567,True
2120,0,0.23910005014227576,0.5336740679863557,0.09822344674499488,0.1290885178312353,0.14061675924703573,0.10913508760597213,0.12852542375117748,0.23910005014227576,0.3954235616490521,0.3220437229804244,0.42628914062351353,0.6802406324148981,0.46708254719990805,0.03868471627171341,0.0,0.2267468774716327,True
1565,0,0.04202708392938459,0.468492393491318,0.1927778048648047,0.24719404584861662,0.2625026019980698,0.2152867448869694,0.23961895631822205,0.22013572696300632,0.11860067880586656,0.04202708392938459,0.3195834141454281,0.7707220946182058,0.4992959930112306,0.038663350689618355,0.010416666666666666,0.2569073648727353,True
149,6,0.03154268713987041,0.5168585880474733,0.2934151517241734,0.3029716930502957,0.3231390578293112,0.30970761880979,0.3396838453021038,0.03154268713987041,0.2257005527408693,0.3631978947009027,0.4642338812344221,0.8237251884854588,0.6399766913831115,0.03864805358103087,0.0,0.27457506282848626,True
506,6,0.45621885844248244,0.5435720585578312,0.08387048389290501,0.1542357347161399,0.1660760350601804,0.15373608994149668,0.17211302474322465,0.45621885844248244,0.6040973865035146,0.686196941628397,0.595450585076671,0.7506944595941588,0.600244973652309,0.03864382036477699,0.0,0.25023148653138627,True
1861,1,0.02602634950884508,0.5861024893671631,0.3733127472306084,0.3832883436244445,0.407298934819798,0.4136558158296803,0.42371994009981134,0.02602634950884508,0.07385076066047502,0.08613814874285075,0.1558686359864394,0.42280595913953845,0.2709107521752472,0.038630449785181896,0.010416666666666666,0.1409353197131795,True
416,2,0.0792402937461778,0.34402208748902857,0.06491812186712766,0.07988142447773156,0.07273212356750121,0.0738620986222457,0.06807824392364684,0.1873189256255089,0.0971684056177885,0.15284869809352375,0.0792402937461778,0.6647083856917166,0.49401501530523717,0.038565119227850476,0.0,0.2215694618972389,True
411,2,0.09652839120540224,0.3430634794185709,0.059338497738541024,0.08769254870705108,0.0810652590602425,0.08345121876047608,0.07553526586402413,0.32333478028139684,0.24605740961560618,0.2329486480914732,0.09652839120540224,0.6645719031427323,0.5579552001395953,0.03855720076933934,0.0,0.2215239677142441,True
512,6,0.5190370284760818,0.5476562244796312,0.0738150013276379,0.15347335595036984,0.16034537885860342,0.1586316914910921,0.17545734131240767,0.5190370284760818,0.6809784177615097,0.7489628986806048,0.606582378344323,0.7435097394660867,0.5339244004889849,0.03854572593977592,0.0,0.2478365798220289,True
505,6,0.5121996800999062,0.5433019335440035,0.07533240441181584,0.1544328720966084,0.16768882253478476,0.15322787573947408,0.17087161551194363,0.5121996800999062,0.6349018765787801,0.7054672949450533,0.5966634981283794,0.7532702876911515,0.6027815365814604,0.038521733637137734,0.0,0.2510900958970505,True
320,2,0.11218385947963061,0.326264772540882,0.03383248711633219,0.039231405304096086,0.03552493086582847,0.042444229665177115,0.03907247428548023,0.13761725194178054,0.11218385947963061,0.2017326039661983,0.12089965332591068,0.6412231571386855,0.4189861779911741,0.03852115490129811,0.0,0.21374105237956184,True
214,6,0.5646213777914855,0.47837765491292633,0.04875717444130867,0.12248138694844517,0.1406232146923783,0.122052174052645,0.13952973728101328,0.6019217641466492,0.5738315564355402,0.5646213777914855,0.58580262726541,0.6294157817999615,0.45750142255229775,0.038516940817443404,0.0,0.20980526059998716,True
546,6,0.385110458008017,0.5530998050683325,0.09609350108765084,0.15782659352809292,0.18475723963430632,0.1468774535948573,0.16048420044902303,0.39114506028702745,0.6246122711830702,0.6127356741022196,0.385110458008017,0.8268041865096597,0.6193815749912233,0.03849709402921237,0.0,0.2756013955032199,True
540,6,0.3778562373818851,0.5559418625215553,0.04667598891207566,0.13353111922525773,0.14712938869508788,0.12377534442545761,0.1431372586140187,0.6504486056666947,0.7672197321629476,0.7335750906135222,0.3778562373818851,0.7382458621421032,0.4910094637290854,0.03849067633579488,0.0,0.24608195404736774,True
1887,0,0.18551024831991636,0.3803809326991405,0.07457859569397521,0.09156480549956421,0.08885148822592732,0.09413754114824895,0.0969546247809217,0.18551024831991636,0.280649696276998,0.314169759632709,0.4606779635877287,0.5512948759615905,0.3493954804544046,0.038487496278929965,0.0,0.18376495865386352,True
252,2,0.07016756740595964,0.317814175301083,0.038170351251612555,0.04277071694529361,0.04642960109326225,0.04556879117661281,0.045576231173774594,0.10755876969668765,0.15473730566597532,0.15801550097593386,0.07016756740595964,0.583824449463056,0.3540247911671415,0.038480384870455416,0.0,0.19460814982101868,True
424,2,0.10630655486087104,0.34610145033373846,0.04338675533720621,0.05548894130573898,0.04831259651108538,0.05580483279856785,0.05023119088903203,0.21810086268993367,0.11044765454399308,0.24614453009540582,0.10630655486087104,0.6796058770197174,0.3921879744570518,0.038471883626442535,0.0,0.2265352923399058,True
1704,1,0.05178967194897888,1.076540392991297,0.3333858836007149,0.3875999645388713,0.37738338027252105,0.4175114421002406,0.37969274298954653,0.13987122264744012,0.07389261803900915,0.05178967194897888,0.1215716072853188,0.3304049680411483,0.23984608722245326,0.03846717340531004,0.0,0.11013498934704942,True
543,6,0.36579374192028824,0.5547546652633184,0.05789433855576339,0.14151313516571115,0.16064365108862197,0.13361008490175297,0.14944343115892367,0.590890707862776,0.737839063413321,0.7028292596087685,0.36579374192028824,0.7732816484946845,0.5741184100072019,0.0384648522280013,0.0,0.2577605494982282,True
1947,4,0.4744553265846796,0.32415556348486635,0.13778002642478857,0.2621661552183702,0.2749531764432109,0.25401973797291516,0.27173354831468427,0.4744553265846796,0.6030557922531892,0.7223789117908164,0.8231471053050999,0.22793276481395472,0.15736674555306251,0.03845776359630791,0.010416666666666666,0.07597758827131824,True
491,6,0.45565099355660255,0.5483117075787797,0.09110247398122195,0.16736041198358462,0.18059259961036658,0.17376949215150675,0.2009146582039748,0.45565099355660255,0.67095868840283,0.7474467263154645,0.6332495090172773,0.7796372758646086,0.5849145977132082,0.03843797303364391,0.0,0.2598790919548695,True
175,6,0.0560019567351705,0.47335203636913276,0.44404199061766686,0.47038443965619026,0.49427813811920646,0.5108644813988783,0.5299514497597116,0.0560019567351705,0.2101237905672979,0.35172887433514777,0.4455485118792737,0.8037283624113479,0.6202089702627234,0.03840951255642274,0.0,0.267909454137116,True
2095,0,0.3847490007565608,0.5300056859513891,0.08125912819036933,0.13207476020403366,0.1492502217463649,0.12556486003793035,0.14295270436715996,0.3847490007565608,0.47781050489625854,0.4089848685941343,0.48262533602820723,0.6494561967248831,0.40864978899716675,0.038407964638142396,0.0,0.21648539890829435,True
1921,4,0.4562671478628927,0.3176034879503076,0.15012418188857055,0.27609915659595885,0.2862799283503051,0.28770805971767727,0.3080133632054798,0.4562671478628927,0.5333867748919854,0.656635352464197,0.7953824987190197,0.27378965437179514,0.192995318435365,0.038395157087655604,0.0,0.09126321812393172,True
548,6,0.3442942611795188,0.5524157198097075,0.11051198659245247,0.16853899554279847,0.1980699607611863,0.15800663512563595,0.17213944670237222,0.3442942611795188,0.5907819044431566,0.5824764307924092,0.38738248534929187,0.8233189874830084,0.5725651234115503,0.03837857015962045,0.0,0.2744396624943361,True
556,6,0.4091611052836769,0.5531983453030487,0.1236643426735828,0.20930298221642504,0.23173029292949388,0.19251644718225935,0.2256290572948718,0.4091611052836769,0.6149974984496398,0.5790584147638109,0.41247198591750445,0.8284906826507262,0.5966332974849138,0.038378283496601884,0.0,0.2761635608835754,True
1825,4,0.1120560829785835,0.3034607869247249,1.732825935781477,1.9515038084772225,1.9923645761013884,2.030772103346424,2.12841721728233,0.1120560829785835,0.25418747503106665,0.29866755306410064,0.49914743297735,0.43070945836075664,0.3165627829289086,0.038363717735642205,0.0,0.14356981945358555,True
1935,3,0.021461063862548424,0.5925639822757403,3.2936921983931566,3.3996918482164404,3.388350532757585,3.6518767490879838,3.6417694586504674,0.031179193455105003,0.021461063862548424,0.05287233420455928,0.05135159054500393,0.411235047737958,0.23271809016315004,0.03835432130123759,0.010416666666666666,0.137078349245986,True
1905,1,0.08255767889209187,0.43349045359907923,2.160526547388043,2.35494537114767,2.429587352001538,2.2251987467114596,2.295718874856702,0.08255767889209187,0.11982460150867824,0.09058964497794142,0.17184492281839903,0.4343996671613618,0.29306382031778,0.03835218567468175,0.0,0.14479988905378727,True
565,6,0.3274045000514221,0.554700221072377,0.1021923172306054,0.19985794987858074,0.2178803906680754,0.2020103761592259,0.22405643140709738,0.48867524512940275,0.6932963567652202,0.5564663511157959,0.3274045000514221,0.8135502611125259,0.5946322196657547,0.03833557360279961,0.0,0.271183420370842,True
146,6,0.03835943578996637,0.5213318696476738,0.2830805009492263,0.29437246252374,0.318368887138768,0.3038998597499047,0.3263960276946823,0.03835943578996637,0.2322752506969482,0.36805570571587487,0.46670306687308094,0.822219271477481,0.672869149096897,0.03829648346440126,0.0,0.2740730904924937,True
423,2,0.1353759303468396,0.3462308274481602,0.04051074987661267,0.05708755123629403,0.049334028683480614,0.05870258819772497,0.052328428313199636,0.29037506427745463,0.1353759303468396,0.28328002035602395,0.13937047194964303,0.6764445454628596,0.37497482621082057,0.03829292346162849,0.020833333333333332,0.22548151515428652,True
840,0,0.10137983109364646,0.601999066979417,0.29607174662332175,0.33637053287763724,0.3475024924912331,0.36962713469273245,0.375921226255143,0.1198047460030488,0.10137983109364646,0.24406490465296227,0.29149209105900087,0.7998777910147916,0.4903402924506963,0.03828122475086152,0.010416666666666666,0.2666259303382639,True
35,3,0.0617381696511643,0.5139818887377331,0.2107949572447704,0.22466538702357644,0.2222218723864219,0.24786121416074017,0.24205811132861169,0.0617381696511643,0.06485985740263256,0.24797014264047335,0.3180965118663144,0.21444988401619558,0.12252684449595885,0.03827411247547254,0.010416666666666666,0.0714832946720652,True
215,6,0.5802096598473505,0.47837765491292633,0.047250585881610206,0.12455580902985401,0.14174772855962703,0.12169046769849441,0.1411546817841696,0.6206472724986676,0.5802096598473505,0.5804742671938425,0.5960121751384705,0.6288456564539693,0.4712892146929164,0.03825741876273339,0.0,0.20961521881798975,True
291,6,0.1420869312446521,0.48387995053790356,0.08947482859885168,0.10429358388101129,0.11588115719194657,0.10688384585963334,0.09436213707377188,0.1420869312446521,0.4276590957349278,0.5318090249904937,0.6138117806265893,0.7897082411712866,0.6194375057377215,0.03823419921159724,0.0,0.26323608039042884,True
193,6,0.47718793950941807,0.4792135166184609,0.16750287300699995,0.3203883109540802,0.33373155668572957,0.3382784592768549,0.35917801061769744,0.47718793950941807,0.5525148413420127,0.5408477610557825,0.5730797336408759,0.7401598754395303,0.5936806201593612,0.03820815587125993,0.0,0.24671995847984343,True
1895,4,0.3364214440576958,0.2940139889110673,0.18063049240189752,0.2722066449923115,0.27806398057857334,0.2626878936469897,0.294832057815567,0.3364214440576958,0.3429573226074146,0.45614616003888875,0.6646221018305898,0.26700056284718754,0.18513368241766415,0.0382080791616855,0.0,0.08900018761572918,True
430,6,0.20171243210786782,0.5200764612233965,0.19769166587814957,0.24764467571523355,0.27060717380985533,0.25343071156565505,0.2808021177693558,0.20171243210786782,0.467435961436076,0.5365867863512397,0.6021005072850985,0.811454347016029,0.6349210007266493,0.03818576584191294,0.0,0.27048478233867634,True
1921,0,0.1201587810981316,0.3889809083620156,0.08801985113963122,0.10004060874698388,0.09946342594742719,0.10589831395572508,0.10665964570486197,0.1201587810981316,0.3956130802799327,0.5139476047532252,0.5959017585751338,0.5974057868503024,0.38020342358035464,0.03817136916197322,0.0,0.19913526228343414,True
38,3,0.07468971827747639,0.5134861031705763,0.2105207885017237,0.22751372448799115,0.22663470812189349,0.251563225668126,0.2535787985767021,0.07468971827747639,0.09846412710381758,0.22672354749940915,0.2723305937785112,0.2138425200987815,0.12826481370859888,0.03816571272046547,0.020833333333333332,0.07128084003292716,True
511,6,0.46873540367238486,0.5464749870550635,0.08232845109129598,0.15496694426919136,0.1630392587183066,0.15946155725596045,0.1769980500444043,0.46873540367238486,0.6439823807689048,0.7228068545798492,0.6114744196038598,0.7462258547646871,0.5238494432115886,0.0381546821667269,0.0,0.248741951588229,True
1937,4,0.5570200437102109,0.3234324122527577,0.1340700777120514,0.30265495268671994,0.3202535771777459,0.30387164353580487,0.317794541333238,0.5570200437102109,0.6304382029702911,0.717359147856517,0.8009584562047929,0.24909165309406825,0.18266611114462705,0.03814747545910821,0.0,0.08303055103135608,True
2118,0,0.28966343151275364,0.5338862000133081,0.07790064253880911,0.1096672281770719,0.11908466244553884,0.10130349397299739,0.11902093378126966,0.28966343151275364,0.44603542086015746,0.365773724764063,0.4620414222103273,0.6324841004545725,0.43985943777596503,0.038133615704971466,0.0,0.21082803348485749,True
316,6,0.23178197992280591,0.4866369353997159,0.1387709235714402,0.1806400265871085,0.20182176820175965,0.18168535001911748,0.18206678950593372,0.23178197992280591,0.42552872671894904,0.5346883290102871,0.6489143890830562,0.7875602516369492,0.6048368188895097,0.03813020300707686,0.0,0.26252008387898307,True
408,2,0.00038971881384153306,0.3429171778557882,0.05932352593887994,0.07621728072889415,0.0701138156746135,0.07205804418466748,0.06558644441803056,0.22165255213060553,0.14663125029556978,0.1328296602897786,0.00038971881384153306,0.6571840541488929,0.47793232822562715,0.03812857178944723,0.0,0.21906135138296431,True
188,6,0.36851670064023445,0.4797252079362188,0.21101466553344916,0.3341571594171819,0.3540693294311563,0.3518850411094024,0.3625560603326215,0.36851670064023445,0.49934524894130294,0.5133287112636307,0.5431652606480335,0.7467457747852476,0.5564492139479427,0.03812718681775906,0.0,0.2489152582617492,True
2074,0,0.20548214664609088,0.4886080096258647,0.09447312849834645,0.11890623741121202,0.13484043429814152,0.11439955852592332,0.134160925112876,0.20548214664609088,0.45183489797817544,0.4082188735184348,0.4554864385323951,0.6883747664166755,0.5087058700792682,0.038116494394178795,0.0,0.22945825547222518,True
327,6,0.37869735177284214,0.4966077917515376,0.13312224825689417,0.2142631270553069,0.2426562035101534,0.21064523136131452,0.21548314278900685,0.37869735177284214,0.5429630814628188,0.5776091238642205,0.6463346769643574,0.786142397143383,0.6171909540867091,0.038061556729459614,0.0,0.26204746571446097,True
59,3,0.29629601336888944,0.5085602000148027,0.23414399472632696,0.33273080609825767,0.3527041733718151,0.3220018578535524,0.3249099696444726,0.29629601336888944,0.30408258498934604,0.36347059412845806,0.38428082829010224,0.20727634376827375,0.12156080748512377,0.038026319762263804,0.0,0.06909211458942459,True
216,6,0.575627331284426,0.47837765491292633,0.047472593357186156,0.12590949356278391,0.14164307868906084,0.121772118994523,0.14316911016045136,0.622962558152819,0.575627331284426,0.5830915355524554,0.5941320933576537,0.6232921238924785,0.42907030500055043,0.03802339319382776,0.0,0.20776404129749282,True
418,2,0.08299657381246273,0.34487987370233897,0.05928632281285275,0.08009282255935493,0.07220576575005307,0.07763110914701377,0.07011340724853983,0.25977982897385055,0.14487642975454162,0.17872565406489738,0.08299657381246273,0.6170072300370077,0.40670788948669134,0.038007081889251816,0.0,0.20566907667900258,True
564,6,0.32693453658470173,0.5549051580938479,0.1024478062312298,0.20163646689771783,0.2172551440465321,0.20381553506233283,0.2276488254465359,0.49191826355895485,0.6878726506461691,0.5634232248490039,0.32693453658470173,0.8099941416691472,0.5760497470189989,0.03797226114332161,0.0,0.26999804722304904,True
400,6,0.3555529832608064,0.503003516264297,0.11221732462335605,0.17412963627507982,0.19550771839979267,0.17335053001548847,0.18517981768169486,0.3555529832608064,0.5809886127065894,0.5900184726233706,0.6407684333679493,0.7251394814212707,0.48643643469981157,0.037942303839369376,0.0,0.2417131604737569,True
394,6,0.4537334697051273,0.5033811025986715,0.10748720088018711,0.19676695334448902,0.213198622417912,0.20191156206991512,0.21729120674314828,0.4537334697051273,0.5930392489455278,0.616056771425445,0.6718603561501933,0.6800430009947789,0.5187196961037444,0.037941872246295506,0.0,0.22668100033159297,True
501,6,0.5648728622407506,0.5426132879414367,0.0645045687465385,0.14824303783651413,0.16683046987337938,0.1439360307147007,0.15555045715782664,0.5648728622407506,0.6852237756025286,0.7343405334583758,0.5977934373716638,0.7440293286206057,0.5700188934397943,0.037931480175593627,0.0,0.24800977620686857,True
560,6,0.40024046365813326,0.5546957200627954,0.11449223780136049,0.22836542655603542,0.24551191422212906,0.21423788399058616,0.24792380917898948,0.498644608651972,0.6614451565864921,0.59068173498287,0.40024046365813326,0.8185432166904185,0.6078498289184608,0.03792677105561899,0.0,0.2728477388968062,True
427,6,0.21149742181756592,0.5162795187048205,0.1859071636582568,0.23577242332775716,0.25804436422361826,0.23978590390543267,0.2633662180639959,0.21149742181756592,0.4795403482403805,0.5294072747492344,0.5976613458088748,0.7979858262200045,0.593574023752069,0.03791543498064845,0.0,0.2659952754066682,True
539,6,0.40599085566898385,0.5561059017414672,0.051310522159163575,0.1376327462296069,0.15023720295426826,0.12635574572179542,0.14713836425147328,0.6271924846027238,0.7427888447034908,0.7233733109911495,0.40599085566898385,0.7287074904639242,0.5226441701497038,0.03790642172311469,0.0,0.24290249682130807,True
1930,0,0.25408446087149783,0.3887144636150834,0.0817944790476653,0.10965648891459039,0.11492123315071782,0.1124414677618409,0.11797735102484479,0.25408446087149783,0.44546298541173857,0.5478907604720555,0.5697425498568599,0.5810221598433152,0.42662969805903117,0.037903458960130886,0.010416666666666666,0.19367405328110507,True
2140,2,0.07153026249603633,0.3158184207747495,0.02033641490585679,0.021903153204032105,0.02175314863428425,0.02218813242984698,0.023007698909620043,0.07153026249603633,0.3051769007029028,0.23882191826728538,0.3049150842035291,0.6024809864323946,0.40592213089657037,0.03790142000108831,0.010416666666666666,0.20082699547746485,True
2121,0,0.3319255337067576,0.533681933649766,0.07333316988581162,0.10976795789351872,0.11568268978076235,0.09936229736648543,0.11443239881123002,0.3319255337067576,0.4264149050194376,0.3588883886593376,0.4539674899226751,0.6459293028353048,0.4654513575595729,0.03789994745906323,0.0,0.21530976761176826,True
638,1,0.023826842391250103,0.4598219568889142,0.09987163140067266,0.11067181121980345,0.1019141409158121,0.11101139813856598,0.1076464361575441,0.09758744977689693,0.023826842391250103,0.06567838339418552,0.0525326912708427,0.2681020787603428,0.17912381445040682,0.03789257784707562,0.0,0.08936735958678094,True
403,2,0.14031490995786222,0.3428969109798547,0.042482667099352445,0.07270897203588007,0.06933888215591248,0.06788445608587826,0.060886055679923,0.41571630144367466,0.4265750677594714,0.3102080665723408,0.14031490995786222,0.6530009988907064,0.45731448252895746,0.0378858788608771,0.0,0.21766699963023547,True
1967,0,0.18492918368406075,0.38341958526400016,0.12159254667006625,0.149180346340525,0.15134816576752697,0.13809718398768364,0.14893600472122895,0.18492918368406075,0.208776444314411,0.2891319963769601,0.4555196390000861,0.5779785875298031,0.38144302805909547,0.03787794050747005,0.010416666666666666,0.19265952917660104,True
537,6,0.43222096163369783,0.555676095775186,0.051699932054885434,0.12436616546219999,0.1326490863437592,0.1187604297589054,0.1386079745400286,0.584292626030999,0.712365749063268,0.7177259887116494,0.43222096163369783,0.7327653179100994,0.5153474518665746,0.03787543424604415,0.0,0.2442551059700331,True
1937,0,0.08819632232729258,0.3879475531812069,0.0997434640800771,0.10939138163454533,0.1167477686461541,0.10930442412584973,0.11162785015032033,0.08819632232729258,0.23642856456314942,0.399744078759004,0.5236691937358853,0.5805351063360991,0.3931425494984353,0.03787168562359045,0.0,0.19351170211203303,True
1809,4,0.14586373783657935,0.3450572463632022,1.7344152958963743,2.030607261074851,2.1199232687914535,2.119838768651529,2.228357432204602,0.14586373783657935,0.2875369802975569,0.329135753580731,0.5046311417352949,0.4278260019021295,0.31526491519741295,0.03784718066489935,0.0,0.14260866730070984,True
1503,0,0.03847390870335465,0.5087848292071381,0.23954065473448907,0.277190442760471,0.2844640100070197,0.35090788261077205,0.33029694335616316,0.1358264291186847,0.03847390870335465,0.0391482659627419,0.2303398413643396,1.0256842029485833,0.6776042574182384,0.037846333806713206,0.0,0.34189473431619444,True
1752,4,0.00933208563152299,0.652390385164152,0.6414919794273345,0.6475348299094431,0.691093577272703,0.6515810419688143,0.6981735764107526,0.00933208563152299,0.16567760258639597,0.24223571381515574,0.4512298010255148,0.5566902370206983,0.41446113687387154,0.037810922611005666,0.0,0.18556341234023277,True
1981,0,0.13281423756169253,0.4195849095043378,0.12310473185847509,0.14195889415012494,0.14404350306342628,0.13328160658674973,0.1413027518577127,0.13281423756169253,0.23886763040417291,0.3290501615177912,0.40466892207073857,0.5685556835730232,0.329875855423154,0.03780884982652335,0.0,0.18951856119100774,True
1969,0,0.2886972960344698,0.38310914356891546,0.08761460677620088,0.12317485409200228,0.12410629916007014,0.11834533825480346,0.1279320597359267,0.2886972960344698,0.4067104528924008,0.42071364022886804,0.5291376618145152,0.5776348070925212,0.3698476698297384,0.037804570339337165,0.0,0.19254493569750708,True
1897,4,0.504035107673264,0.2958938564538919,0.1279665644375401,0.2641820075902234,0.27446673643918224,0.26176288903340567,0.2912371315963394,0.5156121130094866,0.504035107673264,0.5725682110630965,0.7401063680773365,0.27350778420988764,0.18171603984200146,0.03779913604101993,0.0,0.09116926140329588,True
549,6,0.35831335639778206,0.5522789140570821,0.11128065767311646,0.1734190025343576,0.20392202105112553,0.16257395760934892,0.1777435398079712,0.35831335639778206,0.5946336592166079,0.5846434715297472,0.3861809056481331,0.8164896102907969,0.5976386699157956,0.03779451031214126,0.0,0.2721632034302656,True
132,6,0.1173125687969152,0.540942185510949,0.22212846501296724,0.25165019593652843,0.2700081414985831,0.2570706269091856,0.2698018180252429,0.1173125687969152,0.41614908885280943,0.533462344486822,0.6128162923481801,0.8055079487921093,0.5005802674720741,0.037793325735374514,0.0,0.26850264959736975,True
428,6,0.22133707395545477,0.5177638627382257,0.18714735574667093,0.24034450528849852,0.26383633207981977,0.24451045757102882,0.2691414430792423,0.22133707395545477,0.488645427287571,0.5337917746986918,0.5999671272957692,0.8004133975594326,0.590680816001111,0.037769107525956795,0.0,0.2668044658531442,True
1990,4,0.4939359379079402,0.3211101696029279,0.2228898630697107,0.4404380389081335,0.43353358641097817,0.4043655111914619,0.4375484018324998,0.4939359379079402,0.6347727616388215,0.7329928131159948,0.8455017375409261,0.2765222562112971,0.2092421047931481,0.03775601546025525,0.0,0.0921740854037657,True
485,6,0.30208338881990127,0.545095659388512,0.12872125480336785,0.18443643945616173,0.19915510994145572,0.1851210426406602,0.2133577185872916,0.30208338881990127,0.5235834513477733,0.6353555623820568,0.6105902041489792,0.7332054057090313,0.6099874537144103,0.03772706245268391,0.0,0.24440180190301042,True
1935,4,0.515435734795177,0.32275776773700593,0.1626248873851751,0.33561056615768886,0.35727571980522327,0.3363648239188895,0.35231989227973376,0.515435734795177,0.5887385779829677,0.6867389580365286,0.7953092088363345,0.2451681916025287,0.18755588705985815,0.03772324346896413,0.010416666666666666,0.08172273053417624,True
1912,0,0.13744935998909058,0.3902744680983224,0.0828575012327692,0.09606102805943224,0.09614666326394283,0.09978472528593763,0.10089780576809448,0.13744935998909058,0.3357690102539991,0.433447300357624,0.5215667461300668,0.5782139359857912,0.40888917754028853,0.037720262164739775,0.0,0.1927379786619304,True
2003,4,0.6242158501844398,0.3219747966554996,0.07776024798985375,0.2069279612458894,0.21094334521552183,0.20392969227369473,0.21802434216089928,0.6242158501844398,0.7679271316894579,0.8260926322756776,0.8887273082707408,0.2708476871446027,0.1597158518281816,0.037712131068009344,0.0,0.09028256238153425,True
2063,0,0.1257557724459898,0.45754025310529783,0.08223171058273614,0.09406034148238733,0.09871844973284227,0.10225176314150325,0.11746675183024219,0.1257557724459898,0.3454706776926336,0.4173830707405387,0.5037910554389051,0.6369122954527515,0.47771599166054557,0.037711721539897644,0.0,0.2123040984842505,True
1971,0,0.318180422978087,0.38284040499451344,0.07835488875919705,0.11492026835228113,0.12078303731691024,0.10809945931836078,0.11788892119075796,0.318180422978087,0.46241356199591654,0.4565208467276942,0.5546195099329898,0.5587377674357359,0.40391355479019353,0.03768379917483318,0.0,0.18624592247857863,True
1957,0,0.2643247381074011,0.3868060003996195,0.11611229232448135,0.15796579219395454,0.16499829829842544,0.14923565568938194,0.1516558844098004,0.2649529324556823,0.2643247381074011,0.3056174876721496,0.3905478376643936,0.6245327694479428,0.41654976662005083,0.037667075477739426,0.0,0.20817758981598092,True
1961,0,0.023599548064169418,0.3849689230982758,0.12342748281131545,0.13026743355969986,0.1306912247323516,0.12994755024779137,0.136563645819059,0.05250698936392073,0.023599548064169418,0.21834760962835098,0.37382135539990624,0.5878418236810503,0.3974464830290003,0.03765292786584815,0.0,0.1959472745603501,True
195,3,0.10862972220049416,0.4768242778583467,0.31144533020142123,0.3646164348017615,0.3553692602364431,0.41123421391465215,0.3951064676952412,0.1458275039885376,0.10862972220049416,0.16462058296331294,0.14473724753218653,0.22899186875355226,0.1467863026377696,0.03761266573177981,0.0,0.07633062291785075,True
225,6,0.4912633597270508,0.47722850720656085,0.052914261946934014,0.1185094410055918,0.1270289989383856,0.11130804533378276,0.13493521980553114,0.5535017168426498,0.4912633597270508,0.5826782627137885,0.6095905197134813,0.5961089539292328,0.40797733591452356,0.03760647941372288,0.0,0.1987029846430776,True
538,6,0.42576374426615005,0.5560044949693496,0.05425281168071298,0.13451352603361813,0.1450420994959316,0.12487317180591366,0.14559100295767824,0.5966739310130499,0.7245298303731551,0.720565151621999,0.42576374426615005,0.7206292090487867,0.502308855527815,0.03756167042392796,0.0,0.24020973634959555,True
215,3,0.24830160466286244,0.4893755032177905,0.16372996457623504,0.2296462016000942,0.22306107999243538,0.2443543458124325,0.23439910688613078,0.28703386585355184,0.24830160466286244,0.30400339854313696,0.26584239580498337,0.23046378780333682,0.1349735316631957,0.037547052622466985,0.010416666666666666,0.07682126260111227,True
1886,4,0.3443296589122581,0.27801074792748914,0.1499959790985533,0.2287673693608185,0.2412749800738816,0.23847278358362423,0.25810771653691167,0.3443296589122581,0.38323738221857306,0.47838190737359676,0.673243164002919,0.25249863116892113,0.16548308477410956,0.03752748026088954,0.0,0.08416621038964038,True
857,0,0.17441069531292652,0.6012196151983558,0.2872477037301827,0.36457553959369876,0.3676886701892985,0.42164006003739524,0.4229261839643879,0.2121037411058736,0.17441069531292652,0.24648812345053384,0.26286420327716364,0.863237558131124,0.6167997231651725,0.037521089295128186,0.0,0.28774585271037467,True
189,6,0.38735413659397644,0.4798082052172571,0.20655722642461152,0.33715599624920384,0.35682640063223214,0.3518247312655289,0.3642915663346713,0.38735413659397644,0.5132536239933732,0.5198765174509032,0.5522977477454871,0.7304321153199069,0.5582836215950522,0.03751855864683136,0.0,0.2434773717733023,True
1883,0,0.08830946466503309,0.38040640995071606,0.08073518008389878,0.08855546586785135,0.09055856143057611,0.087158808671619,0.08962113309026559,0.08830946466503309,0.3012927662840005,0.3101836384555001,0.4564114879622544,0.53709300142852,0.33476903509449585,0.03749602217481828,0.010416666666666666,0.17903100047617335,True
115,3,0.03727513292125839,0.5118923638108119,0.2434458391460799,0.2528716640350045,0.24705141711431122,0.25791656899870957,0.2529546049728876,0.03727513292125839,0.1816714908811743,0.24044835572684098,0.2385666378945056,0.22499375378606656,0.12341783116429683,0.037473979361081836,0.0,0.07499791792868886,True
545,6,0.3774926732052519,0.5535064502850908,0.07778624135205492,0.15005629698815223,0.17494076039001927,0.14074560972387726,0.15386356916177246,0.48161961268312137,0.6785921062917737,0.6531618149712879,0.3774926732052519,0.8099354417177361,0.5600359456929027,0.03744880909272388,0.0,0.2699784805725787,True
544,6,0.36049969700822215,0.5539965082710906,0.06417749468799568,0.14116152866011009,0.16277353261916072,0.13429606227585258,0.1479405145386501,0.5453612942764117,0.715067692938014,0.6818005621786793,0.36049969700822215,0.8023241201782945,0.5934604360014646,0.03743829358197995,0.0,0.2674413733927648,True
1938,0,0.28219435701045814,0.3870170515660234,0.08795895330006631,0.12253867625466387,0.13142277899608723,0.11945264538981644,0.12149747602275825,0.28219435701045814,0.3753019650575785,0.43903477027811866,0.5247570507846151,0.5874299148213946,0.4043287284814028,0.03742316121133875,0.020833333333333332,0.19580997160713154,True
400,2,0.05192601922361961,0.3431699457897858,0.06365874734679196,0.08153573990655363,0.07663876463941476,0.07902759741727224,0.072852686121719,0.21925345351928016,0.18095165476382213,0.165442724436478,0.05192601922361961,0.644687026994091,0.4446669281511886,0.037403517987520105,0.0,0.214895675664697,True
322,2,0.07123334475310339,0.326549802367156,0.028337387572754308,0.03875750235461336,0.034842109057481745,0.042225557901873774,0.03831501546343253,0.2688541352979813,0.14227747785802147,0.19952611262329256,0.07123334475310339,0.622581262276769,0.4349772217576877,0.03740125255273978,0.0,0.20752708742558967,True
150,3,0.21887656796811417,0.5090527015603002,0.29166087261382206,0.3789651349678214,0.37878329369352787,0.3437248152886145,0.3453099537633397,0.2303754469693169,0.21887656796811417,0.26574959882813753,0.29115765110744485,0.23355562813157613,0.14020692676279545,0.03739882094517857,0.020833333333333332,0.07785187604385871,True
441,6,0.3031378558918858,0.5269424073900603,0.20028000705705887,0.2874026215233562,0.3044096387517017,0.2980713983423568,0.33811246015902724,0.3031378558918858,0.5558629773251706,0.6291226314198506,0.6757018188046544,0.7996884412914854,0.5934360957691922,0.03737997458381025,0.0,0.26656281376382845,True
1888,0,0.2152887045418136,0.37997732664132633,0.0804890541450922,0.10257155034081078,0.0996052722211563,0.09633620518444724,0.10247355940701904,0.2152887045418136,0.3133174380534688,0.2869908688696665,0.44059372678591013,0.5373532797035889,0.39679176509480385,0.037374743603655274,0.0,0.1791177599011963,True
315,6,0.25795037275783805,0.4862698610226363,0.13388107243272107,0.18042064508581723,0.20349356039752578,0.18231843709289008,0.1823105332498296,0.25795037275783805,0.4568297313792914,0.5603196291985186,0.6646746540988284,0.7714447377740434,0.6172142585644167,0.037349960715926764,0.0,0.25714824592468116,True
1985,4,0.6135997468275327,0.32439507407163803,0.1527119281845786,0.39521694649722866,0.39339933511683683,0.3575713143830188,0.38928362672321754,0.6135997468275327,0.7104970700178486,0.7951565069370775,0.8742788574473999,0.2686353146961329,0.1794871274760368,0.037349305288657444,0.0,0.08954510489871097,True
335,2,0.022088855963612763,0.3278716261340054,0.05331845198675986,0.07250417792293788,0.0677750633461526,0.07207942050197297,0.06218046507796127,0.26461545369936956,0.1271594967428522,0.16869174192672065,0.022088855963612763,0.6994225983279132,0.5560301410501012,0.03732841966255279,0.0,0.2331408661093044,True
174,6,0.025406464135789175,0.4739892434873889,0.47006891598652656,0.4823230389781908,0.5058579369212443,0.5219864476416181,0.54014631370099,0.025406464135789175,0.17471007794108573,0.32380185117499516,0.419273470913763,0.7900133500107552,0.6184008880441354,0.03731642883620481,0.0,0.26333778333691843,True
2011,0,0.06419122088104479,0.4309080485224378,0.09029790908335479,0.09649183796754762,0.09877598013146065,0.09939029954092767,0.10216480591059111,0.06419122088104479,0.3179583679469161,0.41862994690919486,0.47512258634294613,0.49368113148856213,0.32763860405657397,0.037298363514710504,0.0,0.16456037716285404,True
224,6,0.5013331653059321,0.4774214402297428,0.055087054110877665,0.12647285162734467,0.13541317630158203,0.1180050910044758,0.14302834562721198,0.5644357393538258,0.5013331653059321,0.5874659497877563,0.6135636437495832,0.6117477869282879,0.4403393146653798,0.037284466289169614,0.0,0.20391592897609598,True
179,3,0.13524751698265214,0.47319434843562913,0.37179848323574305,0.43004514409781747,0.42725865063095875,0.4048806105837635,0.395554639512176,0.13544313117235363,0.1401718527121676,0.13524751698265214,0.17538214221237614,0.23182254615066378,0.1419031499666108,0.03726472147449554,0.010416666666666666,0.07727418205022125,True
22,6,0.01605322944732057,0.5532036586247909,0.08417609962809984,0.09963281962297982,0.10855147914586205,0.08988517998397978,0.10323218153414437,0.1551368319532629,0.01605322944732057,0.4227098506718181,0.5688816726296062,0.6219994554428201,0.4641609791523251,0.03725944535884239,0.0,0.20733315181427336,True
290,6,0.15702351256201952,0.4841719328259071,0.08572916463419296,0.10169816823093802,0.11288022735037888,0.10355596010045424,0.09215483760447507,0.15702351256201952,0.4378918823901874,0.5399280223732905,0.6153389620260119,0.7694829179299857,0.6322653260225479,0.03725497802887298,0.0,0.2564943059766619,True
333,3,0.1128045685757324,0.5155249495839606,0.32323280935591675,0.36433101198121803,0.3680430367967575,0.343628762672093,0.3541055033218062,0.1128045685757324,0.12805141332017922,0.12557528846065047,0.19043180972220375,0.2506249027026794,0.14422368316664347,0.03725102135837472,0.020833333333333332,0.08354163423422646,True
317,2,0.055328837825088906,0.32500369404317403,0.031275531144257275,0.036969690263017496,0.03343806918047256,0.04025955447250513,0.03652523985725958,0.1540223647601493,0.05772841609723334,0.1592998600694815,0.055328837825088906,0.6198551486329315,0.44889858207654587,0.037237482662673106,0.0,0.2066183828776438,True
1956,0,0.23766202152572669,0.3874590852411775,0.10417709976017636,0.1366547419934058,0.14407242700237904,0.1304647249412955,0.13360279486761834,0.23766202152572669,0.2855654767997189,0.3134483101099589,0.3986666091445137,0.6090431856652032,0.4069840339867028,0.03723720127496572,0.0,0.2030143952217344,True
421,2,0.14976555413976456,0.34608545491830084,0.04074650390767518,0.0558490451411973,0.0479757935143291,0.05692590083141875,0.05074304679466729,0.27041717893904793,0.1700044331410222,0.27759179354215546,0.14976555413976456,0.6446006212407819,0.4041195664325308,0.03722571873548283,0.0,0.21486687374692728,True
2014,0,0.011289970982429565,0.4296951103922495,0.09368613834292498,0.09475593004352956,0.09630782183606375,0.09766452604411126,0.10183376448567107,0.011289970982429565,0.2149219243758962,0.39653056833109734,0.45365758054116456,0.4924216298645163,0.33880929090292966,0.037203206243296504,0.0,0.1641405432881721,True
401,6,0.3339419193636485,0.5027753916146862,0.11754002248373656,0.17647113052278998,0.1994765303283729,0.17385595264265152,0.18581685861584077,0.3339419193636485,0.5693074743897024,0.5733480117240475,0.6285522905788612,0.7173592743458492,0.49514971997604107,0.037179346994806954,0.0,0.23911975811528308,True
1889,0,0.23160688519228412,0.3797347617325107,0.08163307204657826,0.10623868235337619,0.10232579141008306,0.1008540710036245,0.10867453778836855,0.23160688519228412,0.29803256558252933,0.3203129181109797,0.4954281310093649,0.5445379721446184,0.3900231805441763,0.037178590849198126,0.0,0.18151265738153946,True
2152,2,0.07808708300763667,0.31511639029211835,0.020923032303312144,0.022695237172260446,0.020996617260848616,0.023814919802474275,0.022325522586939567,0.07808708300763667,0.20181031620261336,0.17000095325454823,0.2802133519008735,0.6803867073154863,0.5015322476444624,0.03716335955960151,0.0,0.2267955691051621,True
184,3,0.08842472784774114,0.4671168725793684,0.42134541433970313,0.4954909498942401,0.4830100505618386,0.4757501436986957,0.46641368699043023,0.14964054453540054,0.12409866028723959,0.09936168580735194,0.08842472784774114,0.22460840647745794,0.1411917853964586,0.037159361043326865,0.0,0.07486946882581931,True
388,2,0.06905152434613082,0.3425783177379918,0.0662825627607805,0.09914194970768131,0.09246761680087534,0.09756088706975152,0.08805577666047432,0.3314377722425902,0.15855232909291594,0.1804484578112745,0.06905152434613082,0.6605978261111926,0.5047179243277782,0.03715584132302977,0.0,0.22019927537039752,True
427,2,0.11839030718371546,0.34638097318322275,0.04164465308322296,0.06823787489004635,0.06283725432727565,0.0653141920463115,0.05807922652573807,0.38971351100358576,0.26579254573731026,0.34938725720699193,0.11839030718371546,0.6556575873423902,0.5085289955786063,0.03711619226962436,0.0,0.21855252911413006,True
30,3,0.14175571672799336,0.5143988311749546,0.2634146309507424,0.3125926106905919,0.3002088862236732,0.3460606745298656,0.34128624340331637,0.1573229118602758,0.14175571672799336,0.26221684219217667,0.22368614103136442,0.21971929778411137,0.12850649515315204,0.037066221035541025,0.010416666666666666,0.07323976592803712,True
562,6,0.3481277026754265,0.5550959721196976,0.09613050397311336,0.21215050602262767,0.22651930399422682,0.20677550480654805,0.23557228617996115,0.5468759147675084,0.7102762584333513,0.598464617860988,0.3481277026754265,0.7871711747503328,0.5503122818387283,0.03703537811828911,0.0,0.2623903915834443,True
136,3,0.16027275833983534,0.5085209216500162,0.29387697076560665,0.3499671752753948,0.33864299575510115,0.333997830083246,0.3246253014894091,0.16027275833983534,0.2204039814763995,0.27485030479100825,0.3238671722481278,0.23119619052704876,0.15346796468525703,0.03702100866461418,0.0,0.07706539684234959,True
443,6,0.3398614111730246,0.5282478088923364,0.1865496905391327,0.2825917067969314,0.30290150728302745,0.29326585782992204,0.3328696065314047,0.3398614111730246,0.5846172445377207,0.6388555122131296,0.677863904841288,0.7830447069860208,0.55356800368736,0.03700988563152706,0.0,0.2610149023286736,True
504,6,0.555942350885013,0.5430554391630971,0.06975244370678728,0.1570797031552206,0.17231605019535687,0.153545923440237,0.1700211576524465,0.555942350885013,0.6562202793742777,0.7166090262416507,0.5971096198597247,0.7255744120255988,0.5340771742872903,0.03699236424576076,0.0,0.24185813734186626,True
2122,0,0.29515396637851954,0.5334542840071496,0.08121714258927529,0.11522678530513074,0.1227742637403304,0.10252261001297557,0.1217809881007638,0.29515396637851954,0.3796523635309028,0.30487772865879725,0.4245788483059516,0.6132300474938159,0.4330083322966516,0.03697275386537588,0.0,0.20441001583127197,True
1926,4,0.5200276044693152,0.31928298636782804,0.12689795579641558,0.2643859458961384,0.27650407914149794,0.27407162145514163,0.28849708678717084,0.5200276044693152,0.6110048686745932,0.7306673912754977,0.8298797080207546,0.24153431121701097,0.16179538626332146,0.036967190614885716,0.010416666666666666,0.08051143707233699,True
252,3,0.0198600815817791,0.49860400475947914,0.3414698485882341,0.3727222624009959,0.3764876638806906,0.35253583698925994,0.37848278757113113,0.08384906662521452,0.0198600815817791,0.044556486022257924,0.1601101198158681,0.2394285288648177,0.1429267201381892,0.03695829533671332,0.020833333333333332,0.07980950962160589,True
192,6,0.49190086248189724,0.47947263874123824,0.16583868669269594,0.32639041172705663,0.3410098740020384,0.341417697644391,0.36032798898506285,0.49190086248189724,0.5714239935556045,0.5602626543094326,0.5856555813699453,0.7172636720416978,0.566271619737293,0.03693586606513039,0.0,0.23908789068056593,True
874,0,0.22466737182862018,0.6010355322487778,0.20766607563714332,0.2820182212773984,0.28484583256101,0.32639096824560676,0.31719510192527894,0.26364305576950975,0.22466737182862018,0.32320369304592733,0.29351243347580125,0.8170578086421364,0.4944344204125741,0.036933429936700894,0.0,0.2723526028807121,True
490,6,0.4006575425267266,0.5481812265193106,0.11061676647542151,0.18456354142131548,0.1989380264242325,0.1862703607790084,0.21554998186740518,0.4006575425267266,0.6239181126261992,0.7094737158896872,0.6327498783491242,0.7416015127280163,0.5362339605426882,0.03692970655626468,0.0,0.24720050424267212,True
275,3,0.13413427220175977,0.5008733069622908,0.2946421797602469,0.3402862248740061,0.3360217864067699,0.39892079692916776,0.40136482868675394,0.13413427220175977,0.16124798499474413,0.28785402693702156,0.3134477861644338,0.22543969801102268,0.14161059532016118,0.03692087545967534,0.010416666666666666,0.07514656600367423,True
555,6,0.397268625645389,0.5529188379435057,0.11998267815864261,0.20046821247956428,0.22312951430036312,0.18703104771170784,0.21714129893061537,0.40148776369783,0.6088821660534376,0.5800879700151889,0.397268625645389,0.798967757511118,0.5440186918515906,0.03691213765544205,0.0,0.2663225858370393,True
493,1,0.010197174233918527,0.45652981855442304,0.15044578616834867,0.16181443450952346,0.1575494608021374,0.16002281775954333,0.15479686737668585,0.07025731898167398,0.010197174233918527,0.12079380706522591,0.1265349882889233,0.35239604600648394,0.21644856165174708,0.0369001093897556,0.0,0.11746534866882798,True
2070,0,0.2033970197700069,0.4811815647707837,0.06936053167653093,0.08707038938833161,0.09488082428989415,0.09193811645503407,0.10337700885009231,0.2033970197700069,0.4084258287553493,0.4424551556881181,0.47863148111482356,0.5968504248927431,0.45500545358686395,0.03688506976453552,0.0,0.19895014163091437,True
561,6,0.377264985613042,0.5549796302359085,0.10449773800078788,0.21593133488405666,0.23072953936365634,0.20735593089665053,0.23796872783246556,0.516060334379457,0.686364087450644,0.5993586887817075,0.377264985613042,0.7943112351555387,0.5428973149094531,0.03687005856273305,0.0,0.2647704117185129,True
442,6,0.32905067508513774,0.5276087900409083,0.18959819818198445,0.282581994111169,0.3010351941904045,0.2942404814714827,0.33371683011745734,0.32905067508513774,0.581024724566026,0.644742435075853,0.6823477536841424,0.7906423982830996,0.5660141484150643,0.0368503074340696,0.0,0.2635474660943665,True
21,6,0.015115640109733763,0.5530354446874632,0.0798075247480667,0.09772618248344977,0.10850247482157394,0.08914335199711147,0.10022228814296774,0.18335575257344838,0.015115640109733763,0.43619037774885516,0.5692226079022331,0.6193687827030743,0.4656270897387742,0.03685028091235132,0.0,0.20645626090102476,True
1866,1,0.0430411464579008,0.5758108191316018,0.4246765241439236,0.4437772037658889,0.47119761340221117,0.46763686897817697,0.4859886924551082,0.0430411464579008,0.06174176006941734,0.07444195959929112,0.15643785786172215,0.3913319746373233,0.26370351094303146,0.03684680035102465,0.0,0.13044399154577443,True
444,1,0.08045760533711566,0.4525200157388117,0.24920388896595,0.3150729390856972,0.2946968455174592,0.2841961253426247,0.2643855886250139,0.2090596872930156,0.08203896964715163,0.08045760533711566,0.14336655669495846,0.3638718436361252,0.27716258503383884,0.03683453861530798,0.0,0.12129061454537506,True
502,6,0.5756939105463122,0.5426912992876093,0.06607598676805197,0.15572717057426075,0.1741209747397765,0.15006894864703324,0.16348010895469733,0.5756939105463122,0.6833537434744419,0.7343388415132731,0.5965916401648184,0.7203853895471408,0.5205319213405915,0.03682788885838165,0.0,0.24012846318238026,True
393,2,0.09015030058563445,0.3429530869010462,0.07704444868988504,0.0998783163073514,0.09291399057151177,0.09652524293647613,0.08947661314790094,0.22861686561876604,0.0998573351267158,0.1439534991258672,0.09015030058563445,0.6621092332774039,0.45179283553628125,0.036820093942389207,0.0,0.22070307775913464,True
2013,0,0.11053047708879127,0.43004162818793634,0.08474332276597944,0.09527400386762767,0.09759092612699295,0.09999842138656796,0.10281043732766178,0.11053047708879127,0.3158967076516199,0.4515559422697377,0.4879682795417487,0.48688835507134104,0.34024920325856556,0.03678515888134781,0.0,0.1622961183571137,True
439,2,0.16681011055520956,0.3505500568845575,0.07219928025025875,0.10454556247074205,0.09779351055940944,0.09780124123750866,0.09368803872885711,0.309398901837997,0.2520442954112888,0.3272718248931017,0.16681011055520956,0.6721207484279121,0.45508627985726946,0.036773362432808064,0.0,0.2240402494759707,True
1983,4,0.5289856805602164,0.3250677859861464,0.15963332766018368,0.3389139588156234,0.33225433872061766,0.3274695759479521,0.35172233472331466,0.5289856805602164,0.6707223433378804,0.780643761864088,0.8657014253669796,0.26260142888869653,0.20737972160929985,0.036763464298071376,0.0,0.08753380962956551,True
1918,0,0.052842132409473885,0.3889885315937925,0.08968976482963349,0.09469357527250995,0.09319193287523493,0.1050317800606128,0.10302419579716719,0.052842132409473885,0.283815454852117,0.43071813271703696,0.54078215075703,0.5632346990588879,0.39433731241592795,0.03674307931122165,0.0,0.18774489968629596,True
429,6,0.22942394757485274,0.5190153872526895,0.1891576850994561,0.24547568601975292,0.2694921660187666,0.2494289425085816,0.2757940244664757,0.22942394757485274,0.4917191158904063,0.5397469274561859,0.6041528374807983,0.7916097067337257,0.6015313808217684,0.03673432718422546,0.0,0.26386990224457524,True
1895,0,0.1254114682664994,0.3776242577383965,0.08649391459356685,0.09889669422274423,0.09765429374180201,0.09269182686438981,0.09885246062831177,0.1254114682664994,0.27743809422054033,0.30527038591794864,0.4968047739710131,0.5260435139524244,0.3800391602223101,0.0367246253658446,0.0,0.17534783798414147,True
2115,0,0.043577719733545406,0.5333648504306969,0.07581497587876217,0.07926935355127913,0.08499322051617353,0.07595181185096948,0.09431977565758232,0.043577719733545406,0.41545400338308414,0.36333807006189656,0.4609259611737643,0.6174899114749657,0.4231010720084498,0.036716780695886846,0.0,0.20582997049165522,True
1992,0,0.1755421497970937,0.4328084845855827,0.09549714495538313,0.11583023308211626,0.11517370739588928,0.11970251313900278,0.12476969181671803,0.1755421497970937,0.3565985528930333,0.4500992617981593,0.5196908609353446,0.5439628525228837,0.3535693267473903,0.036687312166345416,0.0,0.18132095084096123,True
1486,1,0.08915072460031126,1.1002213426675724,0.38521272650508803,0.4442763105943743,0.44420674810808375,0.5418971152012939,0.5014623137347938,0.13294335682734948,0.10778594889761939,0.08915072460031126,0.1691631222712724,0.4189170574450284,0.2732241015579646,0.03667673165460435,0.0,0.13963901914834279,True
247,3,0.08961764775230496,0.5001840898814661,0.2649736850982989,0.32426621323726507,0.32595312192860226,0.2967777609568068,0.3277156506223245,0.18285139098220493,0.08961764775230496,0.09996592279677452,0.19002690234524322,0.23709401948531703,0.14540929640615463,0.036650739943681516,0.010416666666666666,0.079031339828439,True
1931,1,0.03730714531044255,0.3132248159225184,2.6363735194270492,2.738540653526725,2.7479716489928414,2.8638580533050373,2.8888931928245416,0.03730714531044255,0.06699774326769936,0.10930826631318002,0.17755385163199133,0.41559335644466444,0.23622609598889,0.03663378030500813,0.0,0.13853111881488814,True
129,6,0.04019144544582498,0.5449183453098426,0.2069504938061373,0.2156164297808999,0.22827067450355595,0.22162400970080187,0.22839451938874733,0.04019144544582498,0.3509241678917331,0.522721228741685,0.6159393283257216,0.780681109674633,0.5519110553223499,0.03662848457005328,0.0,0.260227036558211,True
563,6,0.3294158454572568,0.5550659747572191,0.09783318859291883,0.2101550221240577,0.22472292050185513,0.2076010097439274,0.23488689627441964,0.5344713269085408,0.7069430744611256,0.5832731546016864,0.3294158454572568,0.7879505153256711,0.5498934917430347,0.03662552508874081,0.0,0.2626501717752237,True
251,2,0.05477363977571459,0.3175614273512804,0.03971732129913936,0.04949993030111605,0.05312225453073218,0.05072769047592197,0.0512290313646665,0.1976287429591821,0.19803375410928747,0.14339153651921,0.05477363977571459,0.5555563908880978,0.4100002190783272,0.03661721217444142,0.0,0.18518546362936594,True
145,6,0.005748168754985072,0.5227825966724603,0.2917488798562697,0.29343559718762396,0.319319999001241,0.30393867428928145,0.32377250763389315,0.005748168754985072,0.22026493894558774,0.356507971377243,0.460543327305002,0.7985755499844022,0.6116671023669653,0.03660435458040566,0.0,0.2661918499948007,True
503,6,0.5680813310035608,0.5428557830310956,0.0676900040340525,0.15671932910732914,0.1739560760594728,0.15164265792320153,0.16613553535391626,0.5680813310035608,0.6721909024283439,0.7282234587537973,0.5957898228551705,0.7116836342331847,0.5123387574816434,0.03660058199593031,0.0,0.23722787807772824,True
554,6,0.37985153812613703,0.5526911406796193,0.11728952806990867,0.19101027779674185,0.21515667712138586,0.17955718969262238,0.2068603601836554,0.38595174342022065,0.6021031539027523,0.5780688867571391,0.37985153812613703,0.7844633311027707,0.5686910560877436,0.03659888572782622,0.0,0.2614877770342569,True
550,6,0.36715031860910785,0.552237398824902,0.11271467295529403,0.17810654926390582,0.20860475396083136,0.1679121686645444,0.18452819384603156,0.36715031860910785,0.5924400987829745,0.5821500207817372,0.3823012081000221,0.794990740499216,0.5986081361884317,0.03659602398948846,0.0,0.2649969134997387,True
376,3,0.011838111469430368,0.527034258668748,0.19360142343569023,0.2568058655682486,0.26371828165788785,0.2435492347747051,0.24852007373120008,0.24611759545562706,0.11874491968164891,0.14301315072125198,0.011838111469430368,0.2560148342453106,0.141198616844326,0.03659445719426956,0.010416666666666666,0.08533827808177019,True
23,3,0.07172758928137679,0.5197237810377844,0.3785089483074682,0.4077563266309348,0.4203391689734521,0.3910314032087001,0.3852680294701652,0.07172758928137679,0.11636723711852925,0.1818998788901508,0.14562271841577668,0.25307695190437024,0.15879425623067167,0.036592963331326014,0.010416666666666666,0.08435898396812341,True
2005,0,0.3199547433394472,0.43038627240050886,0.061470966220185115,0.09039246376343535,0.09159196218058559,0.08892015473137882,0.08957695294728311,0.3199547433394472,0.4473042054676192,0.45626656905448515,0.4783435580316454,0.4840635410687793,0.3034869080283329,0.03657173986893528,0.0,0.1613545136895931,True
385,3,0.06886134308742475,0.5269927285221824,0.21209382467752247,0.22777899199327947,0.23326015149799137,0.22676828030446183,0.22327368418386584,0.06886134308742475,0.09886130134075655,0.1988795911701413,0.09858344118857343,0.25582407473177443,0.13671144075547925,0.03656719025533192,0.010416666666666666,0.08527469157725814,True
390,2,0.052749636243742404,0.34305219555029465,0.08302292165222357,0.10254565234780633,0.09576106201188665,0.10181698390551903,0.0919876210595421,0.19038087182250385,0.09846278823093779,0.1337171179831823,0.052749636243742404,0.6619482553032124,0.5025845521531096,0.036549767625076265,0.0,0.22064941843440414,True
191,6,0.4699101258128394,0.4796605759315819,0.17587942639190454,0.3317917110972888,0.3478393360060234,0.346176325581873,0.36219897251762906,0.4699101258128394,0.5634971742008769,0.5577713595667734,0.5809432305519382,0.7173514090846229,0.5661446534902268,0.036525319110202216,0.0,0.23911713636154097,True
320,6,0.25438698695604367,0.48760152844113125,0.1406749094665779,0.18867013719660583,0.2035400814904306,0.18863294246820286,0.19002593742156448,0.25438698695604367,0.4672425359292971,0.5757156927836762,0.6756453365180273,0.7543035463751421,0.5510416256780957,0.036520059630308535,0.0,0.2514345154583807,True
1035,0,0.022007769737294347,0.5791345596536898,0.36456588589488287,0.37276971596896447,0.36492652499968764,0.4245362443362016,0.43568884775034494,0.022007769737294347,0.037911405420838484,0.11489562747217974,0.10907623768562202,0.850387763490336,0.4485544189118116,0.03651770455068411,0.010416666666666666,0.28346258783011197,True
1934,3,0.008820910840085183,0.5949325673906154,3.4874301511186885,3.5192721011204973,3.491179048172405,3.740899252714699,3.7445734882856168,0.00904787952931252,0.008820910840085183,0.03210451343256793,0.03615010200615909,0.39158291927981537,0.22171750243503308,0.0365156558700851,0.010416666666666666,0.13052763975993845,True
246,2,0.10687237499802993,0.31866678845205226,0.03558356008591036,0.05804445232167114,0.0575906350720193,0.055535395733202236,0.05644239264272882,0.38696018891326345,0.2611489682129101,0.23716021193250536,0.10687237499802993,0.5536209799926928,0.3783977989424727,0.036489647533724245,0.0,0.18454032666423092,True
868,0,0.17489177727804273,0.6009665451563742,0.21060203205599318,0.2552417080043587,0.2622209320076774,0.2986275424852092,0.29574535802061036,0.17489177727804273,0.18092141616660018,0.2676526729746642,0.29085656396227666,0.7976335091302639,0.49423735303912864,0.03648860841761433,0.0,0.2658778363767546,True
1938,4,0.5728666226902868,0.32327814715853775,0.13503548794153827,0.316143610204511,0.3346231314592905,0.307582240301613,0.32374132270177614,0.5728666226902868,0.6167592624208179,0.7048819495556626,0.7988983040977169,0.23874383983690795,0.1791257158711801,0.036474020686545316,0.0,0.07958127994563598,True
319,6,0.23353476141921126,0.48743124223897133,0.1425058334052458,0.1859260227758197,0.20172639325762656,0.18647018676677263,0.18754471003303208,0.23353476141921126,0.437068602713345,0.5503427343039238,0.6573454277905144,0.7531185424546708,0.555761386604047,0.03646268695316055,0.0,0.25103951415155695,True
227,3,0.1855125915208421,0.4977688345138166,0.1769746299585507,0.25475449762628083,0.25273964969573853,0.2564264036617035,0.2580017249672201,0.3053130303584727,0.1966001984010991,0.20746343221781804,0.1855125915208421,0.2276369152310156,0.13239028852887813,0.03645106759390829,0.03125,0.07587897174367186,True
2010,0,0.11574004439126395,0.43060699514382206,0.07598670706782731,0.08593254346287464,0.08772166006833704,0.08430140164509929,0.08865234152919897,0.11574004439126395,0.31947003319193457,0.41474280277832487,0.4822277593822242,0.48232184669269174,0.3425864139387613,0.03644015219862071,0.0,0.1607739488975639,True
1906,0,0.3566674692995886,0.3866636000743906,0.09082318650704162,0.1411761137092823,0.14298732077928994,0.1285384391318182,0.13430919808430683,0.3566674692995886,0.4182981717308124,0.3962801939099243,0.4741087493030638,0.5584902727683694,0.3802329287048565,0.036433572756014644,0.0,0.18616342425612312,True
486,6,0.3164265413742179,0.5457802724114839,0.1324008946138954,0.1936893437613373,0.20887343049173213,0.1927531384890225,0.2216370245129838,0.3164265413742179,0.5260559971797761,0.6302972082063627,0.6132761618138963,0.725233771050366,0.5615916490492054,0.03642246232019947,0.0,0.241744590350122,True
1904,4,0.5958214662525152,0.2985467663176771,0.11642799167567523,0.2917347290060373,0.3034490777197581,0.2834367706682168,0.31136507672906516,0.6009114442001664,0.5958214662525152,0.6708938477682593,0.7925318286039688,0.2572162363401942,0.18722144647028927,0.036418480071474385,0.0,0.0857387454467314,True
137,3,0.12650155543208286,0.5086250826351598,0.29637265277455344,0.3392938529171125,0.3282965068721709,0.32394421392451267,0.31369859433684655,0.12650155543208286,0.2071539399304284,0.248531247279279,0.3373823700821639,0.22722099268341395,0.16457046749489201,0.036384467753290024,0.0,0.07574033089447131,True
321,2,0.16022593340467572,0.32635679705212534,0.029640636154842706,0.039192844672582904,0.0354491090407719,0.04257289882361542,0.03916886195983426,0.24372327646894132,0.19768882255686626,0.24693838122685996,0.16022593340467572,0.6056147398859992,0.4100928829182955,0.03638199735293135,0.0,0.20187157996199975,True
348,6,0.1223666285620405,0.5035561826629179,0.3878410912510591,0.44191698250443734,0.4576694645620119,0.4084218226326655,0.43780644154403525,0.1223666285620405,0.23946815180721037,0.3381716028684806,0.4622013189361992,0.7215401120320724,0.5597776975547504,0.03636658565218868,0.0,0.24051337067735745,True
319,2,0.11754176715674947,0.32593241832395414,0.035515278855459916,0.04055910625813095,0.03743499664911079,0.04395186644735014,0.04036584224780198,0.12435745922433616,0.11754176715674947,0.209533466783694,0.12190795440029056,0.6053076257346716,0.41283445770778826,0.03636354762655455,0.0,0.20176920857822386,True
551,6,0.37607839539622057,0.552285577693571,0.10739579339808376,0.18119355368657497,0.2107460926980489,0.1704637624437593,0.1898910460480905,0.407286897281926,0.6129256465128147,0.5937311748640668,0.37607839539622057,0.7843438237271189,0.5502087063822501,0.03634132527776743,0.0,0.26144794124237297,True
1973,0,0.40413530747311444,0.3831662305111823,0.07660343317500069,0.12855843639627015,0.13472680292622197,0.12157111450604112,0.13084161194490732,0.40413530747311444,0.5032039979776075,0.5069582696947996,0.5879132844830259,0.5670908349108121,0.39943313546214654,0.036318334695543214,0.010416666666666666,0.18903027830360405,True
1949,4,0.49074776912624196,0.3241949792813087,0.1444758982693519,0.2837020429374751,0.29583623286618116,0.27988821196166475,0.29698524232866835,0.49074776912624196,0.5811784924442711,0.7004036034442898,0.8035211453183662,0.22978993821194393,0.18015324239719632,0.03630982575025259,0.0,0.07659664607064798,True
2157,0,0.06628531365883095,0.5326545764032197,0.06145277192143165,0.06581536396545173,0.06577114699024451,0.06987789938831328,0.07269716555811216,0.06628531365883095,0.19098642216181838,0.20681721094491345,0.3836814787465965,0.6386595398802928,0.42483619130896955,0.03630604347916202,0.0,0.21288651329343092,True
409,6,0.1862171510645223,0.5028257311372474,0.17948824993163212,0.22056037451074761,0.2412210116780552,0.21001296381505688,0.2343431645660655,0.1862171510645223,0.41094723097980645,0.4636830666574716,0.5677424695569238,0.7050930703955558,0.48482117545603387,0.036293595437468046,0.0,0.23503102346518526,True
671,0,0.055192248516257925,0.594459487704426,0.13279555190383022,0.15108998280927632,0.14186922285394432,0.1440501563716394,0.13399229715348926,0.12108301665861931,0.055192248516257925,0.08660103519115792,0.3210768322414148,0.7264087443526147,0.5249776932297507,0.0362823400422598,0.0,0.24213624811753823,True
314,6,0.25437577103618847,0.4859147121286537,0.13128422788101765,0.17607291016208307,0.20055941002736752,0.17765033845408607,0.17756390564262226,0.25437577103618847,0.4715339886336217,0.5798574456357066,0.6756337612204559,0.7493584656749105,0.5816875317408687,0.03628064057558315,0.0,0.24978615522497016,True
487,6,0.3341588592180541,0.546435404751315,0.13437910389513028,0.20181856551747324,0.21783448681773857,0.1977042414678638,0.22774299032260734,0.3341588592180541,0.5375874045762886,0.6338860128808017,0.6185236152959475,0.7287301475950289,0.5622106850274236,0.03627254652641637,0.0,0.24291004919834294,True
130,6,0.06858985564863485,0.5438002826154281,0.20501026919199714,0.2201074042786666,0.23334578504905804,0.22665875797144194,0.2333322171631799,0.06858985564863485,0.3969601395686406,0.5562028199032041,0.6363045706817393,0.7724167394875412,0.514745851090197,0.03624073168077783,0.0,0.25747224649584705,True
2073,0,0.12141011917777944,0.487328235114422,0.08129329617997745,0.09252701169731188,0.10208945454638611,0.09575658494903978,0.11137487635829398,0.12141011917777944,0.4142892207302289,0.40257082938446753,0.4634259397823043,0.6186146678404576,0.4528286137680766,0.03622638895144756,0.0,0.20620488928015254,True
318,2,0.13688408505045457,0.3256410127725528,0.03399542222692585,0.0395937304397962,0.03583573311319065,0.043379891843826346,0.03933089543743387,0.14139380529911916,0.20124049881960593,0.26221436463194003,0.13688408505045457,0.6027692551812467,0.3876078812568018,0.03621105630711796,0.0,0.20092308506041556,True
411,6,0.18388813019913586,0.5030119618700282,0.1793283428709104,0.2197350014216403,0.23605869808244215,0.2093661949382117,0.23626466849309638,0.18388813019913586,0.4074689832976691,0.46880526463457417,0.5774245762534791,0.6980822635287467,0.47223468598480167,0.036203773889364195,0.0,0.23269408784291556,True
428,2,0.07234366284780336,0.34666939365500643,0.05033383709914533,0.07466214780289814,0.06790361357642428,0.07167324279839833,0.06394458888130812,0.3258453101024835,0.18282406466613954,0.22643511244049297,0.07234366284780336,0.6394646737114028,0.47352060625882686,0.03619952584596671,0.0,0.21315489123713427,True
44,3,0.03288193983554266,0.5144843943366454,0.22668690796833257,0.23439424544484747,0.23236454004149407,0.2525951700499681,0.2581278066137002,0.03288193983554266,0.10123686694392386,0.2221477041601373,0.20359546554947927,0.2027647816976464,0.13335058206317285,0.03618860460737885,0.010416666666666666,0.06758826056588213,True
553,6,0.3711966333814388,0.5524843625246532,0.11153478143515938,0.1865784275564116,0.21263786707116808,0.17609247029496924,0.20093211712838918,0.4022096611279615,0.6130151779795379,0.5839556422298271,0.3711966333814388,0.783888588017677,0.5868312615353375,0.036180816661713446,0.0,0.2612961960058923,True
1481,1,0.1164177797989101,1.0948612329186433,0.4624179294919504,0.5443481995804044,0.5411797668696509,0.64128272763106,0.6075206536951305,0.15051077628548726,0.14147008634167801,0.1164177797989101,0.1881527549154145,0.4125866709703362,0.26681987499742377,0.0361670793533457,0.0,0.1375288903234454,True
1984,4,0.3540031409542411,0.3246124454083267,0.2521706598524222,0.39035895658210906,0.39138667927342913,0.3563965102531396,0.38484420481358356,0.3540031409542411,0.5809510193466,0.7009721781189362,0.8341379615798807,0.25824874213057125,0.17782626618590314,0.03615410034712026,0.0,0.08608291404352375,True
444,3,0.10869318077430501,0.5339609844326859,0.2979875512814946,0.3825484940973261,0.38501126280018044,0.338180741745681,0.34075649801885594,0.22104633561651899,0.19250675572580567,0.2765246049927099,0.10869318077430501,0.27095889587104754,0.18046096624835428,0.036120586523307505,0.010416666666666666,0.09031963195701585,True
401,2,0.15051625055842877,0.343058513952106,0.04383524305166647,0.07388919136549671,0.06893230919268122,0.07198100304522968,0.06688718344159543,0.40674350007657856,0.36746080726187536,0.3085084333399105,0.15051625055842877,0.6249361666305225,0.4216347592320169,0.0361077912598675,0.0,0.2083120555435075,True
301,3,0.007654777734360407,0.5096140458592888,0.1813999232868038,0.18279921061407103,0.18545766311153136,0.18738706930190743,0.18612436132187868,0.007654777734360407,0.07538517051545579,0.15033722078488976,0.1964494569812334,0.2477581256660869,0.14493548067629014,0.036105815339842404,0.0,0.08258604188869563,True
50,3,0.03764040513405986,0.5149606983503793,0.15325631285111124,0.16135755251522377,0.16089096790497226,0.17210474292926578,0.16637055259685696,0.050206758455562106,0.03764040513405986,0.2162834725005095,0.24823669432427298,0.2021893517534423,0.11501674148060825,0.0360859042934698,0.020833333333333332,0.06739645058448077,True
37,3,0.13271653480669254,0.5134927224561174,0.2105988103768054,0.244421136132577,0.244097653262207,0.26637926415715046,0.2646336771033336,0.1383772544835319,0.13271653480669254,0.2606364820073084,0.29701002898374906,0.2020850779657837,0.10649828021318974,0.036067293946836144,0.010416666666666666,0.06736169265526123,True
289,6,0.16471472787084318,0.4844183685432009,0.08421262472042183,0.10081899864672865,0.11101521394042235,0.1027220482875515,0.09263467186920964,0.16471472787084318,0.45868720413033426,0.5552622093967767,0.6199752250099522,0.7444674240305483,0.6218461529781223,0.036043837854232035,0.0,0.24815580801018278,True
876,0,0.1337137240183034,0.6011452085869041,0.22680259568012837,0.2618102144387664,0.26555944736043285,0.3041318812934075,0.2891817948036642,0.1337137240183034,0.17620152339982265,0.25926457940562087,0.2672680697292389,0.774212480741287,0.48794419316201676,0.036041513860317224,0.0,0.2580708269137623,True
315,2,0.01282065152986045,0.3251692208646127,0.03699523375588263,0.04732954220627822,0.045958260101495285,0.048419137182701244,0.04443448869617305,0.21834794863121987,0.09970088801923616,0.18798859695273418,0.01282065152986045,0.5997775165462571,0.3320437727762311,0.036031329130861746,0.0,0.19992583884875237,True
552,6,0.3706101162213483,0.5523636379726384,0.10570574423293673,0.18483627331523725,0.21281322802092562,0.1742772610820643,0.1965429175172989,0.4281114721856777,0.6265739093435878,0.5962117103434608,0.3706101162213483,0.7794829628199361,0.5153189686160431,0.03601870413204442,0.0,0.25982765427331206,True
188,3,0.13165236462106278,0.4674755415770765,0.3475419375794777,0.40304659369277834,0.38742311196566376,0.43042444346615844,0.421413678140982,0.1377127532694371,0.13165236462106278,0.18250378858219174,0.1362930342020363,0.21075132016021111,0.13517224526856975,0.03600481740464268,0.0,0.07025044005340371,True
402,2,0.1504781404172033,0.34292713660362867,0.045414369657681475,0.06913130893547752,0.06495328066392671,0.06643427928379428,0.06085992289545098,0.343070884133437,0.3592294958707719,0.3210509699076316,0.1504781404172033,0.6205063388161367,0.42900145600743045,0.036000600343230334,0.0,0.20683544627204556,True
488,6,0.35327345233025187,0.5470889599947751,0.13661997416979355,0.2112484397958544,0.2285163200183259,0.2043154778938864,0.23579419417472414,0.35327345233025187,0.5608939846406904,0.6521916579072581,0.6261694855713087,0.7296020875055547,0.5681193195679839,0.035993582210049765,0.0,0.2432006958351849,True
177,3,0.07485682279034445,0.47659007538466736,0.326887606797464,0.38010259644976196,0.3621442809130851,0.3851414341227711,0.3731653315303536,0.1400016473166381,0.07485682279034445,0.11311523225084352,0.11256762025587341,0.2189179646737542,0.1287859041822239,0.03598257101276077,0.020833333333333332,0.0729726548912514,True
1818,4,0.16340994131882125,0.3240720228223125,1.7895857970173517,2.139143034807871,2.2243332994309966,2.2254377987887017,2.3166567053959604,0.16340994131882125,0.29742204535124805,0.3187165827024909,0.4755303289887315,0.4087169622009895,0.30143072937990567,0.03596815531621864,0.0,0.13623898740032983,True
402,6,0.3133743575830734,0.5026581957964685,0.126959364371892,0.1849033250855506,0.20966480433629342,0.17927244192930306,0.19191438061536958,0.3133743575830734,0.5498134598028587,0.5560232435306165,0.6178159923491149,0.6920059158688321,0.4745941348833753,0.035949414292151316,0.0,0.23066863862294404,True
410,6,0.1773540726617422,0.5029037173372134,0.18104870182480037,0.22008095561914362,0.2383247121641273,0.21000216817711745,0.23593466350562475,0.1773540726617422,0.40250242531376546,0.4657057290251885,0.5716743926459826,0.700094209578096,0.4667971471454564,0.03589452784847516,0.0,0.23336473652603199,True
1910,0,0.20063852931755433,0.38999366338434316,0.0820876538382849,0.10269153173995678,0.10512875792607425,0.10196689761539912,0.10458836210790146,0.20063852931755433,0.3835336150811398,0.4489001734225705,0.5172918635628396,0.5501456293047629,0.3678494177566165,0.03588920306941779,0.0,0.18338187643492096,True
2099,0,0.029539844584326347,0.5342107640214199,0.08901139546206717,0.0917208140543815,0.09980674542356478,0.09664882257086327,0.10848169377599608,0.029539844584326347,0.27566846633653597,0.2897383331189616,0.403343055010853,0.6060312155587557,0.45593498178357095,0.03587315698464163,0.0,0.2020104051862519,True
313,6,0.26041249996760674,0.48553606971521174,0.1274518370350615,0.17232827357071234,0.19744929439036918,0.17322727722847198,0.17299759605044432,0.26041249996760674,0.469430140599313,0.574342961001467,0.669501367650764,0.7399458518634722,0.5848282848328097,0.035824923219721964,0.0,0.24664861728782406,True
246,3,0.05973346206996066,0.5004893621746376,0.2821998817290673,0.3411424267112035,0.3384747462930368,0.3204468522663682,0.3452107324810643,0.17277987247254478,0.05973346206996066,0.10162659632357007,0.15290272505563673,0.2246500855719622,0.1401120511650058,0.035775079189406256,0.0,0.07488336185732074,True
396,6,0.5063013938811298,0.5032829368326759,0.104519382153014,0.211706860942298,0.23116817098917533,0.20590218287082815,0.2220052820272088,0.5063013938811298,0.6286731882851448,0.6310410518371792,0.6795506259429751,0.649520587085636,0.4785907664973479,0.03577285105257129,0.0,0.21650686236187866,True
1917,0,0.09963107130903215,0.3891421758148448,0.08422168817022702,0.0935413089972747,0.0926155787950802,0.09932383886938656,0.10124635271540443,0.09963107130903215,0.32783294688795417,0.4621504471422806,0.5468694474800442,0.5588042155970616,0.3823349158133311,0.03575717023936161,0.0,0.1862680718656872,True
190,6,0.438439448443537,0.4797497739653101,0.190039961727588,0.33841401644196534,0.35744438157145847,0.3509611670083858,0.36506929900648416,0.438439448443537,0.5465324955237156,0.5451589521796418,0.5718550647160852,0.7003280131892453,0.5491862440010493,0.03575692696075877,0.0,0.23344267106308178,True
142,3,0.1781319061760901,0.5080815889201058,0.2875928074797209,0.3499257479891163,0.3407864741821343,0.3287458492426812,0.3224125451793526,0.1781319061760901,0.2329775014826132,0.29912796918228424,0.36950115081619406,0.22329618643162916,0.13852514237225044,0.03575599595224944,0.0,0.07443206214387639,True
489,6,0.36667180450411163,0.5477208169261021,0.12991428713699527,0.2051294858825509,0.22121475982048366,0.20074146589077416,0.23198730928277533,0.36667180450411163,0.5850938619907775,0.6746155491323015,0.6297027673249218,0.7225953661150843,0.5205885425901329,0.03574534298245644,0.0,0.24086512203836144,True
408,6,0.23153753836029023,0.5027536768247647,0.16867833562573795,0.2195010739572365,0.2421211787769704,0.20802346256226398,0.23079381728558698,0.23153753836029023,0.44134485672261425,0.4739519238499169,0.573444256597939,0.7032712716217244,0.47869071681284936,0.03574486871277655,0.0,0.23442375720724148,True
412,6,0.21295457480688562,0.5031340509500767,0.17464785297805185,0.2219031422934695,0.23708093168513758,0.21046407153173916,0.23872105320766712,0.21295457480688562,0.4264577466273032,0.4803428113932239,0.5869661782760635,0.6823113106843917,0.4259975664583635,0.03571281299884786,0.0,0.22743710356146388,True
269,3,0.0210191003844028,0.5008394354672625,0.30629071581310896,0.3128668965179769,0.31672017405496905,0.3618139226060248,0.36902039116080537,0.0210191003844028,0.07681390215541195,0.19382762892838756,0.19641647902851556,0.2127614181721075,0.128603676013185,0.0357005411653657,0.0,0.07092047272403583,True
1930,4,0.5464488329953053,0.3200487982298347,0.14357050422555198,0.31654753569196725,0.3334837319235661,0.32088547476797913,0.33746635808952713,0.5464488329953053,0.6256713459790983,0.719126310255847,0.8163318439189101,0.22285741044812735,0.1463498465289348,0.03569499809811932,0.0,0.07428580348270912,True
1933,1,0.037897347381308566,0.3033425406496407,2.6079397679670873,2.7106668512644543,2.738644623344469,2.83966363577858,2.849803034947979,0.037897347381308566,0.07337311520534628,0.12412096907220405,0.19613214228544174,0.40317963656171363,0.2162438947569001,0.03569099995860381,0.010416666666666666,0.13439321218723788,True
425,2,0.062333584568732614,0.34616595394611016,0.04938762850190411,0.058933240512532015,0.05240521378607991,0.05869289164163485,0.05225921390443744,0.16197330958914524,0.09121686298656972,0.19376841249471521,0.062333584568732614,0.6304663016592006,0.41128504670963295,0.03569013601558754,0.0,0.2101554338864002,True
1965,0,0.11765769764884049,0.3846528056622584,0.10009777365417098,0.11344551132530141,0.11401086767870229,0.11151839112839017,0.11967948862588033,0.11765769764884049,0.2030707291790086,0.29518519420564293,0.43210323084250113,0.5503523111448996,0.37255505694002977,0.035667052379465415,0.0,0.18345077038163318,True
426,6,0.251522482716677,0.514868304181313,0.1813297083038078,0.2422647362367848,0.26366806365895945,0.2452644390147212,0.26828864710037054,0.251522482716677,0.4996400130974463,0.5433603740362383,0.60878564812814,0.7616362930930975,0.5338551775589053,0.03566534274138398,0.0,0.25387876436436585,True
407,6,0.3110108291470277,0.5026875525962192,0.1505566539722291,0.218518171752742,0.2433429249318706,0.20682200669876405,0.2268499172233801,0.3110108291470277,0.4977670672429727,0.5093851462203196,0.5944782983595823,0.6996821590798135,0.479092416958224,0.035654249373565906,0.0,0.2332273863599378,True
29,3,0.05222784865754149,0.5144719960674067,0.27157888326102225,0.29210284216454496,0.2862385511128407,0.31914198680193034,0.3107846526621098,0.07026278399564945,0.05222784865754149,0.20247844532347314,0.24104773961657866,0.2072633917642258,0.11615978046229891,0.03564926407116058,0.03125,0.06908779725474194,True
61,3,0.13674906247425256,0.507227994796317,0.29374322973057754,0.34027559885715886,0.35786616001806487,0.33161749804357105,0.32928797639800944,0.13674906247425256,0.23036784937269628,0.29889581884888383,0.34086159204949384,0.1959474055351952,0.11582962755091986,0.03564331982422985,0.010416666666666666,0.06531580184506507,True
148,3,0.19026873427505075,0.5091116127411525,0.2851780617517707,0.3854595922339265,0.38619069101057873,0.3647642584930207,0.3636740296508256,0.2601609416462447,0.19026873427505075,0.19546851235073903,0.2380674840958793,0.22255361823938924,0.12608748789719382,0.03563708991224804,0.0,0.07418453941312975,True
1888,4,0.4154023430053654,0.2825961843162995,0.13818389624685082,0.2440527772489576,0.2580681242069546,0.23788571806861228,0.2614213603946106,0.4337950266147155,0.4154023430053654,0.4828384758929738,0.658833097738039,0.24909462393987614,0.17295032156056322,0.03559361906111114,0.0,0.08303154131329205,True
1960,0,0.06718166622499144,0.3850511420802277,0.1371731735532261,0.147052398721734,0.15093626078858136,0.1403897875165043,0.14599916426659573,0.06718166622499144,0.08173918573876982,0.21440797184555083,0.35180802953690404,0.5530220805189501,0.3848649607768806,0.03553987655003868,0.0,0.18434069350631668,True
1908,0,0.2536912801467871,0.38853093391634447,0.10238579331907693,0.13718959807841263,0.13877824065402777,0.1248741631805081,0.1310824638784617,0.2536912801467871,0.38211119547919337,0.3982179306422746,0.4878737818985116,0.5444344803903054,0.3437032490735987,0.03551663156792341,0.010416666666666666,0.1814781601301018,True
1962,0,0.22982807189637322,0.38440765272480304,0.10915286675501107,0.14438936581397394,0.14467919260582246,0.14273035838594036,0.1492371695787065,0.24403804851085986,0.22982807189637322,0.31581186543188444,0.42625891719222586,0.5563273632219186,0.41045154784009696,0.035513711512649544,0.0,0.1854424544073062,True
395,6,0.4902960945385064,0.5032921509016016,0.10487848728555575,0.20576355441223704,0.22369078443147064,0.20412261047705316,0.22035116691185166,0.4902960945385064,0.6187691546800889,0.6305045641764015,0.6818653971293009,0.6389060592219085,0.4710521995233421,0.035496096080434206,0.0,0.21296868640730282,True
404,6,0.29102323671026353,0.5025420727560845,0.13805512961516128,0.19472447725165076,0.22219254070481112,0.18650533710145026,0.20091614395217414,0.29102323671026353,0.5246096928108648,0.5324463202511525,0.6070112690509304,0.6825190945584712,0.48190518110465064,0.035490719930289925,0.0,0.22750636485282372,True
440,2,0.13594867471886463,0.351053101796449,0.08150756029684754,0.10547562461519694,0.09888921130190449,0.10067196111488878,0.09580920652208881,0.22723794626285698,0.16543445605551343,0.2496910496554493,0.13594867471886463,0.6367062617822105,0.42744625940693215,0.03549044807856598,0.0,0.21223542059407016,True
1882,0,0.1594753660921694,0.3803159485759939,0.08461748116190153,0.10067222035895788,0.104231704641158,0.09771480793179481,0.10037870723489646,0.1594753660921694,0.37512476463741073,0.3843886416070341,0.49110804779579875,0.5083415745628403,0.3238224003545156,0.035488801569735294,0.0,0.16944719152094678,True
2096,0,0.3407223755333416,0.5324173141068965,0.09059082627643762,0.13740922323842505,0.15337378817351122,0.13056979471103758,0.1494014069279722,0.3407223755333416,0.4137743022828724,0.3579312730343085,0.4492032468886763,0.609419439255672,0.4454893892105929,0.03548193657493581,0.0,0.203139813085224,True
2072,0,0.319835782999047,0.4851989804461752,0.07873944651871961,0.11576534688329436,0.12661498678524571,0.12126558459058585,0.13827584681591143,0.319835782999047,0.4922095558766155,0.4528851812432184,0.4841172272403672,0.6163421017981463,0.4229175018670901,0.03547636557896937,0.0,0.20544736726604876,True
1880,0,0.16833172658168372,0.38003525585658593,0.08370015196211207,0.10064127084960013,0.10647487088915379,0.10153107352446306,0.10466145307058078,0.16833172658168372,0.423968615033275,0.43129240659621904,0.5199987518222711,0.5274157552540413,0.3579913586258954,0.03546050601146662,0.0,0.1758052517513471,True
2064,0,0.2855072900577239,0.45978024925695815,0.07109461358570282,0.09950362347496387,0.10405422105269584,0.10490976352973187,0.12081865090712945,0.2855072900577239,0.4652540762836638,0.47946237367036004,0.5356869320782551,0.5995400622183737,0.39912570607782527,0.03543218287519249,0.0,0.19984668740612457,True
403,6,0.2815364150293793,0.5025762097291764,0.13673802851408856,0.19032005431378965,0.2167804527316818,0.18313812914230812,0.19626780956728973,0.2815364150293793,0.5262132498281453,0.538649271874015,0.6085831734546397,0.6837702573017677,0.45761155778768625,0.03543055303310629,0.0,0.22792341910058922,True
1885,0,0.10722663079060768,0.3803322216362285,0.08690967003483353,0.09734796425636842,0.09616410315030978,0.09695713363411707,0.09840784180808403,0.10722663079060768,0.35741467227237733,0.41419798696032284,0.5120146021764056,0.5073220323814229,0.33998902878340687,0.03541762436924876,0.0,0.16910734412714098,True
131,6,0.10313061092041498,0.5424276074982566,0.2084818263670666,0.2324550585688087,0.24700616941863895,0.24088252724012885,0.24983288584514804,0.10313061092041498,0.4274871543284826,0.5607205473833752,0.6336576710804338,0.7547870873147996,0.5005270987377486,0.03541357263391194,0.0,0.25159569577159985,True
1987,0,0.2797259441909007,0.43445170768363583,0.08680005597986856,0.12050976330441916,0.1182769683997305,0.12254131873136072,0.1331067619909413,0.2797259441909007,0.37763247655133714,0.4564319381159413,0.5144746827309037,0.5396792864809672,0.37585503773820506,0.03537360531495875,0.0,0.17989309549365573,True
550,1,0.0064737769624515495,0.4386916205674042,0.15622101670619828,0.19801883910445386,0.19638761394274606,0.1893037907980826,0.1924067773466668,0.2110800294925851,0.1661643582283875,0.03910508220397235,0.0064737769624515495,0.29618888411075006,0.18347612167394622,0.035357394025211354,0.0,0.09872962803691669,True
444,2,0.1802381860964627,0.35302060174564587,0.06619112159822109,0.11657045653850188,0.11155149536186722,0.10648646346297345,0.1021318687569993,0.4321792711143846,0.3181083004593689,0.3315741199272011,0.1802381860964627,0.6605552335063366,0.4571669849951414,0.035355404176889524,0.0,0.22018507783544553,True
406,6,0.3350740146774661,0.5026273106202315,0.1401295717934701,0.2107446165237441,0.23735107854617846,0.19980888762064833,0.21762728933759204,0.3350740146774661,0.5274357368123509,0.5299473861379062,0.6070411835608786,0.6912371630068226,0.46362135102407365,0.03534918185638045,0.0,0.23041238766894087,True
1899,0,0.24502612947778235,0.37989971079384793,0.0792277602619624,0.10494106267169263,0.10736383299066869,0.0991434519854113,0.10341596179915351,0.24502612947778235,0.36064584219593787,0.35220665231037174,0.4903942189412406,0.5060912930637709,0.36834275278027917,0.035331702883354583,0.0,0.16869709768792363,True
446,6,0.33131821126170147,0.5309277794091999,0.20084751055667746,0.30036336257287094,0.3276433522315502,0.30415610333982634,0.3413154708351421,0.33131821126170147,0.5792182518782074,0.6167743897537614,0.6571571906523006,0.7530013151776096,0.5305449059698617,0.03530463307435442,0.0,0.25100043839253655,True
2117,0,0.19220589233860153,0.5339684085501232,0.07782300643045974,0.09634015115034815,0.10464698808122437,0.09191502612915263,0.10850763086918673,0.19220589233860153,0.4281083504449015,0.3644448063868665,0.44841530959229847,0.5926974131880023,0.40301757991448994,0.035299053035399645,0.0,0.19756580439600077,True
405,6,0.3191730224947861,0.5025707653737302,0.13722365531371675,0.2015543740886294,0.22930732871769577,0.19223909826441885,0.20810656453593368,0.3191730224947861,0.5299074471044101,0.5313001282654426,0.6063453518828916,0.6829548739061231,0.4284930444564452,0.035278657409175976,0.0,0.22765162463537436,True
2062,0,0.15417987702917013,0.4559325880679713,0.07858479184549848,0.09290957936715898,0.09810280214641028,0.0977137523438187,0.11643846844130616,0.15417987702917013,0.3554885234597792,0.4391050107371126,0.5244762142830264,0.6161158828686435,0.4288917835541497,0.03527581461479846,0.0,0.2053719609562145,True
426,2,0.09432704789729873,0.3461881677315205,0.04434863668994443,0.06026311598330749,0.05433825599361695,0.05943329455998351,0.05254634815020289,0.2640832461728543,0.1572875735123177,0.28163513243960914,0.09432704789729873,0.6231137761423527,0.4387448028633596,0.035273916092232745,0.0,0.20770459204745093,True
173,6,0.04459261503580958,0.4748632660087037,0.46964625975732743,0.4915664952442567,0.5156490781788333,0.5269618103078361,0.5446848930997217,0.04459261503580958,0.18693282311747272,0.328061997807537,0.4175581564148517,0.749547652719634,0.5987004046575777,0.03526536358884297,0.0,0.24984921757321132,True
60,3,0.31951292944023424,0.5075162811957747,0.251332215949316,0.38657130902242015,0.39890052835642903,0.37891988510969915,0.37761997890609306,0.3498425514689727,0.31951292944023424,0.35480257770000634,0.3519818999342402,0.19433916956721203,0.11769365697827627,0.0352239221671001,0.020833333333333332,0.06477972318907067,True
139,3,0.11775220413426712,0.5087489540378286,0.2996275153164478,0.33961832120241126,0.3305777164629082,0.32667448875820676,0.3191603119983126,0.11775220413426712,0.237180732365604,0.2882567220717135,0.32856715295483696,0.21991813514505248,0.10977442895194045,0.035215074989560675,0.010416666666666666,0.07330604504835082,True
124,6,0.005712949365116349,0.5523644071549694,0.20570982718884268,0.20689178950635076,0.22407527001182634,0.21186729635838256,0.2131049716407171,0.005712949365116349,0.27475169851298176,0.4545844941691136,0.5749190601001399,0.750284498586856,0.5096075590071933,0.035202317359891655,0.0,0.25009483286228534,True
321,6,0.2711056671185581,0.48784695531876116,0.1381629928979553,0.18955147085829815,0.2046857842030875,0.1903761162958019,0.19264915288126158,0.2711056671185581,0.5142500657133424,0.6078739600040618,0.6939357908525245,0.726583323284577,0.5237170392530572,0.03517796836599223,0.0,0.242194441094859,True
1894,0,0.17190925952973246,0.3778318863358498,0.09041951638759904,0.10919034831406323,0.10730771045498222,0.10882483419834783,0.11443452207941425,0.17190925952973246,0.2654306685903156,0.2767783355174446,0.4614745511993855,0.5095133247158454,0.33273722970037056,0.035172800025258494,0.0,0.16983777490528182,True
2071,0,0.1854469449476105,0.4833838490644644,0.07564558112166779,0.0928675924207325,0.10117067320604535,0.09701934259487839,0.11138161052954747,0.1854469449476105,0.4164065970855141,0.450919043591279,0.49036070993824377,0.5881878812288643,0.41958233289932423,0.035126921532969035,0.0,0.1960626270762881,True
2123,0,0.0706152435009001,0.5336160228214677,0.08770984567326545,0.09437409540012226,0.09667762281406996,0.09141445921735197,0.10615420045258898,0.0706152435009001,0.2785497882836212,0.2216847247276137,0.38130032515355927,0.5824421215318172,0.40763735062211026,0.03511649386430365,0.0,0.19414737384393907,True
340,6,0.2251815857170969,0.5061121469239109,0.2505193958847193,0.3233265901618714,0.3430312019432326,0.30091654747702246,0.32589707133886797,0.2251815857170969,0.3119221731265327,0.40996209180274734,0.5284689770361264,0.725261067498792,0.5593537286862329,0.03511395055727922,0.0,0.24175368916626402,True
1927,4,0.4683247589534787,0.3193283044410699,0.1475888606816522,0.27759212633476427,0.2890100767671167,0.2915126165817566,0.30577516128289794,0.4683247589534787,0.5799560475611965,0.7002411097166465,0.8079544907636271,0.23554444925269072,0.17037853151819604,0.03510998673586202,0.0,0.07851481641756357,True
1930,1,0.0845926769715949,0.31642264424796024,2.5942379929912467,2.8339712035608735,2.859598641640744,2.93996480955544,2.973243449019473,0.0845926769715949,0.11096959418318297,0.14501986911173192,0.20800433733612533,0.3781032540451955,0.2538664103317423,0.03509477117050724,0.0,0.12603441801506518,True
1939,0,0.1464635388222817,0.38745265834304843,0.09469233469359278,0.11094117123354676,0.11560847786378127,0.11336330260622407,0.11662162378762403,0.1464635388222817,0.279284341533927,0.44736078841998017,0.5551293455408659,0.53274532758888,0.3913916266615729,0.0350062426472185,0.0,0.17758177586296,True
158,3,0.2251004076378178,0.5048283782148769,0.2485530808165107,0.32075520914758576,0.3179119913894562,0.32215724885558267,0.3212533250437253,0.2251004076378178,0.25734372285421636,0.23510069246343523,0.2731076542161146,0.2185591950591905,0.12277783413964327,0.03499747048414603,0.0,0.07285306501973017,True
398,2,0.1325589261845732,0.34299094408638675,0.04857564517280369,0.06710499921786893,0.06107584320279182,0.0678517168907591,0.06346631187092007,0.27612479339886775,0.23537234722963474,0.2361289566729705,0.1325589261845732,0.6031029471886566,0.3594425328238451,0.0349908885846156,0.0,0.20103431572955222,True
146,3,0.2181055877499487,0.5082776193153168,0.29306228634252224,0.3814964411234705,0.3796005185696696,0.3559667513514108,0.35597345117168694,0.23180859700949796,0.2181055877499487,0.24464032574260608,0.2860322373410753,0.21849429847149046,0.12998512128026607,0.03498707871631426,0.010416666666666666,0.07283143282383016,True
1789,1,0.03818828338727809,0.8301165151773738,0.2958793629798366,0.3334615340510254,0.36463703385093416,0.32198796030821863,0.34729672401867306,0.11270316733275176,0.08739621657462193,0.03818828338727809,0.10108114382350031,0.31346963557389385,0.2278595997279087,0.03490615489783859,0.0,0.10448987852463128,True
2116,0,0.1298838905615527,0.5334354155422509,0.0732335034332943,0.08416520811292356,0.09022502313449306,0.08141762350805824,0.09793979213463071,0.1298838905615527,0.42621904221627693,0.3781724310592324,0.45837227790977786,0.5787552362992525,0.3733903867181425,0.03489420485418322,0.0,0.19291841209975083,True
1882,4,0.34587155071559283,0.27121223962954516,0.1654185920033909,0.25288395908227634,0.27281180365066676,0.25751303562361577,0.2838035881129639,0.34587155071559283,0.4265977410138697,0.506754469453532,0.687094176963656,0.25079265682159235,0.17489610742245532,0.03487617299980162,0.0,0.08359755227386412,True
288,6,0.18135223510670873,0.4846416517662314,0.08161125657366504,0.0996903186858427,0.10821405431067999,0.10139860079481133,0.0924911011772992,0.18135223510670873,0.4599450392644966,0.5543990610171855,0.6172203093985925,0.71979393053421,0.5702914695160928,0.03484925583469296,0.0,0.23993131017807,True
692,1,0.0011061587984410037,0.5363912490559518,0.08133158722205193,0.08683845183001458,0.08980521156807098,0.08934606522854295,0.09675208566286046,0.06341504819480526,0.0011061587984410037,0.014407982744985115,0.05972410516303173,0.25100056809620136,0.166384991990574,0.03484183647900747,0.0,0.08366685603206712,True
1966,0,0.1342431977191778,0.38416123335827385,0.11095439188569432,0.12815884506294006,0.1295657657338545,0.1209712420239349,0.13158507927100196,0.1342431977191778,0.19139301287229749,0.3045565797951192,0.45673782986855516,0.522890220268108,0.37574791623077886,0.03481838346728073,0.0,0.17429674008936935,True
377,2,0.05490808853132012,0.34249744847537644,0.04732115303894607,0.07107643078172535,0.06395123323326701,0.07549942941452892,0.06698303738126572,0.3342215904978596,0.2320863864088768,0.20073984499244657,0.05490808853132012,0.7309601476264613,0.5207367421256208,0.03478278150268439,0.0,0.24365338254215377,True
1828,4,0.1141464775736103,0.2840521469004988,2.2277777834790897,2.514837641980712,2.6169723319932525,2.4461621695781575,2.551706624420415,0.1141464775736103,0.24833363855678892,0.2521606478831364,0.4529778600425627,0.3926632325552798,0.2918510915557082,0.03476967452330363,0.0,0.13088774418509327,True
413,6,0.23399912048068205,0.503231092712669,0.1727246937880718,0.2254888974754967,0.2400314455205216,0.21408771404397844,0.24334968442808544,0.23399912048068205,0.44120142225684233,0.4952744481782545,0.5992816796614142,0.6816179089669703,0.45922802541178953,0.03471954083638182,0.0,0.22720596965565676,True
1338,0,0.015401145382776371,0.5637095230086143,0.3285975188852619,0.3784204665285449,0.3717412265969011,0.40651685293238465,0.43466045246826823,0.13166028809259644,0.015401145382776371,0.10090797862165368,0.1362995498382623,0.8278585492630803,0.5799359116226697,0.0347020498958576,0.0,0.27595284975436013,True
312,6,0.27626169858648597,0.48529216267452885,0.12319512089276219,0.17022053503614923,0.1954539117576424,0.170121341571662,0.16978902962505582,0.27626169858648597,0.4882326287058464,0.5822250655793886,0.6683171094882441,0.7165238447837321,0.5554282188857087,0.03469093266734531,0.0,0.23884128159457738,True
326,6,0.3683986525113139,0.4950579102639949,0.12987952018797091,0.2056352803938523,0.23105722300225637,0.20417855263252385,0.20906154467676985,0.3683986525113139,0.5627130847481336,0.6040215525295294,0.6708403339848912,0.7161366092385641,0.5325061072382766,0.034672184425648095,0.0,0.23871220307952137,True
1909,0,0.34453108827403633,0.3899169652069398,0.08742904790910393,0.1333839734349689,0.13680368691295283,0.1222663077875169,0.1257382723938559,0.34453108827403633,0.4651467393386176,0.46508644630620877,0.5200290181731422,0.5314400923731071,0.3511280307071445,0.03466893196718061,0.010416666666666666,0.17714669745770237,True
56,3,0.006759718813119764,0.5127956736948791,0.2239843757716389,0.22550875152182412,0.23250843222078257,0.22708144671969696,0.22844178302304327,0.006759718813119764,0.11308274226346948,0.26569957019214097,0.28743982720345207,0.19405312844333072,0.11759564397479938,0.03463378541019144,0.0,0.0646843761477769,True
404,3,0.07160032830240914,0.5241385360095214,0.20565599768477494,0.23060493966343473,0.23378924832149875,0.22364744879144782,0.22312214837650188,0.10818910477404553,0.15567885591056474,0.2054272818996995,0.07160032830240914,0.22550153183878568,0.14309317131733845,0.034623299286864244,0.0,0.07516717727959522,True
422,2,0.10592709287130897,0.34622673687590005,0.045130528092476,0.056286907747755265,0.04895633060154613,0.055641372567130476,0.04969101756615033,0.1982055881498337,0.12420177222668982,0.19735018031543183,0.10592709287130897,0.5994817680223272,0.3647813956035577,0.03462010266216176,0.0,0.19982725600744242,True
150,6,0.025841469986640497,0.5146923600078097,0.30745747949612773,0.315613393532479,0.3365784420336342,0.32157485879098746,0.35442338368504966,0.025841469986640497,0.21903060628749227,0.35030730050886105,0.4588465216392006,0.7647049056997829,0.5707545381194308,0.034613402425067934,0.0,0.254901635233261,True
1907,0,0.22150348906720674,0.3878276293873578,0.10142392192809802,0.1302817938214932,0.12838843074789974,0.12461787518727585,0.13049820871071152,0.22150348906720674,0.30248562356122044,0.3208157317997168,0.4377546464786728,0.5305657549130796,0.3756619699050532,0.03461189384312284,0.0,0.1768552516376932,True
444,6,0.36297987494296824,0.5291205220043652,0.1904126725557178,0.2989115493622283,0.32236330710893857,0.30371347576862495,0.34398271853520246,0.36297987494296824,0.5929144613142641,0.6333621604668942,0.6735585153004576,0.7367467368789017,0.4982863300497229,0.034558363562736054,0.0,0.24558224562630057,True
1786,1,0.03207375061621842,0.8432079075106732,0.2760851709280931,0.3004430150906963,0.3272661262776191,0.2976454906123453,0.3179237232840885,0.081073091864859,0.07235990916190671,0.03207375061621842,0.10345803236156703,0.3009569736089554,0.2207717888144778,0.03454511059943424,0.0,0.10031899120298514,True
392,2,0.15122967281778066,0.34307116748492333,0.06911825857328022,0.10302713475045162,0.09559451692753583,0.10267528519953367,0.09488605279496853,0.32912568382401575,0.2216965120174189,0.2504874368163593,0.15122967281778066,0.6276318011926367,0.455632120430014,0.03452599310876567,0.0,0.20921060039754558,True
117,6,0.05986947576805457,0.5609350113569673,0.17365703544950262,0.18471587824613447,0.19759532355299717,0.18401689902134322,0.17909432294148853,0.05986947576805457,0.3958397709916862,0.5464051364119533,0.5949524565084152,0.7355482645527184,0.5500149339657554,0.03451091351490165,0.0,0.24518275485090613,True
875,0,0.2494112573020144,0.6010907443295117,0.20121677197456364,0.27818240272671974,0.2821299873283219,0.3171421765741223,0.3062537807976808,0.27667325466221326,0.2494112573020144,0.3325301141095729,0.31322152411693693,0.7313579331986005,0.46686188156560604,0.03444880712320888,0.0,0.24378597773286684,True
226,3,0.090765587626924,0.4976358600743084,0.20123779808282224,0.2596491439492899,0.2575024177365633,0.2660589264642034,0.2725830700847856,0.22496259751919512,0.09592785105510104,0.09797245259088616,0.090765587626924,0.2150722012139416,0.12323704800110313,0.0344391037633947,0.010416666666666666,0.07169073373798053,True
1989,4,0.4875024536282564,0.32206601983503275,0.20656615803735198,0.40305784778824644,0.3929823690164467,0.38469554287976065,0.4127857926398428,0.4875024536282564,0.6277519604956099,0.7413792457070263,0.8510900029587551,0.26303248680119273,0.19902963358909176,0.03441411304900807,0.0,0.08767749560039757,True
849,0,0.16779095441702485,0.6018286974698956,0.5099646655418523,0.6812600028313144,0.7236850578176094,0.635858875847286,0.6506197700197353,0.25143900504588446,0.2568868764810217,0.16779095441702485,0.19187100121447687,0.8091679511050378,0.5441230595750586,0.034364323373698755,0.0,0.2697226503683459,True
1928,4,0.5225615872523712,0.31936871184459353,0.13508134273608696,0.2829293561837685,0.29748564891390933,0.2966420065795234,0.31074459609413,0.5225615872523712,0.6210832202963286,0.7277710057639211,0.8276465749131616,0.22929282148262362,0.15489751452523848,0.034348842836960845,0.0,0.07643094049420787,True
494,1,0.02429976395914235,0.45585460822037244,0.1462911032067699,0.1603927877833616,0.1560736207568039,0.15685772830613245,0.15477133696235948,0.0879196924716994,0.02429976395914235,0.07449299219351246,0.09674858574790879,0.3279874688642289,0.22951627887307247,0.03434423744736461,0.010416666666666666,0.10932915628807631,True
1885,4,0.4014543284886205,0.27673768826340084,0.141632602634989,0.23662789554112798,0.2501008920704716,0.2466596625797943,0.26685493622246703,0.4014543284886205,0.4305000242499437,0.5368905137600677,0.7057138518129049,0.25220517730172975,0.17576920759683645,0.034315658493578455,0.0,0.08406839243390991,True
2098,0,0.21271067002312072,0.5341523597804647,0.09995413292531352,0.1269598470593383,0.13958644842045845,0.11958208458382595,0.1373376687322628,0.21271067002312072,0.32825988305980125,0.30093778880193334,0.41257201504038765,0.5759026201394672,0.3966277352865575,0.0342383655147272,0.0,0.19196754004648908,True
172,6,0.08436740333026893,0.4757530971662531,0.4524259278114866,0.4941129547561059,0.5186013919890077,0.5248737527798754,0.5413253284934383,0.08436740333026893,0.22397435588444914,0.350580745872475,0.425277357781807,0.7234184079806794,0.5974291885550684,0.03421899498528013,0.0,0.24113946932689312,True
1753,4,0.016671957031471285,0.6483054331229535,0.6681987212168247,0.679527779152547,0.7244790715826137,0.6854164643085833,0.7359947178175464,0.016671957031471285,0.18960570653143027,0.2582114324931395,0.4481314429519768,0.5037206426552995,0.37096068417479255,0.03421317812027196,0.0,0.16790688088509984,True
1814,4,0.22533650361793955,0.3349504564596385,1.5941700246787338,2.0578871111444452,2.165673283113363,2.1375518853331275,2.230429775503653,0.22533650361793955,0.36263634959947677,0.38393648785167245,0.5225751770355611,0.38383605436090634,0.2765258148869254,0.034188657250082126,0.0,0.12794535145363545,True
1242,0,0.003115754648331248,0.5892036690781173,0.21427326088250423,0.2835095267650101,0.3052656163274965,0.2903050371709621,0.2627231170620762,0.24421142623504533,0.014653767597048506,0.003115754648331248,0.02104248799381503,0.7528469699439123,0.5198655022351772,0.03417216171020849,0.0,0.2509489899813041,True
414,6,0.2421595786982711,0.5033379535924942,0.1728242183122111,0.22804829810391222,0.24231600293094188,0.2173722816696948,0.24658928323138987,0.2421595786982711,0.45062902244538017,0.505310387692435,0.606236885138796,0.6764803001942699,0.5159958342241282,0.034171067531201395,0.0,0.22549343339808994,True
1894,4,0.26221606629659555,0.2925865009394427,0.20938476813260962,0.28380228759058895,0.2908634790346154,0.27043286026309304,0.30003469214870565,0.26221606629659555,0.28966525440924196,0.40180225313911344,0.6342452481881604,0.24858333013841735,0.16039718116822144,0.03416400968217631,0.0,0.08286111004613912,True
2067,0,0.33839964887251917,0.4710138720196655,0.062410588046299266,0.09433276137163604,0.1019163443022562,0.0991813316563966,0.1132432802309669,0.33839964887251917,0.4962802985210979,0.5012667281669337,0.5340002002089823,0.5881405614447577,0.4228647196127042,0.03415893443914713,0.0,0.19604685381491924,True
266,3,0.053642040905713784,0.49930720000919676,0.30129802528451033,0.3222087559511973,0.32174309703596865,0.3706969876161341,0.37188412647338676,0.06489808324716717,0.053642040905713784,0.16983851164068164,0.18102140288168378,0.2144667100878256,0.1283898151480951,0.03415500526795254,0.0,0.07148890336260853,True
220,3,0.165182404474702,0.49327488892083476,0.2156820486818507,0.27847872655289935,0.27430313776722415,0.2954853546426919,0.29503479563734497,0.22549901261172245,0.19846862863967607,0.175158274392878,0.165182404474702,0.21498413732638277,0.1269973917724041,0.034129185523323516,0.020833333333333332,0.07166137910879426,True
313,2,0.05749262872149519,0.32440460875310273,0.04020469917322415,0.050417849567898944,0.048719200068183234,0.05123761852134185,0.048325288497842456,0.20257013105885247,0.12851169231997495,0.2266725638353312,0.05749262872149519,0.5678936511266387,0.36938645246113566,0.03411592213875958,0.0,0.18929788370887957,True
54,3,0.013758230742986322,0.5141316831053322,0.2114541258015444,0.21440394474556032,0.21328637604499665,0.23542525568212183,0.23185346000469642,0.013758230742986322,0.09203904069549818,0.24841442033134042,0.26234365807748394,0.1910917855199939,0.11644994550764265,0.034105257392346114,0.0,0.06369726183999797,True
40,3,0.21225469157649235,0.5139484053150685,0.2674226054124212,0.34537787291760197,0.35932634383294765,0.33857671088424895,0.34820527820375674,0.22571008051745933,0.21225469157649235,0.23198545284937844,0.22557904076071,0.2010163433962057,0.12994813868903332,0.034102009052197485,0.010416666666666666,0.06700544779873523,True
1901,0,0.2939128811993158,0.3829201883331601,0.08758147377025578,0.12403777301449181,0.12717425143911895,0.11159932649759251,0.11950631023043685,0.2939128811993158,0.44017255498937347,0.40940722868629964,0.5084609544762665,0.5225070169492703,0.3263283118389211,0.0340861754371948,0.0,0.17416900564975676,True
1868,1,0.08132663710840127,0.5701848555231255,0.4982610588770992,0.5423702036040124,0.5754658350588975,0.5599393434499943,0.5907905617172341,0.08132663710840127,0.08886692678195274,0.09671955644263064,0.1836879640301492,0.3611987587993949,0.2542485395045375,0.034073390449633825,0.0,0.12039958626646496,True
1987,4,0.5396552333642685,0.3242294280834842,0.17096129360155732,0.3713766420132633,0.36390029009143204,0.3462916530758746,0.37538996131183683,0.5396552333642685,0.6833252543818575,0.7669692687168392,0.8644402119750066,0.24333876434836496,0.17149692961879737,0.03406674523180019,0.0,0.08111292144945499,True
1902,0,0.25629347913268474,0.384232729912887,0.08692449573900855,0.11688010431539131,0.11941164581509993,0.10627353744888675,0.11247528798596206,0.25629347913268474,0.4483969325436018,0.4129401140240101,0.4900727627279504,0.5220392734691164,0.3265865400657617,0.03405566180616795,0.0,0.17401309115637212,True
323,3,0.06627183926411762,0.5136625635940334,0.18343773028463614,0.2056514825082808,0.20144478808558233,0.21506813372098754,0.2282482874670623,0.10801649447263384,0.06627183926411762,0.15432558775378624,0.18793387340519507,0.22902348525537025,0.15387339846535752,0.034040347343049594,0.0,0.07634116175179008,True
1867,1,0.03515328828971709,0.5726696916897085,0.49362258109385665,0.5116072585445863,0.5383322114268058,0.5411847658103396,0.5674766646860453,0.03515328828971709,0.0644065878559027,0.07710756302725308,0.14260787562183508,0.3719899932799047,0.2287953394369282,0.03403691368910873,0.0,0.12399666442663489,True
1042,0,0.06508320679262936,0.5793823986380741,0.26594336249350287,0.28815245283593693,0.28336173910077517,0.33754406143195714,0.3458596028336118,0.07707409783903207,0.06508320679262936,0.13732135392670253,0.09104252853203287,0.789944787031064,0.477989712023998,0.03392213715041456,0.010416666666666666,0.26331492901035464,True
1914,0,0.2561156259992422,0.38974717481828425,0.08089187034111835,0.1087425319960222,0.10807370799994646,0.11178106255444377,0.11402788913066102,0.2561156259992422,0.38882908547666695,0.4722411113880065,0.5576514915062403,0.5226244211353102,0.3374903573427446,0.03392109982502302,0.0,0.1742081403784367,True
311,6,0.2727671807417844,0.48553316470297275,0.12196929761631954,0.16771698744389643,0.19235541070863924,0.16642496902840054,0.16591946544693623,0.2727671807417844,0.48988389637791363,0.5754036413871507,0.6577443480717001,0.7002716832456752,0.5087667852392315,0.033904074496860115,0.0,0.23342389441522507,True
816,0,0.17096432746447354,0.6012050491425737,0.22859338226030548,0.27573407252932125,0.2801507299298282,0.29108160225506974,0.3118291141521284,0.17096432746447354,0.18416930196382975,0.21314324348947566,0.2728853354214288,0.7198369583498837,0.4839668741585683,0.03389317082218427,0.0,0.23994565278329458,True
378,2,0.13672052172964588,0.3424964351869321,0.04059215980396333,0.06985024713232091,0.06380377720517486,0.07446833349692604,0.06551074529164831,0.4188687732619254,0.3579135139582179,0.32329619154837597,0.13672052172964588,0.7117826827153626,0.4731399340351956,0.03387022070994604,0.0,0.2372608942384542,True
153,2,0.004795965280176451,0.3413924566134036,0.05028654629972932,0.0643376340581078,0.05710198480595363,0.06335880114322463,0.05982660769351969,0.21839609062540233,0.10046395620992876,0.1829937313105574,0.004795965280176451,0.6614650793325978,0.465289790129944,0.03384838476117114,0.0,0.2204883597775326,True
1990,0,0.061488857955456555,0.4332136626846204,0.12117782220350393,0.12911708425700566,0.12810193915475135,0.13120777239061243,0.13783864647695454,0.061488857955456555,0.2622771208925011,0.3780541645782496,0.47690893118740585,0.5325711221456775,0.3676887354954772,0.033840840478976404,0.0,0.1775237073818925,True
2066,0,0.14164794628925714,0.46694467547952756,0.07140120333051755,0.0831840537013256,0.08827350327746375,0.08614837967032773,0.09891912502837381,0.14164794628925714,0.41585247961536753,0.4869347023087234,0.5362906441387397,0.5615881356787138,0.3777226576242185,0.0338333028756408,0.0,0.18719604522623792,True
1927,0,0.22107115927563092,0.38876492203297647,0.09200846531148314,0.11812178533011998,0.11960812246841823,0.11975478329563893,0.12094929886267303,0.22107115927563092,0.40319044656095326,0.5036588439711283,0.5384042602419696,0.5209547720063366,0.3255635919497877,0.0338170791187703,0.0,0.17365159066877886,True
229,3,0.15642276595072124,0.49737934035052506,0.18028673327202682,0.27059961357113743,0.2742862088578954,0.2505655493325401,0.26081734244339294,0.3337509581305016,0.22031668045830133,0.15642276595072124,0.17217165304884996,0.21110227443207952,0.10784268666312968,0.033803406915536495,0.052083333333333336,0.07036742481069318,True
312,2,0.022117785249306743,0.3242316010844834,0.04043847074540637,0.05193374250304917,0.04941231073861293,0.051974735572250665,0.04951577705421823,0.22134495231049212,0.09844187706825536,0.1885567167192549,0.022117785249306743,0.5625224087792227,0.3775326119608913,0.033793247487705964,0.0,0.1875074695930742,True
2068,0,0.32836062959001266,0.47443104999073127,0.05919361632625191,0.08813303527772424,0.09461942417481811,0.09210199189101038,0.10492076255056475,0.32836062959001266,0.4941154402600837,0.515485321092076,0.5433905802789474,0.5780549793981606,0.430323443816917,0.033789260358264,0.0,0.19268499313272022,True
342,3,0.09841562884981958,0.5155814985844738,0.3432918249802363,0.3807650575644826,0.3717619961161909,0.36162458030427297,0.3706459201516142,0.09841562884981958,0.1303640769909865,0.18902685915672424,0.23701467628216588,0.22717736963669632,0.13623012448943772,0.03376595444912862,0.0,0.07572578987889877,True
2132,0,0.06036816044639526,0.5328763458070901,0.07387641523176587,0.07862272447777278,0.0760110287803088,0.07666984655283633,0.09033964211102681,0.06036816044639526,0.3153200647128368,0.29512196533169555,0.4450489795723104,0.6137925359639667,0.41579649067102764,0.03376568445289885,0.0,0.2045975119879889,True
1789,0,0.007261596835327455,0.42781188806469284,0.34505805710799026,0.3641148066340052,0.4019417670401926,0.3468037730025488,0.37899237860921947,0.052337200187440036,0.04895556413515478,0.007261596835327455,0.2400992752624599,0.7541416960269706,0.5379691148401378,0.033758178271187114,0.0,0.2513805653423235,True
314,2,0.07756505431172855,0.3247129044705177,0.041718626715421696,0.04956407132275964,0.047265573155215374,0.05197837476569941,0.04805545706527516,0.15828894596347143,0.1438486749741278,0.2379066257333663,0.07756505431172855,0.5611028543467262,0.3822463470801196,0.033707968477464,0.0,0.18703428478224207,True
287,6,0.1482982107616686,0.48483186723057137,0.08249303283156852,0.09685670955950583,0.1033935878792297,0.0982383437256125,0.09035331839675269,0.1482982107616686,0.4865885369863374,0.5728901683417411,0.626682432798087,0.6953720966261538,0.5192917778750257,0.03366685806540004,0.0,0.23179069887538462,True
553,1,0.012830654398425234,0.4354899488585554,0.14303568517129106,0.17112323953088324,0.1640419709451586,0.18458959966310676,0.18124280319718467,0.16413641090825137,0.1360922602249468,0.0689318808042878,0.012830654398425234,0.2817118508926318,0.1671176198425215,0.03362920571272329,0.0,0.09390395029754393,True
1919,0,0.1554758078495324,0.389131713970296,0.09312710619594912,0.11027168559708567,0.10870847796593135,0.1221607384611687,0.12137202640737926,0.1554758078495324,0.32404861796225637,0.44605689819984784,0.5534386595983897,0.5311852554839607,0.34182138264989703,0.033623651742212615,0.0,0.1770617518279869,True
654,0,0.04614850524741687,0.5922029155863076,0.17767321449224793,0.19417874982015781,0.1820539933855517,0.18962912347217512,0.1845035129841095,0.08500175916879049,0.04614850524741687,0.07166841116569589,0.23234710184857965,0.6700337971721106,0.42786916630038974,0.03360755311562328,0.0,0.22334459905737022,True
138,3,0.1594700641058454,0.5086721929666619,0.2994798502114157,0.35629885078730655,0.34235270140169066,0.3488992286613622,0.34079184386926437,0.1594700641058454,0.17701191096013102,0.26240230781539053,0.2754828059275384,0.2096694743530556,0.13601163060949784,0.03357397632302871,0.0,0.06988982478435186,True
391,2,0.17214748645387978,0.34300482498990315,0.06610650933554353,0.10299721357169317,0.09661575536587869,0.10252410473037965,0.09356788946858048,0.35817186656677036,0.2625320796024133,0.2836801925389295,0.17214748645387978,0.6002990064319809,0.4313693295568477,0.03357326509557416,0.0,0.2000996688106603,True
452,2,0.026638071617440473,0.3532966694452133,0.0634366872589635,0.07223146336996633,0.0685073339557448,0.07597192846610613,0.06901563936477158,0.12175824357809817,0.10561596814859997,0.1942517883864746,0.026638071617440473,0.5660942834957345,0.3753835707736357,0.03356435771631918,0.0,0.1886980944985782,True
2094,0,0.32801721357449054,0.5271359403582918,0.07692253621478624,0.11447099206805834,0.12698444350345459,0.11577510498538135,0.12941717435049496,0.32801721357449054,0.43375617862080385,0.3898145059520137,0.4653168421399466,0.5399120123673466,0.380792514021266,0.03353410248219534,0.0,0.17997067078911555,True
325,6,0.3737593887573968,0.4935818703230845,0.12827371574252075,0.2048313594482425,0.22768688860914854,0.20452675058267253,0.21113588941430236,0.3737593887573968,0.58150180197386,0.6284912410653205,0.6932075236902955,0.6918890913852127,0.5011931752357839,0.03349822627292987,0.0,0.23062969712840423,True
425,6,0.2775930034198405,0.5137078356819257,0.1795901587765294,0.24859969466893414,0.26949250047856593,0.2473336348860897,0.2717329939244704,0.2775930034198405,0.5170634584944057,0.5573869012624995,0.62234677415996,0.7180751893395747,0.49760100577935873,0.033496475962138894,0.0,0.2393583964465249,True
1211,0,0.011570305314306584,0.5869153541041651,0.11770123184948662,0.13651506344719408,0.13242531077543293,0.15240595281050404,0.14999742567335753,0.13781505954458206,0.015851317775625984,0.011570305314306584,0.0756657215607307,0.5508625817726767,0.33371109343376304,0.0334932428226113,0.0,0.18362086059089222,True
2092,0,0.2714307765727604,0.5201475033859702,0.067232401348877,0.09228004585838963,0.09923563636828736,0.09434154221389579,0.10460971755160993,0.2714307765727604,0.44044313147276926,0.43269457523018007,0.5070594574669537,0.5682526997442352,0.3674983924099706,0.03349319194773014,0.0,0.18941756658141173,True
123,6,0.015758958768190445,0.5538009834853527,0.20287395968210478,0.20612223142839223,0.22501321515331393,0.21044426494041665,0.20913225160539284,0.015758958768190445,0.2726903286041341,0.4528117205969354,0.5764165170285995,0.7137280159437136,0.5388129894089957,0.03348713744348786,0.0,0.23790933864790453,True
2088,0,0.09309559656533395,0.5086166902770376,0.08524898298301102,0.09399996588411362,0.10164237790895107,0.0998196666294553,0.11193930225174849,0.09309559656533395,0.3605113192168553,0.3706114773779915,0.4681347742936589,0.5490728280381216,0.4010391017242796,0.03346967993588013,0.0,0.1830242760127072,True
415,6,0.2645533362711945,0.5034944957672727,0.16728621365969457,0.22746206069048266,0.2407709263561814,0.21865422449196706,0.2475407765842026,0.2645533362711945,0.46111692322578,0.5087527917573285,0.609224049017304,0.6684827572860048,0.5018531235193109,0.033467945584895145,0.0,0.2228275857620016,True
1893,0,0.24195617226321442,0.37815845443741625,0.08367879111529057,0.1103878008810148,0.10605569664663132,0.10866696102711776,0.11620108903800418,0.24195617226321442,0.3142071237055468,0.3293266666014594,0.4837848526884654,0.4882894884292395,0.3125930146588871,0.03343923469245368,0.0,0.1627631628097465,True
253,3,0.027657761707078232,0.498798210443278,0.2638977724381569,0.2835984188086667,0.2845291519053441,0.2887508431478972,0.3170107539205515,0.06946670031965563,0.027657761707078232,0.1056459699183745,0.1733598561085521,0.2060732126881114,0.1151398649747648,0.033434012460619354,0.0,0.06869107089603714,True
322,6,0.30639852345978913,0.48851178933984535,0.13473723887534025,0.1942574279792915,0.21045579441201048,0.19621889238810733,0.20054128665863136,0.30639852345978913,0.5413698910904773,0.6232301775338905,0.7026858807697223,0.6903845643742461,0.5041597489350806,0.03342538369328146,0.0,0.2301281881247487,True
389,2,0.0017245556284568586,0.3429605888664925,0.08026333858887363,0.09229071479005398,0.0850513808045581,0.09441093958360817,0.08481143192427303,0.13032054447232988,0.006381557818805339,0.0726563159553415,0.0017245556284568586,0.5854184457102032,0.45674876523283103,0.03337303872044012,0.0,0.19513948190340105,True
443,2,0.14927656332623107,0.35291061424954906,0.0668873727058522,0.1001664084782371,0.09351092042085966,0.09610938993423535,0.09063160984138907,0.33223748637863315,0.23027524894211981,0.2956856039808279,0.14927656332623107,0.5781383380231346,0.38311219347906444,0.03337173294141826,0.0,0.1927127793410449,True
1913,0,0.1331423767996318,0.38997416495177856,0.08840004913058049,0.1019775875122545,0.10294217431785657,0.10140663853386789,0.10477138722333255,0.1331423767996318,0.3282239443002768,0.4042031250942859,0.5356056859220502,0.5114356552639532,0.34512798069235373,0.03336392604246372,0.0,0.17047855175465107,True
138,6,0.05634255667663568,0.5314881172143061,0.3234463296865416,0.3427582031753294,0.3752065137015583,0.3285733838758077,0.3513947576407371,0.05634255667663568,0.2844150429076068,0.341739783554432,0.4266852816498229,0.7781733770457198,0.5643763615095025,0.03335111000188926,0.0,0.2593911256819066,True
1928,0,0.44973173495696606,0.38853408616733764,0.08457349995798695,0.15369503445991536,0.16321573056666824,0.14200416582180833,0.14812935281082432,0.44973173495696606,0.532238418824909,0.5292907294959865,0.5532381991384443,0.5541091640044986,0.33900796393123755,0.033342947804043115,0.0,0.1847030546681662,True
231,3,0.2375935635135349,0.4975412238063209,0.17080821111976088,0.27110133821704835,0.26455522269553755,0.2735303940395094,0.28166896450979073,0.3699470012095295,0.3003651321262617,0.2375935635135349,0.25984721258071974,0.20811063722358558,0.10925105570643545,0.0333243617220423,0.0,0.06937021240786186,True
396,2,0.21815790980384098,0.3429558976833715,0.051393694030252575,0.09032098232990417,0.08497244886221907,0.08796594978579882,0.08268853210393061,0.43098831850019914,0.37492738874370724,0.3410207875255803,0.21815790980384098,0.5825454365452764,0.39716274464969814,0.03331667598434664,0.0,0.19418181218175878,True
847,0,0.32432297463940196,0.6016221059184232,0.3395178196929727,0.6139074647797321,0.6563562616083648,0.5805990839258462,0.5877792638929558,0.446956032999549,0.44863334097736574,0.3308671070624223,0.32432297463940196,0.7881935882729556,0.47735982821834,0.033305391819138615,0.0,0.2627311960909852,True
1754,0,0.12130230147169263,0.4827488854819394,0.10221940184879795,0.11922067461192688,0.1223589392823012,0.11655051009146684,0.11245132125439478,0.1426033934002594,0.12130230147169263,0.18304586341613127,0.3826666306018498,0.6080837286295169,0.43020168652213897,0.033299582640346354,0.0,0.20269457620983897,True
1889,4,0.399591064568838,0.2841981916240588,0.13340567581781793,0.2580191979307107,0.2697300799782642,0.24801199217507644,0.2730787305514722,0.4829622102242055,0.399591064568838,0.4762665816710594,0.6568663522183423,0.24044720640978845,0.15061209682180277,0.03328837847358283,0.0,0.08014906880326282,True
445,6,0.38549769884447194,0.5302199700075142,0.1936102285489596,0.31506835399133454,0.34218602163388495,0.314613415085785,0.35492575256931574,0.38549769884447194,0.606322249725638,0.6366349247590801,0.6727556083181044,0.7187459339258915,0.4867462979404422,0.03327828225200428,0.0,0.23958197797529715,True
1939,3,0.009869506962600694,0.5748999851028131,3.3666249264392007,3.43972663155431,3.4249243544725387,3.666225672044144,3.647444955729909,0.021252184532489116,0.009869506962600694,0.030749694921667903,0.03980457191045239,0.3556030852615626,0.18540922852140973,0.033278020008349986,0.010416666666666666,0.11853436175385419,True
192,3,0.09087669601421455,0.47309342700824997,0.3381420640171502,0.37872369615308976,0.3638671046185564,0.4121328152412913,0.3972776904416557,0.10715366518691627,0.09087669601421455,0.1298641334061056,0.10241580675018602,0.19042981833878064,0.10468945900526538,0.033264010318851456,0.0,0.06347660611292688,True
423,6,0.4313982335634263,0.5116586240918052,0.1465430185079075,0.2577252255586407,0.27781330191328296,0.24603544954550371,0.2738973882923598,0.4313982335634263,0.6122169145883085,0.6205142934611716,0.6699599378829403,0.6799259391507384,0.4937077769961036,0.033242742015173514,0.0,0.2266419797169128,True
216,3,0.12319708729610468,0.48940145827281295,0.21941245711109356,0.2919238489630505,0.2856353257481054,0.29755202741637693,0.2979939054133869,0.24839146273771862,0.18047039426046363,0.1454957477659683,0.12319708729610468,0.20745714129542997,0.11219307636208509,0.033219718658216865,0.010416666666666666,0.06915238043180999,True
399,2,0.0758433756675152,0.3431081397418105,0.06107378792336168,0.07921544626802778,0.07362401286430213,0.07777162766058299,0.07282041981414898,0.22901667792520242,0.18088632120534842,0.18901154145582966,0.0758433756675152,0.5835612794605057,0.374714984368822,0.03321898370022294,0.0,0.19452042648683524,True
422,6,0.4399782216368917,0.5103807177351665,0.14290293065192528,0.25517388104015754,0.27429171193572,0.2391975015808642,0.2676050862419808,0.4399782216368917,0.6195335209425117,0.6225493370850883,0.6721831032645522,0.6765587586025521,0.4828264847900243,0.033195558480845155,0.0,0.2255195862008507,True
646,1,0.013890209636582496,0.46412478225285386,0.08887195460583612,0.10097057245479575,0.09620247159072985,0.10223119083182426,0.09623045394326028,0.11982320744369501,0.013890209636582496,0.025998294456465065,0.08636276473552951,0.23358987868407854,0.15404867226163788,0.03319453264700199,0.0,0.07786329289469285,True
286,6,0.11810881953856278,0.4849884579603601,0.0828427205912307,0.09393757691043514,0.09818860451905254,0.0949041005272075,0.08862808871210885,0.11810881953856278,0.49834581622040364,0.577304263631524,0.6292695766043526,0.6851523207209287,0.4793838092424494,0.0331720614715609,0.0,0.22838410690697622,True
1931,4,0.4834727646038768,0.3207473951871913,0.15125172768945963,0.2928243030078852,0.30853299350294794,0.30062173514041096,0.3136805530761398,0.4834727646038768,0.5612106888249233,0.6814821048851677,0.796634583180495,0.22600636004702265,0.1635295533898784,0.0331426532759193,0.0,0.07533545334900756,True
310,6,0.27343718358016467,0.4857347217126098,0.12015427003953132,0.16537354695853532,0.18832495648177275,0.16254917078210399,0.16219525724420292,0.27343718358016467,0.5095708095179525,0.5805641805411481,0.6545766336031595,0.6841269380872745,0.5040791327047884,0.03312241695496689,0.0,0.22804231269575817,True
62,3,0.20786099722752305,0.5068529919809288,0.2790951848245237,0.3523310730158393,0.3729148775908628,0.3537013463089891,0.34845823198972825,0.20786099722752305,0.2399785475233872,0.32183279844948853,0.3208622232258681,0.1923376284211041,0.12004074005224297,0.03311988603632765,0.0,0.0641125428070347,True
441,2,0.16426918998762674,0.35207676226553464,0.07084347805702633,0.11526845557004085,0.10798986423716089,0.11096346010551265,0.10571761177436301,0.38540446554365837,0.2640988775791573,0.32483006700958883,0.16426918998762674,0.5907509776252987,0.35464297924489685,0.03310210088672195,0.0,0.19691699254176623,True
1932,4,0.5214507614029709,0.32123695186815504,0.15274208148209126,0.3191773576526582,0.33832947556834103,0.31668099381070053,0.3298863320091115,0.5214507614029709,0.5927519832786254,0.6953169618001356,0.8007936295703044,0.21808115196315944,0.16848779419007087,0.03309541660018085,0.0,0.07269371732105315,True
349,6,0.10433546706301533,0.5034499124998606,0.3870576102297651,0.4321457376017332,0.4464019350484058,0.40860314502872397,0.43699846126388264,0.10433546706301533,0.2317603769672265,0.33678446160383535,0.452580054066418,0.6561730228730305,0.49629819916262363,0.0330787235740435,0.0,0.21872434095767682,True
1903,0,0.261790067706852,0.38480884320068903,0.09266809584561853,0.12553081690157944,0.12878533731945088,0.11512659307883037,0.12042265560246869,0.261790067706852,0.36977762217830534,0.3244000874358305,0.43959655446942036,0.5066063709248934,0.3248391204758718,0.03304888370259545,0.0,0.1688687903082978,True
2159,2,0.035018855802820936,0.3158130864130499,0.021893204547501363,0.022687701909155464,0.022048602863425443,0.024365253225275413,0.023083415612233954,0.035018855802820936,0.17239706117115694,0.16044659510839498,0.2840214645558551,0.6043775466548071,0.46316407975702134,0.03301166797438285,0.0,0.20145918221826906,True
251,3,0.0382321702377999,0.4991151524736008,0.29928258879304936,0.3221989125467603,0.3231092860859927,0.31513013171252774,0.34677807104110814,0.07112477063492606,0.0382321702377999,0.07795842374127859,0.1585748855443534,0.20708975473828042,0.11829646618713152,0.03301022659264697,0.0,0.06902991824609347,True
445,2,0.11952954643503666,0.3531837433276645,0.07778146329306015,0.10531663817004629,0.09975514695140404,0.09838980264036147,0.09352540135150023,0.26145132768601387,0.18477731291870836,0.23264912224492984,0.11952954643503666,0.5857071084413044,0.3843154574626855,0.03300224460317405,0.0,0.19523570281376812,True
437,2,0.1569830714273579,0.3495147070452575,0.05864110940365935,0.08875794564686319,0.0812685506067329,0.08841244045416712,0.08179491319249521,0.33931425545864025,0.2389504062770399,0.32509786758559367,0.1569830714273579,0.5828272431838679,0.4257446093501098,0.03299333132965174,0.0,0.19427574772795597,True
1884,4,0.44890022126751583,0.274167207174904,0.13957067450569513,0.2532584477292011,0.2730334199854885,0.2556598353916046,0.2811904724261527,0.44890022126751583,0.4914148331011263,0.5567783234839514,0.7245999037605083,0.2320645140051806,0.14680420440186026,0.032977792903697206,0.0,0.07735483800172686,True
2097,0,0.3991880466397877,0.5340813098646765,0.07150027657858775,0.12218342882404017,0.13385016626014823,0.12163233160175768,0.13754598267681836,0.4148119981019903,0.4627954873890132,0.3991880466397877,0.4478841210761889,0.5642621316553615,0.3886419670378132,0.03294066216301682,0.0,0.18808737721845384,True
855,0,0.049907158360394166,0.6013976273058023,0.3701313018153167,0.3895738243607532,0.40999873154328315,0.4375693476443749,0.43994544467913915,0.049907158360394166,0.05629200025011738,0.15681358512799304,0.22001356352490486,0.7379677935963576,0.5427199653719796,0.03292463869224136,0.0,0.2459892645321192,True
1178,0,0.004363844251729199,0.5791619837305709,0.06999352496684015,0.08043760412969604,0.08084624512554694,0.08715940436397222,0.08654066648208623,0.1298407539092793,0.10400518930698266,0.004363844251729199,0.0469465972901949,0.5927654783573058,0.3783347916452158,0.032913129952051014,0.0,0.1975884927857686,True
463,2,0.11261482520955868,0.36024815372434543,0.08216787559006962,0.10789159207597195,0.10464720664691184,0.101165939144365,0.09972176269408826,0.2384218824742984,0.20804360395833188,0.28978541102067823,0.11261482520955868,0.6088194096538045,0.4068714092923962,0.03286829564292787,0.0,0.20293980321793484,True
1925,0,0.23731320318196591,0.3888375022935975,0.09277420395694784,0.12164128754294197,0.12171356642976593,0.1248830995888666,0.12735441550122895,0.23731320318196591,0.4173441598311364,0.5438299521827017,0.5687649454734183,0.5038269791143282,0.337062649812367,0.03286756778952546,0.0,0.1679423263714427,True
151,3,0.19794299325372489,0.5089047176176219,0.3041864124836105,0.3792578456706104,0.3768543914962155,0.35099263891708504,0.3510400509442208,0.19794299325372489,0.22966730535500735,0.25570405902596105,0.266245072423248,0.20524104444035668,0.11144095363095285,0.03286486021780689,0.010416666666666666,0.06841368148011889,True
352,6,0.040762120127553425,0.5031802406200685,0.374170126576778,0.39007021556168403,0.40379175955046454,0.3899218664976749,0.41195065992998087,0.040762120127553425,0.20081982946055899,0.3086532473044534,0.41463272487449376,0.6614961467966676,0.5068590116437832,0.03284208490823731,0.0,0.2204987155988892,True
121,6,0.015685011363848256,0.5562030449330206,0.1943267328983708,0.19742331991472187,0.21751904353346493,0.20233189367650284,0.19787598549619548,0.015685011363848256,0.3104104071922771,0.47593975088982043,0.5871954750822963,0.699795559819177,0.5314774303296872,0.03283344575317243,0.0,0.2332651866063923,True
1458,1,0.12519473481562127,1.0683804858063588,0.3926934425352624,0.5396656639538694,0.5628122590621227,0.5205418444456787,0.500031169477855,0.2723393968439878,0.3016731593960895,0.16531199231315163,0.12519473481562127,0.5442433019537175,0.3136537849948837,0.03281341485122681,0.0,0.1814144339845725,True
321,3,0.04458719593114813,0.5128938189209422,0.19397750747226258,0.2030300480024586,0.2000730520423489,0.21269152412980086,0.2211125509213269,0.04458719593114813,0.06383971241673825,0.15121831706278155,0.2050746604081184,0.2206904898322145,0.1555566222391569,0.03280179288521321,0.0,0.07356349661073817,True
416,6,0.27808417594049406,0.5038235407295141,0.16228438744428186,0.2247968281561108,0.23703514217726437,0.21651063710569884,0.24465427899129935,0.27808417594049406,0.47462783475525694,0.5201817835295558,0.6182198281801672,0.6587896841551917,0.4454060533705331,0.032771410024202294,0.0,0.2195965613850639,True
1754,4,0.03732280177598657,0.6441837703770225,0.6986069816054221,0.7256918340792127,0.7718177594358689,0.7297761145276868,0.7835801186083823,0.03732280177598657,0.22777243627677402,0.29165074790149603,0.48149696383804064,0.4824902804642936,0.384788179105815,0.03277119202383195,0.0,0.16083009348809787,True
186,3,0.07588622856693383,0.4668385985717818,0.38766201984292276,0.41949598829347307,0.40402520241631185,0.43093773703956323,0.427090589545795,0.07588622856693383,0.12173792403085892,0.15955955311739745,0.12177114438261072,0.19624005359864882,0.11364389596621294,0.03275888134078484,0.010416666666666666,0.06541335119954961,True
2152,0,0.21248195893862043,0.5324136090304528,0.05568926096287955,0.07071490182983516,0.06958824302137484,0.07230095048618541,0.07597488078684599,0.21248195893862043,0.2653693114291118,0.2147134540894755,0.40356089432687325,0.57610423849023,0.426509108513244,0.03274994613730536,0.0,0.19203474616341,True
367,2,0.09670951537542227,0.34087799524726853,0.06725917813970277,0.08904254924966326,0.08292611591381539,0.09745373322092026,0.08579172986170847,0.24464002090599257,0.09670951537542227,0.1887503651290212,0.09838187555503974,0.6179833731485525,0.42854856188209567,0.03274778330324694,0.0,0.20599445771618416,True
1923,1,0.026845800382831353,0.35265601671088914,2.538715277398728,2.6087492387099998,2.635296005255898,2.6914325436815942,2.734567735051663,0.026845800382831353,0.06823076895922153,0.10719823716215915,0.18130747433394256,0.36723937138965923,0.23516313368388353,0.032681578325062605,0.0,0.12241312379655307,True
1988,0,0.11036815529817723,0.43413193591834043,0.11014911442881976,0.12381426663715973,0.12426777996397742,0.12013779690042965,0.12837170924165034,0.11036815529817723,0.2731816770913277,0.39272145028566596,0.4755006474354506,0.49353512231786745,0.3731909351905074,0.03264284562182914,0.0,0.16451170743928914,True
1916,1,0.08894545131322262,0.39046608062296556,2.180425719997932,2.39329875817081,2.412838646270167,2.4357719632658785,2.491690117540274,0.08894545131322262,0.11737560508331613,0.14418553269130596,0.23026999013622973,0.35119033916378506,0.23779398418593445,0.032641877307763266,0.0,0.11706344638792836,True
421,6,0.44811795180189073,0.5089813341084133,0.13636805430350687,0.2470963763883017,0.2643218249622804,0.23270772444609497,0.2601333569812799,0.44811795180189073,0.6290942952108666,0.6325760360945599,0.6812234857715895,0.6612482777823832,0.4449829476308196,0.03259459682269118,0.0,0.22041609259412773,True
351,6,0.061743510170305216,0.5032183643405996,0.3768924634920565,0.4016944914076397,0.4149442657472071,0.39639548338332836,0.42107998705591765,0.061743510170305216,0.20837096358091556,0.3207496043114535,0.42680173838714763,0.6370427799163056,0.484582951906134,0.032590204005361556,0.0,0.2123475933054352,True
394,2,0.09063597465071671,0.3429593965578681,0.07218649019640554,0.09006551708043385,0.08347422462945671,0.08913469242582635,0.08278619040675449,0.19851134444785656,0.09064013242549207,0.1296230627342425,0.09063597465071671,0.5863635870470945,0.3846516818159422,0.03254407657483881,0.0,0.19545452901569815,True
52,3,0.13405498130363713,0.5139143989987971,0.1700909564186639,0.21014367106375598,0.2110496709694555,0.22234170420423086,0.21816865764784577,0.19059681617982394,0.13405498130363713,0.28286703408228175,0.26587385085997084,0.1823100142238559,0.12198185519997962,0.032537923822247856,0.0,0.0607700047412853,True
1870,1,0.04803831491464239,0.5629768237944373,0.6092564491176761,0.6400010196450786,0.6734693279340368,0.6663528299407969,0.694392857950429,0.04803831491464239,0.0564565042918409,0.07929813166364086,0.16250061442711916,0.3471537231209235,0.26108824499538485,0.03253141987572059,0.0,0.1157179077069745,True
218,3,0.20624705227869178,0.4908516503454122,0.2088865653128716,0.2814967846762039,0.27864420080400243,0.28731487568062725,0.2857973009212527,0.2579433347590572,0.22943913720000197,0.23363812229652203,0.20624705227869178,0.20436469595298912,0.12286320755891778,0.03251982886407509,0.010416666666666666,0.06812156531766304,True
323,6,0.3439839087554305,0.4899935648830765,0.13105994722960482,0.19978160441303006,0.21747720019211794,0.20236048846392027,0.20833225684021817,0.3439839087554305,0.563431888461196,0.6313198917678999,0.7031728293699535,0.6714368300031239,0.5083433342479964,0.03250801774370062,0.0,0.22381227666770798,True
1212,0,0.027027278680086586,0.5867937493464347,0.12964572161606955,0.14470251931083808,0.13678532095940177,0.15924848576182007,0.15515251268662603,0.10405345923815434,0.03969941112018083,0.027027278680086586,0.0655445567094346,0.5674363799465691,0.3199847100710258,0.03247794344724528,0.0,0.1891454599821897,True
123,3,0.062439967376783034,0.5116350091444114,0.23651867566760967,0.25227043329252163,0.25234433206774076,0.245838656049818,0.24047440253753316,0.062439967376783034,0.07268642954758586,0.16581202990697774,0.23863224683326956,0.19492959330661486,0.10209092804646103,0.03246662377739543,0.010416666666666666,0.06497653110220496,True
324,6,0.3725719235692424,0.4916424619378628,0.1275634815188179,0.20331172019665858,0.22339568574335042,0.20473312740540428,0.2119161165125544,0.3725719235692424,0.5790145261719518,0.6333461237141154,0.7000662324442994,0.6705207266687943,0.502354773980187,0.0324636640500742,0.0,0.2235069088895981,True
2090,0,0.3707689250007963,0.514286865157874,0.06176380395745131,0.09815758695250305,0.10445671630742277,0.10260356079796373,0.11570258914431912,0.3707689250007963,0.47427771957099873,0.4352401298009938,0.4954203707850884,0.5384479405825893,0.3748665771424271,0.03242205151192874,0.0,0.1794826468608631,True
1898,0,0.18268440745593817,0.37882046215649895,0.08574067150970144,0.10490521934472836,0.1063609493727677,0.10299561412838443,0.10628199665207179,0.18268440745593817,0.38443416730990376,0.4073962635791005,0.5562082823268002,0.4642422670107121,0.28205723489773504,0.032410100842913785,0.0,0.15474742233690403,True
2089,0,0.35986416034022806,0.5114961852142915,0.0632994364865428,0.09888438135284856,0.10663480515552522,0.10238689153676789,0.11441280343886805,0.35986416034022806,0.47292242879121704,0.4636932516954513,0.5326973131803974,0.524647343527737,0.37158535817803795,0.03238820681706403,0.0,0.174882447842579,True
418,6,0.3699981691744254,0.5056779036633205,0.14270776731924162,0.2265196073037324,0.2396011881385883,0.21684642335516457,0.24442059745733977,0.3699981691744254,0.557349994438163,0.5791676811266067,0.6543461914669043,0.6428382079214832,0.4367480083377586,0.03238098672813334,0.0,0.2142794026404944,True
2153,0,0.037624072638869355,0.5322891570534609,0.06443997423965225,0.06695925407896369,0.06700066301668622,0.06946470241212786,0.07314838098626074,0.037624072638869355,0.28803562646948444,0.2641473504156111,0.4413870839406008,0.5691056949695816,0.38598292473574247,0.03235209812990052,0.0,0.18970189832319387,True
313,3,0.06822555145536113,0.5067912691747334,0.1808137655304033,0.22223165807058787,0.22558447549623084,0.2228567934682625,0.2233781779646947,0.1863726028045425,0.06822555145536113,0.1460548133106424,0.1696849296580797,0.21760308537673395,0.11987543588162453,0.032342904051450815,0.010416666666666666,0.07253436179224465,True
808,0,0.10444962320590612,0.5868308249426055,0.24109560564016222,0.28967664222824796,0.3172375667958237,0.2865114430972475,0.3092764711892508,0.16770781452861072,0.14958334269575657,0.10444962320590612,0.16142040543176728,0.7678694825131046,0.5047369248092082,0.032329614994401575,0.0,0.2559564941710349,True
1915,0,0.2701953497671298,0.38924318447584766,0.08453796680544128,0.11583643208969198,0.11791661857029771,0.11617288200418678,0.11955486569785828,0.2701953497671298,0.3980757816719068,0.4806963737801476,0.5860645315949266,0.5165285556939476,0.3670217951218433,0.032320433451241797,0.0,0.17217618523131586,True
248,3,0.047006300262934064,0.5000076421961672,0.27787345116169343,0.3246102951222543,0.3221934837855059,0.31137869530887524,0.3362210382824469,0.14397831696298757,0.05088302749530704,0.047006300262934064,0.13402485460492375,0.21033467247409743,0.12473046435341484,0.0323182745900225,0.010416666666666666,0.07011155749136581,True
464,2,0.09386223767262947,0.3607434773259842,0.08497563354071931,0.10020392232472479,0.09717188073022458,0.09378655458395378,0.09172046763919812,0.1519729810042374,0.16096184848726025,0.2600755432192785,0.09386223767262947,0.5986269264683636,0.4152702826464605,0.032318034686456165,0.0,0.19954230882278787,True
1946,0,0.2277020929741267,0.3875958612886802,0.08756448899853213,0.11338175100816189,0.11734736656712356,0.11302808855705064,0.11667050058939839,0.2277020929741267,0.3755414187746742,0.45105341892506556,0.5465439785146948,0.5164135097121196,0.323062507161211,0.03227468921764863,0.010416666666666666,0.17213783657070655,True
1504,0,0.12484499402114424,0.508548261159129,0.22597980355302769,0.2869845068074921,0.30056830616410074,0.34419534572922755,0.3259816242552512,0.21257141694895076,0.1349993745525233,0.12484499402114424,0.2113191272651802,0.8745519455124743,0.5703319546723549,0.03223028572352048,0.0,0.29151731517082474,True
120,6,0.04565536950498983,0.5576233110275612,0.1865851611420842,0.19551130187142576,0.21552657489841584,0.19825311664203482,0.19402662566992204,0.04565536950498983,0.3343774824053286,0.49485297350026713,0.5900769011859703,0.6868578596412334,0.5586909320776527,0.03222642664451577,0.0,0.22895261988041113,True
449,2,0.07439336402006569,0.3532378198072183,0.06258587648916138,0.07366992001288734,0.06846312242784393,0.07756437698138151,0.07094564698954761,0.15045548470511427,0.09863930158048217,0.21866690621093088,0.07439336402006569,0.555998385492058,0.28981986596179965,0.03221251320688415,0.0,0.18533279516401935,True
198,3,0.04783848803864443,0.47850264644222057,0.4015825287162844,0.42175883363429106,0.4195028131344447,0.4581597067500504,0.4482361494422901,0.04783848803864443,0.09380878197550901,0.1173168101808666,0.08110615870614157,0.18766984885769583,0.12285597128451009,0.03220472316313808,0.0,0.0625566162858986,True
171,6,0.09496429033629905,0.47644578805655524,0.45599081818483406,0.5038373771508685,0.5287090781941325,0.5304297225929449,0.5445910313566993,0.09496429033629905,0.2321106491161855,0.3515443262158269,0.42060154714877107,0.6941251254521115,0.5513432028822081,0.032202732005408866,0.0,0.23137504181737048,True
828,0,0.08459016686411669,0.6025177985117302,0.40170167355087,0.43882167200976685,0.47150326249649216,0.4307310707575788,0.4462636266487321,0.08459016686411669,0.1336265902409094,0.11821654262388293,0.16451039965508307,0.7065093973542051,0.5300243151184887,0.032196605147705844,0.0,0.23550313245140173,True
57,3,0.23997665773230825,0.5109431810602487,0.22212913017001834,0.30248266714257915,0.312811284408234,0.30257471506061434,0.30220743253829246,0.2656467483959506,0.23997665773230825,0.3434691220471635,0.349157469570304,0.18107767772303549,0.08239404212533064,0.03216600320911609,0.0,0.0603592259076785,True
450,2,0.06756657239358,0.35301222268027227,0.057430991355404803,0.07045999552453562,0.06637231129822406,0.07455861438226076,0.0678811698740432,0.18491349697281556,0.11358701619562883,0.21223166768640955,0.06756657239358,0.5644019539239169,0.35288452509234336,0.032150853734143704,0.010416666666666666,0.18813398464130562,True
34,3,0.08715026887935473,0.5140013153541054,0.23312652160093986,0.2553832395992995,0.2559177633642132,0.2711104770715638,0.26636489674157643,0.08715026887935473,0.1426317192984764,0.27246384052331774,0.32676685275879147,0.18010822718459127,0.10143313552180722,0.03214495814089786,0.0,0.06003607572819709,True
1991,0,0.18344885501840213,0.43287061805506827,0.10375321712983838,0.12706272934339785,0.12514811008973364,0.12874984643935874,0.13219317540140488,0.18344885501840213,0.3210464967845733,0.4238568718728033,0.51244079988492,0.4928987396647007,0.3390115450281428,0.03212885175695891,0.0,0.16429957988823357,True
350,6,0.09169769899775604,0.5033025350436694,0.38664016342709445,0.4256734382379807,0.4391472118587991,0.4109968777963762,0.4382516924729822,0.09169769899775604,0.2189810887286472,0.3286771126972432,0.4402838008316132,0.6334979566711489,0.44917162540367883,0.03212636996381621,0.0,0.21116598555704966,True
271,3,0.19105371585503028,0.5012093328309014,0.2669998696385211,0.3300588368741089,0.3312520435910522,0.37285235076646667,0.38583276177464904,0.19105371585503028,0.20070767949162027,0.27767506133499054,0.26577160597341765,0.19983374910727797,0.11361224077979859,0.03212284688121718,0.0,0.06661124970242599,True
419,6,0.43304003145329006,0.5065899884577105,0.13389413916863188,0.23616153978532753,0.25061328894739804,0.2242613623541646,0.2521934212525762,0.43304003145329006,0.6023749194594064,0.6108730432451208,0.6719856807240505,0.6490990493632498,0.4628649049402611,0.03212118544135713,0.0,0.21636634978774993,True
185,3,0.18033500289253945,0.4671168725793684,0.3831973395103569,0.46750482314437364,0.4526310326560798,0.46236680514152106,0.4582300262199204,0.18033500289253945,0.18135641799486046,0.20008793396035962,0.22282078225408442,0.19731481300858367,0.14273254958621173,0.03212000456093344,0.0,0.06577160433619456,True
309,6,0.2676493114631263,0.4858944895851821,0.11922380917265918,0.16279606346906067,0.18403586209838263,0.15952353126604804,0.15877019050472205,0.2676493114631263,0.5240639647025807,0.5881150988769313,0.6556979004628098,0.6629275380269763,0.49238857093209276,0.032096035257506574,0.0,0.22097584600899212,True
194,3,0.07085370626612442,0.47444285954904697,0.361903060640226,0.3895006234011644,0.38304739325898945,0.4197535936572642,0.4071043467239261,0.07085370626612442,0.09875405276934279,0.17555874859065757,0.1424373205607724,0.18854238803977105,0.1124633430584554,0.03203218950787731,0.0,0.06284746267992368,True
781,0,0.011776329533107366,0.5962966499869412,0.27306960608816866,0.3033424448990403,0.32526287190880976,0.27566493306890405,0.2790986487566278,0.09979756977612264,0.0440098711769451,0.011776329533107366,0.11092095324643014,0.9964486030231982,0.7020208767675342,0.032028077835500254,0.0,0.33214953434106603,True
818,0,0.25850426259392123,0.6020596796185842,0.22094236954963198,0.29814068899749063,0.30124021746735025,0.31083549836655106,0.32895685160697563,0.2589325184275951,0.25850426259392123,0.2931086402682529,0.32933295146445263,0.6756505257753922,0.4416424347851091,0.032012286874029884,0.010416666666666666,0.22521684192513072,True
285,6,0.1106419113236986,0.48508721727430754,0.08286308805320401,0.09317179335101723,0.09528806810596131,0.09358905205578087,0.08907783996608688,0.1106419113236986,0.5191897171094784,0.5889291085242498,0.6332376453575639,0.6607486412887162,0.4722170781572004,0.031990542662129105,0.0,0.22024954709623876,True
262,3,0.010570294282108206,0.4989402414062259,0.3048138001802991,0.3080701927775031,0.30602554028177464,0.34614728965621727,0.3559933321767472,0.010570294282108206,0.03537876421041075,0.09315555312268375,0.12231696084981625,0.19952820241046285,0.10891624166725222,0.031983717558361005,0.0,0.06650940080348762,True
119,6,0.05942705562109385,0.5588854772999026,0.1805279597254766,0.19193403425471234,0.21048559580414017,0.1922663714166016,0.18798340699468483,0.05942705562109385,0.3660732328424796,0.5199086344157589,0.593034543707966,0.6813004681747146,0.5261598663940958,0.03196568147589505,0.0,0.2271001560582382,True
397,2,0.19380642740296994,0.3430396499922805,0.04697398926592336,0.08332295949439975,0.07656575622206808,0.0836006109922278,0.07859758650432531,0.43624194878627,0.36684408958268433,0.3210530184633349,0.19380642740296994,0.5702356690389909,0.35244115326774406,0.03194740924113509,0.0,0.1900785563463303,True
2065,0,0.22725895525496365,0.4635005226768063,0.07719118287621872,0.0998926916088529,0.10428843797375516,0.10402897157904749,0.11952941952575859,0.22725895525496365,0.4301494638370582,0.42819677858099126,0.5014211359852809,0.5576042821465375,0.3468429368602983,0.031938707881380375,0.0,0.18586809404884583,True
454,2,0.038619124711665176,0.353440425396753,0.05636202820848021,0.07012812080628722,0.06643585695788498,0.0729120354912914,0.06766824337627064,0.1962991798373248,0.11186497320115474,0.2209552789234831,0.038619124711665176,0.5399934561817936,0.34769972261925375,0.031934203784478477,0.0,0.17999781872726453,True
1994,0,0.3271894427948575,0.43252832539153696,0.0720824990728446,0.10713639716397372,0.10553676956144713,0.10683155102872692,0.11011128061835818,0.3271894427948575,0.44342518043764145,0.4759368040605173,0.531232142665561,0.5011895693623127,0.29424464186544697,0.0319179690087883,0.0,0.1670631897874376,True
420,6,0.46267233183240464,0.5076691904281455,0.1294526519331082,0.24091938606952815,0.25637270260001993,0.2281219987366778,0.2555721620119989,0.46267233183240464,0.6376205334774001,0.64077839587298,0.6882512794682626,0.6495330736823337,0.43093431796563664,0.0318652599783393,0.0,0.2165110245607779,True
417,6,0.3037900993438776,0.5046709286274708,0.15295350472544214,0.21969452686796845,0.23127605558636552,0.21223002149655412,0.23913950696067332,0.3037900993438776,0.5022687386615983,0.5431829855088337,0.6334831152172147,0.6396363740811803,0.44258189592389385,0.0318380490679603,0.0,0.21321212469372677,True
42,3,0.07666746849674289,0.514583047001988,0.2671369541815564,0.28931825216494506,0.2993333058421654,0.2941482895456193,0.3013956130645796,0.07666746849674289,0.15259567349932635,0.21479358456908404,0.20278570194775103,0.1938725020977096,0.12664818952326806,0.031804759096277634,0.0,0.06462416736590319,True
1921,1,0.05223939207945538,0.3610650426889496,2.414445894593312,2.547527164998745,2.556004414824718,2.627448913507146,2.6696511720592135,0.05223939207945538,0.08205834101185638,0.1120686447099023,0.1952599596837069,0.36208234778186155,0.2262756314149712,0.031760533580591256,0.0,0.12069411592728718,True
308,6,0.26752596236740633,0.48601139663027504,0.11700111132201918,0.15973414115833348,0.17859937434249704,0.15584326745159793,0.1541052415396299,0.26752596236740633,0.5260697412887911,0.5848283463801405,0.651862586566875,0.6558643032780651,0.4939261485835118,0.03175406450123385,0.0,0.2186214344260217,True
273,3,0.1115155257213698,0.501072935370819,0.2965116138418663,0.3337274003382076,0.33492572431811046,0.3810324798651535,0.3831343787803778,0.1115155257213698,0.1428251527937896,0.25589846717590325,0.29030923942295983,0.19673907721886552,0.13073398572000805,0.03174952042799008,0.0,0.06557969240628851,True
122,6,0.01711007414792587,0.555028476238655,0.2006377887320948,0.2041304763177428,0.22398777644562454,0.20917666119500636,0.2055605496323805,0.01711007414792587,0.28125994683277966,0.45440255407123153,0.579284939658909,0.6766472760577706,0.5186409787568209,0.03174736009787681,0.0,0.22554909201925688,True
424,6,0.3579643785291242,0.5127054456296228,0.1640475526407141,0.255511605827864,0.27615892974354145,0.24879185440956175,0.27501674837486517,0.3579643785291242,0.566567821142862,0.5913235986554612,0.6491085773184685,0.6867350472015363,0.4779249489379538,0.03173593611985642,0.0,0.2289116824005121,True
841,0,0.1962938710267006,0.601916022685401,0.25623753628269624,0.3502318311288519,0.3603912118652787,0.37568267138135547,0.3848960216700375,0.26837736176976656,0.1962938710267006,0.3148753769368129,0.3435486165955439,0.6540822443874303,0.43165238109345694,0.031729386476516845,0.010416666666666666,0.21802741479581011,True
395,2,0.19823070324973247,0.3428539576204734,0.057791667584421,0.09021244070604824,0.08441173836329485,0.0876512765055662,0.08178129967433029,0.3593825072006239,0.28831354986264834,0.29449512489154495,0.19823070324973247,0.5844918112356234,0.41232174500734686,0.031712353517569604,0.0,0.1948306037452078,True
178,3,0.08756778805054899,0.4757726623455835,0.33250244364482134,0.36441331124688753,0.34952997540108904,0.35778028504614134,0.3496791852367007,0.08756778805054899,0.08808107759015404,0.14027965756625604,0.17333008983464326,0.1929324120257942,0.12173958338338853,0.03171144143755897,0.010416666666666666,0.06431080400859807,True
1911,1,0.032770019099994996,0.416016242319448,2.1523832204769158,2.225306558915935,2.278457748937688,2.2509451324115672,2.308192321074721,0.032770019099994996,0.08132715558637826,0.10587232893696086,0.1754496180236378,0.34956637277298686,0.2273085182641097,0.03165960143197523,0.0,0.11652212425766229,True
2093,0,0.338537638118681,0.523530453420442,0.06925233922132272,0.10469581220669381,0.11346985197091593,0.10546145860380002,0.11885352311339503,0.338537638118681,0.487066609767673,0.47907616378461015,0.5143521912825189,0.5334308627433195,0.39323464596884605,0.03165248471658655,0.0,0.1778102875811065,True
1459,1,0.10007323615986496,1.0696697362731264,0.4367407828831897,0.5542713818834957,0.5819065484108595,0.5377141610438444,0.5065639819754896,0.21204522340828735,0.24446901038386826,0.10007323615986496,0.15433792949054648,0.5239549035308354,0.28371783823015306,0.03159019054745096,0.0,0.17465163451027846,True
221,3,0.191817192196025,0.4938832010786826,0.20567008092853079,0.276349446121255,0.2745763800490262,0.29447163741586624,0.29524007645556644,0.2557608353653509,0.191817192196025,0.20063247997841993,0.21747425648100782,0.19727339185043408,0.11625232830748189,0.03158901416987738,0.010416666666666666,0.06575779728347803,True
1948,0,0.12965560060064885,0.38756910192374794,0.09513209783480243,0.10930396967046119,0.11573889288508066,0.10909418124430299,0.11233325038925,0.12965560060064885,0.34365369444022265,0.4383839030607889,0.5445522674110017,0.4957382705482942,0.3329875172340735,0.031562876235614136,0.0,0.16524609018276473,True
1474,1,0.16043678851446996,1.0863814443752515,0.5998570896647996,1.066438477219731,1.0998313569925104,1.000731967241382,0.9647288471301892,0.4375136470800801,0.4442292282638528,0.2888274406353285,0.16043678851446996,0.4262373009369481,0.1932565403039206,0.031561890317908,0.0,0.14207910031231605,True
319,3,0.008939401823750082,0.5107936444643435,0.18527874274557843,0.2121242291427178,0.20926657168314736,0.22367178798105317,0.22550533628049077,0.1265554930034779,0.008939401823750082,0.12250697235469088,0.1607830633782692,0.21201118217161313,0.14841581942389048,0.031511765152316615,0.0,0.07067039405720438,True
2069,0,0.3012628473666178,0.4776800441362294,0.0645341302019644,0.09235823507988643,0.09968863247359165,0.09622019333392628,0.10784335024234855,0.3012628473666178,0.478452595712362,0.4747746938576103,0.5067700396340092,0.5591582251911287,0.4161732843454047,0.03149687965815985,0.0,0.18638607506370955,True
380,2,0.07567421962849608,0.3425371891659655,0.04770921357393301,0.08340279178375411,0.07766700195558555,0.08457575049173809,0.0744473463913684,0.42796622806544693,0.2951024172820679,0.24033237222983317,0.07567421962849608,0.6614236649129315,0.52132900882083,0.03147388389377412,0.0,0.22047455497097715,True
315,3,0.04834036791454177,0.5081779339743507,0.1840617407351148,0.21409135727124098,0.2148550267864374,0.21843624209100246,0.21707833574655766,0.1402654311639514,0.04834036791454177,0.0974219973840802,0.1288329234913823,0.21130233745925453,0.13194569902618625,0.0314064077467472,0.0,0.07043411248641818,True
366,2,0.02099620053021134,0.3399059244134698,0.07544436557921957,0.09601597278881029,0.08964814315171617,0.10186847442269882,0.09029814633654216,0.21425192717505992,0.05018143801131669,0.12225563446746834,0.02099620053021134,0.5922381034479816,0.45478319907672926,0.031383506285659155,0.0,0.19741270114932719,True
39,3,0.24018032189821203,0.5135338697477989,0.22515751828377004,0.30228093086839275,0.3079915059471119,0.3107095301904791,0.31426577460880983,0.2551381999620769,0.24018032189821203,0.2836723298605206,0.285936042769497,0.17568730334280722,0.10696865491746177,0.031355930265493825,0.0,0.0585624344476024,True
1820,4,0.1731822847828185,0.31455544455532386,1.8607954963886308,2.25055107327962,2.337791612269409,2.292896381922239,2.3877202413267575,0.1731822847828185,0.3059592981893905,0.3256289800434832,0.48697254503197407,0.3540409187580516,0.22296412749419403,0.031332266429145675,0.0,0.1180136395860172,True
118,6,0.06701807521156333,0.5600462598927489,0.17786884592296337,0.19064554328134167,0.20649287399024052,0.19006651755791304,0.18592252672560136,0.06701807521156333,0.3809001135608657,0.5340293289276572,0.5950943824630843,0.6677766783642749,0.49545293712488103,0.031331163847299184,0.0,0.22259222612142496,True
1922,0,0.29671900974568877,0.389018584785991,0.08152312827157673,0.11591828785546644,0.11693522745247543,0.1203684292730292,0.12064438624205724,0.29671900974568877,0.4800844435909978,0.5441251751936151,0.5855888686184199,0.5044310475579206,0.33558941768552586,0.031330193028558356,0.0,0.16814368251930686,True
124,3,0.07278283637709693,0.5112697082275304,0.23997288347253046,0.25880979439043994,0.26006044646910614,0.25815689035304834,0.25068921502050034,0.07278283637709693,0.10579014317931223,0.16667384331298407,0.21036589885004375,0.1879934480244831,0.09346804402201103,0.031311369639117355,0.010416666666666666,0.0626644826748277,True
436,2,0.06285900574721093,0.3488792396724783,0.07460292088308565,0.08714486669947809,0.08034831598815144,0.08754969410025393,0.08091277850853308,0.14392064950473504,0.0914510588895805,0.1754307912088432,0.06285900574721093,0.552937750989819,0.40222600237234474,0.03130131378797655,0.0,0.184312583663273,True
305,6,0.21608137657889748,0.4855696880169101,0.11264438825440175,0.14369398160590943,0.15553997966539454,0.1395828317886036,0.13445831122320015,0.21608137657889748,0.5592434046716234,0.6135353847790155,0.6770946265999358,0.6465089940264714,0.4569604134179599,0.031301121580084884,0.0,0.2155029980088238,True
1791,4,0.03787589850487838,0.39373263330377334,2.472240707399098,2.5695653019784928,2.658460425004978,2.68594714867217,2.7895821551252538,0.03787589850487838,0.10402558199880696,0.1488096336993472,0.33205883489480104,0.4246289627272412,0.30414686622139975,0.03125467884366797,0.0,0.14154298757574707,True
411,3,0.05335637253579273,0.5240049616474166,0.2303666243481622,0.2508663984018855,0.2444919755005496,0.23129633007118375,0.2308172678961511,0.08171590210691693,0.05335637253579273,0.1971588047434223,0.10307101714355515,0.20355631896625448,0.1310714536220665,0.031253851341194426,0.0,0.06785210632208483,True
304,6,0.19155986047471596,0.48502336702832033,0.11239887354867673,0.13903178238363736,0.14838934631254166,0.1379336417861322,0.13047859100732162,0.19155986047471596,0.5825231213557595,0.6430795806791391,0.697697769989128,0.6454218976833321,0.4839447544684674,0.031248489157148365,0.0,0.2151406325611107,True
165,3,0.1609065022594589,0.49808588168253004,0.25000737082720137,0.3354949950889787,0.33562217254556054,0.32581582303452017,0.3104574910011047,0.25481043089511546,0.1685157653136392,0.1636641320641058,0.1609065022594589,0.19507839019479,0.12107446462287363,0.031237533616867142,0.0,0.06502613006493001,True
219,3,0.10544235268743052,0.49283560432040796,0.22682518495098228,0.2787497794105332,0.27280920699740524,0.29529487870756793,0.2919745601897255,0.18627671946271973,0.10544235268743052,0.11400041335057554,0.10713681595397762,0.19807921539025172,0.11234462767551534,0.03121964563265946,0.010416666666666666,0.06602640513008391,True
306,6,0.24377086155374672,0.4858802820116509,0.11247826427423317,0.14873569207519663,0.16271335903753711,0.14332084970019512,0.1395291525560272,0.24377086155374672,0.5373795958140737,0.5910169622208616,0.6612451849784232,0.6447808950770526,0.4544545778742304,0.03121745463064109,0.0,0.2149269650256842,True
307,6,0.26216348473057494,0.4860027549171513,0.11326411835263163,0.1535084209152655,0.16979146094167077,0.1484134333258159,0.14569610679878708,0.26216348473057494,0.5326518240742317,0.5865292224383915,0.6545425759723025,0.6444692120731936,0.45205835968860697,0.031202364310648052,0.0,0.21482307069106454,True
119,3,0.06555656949743016,0.5125545168289762,0.254369868253655,0.27221537436123633,0.26809552943842024,0.27660849195087295,0.271635907947608,0.06555656949743016,0.22819911811297822,0.3095199955358554,0.35283392441519146,0.18733818926767834,0.09804693581259682,0.03120223259546406,0.0,0.062446063089226116,True
1924,0,0.253345272097224,0.38885341511496063,0.086642220164598,0.11604054314095219,0.11744266237894814,0.11614240586434532,0.11729739876154117,0.253345272097224,0.46869588477180146,0.537474200799829,0.5681234846718111,0.49051884127139544,0.3345008031513004,0.03117623086831785,0.0,0.16350628042379847,True
284,6,0.10293933761447649,0.48509618137935917,0.08240264225955775,0.09185849487639682,0.09185867417281206,0.09158126502198986,0.08890294146564921,0.10293933761447649,0.5132176901786074,0.5896909613830568,0.6368126851043834,0.642986310035137,0.46887763281458206,0.03113056871706244,0.0,0.21432877001171233,True
854,0,0.10536514383256335,0.6014916020712197,0.37922152539432713,0.4272206782365819,0.4414078443954768,0.47485964384341767,0.4723902214329761,0.11235212920961257,0.10536514383256335,0.1768664606195709,0.21831592543448697,0.6851510535148946,0.4693157503699865,0.031107265465372496,0.0,0.22838368450496485,True
847,1,0.04636984614937567,0.5326652962903081,0.34668471657265537,0.4059147167442614,0.42259859545571987,0.402021375168677,0.4066969229362177,0.1459173509319267,0.1632086233590615,0.08510583118169124,0.04636984614937567,0.27241662856842436,0.16011564359660468,0.03110628536935549,0.010416666666666666,0.09080554285614145,True
846,1,0.027903066309518665,0.5327722123857007,0.3537342506462701,0.39579613428955973,0.41352807855478896,0.3910877763579063,0.3973461312819391,0.10627158781828228,0.13344593138264726,0.08070414053018315,0.027903066309518665,0.2822977239681011,0.177012009070741,0.031095599122128795,0.010416666666666666,0.09409924132270037,True
1504,1,0.0820863400882137,1.1134359637242592,0.1783498865481318,0.24141164533305348,0.25480636137717194,0.2799945742662166,0.2572076988846826,0.26122086487551655,0.13607417064205907,0.0891028426751741,0.0820863400882137,0.3073525113336273,0.2091642007988881,0.03109281721680164,0.0,0.1024508371112091,True
1950,1,0.036578588066541684,0.2598694545207136,2.242461119446594,2.3276014957424223,2.375856322798698,2.366706302963388,2.378510536640095,0.036578588066541684,0.07559975423382592,0.1116899797097447,0.19302846286119058,0.31467827008314997,0.19443002990924185,0.031092239783345552,0.0,0.10489275669438332,True
64,3,0.028956944239587057,0.5069538532528544,0.21545629914533135,0.22188130368391332,0.22836458140388602,0.2521150816433799,0.24277793969734848,0.028956944239587057,0.12969960289963522,0.22710736856264047,0.23895109677248538,0.1824696736793277,0.1323599152931747,0.031079825952995545,0.0,0.0608232245597759,True
873,0,0.2556021263180335,0.6009952770893058,0.23498126405540418,0.32049120931557556,0.32631292911008075,0.35817718072990284,0.3461634472602817,0.2668090193262461,0.25846094904003925,0.31924441462479336,0.2556021263180335,0.6848122987063752,0.44710991341014505,0.031037199075865274,0.0,0.2282707662354584,True
1815,4,0.14478488375159182,0.3319843843733553,1.7972854018893007,2.101559441294132,2.2135019872120503,2.163598369584291,2.2523691488319972,0.14478488375159182,0.2913568310188752,0.3192798395331994,0.485956874296849,0.3663514349133623,0.25102618950684885,0.031024082135605365,0.0,0.12211714497112076,True
114,3,0.056216840453159445,0.5119126253587021,0.25314917729810676,0.26822811441100186,0.26609700686227467,0.27331107169451596,0.26896828665609956,0.056216840453159445,0.20943452266362028,0.28987191842104953,0.2958198406510987,0.18623204584419975,0.12349771131232323,0.031017998166177427,0.0,0.06207734861473325,True
1386,0,0.00811499591668463,0.5473908426004217,0.19990606032202593,0.23523130203312356,0.23051690064029717,0.24922565821571754,0.2580993229048983,0.15017236824257085,0.00811499591668463,0.014053515973144637,0.09066177885824878,0.6881468445198943,0.46777081845510793,0.030999001602124404,0.0,0.22938228150663142,True
1951,1,0.11567560579278346,0.2541711745254595,2.288700994283927,2.5880785481844737,2.6747996263012976,2.539200332496531,2.5688513574849776,0.11567560579278346,0.12004927775440166,0.12154354521450739,0.21981792128179978,0.32354470386865486,0.2369504360021466,0.030979021517513406,0.0,0.10784823462288495,True
438,3,0.0627294300114547,0.5292190548592177,0.26389475917443533,0.3018455807840509,0.2939302184242952,0.27702279212497455,0.2740464978737287,0.1257292603424487,0.14938802010176566,0.25574502877542726,0.0627294300114547,0.24906741997334597,0.1513245655869646,0.030974680750039587,0.0,0.08302247332444866,True
2091,0,0.30011262793733673,0.5174142878161034,0.07055200672245947,0.10080480022740389,0.10932312028206147,0.09937273627145293,0.11282071963568419,0.30011262793733673,0.44387890381907646,0.4022283396634744,0.49327386099513904,0.5162403941679752,0.3617382758878307,0.030971792451849656,0.0,0.17208013138932507,True
475,2,0.013493425742114984,0.36148454585131284,0.03804701148902334,0.04686493250254927,0.04696750487384521,0.04839007559846361,0.04557736040922514,0.1881560591823379,0.13378650251751978,0.2921258440438991,0.013493425742114984,0.5735334617203109,0.4276363050610996,0.030963315364164218,0.0,0.191177820573437,True
2140,0,0.15166067999602095,0.5333248311273978,0.06811512859579748,0.08029231580999686,0.08409892004079751,0.07548047712545611,0.08698372295509467,0.15166067999602095,0.35317441760406687,0.2983357296180009,0.4176838484158132,0.5627481515762345,0.41510642886737514,0.030957653277313122,0.010416666666666666,0.18758271719207817,True
846,0,0.22449408658830428,0.6016325208262076,0.4167714417492851,0.5799692211601514,0.6212406751318699,0.5517822005630861,0.5599050219923143,0.2813904142782109,0.3013206181116629,0.22449408658830428,0.24293327228188122,0.7593559407821778,0.5088749601331415,0.03094255821885041,0.0,0.2531186469273926,True
551,1,0.020004753172033984,0.43704958260098525,0.1655348235419809,0.21379744935333048,0.20999717437293078,0.2042144180122334,0.20941793529264593,0.22573995132930125,0.14465426580011786,0.02631929151445722,0.020004753172033984,0.2586402527666017,0.16338863925809122,0.03087504568344835,0.0,0.08621341758886723,True
1460,1,0.1151799333151946,1.0709280964408943,0.440617354231103,0.571567372638364,0.5982162002466916,0.5542567319096852,0.5173374437005059,0.22910688166609938,0.25327969463044486,0.1151799333151946,0.14359738141689382,0.5110523478399305,0.2626787581376391,0.030812272085235827,0.0,0.17035078261331016,True
879,0,0.16657934539462882,0.600488767683985,0.25443802819123235,0.3052936434743269,0.3112794857907755,0.3310650462165419,0.32084371328484734,0.16657934539462882,0.21673045068451846,0.2735217393467313,0.2957182462471367,0.6705709620119974,0.4311099811496959,0.03080399366373128,0.0,0.22352365400399912,True
1887,4,0.4427184609600331,0.2796488457218448,0.12997947836912158,0.26361712267707377,0.2767754672497628,0.2646157774559928,0.28889918083583016,0.5069384073038985,0.4427184609600331,0.517583706690683,0.6955277489496918,0.22780271034771538,0.1403806767505955,0.03075082831629825,0.0,0.07593423678257179,True
302,6,0.12895196917079166,0.48277584391437856,0.110316861950149,0.1266484258567591,0.13251615234599176,0.12966191529794346,0.11865634700496697,0.12895196917079166,0.5996260159159752,0.6745661417693783,0.7211970159339928,0.6333608162933058,0.47150119912717514,0.03066454465140332,0.0,0.2111202720977686,True
845,0,0.14833035757372304,0.6017194613235897,0.4374037648238634,0.5505142828562052,0.5888838800752092,0.5320046241332178,0.5422664065570988,0.20546336680947908,0.23258110937002408,0.14833035757372304,0.19436018606324967,0.68601009843013,0.4581676059447748,0.03065837566644211,0.0,0.22867003281004336,True
156,3,0.18305540743578808,0.5060309770029172,0.28427874378124934,0.34797799798020573,0.3393646889206418,0.3559925409962384,0.3552287318172847,0.18305540743578808,0.2857828868828509,0.32910139100619573,0.37142576564214724,0.19133962411149452,0.11396038035926637,0.03063885207609818,0.0,0.06377987470383151,True
2159,0,0.008014251058223287,0.5327347644117716,0.07400158609406186,0.07459944477327898,0.07514238246532977,0.07546524392949062,0.07998545861334488,0.008014251058223287,0.21118580470845771,0.17582958338821586,0.3782992980974478,0.5388584967996639,0.3488477283277689,0.03063262785926823,0.0,0.1796194989332213,True
1817,4,0.18756290793732522,0.3258613899707035,1.8141349798859991,2.2329544005433584,2.345370203403206,2.2803755436935966,2.384358985944218,0.18756290793732522,0.31961413839587194,0.3392963915966253,0.49834888723611004,0.3437451417670186,0.24719021956842724,0.030617719986782064,0.0,0.11458171392233953,True
1834,4,0.17167229179714438,0.25345022747717577,2.2162748809415818,2.6756015270212608,2.76270569576435,2.622183721232703,2.7139239950532743,0.17167229179714438,0.2964466633231253,0.2966318179863975,0.46273310141876356,0.3339659133870336,0.2213663801087451,0.030596731893080376,0.0,0.1113219711290112,True
283,6,0.06399078782070755,0.4849137847757255,0.08181105045655891,0.08740410819897787,0.08579764483989956,0.08583030549387048,0.08478714163461476,0.06399078782070755,0.49613625219896573,0.5802542351825228,0.6330078039701874,0.6310250602804015,0.4739925341069977,0.03055145761995154,0.0,0.21034168676013384,True
306,3,0.06081319466578683,0.5097440930979124,0.20012298945020482,0.2130811339273344,0.21566400340122374,0.22297368422696615,0.22253946125625687,0.06081319466578683,0.09536953704420181,0.17304771009750697,0.19618075593668616,0.20938330597413007,0.12862679610670824,0.030513449197369626,0.0,0.06979443532471002,True
134,3,0.08857402260347935,0.5084444204275564,0.2968676029183212,0.3257177327404257,0.3189049865335089,0.32302808714193215,0.3134323622835206,0.08857402260347935,0.24133796230727678,0.3292428111705349,0.39955044516551663,0.1904753622030931,0.11508575316054603,0.03050045945152039,0.0,0.06349178740103104,True
318,3,0.025994324719056938,0.5100836428100693,0.18724228542698482,0.21984366421765608,0.2168294521278744,0.230622064000139,0.22825373353670844,0.14829346529811427,0.025994324719056938,0.06780373906025972,0.1149263135892723,0.20504829124981944,0.139885292076535,0.030476852836554158,0.0,0.06834943041660647,True
133,3,0.11129212703815683,0.5083374706717944,0.2790715575328369,0.3140194500615377,0.3088557745026497,0.316652098435729,0.3088587950756741,0.11129212703815683,0.17960207524801663,0.25343496994846393,0.3389151788454049,0.1902579710830655,0.12073643797585071,0.030465649022681552,0.0,0.06341932369435517,True
51,3,0.04115418813893268,0.5140640640036049,0.20679421865440395,0.21566993993854724,0.21468101227103306,0.2282241449046217,0.21856989790488965,0.04115418813893268,0.10898340114805616,0.22881052247814504,0.22239982210437204,0.1705744421828715,0.11913272817884946,0.030443408330569036,0.0,0.056858147394290494,True
58,3,0.21882647805186006,0.510739780819169,0.18288714922609137,0.26727418531316305,0.2720127114884502,0.28061470290287677,0.27253375553110676,0.3157320860905293,0.21882647805186006,0.38196286174841065,0.41791423467981637,0.1771649371412071,0.11332341953366498,0.03042271661359388,0.010416666666666666,0.05905497904706903,True
1890,1,0.058332238681803594,0.49744061864699735,1.4844816772743987,1.5764388866794619,1.6187462925455491,1.5160289901185962,1.5652997398699646,0.058332238681803594,0.08047847305374023,0.058542336770010084,0.14073179426945426,0.3498762297139538,0.25309736725453646,0.030396774262823837,0.0,0.11662540990465127,True
853,1,0.016006202459923236,0.5328033984802937,0.41426984274908385,0.4353154763831189,0.44936314676780365,0.43767946979791433,0.43665573592164125,0.04834570507094238,0.05072608948634694,0.016006202459923236,0.017717760998204657,0.27459683896687115,0.18320950532092573,0.030380296070027856,0.010416666666666666,0.09153227965562372,True
224,3,0.14607911596624945,0.4976852591634501,0.21166444615927807,0.26820833739635663,0.265715040336217,0.2786735046384933,0.2791457307339033,0.2108207812851035,0.1511225070062897,0.14607911596624945,0.19261738675416118,0.19204431349494971,0.12110358964341117,0.03033736954579872,0.0,0.06401477116498323,True
878,0,0.18073757385749267,0.6006283208257442,0.25742692805776907,0.31421791094443613,0.3223165971999323,0.33303771178276514,0.3202927927960415,0.18073757385749267,0.22978949811570626,0.24709374664569883,0.2554132861989803,0.6593172356682145,0.48378353756700676,0.03030512798783391,0.0,0.21977241188940486,True
232,3,0.0314257446055104,0.4974710735158336,0.1958861443681902,0.2610553258222991,0.2592659605848596,0.26334139118131067,0.2710168827902935,0.24963743317180853,0.0935831495827627,0.06229654218827896,0.0314257446055104,0.18900156974703958,0.11388420549860179,0.030264462981377815,0.0,0.06300052324901319,True
303,6,0.15051542019602537,0.4840310863979906,0.11160717713056623,0.131382228452364,0.1385121838918656,0.13237402985425983,0.12325616197342953,0.15051542019602537,0.5949370666117845,0.6649575972305493,0.7143482531900375,0.6245736040350149,0.46619640949788277,0.030239106487683805,0.0,0.208191201345005,True
379,2,0.11563159749488561,0.34254643434164583,0.044793564962049226,0.08054776037502824,0.07430196611466092,0.08303837123238575,0.07344978605211815,0.4438881384970659,0.3402821869081465,0.2972187194523258,0.11563159749488561,0.6352147160478325,0.4589301806725459,0.030226729524620154,0.0,0.21173823868261085,True
872,0,0.2997683597646349,0.6011133777766534,0.22393667216723845,0.3611260362675878,0.3711244700073593,0.39516947172327216,0.387758416274344,0.37989330683067823,0.330066373396087,0.343744875384675,0.2997683597646349,0.6418746595889138,0.40335871831968007,0.030154538636498345,0.0,0.21395821986297126,True
217,3,0.21771517663037443,0.4904302811304828,0.19996401763281257,0.2878783893511548,0.2885384175570227,0.29276542645123144,0.2941852251473397,0.3053871876818931,0.2769027093129637,0.24443441858038606,0.21771517663037443,0.19070331363223336,0.1169980975109679,0.030109888161618838,0.0,0.06356777121074446,True
255,3,0.13262872140895443,0.4990238130854472,0.26184339845251164,0.31604592050551833,0.32023534322083824,0.31206606914670626,0.3425932252980637,0.17150204617831888,0.14221308732874605,0.13262872140895443,0.18843542417433545,0.19370636692573598,0.11204983523791245,0.030089506264831072,0.0,0.06456878897524533,True
36,3,0.22856410096310997,0.5134895611498073,0.22068593070111167,0.2951530378845177,0.2978505318763817,0.29643484657936675,0.29658162516560904,0.25229998551647026,0.22856410096310997,0.3165584755002937,0.3534291129643399,0.16848452674997771,0.1114351511172087,0.030070409022550006,0.0,0.05616150891665924,True
141,3,0.22117570330728342,0.5079931825782086,0.2698599333892639,0.34649655196329415,0.3348009302242305,0.33898546015318304,0.33091426883375313,0.22117570330728342,0.22449967298001428,0.2551271773121542,0.2975807627155094,0.18751829935989386,0.13491773307172572,0.030026950571939263,0.0,0.06250609978663128,True
196,3,0.03946748744643924,0.47728004791494716,0.3733900082555875,0.41784591757079476,0.4131595512953415,0.44894821749793135,0.4319802864914664,0.10639306846326957,0.08634265056008783,0.1026748109330683,0.03946748744643924,0.18170963807404822,0.1157465031679803,0.029986650512131133,0.0,0.060569879358016075,True
1816,4,0.21957126241964475,0.32890809425520895,1.716631493646411,2.1996005669507546,2.322428264908169,2.2462186242417563,2.347951717569017,0.21957126241964475,0.35528543059650286,0.36199977045798093,0.5081478855044775,0.34668515820603263,0.22628823597196757,0.029836182575564273,0.0,0.11556171940201088,True
848,0,0.24583510238269202,0.6019210547050907,0.41469297153920665,0.6467797400557574,0.6833996278420121,0.6127551719757568,0.6234582687131921,0.3588343204698142,0.3622652192178645,0.2623852515370698,0.24583510238269202,0.7166159848939776,0.4038483943965048,0.029790224300015017,0.0,0.2388719949646592,True
1352,0,0.019596612118219947,0.559165222040712,0.2441664926312276,0.33908457745237114,0.35310649962685137,0.30433266452824553,0.32298168577466496,0.2799245118556771,0.021781595520263375,0.019596612118219947,0.13192640951254653,0.6801815248534785,0.3999913973296998,0.02978238592709138,0.0,0.2267271749511595,True
462,2,0.12104774477369584,0.3597947343719439,0.06474130549355818,0.09955181096044714,0.09472687995621391,0.09682047788201571,0.09483984317983692,0.34967224735589697,0.3056065504043426,0.3845891274277724,0.12104774477369584,0.5515725359334669,0.38482812306188663,0.02977771222814587,0.0,0.1838575119778223,True
1826,4,0.1629906489982923,0.29836841387233026,1.8226238964191843,2.1775430516253165,2.2436678403027273,2.186419295759728,2.2878793071007064,0.1629906489982923,0.30706320507277707,0.32312390032934046,0.50756651547028,0.3338439203296238,0.21557533141053575,0.029735808393969658,0.0,0.11128130677654126,True
826,0,0.13545197208730864,0.6030872237047019,0.35373068390772006,0.41174509803101333,0.4324137444914258,0.41271384837533165,0.43364590170879186,0.14089885805737878,0.1668858343262325,0.13545197208730864,0.15962338813914312,0.6570946790592967,0.45195620795950475,0.02970922152646604,0.0,0.21903155968643226,True
122,3,0.049523156891848386,0.5118568204018819,0.23893304509097246,0.251382289661722,0.2502076869316709,0.24694448685519924,0.241527556758895,0.049523156891848386,0.15966586805617977,0.2509246199690216,0.27851746743365424,0.17837157623486055,0.09656442166391876,0.02970879259512468,0.010416666666666666,0.05945719207828685,True
1463,1,0.16620843988808787,1.0749565517511808,0.44801870744166994,0.651026774578665,0.677197208481172,0.62112190571975,0.5917817960983577,0.31182752394228164,0.33689111119404447,0.16620843988808787,0.1760965311283469,0.4925057099193023,0.26182229117848976,0.029694061678235132,0.0,0.16416856997310078,True
1464,1,0.13797714739375955,1.0763004803098941,0.481710792741344,0.6641256248056323,0.6891319418024712,0.6363092556109303,0.609119520871221,0.2746691668728716,0.2874359211744233,0.13797714739375955,0.17597747780628958,0.49194491231746407,0.26702466151056115,0.029660250174647247,0.0,0.1639816374391547,True
222,3,0.15062281785154197,0.4970545242134084,0.21682190002802212,0.2552716326562738,0.25460775592800705,0.2657091952021943,0.2678597303419279,0.15062281785154197,0.16870156236673417,0.2279867394618642,0.248641293599713,0.19254193129175107,0.11617975190495322,0.02965040867956185,0.010416666666666666,0.06418064376391702,True
1845,1,0.008570516172661247,0.6239299380965272,0.3089367088535689,0.31160734464032885,0.32754493015105807,0.3311434835340355,0.3544672859696834,0.008570516172661247,0.04917468633508537,0.046111950890832865,0.1286783671819589,0.3550324316580188,0.26757278669375495,0.02960607475320615,0.0,0.11834414388600627,True
223,3,0.08827107313570115,0.4974053314997432,0.2211672473149436,0.2599236229268212,0.25814315480159616,0.26973507407663105,0.2732061167336864,0.14910678442947467,0.08827107313570115,0.1308029734088526,0.15116683816058074,0.1913583698293463,0.12751166766593425,0.029596721668171372,0.0,0.06378612327644877,True
401,3,0.03424601459055143,0.5247640156335472,0.19541939417023393,0.2066246818460015,0.20457193008686816,0.20985673624049048,0.20892348503660005,0.054230150898037066,0.03424601459055143,0.18782041858256815,0.037495768485877434,0.1924233665473905,0.12134587832777477,0.0295445079926077,0.0,0.0641411221824635,True
157,3,0.20332695638880782,0.5050899255571445,0.26111999135791764,0.3277630559386097,0.321517843685231,0.32630086631603666,0.3269506448555855,0.20332695638880782,0.27271195209232624,0.2954313751537567,0.33180768962525464,0.18426200223233025,0.10813989681479264,0.029505525872426375,0.0,0.06142066741077675,True
382,2,0.007841816151635594,0.34257907604728843,0.053514258344470655,0.0865128791516634,0.080240248593503,0.08613694235586984,0.07772116935319745,0.3814301538773638,0.24880916147425058,0.18809243629873562,0.007841816151635594,0.6200302868263355,0.44991673033581137,0.029504177569401654,0.0,0.20667676227544518,True
433,2,0.084758622167864,0.3473719432063825,0.0629114098727705,0.07495403234357421,0.06941838665322717,0.07321811138118998,0.06771296616040663,0.16066677261074835,0.11694429585618094,0.21923866173941997,0.084758622167864,0.5207344318752054,0.36289483392775423,0.02947831256439139,0.0,0.1735781439584018,True
471,2,0.011570485329237767,0.36204937112308566,0.044970335200142146,0.049800422590863556,0.04934485802125646,0.05107314713001849,0.0498477890815702,0.09698888361657287,0.11497949138027941,0.3033765952983324,0.011570485329237767,0.5458711872423272,0.39876806482002003,0.029469913870583068,0.0,0.18195706241410906,True
170,6,0.09124623085449057,0.47704255651340544,0.47062738250999,0.5178821794076468,0.5439847999294042,0.5379522116552163,0.5514675560225809,0.09124623085449057,0.22390081734377854,0.3394761922734687,0.407166866737548,0.6526780093526039,0.4964396228171566,0.029445013934203013,0.0,0.21755933645086797,True
1819,4,0.15652131468294972,0.3196857888679425,1.9202627307732365,2.2765989991216435,2.3732233061261567,2.3247021589622086,2.4120748008307817,0.15652131468294972,0.28348419787782264,0.3101084116418904,0.47882718662089696,0.33055159392284317,0.1980014500768057,0.029442557622454117,0.0,0.11018386464094772,True
381,2,0.0555204298420946,0.34257530853599255,0.05076099244909996,0.08402490734762429,0.07811583444109332,0.08449033573883229,0.07471103741975484,0.3958816016411213,0.23386193846426861,0.19854406454728657,0.0555204298420946,0.6175037350044269,0.4390736872733454,0.02938395145274944,0.0,0.20583457833480898,True
1251,0,0.015977615089493358,0.5902462815538968,0.29032234625815395,0.34439389636674234,0.3498169695055691,0.3468352582281196,0.32356198410366616,0.15700496053799984,0.045122393359879,0.015977615089493358,0.03820528011161306,0.7186745749223776,0.47574000466818234,0.02938162483749013,0.0,0.23955819164079253,True
877,0,0.2987582642903984,0.6009166206012564,0.20922896140054692,0.3075266563028993,0.31753574195778983,0.3360071276514785,0.3219734810158725,0.3196395918457676,0.2987582642903984,0.3242633688192942,0.3091398915658544,0.631666988675755,0.45654513063128377,0.02932021870017119,0.0,0.21055566289191832,True
844,0,0.38198239300062353,0.6018027839363062,0.2649921647089874,0.5095362040005194,0.5437832012968898,0.49677991200419874,0.5093812835576097,0.47993457063805167,0.4655799795296426,0.39552006501763093,0.38198239300062353,0.6826399702810523,0.4380269282096094,0.029301546049601477,0.0,0.22754665676035077,True
823,1,0.01294518640288389,0.5358345666066345,0.25985918762257154,0.2779775758927656,0.2753583498572889,0.2853724236474137,0.2998341534264614,0.06517931603656957,0.05183510306966932,0.06387377776754866,0.01294518640288389,0.2610550551918851,0.16308917700415582,0.02928324887694428,0.0,0.08701835173062837,True
384,2,0.0671520330068276,0.34255915181628194,0.049658697492539226,0.0807509233753788,0.07383243750868573,0.08382358925422133,0.07546085980607793,0.38503864207600735,0.238704078714029,0.22573773244608342,0.0671520330068276,0.6150601294478593,0.4576700026902998,0.02926767233899908,0.0,0.20502004314928643,True
1929,0,0.35081134722619434,0.3885939684498244,0.08411319460730614,0.12956664329839016,0.13398433342971816,0.12625502978501332,0.13121207657175935,0.35081134722619434,0.4730614015478427,0.525660205281427,0.5325284944416895,0.48599389178183117,0.3356438347884989,0.029251591553846868,0.0,0.16199796392727706,True
383,2,0.06691740562492221,0.34255767986413616,0.04799710509031377,0.08217296524116925,0.07582307940666995,0.08488962864032935,0.07593717041637592,0.41590150788100233,0.25262336093873217,0.22445764940102375,0.06691740562492221,0.6140138588861151,0.46618819918630905,0.0292178854929446,0.0,0.2046712862953717,True
1846,1,0.04756373924577395,0.6188690563508624,0.37599212413038474,0.4029166844348615,0.421771666287651,0.42244719947228226,0.4520624436565502,0.06682413844996682,0.04983342119812517,0.04756373924577395,0.1189046083207862,0.34413367457472654,0.24314707356388965,0.029206284328892235,0.0,0.11471122485824219,True
228,3,0.13417292562597727,0.49777747494562086,0.18882690819235462,0.2759090247848301,0.27408236660288837,0.28272718662031304,0.2880087399614107,0.31561894961713255,0.18899455488620864,0.13882642439447646,0.13417292562597727,0.1822374189036518,0.10880455452285887,0.029181332332917306,0.0,0.060745806301217266,True
254,3,0.14678805201421763,0.49882706993006504,0.25683051540270024,0.3217679209721222,0.3233211278233013,0.3235273636769343,0.3534553849672477,0.20181441758778718,0.14678805201421763,0.15550441409031346,0.2344271964886574,0.18746406449293188,0.12010847821535608,0.029144877196702335,0.0,0.06248802149764396,True
477,2,0.03488877696411674,0.361998006604801,0.04151266820033092,0.0469082086201257,0.04559745065968568,0.04726788410517529,0.04503818201190387,0.11502337391498374,0.10121005496838242,0.21989020578666751,0.03488877696411674,0.5391390233292168,0.3789763277759448,0.029106464955676446,0.0,0.17971300777640561,True
852,1,0.05196079121592245,0.5330789975557602,0.4016947243943281,0.4237110877613679,0.4406370604356147,0.41412811651779285,0.4180779256315157,0.05196079121592245,0.07448065513665558,0.06708262094689021,0.07799450263409669,0.260663399321178,0.1456895068930244,0.029039841506323626,0.0,0.086887799773726,True
385,2,0.06959440524959604,0.3428452249357865,0.05122006313859562,0.07743358254299453,0.0712365330624146,0.08132595373774704,0.07290036110812285,0.3385290792899064,0.2044300970332804,0.21342069759451987,0.06959440524959604,0.6101788091789008,0.4439870924001639,0.029035394427664066,0.0,0.20339293639296693,True
1873,1,0.12592182516388795,0.5510250498456344,0.7058506915884681,0.8192988656544701,0.8549956117952086,0.8493707680113661,0.880497026153864,0.13846982929163165,0.12592182516388795,0.12904002550247895,0.21439032584742213,0.31883061824598535,0.21451230038530156,0.02902077046832744,0.0,0.10627687274866178,True
866,0,0.27290029437483887,0.6012086385782749,0.2165126078130372,0.33299426632571955,0.3431469857656199,0.36878942801402176,0.3751369364972987,0.3498007932627446,0.27290029437483887,0.3520695517545407,0.3686127909453143,0.6223641152252064,0.4068652544518514,0.029009880357658117,0.0,0.2074547050750688,True
43,3,0.21399908881565322,0.5144824282748556,0.26022288219729184,0.3454585865933049,0.35093135853804824,0.3458487619822144,0.352793945729488,0.24673204749823685,0.22700049846179637,0.25808859484631963,0.21399908881565322,0.1780921948209093,0.12010222870564036,0.02899834349229758,0.0,0.0593640649403031,True
455,2,0.05526568991175196,0.35361005714619714,0.049753327762728616,0.0683465985276653,0.06490355196838153,0.07026990782709443,0.06464869283334808,0.2720438348868306,0.17481152382891796,0.28161488535469703,0.05526568991175196,0.4819296711437484,0.2950158235786198,0.028949941845561787,0.0,0.1606432237145828,True
817,0,0.34989282147300027,0.6014711298474318,0.18380438936827556,0.3089387863775026,0.31679355910848306,0.31690778902756844,0.3395669009990459,0.4050459266591445,0.3833658584763171,0.34989282147300027,0.36861487216874356,0.5985001371405085,0.40462600818074534,0.0289270205147049,0.0,0.19950004571350285,True
432,2,0.08563720994599344,0.34696717497206336,0.0561432198268279,0.07099651844345241,0.06445449192305584,0.07083137344183317,0.0648586379899831,0.20921164787052093,0.10064260455456031,0.22437019362073052,0.08563720994599344,0.5102331420011614,0.3647201953920707,0.028883843894206486,0.0,0.17007771400038715,True
465,2,0.0960691292674164,0.36165443096397626,0.0697823789877555,0.09540396263308958,0.09192714674990325,0.09282150300306748,0.09130622625122416,0.2685589040349523,0.22916602507625128,0.3027360710116638,0.0960691292674164,0.5342819702570598,0.3306688875735837,0.02884424753323943,0.0,0.1780939900856866,True
1833,4,0.13222955753331112,0.25997316327062325,2.0616938857008584,2.3758517054814305,2.4405799202655376,2.411792859365726,2.4881581183114907,0.13222955753331112,0.282416758947559,0.31599406168405386,0.4843403444966057,0.3092598514208568,0.21599908755457697,0.02883441106996874,0.0,0.10308661714028561,True
154,3,0.1835887182722582,0.5067282871759913,0.2755669778539545,0.33753450499946797,0.32841620324889725,0.3416296065510223,0.3403080060912456,0.1835887182722582,0.2041959307943042,0.2453958023723165,0.3066702233418518,0.18004032640560877,0.11095357058939781,0.028829516907901663,0.0,0.060013442135202925,True
791,1,0.005060039100903468,0.544850953195565,0.12404726905124562,0.1455919837943689,0.14333445984488027,0.15204045839865202,0.15346865929372983,0.1479800891617261,0.005060039100903468,0.03199732977295988,0.03509515459595247,0.27032856781990744,0.18096519705216885,0.028813531736391652,0.0,0.09010952260663581,True
1830,4,0.14950405897244223,0.2744370874728373,2.145736518268599,2.5229238785974086,2.5965315551259676,2.5015488123941942,2.584763893585906,0.14950405897244223,0.2737888465543833,0.29323541763308336,0.47221394525870874,0.3149854219282657,0.23025904369771588,0.028785724829975972,0.0,0.10499514064275522,True
476,2,0.04334969144982237,0.36183664311856156,0.04015449896049956,0.049008605873317346,0.048527691237261944,0.0499072406568758,0.04725894970790508,0.18066432935686483,0.17681543907243602,0.2779979681919017,0.04334969144982237,0.5317221107440508,0.37943521945920367,0.028706048556755116,0.0,0.17724070358135027,True
474,2,0.030152716957001946,0.3616628142586782,0.043539134902935116,0.055517069405904514,0.05590758745012026,0.056098747659347394,0.05297806279285572,0.2157522835975828,0.21311408650027763,0.3174754948799169,0.030152716957001946,0.5315333858871618,0.39967110549834217,0.028695859879631753,0.0,0.1771777952957206,True
773,1,0.010217883171356967,0.5510826768620228,0.1195506853759966,0.12078485087106694,0.12209377745713368,0.1217210986704278,0.12411245163519298,0.010217883171356967,0.05840742027228274,0.05656263501962244,0.06878100021875555,0.26911123274880777,0.16862066638201423,0.028683779550051063,0.0,0.08970374424960259,True
140,3,0.17269859635722973,0.508160342060187,0.28215927104700134,0.3410598239101236,0.3303274852300836,0.33242346624057806,0.3227153053880469,0.17269859635722973,0.20909638475737868,0.23172871350053903,0.2664385119902506,0.17889493940655696,0.12573924148850013,0.02864610825432667,0.0,0.05963164646885232,True
1926,0,0.24770938154366062,0.38883544641540874,0.09199260775373592,0.12228333771129553,0.1253176625732061,0.12112188333515823,0.1229137738957422,0.24770938154366062,0.4648000373181862,0.57255470153122,0.5864986884142374,0.4672958608811886,0.30996729212802165,0.028608956634798174,0.0,0.15576528696039618,True
230,3,0.1491238724503401,0.4972209437144011,0.17888484031961505,0.2637450161468206,0.2684010112862511,0.2500783584414747,0.2554800072743016,0.3217508223168316,0.2312592973947677,0.16008470408107534,0.1491238724503401,0.17863705892638942,0.09999838528229255,0.028604813516712086,0.010416666666666666,0.059545686308796475,True
470,2,0.06316346775808546,0.36161356661729177,0.047576269380047415,0.055457759896205265,0.05418834268448324,0.056738330314965134,0.05536018859813629,0.1421170009554812,0.14306745641624807,0.2699579522027812,0.06316346775808546,0.5297587465709304,0.3633368947678335,0.028600052537125005,0.0,0.1765862488569768,True
267,3,0.1672035180634346,0.49860289791594553,0.33086262373627484,0.39729109201673696,0.4013098601410993,0.43156257358437183,0.4353446587954856,0.1672035180634346,0.19257085039936905,0.2290474316862865,0.2477690445610884,0.19177603520440153,0.10937095183345136,0.02858716097130516,0.0,0.06392534506813384,True
441,3,0.045433905537754726,0.5302566616015134,0.2914295090775986,0.3651908554294441,0.36058256830683905,0.34027343451743985,0.3366807595758483,0.20198026663374746,0.1279210283891058,0.22667953381428918,0.045433905537754726,0.21432897107876792,0.13765537255043725,0.028558156785033522,0.0,0.0714429903595893,True
2160,0,0.01953166138708251,0.5329671465814214,0.06832505662651728,0.06968614277048223,0.06913107496528663,0.07204445541222355,0.07524834252425246,0.01953166138708251,0.24741542886018397,0.19614962895361132,0.39900434625267556,0.5016940466575963,0.3334046371736008,0.028519930782841624,0.0,0.16723134888586544,True
314,3,0.04748284264078617,0.5075048089936726,0.19632826206745238,0.22901777123274367,0.2273633015691272,0.24037258099557288,0.23626023658851317,0.14273787134217608,0.04748284264078617,0.13300543152715572,0.16322051952887462,0.19140383948717343,0.1354602006357144,0.028448843015692067,0.0,0.06380127982905781,True
466,2,0.08510614006136763,0.36196067268774873,0.06474776511575275,0.08503548044875249,0.08151719439697215,0.08511990645559725,0.08311180861558659,0.2385794168026879,0.2153324609939905,0.31527465431879453,0.08510614006136763,0.526901166987286,0.3246820373314563,0.028445780565684694,0.0,0.17563372232909533,True
152,3,0.2039675189847494,0.5084873647333046,0.28479794944976355,0.35777176967268415,0.3528012409659394,0.3440283870347516,0.3437185741395754,0.2039675189847494,0.2268378402534441,0.2761643116302954,0.3134341063543459,0.1775020558276628,0.10783451141605216,0.02842306844157938,0.0,0.059167351942554264,True
807,0,0.2166348633636196,0.5866699611303391,0.17250098192863708,0.22020507916566623,0.24003654359585094,0.23192101585946254,0.2454606769808004,0.2166348633636196,0.2484835075014371,0.22299195146675355,0.24957688399772526,0.6805774866409781,0.4747131251306058,0.028408291758183202,0.0,0.22685916221365934,True
833,0,0.16626891497047136,0.6010510133912355,0.3709128450366253,0.4448830704488948,0.4676480273114438,0.4729248511484223,0.4885146665072782,0.16626891497047136,0.17559487343430535,0.18315781139367449,0.23129898508386493,0.6271666049960156,0.42005620543980626,0.0283562743581138,0.0,0.20905553499867188,True
442,2,0.10888315327976805,0.352594048309087,0.06686587921285898,0.08955870310816262,0.0821108067803236,0.08962199180440451,0.08458123459517847,0.253384909648556,0.12348224719090783,0.2293687364485908,0.10888315327976805,0.5044420010102486,0.3128672250309492,0.028332533967669975,0.0,0.16814733367008286,True
24,3,0.07992691109327987,0.5195410917419592,0.3657105310239299,0.3974798691900517,0.40639054031502514,0.3910640025644347,0.39147791122605796,0.07992691109327987,0.11145262387444432,0.1978903703122591,0.22141048707915112,0.19584127998238549,0.10599984878063928,0.028317129328566216,0.0,0.06528042666079516,True
853,0,0.16478880204062785,0.6015070890726273,0.39925924634014187,0.47803387612095133,0.49627388797856065,0.5206375013773689,0.5177955720760613,0.16478880204062785,0.18205276117325808,0.22611733105668852,0.25594703330969404,0.6522859888657209,0.42050508815188437,0.02830411472683412,0.0,0.2174286629552403,True
775,1,0.021408529301783497,0.5510663909815378,0.11932250610526181,0.13264674071668794,0.1324135752063412,0.13069392200149132,0.13270167209707126,0.10044901623240443,0.04569516678733532,0.047533056641461124,0.021408529301783497,0.2652982614564205,0.16805832371059193,0.028277366087244783,0.0,0.08843275381880683,True
117,3,0.09966150082392633,0.5121245751327699,0.25589586867975905,0.284221844244067,0.28056157945705035,0.28128994372943844,0.2793507963688217,0.09966150082392633,0.2194238232043717,0.2884313496526383,0.32065534834427933,0.16955610383206726,0.10519722393860587,0.028240525919621444,0.0,0.056518701277355754,True
1906,1,0.06553388445457498,0.42930688306795295,2.1575180736395896,2.3088242984394345,2.377267449996513,2.223241542528774,2.293848940763907,0.06553388445457498,0.09185171012097693,0.07878236171620301,0.17182817706855735,0.32196526396242475,0.230717707893362,0.028230043188805183,0.0,0.10732175465414158,True
461,2,0.09431837956076183,0.35869345660412644,0.06699533164958536,0.08693506971714848,0.08262772636950742,0.08638356191872316,0.08332019755214144,0.22936357136928687,0.2037437487546958,0.31645405170753327,0.09431837956076183,0.522651007180893,0.34520150423767504,0.028216327452280098,0.0,0.174217002393631,True
1249,0,0.00107195191495435,0.5889867239799662,0.245434647249799,0.29781110846337394,0.30505461865918226,0.3140259957510324,0.28803661050171453,0.17587141555539532,0.00107195191495435,0.0010938743228815495,0.00401848042877706,0.6475750925817725,0.4157234674341339,0.028213090719400147,0.0,0.21585836419392415,True
1884,1,0.037935951816315705,0.5210653098634574,1.1071399961357546,1.1507965589463243,1.1787758222196312,1.1511783707164154,1.184328149386485,0.037935951816315705,0.06721862324088557,0.07466481580969353,0.16057315023820162,0.2957891066120345,0.17605317448751379,0.02817642312619925,0.0,0.09859636887067817,True
844,1,0.08984374195029965,0.5332925885373557,0.3029880070416355,0.34896925486600505,0.3600333651828384,0.34772860652449616,0.35783603187860896,0.13176303408741596,0.15607304545247425,0.10892514356855865,0.08984374195029965,0.24803285682412923,0.14161001908527826,0.028147371071920307,0.0,0.08267761894137642,True
1874,1,0.09438491452683684,0.5483109390168266,0.7729770944846152,0.8535382270942984,0.8858560272363976,0.8780698289339984,0.908960260062836,0.09438491452683684,0.09649341454248805,0.10008854679318469,0.19114762040147282,0.3081777337105228,0.2093066832710626,0.02812527137201712,0.0,0.10272591123684094,True
796,1,0.04864411861534601,0.5396027948544557,0.17131739834056203,0.21848883397089483,0.2287016951273728,0.20277231431043052,0.20986133853999545,0.21589861034553626,0.12899822939417493,0.0760159275401141,0.04864411861534601,0.27569230429372726,0.15648864614889035,0.02811498517020383,0.0,0.09189743476457575,True
1832,4,0.060362185924908496,0.26265566144696706,2.4441542558121925,2.6011663421805062,2.6771638556899995,2.5728370336453183,2.6589802982624007,0.060362185924908496,0.1982583564300041,0.2157569929861859,0.4099149730574664,0.31080486899463977,0.2110532776261742,0.028058069979360646,0.0,0.10360162299821325,True
1776,4,0.10933800076399425,0.5121037870324328,1.505272510713917,1.6900603281661433,1.7919248772915914,1.7491227389840491,1.8458803249200557,0.10933800076399425,0.2154399698060484,0.2419449832780205,0.43093530693065196,0.41125369730737427,0.3194320321494981,0.028052776224096677,0.0,0.13708456576912476,True
1829,4,0.08186802644220714,0.2801651954009663,2.1846268359005667,2.3794257239893986,2.4536813783344686,2.3688255902411455,2.462071533566584,0.08186802644220714,0.2272166414518625,0.2499210597664826,0.43149078803867513,0.3114894114081555,0.20314368161077567,0.028011956823256502,0.0,0.1038298038027185,True
858,1,0.02317505284900867,0.5312498857445863,0.34600768337772153,0.36958599816396204,0.37077205736572255,0.39144282971347016,0.3850307595097157,0.06379655859089195,0.04097972806483452,0.03752472318827205,0.02317505284900867,0.2468213400836857,0.18135405902587998,0.027986463998869365,0.0,0.08227378002789523,True
809,0,0.10534295664723659,0.5877785928390834,0.24184302679487027,0.27298727921739846,0.29579214206561477,0.2692931827341352,0.2920892531871829,0.11408682672618564,0.10534295664723659,0.1316858798273316,0.17228687389022834,0.6251986032983141,0.41621322136089134,0.027974425532849848,0.0,0.20839953443277137,True
1949,1,0.0831769989442045,0.2617815323028282,2.2637417397665787,2.4691153441391607,2.5418046922322017,2.484351719938088,2.508274611398862,0.0831769989442045,0.10882462617541311,0.12748577639753522,0.2153881054982133,0.2850409532284175,0.20376675012352763,0.02797384734208094,0.0,0.09501365107613917,True
268,3,0.05896632070822028,0.4984627292777614,0.3506506648842668,0.372622864197768,0.3789297659405599,0.41145570237554613,0.41903972589630917,0.05896632070822028,0.09665496122506212,0.16806689600565072,0.21544550827632702,0.17765000806798625,0.1079029608369062,0.02791668526188261,0.0,0.05921666935599542,True
850,0,0.11640745131843988,0.6017536397463872,0.502591965609352,0.5688051199156074,0.6014169525717586,0.5591205091548596,0.5733455622819137,0.11640745131843988,0.14308834865853925,0.14246044974165373,0.1939839650312375,0.646207404386182,0.47219121548502585,0.027878963355032864,0.0,0.21540246812872732,True
843,1,0.03828222723797303,0.5334523435647351,0.3107359113818022,0.33080511993310596,0.3348481362265987,0.3364407352889387,0.3486945095081588,0.06066776885243519,0.059952158581664805,0.03828222723797303,0.07043606890610699,0.2489627686570598,0.1413531612351081,0.027878616598595793,0.0,0.08298758955235326,True
127,3,0.09774822004554984,0.5108672608763462,0.2517104646720794,0.2789802916041761,0.28064490581563334,0.28207494673822336,0.2745090870084314,0.09774822004554984,0.11757969300978965,0.20440399249080832,0.27636756779896443,0.167133115049688,0.0961555018774991,0.027836963464686143,0.0,0.055711038349896,True
819,0,0.28266048383010134,0.6021716880568456,0.24308906640641825,0.3388758892084285,0.3462351363219827,0.3524762741467526,0.37165211050249436,0.28266048383010134,0.3097506897879695,0.30312915845107513,0.33665175171486883,0.6105542926966178,0.4310085816123248,0.027798802536808654,0.0,0.20351809756553926,True
1831,4,0.137512041129209,0.2686242826929338,2.1764738374496893,2.5234831571437,2.604699431011341,2.4980358802364004,2.5877155015678652,0.137512041129209,0.2751106502792908,0.2949201555230937,0.4709442975538948,0.3068341021504384,0.20661196399655246,0.027784066975502716,0.0,0.10227803405014613,True
852,0,0.12777942668609021,0.6015931962109469,0.4478745247144003,0.5134876869651772,0.540898694421318,0.5342503616770371,0.5371997788595477,0.12777942668609021,0.17267656301559098,0.20267449769795387,0.24138775615041108,0.646651987916819,0.452911193084212,0.027779505639890758,0.0,0.21555066263893966,True
33,3,0.04527528995797736,0.5140012505181286,0.2851925970656039,0.29871710040169697,0.29650403635678546,0.3108263049563425,0.30895795017286987,0.04527528995797736,0.09727456305864479,0.23647331086346224,0.2951373770936091,0.15554116632263154,0.09597339740545863,0.02776033254440458,0.0,0.05184705544087718,True
225,3,0.16610093245385193,0.4977551301810345,0.22356528477633786,0.27721960440483095,0.2777824907297445,0.28143364802410725,0.2839186386498325,0.1935444635803617,0.16610093245385193,0.20153913868720597,0.2426798958922901,0.17324455247142936,0.12314712028325037,0.027741321683277004,0.0,0.05774818415714312,True
819,1,0.03128146651146624,0.536239315774144,0.22072020647470614,0.25391232376426237,0.2541677370494295,0.26574447491482256,0.2820672438254233,0.13072275026860258,0.13189412153413316,0.10594010467946313,0.03128146651146624,0.2496902460248887,0.15844850212311412,0.027735246483109405,0.0,0.08323008200829624,True
1938,1,0.08550544454802611,0.2826111465785999,2.525906099470449,2.76207888216684,2.809368885037981,2.844724529133168,2.8566113354952445,0.08550544454802611,0.09778939046406354,0.12247191473539987,0.19405932474143794,0.300476702479493,0.19446509515665156,0.02772331695346261,0.0,0.10015890082649766,True
1892,1,0.04699112827595542,0.48887492825390794,1.5613958522793467,1.6455741067072065,1.6884906877479537,1.5884854022291923,1.648768403978555,0.05115433822442694,0.06299584437821815,0.04699112827595542,0.1515587865114738,0.3077628120378352,0.1966371582500983,0.02770105172203567,0.0,0.10258760401261173,True
258,3,0.1128939408577444,0.4994328196351577,0.26957269109417353,0.31738414524261777,0.32353095499688506,0.31667272242950156,0.34156930326840235,0.15064222603777433,0.1128939408577444,0.12274381591588679,0.16334749887564748,0.17854053681729856,0.12084742440486096,0.02765059680969766,0.0,0.05951351227243285,True
827,0,0.1460702040535946,0.6027553100927204,0.3737928923496143,0.4507008626764469,0.4767359437473842,0.4494965473502818,0.4655195913374535,0.17064083230309668,0.20967876346855818,0.1460702040535946,0.1909588709933907,0.6187958043604829,0.45789715041287593,0.02760950631011507,0.0,0.20626526812016097,True
377,3,0.0004785026162178463,0.5269961232137207,0.21190066925628684,0.22471957974140175,0.22360564663787885,0.22571497291061213,0.22961965063130121,0.057044030163577175,0.059598097870099176,0.16126822271758356,0.0004785026162178463,0.19304458974123812,0.11479933838329082,0.02759356502405667,0.0,0.0643481965804127,True
1341,0,0.03278731617880193,0.5639202432036158,0.3275897491149237,0.37063247907555846,0.36486702680771854,0.38484845481289387,0.408838043554615,0.11613318419366014,0.03278731617880193,0.08198536067317364,0.13362356768828265,0.6500561958876172,0.42622051881264156,0.02759001498029469,0.0,0.21668539862920574,True
822,0,0.18432992665777337,0.602657709135193,0.31035420379733064,0.39079990138918513,0.4086331118559827,0.38980294422599,0.4105022881192683,0.2058488175301283,0.25439338904501785,0.18432992665777337,0.23491213940776312,0.6172323660569099,0.4518181605663045,0.027586327892931757,0.0,0.20574412201896997,True
265,3,0.01192912249701461,0.4994420254771243,0.3353620661861643,0.3394109408767096,0.345503865621633,0.36904109361203724,0.3763378431073179,0.01192912249701461,0.08532364960814964,0.16455059995198618,0.1940894087499997,0.17614072324154648,0.10755375296517933,0.02755676466705746,0.010416666666666666,0.05871357441384883,True
830,0,0.1658650743655944,0.6022233856422229,0.3709095001965992,0.4446636734632614,0.47880810085154346,0.45148382187922137,0.4712373565981725,0.1658650743655944,0.18970441441095542,0.20161481108751544,0.2470008806978441,0.6234034671734887,0.4601047020301223,0.027525516820005397,0.0,0.20780115572449623,True
825,0,0.08043316950598212,0.6026969865815615,0.37016777682173346,0.4025458123830637,0.4244134235530108,0.3888149802068575,0.4129487580102291,0.08043316950598212,0.1391719076755047,0.10879839474802622,0.1443277388441433,0.6324304710753327,0.413992960742128,0.02752287180599247,0.0,0.21081015702511088,True
130,3,0.05171107607449843,0.5088544715300064,0.26409397355145786,0.27849526329826174,0.2778900050295006,0.2762202319505612,0.26882824870859623,0.05171107607449843,0.21092676150013578,0.3038624371423463,0.36023202865240433,0.1651379789570001,0.10701430473247031,0.02750466228964541,0.0,0.0550459929856667,True
1775,4,0.08897026008799347,0.5188975111483736,1.5309762672060316,1.6804898897745135,1.783948538933812,1.7393735326971616,1.8282321991317787,0.08897026008799347,0.18607549093347675,0.22078099814531282,0.41488751605184515,0.40306957702177887,0.30476946444673914,0.02749451426446911,0.0,0.13435652567392628,True
1936,1,0.043783287551262484,0.29130877845977865,2.6722968555908615,2.7946560866390655,2.845189583305075,2.8896733591278667,2.9205282867105993,0.043783287551262484,0.07501591351592873,0.11839381202666999,0.20483573619854356,0.3133309409252464,0.22018302758920782,0.02745076923648738,0.0,0.10444364697508213,True
1462,1,0.1321171611219938,1.0736037530892824,0.4587379695078459,0.6211413815621617,0.6403803903736919,0.6030815031119235,0.5704471604625297,0.261459656166964,0.2740779888116788,0.1321171611219938,0.14518908037209943,0.4549155553640908,0.22128262726772618,0.027427683146218247,0.0,0.15163851845469692,True
1778,4,0.10697707325976669,0.4987416889111542,1.6209496170785507,1.8151265421543428,1.9097636018791888,1.8747279438997386,1.9761598001325609,0.10697707325976669,0.2128619462811392,0.24319405750117495,0.4408859193941237,0.4020547520502178,0.325258065366576,0.027425290186922274,0.0,0.13401825068340592,True
451,2,0.059928993615738224,0.3530300834838601,0.0599556983052034,0.07819841022502214,0.07476176783138548,0.07968770519904476,0.0728511777645343,0.23328750376540752,0.18951431870370172,0.237264983329041,0.059928993615738224,0.49612307391596844,0.3317254625946795,0.027400597055026562,0.0,0.1653743579719895,True
434,2,0.04865864264328834,0.34790476870527604,0.06820761478105865,0.07631085526775772,0.06956042712048532,0.07698540197046673,0.07110108052230966,0.10618725813341512,0.049806018561332044,0.16964526411762448,0.04865864264328834,0.4836504998279666,0.3157770925518246,0.027379024188033105,0.0,0.16121683327598887,True
155,3,0.19064055204463037,0.5065960940059897,0.2761654307537845,0.3412148106152868,0.3334259868973908,0.3323728927769767,0.33473523240322,0.19064055204463037,0.2376204722216948,0.3318969523580997,0.3869819033141497,0.1709462220040836,0.10381236857018195,0.027373295172248197,0.010416666666666666,0.0569820740013612,True
481,2,0.011847664877497,0.3623679171806959,0.04755253866169284,0.05342918890170637,0.05161337220544138,0.052750666660453444,0.04972957896334753,0.10998950874632973,0.12651106615976526,0.2445991206008865,0.011847664877497,0.5066413329113122,0.34890249989005895,0.02735201416217199,0.0,0.16888044430377072,True
851,1,0.04688055087749432,0.533385500424512,0.39132564749021875,0.41420172527104215,0.4283905545167804,0.4066959488201765,0.41274135663300093,0.055229315536660106,0.09406709361482957,0.0472080383264728,0.04688055087749432,0.25221023751727345,0.15758041510147036,0.02725260343884542,0.0,0.08407007917242448,True
303,3,0.032402929870312125,0.5096822262942408,0.18609325404660834,0.19439218915403922,0.1969981597322025,0.1996065601298501,0.19816284102896006,0.042691710729460874,0.032402929870312125,0.0934763618278025,0.17738326719022923,0.1869099992225367,0.09655331142442414,0.02723841205593499,0.0,0.0623033330741789,True
1947,3,0.02000046349233997,0.5633211613229001,3.2118865484995243,3.277436803639161,3.319636054631608,3.398661676251395,3.400268779783833,0.02000046349233997,0.026665073711871656,0.022510308555182434,0.05473892760352239,0.2767685100103342,0.1446321756361595,0.02714185530951185,0.0,0.09225617000344473,True
824,0,0.16537885995442325,0.6026097808390882,0.3703741822430273,0.4539711648323011,0.47948181240467225,0.43850117033967645,0.46154332215546523,0.18414601865771552,0.20193847914053542,0.16537885995442325,0.21278535824411648,0.6282634357391563,0.40518028997048816,0.02713078449209045,0.0,0.20942114524638544,True
782,0,0.006482537666333887,0.5956230817285527,0.27191178301920477,0.31126295431558904,0.32784203432259545,0.2972092802446408,0.2974345446079431,0.1264242042003051,0.016422973140860275,0.006482537666333887,0.07385554392360094,0.842335203243063,0.6247176451975491,0.027103905701898797,0.0,0.280778401081021,True
169,6,0.06892980929408754,0.47824551409779564,0.5030393590216903,0.5402808123846166,0.5681849826168327,0.5488100649451783,0.5638208773819796,0.06892980929408754,0.2066150825145726,0.3105038008975509,0.3818204200693982,0.6132426792639798,0.4308626782749059,0.027078034448078388,0.0,0.2044142264213266,True
831,1,0.01666768036982036,0.5345143851985701,0.2922269439334039,0.3015319797323022,0.3188998241117477,0.31675763230056647,0.32763535864135324,0.03085920043094348,0.05484748233427339,0.043220245283742686,0.01666768036982036,0.25088267127677916,0.17677204623606713,0.027030915758799526,0.0,0.08362755709225972,True
486,2,0.010679005892492044,0.3656688482552778,0.04528948509011279,0.05726886443652194,0.05488363125173255,0.05559350278888015,0.05304245238942088,0.20917787464927573,0.22507480998479867,0.3525830080017024,0.010679005892492044,0.4998964046438692,0.35524333165301414,0.026987876138861073,0.0,0.16663213488128972,True
1436,0,0.06320627026948211,0.5268124130269929,0.4025342370354526,0.4510706994653473,0.4381576165196514,0.4385422362617426,0.4360825957143097,0.10760278264011558,0.11076329444367106,0.06320627026948211,0.21427571353179176,0.8092717999756438,0.5282237824119989,0.026985622112070885,0.0,0.26975726665854793,True
1774,4,0.08889431135493764,0.5254639749664957,1.4898089854347762,1.6351659351949872,1.7409772446896417,1.6804173920233747,1.773699902648141,0.08889431135493764,0.19763492776092406,0.22080792842078112,0.4094691173758921,0.395082248301741,0.31093201294686956,0.02694967601333953,0.0,0.131694082767247,True
1927,1,0.06288339191032288,0.33111529834265946,2.6896660364723224,2.8701508576987416,2.8929320171829622,2.9533288524235988,2.968044222743083,0.06288339191032288,0.08564567340694573,0.11365157104152213,0.17515379532526365,0.29877109802953494,0.1894028491076014,0.02693081167964457,0.0,0.09959036600984499,True
460,2,0.04139562090183457,0.3578043051270054,0.06698199505812624,0.0780958462416927,0.07301806851939528,0.08234631317968454,0.07840398535417485,0.1423104008524484,0.07133846566942192,0.1977843592732459,0.04139562090183457,0.4986526887086335,0.3580089908766837,0.02692073172393778,0.0,0.16621756290287784,True
479,2,0.010399942803792639,0.3616136107553753,0.04297719125637412,0.048349102661535304,0.0466150135778598,0.04867085900428241,0.04587716360132377,0.11110674468494053,0.13855502834443667,0.23532662897548917,0.010399942803792639,0.49826324625042384,0.37231743703805265,0.02689970691814254,0.0,0.1660877487501413,True
1920,0,0.1333931536469699,0.38903437131605323,0.10066903344624101,0.11616459513317924,0.11604007173258385,0.12186977665080038,0.12251817694229472,0.1333931536469699,0.34753579080049357,0.4671185981948003,0.531446413712411,0.4552834005529138,0.2979849418831009,0.026895548430749625,0.0,0.15176113351763793,True
820,0,0.23064665536365947,0.6022924127903072,0.2885444199491654,0.3790189728361753,0.3936655699729623,0.3856519021787772,0.4057834120749986,0.23870718716267547,0.26203567157390784,0.23064665536365947,0.23455456222059712,0.5956301192906837,0.3916097621730614,0.026811189603951995,0.0,0.19854337309689454,True
855,1,0.02892727653595295,0.5321887728154908,0.3730189749625204,0.38833138411663376,0.404253867318578,0.4007611110836393,0.3975208070353533,0.03943129445729876,0.02892727653595295,0.031914506349809746,0.03122159763318555,0.2383489719345288,0.1525175453284775,0.02676386577766815,0.0,0.0794496573115096,True
515,1,0.03275735809421654,0.45532677550818457,0.18513117893056416,0.19233039840792301,0.19012618844021756,0.19849491559872687,0.19876484230532712,0.0374315216780744,0.09073679969803383,0.1554427182164636,0.03275735809421654,0.2545329217992303,0.16344807246008486,0.02661198141003177,0.0,0.08484430726641011,True
1777,4,0.052996011979005386,0.5049316795767536,1.6511105890917765,1.7435096472425544,1.8405218096268392,1.7990791404153026,1.895976551514071,0.052996011979005386,0.16636009853095968,0.2066800325505308,0.41001578645766357,0.38869940801007224,0.2831122751331083,0.026514284449570796,0.0,0.12956646933669075,True
1479,1,0.16234476572118084,1.092633844352312,0.4295155669447208,0.6246255847638016,0.6169772389280163,0.691613404432874,0.669486418901385,0.31236315414915394,0.27573605319559547,0.21305221802661234,0.16234476572118084,0.3146363752009703,0.20551926060761616,0.02648449579817009,0.0,0.10487879173365677,True
1773,4,0.14907686791987695,0.5323077862022526,1.366404691865762,1.6057909819956582,1.714576652791622,1.6471155916550018,1.7350096748110566,0.14907686791987695,0.2522454688299337,0.287927252969843,0.462423577741204,0.3842121494648178,0.26290090513002795,0.0262081958705407,0.0,0.1280707164882726,True
831,0,0.08577025345757794,0.6011794755137877,0.45495525459003217,0.49763777246436525,0.538918487789866,0.5005467700884888,0.5178813750840382,0.08577025345757794,0.10229888797153552,0.11408503417519988,0.19096680735697202,0.6491453873559827,0.47004427004040394,0.026183651849906,0.0,0.21638179578532757,True
1786,4,0.1369182422332833,0.43423261302417604,2.197462816270145,2.5460656496277143,2.685347428694296,2.5075293936211795,2.626497545086649,0.1369182422332833,0.21627568703212485,0.21324224903601763,0.40069550693667333,0.3620928032677311,0.2480110374670197,0.026181629920381328,0.0,0.1206976010892437,True
1879,1,0.047659898174730264,0.5330463244061157,0.96394874622655,1.0121895994708519,1.03991481549968,1.021221243754402,1.0466107712529669,0.047659898174730264,0.06994533176573459,0.07139648615882632,0.14872031480544035,0.28300473948813804,0.1791919584271895,0.026156418885023628,0.0,0.09433491316271268,True
1910,1,0.03703289610875271,0.41931680177859654,2.1896733300665274,2.2738817569346774,2.3280339157970826,2.2514548838508426,2.31729040268313,0.03703289610875271,0.07695857357832392,0.09359164334904269,0.17584252903160535,0.2842358181801428,0.19936971847563,0.02610954304716832,0.0,0.09474527272671428,True
1932,1,0.07869990033622487,0.30557388695396487,2.768968045126348,3.0055006464634837,3.051017140081493,3.0750505974441382,3.093766232999368,0.07869990033622487,0.09553772903046476,0.11828285860068466,0.18219014151712254,0.2923238202766739,0.1712891197480637,0.0260855101708248,0.0,0.09744127342555797,True
1487,1,0.15861940041243794,1.1001942751665992,0.38342412677113474,0.5363220366150648,0.5470961903164833,0.6100432225544865,0.5752317346100329,0.28508601065309147,0.2641174291203269,0.1678602236173311,0.15861940041243794,0.30218068781044904,0.18383157596798583,0.026029942356791836,0.0,0.10072689593681634,True
1755,4,0.043124929827848546,0.6387288446669713,0.7302627919537583,0.7631746449642342,0.8151724858060502,0.7654732500395592,0.8244239199314413,0.043124929827848546,0.24450798927286976,0.2962826596205915,0.4868815665075429,0.38308273419252864,0.2837755287061716,0.02601933831943167,0.0,0.12769424473084287,True
842,1,0.04173979385938176,0.5336835221461647,0.28246821687039714,0.2947719367456931,0.2964319396980715,0.30507379207995006,0.31408981953542686,0.04173979385938176,0.057503781514411934,0.1109867143158264,0.06213917365994093,0.22669127814004175,0.14537491933347813,0.025916627597281326,0.0,0.07556375938001392,True
1869,1,0.0816101460620946,0.5661350200287719,0.5662463300928574,0.6165642266896633,0.654868329290382,0.6316933667339871,0.6627342383992907,0.0816101460620946,0.12625700424953346,0.11592547826500543,0.17883005016858533,0.2911525877545701,0.19625212406167947,0.025878258003074504,0.0,0.09705086258485669,True
851,0,0.10883992955196875,0.6016569718093961,0.48038948172949797,0.5390608238180845,0.565949338059764,0.546505667735067,0.5562269594020783,0.10883992955196875,0.15216530513294335,0.15867429445729053,0.19513811732262976,0.6127001256373183,0.4521968226390669,0.025818790700712548,0.0,0.20423337521243945,True
1909,1,0.10496840401875951,0.4230167870415928,2.119328725863973,2.367881464051011,2.4380306370193083,2.3098689069825302,2.3721134171305436,0.10496840401875951,0.13555340244147973,0.12842429107400333,0.20248433139345112,0.2890645451178999,0.2007326150996107,0.02580111706337176,0.0,0.0963548483726333,True
1898,1,0.040804625793663396,0.4614312460113751,1.7020854887865127,1.7744930121195204,1.7946056241247164,1.7807072287788788,1.8284599559312518,0.040804625793663396,0.06077683812743373,0.06331887682121395,0.17318332424275462,0.2926257325695213,0.18141477385241345,0.02579496099531208,0.0,0.0975419108565071,True
1871,1,0.038262013820098084,0.5582416312589944,0.6740212198053133,0.7008366410508313,0.7374178970827029,0.7263126790837043,0.7535160704540096,0.038262013820098084,0.08848227911430329,0.08706574841684911,0.17075942798829225,0.28560223072744445,0.18382938866210452,0.025783708955451894,0.0,0.09520074357581482,True
1764,4,0.06769544974656538,0.5879093486170911,1.1344231181431068,1.2167945740849693,1.2832217516445579,1.2138112231273501,1.286497439755182,0.06769544974656538,0.17456454710576086,0.20742032467762062,0.4126258407139919,0.37952656057798173,0.27210192868256655,0.025777799674797718,0.0,0.12650885352599392,True
1430,1,0.02617520912418958,1.029463511702225,0.3195179578795379,0.32810620644826577,0.32096901817560813,0.32104777094416126,0.32573945610141125,0.02617520912418958,0.09612643863448544,0.11009601762790011,0.0775521636478601,0.36870886072661746,0.25167032105025555,0.02574063551233159,0.0,0.12290295357553915,True
1762,4,0.11892018555143635,0.5980886803448017,1.0531353819448672,1.1952780720597793,1.2691579371736967,1.1598846866375332,1.2397983202780214,0.11892018555143635,0.20833349750459884,0.21167988787213599,0.4175031582517926,0.3786553785945984,0.27443322717195073,0.025718628178042,0.0,0.1262184595315328,True
1885,1,0.09192410742014567,0.518836271003241,1.0951761792085324,1.2060403630990841,1.2380097666018857,1.204064063573967,1.2306752176448836,0.09192410742014567,0.10065219173888718,0.10360013256211564,0.17406211394749405,0.27787562111865416,0.16512225005229908,0.025672155356141372,0.0,0.09262520703955139,True
1436,1,0.09921506743913033,1.0379932619276893,0.3249805151824135,0.36190169751394574,0.35620698886233754,0.3488570709744412,0.3498813047391656,0.10201992028542362,0.09921506743913033,0.10298882573697954,0.10255378384283476,0.36752252212327086,0.23921272546319727,0.025657813771832124,0.0,0.12250750737442362,True
875,1,0.022006488918467015,0.5281209326557792,0.32909045342105797,0.3537180055554516,0.3469359507426833,0.3817345406171013,0.3772409667849126,0.06962481905810924,0.052580441907956854,0.07175694285702505,0.022006488918467015,0.2317577208864479,0.12977191167183233,0.025617078054965,0.0,0.07725257362881596,True
1771,4,0.0705159487455237,0.5481531658901915,1.3983736134503755,1.5044621922915873,1.6079772640998176,1.518446652508671,1.6062669337144309,0.0705159487455237,0.19561745746382064,0.22290833704518243,0.4166801851680697,0.3905497216825887,0.3085451299612352,0.025616536204964856,0.0,0.13018324056086292,True
1766,4,0.1039442907206568,0.5778587714162098,1.1696431000541798,1.3053240863727886,1.3872046148182553,1.3188276202791063,1.387731913695834,0.1039442907206568,0.21672917806105962,0.24529095900933562,0.43018044484030826,0.390450830571243,0.28600868554922165,0.025610049840762053,0.0,0.130150276857081,True
1767,4,0.08309514227840464,0.5727344889374483,1.2237981882952127,1.3347057527170403,1.417581317693324,1.354267439460531,1.4263339654811837,0.08309514227840464,0.2075819236495151,0.231681015834585,0.41547479377502583,0.39024510256066114,0.2975131483477089,0.025596555940398377,0.0,0.13008170085355372,True
456,2,0.06122675433681868,0.3538893420743128,0.06532092665697797,0.0759450071745526,0.07250820177047547,0.07696321717925156,0.0718085809058287,0.13989175737591486,0.0703164354588478,0.1869104399644278,0.06122675433681868,0.4403452454385809,0.3150097034453978,0.025584786764907358,0.0,0.14678174847952696,True
1758,4,0.10157495537640493,0.6233096620915395,0.833294095714361,0.9275054170640118,0.9798507932691654,0.929738873296532,0.9918470009541952,0.10157495537640493,0.24431995280599905,0.2908501577804612,0.47761754615031937,0.37647243667272134,0.2876623977913928,0.025570360716923684,0.0,0.12549081222424044,True
1470,1,0.04342041016586551,1.0838925593491793,0.5964980832095529,0.7309294434236516,0.7597835132870472,0.7043906564310248,0.6798753912521768,0.18391838148484796,0.20837302601670626,0.04342041016586551,0.17270731649977922,0.423887373989864,0.17826378884711858,0.025556937867669657,0.0,0.14129579132995465,True
871,0,0.2788409406942006,0.6010608519964298,0.23711290634689985,0.3406787120198138,0.3530377754963346,0.3686757590878538,0.36188178479304467,0.30399846547174514,0.2788409406942006,0.3003923676537309,0.2895646381479202,0.5835312603366833,0.3967658799921736,0.02547734376243459,0.0,0.19451042011222777,True
1768,4,0.04694172782610284,0.5675192548530419,1.2959410057202356,1.3597710061990578,1.4556881435040532,1.3785891463589603,1.4577618299397486,0.04694172782610284,0.1625876117964098,0.1992838688410078,0.3967392080242914,0.3882368089935866,0.3163520416160259,0.025464830011496103,0.0,0.12941226966452887,True
823,0,0.20143621691750935,0.6026662904074712,0.3185141967206373,0.41914789360479116,0.4350402502863762,0.4139770658362332,0.4337684157273243,0.240091143053769,0.2543565972145354,0.20143621691750935,0.23196622216921203,0.5904870852272567,0.4141280887628511,0.02538911157773897,0.0,0.19682902840908556,True
1835,4,0.16103565749792836,0.2509914833408579,2.082769106659154,2.4825478284901137,2.5511245170593657,2.509938365074357,2.5827506892176664,0.16103565749792836,0.28758002050643383,0.3057171861185898,0.47063460236466514,0.27917648686464314,0.19868876144972347,0.025388244692928313,0.0,0.09305882895488105,True
1912,1,0.014697480550910136,0.4109256830004871,2.272585342782287,2.3064848591404727,2.346114059325116,2.3241853002714503,2.3815292577673195,0.014697480550910136,0.05562141684876731,0.08739232157878196,0.17934539360944068,0.2904951471182652,0.17875606937703026,0.02532026038187164,0.0,0.0968317157060884,True
1899,1,0.01756757604996262,0.4579503735374153,1.755117580938433,1.7865020923084796,1.8220001266635588,1.756205399134567,1.8153315355205368,0.01756757604996262,0.0561647248569791,0.05617393420005912,0.16254153004953353,0.2803760592036412,0.19761303843970524,0.025287817171762306,0.0,0.09345868640121374,True
893,0,0.11017590534271071,0.6014516976985703,0.15134507786813653,0.17008426584180802,0.18102735752971566,0.18086701665103003,0.17480570709249843,0.11017590534271071,0.3037175562629607,0.293654727606806,0.3299206091268647,0.5580739094328757,0.36777931389219987,0.025235084739647255,0.0,0.18602463647762524,True
821,0,0.14525624586133978,0.6022853693350712,0.32273857249467214,0.37758517793429364,0.3928892077514921,0.38502137743012604,0.40218137986559915,0.14525624586133978,0.17790457489405165,0.1554547475914344,0.20057771996155782,0.5653532279602939,0.3556875942230455,0.025230895365983008,0.0,0.1884510759867646,True
1410,1,0.06058681550476663,0.9951541097702391,0.21141404649349396,0.2250490518792231,0.22570022863538453,0.21894720053250208,0.22198617127373446,0.06058681550476663,0.22355536165233592,0.14731759871476457,0.09221414023655827,0.3401743162831531,0.20938634905245834,0.02522238577844646,0.0,0.11339143876105102,True
892,0,0.08248760892260865,0.6013539818579766,0.14628805635307052,0.15943986999596962,0.17227223524570276,0.17469067791579648,0.16596259552452572,0.08248760892260865,0.2691652544277663,0.2797299122844149,0.3302838936787331,0.5576956536394497,0.3552318120606799,0.02521798070228047,0.0,0.1858985512131499,True
1765,4,0.06577487035035623,0.582921844471621,1.1663507560047806,1.2484686174543274,1.3243623936177409,1.246029732799534,1.320122221088702,0.06577487035035623,0.18292272207479732,0.2102774033670871,0.41482193640763587,0.3712417397673748,0.266531411257116,0.02517746604621208,0.0,0.12374724658912493,True
1782,4,0.08314302424366982,0.4695064380331454,1.884540507934431,2.055435643470829,2.147054732668923,2.115505456637235,2.2153775474996062,0.08314302424366982,0.17188478318543943,0.20943806140288312,0.40629280379214494,0.3690377574009644,0.27787835079171597,0.0251731077298356,0.0,0.12301258580032147,True
750,0,0.036461541867998104,0.610546486752737,0.1886877664630112,0.19582795566750646,0.19736361945807882,0.19836880193801298,0.19658042773343884,0.036461541867998104,0.051544446153894086,0.05965670016942104,0.17332104143318405,0.8418736614020811,0.5060493579000109,0.025125306305586327,0.0,0.2806245538006937,True
1488,1,0.12267338923187909,1.1013656396086529,0.4178029903074554,0.5727639418304484,0.5837790928006189,0.6405849223633505,0.6052722232082968,0.2705494187147436,0.263885395569434,0.12267338923187909,0.19655225059404569,0.3019245907468461,0.17687765209814899,0.025108920572190923,0.0,0.10064153024894869,True
1907,1,0.04616930468963465,0.42856525856691213,2.12506416302349,2.2279259552786974,2.2771098225950674,2.1824186346854435,2.251037250188421,0.04616930468963465,0.0696377852733866,0.061953775253913546,0.14592331587062635,0.27880622578535075,0.2100491027344944,0.025103018785869468,0.0,0.09293540859511691,True
153,3,0.1857300186744767,0.5072970695362433,0.26745261010491944,0.3284569199880636,0.32223980143180214,0.3204962172057366,0.3192221068820235,0.1857300186744767,0.2547224661201055,0.3257469578936938,0.4234303726772167,0.1566341017823996,0.08908483244904253,0.025081522433570765,0.0,0.05221136726079986,True
1787,4,0.13132547626624147,0.42542960386292683,2.283401767437498,2.628604506119189,2.770479197982832,2.5905719523791575,2.7194093281945952,0.13132547626624147,0.20273873399068199,0.20980718195144754,0.40209443435012215,0.3474117749351506,0.2291249297939757,0.02505797563635421,0.0,0.11580392497838353,True
771,1,0.0049896741396708855,0.5512672826105104,0.11294913801508223,0.1263093508865767,0.12565286524369212,0.13123642161220314,0.13461260668649036,0.10577374341422796,0.012791671486198863,0.0049896741396708855,0.012932596339289226,0.2348378379733036,0.15369113319168015,0.025021434022796385,0.0,0.07827927932443453,True
1887,1,0.03894896629800859,0.5118587666681992,1.2319520593842215,1.281879958693466,1.3295208046591924,1.27540183519973,1.3132946655526891,0.03894896629800859,0.06548707292473888,0.06611525446189515,0.15826827095584162,0.28080004480987997,0.1799236805977955,0.025009888802811436,0.0,0.09360001493662666,True
22,3,0.08298132684592918,0.520797044781747,0.29080540645683506,0.3171204850786894,0.31608899008025976,0.33060744077249266,0.32045225949180844,0.08298132684592918,0.09916285514559242,0.2502481087845494,0.24942913343956785,0.17289292425005295,0.11052488739618482,0.024998975172257333,0.0,0.057630974750017654,True
1761,4,0.06480557948474086,0.6042995594818122,1.0638533266105437,1.1375745013795078,1.2098864263419695,1.1097316784882414,1.1842856006761424,0.06480557948474086,0.1778702490521764,0.1873703624518377,0.4100336460480807,0.3671562371957971,0.28013200603861255,0.024937595717602207,0.0,0.12238541239859903,True
1872,1,0.028661702930449118,0.5545884482417358,0.7558346476412766,0.778137390362934,0.8230089214623971,0.8035030571769225,0.8335301113956183,0.028661702930449118,0.08024325343066951,0.07417058430298273,0.15799389394360952,0.2829058350983722,0.19834161635810688,0.024865315929740027,0.0,0.09430194503279073,True
1904,1,0.033853045556331285,0.43705124974517034,2.082469101960383,2.1554372162354123,2.2004583575327383,2.1052210205436936,2.1652116963622006,0.033853045556331285,0.05604600821411565,0.05110965528788092,0.13739041190831802,0.2804145250281633,0.20126112288318154,0.024835403361961658,0.0,0.0934715083427211,True
1945,3,0.022994598733401372,0.5662492184608654,3.2308796588028676,3.3529407725608564,3.3796875122736325,3.4960174144565577,3.483256298359173,0.03640419620796431,0.035394624354537885,0.022994598733401372,0.05213629711188339,0.261278965706272,0.13035693477845456,0.024830104983255757,0.0,0.08709298856875734,True
1789,4,0.16397831563752197,0.4071312221834555,2.3245920858924034,2.7805404206292317,2.929314560897838,2.7561328370253886,2.8806090917874307,0.16397831563752197,0.2239301026322451,0.22500496739777598,0.40312676573559547,0.34562448773123494,0.24488032500014967,0.024695357385563305,0.0,0.11520816257707832,True
1883,1,0.028935720617072058,0.5227995489386501,1.1029802135186835,1.1358467579711435,1.1671509433190501,1.1313432217721353,1.1642885291819214,0.028935720617072058,0.07754459737217112,0.07281419727961724,0.15922753062257144,0.27554795029371776,0.17017034696642952,0.024683895240993535,0.0,0.09184931676457259,True
827,1,0.03477539862619605,0.5354787604053729,0.26678181942913287,0.3025133671864442,0.3063579475083971,0.3075241886172558,0.3208797048679053,0.118115599616758,0.1103601239725791,0.06717392029087543,0.03477539862619605,0.2181859883050189,0.13548382815240778,0.024660625324658868,0.0,0.07272866276833963,True
833,1,0.04811488176253542,0.5333775173695539,0.28356194343634006,0.31221794349669457,0.3273022140580058,0.32155653355506525,0.3317982048355797,0.09178204090200826,0.10525184068712123,0.06620912465888851,0.04811488176253542,0.21802931931720892,0.13495753330720905,0.024625681798126058,0.0,0.07267643977240297,True
843,0,0.24483555553228686,0.6018594630411273,0.35011045915836897,0.4636214823450124,0.4868307103305085,0.4678249781951285,0.4794243298493428,0.24483555553228686,0.25598932866291435,0.25859782648688956,0.3029896147891129,0.564601694613085,0.3672195728759249,0.024590481615879164,0.0,0.18820056487102832,True
1465,1,0.08189668545761564,1.0776407258203464,0.4660056148469269,0.6190016026114495,0.6432797448494373,0.6083029003287979,0.5797727139698045,0.247165737728403,0.26254335539093876,0.08189668545761564,0.1999485416450416,0.4071716805511345,0.20969469082841385,0.02454911842117952,0.0,0.13572389351704484,True
772,1,0.09582628578247221,0.5511127777832212,0.11234953187410214,0.13454857887964886,0.13381696748189628,0.1432386031060874,0.14354582357405923,0.16498908565510262,0.12493197755036534,0.12579924356199912,0.09582628578247221,0.2292957260640509,0.14256833247452594,0.02443996109344593,0.0,0.07643190868801697,True
443,3,0.029834753417691262,0.5333364236280665,0.2880799433000217,0.3177451644231875,0.3159974740581822,0.3005187730370634,0.29654068478653883,0.09336167609983304,0.09718104010778039,0.20842317944560929,0.029834753417691262,0.1865168128509277,0.11788436401429792,0.024424682515190112,0.0,0.06217227095030923,True
1889,1,0.06724328291096082,0.5023344056469973,1.3773722245421205,1.4875133972673564,1.5238325922058156,1.453856096667467,1.4994584089912346,0.07404381898514079,0.0831820284422492,0.06724328291096082,0.16119033724032694,0.2773888700866182,0.19057859437211278,0.024411191609132136,0.0,0.0924629566955394,True
1480,1,0.1726280780325411,1.0939012178461867,0.4724684489004199,0.6679452095665838,0.6676649793016213,0.7169864757252974,0.6912172263553614,0.2926538851787033,0.2743544051691986,0.1821400530825571,0.1726280780325411,0.29079011585416126,0.19344519543618333,0.024395148790388184,0.0,0.09693003861805376,True
869,1,0.0065483762279193725,0.5294536592236155,0.35308983998352667,0.39986407193260537,0.39878790408189957,0.40632271607245435,0.40860303694828026,0.11697533044919883,0.1143136803942616,0.04056122002140683,0.0065483762279193725,0.22058065890082934,0.1335181066098734,0.024381634125780607,0.0,0.07352688630027644,True
1875,1,0.02791271779154414,0.5450682003493403,0.8556901620219537,0.8802606285290936,0.9179622851719461,0.8885819625548487,0.9250030573407028,0.02791271779154414,0.077365443801519,0.07636710436505034,0.16571013505861032,0.2783353127845725,0.1896597891953462,0.024352395542796227,0.0,0.0927784375948575,True
1772,4,0.10522154131495876,0.5389850777791232,1.4802435844138528,1.65431294198701,1.7663031676958285,1.6639413476999343,1.7535618007834366,0.10522154131495876,0.21426165479781634,0.23330669230230927,0.41283095408948856,0.35615523942755256,0.2448709543012484,0.024294354793929662,0.0,0.11871841314251752,True
1876,1,0.07449120054424963,0.5420178183729338,0.8650150577187578,0.9346373132567013,0.9645821360304124,0.945406926719726,0.9804851473536882,0.07449120054424963,0.0899206331965896,0.1047692114143789,0.20226096157745987,0.27748206839912726,0.18187612451009727,0.024280169592961746,0.0,0.09249402279970909,True
1951,3,0.06476084238572544,0.5495201373240014,3.446646418784525,4.03608216400399,4.154711042221673,3.9166150559348694,3.925882175545791,0.14604156240335708,0.12960194349432796,0.06476084238572544,0.08753887096240143,0.26290886904551297,0.1662793077925464,0.02423991623215541,0.0,0.08763628968183766,True
1757,4,0.09010578462078878,0.6282957131478394,0.7923530179940664,0.8708188321252731,0.9268934950834287,0.8698523563708017,0.9341198869649925,0.09010578462078878,0.2854247625018218,0.3320527694633204,0.5085603119469313,0.3558766119647354,0.27989994076676794,0.02417147300099893,0.0,0.11862553732157848,True
842,0,0.26341034062431756,0.6019384754834328,0.27409691617134563,0.3923070045283546,0.40627497692939074,0.4057653408736896,0.4162338763913242,0.3013203613305996,0.26341034062431756,0.33472993216958613,0.3274871069161076,0.5279109228935032,0.3578692510064201,0.024088132119863385,0.0,0.17597030763116772,True
1785,4,0.08918769944410465,0.44284939946248303,2.228177725564722,2.446363234449952,2.5613297620258417,2.4386575366685537,2.5507742154278787,0.08918769944410465,0.16875157091583604,0.18274413500437892,0.39068143130468413,0.3284049708881241,0.2394432103656996,0.024083428481018417,0.0,0.1094683236293747,True
1783,4,0.0840313850093437,0.4594929051105458,2.0256337350951132,2.2114663122117744,2.317416678669719,2.2235741756065055,2.333737972244118,0.0840313850093437,0.17699321120156186,0.20049425739807614,0.404464802595934,0.3234321240296926,0.23024927534923023,0.02407563887205708,0.0,0.10781070800989755,True
1878,1,0.030070267146332208,0.5354182674697702,0.9430869273270662,0.9723249998248571,1.0039945081078205,0.9727320195239729,1.001710024577717,0.030070267146332208,0.07377631655892536,0.0826876687728968,0.15702360212308242,0.2704593227155289,0.17951588475754932,0.0239872759630978,0.0,0.09015310757184297,True
1763,4,0.015438691796324844,0.5930252305550969,1.1536087449021195,1.1716982327965642,1.2401944150619733,1.1572459551094414,1.230990746288467,0.015438691796324844,0.14592894464693618,0.1711881053185177,0.3915309684939762,0.3529804629563991,0.24111288910313888,0.02397476384617308,0.0,0.11766015431879971,True
1908,1,0.0943649986251216,0.4258853591600053,2.100674587717975,2.319559849750575,2.3687356538833466,2.277739092590915,2.3433183954871457,0.0943649986251216,0.11167288222721827,0.1128550919550183,0.19146430500382472,0.2713029919416344,0.18837324321728488,0.023974620267353596,0.0,0.09043433064721146,True
1893,1,0.03057701788385392,0.48500534025396913,1.5984028528623995,1.6488188152639605,1.6785046528173784,1.6244158751186906,1.6814900035785818,0.03057701788385392,0.04930647303605018,0.04675938393456369,0.13918750293773907,0.26255486918948295,0.17437523746331607,0.02395395306049572,0.0,0.08751828972982766,True
1920,1,0.03521006079199607,0.36511254476261074,2.573620326760377,2.667544739192722,2.686781546596395,2.7443262231618526,2.7846374634588194,0.03521006079199607,0.053350180050584006,0.0967170058994089,0.16655985465827572,0.28932111211050093,0.1758760027111279,0.023932764009727936,0.0,0.09644037070350031,True
1888,1,0.035501226778546946,0.5067054440397548,1.3659593850252374,1.4162375556610556,1.4621303643955141,1.386746576267898,1.4286804934320154,0.035501226778546946,0.05746603601358069,0.041266277832182174,0.13101240773257683,0.2647307985169582,0.17793036140683682,0.023925134773085176,0.0,0.08824359950565273,True
870,0,0.22672731330231033,0.6010227792545616,0.26400954256159637,0.3414184247074159,0.35496408872912494,0.3687036488782918,0.36324834342719564,0.22672731330231033,0.24756664535040895,0.2721021664840021,0.27766374080283474,0.5338971094368761,0.33591883967584124,0.02388243750987552,0.0,0.17796570314562535,True
1756,4,0.05659105279414256,0.6335448655086198,0.7812598431631246,0.8281242672936502,0.8847513611798995,0.827336688211176,0.889005933711477,0.05659105279414256,0.25538449745624126,0.29901930834546675,0.487768384200969,0.3510829302867352,0.25327625510179086,0.023845881648941643,0.0,0.11702764342891174,True
1790,4,0.11753592639938448,0.3976106735525935,2.56260757219718,2.903922832508377,3.0476868528234733,2.888339520141189,3.011634735490597,0.11753592639938448,0.16778381856606672,0.17592842812091913,0.36090199286851077,0.3360534330508516,0.22062131445597544,0.02383577226646708,0.0,0.11201781101695053,True
754,0,0.019040939449793792,0.6169399076684468,0.20389095971685398,0.2078485921751866,0.21304133437794825,0.20714510785562193,0.2075252693128058,0.019040939449793792,0.01941241257784998,0.020042048401515133,0.13123378259176532,0.798571698942923,0.4783983852458249,0.023832980484859972,0.0,0.26619056631430765,True
1886,1,0.016597933315726565,0.515365444592678,1.2322538464515655,1.2530519186382667,1.2927784721156368,1.2395857086930198,1.277241523384266,0.016597933315726565,0.057454284956584,0.04933733715038935,0.1403958834215635,0.2579393860627988,0.14371508739194638,0.0238137289660265,0.0,0.08597979535426627,True
1469,1,0.0820145471782282,1.0827127424110214,0.5301695149894722,0.6742095798849181,0.6976276586878983,0.6644846198307158,0.6346674561374389,0.21364286298042867,0.21654879974809516,0.0820145471782282,0.1702162566552352,0.39475953137025854,0.19357048705119695,0.023800767456077458,0.0,0.13158651045675285,True
1929,1,0.040518621926746046,0.32038786973519673,2.81052682474091,2.929214562126013,2.9565805312127473,2.9881918788781,3.010379000009209,0.040518621926746046,0.0651215677392265,0.09697974725995073,0.16907069482622772,0.27281972338315796,0.17496334933215252,0.023784761370370177,0.0,0.09093990779438599,True
1475,1,0.16232328031489351,1.0876780210841368,0.5442180910348638,0.8519210133231795,0.8661002688346487,0.8649962399976322,0.829146382333746,0.36118714936731744,0.35850000243515723,0.22991272061812262,0.16232328031489351,0.2983519626601657,0.15881337635752146,0.023733301993788248,0.0,0.09945065422005524,True
1760,4,0.09062855022603011,0.6106107471384634,0.9686470608791207,1.0651830570663772,1.127061146344732,1.0555003079356753,1.1189841832058527,0.09062855022603011,0.22132202753005936,0.2409016527410237,0.4393614540581068,0.3476802474757353,0.2666438250657066,0.02361476824353135,0.0,0.1158934158252451,True
1413,0,0.040954367345053866,0.5267468160597701,0.23683483790274049,0.25253840518623144,0.24492645618566322,0.23834827555631974,0.24278344348500605,0.06218288767568059,0.07646261098182139,0.040954367345053866,0.07394919701116953,0.6468262767851449,0.3997720162192877,0.02361369384860229,0.0,0.21560875892838163,True
1482,1,0.08915479393980197,1.0961237800491948,0.5039599819634275,0.5952147723125256,0.5990900262982114,0.6642541638906744,0.635122999062807,0.15331405501673867,0.14604718279104623,0.08915479393980197,0.1855032591417196,0.2848303395957057,0.16501705431006997,0.02352218145099279,0.0,0.0949434465319019,True
1877,1,0.086734307849337,0.5382414137157765,0.9095118778796092,0.995889679965735,1.024776569293125,0.9945826133686659,1.02953899531099,0.086734307849337,0.12194440020265174,0.10856074018228701,0.1898276469294421,0.27104187375788974,0.17878764860569163,0.023488789137622635,0.0,0.09034729125262991,True
1759,4,0.14199510219773526,0.6170657079268023,0.8577575147999771,0.999711676468373,1.058553000674089,1.0011352436315215,1.0641795609321512,0.14199510219773526,0.2818768190415226,0.3113995087774779,0.4951097014869914,0.3455253743377338,0.25742995570268157,0.02346840724051904,0.0,0.11517512477924459,True
1457,1,0.09166368787320323,1.0671579904446518,0.35860907311258167,0.46950147013650906,0.48254472146562605,0.47537098853610243,0.4579724444262301,0.23619179933916945,0.2512311478775857,0.16285482571774879,0.09166368787320323,0.3871318261512341,0.22973977710449134,0.023340879286914463,0.0,0.12904394205041136,True
1769,4,0.02124068114765576,0.5605193576167435,1.4441333270066383,1.4754733867565868,1.5833812442946886,1.4848571156637667,1.570487925412951,0.02124068114765576,0.1553321385649854,0.16925483265587804,0.3679967600544318,0.3557385841110589,0.2773097551088455,0.02333323982442909,0.0,0.11857952803701964,True
1411,1,0.08696648344523927,0.996711919438063,0.20721426507376017,0.22695143312554633,0.22702422011928003,0.21634311464333422,0.22152816074763823,0.08696648344523927,0.2692913520547401,0.2006024694443047,0.08855385458179832,0.3141783624631991,0.19436290696000924,0.02329490347146422,0.0,0.10472612082106636,True
869,0,0.33246424725925605,0.600970102617538,0.21335046389287246,0.3479917918544204,0.35804201775380257,0.37928811561908865,0.3748511586985685,0.3869094935948204,0.33246424725925605,0.36987799909895314,0.3499267215791776,0.5394141559655601,0.3412762384960075,0.023284164046781176,0.0,0.17980471865518668,True
1901,1,0.07022241769858095,0.4497994468155759,1.773681974412429,1.907641147920718,1.9435599649233044,1.8716077873376005,1.9289069644192356,0.07022241769858095,0.09244666252408262,0.08378609013961669,0.17622935068976142,0.25824001103499733,0.16440166947102597,0.023274849551617693,0.0,0.08608000367833245,True
1784,4,0.06645284305252652,0.45126767408650725,2.168159253137072,2.3224956950504265,2.4257344119903106,2.3503399220110137,2.456883566228935,0.06645284305252652,0.14676069351006837,0.17068377949066982,0.3825545234138984,0.3124854728302388,0.2113653461043441,0.023260792103428043,0.0,0.10416182427674626,True
1435,2,0.06511957689467462,0.25451488298862557,0.11443780811990358,0.12241858211049761,0.12246970402809605,0.12224455575190092,0.12239967476077666,0.06519250470807136,0.1260586940381606,0.06511957689467462,0.17215736517349478,0.6688878108834853,0.4754080157569547,0.023255957522457137,0.0,0.2229626036278284,True
1913,1,0.02038150757354973,0.4043571175450042,2.4053198935853803,2.455363911748503,2.5040995158392305,2.4380695532173076,2.5051799796098426,0.02038150757354973,0.06244130719399199,0.0805623175749115,0.18018373433571244,0.2571695868271145,0.18486999943513638,0.023193982728860973,0.0,0.08572319560903817,True
1041,0,0.08649233191949413,0.5786382866217057,0.3079819053268211,0.3520065033025041,0.357302771779284,0.3644747153623426,0.37782736547564283,0.12506756995296053,0.15175702087039966,0.1286978979088521,0.08649233191949413,0.5396610923029403,0.3634104924427106,0.02317435077538272,0.0,0.17988703076764678,True
1770,4,0.09447399369425291,0.553379984661326,1.400498683271018,1.5466134307777633,1.6619262724907902,1.5429575534286382,1.631912829196092,0.09447399369425291,0.21243153283701188,0.22702621476584572,0.4173360630918176,0.3532530584099979,0.24465912809656487,0.023170211775566857,0.0,0.11775101946999929,True
1780,4,0.07578692755571703,0.4833439857363349,1.8039918956672025,1.9519220723595183,2.0472648105604003,1.9847074052524907,2.084644392438183,0.07578692755571703,0.176159859054295,0.20356427887809925,0.39983092732762937,0.33753796754654786,0.2487747494274739,0.023024418096945644,0.0,0.11251265584884929,True
1933,3,0.00430888459986789,0.5969725103558517,3.8154016846681382,3.831912955389651,3.8256886365558533,3.9618342991481605,3.9595797278193703,0.00430888459986789,0.015164199379385956,0.02168371505918809,0.019338570188836113,0.25093462803872246,0.1335943663566992,0.02300725469713706,0.0,0.08364487601290749,True
1478,1,0.16028026465110679,1.0915176714133,0.5012202091698691,0.7223704788740117,0.726849375929214,0.7773320900984123,0.7544363024052824,0.3061452207305849,0.2720658796769483,0.16028026465110679,0.19572156728524448,0.2900792955557726,0.19296098059670896,0.022973003315389318,0.0,0.09669309851859087,True
1902,1,0.08386327555513995,0.4460138119447707,1.7741149650543324,1.9365176809491735,1.9755317519199123,1.9041756256478368,1.9598877562345212,0.08386327555513995,0.12294022659216197,0.11253467156540908,0.1876944981781239,0.2511336849190477,0.17739248921996165,0.022948978906578616,0.0,0.08371122830634924,True
1788,4,0.12037663586477187,0.4164075739851291,2.3850087393128208,2.711397669225807,2.8501213021411096,2.6949394420578563,2.813334312979832,0.12037663586477187,0.19102042804048047,0.1946993954955193,0.38733820869931623,0.3225216267848885,0.19751505547866977,0.022843983293944443,0.0,0.10750720892829617,True
1924,1,0.06538647893143212,0.34704575280393113,2.5043413381902138,2.679547515348307,2.7256912409444674,2.7140692127534494,2.759662800796384,0.06538647893143212,0.10791946655913609,0.13423894226042565,0.19568251337504494,0.25811909118369175,0.17062182057099307,0.022787554244606514,0.0,0.08603969706123059,True
1468,1,0.09623708509344697,1.0814483368791088,0.5168307536394705,0.6820622174141917,0.6972839849712695,0.6759481076399884,0.641603772627268,0.2422527733630231,0.2520213397928598,0.09623708509344697,0.1717320587069543,0.3770897311188266,0.15577568696154742,0.022735423180994665,0.0,0.12569657703960888,True
1436,2,0.10627263836706613,0.2544206913398405,0.11412923952368408,0.128888181810429,0.12862501144872426,0.1290765933546373,0.12931695691310563,0.114509663178061,0.15715460934819558,0.10627263836706613,0.18148575187942484,0.6538214194143579,0.48100087982487594,0.022732127734678614,0.0,0.2179404731381193,True
1882,1,0.05238739429976724,0.5248116789361936,1.080616417737194,1.1403567356923021,1.1746977684882773,1.1361283658622698,1.1708211958006316,0.05238739429976724,0.08052295315930469,0.07518722028448699,0.16422493137688676,0.2500791243749134,0.16276341154258134,0.02272046193079906,0.0,0.08335970812497114,True
1471,1,0.08117501259297955,1.0851349606121365,0.5926425807134991,0.7589114996389229,0.7791294707767055,0.7447933573611881,0.722968119829987,0.21908868030663886,0.21628443942122366,0.08117501259297955,0.17896993248045023,0.3762218904539,0.17830261352651178,0.022683099494766875,0.0,0.12540729681796667,True
1779,4,0.07025291158869218,0.4907575247396634,1.7751950137560446,1.9093310814120257,2.008418201168444,1.9481139872461537,2.0550420173687214,0.07025291158869218,0.16265570642096516,0.1853654384419844,0.3889425763623673,0.33231104817718166,0.23861215731258767,0.02266787516403036,0.0,0.11077034939239389,True
1467,1,0.15881086692162538,1.0802123382967823,0.4410282648796089,0.6212359716244427,0.6354366103883685,0.622660668449185,0.5897508284687705,0.29007931764417405,0.2933447698184506,0.16543461589234632,0.15881086692162538,0.37580550345715513,0.21793481890976807,0.022657994768234095,0.0,0.12526850115238505,True
442,3,0.01261990717186412,0.5317955636623037,0.28514775915839596,0.3049776426337549,0.3003400351272614,0.28944827260958883,0.2889370722952954,0.0650207776022863,0.014991237282400816,0.14767032616519937,0.01261990717186412,0.17199043756782428,0.11059042431498511,0.02265112140855387,0.0,0.05733014585594143,True
1437,2,0.12450840558219256,0.2543888655480258,0.11887484955364445,0.14113610747344632,0.13968001776708328,0.1403773563994423,0.14106609770915365,0.1577290058392049,0.1777992056141552,0.12450840558219256,0.16005506432246408,0.6601638395358034,0.4665263546904157,0.0226362593739935,0.0,0.22005461317860112,True
1435,0,0.03515979339638253,0.5268744663548637,0.40873842638470254,0.42363328516700527,0.4123676503250036,0.4188849526461273,0.4153885795642099,0.03515979339638253,0.08131552147718624,0.055727300071402586,0.1895675110988415,0.6786756152173771,0.3984879594289623,0.02263081907646425,0.0,0.22622520507245902,True
1477,1,0.11433940788566976,1.090263399522517,0.5816371692381108,0.7727445356321253,0.7759490796243828,0.8160622916820289,0.7932687589492184,0.24730989037364548,0.22957319696540868,0.11433940788566976,0.21682556958581967,0.28177385873592325,0.18111302817075625,0.022590496708414502,0.0,0.09392461957864108,True
1922,1,0.07530361679004627,0.3554962724358943,2.532731655375073,2.7389873058474072,2.770047315743104,2.772459622889249,2.825747642525998,0.07530361679004627,0.10985857761579898,0.13197759622415417,0.20908400669902272,0.26101657655111765,0.18140352973311735,0.022517132064979687,0.0,0.08700552551703922,True
1915,1,0.10767778374416281,0.39369052811033056,2.2755579116375455,2.550152702894401,2.5902917411507453,2.5338952997618343,2.5998380169297737,0.10767778374416281,0.12251204338342436,0.13149082600852147,0.22448602416661134,0.24629407414089294,0.17160193866574502,0.022503908452821228,0.0,0.08209802471363098,True
1896,1,0.06531859946569851,0.46811535657471026,1.6984461181057935,1.817139099092903,1.8595580805897918,1.7940893271413312,1.8411272973044477,0.06531859946569851,0.08327985554252626,0.07427053815000673,0.16709943388623305,0.2565107121953523,0.17289231242909864,0.022483428096144238,0.0,0.0855035707317841,True
1894,1,0.01524237817828078,0.47966875017339333,1.6934442819587048,1.7196559279490262,1.7553571027324113,1.7106578096456875,1.76251993077481,0.01524237817828078,0.03884023850525875,0.04036157869485679,0.13728952397222371,0.25901301718008574,0.185734702967995,0.02243074763363879,0.0,0.08633767239336192,True
437,3,0.050947271966878316,0.5289733450623861,0.24588137737918273,0.27170837536774606,0.26188360275067063,0.2624108540833736,0.25628394527994,0.0950541106935241,0.09895883372385528,0.2489468119144922,0.050947271966878316,0.18013478569740182,0.11304047951754725,0.022402036683685577,0.0,0.060044928565800605,True
710,1,0.003335997087218323,0.5381897075007438,0.12239096881089213,0.13604097539985877,0.1382450910254733,0.1339900594291973,0.1384996658270613,0.10033746486193451,0.06832912388452239,0.003335997087218323,0.04568369563845187,0.24191761256685956,0.14090125508226237,0.02238734319937872,0.0,0.08063920418895319,True
1938,3,0.018654795629488352,0.5770073023608663,3.5855420603173,3.65370110777406,3.6682352491540313,3.8056712579629277,3.7865346845214316,0.018654795629488352,0.02231550603102861,0.02353903177837513,0.0269339415985268,0.24038832643974567,0.13539389904456023,0.022348473049218727,0.0,0.0801294421465819,True
992,0,0.04483864313754571,0.5828579286122985,0.43217725451875477,0.4637155327327102,0.4713916983614989,0.46544246187736205,0.4650246063849924,0.06801212378653354,0.0769385149643953,0.07079163463727989,0.04483864313754571,0.5906562666128872,0.3451652708101278,0.022314175679013917,0.0,0.19688542220429572,True
1781,4,0.09515191867261974,0.4756387285940837,1.8378293805549888,2.031091647847623,2.1298927514321084,2.066235562192273,2.1707629151464807,0.09515191867261974,0.1823896148357358,0.20565903891486015,0.3998106943641705,0.3264845380687544,0.25591427973362446,0.02227043245334031,0.0,0.10882817935625146,True
1914,1,0.048368712311599116,0.39962431079188665,2.367806328203573,2.4881551908147013,2.5284469460638053,2.490747724976183,2.5510185753986434,0.048368712311599116,0.08634052554640625,0.10152168234594172,0.1864327405024403,0.25544974780060076,0.16637496114250894,0.022234990878322307,0.0,0.08514991593353359,True
1444,2,0.24469117336357848,0.25038162294556005,0.13288418963986282,0.17881795418388982,0.18148885848350682,0.18587596051776292,0.1898427007470049,0.2568744551052765,0.2661046455744478,0.24469117336357848,0.29271597587635345,0.6855364193645961,0.5299846624362772,0.022219442311951436,0.0,0.2285121397881987,True
751,0,0.04282253365450861,0.6119612407270434,0.1917534338454795,0.20701443686206825,0.20912289083532168,0.2128541131343394,0.21251576205472467,0.07371951081246098,0.07006513113810553,0.04282253365450861,0.1451075690619943,0.7439858975984759,0.5195546863787825,0.022203894029736753,0.0,0.24799529919949195,True
1925,1,0.05612050249134137,0.34119913792156314,2.6892183507388374,2.8491119447312374,2.879349724673657,2.8967552172668682,2.934810671605669,0.05612050249134137,0.08881757014835867,0.12196812787329081,0.1818460214835611,0.2576851573229694,0.163641170557419,0.02202614889026658,0.0,0.08589505244098981,True
1926,1,0.09764738277581908,0.33561292426964734,2.561344028860702,2.838517869810046,2.870605984578811,2.8919044431048717,2.9141442776752355,0.09764738277581908,0.1289046899812223,0.1590949717242054,0.213644123608005,0.2587025820840485,0.16963855822403673,0.021994210158808262,0.0,0.08623419402801617,True
1466,3,0.0018951556845611117,1.1919206546886227,0.42707304671369317,0.5791152569323212,0.614662187808484,0.6250906984352008,0.6174893564205418,0.262542228681771,0.29666432940918874,0.30749550682884097,0.0018951556845611117,0.20387087996469228,0.1489749973278478,0.0219806888702989,0.0,0.06795695998823076,True
1440,2,0.12424265940743462,0.25433229693797316,0.13935333960493673,0.1591232332813172,0.1624890474916153,0.1608526456131845,0.163782417288325,0.12424265940743462,0.19219372362946163,0.1557442552864834,0.22615028106359714,0.6744406912319125,0.4735989513217618,0.0218598102279525,0.0,0.22481356374397085,True
1442,2,0.2008360211277893,0.2529233999798191,0.13585733188373436,0.1699993186322759,0.17588806358507406,0.1739822949889497,0.17756011002370586,0.2008360211277893,0.2638569183692895,0.23830769449780898,0.29043255456250117,0.6740689054422735,0.4960521753465059,0.021847759995941567,0.0,0.2246896351474245,True
1442,1,0.09477324656976893,1.046225884061291,0.3528352108864777,0.41298797030355233,0.4162564344960231,0.41709103907164097,0.41962820739600454,0.14565257039535917,0.20383906174371802,0.15868930220728883,0.09477324656976893,0.3604109655551714,0.20674360507467782,0.021729830183006577,0.0,0.12013698851839046,True
1897,1,0.053663448362052724,0.4633471644014388,1.759276987278443,1.859039455079099,1.8926513703055863,1.8358145284520482,1.8812120291314214,0.053663448362052724,0.07776761778682773,0.07032312090882176,0.16021194699706442,0.23928990774104025,0.16684256612794712,0.021680336189471225,0.0,0.07976330258034675,True
1461,1,0.1032255141452394,1.0722899621742812,0.4157355008881081,0.5434401854456211,0.5634178401718316,0.5384878407128975,0.5063285956696976,0.2349930829145348,0.23746401118435578,0.1032255141452394,0.14306209348921217,0.35955867384396745,0.18006804278596178,0.02167844397137365,0.0,0.11985289128132248,True
1438,0,0.045643617423532734,0.526704001967923,0.4779402432671303,0.5224094832107707,0.5104995223669052,0.5024671993244684,0.505966417446804,0.08512333977999198,0.1264342365990726,0.045643617423532734,0.17985227334649145,0.7508792934318672,0.4330315315766029,0.02159933482932517,0.0,0.2502930978106224,True
1438,2,0.12829097307793658,0.2546182009902814,0.127183135060505,0.1459009040087364,0.14570165061258225,0.14374621412734323,0.14599111630727002,0.12829097307793658,0.1767957773278852,0.14284389180120804,0.20285092737757626,0.6654246503269647,0.44357461113895624,0.021567584468516754,0.0,0.2218082167756549,True
1443,2,0.20217144985994262,0.25179262082483916,0.13317596038979804,0.16692303172958556,0.17026063136316286,0.17220629121702555,0.17546653727192316,0.20217144985994262,0.23729085347809908,0.21921824723713568,0.2668127205470411,0.6621265743840195,0.4778607971421138,0.0214606880205897,0.0,0.22070885812800647,True
1438,1,0.07046994144768393,1.0406442456537999,0.38427576140130476,0.4244073718797729,0.4150023580929574,0.40352968774986087,0.411379100493195,0.09455917389162771,0.10390309753053983,0.09921507378963623,0.07046994144768393,0.3558256034532278,0.20748192333958215,0.021453370393140457,0.0,0.11860853448440926,True
783,0,0.016230228369849886,0.5944634447188688,0.26168130859050936,0.3027480363129861,0.3195060980187098,0.302065054663542,0.2989222109611419,0.1356465535585547,0.017235544644658818,0.016230228369849886,0.10818246188741198,0.6636215880222945,0.44634451233410033,0.021353419486981096,0.0,0.22120719600743152,True
1476,1,0.16698611773108896,1.0889756355958604,0.5654100454927807,0.7845013685959521,0.7827879715627688,0.8284635217667567,0.8006976472446415,0.2792746219108404,0.2595220791844254,0.16698611773108896,0.19715635321871117,0.27487575388687774,0.16811414273138325,0.0213396405963535,0.0,0.09162525129562592,True
1444,1,0.05274882687321014,1.0490103391191838,0.34439483534659265,0.4306586558618671,0.42937279206731477,0.43359190881399146,0.4372790226869662,0.20030671470572592,0.24262372768070217,0.20379856633087612,0.05274882687321014,0.35136357065672463,0.19012254109586024,0.021184346350573757,0.0,0.11712119021890821,True
1439,2,0.1134926998501905,0.25461135268917356,0.13087308254173172,0.14762775503328138,0.1498567086002831,0.1463213626911524,0.14931182282494881,0.1134926998501905,0.1904227007349344,0.16581438181147734,0.23638505764148676,0.6517993343867019,0.47509250024899075,0.021125963990063706,0.0,0.2172664447955673,True
1456,1,0.10217726891694878,1.0657785572275953,0.3332200739945739,0.4464705317070625,0.45418538274345144,0.4564034690536595,0.4473303961356982,0.25365718377757196,0.25948500123586793,0.20117661846272206,0.10217726891694878,0.34990764802753416,0.17936837831717867,0.021096566137107798,0.0,0.11663588267584472,True
778,0,0.03297257348916116,0.599642216230888,0.23747275145712624,0.25842948773200497,0.2697764301710233,0.2597718272338377,0.2603267482947044,0.08109266654821978,0.08756017460811005,0.03297257348916116,0.08690915745419547,0.6647515964199665,0.43951522429843237,0.021049099571149515,0.0,0.22158386547332218,True
1919,1,0.019846023757373765,0.3702772340499781,2.625582292091505,2.6787447235143094,2.713737769658156,2.7137794275589946,2.7615581538946787,0.019846023757373765,0.04775810859741281,0.08140370100494454,0.17065742813615348,0.24610775085327902,0.16526121232907087,0.0210159260764857,0.0,0.08203591695109301,True
1903,1,0.03471454882092195,0.44199980806373634,1.9832908598172587,2.054615924641469,2.102528647610923,2.0232890063255553,2.074308194754161,0.03471454882092195,0.07573662667029202,0.061323967662555434,0.15081373997190095,0.25179729871355266,0.17476464626349753,0.02085563400035823,0.0,0.08393243290451756,True
803,0,0.031427208432317166,0.5900883410313168,0.38092946021096225,0.42661289544020603,0.44875136781348784,0.4006489160513705,0.4181107601924528,0.1070840467260249,0.0745787846645879,0.031427208432317166,0.10821750007597919,0.6468463061131482,0.4282252324301794,0.02081363953092829,0.0,0.2156154353710494,True
1437,0,0.06497808266644145,0.526848140376752,0.43785924847901336,0.49815961732404507,0.48374698827296586,0.4869017102212397,0.4855767319267404,0.12104628064584222,0.12660042005741845,0.06497808266644145,0.17441686011462143,0.680368569048086,0.4441707670501387,0.0207727107235234,0.0,0.22678952301602864,True
1880,1,0.051754690246655244,0.5293332125375843,1.0446808865352877,1.1016989757713935,1.133695397615816,1.1005815238612524,1.1321635358737085,0.051754690246655244,0.08063642801905324,0.07563242510785573,0.1567050668441038,0.2504830810376492,0.1504802194229029,0.02068001981862011,0.0,0.08349436034588308,True
1466,1,0.11179952521733116,1.0789642635025913,0.45366744494963607,0.5877549684249838,0.6064147398440786,0.5899550415523186,0.5564694344265265,0.2281350744420998,0.24637834909704415,0.11179952521733116,0.21545011198429087,0.3418750776163778,0.1921414244243067,0.020612267911889814,0.0,0.11395835920545927,True
718,0,0.02128799820601701,0.6140807268799822,0.20638997626949798,0.2108791716982977,0.21390684736825347,0.2074927971896109,0.20995131375810402,0.02128799820601701,0.02520906102442,0.04701366983813493,0.2482613334621857,0.6889723262815176,0.41980077981054364,0.020408552254317307,0.0,0.2296574420938392,True
768,0,0.052743223715493226,0.60212852159617,0.23302888345771147,0.2596097843181738,0.26715418973935195,0.2545155300898161,0.25908503340475303,0.10238790086542027,0.06382223539039233,0.052743223715493226,0.1994920518004435,0.6400043155634576,0.42356521330734154,0.020265486592001787,0.0,0.21333477185448588,True
774,0,0.04869639925546543,0.6000586937323599,0.2245561388766609,0.2420379129710338,0.24928021811644205,0.2377810376470424,0.24057299492324014,0.07222742040609587,0.06203875318916108,0.04869639925546543,0.15993326532423746,0.638016641755413,0.4235820288928096,0.02020254767748722,0.0,0.212672213918471,True
1441,2,0.09267885382992924,0.2539045615584465,0.14308782982797338,0.15770362063307694,0.16297453143000307,0.15896785465440147,0.1622322111618892,0.09267885382992924,0.1841942737219734,0.15609363716116453,0.23254655195556106,0.6212355855671803,0.4766531213423235,0.020135339080067267,0.0,0.20707852852239342,True
743,0,0.01472329139530848,0.603469418710243,0.1972412279381275,0.20018866397182214,0.20394994754926196,0.20864474421362014,0.21110121747477198,0.01472329139530848,0.0334921306730086,0.056533418736722796,0.22034673261697169,0.6681941954566106,0.4404928637535619,0.019941927871341126,0.0,0.22273139848553689,True
1423,1,0.03377818477502992,1.0162329255719256,0.27641550225409467,0.286078722192518,0.28682155797678144,0.3008433321373893,0.304942656362571,0.03377818477502992,0.1688988327389861,0.13301309616756896,0.09696320662741198,0.28505924913073716,0.1820139931339284,0.019900813386564548,0.0,0.09501974971024572,True
993,0,0.010049442230732564,0.582931301886858,0.4595343811560011,0.48649994083212933,0.49508501085095746,0.48631253860204576,0.4884752110179787,0.055427673084615936,0.08015242419638557,0.07943724280310738,0.010049442230732564,0.5258691674062188,0.3315810803495083,0.01986660880272987,0.0,0.1752897224687396,True
769,0,0.03325942592224751,0.6005532827770018,0.24945213807638075,0.2714744372212841,0.2802235827606316,0.262127462385598,0.2668910225098557,0.08112107854542694,0.06559287985692674,0.03325942592224751,0.19621214785350205,0.6270455868701301,0.35778416102995436,0.01985515351111809,0.0,0.2090151956233767,True
796,0,0.1437965537654916,0.5908224018349425,0.34447133929911605,0.4221788251641316,0.4428755866982092,0.40318021395531173,0.41601123438476484,0.18406296392246813,0.17934104100872805,0.1437965537654916,0.21935655854953373,0.6149106345383373,0.4005583394647516,0.01978604217116234,0.0,0.20497021151277908,True
1950,3,0.03322395629274255,0.5552981721051179,3.3312754835391076,3.4457571691214013,3.4895140179669606,3.51714487993517,3.497840680800671,0.03322395629274255,0.049649830702708564,0.03669157061782091,0.05275210004218922,0.20498026539747516,0.10977155018543172,0.019652131139680305,0.0,0.06832675513249171,True
1928,1,0.10348835724540983,0.32321724498443605,2.7322943366140326,3.0476953185112925,3.098839251131448,3.0757326070124917,3.105601744456798,0.10348835724540983,0.12548485019633882,0.13585158054726987,0.20441499446392986,0.23048037381302205,0.13916132160699135,0.0196478359760454,0.0,0.07682679127100735,True
1948,3,0.013780386658514998,0.5604343738922034,3.438309923530261,3.486353218915069,3.5437056917992518,3.5750252841733334,3.5718236438672,0.013780386658514998,0.027728380715158152,0.018887681122025213,0.06104461626625235,0.20488741861787935,0.13523007923792285,0.019606808920915368,0.0,0.06829580620595978,True
801,0,0.07140016201697275,0.5908388579734318,0.3192414826282352,0.36316095074354027,0.37719781451344714,0.3588580035519768,0.3766166349471159,0.12093664813186489,0.11651435462958937,0.07140016201697275,0.10866377256425264,0.607508210128244,0.4417121883248285,0.019547853606320054,0.0,0.20250273670941465,True
1012,0,0.03863404878455823,0.5845187042229484,0.5260085180523862,0.5471470228245143,0.5545233487224831,0.5469210028666475,0.5560298513508913,0.03863404878455823,0.07230561813230219,0.0805451423279877,0.13734342581164505,0.5169833598665334,0.32694355985722723,0.01953091530094502,0.0,0.17232778662217782,True
767,0,0.07410158060615435,0.6041631507414641,0.22125327751375554,0.23896063853160324,0.24373814416799044,0.23888437988486108,0.24271622034526788,0.07410158060615435,0.09811679488394853,0.11391962524174226,0.21881533624460803,0.6165911396782418,0.42174624962927965,0.019524117525513085,0.0,0.20553037989274725,True
1412,1,0.05879730149847462,0.9983240736240432,0.2211927313095876,0.2390263768222726,0.23714412198072118,0.23426421738953143,0.23846522018828956,0.07460952949952104,0.2980415159087283,0.2514251781540582,0.05879730149847462,0.26296789405785165,0.17855374358300935,0.01949787903961535,0.0,0.08765596468595055,True
1013,0,0.04950504197674599,0.5851041566905735,0.5247838629047835,0.5521164089036068,0.5588387584817681,0.5548396561572972,0.5575403877840891,0.04950504197674599,0.0844870799510623,0.09352351349832821,0.09547523574639694,0.5137184666817856,0.3163356307120395,0.019407572158383516,0.0,0.1712394888939285,True
772,0,0.11693050926800141,0.6000852919994069,0.22005400374764492,0.2491921712358521,0.2518575802504758,0.25451978937270664,0.2551591499532649,0.11693050926800141,0.19344633730215643,0.19495361865255878,0.2889852956348422,0.612888518419823,0.37176966789375854,0.01940687547004087,0.0,0.20429617280660764,True
1437,1,0.04529618242428879,1.039470241813463,0.33039134129826725,0.36830882411537486,0.36033244312306795,0.3586772862627998,0.36040371411157324,0.10295024266165764,0.12389337778083609,0.13959413320792802,0.04529618242428879,0.27797646788161146,0.1848287140366267,0.019406343874256025,0.0,0.09265882262720382,True
794,0,0.13599556126094303,0.5915567760492223,0.31815013136217124,0.3957664733888264,0.40869070479732955,0.3890788441782747,0.4012955626681582,0.1961165162931826,0.1527066562295104,0.13599556126094303,0.22740371477800425,0.5983579523477589,0.3837267169105445,0.01925342482894558,0.0,0.1994526507825863,True
1949,3,0.08601719465463897,0.5574946957733097,3.1621019642573907,3.5268864353010745,3.591107502549818,3.5825054504126204,3.576585535963183,0.10342960504554599,0.10566871356989449,0.08601719465463897,0.09908692448194811,0.19896637175643472,0.1358086438350874,0.019223709142740856,0.0,0.06632212391881158,True
766,0,0.045993822850247446,0.6071087320229843,0.21059549512865783,0.22074856554686664,0.22294871817392037,0.22628543839278978,0.22771841301595797,0.045993822850247446,0.0988014464139062,0.13160198567340153,0.2195344215429086,0.6439989942909665,0.4174690575506048,0.01921983396546972,0.0,0.21466633143032218,True
765,0,0.03423188987450587,0.6082837692145081,0.19668163621281554,0.20365306552445417,0.20637560109480882,0.20463016264483,0.21068763306749103,0.03423188987450587,0.09392412345890477,0.10226514185654056,0.21366476651143995,0.6437858290111202,0.4577486516662077,0.019213472152295838,0.0,0.2145952763370401,True
1455,1,0.06118735186447133,1.0644131289228478,0.32996531652802963,0.443104680413073,0.44476976686681197,0.45493022468095146,0.4436507276395803,0.25533326296524805,0.24650346359836617,0.19243084343547912,0.06118735186447133,0.31749595011450804,0.17204896930523716,0.019142406139483772,0.0,0.10583198337150268,True
784,0,0.048012572205613946,0.5938147847363087,0.22974301976436648,0.2709616144204321,0.27999673943300296,0.2781349892494829,0.27761421084132903,0.15211968213368265,0.04857140873285559,0.048012572205613946,0.12794589646267196,0.5941548961112664,0.40129448842857585,0.019103284925029516,0.0,0.19805163203708878,True
793,0,0.09671137345496772,0.5920064187942649,0.3106973187795026,0.3588298349710047,0.36944934772649796,0.3534486780920028,0.3627288446746408,0.1341374420423861,0.10192355226874417,0.09671137345496772,0.21121304361442628,0.5919940212052446,0.35231064903513243,0.019048651967837567,0.0,0.19733134040174818,True
802,0,0.025373238494669215,0.5909330946916385,0.367876958186327,0.38179748394257906,0.39691985551933257,0.37114192546934355,0.389249354292857,0.03646049631470505,0.04252626030702322,0.025373238494669215,0.09375043758721224,0.6004024886386947,0.41707591539035604,0.01893514846173438,0.0,0.2001341628795649,True
800,0,0.046165560693053886,0.5908305780947789,0.3310615521498748,0.36003375003258514,0.37593718910393087,0.34643236861298327,0.3625565687353716,0.08047078330875412,0.05727302652986588,0.046165560693053886,0.10902757438640354,0.585606208784931,0.41560824953370457,0.018843110676419354,0.0,0.195202069594977,True
1958,3,0.02223707805501629,0.530286583935016,3.701472971859839,3.897672706807917,3.948312371681156,3.8272554140589574,3.8358082428141906,0.05033766293547004,0.04199061727147091,0.02223707805501629,0.07067529405524486,0.193723512430808,0.12040867115145826,0.018825134867646778,0.0,0.06457450414360266,True
773,0,0.06071771999995135,0.6000623444087275,0.22124534961877304,0.23554724104745337,0.24126677690952233,0.2333727817426601,0.23457364961752422,0.06071771999995135,0.14448865155178892,0.14679741138193636,0.25920338154171696,0.5940454093039311,0.39442473789037535,0.01881021578220183,0.0,0.19801513643464372,True
749,0,0.06560607544605357,0.6082452432179009,0.19401398763463354,0.20966959703083657,0.2129595054032316,0.21762270430870032,0.22015871416145058,0.07466799964279291,0.06560607544605357,0.07846655307676309,0.19808009215772926,0.6264210641676515,0.4421553490668515,0.018695229266670922,0.0,0.20880702138921717,True
1957,3,0.014943466575635944,0.5343110128157365,3.533900957715979,3.7009282609325123,3.725584444537476,3.7326531117243356,3.72123515979721,0.045131191809280824,0.02794456044288962,0.014943466575635944,0.03606259908511866,0.19254629184522004,0.13665682290808512,0.01854975955731139,0.0,0.06418209728174001,True
1443,1,0.06997093433529944,1.047661196236038,0.3421258675941676,0.39777464023190534,0.39932072129722856,0.4036521229430563,0.40370705796659584,0.1399002525784302,0.16974546909912336,0.1688545552783587,0.06997093433529944,0.299876489226946,0.17483539193809605,0.018080096915864326,0.0,0.09995882974231533,True
1953,3,0.008859677163800206,0.5454030263433614,3.6599706690689864,3.847858627354102,3.887504605685105,3.82003252111607,3.8430732480496377,0.04882922593606631,0.03438185588729936,0.008859677163800206,0.023884759555560797,0.18742000288412894,0.12601588982547085,0.018071808415742234,0.0,0.062473334294709644,True
720,0,0.02975862494752135,0.6118085028739574,0.2154494887079089,0.22205761808112504,0.2225074733895919,0.2299994119968545,0.22986075111991258,0.02975862494752135,0.08831728027932961,0.07968918352656684,0.2731306088429897,0.6097027375936597,0.40777304305484563,0.018060449897803563,0.0,0.20323424586455321,True
791,0,0.11425298425954933,0.5939119278908708,0.275640446536719,0.31494752882016974,0.3203710709118245,0.32538777736947755,0.33416834585839056,0.12480517764562138,0.11425298425954933,0.12058898051953226,0.23993411262077968,0.5597445462828707,0.3792851836238924,0.018010957325768157,0.0,0.18658151542762358,True
744,0,0.025601861383877544,0.602703484046172,0.20623754163304694,0.21723089946899835,0.22303856830810134,0.22947687811914105,0.2285540955239627,0.050606786892765654,0.025601861383877544,0.05616351811548759,0.22093190441828048,0.5870940231772952,0.4041187672128501,0.01752153302663244,0.0,0.19569800772576507,True
770,0,0.10292456808445527,0.6003501277254533,0.21353633795183788,0.23803610081692805,0.24411571625322534,0.23687026660525348,0.2436572761626663,0.10292456808445527,0.14810923680562738,0.14718134504723834,0.2641469653421751,0.5508935672623054,0.3509148775913502,0.01744382956409509,0.0,0.18363118908743514,True
798,0,0.017078027930333195,0.5905754502287454,0.38028854681880087,0.4136386264450433,0.42465815338552226,0.40374438971547727,0.41435307268884625,0.08062612506202527,0.03609440413619869,0.017078027930333195,0.08947774263551767,0.53988944277982,0.3464771978763679,0.017372077636333118,0.0,0.17996314759327334,True
795,0,0.08615777825855697,0.5914185455692229,0.3264570628564443,0.3572356968080756,0.37404784240566546,0.34942522416655386,0.3635291432028378,0.08615777825855697,0.11910564877392538,0.11211998430591053,0.2181167166323431,0.5328934557374312,0.3634049650974873,0.01714696704810344,0.0,0.17763115191247705,True
747,0,0.05842571562602583,0.6046886084967978,0.20346769803543333,0.21609309155114956,0.21818656669131975,0.2240941592943543,0.2262322787194807,0.05842571562602583,0.1560881396382614,0.14330959846095537,0.2765800425394259,0.5704821498988071,0.377283428303798,0.017025759820310148,0.0,0.19016071663293568,True
792,0,0.09925548611092139,0.5928118363778466,0.2994274319060289,0.3378509271626271,0.34792395319941694,0.3361668683860664,0.3453208379205832,0.11372913959209818,0.11046101892188609,0.09925548611092139,0.23396737389719113,0.5233803756085811,0.3922759240473681,0.016840863699039733,0.0,0.17446012520286036,True
1936,3,0.0061263708079436485,0.5842189283448821,3.8275694896160566,3.851163143072404,3.885344772317751,3.9353497194214486,3.9438492486273447,0.0061263708079436485,0.02327761725721411,0.02388686062252232,0.05283380393733961,0.18561363289153504,0.11295877202749871,0.01664606821003478,0.0,0.061871210963845014,True
1451,1,0.10857677062706739,1.058883238118877,0.3367630196273221,0.4348284337621327,0.4311548537327334,0.443639094626572,0.4459941563319745,0.22552668252705854,0.19073034535151245,0.12277515820316598,0.10857677062706739,0.2734706006777916,0.18641533104027985,0.016488038047398276,0.0,0.09115686689259721,True
1440,1,0.07148500476541964,1.0433602737737306,0.3735974702923002,0.40312300145300145,0.3929328490063598,0.3922519783336235,0.40137807989666147,0.07324199079258809,0.10314158957849573,0.07148500476541964,0.09439143194308708,0.2696141767731481,0.1918897475413388,0.016255527262293533,0.0,0.08987139225771602,True
745,0,0.04345030652553983,0.6024548746046164,0.18902098945676027,0.19760707754782958,0.20256757055771046,0.20122493647741213,0.20327517855258345,0.04345030652553983,0.1365130278634451,0.14215035991002012,0.2842952673603413,0.5412171908175438,0.3518531249805221,0.016152361477246874,0.0,0.1804057302725146,True
1445,1,0.06466611700529634,1.0504598015299405,0.34800891551162544,0.415798426085143,0.4120328058940776,0.4214963439974671,0.4225717662039689,0.16303455309288817,0.18320520424584896,0.15559072019612108,0.06466611700529634,0.2652683574178347,0.1626194936509222,0.01599350993867654,0.0,0.08842278580594491,True
1454,1,0.10423851565959075,1.0630369281902396,0.35131993256666755,0.4202640667277732,0.4186702145205798,0.43259030813310223,0.4249775335744375,0.1640495574554185,0.16043158819355985,0.12381496686503923,0.10423851565959075,0.2643722982285956,0.15678799946473987,0.015939484906485592,0.0,0.08812409940953186,True
1446,1,0.0725465310667649,1.0518639383893584,0.3599199552036489,0.4094282699711143,0.4085460654503317,0.4125324492189885,0.4137157544997379,0.12092060660823034,0.1680083874899031,0.11678844729890714,0.0725465310667649,0.2640114013023435,0.1498545132342315,0.0159177257768516,0.0,0.0880038004341145,True
1439,1,0.03359499763532903,1.0419801626903296,0.3822820500314861,0.3955712657696206,0.3866522161984752,0.3844329299094816,0.3925610572721368,0.03359499763532903,0.10507635027018891,0.08879176264164101,0.08971772931437583,0.2623800869308502,0.1770202712769411,0.015819370877429927,0.0,0.08746002897695006,True
771,0,0.04856421456777127,0.600111722197841,0.23116730817349715,0.24296679998059975,0.2480933519427558,0.24432843591173029,0.24874638292289142,0.04856421456777127,0.11846864799083623,0.1195637453900743,0.2502922645172425,0.49582397116016974,0.31633648706129947,0.01570007232012674,0.0,0.16527465705338992,True
1447,1,0.07129112633055945,1.0532798960168903,0.36078424785269564,0.42173072118146143,0.41924229553078013,0.4234668130410129,0.4280360282776588,0.14451513790132886,0.1621498687265206,0.07129112633055945,0.14516674134154817,0.25682829448424,0.1770738944476875,0.015484643250898622,0.0,0.08560943149474666,True
1926,3,0.024229340485870443,0.627802436907609,3.625505437185699,3.7467533347337216,3.752422907278697,3.814921468858047,3.7976354918579065,0.03236078992017222,0.044938290922163504,0.03804156531073499,0.024229340485870443,0.17468677068294913,0.10798830052063568,0.01521344960595372,0.0,0.05822892356098305,True
1909,3,0.008443123594546575,0.7207965550252634,2.8949995714486234,2.9909097382321517,3.0394201790482374,2.8950915844144887,2.9529774045893373,0.03206722207545398,0.05001935857085649,0.008443123594546575,0.016813730508934532,0.18144489246903692,0.11705875402092136,0.015143121614346762,0.0,0.060481630823012306,True
1932,3,0.007976392932897203,0.5989205406740659,4.047278873363439,4.1636961580090635,4.181331107211125,4.220116818388498,4.220699058410763,0.02796008167447339,0.02327292520517077,0.007976392932897203,0.012670896051325431,0.16911329739349468,0.0981565932016979,0.015095391113030458,0.0,0.05637109913116489,True
1453,1,0.11969205435430474,1.0616445979839082,0.3474467723862646,0.45320796673528047,0.4465658118937467,0.4713158762958017,0.47186231807606854,0.23336128689633373,0.17361387883108603,0.11969205435430474,0.15042549941189343,0.24827276572377038,0.15708458447158336,0.01496881491919273,0.0,0.08275758857459013,True
1452,1,0.0937367313601295,1.06024866259563,0.3481956386071987,0.43194653807419275,0.4269651684133951,0.439943582215747,0.44245166712529443,0.19389181781706666,0.15174222588829644,0.0937367313601295,0.11579059846640694,0.24621863772047864,0.17227022896579314,0.014844967819765742,0.0,0.08207287924015955,True
746,0,0.14623604868138063,0.602846172593714,0.1936744597105214,0.2268477831740208,0.23146805316580854,0.22752226524921274,0.23134016443042738,0.14623604868138063,0.16529853980470133,0.1529707488996095,0.2936496025633092,0.49488502879816093,0.34895407133586787,0.014769600837606115,0.0,0.16496167626605365,True
1916,3,0.017911251148905127,0.6823382553156065,3.0720235988603477,3.150475011681967,3.157612136461369,3.1510282133072596,3.195549783910256,0.02490145534585142,0.03925095690209757,0.017911251148905127,0.040071547857921996,0.17521980025966807,0.09969384327217767,0.014755351252131711,0.0,0.05840660008655602,True
1925,3,0.0006432256557475924,0.6329067673135212,3.7757387958502133,3.7781690110898967,3.7837987104861726,3.835048419933544,3.832757042781788,0.0006432256557475924,0.016479750167896934,0.011767437651078239,0.003224971543140609,0.16522528274056014,0.09823701874103552,0.014593187649776074,0.0,0.05507509424685338,True
1449,1,0.08143871578890949,1.0561343228515623,0.34149735757799765,0.4287803870738915,0.42372373949005193,0.4335995930005274,0.43412588104180666,0.20356115187902102,0.18004860898366026,0.13120667336738534,0.08143871578890949,0.236781735763969,0.15255665623735126,0.014275999901010101,0.0,0.07892724525465633,True
1448,1,0.11218110766917067,1.0547164855659394,0.34619815037166624,0.42014919001180706,0.41771845119248724,0.42083887945195203,0.42532217938623357,0.17601138214276368,0.17088789611406463,0.11218110766917067,0.12178013280303979,0.23624181440185738,0.15142923676215503,0.01424344706374337,0.0,0.07874727146728579,True
1873,3,0.039667891600335015,0.8748647681819444,0.8610622805075759,0.8966296898501955,0.9147533827767426,0.9080131340376353,0.920630811725367,0.039667891600335015,0.08207105865017883,0.05360053734734338,0.07664174121494993,0.1484209466410476,0.09383698718757705,0.01401784483658095,0.0,0.0494736488803492,True
1450,1,0.06531474242246382,1.0575476283553806,0.3474237562896638,0.44095655831550645,0.4362643732269531,0.45078261765615907,0.4480188389239846,0.2121134163037427,0.18818185672735965,0.1553761121664664,0.06531474242246382,0.22747707182747884,0.15361592746368302,0.013715004852098568,0.0,0.07582569060915961,True
1924,3,0.011623660715595396,0.6388084187750306,3.5202980016902288,3.5616979704704015,3.590748967758023,3.5916442990229336,3.603204056352226,0.011623660715595396,0.04256459728843587,0.030778582127569454,0.018879987516266517,0.15081003620829755,0.084534573702296,0.01352443546004395,0.0,0.05027001206943252,True
1922,3,0.018639522745918624,0.646893800560306,3.5586531855459165,3.626244655280279,3.639289380652142,3.6388164656140014,3.659436324098241,0.018639522745918624,0.04296677258740145,0.02406480820915935,0.032905854486248054,0.14783495547991674,0.07744905220014253,0.013252985559019683,0.0,0.04927831849330558,True
1902,3,0.011995341917701574,0.7522537862754552,2.3408016575527433,2.419942802859515,2.4389893277887165,2.3720719119425984,2.4105827259834345,0.03270372556461043,0.06367493094137411,0.011995341917701574,0.019975392771374056,0.15629220084816212,0.09727964895397623,0.01304391527703933,0.0,0.0520974002827207,True
1928,3,0.027432793666454125,0.6161736625052578,3.777574746289425,3.993772111775924,4.025258714860758,4.006262786858282,4.013554470257509,0.05413362591446458,0.053851084956994755,0.027432793666454125,0.029036528683818896,0.1418124528909118,0.0831113160384529,0.012477597214980068,0.0,0.047270817630303934,True
