{
  "mse": 0.3844643831253052,
  "mae": 0.4182983636856079
}