segment_a,segment_b,cosine
0,1,0.11934085190296173
0,2,0.049211952835321426
0,3,0.019522961229085922
1,2,0.14856132864952087
1,3,0.27185967564582825
2,3,0.17504258453845978
