segment,mse,mae
1-96,0.1502218097448349,0.2001367062330246
97-192,0.2374907284975052,0.2847194969654083
