segment_a,segment_b,cosine
0,1,0.9684814214706421
0,2,0.93853360414505
0,3,0.9314433336257935
1,2,0.983431339263916
1,3,0.980474591255188
2,3,0.9912918210029602
