segment,mse,mae
1-96,0.29097485542297363,0.34540170431137085
97-192,0.40255671739578247,0.42349275946617126
193-336,0.4554894268512726,0.46487700939178467
