{
  "mse": 0.3933616280555725,
  "mae": 0.41891714930534363
}