{
  "mse": 0.3377011716365814,
  "mae": 0.3733891248703003
}