{
  "mse": 0.3652816712856293,
  "mae": 0.39549145102500916
}