segment,mse,mae
1-96,0.3031449317932129,0.3580412268638611
97-192,0.3628458082675934,0.3963659405708313
193-336,0.40833014249801636,0.4198753237724304
