target_horizon,mse,mae
96,0.295073926448822,0.34965282678604126
192,0.32602500915527344,0.37100911140441895
336,0.3557837903499603,0.38998278975486755
720,0.4111669957637787,0.4216448962688446
