segment,mse,mae
1-96,0.25309184193611145,0.32425859570503235
97-192,0.3391171097755432,0.3912385106086731
193-336,0.349234402179718,0.4120825529098511
337-720,0.47824978828430176,0.4941811263561249
