{
  "mse": 0.40387460589408875,
  "mae": 0.4413794279098511
}