origin,channel,eligible,score,mean_nchpd,disagreement_percentile,min_gain,uvhf_corr720,target_std_scaled,uvhf_common96_mse,dlinear_mse_h96,uvhf_mse_h96,relative_gain_h96,dlinear_common96_mse_h96,dlinear_mse_h192,uvhf_mse_h192,relative_gain_h192,dlinear_common96_mse_h192,dlinear_mse_h336,uvhf_mse_h336,relative_gain_h336,dlinear_common96_mse_h336,dlinear_mse_h720,uvhf_mse_h720,relative_gain_h720,dlinear_common96_mse_h720
1147,6,True,0.8303869514227502,0.050319222903381734,0.984729291994447,0.5925899495324605,0.6024532056578856,0.4478731859212843,0.06522787317762663,0.16158305805785986,0.06522787317762663,0.5963198496078113,0.16158305805785986,0.32025160441337386,0.08293032586187102,0.7410463375701739,0.15263281730807757,0.4486878848963402,0.10848554181692152,0.758216021718561,0.16084337954751787,0.3290090822906945,0.13404160682033073,0.5925899495324605,0.11198321460999867
1146,6,True,0.8290397698721517,0.05089652243750318,0.9865802869042111,0.5846916780019416,0.6034212301946372,0.44800582479985174,0.06371320351033274,0.15390819075328596,0.06371320351033274,0.5860311059567669,0.15390819075328596,0.32051976570287616,0.0849496693693777,0.7349627746573153,0.14618494928164424,0.4491615400825199,0.10821743973527938,0.7590678852080752,0.1523275614947298,0.32993390189233257,0.1370242951651767,0.5846916780019416,0.10804844354187366
1145,6,True,0.8249960602970552,0.05297118474152826,0.990282276723739,0.5658378663077066,0.6010356204287371,0.4480455550017399,0.06256026758673124,0.1467890559729649,0.06256026758673124,0.5738083662159843,0.1467890559729649,0.31932541944313614,0.08638965741901562,0.7294620091013473,0.14010113281628092,0.4491401099700263,0.10832244773725638,0.7588225915862082,0.14494577966541156,0.3279574158709811,0.14238669143475596,0.5658378663077066,0.10320639068283495
208,6,True,0.8247698329867403,0.04910236392687592,0.981952799629801,0.6082774904678598,0.5131018603148187,0.47842131517861075,0.04876880944045273,0.1390617002307861,0.04876880944045273,0.6493009264267857,0.1390617002307861,0.20769489134566202,0.08135876405492791,0.6082774904678598,0.14201035265528714,0.5816539151117196,0.21286716720840926,0.6340312311531104,0.13904367265640505,1.1141269886571976,0.4274959262127541,0.6162951525588714,0.17481785579355838
207,6,True,0.8238294196318222,0.04573005438959669,0.97223507635354,0.6125507697765091,0.5394665052209945,0.4786339122268586,0.06367723969007173,0.16434989341272152,0.06367723969007173,0.6125507697765091,0.16434989341272152,0.23011403011958267,0.08548952589172232,0.6284905972604268,0.16892950285551292,0.6197761413376851,0.2151065775801745,0.6529285927078408,0.16370095610746307,1.1659838216225398,0.43191975056330434,0.6295662576499039,0.2060355184155156
1144,6,True,0.8163146522875745,0.056535436664634044,0.992596020360944,0.5340861198484481,0.5979080615256805,0.44802738420549787,0.06296890318876376,0.1380104517981252,0.06296890318876376,0.5437381562892677,0.1380104517981252,0.3097056896391141,0.08838310465768473,0.7146222765210626,0.13094907898583416,0.44136488211445474,0.10821397493208804,0.7548196983555524,0.13596173822354188,0.32145942222544294,0.14977240672033212,0.5340861198484481,0.0973898835705748
206,6,True,0.8145254307840055,0.04111347850855618,0.9532623785284591,0.6063460209212689,0.5599043524339525,0.47873373057301594,0.0759025207465019,0.19281532711580018,0.0759025207465019,0.6063460209212689,0.19281532711580018,0.2511247064759208,0.08997173484282273,0.6417248780280815,0.19737554165783514,0.6510066562071687,0.21565233294046113,0.6687402027548018,0.19100378736626564,1.2075761876735847,0.4308395427898958,0.6432195772095215,0.23846437329966017
1148,6,True,0.8137878045854132,0.046298321007588315,0.973160573808422,0.5602465206018046,0.5913356150066078,0.44775981305397383,0.07054936907213857,0.16042935957820206,0.07054936907213857,0.5602465206018046,0.16042935957820206,0.31111261081140634,0.08396579948391421,0.7301112312197029,0.15143193160963392,0.43880127804812236,0.11153506519195264,0.7458187321420682,0.16054648311292471,0.3247794792750836,0.13537566376689064,0.5831766709243678,0.11387374733002949
209,6,True,0.8099330711189058,0.041850506971102396,0.9583526145303101,0.6042330060126291,0.4948686204996199,0.4783128502405771,0.04377257148211322,0.13404160612459382,0.04377257148211322,0.6734404134084613,0.13404160612459382,0.20785473759997555,0.08157107528544638,0.6075572958917441,0.13569833265260034,0.5774412331342064,0.21719714781868235,0.6238627667099721,0.13257950430076046,1.0980853782214113,0.43458594928017313,0.6042330060126291,0.16380028024601087
1143,6,True,0.8032303968940724,0.05928820070795834,0.994909763998149,0.4870712985037011,0.5965412534388759,0.4479898778565169,0.06691682782962603,0.13046029133175516,0.06691682782962603,0.4870712985037011,0.13046029133175516,0.3012393405725216,0.09227087915730446,0.6936957869382575,0.12423558276787021,0.43240252967380566,0.10816392765286705,0.7498536196481935,0.1276641875893619,0.3158720530946568,0.15677161861395358,0.5036863278088926,0.09497444847069399
205,6,True,0.7783508121328545,0.03347949176612828,0.8773715872281351,0.606660752032278,0.5766679290910359,0.4787852604049274,0.0923672717845081,0.2348285157449833,0.0923672717845081,0.606660752032278,0.2348285157449833,0.27797633532424637,0.09706892377979343,0.6508014839947902,0.23820994605451487,0.6896586208003794,0.22340281441898116,0.6760675388067907,0.23166047942806878,1.2497321745066652,0.4374759850741894,0.6499442088486806,0.27943770783929944
1852,0,True,0.7666351273412855,0.05059767613281674,0.965293845441925,0.47767244293749467,0.40686471739074564,0.37630157706807255,0.14334548655522725,0.27443600211595487,0.14334548655522725,0.47767244293749467,0.27443600211595487,0.2905802038558721,0.1475457262394124,0.4922375155583718,0.2799554886426526,0.36036996000318605,0.17651449835334274,0.5101853152471916,0.27250699040858256,0.628280193378051,0.3059922096529029,0.5129685562619986,0.3420226985883594
1862,0,True,0.7648012156945034,0.05165279481101722,0.9703840814437761,0.4541808445454808,0.4335492160897113,0.37701879164782764,0.08316540892137554,0.1670752480027801,0.08316540892137554,0.5022278289840294,0.1670752480027801,0.20964269502914867,0.1129061610430495,0.46143527191657663,0.1745943084689785,0.2613066358116206,0.1426261672733604,0.4541808445454808,0.16422881546533022,0.5116651331608608,0.2560667769182664,0.4995422585541658,0.2176087825941427
1149,6,True,0.764277937768189,0.03833416846418192,0.9301249421564091,0.47075312336322694,0.5798952968101629,0.44787323115389943,0.07403991161856631,0.13989673796295368,0.07403991161856631,0.47075312336322694,0.13989673796295368,0.28946359407822886,0.08444660598528696,0.7082651921938589,0.13255743494729108,0.4150773823542026,0.11467080559355768,0.7237363188926917,0.1407400055239684,0.31400551442720565,0.13791098113444233,0.5608007668718393,0.10488801493734812
1850,0,True,0.7600508656823388,0.043019047100281725,0.9106894956038871,0.5302679795189384,0.4562572402471379,0.37658853534218306,0.16902802049258167,0.35983925541094014,0.16902802049258167,0.5302679795189384,0.35983925541094014,0.35982162397400974,0.1646938733036741,0.5422902284617277,0.3702766402636892,0.4169311135467398,0.19346053258994408,0.5359892166736644,0.3572467193525264,0.6828619371451096,0.30942820642599284,0.5468656406306056,0.4401255680517783
1855,0,True,0.7575243900040548,0.0467545148373271,0.944007403979639,0.46922578575773843,0.4475295228691372,0.3770004180433835,0.14629936549843892,0.2907777529177893,0.14629936549843892,0.49686878026118564,0.2907777529177893,0.298755258001871,0.15857158731668722,0.46922578575773843,0.30216520346333803,0.36840120897128975,0.18816104949180362,0.48924964166860974,0.28770340847341636,0.6195655053435541,0.3049579925351031,0.5077873285311432,0.36459570495092186
1235,6,True,0.7571430663414329,0.03727769849467135,0.918093475242943,0.479726069251013,0.5417850794465753,0.4661635390131395,0.11393668656322693,0.42214973782231474,0.11393668656322693,0.7301036187989212,0.42214973782231474,0.5145534858776261,0.12424005969226805,0.7585478223311162,0.41183689609580343,0.5270302211819364,0.14366325074318462,0.7274098429858531,0.41856685208120875,0.31562137061503565,0.16420957111826742,0.479726069251013,0.37411692282454645
1849,0,True,0.755945751282723,0.043138291881491785,0.91207774178621,0.5141294637785561,0.456680412560512,0.37659908918174073,0.19130528398392901,0.3937371577862839,0.19130528398392901,0.5141294637785561,0.3937371577862839,0.38734287255047867,0.1857206212874476,0.5205265555435141,0.40127385839527924,0.4395875899199698,0.21301984362026488,0.515409787480473,0.38876324473448354,0.6934005550956654,0.33190181303875377,0.5213418700062005,0.4663271101270235
1676,6,True,0.7539872235369239,0.03733353005973474,0.9199444701527071,0.4816248071031477,0.49527546329626093,0.40246085428896217,0.11408407300063195,0.2566240004769998,0.11408407300063195,0.5554426990905831,0.2566240004769998,0.31432617573797966,0.11362243974754387,0.6385205925635069,0.25005888375638546,0.36462933229265704,0.10755019597786264,0.7050423911273787,0.2577424386896005,0.2369547873431159,0.1228314835968203,0.4816248071031477,0.20672419708643516
1675,6,True,0.7535899886302928,0.03771970639123567,0.922720962517353,0.47308476772225094,0.503040770549409,0.40201618166110975,0.10332574075723366,0.23867864915433054,0.10332574075723366,0.5670926531412417,0.23867864915433054,0.30094933740539015,0.10329674447466881,0.6567636753573436,0.23282751296821816,0.35122104668540155,0.098698326911067,0.7189851580862867,0.23949946704186223,0.2296792656584025,0.12102150361377997,0.47308476772225094,0.19264628347265966
1857,0,True,0.7535449895485822,0.04737084082120823,0.950023137436372,0.45533923793000586,0.4193164945139452,0.3771085633196138,0.12337924284476443,0.23397204792236578,0.12337924284476443,0.47267528775188195,0.23397204792236578,0.25618025603071554,0.13953133347697574,0.45533923793000586,0.24049102518648044,0.3232244715440113,0.1713390865607165,0.46990682437426023,0.23048920949591012,0.5685037394623762,0.30137076153370407,0.4698878114351456,0.28768920742107706
1856,0,True,0.747449704653554,0.043925261266329986,0.917167977788061,0.4835914799528196,0.437882717736776,0.377097646536701,0.12107064658465633,0.23478556155838856,0.12107064658465633,0.484335213029923,0.23478556155838856,0.259863936359719,0.13419595078915716,0.4835914799528196,0.2415220339733355,0.33407533051453836,0.16319896076322482,0.5114905356469513,0.2319466454888135,0.5848077236952368,0.2691699034034786,0.5397292263811615,0.29132863075132115
1859,0,True,0.7473295540360344,0.05366113225722479,0.9754743174456271,0.38826188708100595,0.4311382918891913,0.37697029008753963,0.11238162611653506,0.18370872068161717,0.11238162611653506,0.38826188708100595,0.18370872068161717,0.22517836315474216,0.1330255382128754,0.4092436930920379,0.189325524352262,0.2872343538022589,0.16405267483662633,0.42885426946678773,0.179014361015899,0.5420499594019106,0.2884652445987264,0.46782535521815294,0.2393121165239617
210,6,True,0.7455635887202469,0.03107584316268681,0.8361869504858862,0.5985028435035739,0.4791926042623158,0.4782946288169344,0.04361684226344875,0.14241684304026594,0.04361684226344875,0.6937381749775423,0.14241684304026594,0.2201854141612217,0.08389869193903206,0.6189634437928722,0.14384865728819166,0.5941146155544353,0.2234930583564895,0.6238216456803998,0.14005153073223453,1.1051948030538734,0.4437325708007579,0.5985028435035739,0.1682235941243427
1142,6,True,0.7437540693506209,0.05679607738385952,0.993521517815826,0.2929979076629856,0.5909393814381226,0.44796835840542437,0.08059599189427065,0.11399682231188091,0.08059599189427065,0.2929979076629856,0.11399682231188091,0.2806400661163692,0.1040603311621245,0.6292035823602777,0.11071786504772148,0.40959720796197724,0.11337837226989762,0.7231954464874611,0.11137772685915844,0.30370867397294304,0.16982878297942944,0.44081681712337517,0.09005663384432673
374,6,True,0.7425313907206312,0.049632261462864424,0.982415548357242,0.3013670144373377,0.6091351221080898,0.5017682301462975,0.14798199174680635,0.21181649708054537,0.14798199174680635,0.3013670144373377,0.21181649708054537,0.48944990388790965,0.24475897940685046,0.49993047814980585,0.2179509746298748,0.7866167141432759,0.3579782361756042,0.5449140226247451,0.20959647529299194,0.918171619306888,0.3521119463854856,0.616507481846053,0.28457892750311126
1234,6,True,0.7364476662514805,0.03544328116353542,0.8986580286904211,0.44216147731893807,0.5447020871058845,0.4664107264974563,0.10287711453142057,0.39549345254609386,0.10287711453142057,0.7398765671868348,0.39549345254609386,0.48018750764409174,0.11346731173648539,0.7637020748557546,0.38630873898029305,0.5012921831952678,0.1362612859559212,0.7281799107909818,0.3927619347633628,0.3052194138205613,0.1702631468992416,0.44216147731893807,0.35726306590209544
1677,6,True,0.7340133470107065,0.03417390401129581,0.8847755668671912,0.47688940041788985,0.48558743451743974,0.40302500871823654,0.11733009672180206,0.26587399206854184,0.11733009672180206,0.5587003609907262,0.26587399206854184,0.3183215018863738,0.11690221815834323,0.6327542517059626,0.2596606721430324,0.3687871937266765,0.11213780506060497,0.6959281478095063,0.26822440370865647,0.239034311065375,0.12504138178210494,0.47688940041788985,0.21758685358299648
1674,6,True,0.7339300969179683,0.03458815260276583,0.8866265617769551,0.46231622712810505,0.5192194789105913,0.40151386864803323,0.09148569597210769,0.21452605959496995,0.09148569597210769,0.5735450688609358,0.21452605959496995,0.2826373662994908,0.09343678451907085,0.669411069943022,0.21051997174004033,0.33064856049252433,0.09118738765670849,0.7242165895993061,0.21585792829003406,0.2195661295501995,0.11805714493143052,0.46231622712810505,0.17710579573352767
1863,0,True,0.7339192058370704,0.04727693599656165,0.949560388708931,0.39784033740760516,0.39786910260323266,0.37775819472638134,0.08444034282205522,0.14737987979783207,0.08444034282205522,0.42705650908464565,0.14737987979783207,0.19948249206264468,0.12012031011353219,0.39784033740760516,0.15281964055235536,0.2604809708034075,0.15517019833654025,0.4042935349252377,0.1464687221074844,0.4957998386901137,0.27459990323550415,0.4461476551485217,0.1893346203494878
1858,0,True,0.7332310531086411,0.04723568186016073,0.9490976399814901,0.38899351694112994,0.4198417803555703,0.3770319891830471,0.1227331498540594,0.20087045433564432,0.1227331498540594,0.38899351694112994,0.20087045433564432,0.23858368551893624,0.142903109110008,0.40103570451942794,0.21068987444392306,0.30557280776130596,0.17891537257244255,0.4144918394957451,0.19899952969830456,0.5590567155509812,0.3127634948479136,0.44055140355541933,0.2578640440756464
204,6,True,0.7320762967795391,0.028787657977007917,0.7843590930124942,0.6050550390907923,0.5838023854605427,0.47874229662035117,0.10783752834967512,0.273044446753849,0.10783752834967512,0.6050550390907923,0.273044446753849,0.29916968596988497,0.10424806179632083,0.6515420288711515,0.2755641350793245,0.7166445260528929,0.23444091310632667,0.6728630379728548,0.27024356463877647,1.2773936782656612,0.4482356819971943,0.649101377575493,0.3114241186122948
1865,0,True,0.7300928254195339,0.043812879218926855,0.9157797316057381,0.44572898718430587,0.3848426346137307,0.3778246306495661,0.07769014681591827,0.1401663536782353,0.07769014681591827,0.44572898718430587,0.1401663536782353,0.19151924891063657,0.10382749841963022,0.45787434417061423,0.14128569003131058,0.2507502808546628,0.1306506352365225,0.478961160915912,0.13700041317213293,0.48714226079548645,0.24240438827690108,0.5023950747343022,0.17308954476973937
1864,0,True,0.7297257715153077,0.0442537241615355,0.9217954650624711,0.4297201161931512,0.39912004126126777,0.37778457437391555,0.08167542016214789,0.15294459853075884,0.08167542016214789,0.46598035532636306,0.15294459853075884,0.20528749422437675,0.11421351045530757,0.4436411682707102,0.1568637103732826,0.259601310486308,0.14804540518023743,0.4297201161931512,0.15159298714209613,0.5000607449726207,0.2663085143861945,0.4674476709809017,0.1962155729831362
183,6,True,0.7295976116685139,0.04285375512618986,0.963442850532161,0.2918351325174038,0.6032564664721233,0.477180165444177,0.2226599541527341,0.3144182440795909,0.2226599541527341,0.2918351325174038,0.3144182440795909,0.2840393291325966,0.1664392108392759,0.4140275878430274,0.3212567313658439,0.652617197974367,0.31341174610548594,0.5197617422920016,0.3179708854359023,1.351178291933034,0.6051469602416286,0.5521338939098198,0.3830312235140489
373,6,True,0.7291056460850929,0.04869032965322572,0.980101804720037,0.25935514183893915,0.6124820117339248,0.5017570163005001,0.17962822226342423,0.24252949343281907,0.17962822226342423,0.25935514183893915,0.24252949343281907,0.5221039445976479,0.27889703127668725,0.46582086926844546,0.24828730948748137,0.8202149122129334,0.38558651614360595,0.5298957500013057,0.23997768394267335,0.950002039602216,0.37341505525391355,0.6069323646817963,0.3189834165533875
375,6,True,0.7290634160763139,0.054367769021718276,0.991207774178621,0.24412129901688717,0.6022313928193713,0.5018548367089918,0.13908217682497323,0.18400065598366488,0.13908217682497323,0.24412129901688717,0.18400065598366488,0.4530468741422067,0.23986001304215096,0.4705624809876485,0.19135466006712262,0.7465425657140298,0.3643198457020344,0.511990524808748,0.18255872750170773,0.8839206051457787,0.3584620465546772,0.5944635248144728,0.25611868922356773
1672,6,True,0.7282028240153173,0.03471335190688334,0.8870893105043961,0.43968161808470196,0.5275368333770869,0.4002133063167799,0.07637392090833241,0.1827304626780293,0.07637392090833241,0.5820405651634392,0.1827304626780293,0.2637139697586788,0.08015087843103692,0.6960688942478779,0.17904049808582553,0.3051831239710571,0.07807337474709035,0.7441753209312627,0.18306933448470197,0.20954131673809037,0.11740985153908776,0.43968161808470196,0.1515378757261566
184,6,True,0.7275650309716087,0.04660630703992433,0.974086071263304,0.2747122128385501,0.5810833148839166,0.47795900197481994,0.21735179568225083,0.2996766242719982,0.21735179568225083,0.2747122128385501,0.2996766242719982,0.2816732802987793,0.16687284024389482,0.4075659570304724,0.3077928425168914,0.6505289044717176,0.3191253628736836,0.5094370739255016,0.30348337810989606,1.3378004792063405,0.6123987514440656,0.5422346149798245,0.37214027581030845
611,0,True,0.7260170215795811,0.08496259667195512,0.998611753817677,0.24292140146397267,0.5383472423155082,0.5744023950615789,0.17433607135579124,0.3161485352672347,0.17433607135579124,0.44856277379736054,0.3161485352672347,0.1947036337857618,0.14471395725924283,0.2567475272779146,0.30160726093829426,0.40101650693197194,0.29365630987123365,0.2677201441958368,0.3235577866579708,0.40518915406057254,0.3067600368981767,0.24292140146397267,0.23309304129202402
1673,6,True,0.7251423710503685,0.03335704646232198,0.8741323461360482,0.45238137898590525,0.5236178428657289,0.4008693614488034,0.08520824392500591,0.19722147876855636,0.08520824392500591,0.5679565711754975,0.19722147876855636,0.27050252730958163,0.08776298099123452,0.6755557818105242,0.19373523466752482,0.31702707591860324,0.08580908747407606,0.7293319908861426,0.19847375174831305,0.2141716860843592,0.11728440339378036,0.45238137898590525,0.1634743879616042
372,6,True,0.7236158031709459,0.044271012627711846,0.96760758907913,0.2598124069651607,0.6186828654183254,0.5017507878706337,0.21294546942277828,0.28769121696525835,0.21294546942277828,0.2598124069651607,0.28769121696525835,0.5717502170251443,0.31887535739821876,0.44228205271639565,0.2927559994515226,0.8698855983498661,0.42124879139085614,0.5157423088852762,0.28643097294958414,0.9911715851858901,0.4023585424796969,0.5940576298863166,0.35970458609230443
379,6,True,0.7229340463678189,0.042162604001720276,0.960203609440074,0.28437713133397735,0.575191022475887,0.502050034103533,0.13426929240640276,0.18762577089898103,0.13426929240640276,0.28437713133397735,0.18762577089898103,0.4434530611228653,0.243558129059587,0.45076908829341567,0.1924959512288502,0.7344108259085084,0.39175990764293966,0.4665657234037772,0.1870529034451429,0.8472816180922061,0.3875980251456383,0.5425393200216252,0.23917551785889632
186,6,True,0.7218054462044753,0.039096143806264506,0.9379916705229061,0.32359841429135805,0.5573008665561482,0.47919688763297713,0.20778101386129846,0.3071858763364868,0.20778101386129846,0.32359841429135805,0.3071858763364868,0.30035555351131554,0.16556733339094284,0.4487622038102076,0.3128964406755615,0.6842716808299739,0.3264867256534879,0.5228697390231286,0.3108217398711393,1.3384374955993548,0.6211095580397714,0.5359442931911905,0.36664405556242957
185,6,True,0.7189465022731558,0.0446219105007393,0.968533086534012,0.261121885726046,0.5634339328833605,0.47869405204433374,0.21817336081678204,0.2952765234238483,0.21817336081678204,0.261121885726046,0.2952765234238483,0.28540618841767884,0.17079284825320315,0.4015797302781128,0.30206156141536794,0.6615819826448094,0.3288233610935623,0.5029741291033598,0.2995843033562811,1.332504255046867,0.6256572965426771,0.5304650666795272,0.36316861018582625
1236,6,True,0.718603177363094,0.03095798413195307,0.8315594632114761,0.49535420902617255,0.5421718304950416,0.4660243717082608,0.12807289748310346,0.4183942465304695,0.12807289748310346,0.6938942192796703,0.4183942465304695,0.5191446151516771,0.1388796346017667,0.7324837231313849,0.4101200694442231,0.5252883025182403,0.15236392321090056,0.7099422879198614,0.41468915841019277,0.3152534342216154,0.15909131866998258,0.49535420902617255,0.37562805574111624
380,6,True,0.7179569072102531,0.03965518767723725,0.93984266543267,0.30279755972571687,0.57196306576203,0.5020465935389086,0.1373591978727975,0.1970147979097142,0.1373591978727975,0.30279755972571687,0.1970147979097142,0.45197593853022866,0.2468944830069043,0.45374418866239774,0.20208508734416752,0.7452623133598569,0.3950624404029839,0.469901491970084,0.1960223651604035,0.8493980984114883,0.38760040713347876,0.543676389365182,0.2437745144091725
345,6,True,0.7135317634878473,0.0371639206894629,0.9153169828782971,0.2973609762696784,0.6666497916779522,0.504246049962102,0.3323845587748221,0.47305166315725994,0.3323845587748221,0.2973609762696784,0.47305166315725994,0.7543757753455606,0.49440130188447945,0.3446219801291913,0.4563514543866171,1.0445281729822973,0.6074770315823528,0.41841967761586807,0.4734795949077348,1.1584469347814608,0.6113254618841678,0.47228876564855915,0.40825081628567617
344,6,True,0.7106121004267562,0.03751916517799218,0.9213327163350301,0.27704063844581506,0.6683355072549653,0.5045041142243281,0.32688896464324685,0.4521539965130487,0.32688896464324685,0.27704063844581506,0.4521539965130487,0.7352593370798995,0.49395010824802066,0.32819607540142826,0.4363031407433639,1.0263917712368529,0.6062376284550459,0.4093506539666627,0.4518292627627602,1.1448268414761011,0.6074545816868094,0.4693917370913684,0.39086807214066543
1671,6,True,0.7104100434755128,0.034043577854477224,0.8829245719574271,0.3886699080081354,0.5234678509435859,0.3998116860516813,0.06416288288293219,0.16375053914152918,0.06416288288293219,0.6081668908126381,0.16375053914152918,0.24596554718198596,0.0677098479033143,0.7247181620391051,0.16061574957372768,0.28354526370583666,0.06696724618612923,0.763821672381718,0.1638653927421135,0.2014427453402639,0.12314801203995729,0.3886699080081354,0.13850854504750165
1678,6,True,0.7101079422722463,0.03205381569938572,0.8528459046737622,0.46014069625403264,0.4564278105915536,0.40360658074224337,0.12160796285421623,0.26913888985703277,0.12160796285421623,0.5481590827738991,0.26913888985703277,0.3188189253690536,0.12049359517683444,0.6220626017186549,0.2625732412502654,0.3712947632614543,0.11471281774479929,0.6910464970279635,0.2718790889097183,0.2414915166733034,0.13037144205180723,0.46014069625403264,0.2228540187646615
376,6,True,0.7098644828793098,0.05681530874414694,0.993984266543267,0.1771167341913269,0.5973732935027829,0.5019612584883141,0.1368419662009359,0.16629572126060554,0.1368419662009359,0.1771167341913269,0.16629572126060554,0.4258290139725039,0.24049287237756492,0.43523605840278945,0.17244760385335323,0.7129886292113169,0.37344602119738596,0.47622443627119426,0.16520730033926004,0.8529565374317479,0.3698037986745317,0.5664447337633276,0.23408978953618834
1809,0,True,0.7083362503166515,0.04555469441286747,0.934289680703378,0.3143123732442955,0.46897697991673865,0.4085396075032073,0.2724793051900223,0.3973811026447189,0.2724793051900223,0.3143123732442955,0.3973811026447189,0.5019957211041612,0.3249254145436188,0.35273270093033593,0.3997270872969438,0.5311825091059552,0.34862228596606804,0.34368643547235445,0.395588050817345,0.8392391998180443,0.5166881283830378,0.38433747077703106,0.4518276633370746
383,6,True,0.7079933704202263,0.03331101401191619,0.8732068486811662,0.38127521222041816,0.5700738241351777,0.5021343001226994,0.13882376162638035,0.2243707773929299,0.13882376162638035,0.38127521222041816,0.2243707773929299,0.4757489533277375,0.24339562280284333,0.4883948328202182,0.22895097041748513,0.7725105108500288,0.3862015135640216,0.5000695678055354,0.22346804401939688,0.8543514187928303,0.3759147342186474,0.5599998713061163,0.25986701871881585
182,6,True,0.7069915264949523,0.0379424049068124,0.9250347061545581,0.2774852690176034,0.6122859271239227,0.47682346708412543,0.24120832236611875,0.3338455425512917,0.24120832236611875,0.2774852690176034,0.3338455425512917,0.29228945080871455,0.17544840011577187,0.39974433004565724,0.33852595904861316,0.6623491056303658,0.3185744562874068,0.5190233464809836,0.3360975179056953,1.368769183644723,0.6155975539630818,0.5502546657838361,0.3967216160714602
187,6,True,0.7065643550886835,0.03360887695961292,0.8796853308653401,0.3711250106475663,0.5538418646174362,0.4795163433006711,0.20372506957474878,0.32395161681422396,0.20372506957474878,0.3711250106475663,0.32395161681422396,0.31826314253100996,0.16452499444469373,0.4830535727879227,0.32931873962350683,0.7099789124011312,0.3290069548314369,0.5365961592876844,0.32669515643583114,1.3493623524143314,0.621350774754899,0.5395226688790049,0.37768737689467374
384,6,True,0.7059390263053438,0.031140037243151005,0.8366496992133272,0.4330100400485214,0.5771116468412371,0.5021872911089006,0.13162780154449918,0.23215190892580093,0.13162780154449918,0.4330100400485214,0.23215190892580093,0.48173978006959245,0.23405809348679493,0.5141399918167797,0.23644413327420347,0.7779759531034388,0.37562953091623197,0.5171707693305931,0.23086944406632218,0.853942058658476,0.3673914542120643,0.5697700441301274,0.26535791779353907
378,6,True,0.7046703142850161,0.045453981075081085,0.9703840814437761,0.20435408746836226,0.5817204732261947,0.502050034103533,0.14181768042232282,0.1782422032070499,0.14181768042232282,0.20435408746836226,0.1782422032070499,0.4352680968840408,0.24922167098453554,0.42742950202727503,0.18273494846108904,0.7248402527767885,0.394623518424058,0.45557173885929225,0.17745425515815116,0.8465040474935661,0.38877820292631987,0.5407249332386981,0.23426116656715068
377,6,True,0.7044845460667271,0.05185855121632654,0.988894030541416,0.1703000677271529,0.5894751047787312,0.5020246913810973,0.1399324827434166,0.1686543258598215,0.1399324827434166,0.1703000677271529,0.1686543258598215,0.42434397040769745,0.2441563597734684,0.4246263013024787,0.17325484257495816,0.7124375914277968,0.3845703847338534,0.4602048104127471,0.16752311906868853,0.8444492535529609,0.3804698684439009,0.5494461427455816,0.22973553661801216
382,6,True,0.7036499366696541,0.03412080862529812,0.8833873206848681,0.35121100530418126,0.5659297473596563,0.5020775239090413,0.14310148084412658,0.2205670595741516,0.14310148084412658,0.35121100530418126,0.2205670595741516,0.4737210571369421,0.24866355684282937,0.47508443397958067,0.22457840341618038,0.7691718424703912,0.39157556040523206,0.4909127729538467,0.21955068673626107,0.8561754085932317,0.37938666396022797,0.556882082628848,0.2588025023404198
1848,0,True,0.7023927626313087,0.0392699782729208,0.8574733919481722,0.4288802499444784,0.44991991673879106,0.37656589941409335,0.25013421890551607,0.43797157930749053,0.25013421890551607,0.4288802499444784,0.43797157930749053,0.4242438101902824,0.23965060043625927,0.4351111443941378,0.448632643842334,0.481406383762767,0.26712146444661056,0.4451227207276799,0.43592689245155786,0.7304267308868202,0.39353674024227375,0.46122352372773123,0.4987262463364339
343,6,True,0.7022821136670419,0.03720368722098924,0.9162424803331791,0.25673654944414215,0.6713990866720964,0.5047658337142976,0.3166242164915116,0.42599190940267634,0.3166242164915116,0.25673654944414215,0.42599190940267634,0.7122127554802106,0.48682834949945003,0.3164565703808474,0.4110197735137276,1.0046061629018135,0.5989409439295186,0.40380522631926474,0.4251525994685021,1.128805204586602,0.6039655844651267,0.4649514530841353,0.3702079862601597
1861,0,True,0.7016758583119286,0.036866439460215,0.8144377602961592,0.5045976954229385,0.43077669536967467,0.37692986014304414,0.09423006724090895,0.19307690385691123,0.09423006724090895,0.5119557784563264,0.19307690385691123,0.22989844472221854,0.11389221933406923,0.5045976954229385,0.19500161560543786,0.2914278356757858,0.1438962321631489,0.5062371724736898,0.1875514202862152,0.5347504659789577,0.25966662073829716,0.5144153446169881,0.23102147479606563
1233,6,True,0.701064610444031,0.03168103154674764,0.8468301712170292,0.40734103742456573,0.5544721360814666,0.46643964656954245,0.10028147183444286,0.3646931292383842,0.10028147183444286,0.7250250586188226,0.3646931292383842,0.4461088474491912,0.10871962956144976,0.7562934916375265,0.35621043495433485,0.47174629759293973,0.13334162963855536,0.7173446186670167,0.3610665463880293,0.2919060609855709,0.17300074327318993,0.40734103742456573,0.33809363528026354
381,6,True,0.7008488164433786,0.03598742750990722,0.9028227672373901,0.3073612911899901,0.5722904546768655,0.5020570906993348,0.1442998561357711,0.2083335139956095,0.1442998561357711,0.3073612911899901,0.2083335139956095,0.4637035680162583,0.2512277305633617,0.45821479951486344,0.21260492193577207,0.7589622991768736,0.39693462367926036,0.47700350319145945,0.20724506473306523,0.8537018669348252,0.3857046029977203,0.5481975406911387,0.24976098687698808
180,6,True,0.7006984266286019,0.03730211005590501,0.9190189726978251,0.2641241450487708,0.6195169676505816,0.4760079911246821,0.27466886076576874,0.3732543457129364,0.27466886076576874,0.2641241450487708,0.3732543457129364,0.3187338974995851,0.19431993268228911,0.3903380399552825,0.37884207079122095,0.6937030150583571,0.3334284867160545,0.5193498089553421,0.37498012813702036,1.4228011484387,0.6381833473416538,0.5514599155040327,0.4360330357231652
346,6,True,0.699892579124247,0.0365940617981352,0.9083757519666821,0.264105704380149,0.6647299182686123,0.5039956128166619,0.365324226546292,0.4964357363832747,0.365324226546292,0.264105704380149,0.4964357363832747,0.7742886942834999,0.523825231470414,0.3234755520288929,0.4797190329697434,1.0622845515174535,0.6351178918954286,0.40212074910797246,0.4972538367908823,1.1699148388768856,0.6316402847581222,0.4600972106956992,0.42856971379581726
867,0,True,0.6978917634811492,0.053747841018891435,0.975937066173068,0.2067992081362019,0.4788346795375462,0.6009841097080185,0.20253151109615186,0.27827679228054886,0.20253151109615186,0.2721940286994299,0.27827679228054886,0.3104645030848349,0.24437934722076302,0.21285897488259398,0.2800219916609749,0.3260068346029336,0.2585888793600572,0.2067992081362019,0.27587510477834715,0.4434074997101369,0.32808873775943165,0.2600739997092767,0.3373020882683975
371,6,True,0.6965442380366448,0.035823890414562014,0.901434521055067,0.2800537948593482,0.618108390513068,0.5017535362362381,0.25340058427824513,0.35197155352564113,0.25340058427824513,0.2800537948593482,0.35197155352564113,0.6404087998294121,0.36799027859490274,0.42538222664503433,0.35554369733805996,0.9376308914338163,0.4717927971474676,0.4968246018153194,0.35127922040822446,1.0421940953961333,0.4421284900031023,0.5757714499091926,0.41413619826373615
1810,0,True,0.6956972246381871,0.04076986844440745,0.8796853308653401,0.3634974076451315,0.46805336911977585,0.40826485453907346,0.27223831828282646,0.42770967715249425,0.27223831828282646,0.3634974076451315,0.42770967715249425,0.5458980772416203,0.3163086333238429,0.42057199592618943,0.43222704229560005,0.5741771884359589,0.3319305253511428,0.4219022767948838,0.4236954456674295,0.8618611493477377,0.48005812456147745,0.44299830091565373,0.487665725443245
1853,0,True,0.6932578802448053,0.04011265011430378,0.8704303563165201,0.37473563095065343,0.45622012801349215,0.3769954317645382,0.1918400745013945,0.3068143396577493,0.1918400745013945,0.37473563095065343,0.3068143396577493,0.32020176357668134,0.19376431226846855,0.3948680666086768,0.313540711875749,0.3865706118580258,0.22418945727454437,0.42005561106419154,0.3007607451171705,0.6506800323731405,0.3460890640526817,0.4681117495023842,0.3803878360856639
342,6,True,0.6923484001556994,0.03556750695930705,0.9000462748727441,0.24997008688411726,0.6733423665409214,0.5050955291024036,0.29685130773876683,0.3957859580633847,0.29685130773876683,0.24997008688411726,0.3957859580633847,0.6807958383194515,0.46631207094095695,0.31504858770574884,0.3813322969437369,0.9713166950531473,0.5783845894199784,0.4045355213539997,0.39395570950720105,1.1046649488477127,0.5913123798269407,0.4647133681178671,0.34847987034034195
385,6,True,0.6922949571416165,0.029494380696661892,0.8019435446552522,0.44167351969597235,0.5882112890519875,0.5022275958516442,0.13330736509770982,0.23876239046573514,0.13330736509770982,0.44167351969597235,0.23876239046573514,0.4865257723626142,0.23509716832803837,0.5167837313398944,0.24178518175636424,0.7853365473505886,0.3724990720393882,0.5256822399313376,0.23695206924525558,0.8535568839922784,0.3621189323265283,0.5757530176163348,0.2696870378404578
1854,0,True,0.6911048157757046,0.03536485251046658,0.7857473391948172,0.5092749695902796,0.45448655301212115,0.37699160161330836,0.1559757287877861,0.3220345185140944,0.1559757287877861,0.5156552486749661,0.3220345185140944,0.3298591887108548,0.1618701604110599,0.5092749695902796,0.32946804929906254,0.39060400207520646,0.18557331519754489,0.5249067746064342,0.317340316742855,0.6444581098342849,0.3021541990057938,0.531149977950484,0.3854711431902737
179,6,True,0.6904736956743417,0.03365344231549119,0.8806108283202221,0.295689310939963,0.6146148823224173,0.4749276242288379,0.3034378401568752,0.4308295257620454,0.3034378401568752,0.295689310939963,0.4308295257620454,0.3603965993854328,0.21304327602644224,0.40886435557456746,0.43600843652878124,0.7400643866502101,0.3543313879383022,0.5212154586412003,0.4326476812381553,1.4692612385555686,0.674112084335801,0.541189771671564,0.4884735539292035
806,0,True,0.6873211602409635,0.06093978231388425,0.988894030541416,0.17540212308485448,0.4025350804479908,0.58625180037136,0.18849703391062334,0.24283701842863079,0.18849703391062334,0.22377142031159403,0.24283701842863079,0.3493980881274162,0.26198152010286097,0.250191889981598,0.2463139415416052,0.474337068984493,0.39113734002676587,0.17540212308485448,0.23805028979367282,0.5878775080099843,0.4172707176655364,0.2902080586855015,0.2835895784189278
1568,0,True,0.6866321358461599,0.04561320689159431,0.9356779268857011,0.25311966926267904,0.4285727162450566,0.4710997190585063,0.2449026092857325,0.4363118853235133,0.2449026092857325,0.4386982855070658,0.4363118853235133,0.29922513900229714,0.22348537078295652,0.25311966926267904,0.42285811960319775,0.3096269547823236,0.223158064848894,0.27926796616986926,0.4295796376404563,0.5226761790729487,0.2960916022146184,0.43350852005579243,0.40076422864092076
181,6,True,0.6862199252808125,0.03483876014231808,0.8898658028690422,0.2644958680249022,0.6193826343882083,0.4765384486126903,0.25988429498934584,0.3533417199050417,0.25988429498934584,0.2644958680249022,0.3533417199050417,0.3048893453048804,0.18533156693105998,0.3921349834454403,0.35749522120806293,0.6789938674668248,0.323044620479313,0.5242304298203448,0.35477740202539576,1.3977640437144474,0.6200784799461626,0.5563782866396012,0.41367357362549323
1150,6,True,0.6860568474859898,0.031240697077933754,0.8389634428505321,0.3656355925187468,0.5688444830509979,0.448032260507997,0.07505394740921435,0.11831361678568379,0.07505394740921435,0.3656355925187468,0.11831361678568379,0.26683785567816826,0.08427892743375576,0.6841567804554534,0.11265462222375078,0.3899754134075739,0.11690533850833587,0.7002238231204722,0.11952703063318092,0.30132534142847783,0.14063620536196217,0.5332745507057083,0.09572018830715527
812,0,True,0.68440052868457,0.05410094692169445,0.976399814900509,0.17183462366122426,0.44650234135948286,0.5921384537373028,0.1915781076991555,0.27354650388043605,0.1915781076991555,0.29965068103048376,0.27354650388043605,0.353830855976571,0.264506212636973,0.25245012364188113,0.28388582995329775,0.504798020602549,0.418056242707379,0.17183462366122426,0.2751737802645988,0.5761567361707756,0.45746910872263824,0.20599885412596786,0.31768992299608984
813,0,True,0.683017620342394,0.044318567475928584,0.922720962517353,0.26416125412209757,0.42408762847088227,0.5953179824938596,0.1847057985552031,0.2812364606135924,0.1847057985552031,0.3432366551896646,0.2812364606135924,0.3507057431727521,0.23227780792316202,0.3376846189577636,0.2870399461883721,0.4919674809811971,0.36200873421791485,0.26416125412209757,0.28053296924629156,0.5804308276256275,0.41297593414180994,0.28850103322186804,0.32219473988264496
1860,0,True,0.6821843308460461,0.03610979064482279,0.8024062933826932,0.46581684049568495,0.41236132005994025,0.3769481180573179,0.10555543434689396,0.21010365180434756,0.10555543434689396,0.49760304763674856,0.21010365180434756,0.24169170114086982,0.12658251128238787,0.4762645523827508,0.21490884540301622,0.3047740115339381,0.16280514441600363,0.46581684049568495,0.20512110835067612,0.5537434861775986,0.2878901111634067,0.48010203578074506,0.25108422498062916
883,0,True,0.6809484221506074,0.04563807532614437,0.9361406756131421,0.2066811438659829,0.5087374118424147,0.6006074057348996,0.14136970783917868,0.20885897340629844,0.14136970783917868,0.3231331863143426,0.20885897340629844,0.33703483707440607,0.2550098846561992,0.24337232652332152,0.21248790845577484,0.2950133072363988,0.23403961944109325,0.2066811438659829,0.20694300868137847,0.4200857054763136,0.307012368371115,0.26916730474556505,0.24420743877061898
520,6,True,0.6805832992377093,0.030884568261662648,0.8306339657565942,0.3283894329180287,0.6674948648400366,0.5499395575493744,0.026147001304565265,0.05082614928253829,0.026147001304565265,0.4855600576936041,0.05082614928253829,0.20916367268759672,0.07686196412270263,0.6325271824926197,0.04864861153926192,0.330060449343505,0.10017878973480533,0.6964835079935738,0.047607214006909704,0.2841353258090147,0.19082828729461304,0.3283894329180287,0.057926394868751764
1052,6,True,0.6800343618009236,0.06681892206330621,0.996298010180472,0.12017177822382641,0.4583382324353966,0.4617822706894357,0.17701555741611763,0.2810822686200748,0.17701555741611763,0.37023577372864835,0.2810822686200748,0.1700707137341,0.14963301364087786,0.12017177822382641,0.2691871365287431,0.2502225064159757,0.12729894920089063,0.4912569975249712,0.2857668286172384,0.22739720624024562,0.18354115292117423,0.19286100319428456,0.2216565518261071
1330,0,True,0.6800010397252173,0.05253432232411653,0.972697825080981,0.15612344384400112,0.4681509403152648,0.5623945830889525,0.4492452589950046,0.6002231403016937,0.4492452589950046,0.25153625571783544,0.6002231403016937,0.5014517495630032,0.40013701535611523,0.2020428372125136,0.614305550967624,0.39354772236180874,0.33210569662972034,0.15612344384400112,0.5985172411133439,0.3704418506039645,0.27064404491023974,0.26940208167898816,0.7222825581732377
877,0,True,0.6794929520981009,0.041093943285107216,0.8861638130495141,0.29350939460826886,0.4835822719086319,0.6009166206012564,0.2092289642747407,0.36596091218529764,0.2092289642747407,0.42827510450405315,0.36596091218529764,0.4218438850430486,0.28049828787173176,0.33506612797502733,0.36042017147412014,0.3992564412419087,0.27224585445272437,0.3181178151919378,0.35930760850877946,0.48598544652012066,0.3433441523235708,0.29350939460826886,0.3511087140484574
1260,6,True,0.6787572769529187,0.036868565128229204,0.91207774178621,0.22317349277174814,0.5576635822828921,0.47153250818489,0.1320845380080585,0.18908589152216307,0.1320845380080585,0.3014574649395423,0.18908589152216307,0.35424049798867036,0.12952135859415598,0.6343688558209444,0.19624568417583332,0.3283664290630306,0.1474800244705207,0.5508675326788306,0.18793846545434947,0.2354593739206402,0.18291108303692186,0.22317349277174814,0.23771103914546668
1327,0,True,0.6782034189416671,0.048398520167601024,0.957427117075428,0.18099161155741983,0.4519237693672718,0.5620967704980855,0.5450353149879222,0.7256522669650582,0.5450353149879222,0.24890289770959007,0.7256522669650582,0.600883226065351,0.46286859619045134,0.22968627495001748,0.7442736824113941,0.4509539851096007,0.36933509660637337,0.18099161155741983,0.7231655392366306,0.41278959849080216,0.30245843467850303,0.2672818409564589,0.8590008757843756
899,6,True,0.6776941541798126,0.041844775434583426,0.9578898658028691,0.1996688662634305,0.38848561399349013,0.49931441215566746,0.10055176779783377,0.4330984518640944,0.10055176779783377,0.7678316157329818,0.4330984518640944,0.42717570461455967,0.25129047055152637,0.41173978801471034,0.4139910180807716,0.3403167536733279,0.2723660932969234,0.1996688662634305,0.42926477962152626,0.38467407174765034,0.2872338917697805,0.253305816883316,0.3782067390059358
519,6,True,0.6776053412347569,0.030147155273764856,0.8167515039333642,0.34382757660822194,0.6608131628560835,0.551222632338222,0.027922942134572953,0.05461398629311206,0.027922942134572953,0.48872177202537204,0.05461398629311206,0.22373013248602014,0.07817713537877331,0.65057395483526,0.0527799062324115,0.3500074110931509,0.09935370141601256,0.716138292312986,0.05142476691766207,0.29577898283656534,0.1940820119562242,0.34382757660822194,0.06359150133771256
875,0,True,0.6775664773045829,0.04098463652813474,0.8833873206848681,0.2886036830683314,0.49291712041649416,0.6010907443295117,0.20121680916822138,0.3112815148735297,0.20121680916822138,0.35358574295690637,0.3112815148735297,0.3846095855102396,0.2645036073537435,0.3122802516665266,0.31407151022994134,0.368843761913645,0.2623940937485883,0.2886036830683314,0.3075818429621815,0.4724020748672804,0.32630302730252736,0.3092684290300779,0.3495763032591365
1679,6,True,0.6768244492239515,0.029292155909980275,0.7977788061082832,0.4458497722814114,0.4418011448538647,0.40466790517875995,0.13162537893680945,0.2691224128348804,0.13162537893680945,0.5109088925359481,0.2691224128348804,0.3182629897117107,0.1284760157148845,0.5963212190293921,0.26322604945984895,0.3703471490403434,0.1201059597539299,0.6756935754327995,0.27217429122675557,0.24187972765118815,0.1340377061584161,0.4458497722814114,0.22706911100988458
1534,0,True,0.6765433316315376,0.04572772346958998,0.9379916705229061,0.19705623800583383,0.4843062496833439,0.4643859654974443,0.34284266722915385,0.4981722429558468,0.34284266722915385,0.31179893685979576,0.4981722429558468,0.369086514886159,0.2652788150007703,0.2812557373368333,0.48093973059938633,0.31080149702845156,0.24955612325744356,0.19705623800583383,0.49324417158784417,0.5006587679593444,0.27319681638594423,0.4543253132278531,0.437300599610857
1051,6,True,0.6761069931472384,0.07557305489252839,0.9972235076353541,0.0996196396889093,0.47609347422888665,0.4623150380902028,0.16216640397895973,0.2719390321101716,0.16216640397895973,0.4036663191723773,0.2719390321101716,0.1668298688795161,0.1502103374523907,0.0996196396889093,0.2604840701787929,0.2445368111532371,0.127682122089451,0.4778613432991895,0.27555422195635737,0.22208434414331077,0.18059887116010798,0.18680052906580513,0.20682981466680142
1329,0,True,0.675408613259566,0.05269564880568179,0.974086071263304,0.1379744355483865,0.46973246963398035,0.5621307983918535,0.5036470119639032,0.6256166329368299,0.5036470119639032,0.19495904448762047,0.6256166329368299,0.5310069365114063,0.43534315187655376,0.18015543311607496,0.6427352916036002,0.40763914194916917,0.35139536143130395,0.1379744355483865,0.6245401539256493,0.3787367204532708,0.2883296866250243,0.23870680857152604,0.7356293490123947
900,6,True,0.6738480914365534,0.041514353190977425,0.956038870893105,0.19533228954066306,0.3722896912780195,0.4994319103532981,0.11230855476551815,0.45737373353042754,0.11230855476551815,0.7544490500173275,0.45737373353042754,0.4373805018784836,0.2588128233246158,0.40826620708272643,0.4372442413295628,0.34670725327570295,0.27898413169300534,0.19533228954066306,0.45303117726512054,0.39042351060824926,0.286247502640436,0.26682821381713195,0.3962664459248675
1325,0,True,0.6729142077750558,0.04917289197282304,0.960203609440074,0.16961538937782927,0.4192778624166999,0.5625569174063663,0.6179102125718583,0.7463515804437275,0.6179102125718583,0.17209231043030304,0.7463515804437275,0.6385735336255937,0.5085138476692058,0.2036722148786141,0.7645977919003778,0.4769074488035267,0.3960166061775293,0.16961538937782927,0.7456223123584197,0.43855303999968537,0.32178503087568777,0.26625743860783946,0.8759414723867561
818,0,True,0.6719772700397207,0.04091038079844559,0.8815363257751041,0.2854003043806057,0.45589015837986974,0.6020596796185842,0.22094236592195768,0.3638799497890397,0.22094236592195768,0.392815223674595,0.3638799497890397,0.3496945186172704,0.230905098296069,0.3396948307651704,0.365077349972152,0.4953990067266346,0.35401197941700335,0.2854003043806057,0.3590301134940382,0.5871163409901057,0.39671356041507977,0.3243016201080914,0.3997731683469396
493,6,True,0.6716573744807347,0.03065323123767499,0.8250809810273022,0.318519151994635,0.635611383686931,0.5474654175954844,0.0549401487814006,0.08061877152117425,0.0549401487814006,0.318519151994635,0.08061877152117425,0.22660111078186462,0.09239578800681714,0.5922535962510747,0.07849296914414787,0.43877107209689514,0.12260381521597198,0.7205745250477747,0.07578433961009261,0.35524391713995385,0.19268562661770242,0.45759626746320636,0.09708204097873756
876,0,True,0.6703184640415119,0.042436519429357424,0.9037482646922721,0.23167736161712693,0.4894112321023783,0.6011452085869041,0.22680261004831417,0.31496235080767687,0.22680261004831417,0.279905647558476,0.31496235080767687,0.3849794476184804,0.28692187239414507,0.2547085976431439,0.31688268623911214,0.36972144834645154,0.28406535866028276,0.23167736161712693,0.3111226437914262,0.46605406812946887,0.3450476758052453,0.25964024476792724,0.33438686615020835
1173,6,True,0.6694206693347449,0.03313175704152812,0.8695048588616381,0.2491788335863212,0.5991458982802947,0.4568956515707,0.06982419207463883,0.0929971013046373,0.06982419207463883,0.2491788335863212,0.0929971013046373,0.21578962217008346,0.08043701953084421,0.6272433367187396,0.09697761735696049,0.3121767814274705,0.10949198003632138,0.6492628966970109,0.09681316899305414,0.25287862778489534,0.1498946285890534,0.4072467495491261,0.10850270447343358
1842,0,True,0.6694093656155432,0.03944037383836176,0.8588616381304951,0.3100948384741894,0.4695009500803877,0.3796460199826596,0.3366005224569684,0.4878939037251652,0.3366005224569684,0.3100948384741894,0.4878939037251652,0.5003278948559546,0.3435221468918132,0.31340596751913286,0.5029464670191016,0.5349958635383123,0.3634740842979589,0.32060393533878284,0.48964014295556374,0.781597177004526,0.5054295750500136,0.3533375120582264,0.5536488846562527
882,0,True,0.6693188784456163,0.0435880263306437,0.9148542341508561,0.206747481097875,0.49867517040825843,0.600624560240338,0.16869006201064693,0.24056523354870873,0.16869006201064693,0.29877622164180595,0.24056523354870873,0.3495740322181346,0.2691049270483894,0.23019188427455162,0.24892339563912746,0.3176170664451426,0.251950538003913,0.206747481097875,0.23916741006010825,0.4364146460353674,0.3167885197337849,0.2741111632900787,0.287239905084061
897,0,True,0.6687273175793442,0.051209369960743635,0.968533086534012,0.11644279112966038,0.49527936973440084,0.6008218217299806,0.1394480798152735,0.17549415708090446,0.1394480798152735,0.20539759194953366,0.17549415708090446,0.33698148518395793,0.29774242049011956,0.11644279112966038,0.17488972263233782,0.24882556597760908,0.21594937430049807,0.13212545723725755,0.17890482877400252,0.37921082957106117,0.29752817313988167,0.21540169758224903,0.17908486428712692
894,0,True,0.6685561973405857,0.04947612075493598,0.962517353077279,0.12024683809380898,0.5122346937380351,0.6007697722006595,0.15584287531600752,0.17714386496587006,0.15584287531600752,0.12024683809380898,0.17714386496587006,0.32325379701031715,0.2658097268011723,0.17770578641435542,0.1796475229794919,0.24213648147726832,0.20008270214585575,0.17367799794084549,0.17627754151899558,0.3659207546066993,0.2726740733973389,0.25482752764211003,0.20355740850081946
386,6,True,0.6684541251475994,0.028149998007667442,0.7714021286441463,0.4110433086222006,0.59440068238866,0.5022718197094183,0.14387847088489933,0.24429380460609332,0.14387847088489933,0.4110433086222006,0.24429380460609332,0.4875354794719698,0.24843465550809266,0.49042753611047485,0.24600227314951342,0.7871420210368434,0.3843180231767207,0.5117551688188526,0.24192743845416084,0.8520019795228381,0.3695879756019038,0.566212304097121,0.27401308676287406
1262,6,True,0.6682207394323022,0.03914911415989673,0.9384544192503471,0.133202250268736,0.5903285472650781,0.47102146618152607,0.12482430549205097,0.14400626389575957,0.12482430549205097,0.133202250268736,0.14400626389575957,0.28958292517206097,0.12244087958076727,0.577181978156976,0.1515569764735016,0.2760142858371734,0.1468904055143205,0.4678159318138546,0.14452865369905085,0.2045066034500146,0.1713583975336016,0.1620886825031792,0.19177828294709556
1334,0,True,0.6679962487198412,0.05267670832385885,0.973623322535863,0.11452782542774975,0.4682623982358476,0.563214058644737,0.40089118899249093,0.5106304783752497,0.40089118899249093,0.21490939932127207,0.5106304783752497,0.44849904813104047,0.38727271388001,0.13651385550575712,0.51944308986043,0.3532744570777513,0.3128147017294675,0.11452782542774975,0.507625024998441,0.3505259719767321,0.2600742404116536,0.2580457335443396,0.6279659596768071
1335,0,True,0.6679229681293967,0.05149795578992261,0.9699213327163351,0.11940408075076836,0.47141077545998616,0.5634634283218403,0.38962886906720584,0.4910654587729481,0.38962886906720584,0.2065642938096428,0.4910654587729481,0.44407457994190397,0.3831452126795531,0.13720525788781235,0.5027416793177314,0.35249791018561066,0.3104082212533309,0.11940408075076836,0.4870844298889853,0.34913632193620814,0.2601014735053964,0.25501456834124403,0.60192214422072
874,0,True,0.6678665567271382,0.04140913679720908,0.8926422952336881,0.2370518924438335,0.5042984137714412,0.6010355322487778,0.20766610536798014,0.3021359098263881,0.20766610536798014,0.31267320893002015,0.3021359098263881,0.35875643741023505,0.26762149043749167,0.25403013707746047,0.30957174361977285,0.35286380604712103,0.26921677304871716,0.2370518924438335,0.3039985188828042,0.4544246565224126,0.3403459313476946,0.2510399106591866,0.35909751833576137
188,6,True,0.6677879849168787,0.029049624422831193,0.7908375751966682,0.38730507027672634,0.5617767623552682,0.4797252079362188,0.21101454724440297,0.3444039390691687,0.21101454724440297,0.38730507027672634,0.3444039390691687,0.3385708900360216,0.17090491532005556,0.4952167467738515,0.3499503533769701,0.7359353799918539,0.3390066486245391,0.5393526961181135,0.3457645886201715,1.360655426046488,0.6272083084269297,0.5390395713561793,0.3914894998804534
613,0,True,0.6676188003528671,0.05262214528112155,0.973160573808422,0.08939301655197851,0.542206084830626,0.5733952086954539,0.16969169179495946,0.24843883968966848,0.16969169179495946,0.3169679426657851,0.24843883968966848,0.2141073633010456,0.19496766022957476,0.08939301655197851,0.24380757216027424,0.36190700640374773,0.26907959606699494,0.2564952009610818,0.2522352054093169,0.3951237924560279,0.2786807967381721,0.2947000356370957,0.2189709215885798
347,6,True,0.6660478592578587,0.03334822709716501,0.8736695974086072,0.21049452291063908,0.6606470368036337,0.5037195006965689,0.3921954655061002,0.49676091792547394,0.3921954655061002,0.21049452291063908,0.49676091792547394,0.7721214595815665,0.5489161843034595,0.2890805228999438,0.48164026846874847,1.058588294841882,0.662946806799095,0.3737444386742277,0.4981337693552292,1.1683732754686538,0.6581563026640344,0.4366900403468772,0.43440332911534907
1261,6,True,0.6656884990049466,0.03625403041581786,0.9060620083294771,0.18523103948171504,0.5708818299569363,0.4713688032924579,0.12968209920085022,0.16844501135547227,0.12968209920085022,0.23012205492283788,0.16844501135547227,0.3246516441308868,0.1264185080467259,0.6106025940969548,0.17587916649887725,0.3029457996825154,0.1477668099672868,0.5122335080329711,0.16801587997104586,0.22001587299502942,0.17926210413768312,0.18523103948171504,0.21674456284330554
1744,0,True,0.6655149697548979,0.049589106265182,0.96298010180472,0.09776119558443597,0.5469656017720704,0.4964996901446674,0.07955537916040727,0.13131348527884631,0.07955537916040727,0.3941568225725627,0.13131348527884631,0.3082512338930759,0.2781162247273112,0.09776119558443597,0.12934031934088966,0.34903635225430996,0.3111189170659937,0.10863463058624157,0.13106755830793002,0.6537698054448725,0.49532537708979374,0.24235507213010798,0.1120752623465892
341,6,True,0.6647686746104708,0.03191462025002,0.8505321610365572,0.24376113108048048,0.6637425476804809,0.5056527085611602,0.27442852718761473,0.3628860383488434,0.27442852718761473,0.24376113108048048,0.3628860383488434,0.6457623415962211,0.44369531510284865,0.31291237267551886,0.3504986011997442,0.9323003750085492,0.5575931570293138,0.40191683713073634,0.3614621467100954,1.077524119670784,0.5751330627617733,0.46624576446836874,0.32571640975458876
494,6,True,0.6646989587217571,0.029715910191751186,0.8070337806571032,0.32145136833726407,0.6474665789202628,0.5468031214882871,0.049845152181867323,0.07345848161203312,0.049845152181867323,0.32145136833726407,0.07345848161203312,0.22127464111200146,0.08698024834530216,0.6069127130511272,0.07156069408014358,0.4280642241931214,0.11491015565723117,0.7315586092861865,0.06875584964487187,0.34653466275770295,0.1893223648118928,0.4536697619070015,0.08802772466610609
1174,6,True,0.6638637634952277,0.030510154416015938,0.8232299861175382,0.3116458240065574,0.5875502323449139,0.456944861727349,0.06754133782987834,0.098120037889509,0.06754133782987834,0.3116458240065574,0.098120037889509,0.2177064227677492,0.0792941311053934,0.635774957406815,0.10156127406434916,0.3173595562845439,0.11028032447894212,0.6525066843108861,0.10091880064894003,0.2544987616206064,0.15330261340720372,0.39762923626426394,0.11326972998211123
1333,0,True,0.6638192074781595,0.05086136397550858,0.966682091624248,0.11101463626626662,0.47173770786155494,0.5627210444071783,0.4065840144709972,0.5279102748547323,0.4065840144709972,0.22982363890742807,0.5279102748547323,0.4509731835398794,0.3903046953864507,0.13452792841741956,0.5359834968896162,0.360941654054933,0.32087184761668,0.11101463626626662,0.5244879727723458,0.3492425481392939,0.266734687124656,0.23624802148027513,0.6380404333313029
1326,0,True,0.6635560527252711,0.044204576514265875,0.9199444701527071,0.20229901583388898,0.42894112898750886,0.5623392231243483,0.5371989795047355,0.7216896272312079,0.5371989795047355,0.2556371059873458,0.7216896272312079,0.6160163345998835,0.4602636695103272,0.2528385309631783,0.7346675266326909,0.46267805600156064,0.36907874062450796,0.20229901583388898,0.7184324530037761,0.41858084277921864,0.30633138160402845,0.2681667427250043,0.834256704528476
1808,0,True,0.6630446309034944,0.03599318862440654,0.7996298010180471,0.38364804629285776,0.481353165066135,0.408246445722006,0.2607901639793478,0.4231189053766859,0.2607901639793478,0.38364804629285776,0.4231189053766859,0.5314851755551372,0.3087041983117352,0.4191668695381896,0.4236845589454659,0.5612845823963278,0.3228415734409588,0.42481660183390246,0.4220242933248836,0.8592907676330367,0.4739153674634419,0.44848078751169684,0.4658431632633025
1053,6,True,0.6629039603400586,0.05694925054974322,0.994447015270708,0.06772874859429667,0.4536182812641559,0.461438873055641,0.17999218189891697,0.26063815675953433,0.17999218189891697,0.3094173771917119,0.26063815675953433,0.15893078689739348,0.14816660358772618,0.06772874859429667,0.2502498168015815,0.2412215965227002,0.12642834545297538,0.47588297534098356,0.265691408856939,0.226316742298467,0.18412827499634585,0.18641337301719774,0.21507782537330097
884,0,True,0.6624510552788213,0.041150462401140155,0.8875520592318371,0.22545315552292966,0.5103907900602387,0.6006074057348996,0.14464607093280266,0.21349435423679353,0.14464607093280266,0.32248292255835953,0.21349435423679353,0.33329216691486163,0.2581503961728311,0.22545315552292966,0.2186357913854771,0.29310893045547526,0.22671398705755547,0.22651968773092546,0.21412839385684523,0.40301630465127347,0.30120148111025513,0.2526320210025196,0.25174306192157797
1327,6,True,0.6623421285572367,0.04122060075742267,0.9541878759833411,0.12713516169526562,0.47107642056986454,0.4541840066754503,0.18108338083698539,0.3412111975959214,0.18108338083698539,0.4692923851478257,0.3412111975959214,0.3076404130461987,0.17595813466423585,0.4280395968724303,0.32612137387540746,0.26606064609488267,0.1939808377020282,0.270914956611619,0.3384458754287392,0.19710773155328368,0.17204840823086995,0.12713516169526562,0.28573102686534274
1050,6,True,0.6616459466090274,0.08207496575131598,0.998149005090236,0.04716096464839703,0.48423154669390306,0.4629217285797286,0.14247951151371055,0.2551749059256525,0.14247951151371055,0.4416397999761652,0.2551749059256525,0.15962252810526087,0.1520945757002009,0.04716096464839703,0.24510336187697612,0.2310539613695205,0.1289123649656774,0.4420681463257401,0.25727542760945454,0.2164788525031299,0.18422543372576786,0.14899108344495549,0.1928441257304976
1337,0,True,0.6605111604678577,0.048278643316330604,0.956501619620546,0.1168886751228514,0.47193748120729234,0.5637204849898438,0.36580786716838753,0.45212112868266363,0.36580786716838753,0.19090738308507138,0.45212112868266363,0.4271896036045679,0.3772559768129739,0.1168886751228514,0.46017831290651484,0.34216736591005514,0.30202813157376424,0.11730877440498588,0.4450797773282901,0.3377239979985236,0.2574551541878936,0.23767586634746907,0.5485432997328555
1326,6,True,0.6603349639915057,0.04367865754350547,0.965293845441925,0.10059619997368896,0.4750918127843642,0.45470244894242434,0.17380095484404814,0.3184943705857669,0.17380095484404814,0.45430446847648276,0.3184943705857669,0.2884991580007574,0.17247562406397246,0.40216246986925475,0.302955347402371,0.2547456588615195,0.19061089887994928,0.2517599721549487,0.31499505979368614,0.19024709390829067,0.17110895920507907,0.10059619997368896,0.2643648667602196
900,0,True,0.6583921789929775,0.06815172627287369,0.994447015270708,0.034042503615704156,0.5095592027291226,0.6026218587727071,0.1622131034425547,0.18355430427772457,0.1622131034425547,0.11626641455860287,0.18355430427772457,0.3098067290416627,0.2992601323480924,0.034042503615704156,0.18300817276260925,0.22877241860476916,0.21656708567389957,0.05335141799569687,0.18598811642583882,0.34546576298919457,0.28682825585817256,0.16973464063023824,0.1874911730466361
517,6,True,0.6578951298908289,0.02782958099204633,0.7644608977325312,0.37028541296524176,0.6457905713499081,0.5523804925647051,0.03420373418430215,0.06878659022793787,0.03420373418430215,0.5027557831990019,0.06878659022793787,0.2518398335881585,0.0770637285122638,0.6939970638708073,0.06671317956560925,0.39317573760301205,0.09646638934820258,0.7546481633472402,0.06491400510566876,0.3218819719571171,0.20269377304490963,0.37028541296524176,0.08014546728088474
1332,0,True,0.6576200562757825,0.052867562727197,0.974548819990745,0.07818227856267135,0.46890962711608514,0.5625342546532237,0.5053222113321113,0.5802400621544134,0.5053222113321113,0.12911526747073343,0.5802400621544134,0.4957177725935309,0.44336866643571743,0.10560264136573061,0.5956878766152865,0.38200123152827714,0.35213550483364986,0.07818227856267135,0.5768563270769884,0.3701115321518772,0.2819682913178028,0.23815318674778374,0.6998223893369344
880,0,True,0.6558024299732748,0.04682433190118034,0.945395650161962,0.11554914340272993,0.4843986187147473,0.6005422233886156,0.22883803831752203,0.290204591251,0.22883803831752203,0.21145962118980266,0.290204591251,0.37755943848500567,0.31153056705881016,0.17488338178259522,0.29486250039339157,0.3352878778475324,0.29654565076893086,0.11554914340272993,0.29054501209680567,0.457060435565868,0.36455063003136007,0.20240169206502268,0.3345843622076519
1172,6,True,0.6555960424355864,0.031655582037591744,0.8463674224895882,0.2416250987578744,0.5992480156343009,0.4568988239681903,0.06957140430200982,0.09173748259345127,0.06957140430200982,0.2416250987578744,0.09173748259345127,0.2162422803128233,0.08037580157669855,0.6283067240114919,0.09649480325522826,0.31233110926412555,0.10864835849546285,0.6521372502680052,0.09616862664584025,0.25380892764206914,0.14923467465923942,0.41201960054889886,0.10561541858507513
1336,0,True,0.6554867450161534,0.05063353448742188,0.965756594169366,0.0889825775206633,0.4591367467527149,0.5636974272196371,0.4116016416804398,0.48516992329311887,0.4116016416804398,0.1516340524848081,0.48516992329311887,0.44688932359812245,0.3980023432350501,0.10939393219211313,0.49611776468961216,0.34709647613835837,0.31621093704322784,0.0889825775206633,0.47973881998183104,0.343184995753714,0.2722676437592584,0.20664467523909258,0.6001251706448346
1324,0,True,0.6552513604370358,0.04520867689233643,0.9310504396112911,0.15528111768387465,0.4314180532622785,0.5624222914257729,0.6623453400062803,0.7841014968082671,0.6623453400062803,0.15528111768387465,0.7841014968082671,0.6700064720742565,0.5447967435169493,0.18687838666643541,0.801087928766338,0.49373252287880914,0.416465968714942,0.15649476302137966,0.7846407896107802,0.4384341042850366,0.3382663194858864,0.22846713752456782,0.9080569434579729
1208,6,True,0.6546987432911564,0.028269987782493,0.7737158722813512,0.3700084400468091,0.568382751364381,0.4640567084024814,0.08972065719844446,0.25403278562543785,0.08972065719844446,0.6468146543464892,0.25403278562543785,0.3111589359400942,0.11556139228866695,0.6286097587410591,0.24658940443146715,0.4198310047091232,0.15051920412216405,0.6414766836326198,0.2530249195338383,0.2609306387029284,0.1643841001160403,0.3700084400468091,0.23672463170985328
827,0,True,0.6545235335894155,0.04066893228099659,0.8782970846830171,0.22672398449811326,0.47357795898472943,0.6027553100927204,0.37379291129383646,0.5243040350476526,0.37379291129383646,0.2870684062924226,0.5243040350476526,0.4466502458890012,0.3100481513579465,0.30583682823047686,0.5249820111700738,0.6055721853721595,0.46827444660335343,0.22672398449811326,0.5141410020471556,0.6622138023954529,0.49601008685713294,0.25098195618560726,0.5430829217152621
492,6,True,0.6544300857852665,0.02898735314282397,0.7889865802869042,0.3251312339513587,0.6239742545640677,0.5480068484342031,0.0660615692072195,0.09788802287296565,0.0660615692072195,0.3251312339513587,0.09788802287296565,0.2477838385684548,0.10499479255140683,0.576264565283986,0.0956856195445553,0.4686828557605014,0.13469475970809808,0.7126100132475774,0.09297269611195498,0.3724502469099876,0.1953340002166895,0.4755433730081615,0.11336460922642899
1339,0,True,0.6540098771971918,0.04319990440253316,0.912540490513651,0.1678483371453332,0.47385130796766417,0.5639176883210698,0.34980794607931465,0.4987149988271411,0.34980794607931465,0.2985814605496534,0.4987149988271411,0.45830982556570476,0.37142978637613266,0.1895661719282008,0.5053591484629529,0.3550383504370452,0.29544575369336507,0.1678483371453332,0.4918540510149099,0.3446384608243001,0.25607806452295795,0.25696608582084823,0.5890505228953579
495,6,True,0.6538294668383733,0.029432688174503188,0.8005552984729292,0.2942764470152839,0.6526888349732356,0.5458670442454039,0.048286972063742585,0.06842193640770884,0.048286972063742585,0.2942764470152839,0.06842193640770884,0.2139654918575252,0.08904454757766038,0.5838368757287593,0.06676636663132651,0.4120819920633845,0.11698554097185931,0.7161110089133301,0.0645521817615838,0.3357652536815102,0.187002009002865,0.44305729389067294,0.08104782308991047
828,0,True,0.6532601262076824,0.04123204383058547,0.8889403054141601,0.21045983763774556,0.4565202220927863,0.6025177985117302,0.4017016637786382,0.5482932600508462,0.4017016637786382,0.2673598363376084,0.5482932600508462,0.4593203545651396,0.33531307038421865,0.2699799452569972,0.546724143707452,0.6153433452033165,0.4858382846803593,0.21045983763774556,0.5416646251046072,0.6728418925812177,0.505431913243547,0.2488102794780469,0.5382788463721467
1996,0,True,0.6532428128597875,0.04416076541833935,0.9185562239703841,0.21134990525200814,0.30559729298992966,0.4319457609119194,0.06447792134824433,0.0817573240371547,0.06447792134824433,0.21134990525200814,0.0817573240371547,0.09726084658393645,0.07171476413638092,0.2626553576778624,0.08007153853258338,0.1947536795275312,0.14998940873930108,0.22985070627074877,0.08031225501985606,0.39665476721127546,0.2229694342099696,0.4378753196953097,0.08727869554687444
1343,0,True,0.6527236843597207,0.04510226750714955,0.9301249421564091,0.13386836671657598,0.47500703266543387,0.5637822539866658,0.28346156103917114,0.437788151814795,0.28346156103917114,0.35251431573897707,0.437788151814795,0.4518135012874453,0.3913299658095974,0.13386836671657598,0.4474772326856882,0.33362599541668536,0.28858060146003656,0.13501763824005664,0.4294224506680906,0.32832263091438824,0.24810826494176466,0.24431567738484605,0.5142993073179442
1207,6,True,0.6522379604389928,0.027765983379342486,0.7621471540953262,0.381050750253048,0.568491583154153,0.46336951515354413,0.09197673394604096,0.24741565122264286,0.09197673394604096,0.6282501390210213,0.24741565122264286,0.30910885661870974,0.1180219270353749,0.618186523911359,0.2404787227833728,0.41834233885314104,0.1540226747151816,0.6318262331815971,0.24592623402808875,0.2593988567653556,0.1605547277801339,0.381050750253048,0.2314456665497339
898,6,True,0.6521234513689754,0.036925496053068885,0.9130032392410921,0.18152369048101813,0.4116472460412399,0.49896027574185275,0.09018303575519153,0.3930610681965121,0.09018303575519153,0.7705622788617055,0.3930610681965121,0.4055303989192895,0.2461312681415865,0.39306333434556484,0.3768505111124995,0.3247572555779555,0.2658061200349578,0.18152369048101813,0.3897431108303604,0.3722108924345138,0.28628392238398853,0.23085560309238695,0.34933147518747965
815,0,True,0.6521026079840289,0.04130796458902917,0.8907913003239241,0.20521948991504735,0.451411108475527,0.6001806051306887,0.22643604321800667,0.3294502613698646,0.22643604321800667,0.31268519176012055,0.3294502613698646,0.3716862212865351,0.27267414806789647,0.2663861815375439,0.3352174202139048,0.5157112897273783,0.40987728190609457,0.20521948991504735,0.3252112350896017,0.6175682397919572,0.4418614407645947,0.28451398194724775,0.3739537417382832
863,0,True,0.6519155947890659,0.04204971447648454,0.8981952799629801,0.18870128033529643,0.46207570706987006,0.6012203628622904,0.2813496035034249,0.3585361938956682,0.2813496035034249,0.21528256200182705,0.3585361938956682,0.3497016723564271,0.28032174376313423,0.19839747441235744,0.3636635513816742,0.3884463863317794,0.31514605588935346,0.18870128033529643,0.35523264757539463,0.4964193912582326,0.3708490913847918,0.25295204434937224,0.40685365085484354
1325,6,True,0.6510907519579734,0.04358324604035016,0.9648310967144841,0.06953779593161324,0.4781386482124736,0.4552713486841604,0.16059452217384212,0.29586995446715036,0.16059452217384212,0.4572124686906237,0.29586995446715036,0.27161904374461304,0.1652012183884195,0.3917907370893029,0.28140589103087005,0.24457881969379233,0.1867504594349944,0.23644058930040568,0.2925607014455252,0.18456920165502963,0.1717346661750814,0.06953779593161324,0.24785370630929535
897,6,True,0.6503944026247073,0.03705206981283568,0.9143914854234151,0.16964870807197907,0.42304047491405944,0.49813603107145155,0.08754314501560467,0.37750307150373125,0.08754314501560467,0.7680995159406554,0.37750307150373125,0.39543209457130796,0.2436543975494264,0.38382746141641677,0.36201471363052384,0.3161475042881163,0.26251348862545687,0.16964870807197907,0.373944908457106,0.36547603285017294,0.28663998038758287,0.21570785872820541,0.33927129201129763
891,0,True,0.6498451599104008,0.03963484172709286,0.8621008792225822,0.22524826398384357,0.5122024110395662,0.6013176923655865,0.14812428337017167,0.21133639341595545,0.14812428337017167,0.2991065997864777,0.21133639341595545,0.35961701210020486,0.27097511454643985,0.24648972259706536,0.21046502195830877,0.27484446915364497,0.21293622961122538,0.22524826398384357,0.20686255800105777,0.3910537640734189,0.28393267161779345,0.27392932199346853,0.23836248274582952
1699,6,True,0.6489310798294703,0.0337089784073806,0.8810735770476631,0.18252466190164618,0.5363689273514485,0.42008293949881303,0.0653798362095628,0.11116788532407225,0.0653798362095628,0.41188198355154404,0.11116788532407225,0.17217974972462743,0.06977253462544841,0.5947692180001547,0.11570584260450657,0.22652492302334107,0.07292094196588024,0.6780886580044594,0.111941504775314,0.16862469059309512,0.13784652595432073,0.18252466190164618,0.14099885470956686
873,0,True,0.6473506234796783,0.04421811752087836,0.9204072188801481,0.12863992730535423,0.4855503584799796,0.6009952770893058,0.23498127000582972,0.2696718352944032,0.23498127000582972,0.12863992730535423,0.2696718352944032,0.3472831763273021,0.2792091852514567,0.19601868364532593,0.2725996404535682,0.34284103074392497,0.28296776055918105,0.17463857827876061,0.2676691220667105,0.45296347185806035,0.36653471925342856,0.19080733430910057,0.310536064501849
1458,0,True,0.6471952477738637,0.047122120033092206,0.9472466450717261,0.10722301181765148,0.4140502169270532,0.5228871339447648,0.780467994972323,0.8980099646588151,0.780467994972323,0.13089160957267365,0.8980099646588151,0.5596667024295059,0.48868134988739015,0.12683504706277726,0.9109074623980749,0.5368128916727009,0.4792541966450112,0.10722301181765148,0.9086078028497525,0.336936891673912,0.2800331121676919,0.16888557148942795,0.8439923446266953
336,6,True,0.6466144405308031,0.029235522262752056,0.7968533086534012,0.2829877524161494,0.6329146047925771,0.5069078942764645,0.21387900781312827,0.29829198669038953,0.21387900781312827,0.2829877524161494,0.29829198669038953,0.5670262998333991,0.3796261331658551,0.3304964279833317,0.29277564934306305,0.8507859594411735,0.5050320817457801,0.4063934928151576,0.29820627418063234,1.0183958151020647,0.5346792206942408,0.474978969114622,0.27374133582977267
1427,0,True,0.6465596312015524,0.04754867707748734,0.951411383618695,0.08238554128440179,0.46138277006884326,0.5265609146391681,0.3196188140904089,0.34831492796853397,0.3196188140904089,0.08238554128440179,0.34831492796853397,0.4444215630795348,0.3794094083721476,0.1462848792864545,0.35882751739008195,0.3793140828087821,0.3288115818000702,0.13314164513678484,0.35326338244099126,0.3013726913921199,0.233722358573574,0.22447399764740195,0.3762239613112013
337,6,True,0.6459555216705486,0.029649447864069353,0.8056455344747802,0.26737234388468534,0.6292105126775294,0.5067063678538136,0.23087692965396478,0.3151354275624357,0.23087692965396478,0.26737234388468534,0.3151354275624357,0.5856660063662126,0.40210356324216406,0.31342512819374446,0.3081377577373256,0.8715159543730702,0.5270460814019037,0.3952536625895309,0.3151823409668666,1.0330945638847915,0.5515868128458669,0.46608293942452816,0.2875947955434601
1345,0,True,0.6459256605766449,0.04939965577056957,0.961591855622397,0.049548401009669396,0.5026521246254557,0.5627893469958242,0.22882089825039453,0.3364713532269337,0.22882089825039453,0.31993943598501284,0.3364713532269337,0.3958692653521248,0.3762545762450545,0.049548401009669396,0.3410399933743451,0.29573081923925787,0.27576246361933315,0.06752206507015934,0.3295645938107981,0.2982330147137925,0.23815516106466875,0.20144601933752737,0.4182997378012816
1054,6,True,0.6458799166453186,0.04904285794131399,0.9810273021749191,0.03262161868645985,0.45579779951921134,0.4612368827382291,0.17058970156721207,0.2480536482667189,0.17058970156721207,0.3122870687078707,0.2480536482667189,0.15064661263470044,0.14573227628092442,0.03262161868645985,0.23897711772491767,0.23373321832790384,0.12359966385205057,0.4711934198473541,0.25349900711289136,0.22334295943646582,0.18610573753762993,0.16672664315361474,0.21747272466066472
1344,0,True,0.6458177996196256,0.046079888955564315,0.940768162887552,0.08819053471454152,0.4897655776148711,0.5634329905489489,0.24316833138262614,0.3787828005055927,0.24316833138262614,0.3580269984327449,0.3787828005055927,0.42079266019871414,0.38368273049183516,0.08819053471454152,0.38123515519576606,0.31416765761499893,0.2840686036165087,0.09580570523072596,0.36764790712696627,0.30973383980073665,0.24388966629327224,0.21258307955573863,0.45409557814496976
1324,6,True,0.6442297170313878,0.04286737550079586,0.9639055992596021,0.044019959040887624,0.49070929689320386,0.4557640386745792,0.14822482680834245,0.27160051631976717,0.14822482680834245,0.45425425247045226,0.27160051631976717,0.2537814609204634,0.15844611285679444,0.3756592294720362,0.25855628603786623,0.23340035861455083,0.18269959406561695,0.21722659232355201,0.26864339274510146,0.17633674181370462,0.16857440566166176,0.044019959040887624,0.22851993861117714
1259,6,True,0.6440169626435888,0.03024268226091942,0.8181397501156872,0.2685143984823408,0.5439276804104288,0.47175600310962673,0.13758906353087397,0.22255000629252333,0.13758906353087397,0.38176113394476985,0.22255000629252333,0.3870044854135853,0.13677412700584415,0.6465825793732702,0.2295222863978905,0.35707309704312723,0.15017340324877565,0.5794323221426068,0.2235812027888613,0.25014935001315536,0.1829806477636244,0.2685143984823408,0.2653723982593635
1323,6,True,0.6433216764878193,0.04563616998198013,0.971772327626099,0.02408938941857175,0.5020869584919838,0.4561481104937076,0.14128161009099044,0.2530105194910634,0.14128161009099044,0.4415978814826288,0.2530105194910634,0.23943114418874267,0.15592526741154836,0.34876781406251367,0.24113581123828295,0.22424108526162423,0.18172116479998726,0.18961699374594343,0.2504078388411856,0.169279855134107,0.1652020067830621,0.02408938941857175,0.2102656574666367
1806,0,True,0.6424468964424257,0.03502049980480002,0.7751041184636742,0.36514541578632986,0.4535121247468959,0.40820250730394814,0.2755960073812491,0.44105433243424336,0.2755960073812491,0.37514272706449914,0.44105433243424336,0.5336268616061252,0.3387754593502023,0.36514541578632986,0.44392960965730816,0.5565496156546212,0.3519423733437853,0.3676352234475522,0.44163299985854315,0.8754321960012655,0.5379059335940363,0.3855538600807199,0.4941878532362412
1462,0,True,0.6420350638325785,0.05658994400725951,0.98149005090236,0.03487504720372925,0.4082752422027962,0.5209162906479382,0.9528839256114972,1.0798301742314387,0.9528839256114972,0.117561308851454,1.0798301742314387,0.6639641176000607,0.6008298144772511,0.0950869202857112,1.0891724000611351,0.6268725904765831,0.6050103792929882,0.03487504720372925,1.0961852498605285,0.35968120193193914,0.3419653507046156,0.04925431502165589,0.9751333854330149
1216,6,True,0.641716104413453,0.03223916546752056,0.8556223970384081,0.17482623572777434,0.6145703517591652,0.46388593808035444,0.08842672198600392,0.20833155543028245,0.08842672198600392,0.5755481122225112,0.20833155543028245,0.23948310317406865,0.11045680312678959,0.5387699521894708,0.20495462661434952,0.30014864259116186,0.1328900272480333,0.5572526129027167,0.20758727913147756,0.2133398354875007,0.1760424351184383,0.17482623572777434,0.21577148126654955
1144,0,True,0.6416618350408194,0.06192297685617906,0.990282276723739,0.033102259307170256,0.36590018886798725,0.5744760318935338,0.2080818751702823,0.3387028702557819,0.2080818751702823,0.38565068842450945,0.3387028702557819,0.3890350321148262,0.23796566493794777,0.38831815827909644,0.32927895706583515,0.3853352790336702,0.34184565605961614,0.11286177347455895,0.34080693085301084,0.3116521447194486,0.3013357546113096,0.033102259307170256,0.2441545408406649
1140,0,True,0.6415497567095899,0.06996984678756683,0.996298010180472,0.016025035550359723,0.3859324095424598,0.5746075108852646,0.18139697495257856,0.2821779286420381,0.18139697495257856,0.35715392119596656,0.2821779286420381,0.35123638627849774,0.21870352495534476,0.37733237927709107,0.2722451765729378,0.37790468059407506,0.3305335228950622,0.12535213277735613,0.27998938713497806,0.30030569548920644,0.2954932860430164,0.016025035550359723,0.21249560362177478
1190,6,True,0.6414965696529361,0.033563598643042265,0.8787598334104582,0.14435128551041898,0.5881126729458132,0.46032898073744377,0.08690468338359165,0.10839888610174893,0.08690468338359165,0.1982880405060775,0.10839888610174893,0.17002315599059017,0.09976069549786182,0.4132523013313374,0.10807103391780719,0.2454871170137936,0.12577338855551204,0.48765788573562907,0.10460150004459916,0.19981441946191122,0.17097095114906627,0.14435128551041898,0.11597968941076046
1189,6,True,0.6411593913312147,0.03320423164035356,0.8713558537714021,0.15914704244597577,0.5773735171172086,0.46037818228883354,0.08450825253421783,0.1020085815723935,0.08450825253421783,0.1715574196643056,0.1020085815723935,0.17283679685557263,0.09932308937790069,0.4253359748335426,0.1022654356851217,0.2526804264722354,0.12471143944524468,0.5064459832271653,0.098017762433663,0.20656203439722268,0.17368829754128076,0.15914704244597577,0.11181007939634953
835,0,True,0.6405117788519306,0.04301011659464122,0.9102267468764461,0.13555779726238726,0.44731066234991257,0.6013707018810264,0.2793325645869455,0.3730955188998011,0.2793325645869455,0.2513108562368894,0.3730955188998011,0.30246572365729024,0.23196413397753105,0.23308951780480502,0.3832710345706105,0.428445259504601,0.3703661638786454,0.13555779726238726,0.3714495148991721,0.5331611648013216,0.416214812837671,0.21934521807722018,0.420508329867989
1141,0,True,0.6404942611855479,0.06531935119225334,0.992596020360944,0.020266625373104308,0.3811626339314467,0.5741344085425395,0.2012466322623915,0.3172963400573367,0.2012466322623915,0.3657454976441725,0.3172963400573367,0.3784795758493738,0.22875175041487936,0.3956034486100848,0.3071510710209863,0.3805998929829362,0.3393279862121035,0.108439091896127,0.31285206708343183,0.302949946921917,0.2968101738408487,0.020266625373104308,0.22466426988734264
1239,0,True,0.6402255589977994,0.045682843487214526,0.9366034243405831,0.11401558581898796,0.37719171081811487,0.5891924947798854,0.21223732822473737,0.24620470410324455,0.21223732822473737,0.1379639597148523,0.24620470410324455,0.49568669338426535,0.4135808370423237,0.16564063033721932,0.24739923821990292,0.4568264347804329,0.40474110120134216,0.11401558581898796,0.24511824926677037,0.36757971940208384,0.3080769886784881,0.1618770774959638,0.2358697144347706
1191,6,True,0.639882251596672,0.03419684649016413,0.8852383155946321,0.12554483152367457,0.5959964434225354,0.46024704650601267,0.08900844763870726,0.11799889774589693,0.08900844763870726,0.2456840755378813,0.11799889774589693,0.1724470812840506,0.09999881361862599,0.4201188395069998,0.11736218733668746,0.24735013146569387,0.12681508395377547,0.48730537072156743,0.11467171043926953,0.1971770192329624,0.1724224635730198,0.12554483152367457,0.12301891602021198
1698,6,True,0.6398275642168474,0.03235636440952057,0.8570106432207312,0.195531956554171,0.526626556402305,0.4197287061472255,0.07062541501204406,0.11344903298178259,0.07062541501204406,0.37747010127988545,0.11344903298178259,0.17769288130441088,0.07360163789885206,0.5857929852982522,0.11863756466166742,0.23322226313970532,0.07586399257974108,0.6747137620635434,0.11380596048320223,0.17304288258002032,0.13920746918137528,0.195531956554171,0.14210144631772662
1328,6,True,0.6395949061040658,0.03529203648028511,0.895881536325775,0.1475939743770618,0.47375945628059674,0.45398601617606965,0.1891668467123188,0.35059131835524887,0.1891668467123188,0.46043488013402867,0.35059131835524887,0.31616782368606927,0.17992379147657447,0.4309231427192124,0.3369891762836534,0.2697407307078107,0.19655894337321547,0.2713041784329835,0.3485208540600074,0.2002513065328257,0.17069542032744667,0.1475939743770618,0.29965685091715016
2035,0,True,0.6392854545971458,0.03436211034626005,0.7501156871818603,0.4201983440624518,0.38168107787480116,0.42779485974863873,0.06758844547738098,0.1172688506536317,0.06758844547738098,0.42364536617646276,0.1172688506536317,0.15491242265788693,0.08234505592052889,0.4684412359725205,0.112356502696005,0.2951992009989758,0.1711569855706473,0.4201983440624518,0.11499860364890273,0.46449042015579606,0.22036392887304013,0.52557917384146,0.11333318779834585
335,6,True,0.639127396614019,0.028100287689576075,0.7700138824618232,0.30209419626114276,0.6349219650476453,0.5069078942764645,0.1976711419265864,0.28323470139897433,0.1976711419265864,0.30209419626114276,0.28323470139897433,0.5482761642102608,0.353636428829928,0.3550030953118173,0.27892500654724334,0.8312061734658717,0.4746562615001211,0.4289548409861397,0.2830620719833816,1.0045466433816974,0.5087557669010241,0.49354689475806424,0.26289943595439486
1697,6,True,0.6390725368500779,0.031459988284272156,0.8435909301249421,0.21626237883910815,0.523983581358744,0.4194602872864326,0.07448446585522928,0.11703725823723983,0.07448446585522928,0.3635832983694314,0.11703725823723983,0.18419885046254492,0.07663808076559106,0.5839383330941326,0.12257682268089037,0.2402970709864419,0.07646951925440991,0.6817709057355739,0.11718668522575539,0.17760739470244694,0.13919759702467935,0.21626237883910815,0.1457217871061608
370,6,True,0.6390193151259869,0.028795127978637102,0.7848218417399352,0.28004045727945315,0.6259625707218337,0.5017711926648629,0.28672194312239535,0.3982472987842413,0.28672194312239535,0.28004045727945315,0.3982472987842413,0.6892611267488817,0.4062339992975364,0.41062395145702235,0.40020593799430576,0.9872174708515722,0.512567688461889,0.4807955657229719,0.3984316772775089,1.0788059982990863,0.4760401445279999,0.5587342438969056,0.4462331018669712
2054,0,True,0.6388940344867546,0.04024293412646604,0.8722813512262841,0.21556577684354994,0.3808362582054754,0.44198804417371684,0.06825149068383422,0.08700728329929319,0.06825149068383422,0.21556577684354994,0.08700728329929319,0.09661885234293333,0.07438985835186662,0.23006890945225067,0.08976440459428826,0.24862938755714345,0.17645699269825132,0.29028103060546073,0.08929778122058289,0.44055369283044765,0.2395765467406053,0.4561921721700124,0.10457313917753586
864,0,True,0.6387360854361812,0.03722956253350564,0.8236927348449792,0.27103615816007065,0.4557887056567042,0.6011736765428332,0.2561954846981227,0.36542150996136097,0.2561954846981227,0.29890420318931865,0.36542150996136097,0.35986504252159196,0.26232860394042923,0.27103615816007065,0.3665913658567619,0.3970563925739194,0.2845259561859283,0.28341172310188023,0.3586691751632742,0.4892492056892086,0.34742155816789744,0.289888355202371,0.4028439180967142
496,6,True,0.6384353850038045,0.03046746698341199,0.8218417399352151,0.2062559340102179,0.6563773483313154,0.5447302834396708,0.05212235134116128,0.06566644536254367,0.05212235134116128,0.2062559340102179,0.06566644536254367,0.21042516805422298,0.09909680176135123,0.5290639295779691,0.06425591562692674,0.3984329387860318,0.12889746270840244,0.6764889391395837,0.06231627949301011,0.3274326040051756,0.18494665559587622,0.43516114970348874,0.07696574594321574
898,0,True,0.6381941699315794,0.046769030673968946,0.944932901434521,0.04927913552511831,0.5094397855678342,0.6016273057490713,0.1297393292323944,0.1694579929175913,0.1297393292323944,0.23438648718395005,0.1694579929175913,0.3325337761170843,0.3094395175808807,0.06944936182384132,0.1672034296959438,0.23758680356496584,0.22587873127310823,0.04927913552511831,0.1671092783325494,0.3673474422773263,0.30866018422235286,0.15975953906511187,0.1788836440473939
1694,6,True,0.6380597928124379,0.03272775243893857,0.8630263766774642,0.19418044293879322,0.4829247159206785,0.4192283457426475,0.07749991740146975,0.11763871780783208,0.07749991740146975,0.34120399435099924,0.11763871780783208,0.18998311971456414,0.07490797448649796,0.605712472776309,0.12234047708422884,0.24784536448272065,0.07186574571897777,0.7100379671454855,0.11760812261715764,0.1897348913259063,0.152892086087298,0.19418044293879322,0.15067312560760246
1328,0,True,0.6373957928763934,0.041451363253318475,0.8931050439611291,0.1467085929691554,0.4683069300508214,0.5620003567817343,0.5648154983161217,0.7162815862614652,0.5648154983161217,0.21146165258261107,0.7162815862614652,0.593013773033605,0.47909090299384816,0.19210830375317622,0.7306531356502681,0.44888242782723137,0.3830275184321198,0.1467085929691554,0.7138054416618959,0.4104148476964827,0.30756449032797956,0.2506009661827948,0.8252815393103928
1217,6,True,0.6373139681052239,0.03189043288252184,0.8500694123091161,0.16843236917728266,0.6174955119748105,0.463357580465247,0.09232061473804572,0.21415694059766777,0.09232061473804572,0.5689114045036413,0.21415694059766777,0.2423827374540991,0.11466078098174738,0.5269432873557627,0.21045811218467728,0.2951833758816986,0.13473174298856327,0.5435659525671931,0.2131747271381902,0.21117670542057684,0.175607712611536,0.16843236917728266,0.21959655325856187
1322,0,True,0.6367374125673453,0.045718919641027846,0.9370661730680241,0.09562487044968637,0.39516864898427395,0.5626315302601123,0.7684379482546427,0.8496893856830589,0.7684379482546427,0.09562487044968637,0.8496893856830589,0.7252750472797717,0.6134739040869582,0.15414999262988105,0.8645636291919336,0.5295846986191923,0.45049751108937375,0.1493381280388686,0.8502077121866402,0.4704337430177762,0.35155265945212527,0.25270526472663923,0.9691068773405748
1232,6,True,0.6364613695494281,0.027495993922154103,0.7533549282739472,0.3490702916746302,0.5506281791006543,0.46618709569119354,0.1035480446184151,0.3349033834686488,0.1035480446184151,0.6908121872465092,0.3349033834686488,0.40962447990549755,0.11034872452398929,0.7306100344651099,0.32694434853543086,0.43915292892607233,0.13401769798814414,0.6948268150781141,0.33042868521557467,0.27686173811991976,0.18021753044085428,0.3490702916746302,0.31819026744747086
1331,0,True,0.6362046871244412,0.0423640028595747,0.9028227672373901,0.13107901422902557,0.4546959923703853,0.5624639487382073,0.5237151008875401,0.6585540831133859,0.5237151008875401,0.2047500511854392,0.6585540831133859,0.5456754549667414,0.45572052290116744,0.16485061082884267,0.6681030137476348,0.41427190668545255,0.35996955353434457,0.13107901422902557,0.6516451953597594,0.3873162844772654,0.2893403584842561,0.25296102931804376,0.7741274514072654
817,0,True,0.6355574651203216,0.03444903736009211,0.7542804257288293,0.3782213008028128,0.4495086201506322,0.6014711298474318,0.18380440378388896,0.39376460938249647,0.18380440378388896,0.5332124843008825,0.39376460938249647,0.3902485047364015,0.2146011532120513,0.4500910301834302,0.39237301472084213,0.5431974625884939,0.3377486116954865,0.3782213008028128,0.38661823961747466,0.6320225011022789,0.38961285428950143,0.38354591235280844,0.4241404542513055
338,6,True,0.6338222257602277,0.028971776137098906,0.7880610828320223,0.2542646104951809,0.6351230119566232,0.5064568376881851,0.24345520483093164,0.32646325795613645,0.24345520483093164,0.2542646104951809,0.32646325795613645,0.5977567819078567,0.41569680982473783,0.3045719891325017,0.3183013589951815,0.8837063002022993,0.5377318462038748,0.39150388983220274,0.3263268326631459,1.0410127522992538,0.5573779993789197,0.46458100715110784,0.2969754684529469
1670,6,True,0.633684945213842,0.02883073807572059,0.7852845904673762,0.2954340942620616,0.5241242170153549,0.39965899474897804,0.055230396381894385,0.1452570422281321,0.055230396381894385,0.6197747418321186,0.1452570422281321,0.22760420031481018,0.05576013025948682,0.7550127362220805,0.14315636112890415,0.259585125130216,0.058881176166660096,0.7731719945928202,0.1457553501111318,0.1918214999280411,0.13515088883681017,0.2954340942620616,0.1283798271497293
2143,0,True,0.6336223682304598,0.05080036528866797,0.966219342896807,0.0960434062896679,0.2169967489515604,0.5332085876161811,0.07180475310385077,0.08223094186089884,0.07180475310385077,0.12679155219558247,0.08223094186089884,0.18359700713542879,0.16596372518555375,0.0960434062896679,0.07842578447009982,0.25834285172701665,0.19573341204831088,0.24235019184840212,0.07774250255474989,0.5635079829279978,0.36168651816392167,0.3581519177694841,0.07689051150249053
841,0,True,0.6327005889439967,0.03633695914288096,0.8056455344747802,0.2837248626538491,0.44760362910451856,0.601916022685401,0.2562375460392368,0.39545168097721034,0.2562375460392368,0.35203829351277016,0.39545168097721034,0.29910504801927457,0.2116191042452632,0.29249236799364786,0.3967061948089487,0.4219084044936491,0.3022025003761839,0.2837248626538491,0.39408934171812876,0.5141022225951432,0.3561454462571997,0.30724779897000143,0.4255956807949524
1700,6,True,0.6320431883400128,0.033139588411099145,0.8704303563165201,0.1447905712410884,0.5339083880942624,0.42056236944066344,0.06038364640656721,0.10821767141621903,0.06038364640656721,0.4420167647636404,0.10821767141621903,0.1690829462925474,0.06600305817885121,0.6096409506334678,0.11272289846065754,0.2224480296613749,0.06967312599572352,0.6867891970012745,0.10926981580329222,0.16569554269750686,0.14170439041823268,0.1447905712410884,0.13846657499611073
881,0,True,0.6318527921283666,0.04064846331057775,0.8773715872281351,0.15143860769543338,0.4773541620566903,0.6005712436374377,0.20658500601894847,0.2819234884942101,0.20658500601894847,0.2672302434878847,0.2819234884942101,0.3719967116019001,0.2928791745248096,0.2126834313572099,0.28815832230280375,0.321963683211459,0.2732059512974221,0.15143860769543338,0.2814369416998644,0.43533293887040464,0.34025791066894145,0.21839612791111662,0.33089133230128415
1138,0,True,0.6318451687580809,0.04652941065456068,0.9430819065247571,0.0587027522854795,0.42693389810058485,0.575165010388941,0.10945873785005751,0.18739776483146153,0.10945873785005751,0.4159015826656174,0.18739776483146153,0.2788500117992896,0.15479122979892068,0.44489430428880106,0.18246866518358207,0.3542832708949536,0.3331907952865865,0.05953562400811496,0.18438549682554148,0.2873938479696212,0.2705230381038898,0.0587027522854795,0.1528171421775448
469,6,True,0.6315688262756024,0.0348085014533902,0.8894030541416011,0.0751121128969845,0.6433366533570647,0.5415643649022396,0.12209457991986013,0.13201014049637028,0.12209457991986013,0.0751121128969845,0.13201014049637028,0.2617739526558758,0.15544623162185803,0.40618143996089107,0.13157492747751506,0.5283683217365491,0.2368567070133844,0.5517204622810752,0.12879681099789705,0.44093237383051165,0.2083290964427945,0.5275259681366165,0.1620241312828058
1323,0,True,0.6315544808147112,0.042890767252261174,0.9074502545118001,0.12601982046634297,0.4002340741890825,0.5625281580312742,0.7401814786956038,0.8469087698196471,0.7401814786956038,0.12601982046634297,0.8469087698196471,0.7109038536676086,0.5942354419779983,0.16411278555842512,0.8603891747132059,0.523839249774805,0.4452287977254277,0.15006598318696318,0.8484144167940203,0.45690628516865844,0.3532077806147418,0.2269579297112061,0.9801836899812075
1499,0,True,0.6314690439585554,0.04976733239360213,0.9639055992596021,0.0029312694672025685,0.48636863488593607,0.5115734840845004,0.29588817187570504,0.35724221509772064,0.29588817187570504,0.1717435415778975,0.35724221509772064,0.24001893076011652,0.20701897130956112,0.13748898616474847,0.37230849661106774,0.26186998174618364,0.26110237026431415,0.0029312694672025685,0.3538656985060585,0.28584715096429575,0.2001384142469528,0.2998411438707974,0.43732245699388805
814,0,True,0.631154948203601,0.036335463172964946,0.8051827857473391,0.2824720978425608,0.4382192597716319,0.5986450617454133,0.19302548665515032,0.32570026973387173,0.19302548665515032,0.40735238932141316,0.32570026973387173,0.38269631446387525,0.23724513031196026,0.3800694667145662,0.3293597160550698,0.5158950030572708,0.3701690592771892,0.2824720978425608,0.32384429212966803,0.6155817188469824,0.4185389537501584,0.3200919700245415,0.3743914855590869
1430,0,True,0.631108644055662,0.046036948375995194,0.940305414160111,0.04340222624715817,0.4793526910145902,0.5272443073203371,0.3455968452436884,0.36127707457218167,0.3455968452436884,0.04340222624715817,0.36127707457218167,0.4035212487740076,0.3555007525536254,0.11900363702352657,0.37067868511278074,0.34225653441036197,0.3048653594720007,0.1092489731504428,0.37437817807246043,0.2889705423019268,0.2207531307821777,0.23607046924690722,0.37617248401103104
1428,0,True,0.6311051146151018,0.047208383372644824,0.9486348912540491,0.03262343505833887,0.470006384705755,0.5268862656926869,0.3273008905991403,0.33833865989804973,0.3273008905991403,0.03262343505833887,0.33833865989804973,0.4271689831054252,0.3716712552067884,0.12991984458979322,0.3470058820713422,0.359042152206113,0.32726220249347027,0.08851314397870214,0.344891924637434,0.29262953836038286,0.23082413245043767,0.21120699658771225,0.3514977307388872
901,6,True,0.6310196401552691,0.03489869931298826,0.8907913003239241,0.16342965288502032,0.36595094127801026,0.49952618511195707,0.11893076527319642,0.4500268790971968,0.11893076527319642,0.7357251959887716,0.4500268790971968,0.42927672345221835,0.2622894319412687,0.38899684606248297,0.43296846525617944,0.33850442333891956,0.283182762932596,0.16342965288502032,0.44749805200447473,0.38651083448611734,0.2866057144156484,0.2584794814440249,0.4006906767051786
1329,6,True,0.6308417690625154,0.03339722069601218,0.8755205923183711,0.15462368232349288,0.46694368206281983,0.4538186212570989,0.19576712410809738,0.3646572129239307,0.19576712410809738,0.46314753371151507,0.3646572129239307,0.3267320373081151,0.1837307456540581,0.43767147180367816,0.35102891876008374,0.2756337580258599,0.20106796787325637,0.2705248830428375,0.36246387590176554,0.2040251246183818,0.17247800856337808,0.15462368232349288,0.31539852632153226
887,0,True,0.6307060539910078,0.03653107762211076,0.8093475242943082,0.24449433612070615,0.526839910076418,0.6005978299112442,0.14756785596013391,0.24841670023500736,0.14756785596013391,0.40596644339719656,0.24841670023500736,0.3484245302200703,0.2632367060157453,0.24449433612070615,0.2518977567680225,0.3027203950389065,0.2173030872887336,0.28216568539821985,0.24839042149938964,0.43174155353916605,0.2876279074129186,0.333796098487365,0.27240176018666934
862,0,True,0.6298667256602691,0.039126275912239515,0.8565478944932902,0.18510167175605874,0.4606227688680643,0.6010386872570086,0.30073800393414657,0.37680291850074826,0.30073800393414657,0.20186922879805302,0.37680291850074826,0.360557836795288,0.293817978439732,0.18510167175605874,0.3827446198925139,0.41915849808437955,0.3366234247971399,0.19690659658443743,0.3753642471409509,0.5128408791060882,0.38359662530775956,0.2520162862672122,0.4181058504639012
1070,0,True,0.629740875171562,0.048083783665095414,0.955576122165664,0.0296014346748652,0.43072383686270393,0.5823492511990143,0.16371830672548277,0.19916503462607196,0.16371830672548277,0.1779766612505035,0.19916503462607196,0.16592246971254057,0.12634669603387488,0.23851967576923372,0.19583882988843246,0.29433998671866085,0.23906636373131013,0.18778835863773735,0.20065931950065505,0.30187111527396615,0.29293529717495514,0.0296014346748652,0.17318782812352018
1042,0,True,0.6294781816079128,0.04518835662239571,0.9305876908838501,0.06874319181640798,0.4356137862106542,0.5793823986380741,0.2659433462725049,0.28688583035002546,0.2659433462725049,0.07299936721158007,0.28688583035002546,0.20722369899531,0.18513600444309983,0.1065886511016777,0.2960122882834942,0.25965001951852285,0.24180084842162697,0.06874319181640798,0.284906295551218,0.352623566867199,0.29036550946919976,0.17655671159791242,0.35062668397399605
868,0,True,0.6291559147846594,0.03991282071515415,0.8667283664969921,0.1608121866965997,0.47548075527183375,0.6009665451563742,0.21060200277086594,0.2641948160873158,0.21060200277086594,0.2028533871714484,0.2641948160873158,0.29986380543042096,0.25164205116799127,0.1608121866965997,0.2610524742378349,0.32122775796376124,0.26906060070666066,0.16239928201654896,0.26209280785687544,0.4315795274069309,0.33744453656804957,0.21811736855192077,0.3053173643446164
807,0,True,0.6287847635553634,0.03761820335196154,0.8310967144840352,0.2359991076910698,0.4243667400602485,0.5866699611303391,0.17250098753795542,0.2696674755845352,0.17250098753795542,0.36031964120241144,0.2696674755845352,0.38775061767930447,0.2603054961751528,0.32867806186077375,0.2738107794861447,0.5318850921508613,0.40636068500907563,0.2359991076910698,0.27020323062815826,0.6140060742947717,0.4428512283484349,0.2787510630785208,0.29328874007227584
178,6,True,0.6287819437134106,0.02787431281444336,0.7658491439148543,0.28132063947126906,0.6146117991460274,0.473823970608915,0.35665333311128466,0.4962621061621911,0.35665333311128466,0.28132063947126906,0.4962621061621911,0.41249609503779555,0.2511704972740329,0.3910960605553877,0.4999028414929721,0.7992418169679733,0.39889696261277185,0.5009057907830212,0.49783384946785353,1.5227894345594286,0.7368130580517444,0.5161425202132965,0.54187850331045
1533,0,True,0.6284665872488935,0.03749302062963594,0.8301712170291532,0.21335916950937173,0.4937322788150541,0.47027906057020824,0.27532311928605063,0.4385151578048297,0.27532311928605063,0.37214685881260023,0.4385151578048297,0.3345159095006663,0.21177167733025673,0.3669309252095978,0.4262238213789142,0.2859213080503115,0.22491737521966382,0.21335916950937173,0.4304362156547588,0.48040385493676885,0.2441335202103649,0.4918160674574562,0.40730467304149753
865,0,True,0.6283504085295213,0.03530440362131534,0.7838963442850532,0.3002932921329393,0.4631424874711293,0.6012218218541845,0.17897585386237472,0.3234896859856844,0.17897585386237472,0.4467339713875914,0.3234896859856844,0.3301813766483845,0.2310301240536551,0.3002932921329393,0.32631516610549277,0.3625210674179637,0.2371530259466303,0.34582277483695045,0.31988660103579164,0.4688965409297247,0.3028444041871359,0.3541338488301531,0.36451986854411994
1695,6,True,0.6275671115073979,0.031479017350763555,0.8440536788523831,0.18605029268922635,0.4972518427443832,0.41923056963233246,0.07338562890551689,0.11787064232237958,0.07338562890551689,0.37740537033127297,0.11787064232237958,0.1883040939735443,0.07378783214117207,0.6081453643193819,0.12264553125451415,0.24553790043394672,0.07118791190155281,0.7100736310942619,0.11761845523631557,0.18559637110957233,0.15106611194257813,0.18605029268922635,0.14892210515799578
816,0,True,0.6273406535975387,0.03648241885035994,0.8074965293845442,0.25850620763635923,0.4604052661435883,0.6012050491425737,0.22859337573801555,0.3581662346233158,0.22859337573801555,0.36176737603859366,0.3581662346233158,0.3833347133614244,0.25786034785687545,0.3273232533632985,0.35831188978432427,0.5274782170992527,0.3911218235861367,0.25850620763635923,0.3502249508162356,0.6049539514943466,0.42216425009955605,0.3021547358162826,0.38791936422351264
885,0,True,0.6273255694003829,0.0357941824745106,0.7977788061082832,0.2615714814274037,0.4996472191802015,0.6005782593010482,0.1471113781248438,0.2516115823424084,0.1471113781248438,0.4153235047636016,0.2516115823424084,0.3734033139339466,0.26887587372291283,0.2799317421953149,0.2516690573346116,0.3188605444960342,0.23181510479640424,0.272989058076179,0.24853943069927364,0.41654869565689273,0.3075914362472666,0.2615714814274037,0.27086563283052906
1498,0,True,0.6265949041361525,0.0486785211629929,0.9592781119851921,0.008710309405086769,0.4434275532203039,0.5117207746516131,0.3732425464319948,0.43575081531765836,0.3732425464319948,0.1434495741335461,0.43575081531765836,0.27289734179111574,0.23453219540580839,0.14058453678406757,0.44707261393343795,0.29562423877923677,0.29304926019182637,0.008710309405086769,0.427404308580746,0.2939092781357834,0.21078190665944427,0.2828334375954441,0.5310631528110289
2145,0,True,0.6257731738487375,0.05097514882846366,0.967144840351689,0.06570966984046689,0.2248785272075284,0.532863411018898,0.08598114931054812,0.10039156722164533,0.08598114931054812,0.14354211523844196,0.10039156722164533,0.18013872967118097,0.16830187321900655,0.06570966984046689,0.09846505284152306,0.23883294478577805,0.19477970876649978,0.18445209080678526,0.10125404993022973,0.5440956773278126,0.3494705579436709,0.3577038515358061,0.08667653254728407
904,6,True,0.6255909861774683,0.033983693554228735,0.8824618232299861,0.16772447421096637,0.34042732299185324,0.49934704015870235,0.18198507633828234,0.5022850044751587,0.18198507633828234,0.6376856272497327,0.5022850044751587,0.4506279750656512,0.28454455441542376,0.36855994265786773,0.4881154074645613,0.3406821754444741,0.2835414366950015,0.16772447421096637,0.5022011069713659,0.3978548724693558,0.26652817611745966,0.33008693732162697,0.4679907052002527
1455,0,True,0.6254952404693095,0.03842909361368844,0.8477556686719111,0.19302862781323005,0.43708817789384896,0.52335259189428,0.6144996609161871,0.7819488024690643,0.6144996609161871,0.2141433569872394,0.7819488024690643,0.4860816922665184,0.38418869581936216,0.2096211358466229,0.7882861233068569,0.4654309599719366,0.3755894604267593,0.19302862781323005,0.7883216506674168,0.31735111732782517,0.23580150180828763,0.25696968142480625,0.7663663539570801
1171,6,True,0.6251712337092933,0.029141823151370597,0.7936140675613143,0.2262642505909861,0.6048492475134034,0.45691055540890396,0.07081785102915507,0.09152717976808795,0.07081785102915507,0.2262642505909861,0.09152717976808795,0.21840584586591605,0.08202554221005925,0.6244352256925556,0.09648704159513428,0.3155026632582872,0.10884124469704824,0.6550227387210832,0.09580067622753574,0.25650995959898415,0.14718246124410994,0.42621151446045913,0.10305591129258006
1460,0,True,0.6244332873014882,0.04527558746289403,0.9319759370661731,0.05617536965480885,0.4159270787195896,0.5220878228835262,0.8444764797308745,0.9738016550628824,0.8444764797308745,0.13280443164132527,0.9738016550628824,0.5986805094941855,0.5338892710835068,0.10822339692571525,0.9862304532681095,0.5656892608744291,0.5339114575350524,0.05617536965480885,0.9903321705131255,0.3442716659094054,0.30462421845444915,0.11516326024166457,0.9060821144479704
339,6,True,0.6239081476302069,0.02792279077841649,0.7667746413697363,0.2528687607783785,0.6466019871182511,0.5061600907653805,0.2472988262646251,0.3309978398470752,0.2472988262646251,0.2528687607783785,0.3309978398470752,0.6066901872108258,0.4163462723546319,0.3137415420072537,0.32242053809645355,0.8929555702182351,0.5324983065774159,0.4036676355047819,0.3309234723066578,1.047954907715293,0.5535561136834968,0.47177487351021963,0.3001084284237473
448,6,True,0.6236816981474818,0.029157066089470714,0.7950023137436372,0.2042020276497407,0.649199329807409,0.5309510137819049,0.2082129325804459,0.2616404411857485,0.2082129325804459,0.2042020276497407,0.2616404411857485,0.38957130471535467,0.21571549390633296,0.44627468374769474,0.2603835649305091,0.7029053555797495,0.3323520392140806,0.527173841291962,0.25820293694027746,0.5967773971692072,0.26620489500505456,0.5539293273039693,0.28122961054563617
1338,0,True,0.6231200607490246,0.03763498669390434,0.8315594632114761,0.19951322660436233,0.4748636116197785,0.5637095230086143,0.3285975195412471,0.5165836313928042,0.3285975195412471,0.36390257148627037,0.5165836313928042,0.4678486008340658,0.35996895378964505,0.23058666169375375,0.5200605693043099,0.36314642350094767,0.2906939088184394,0.19951322660436233,0.5081995911088951,0.3480527967042987,0.2559306756816245,0.26467858294769,0.6040066390665856
1704,6,True,0.6220839966914177,0.03263911946181444,0.8616381304951412,0.13205498848903274,0.5164843489713726,0.42376160835082477,0.05358873792936816,0.1191838427948685,0.05358873792936816,0.5503691047988641,0.1191838427948685,0.17794377639990877,0.06320220322800853,0.6448192541110928,0.12474117005312857,0.23663174850303492,0.06955663041827376,0.706055375670008,0.11991015378143839,0.16819802483941662,0.14598663660536942,0.13205498848903274,0.14215401399700167
869,0,True,0.6220030597595181,0.03539185402965698,0.7866728366496992,0.2691317298136783,0.47927122490564944,0.600970102617538,0.2133504493798284,0.3194900597104771,0.2133504493798284,0.3322156890478307,0.3194900597104771,0.35151846247920265,0.24829169879672888,0.29365957894339934,0.31434461221535126,0.3601681144713848,0.26323544679997013,0.2691317298136783,0.3148560351581224,0.4694960629423703,0.33829069143336005,0.27946000374685875,0.35213194829163963
892,6,True,0.6211067876846907,0.033170318497078764,0.8708931050439611,0.13650040821609988,0.4471011269788015,0.48944059357035313,0.09201457650690152,0.31276565308114207,0.09201457650690152,0.7058034486829352,0.31276565308114207,0.3601380197591519,0.2347485315697485,0.348170649333996,0.3021076785175015,0.28443239320046504,0.24560725541871933,0.13650040821609988,0.311063897941183,0.3370679442318746,0.26239635486638857,0.22153275220416158,0.2962453050753893
847,0,True,0.6210550848807881,0.03601662550996509,0.8000925497454882,0.25016226215128934,0.4596013136265728,0.6016221059184232,0.3395178122449753,0.5820823565276599,0.3395178122449753,0.41671859928837796,0.5820823565276599,0.39528138792679585,0.24602467892809401,0.3775960962430729,0.5790976577231381,0.5145970352465328,0.380029238218957,0.2615013064797529,0.5767219829064003,0.5652352913036869,0.42383475218341354,0.25016226215128934,0.5706257666986471
857,0,True,0.6208618955463717,0.03884363416831807,0.8514576584914392,0.15939348187810565,0.47315021737220403,0.6012196151983558,0.2872476939915233,0.3732144564277351,0.2872476939915233,0.23034145906097137,0.3732144564277351,0.3364617863967619,0.256742935668207,0.23693285226319571,0.3788468124539503,0.4133369695665595,0.347453750798401,0.15939348187810565,0.36986957255559255,0.5074864533600253,0.4001963211950283,0.21141477068922332,0.4259863894860692
1837,0,True,0.6199163471028561,0.04046907416676052,0.8755205923183711,0.12064633797653634,0.459621495507097,0.3829128560693927,0.3758651795936143,0.4678139606409784,0.3758651795936143,0.19654988688533337,0.4678139606409784,0.49811288924581737,0.4245222102830441,0.1477389574764777,0.4773682879384877,0.52221514272284,0.45921179811743507,0.12064633797653634,0.46546954895585574,0.7896498089654609,0.6089705595280164,0.22880933723539643,0.5337251937226339
1693,6,True,0.6196686010583328,0.030870700333570502,0.8301712170291532,0.1954968927218318,0.45933924727206676,0.4192247214774581,0.07983181500176208,0.12091860747029955,0.07983181500176208,0.3397888325717723,0.12091860747029955,0.19651987012548422,0.07627448449424408,0.6118739319055098,0.12477742108537555,0.2557136254471646,0.07313567638472887,0.7139938231416607,0.12125701542692213,0.19571858062560352,0.1574562062653707,0.1954968927218318,0.15215695733759332
1346,0,True,0.6194620458028973,0.0442182313214751,0.9208699676075891,0.02494542587050419,0.5154343423795148,0.5623952465951304,0.21944236365598993,0.3244069850189876,0.21944236365598993,0.3235584503732375,0.3244069850189876,0.3937791556260577,0.38395616689003814,0.02494542587050419,0.3275376545236146,0.29054302874298693,0.27524300333588386,0.052660101580469854,0.31820627908419435,0.29897286727079087,0.23537092585510447,0.2127348277329787,0.4022434173961111
1431,0,True,0.6193693270751179,0.043044055143134696,0.9111522443313281,0.06169362625304531,0.4528511703354023,0.5271037563050709,0.36531866168638255,0.38933835675393463,0.36531866168638255,0.06169362625304531,0.38933835675393463,0.40830374275717585,0.35598914690898703,0.12812666250600857,0.3951822659899122,0.3434660425807862,0.3041273673446379,0.11453439455196068,0.4007956753442601,0.29086932067187843,0.22330611666439462,0.23228026885551112,0.3998768281277639
1321,0,True,0.6193556408472582,0.04092795056319105,0.8824618232299861,0.1298304236868305,0.39175602126216036,0.5627532496592149,0.8530583252756047,0.9803357282266019,0.8530583252756047,0.1298304236868305,0.9803357282266019,0.8203880486216385,0.6782248810410872,0.17328771161330836,0.9908109322480607,0.5944614077232327,0.49191678216384493,0.17250005505341426,0.9754385322960782,0.5124073430666041,0.38237239766900916,0.253772603295212,1.0938708484202637
1192,6,True,0.6192640888536692,0.03029599334187214,0.8190652475705692,0.163802703309205,0.6059065407562312,0.46027222862841033,0.08725932421293747,0.13069061208996727,0.08725932421293747,0.3323214053594894,0.13069061208996727,0.18456740913223846,0.09948944788768443,0.4609587447998338,0.12984200364460133,0.26212707943289704,0.12681317005710274,0.5162149201392748,0.12802470732111315,0.20315536408201423,0.16987796625361454,0.163802703309205,0.13543076408131108
1436,0,True,0.6184070978342986,0.038284083115055205,0.8435909301249421,0.16091687261955867,0.48336570985959976,0.5268124130269929,0.4025342489583708,0.4866242499276893,0.4025342489583708,0.17280273431053628,0.4866242499276893,0.4218859148881178,0.3436606318438415,0.18541809594430592,0.498175922338173,0.3625397197374579,0.3042009618369349,0.16091687261955867,0.5000373571178277,0.29613297653288234,0.2171294769297734,0.26678386354697803,0.5016028378359504
1461,0,True,0.6180848192512061,0.0448148082720027,0.927811198519204,0.04117376007818918,0.4182709196814727,0.5217436394753331,0.8400616209782075,0.9591373515712638,0.8400616209782075,0.12414877848098171,0.9591373515712638,0.5918575894916128,0.5315321780064821,0.10192555195067843,0.9694952458501903,0.5627218642462373,0.5395524892170114,0.04117376007818918,0.9776157859283948,0.34037974671488724,0.3081332425853602,0.09473684742041288,0.8810928323129638
1429,0,True,0.6179236188015971,0.0443753011502503,0.924109208699676,0.02906018948191713,0.4715095760718387,0.5274092888535532,0.33735934678538165,0.34745649846757276,0.33735934678538165,0.02906018948191713,0.34745649846757276,0.418894730273699,0.3691859499495382,0.11866652104141273,0.3569961461989571,0.35234994052083274,0.3275055863613788,0.07051045367775521,0.35812189453864446,0.29272874925535625,0.2322555340765516,0.2065844756712023,0.3618347510647351
826,0,True,0.6176776975630405,0.038013698970196796,0.8375751966682091,0.17388406207637075,0.46724880606024655,0.6030872237047019,0.3537306979196891,0.4811491963372114,0.3537306979196891,0.26482118101309604,0.4811491963372114,0.4089874625942011,0.2987474701767598,0.26954369632308717,0.4879569772885686,0.5549646263214388,0.45846512278797186,0.17388406207637075,0.47494976887533574,0.6187963165337099,0.5044624454255764,0.1847681830890553,0.519192957765761
1438,0,True,0.6167619186901385,0.039096869018283624,0.8556223970384081,0.1440122055663614,0.45747058501026006,0.526704001967923,0.47794025876724655,0.5583493852076175,0.47794025876724655,0.1440122055663614,0.5583493852076175,0.4249399319236021,0.344963674450911,0.1882060297573297,0.571173112709184,0.37287379253874675,0.3101419099833697,0.16823891571531757,0.574104413412919,0.30036185414561506,0.22255690307585188,0.2590373910531376,0.5741129914541797
834,0,True,0.6165988066606765,0.040374620263704974,0.8736695974086072,0.1153108960840401,0.45170739131160853,0.6010607699142752,0.3160482747878377,0.4003574062349629,0.3160482747878377,0.21058466793454456,0.4003574062349629,0.32316115418918073,0.2616612232770538,0.1903073129764985,0.40669788177466804,0.45789987095389134,0.4050990265174318,0.1153108960840401,0.39878503876644045,0.54752185579448,0.4518684996707565,0.17470235226487163,0.4408259894104905
1271,6,True,0.6152763531403769,0.03032768373599365,0.8199907450254512,0.15083711631474328,0.6002984573322829,0.46634668513489125,0.11019117599070112,0.1343498067918182,0.11019117599070112,0.1798188726728287,0.1343498067918182,0.2559187424776184,0.1434181454026117,0.43959499013576764,0.13748546112133228,0.25019788650728575,0.1591011333340902,0.36409881172414627,0.13353541544527417,0.18493791902312692,0.15704241662042895,0.15083711631474328,0.15730204280194596
808,0,True,0.6148092699749464,0.040305232668908994,0.8727440999537251,0.1164186676090172,0.43511619715378697,0.5868308249426055,0.2410956304753901,0.37267810394308637,0.2410956304753901,0.35307272435783055,0.37267810394308637,0.45953790854111304,0.3633855616275583,0.2092370294733854,0.3694469682882316,0.6016917546929991,0.5316436023003085,0.1164186676090172,0.37206850476476516,0.6575194294935912,0.5500731808746894,0.16341151880736793,0.37350820962247466
757,0,True,0.6144666344536089,0.04102152540110097,0.8843128181397502,0.07100151671697941,0.5100977036864002,0.6164808612309178,0.20300493790230778,0.2185202038058248,0.20300493790230778,0.07100151671697941,0.2185202038058248,0.4057008756773139,0.3404818810133683,0.16075635665085286,0.22042088655669936,0.49054712820098906,0.44462078698845364,0.09362268897784332,0.22222392369920207,0.5920382868641813,0.4910882410898111,0.17051269827339555,0.22282998412831204
1432,0,True,0.6144461166355388,0.04112617755013089,0.8870893105043961,0.08036607361075232,0.467916393001151,0.5269274770628466,0.3844820642063989,0.4180816444169129,0.3844820642063989,0.08036607361075232,0.4180816444169129,0.41371611379683326,0.3514092580682044,0.15060292227154193,0.4243676776640666,0.3470434029753166,0.2998519824408383,0.135981321442479,0.4298870552696296,0.2952655294955004,0.21892741552139366,0.2585405553589013,0.43534357514515243
1911,0,True,0.6143046107839799,0.03675833854839087,0.8130495141138362,0.23952375122097835,0.35922728360768263,0.39037656964851375,0.0844290262304489,0.11102125328174739,0.0844290262304489,0.23952375122097835,0.11102125328174739,0.12591493258196687,0.08576130981466147,0.3188948438753806,0.11150126747714344,0.16390096139318414,0.10234756778036419,0.3755523646085194,0.1096239769899698,0.40583845015421915,0.22939004134180963,0.4347749917371282,0.12788340187683966
905,6,True,0.6140325329308846,0.031487082109032644,0.8445164275798241,0.19507873091499373,0.33250699866474387,0.49919656069267465,0.2170366426220716,0.5298282347858463,0.2170366426220716,0.5903641437497256,0.5298282347858463,0.4652587481525305,0.29665508093868104,0.36238688231730876,0.5176353256198013,0.34923267356926824,0.2811048068153251,0.19507873091499373,0.5319255224973406,0.4082901009066592,0.25710750633158014,0.3702822925154423,0.4976392654148935
823,0,True,0.6134753504549855,0.03994199610777229,0.8676538639518742,0.11920101871240407,0.4388811286532709,0.6026662904074712,0.3185142140260277,0.4384045571502478,0.3185142140260277,0.2734696552963337,0.4384045571502478,0.346312156315862,0.2752152277973099,0.20529723609732742,0.4354743637697614,0.4894938254659253,0.43114566281695527,0.11920101871240407,0.43453776954907997,0.5673929792210122,0.4715213646138709,0.1689686304169039,0.4634053368687539
664,0,True,0.6134339058674907,0.03889442740044268,0.8519204072188802,0.11033133089361546,0.5437430298996593,0.5967718171938253,0.11105962889589031,0.13207504432686593,0.11105962889589031,0.159117231707798,0.13207504432686593,0.17986405455867294,0.16001941403929268,0.11033133089361546,0.13054845713902488,0.3127885397969805,0.26212891911463854,0.1619612429381948,0.13291908336129318,0.4305221982454271,0.32684596503014424,0.2408150697869017,0.14137311413499098
1330,6,True,0.6123013004954974,0.03138568556298398,0.8422026839426192,0.14937754214610388,0.46386695880356554,0.4537666713575865,0.20102120899217038,0.36956925774152954,0.20102120899217038,0.4560662046929207,0.36956925774152954,0.32874623852328033,0.18506390663236374,0.43706152361266226,0.35689093732627414,0.2757223828931007,0.20340728996208804,0.26227501798085673,0.3676131313849913,0.20391803806007702,0.17345726273540704,0.14937754214610388,0.32181067085295095
848,0,True,0.6120430040517866,0.03997821155505898,0.8681166126793152,0.10769504045982314,0.4567618557418203,0.6019210547050907,0.41469293296868054,0.5496403148140893,0.41469293296868054,0.2455194391827925,0.5496403148140893,0.3845684324264395,0.293860288501683,0.23586996819378103,0.5489692117976062,0.4832018493886828,0.4311634066685073,0.10769504045982314,0.548622003573051,0.5511498409525921,0.4821665388590944,0.12516251837117276,0.5284104822977986
1270,6,True,0.6114638624237531,0.030129979501315764,0.8162887552059231,0.14465189474958784,0.599239163959151,0.4662401934468096,0.1096955512843208,0.13324690953676163,0.1096955512843208,0.17674975227806855,0.13324690953676163,0.2542491766608489,0.14190914871289212,0.44185011500670746,0.13647222639940182,0.2487188658985162,0.1589977299502364,0.36073313387046546,0.13247307440608302,0.18451474366813805,0.15782433638730736,0.14465189474958784,0.1566864427052057
758,0,True,0.6105689361218086,0.04067878682620912,0.8787598334104582,0.07047917321719044,0.5004526745142241,0.6160027695632152,0.20423358841840056,0.21971921718556767,0.20423358841840056,0.07047917321719044,0.21971921718556767,0.4023425929050391,0.35421067144119006,0.11962919738703659,0.2206988028757315,0.48357775823966115,0.44757272088143374,0.07445552808155276,0.2249109972043329,0.5859078971421381,0.4842101353032834,0.17357294949411373,0.22087391394503234
1218,6,True,0.6105192914421118,0.02846215647600946,0.7774178621008793,0.19926931428050876,0.6202956610751957,0.4629340451604266,0.09430217724145225,0.22065744166485235,0.09430217724145225,0.5726308773910105,0.22065744166485235,0.2506403060194011,0.11746561790464166,0.5313378770948791,0.21723515611621913,0.29976715086931105,0.13676531791663893,0.543761491143957,0.21902640903172163,0.21329648362868767,0.17079303959755532,0.19926931428050876,0.22655511197173273
1272,6,True,0.6100375735128188,0.0304913721527786,0.8227672373900972,0.1286402871013579,0.6006186868736288,0.46655966108543806,0.11028223326863577,0.13063290030710165,0.11028223326863577,0.15578515818468386,0.13063290030710165,0.24959622173142137,0.14037289716643572,0.4376000718573203,0.13417236590265302,0.24561698458814923,0.1571420825462103,0.36021491832209296,0.13029971132886817,0.1825780896125376,0.15909119174636333,0.1286402871013579,0.15415794890177195
468,6,True,0.6099813677883674,0.031972594714413084,0.8514576584914392,0.0723907066518622,0.6253532654708911,0.5418640207540948,0.1455842595506118,0.1569456673133751,0.1455842595506118,0.0723907066518622,0.1569456673133751,0.28335734788590144,0.1774696319883646,0.373689677319306,0.15592456644748245,0.5590266515296167,0.26128873291770904,0.5326005795917474,0.15371420421073886,0.4615963873820524,0.21987267829089802,0.5236689794348095,0.18559045382646008
1696,6,True,0.6092224406507357,0.02906785043887794,0.7913003239241092,0.20967836853891642,0.5066876812700618,0.4193121176685323,0.07593882712117123,0.12238771349404742,0.07593882712117123,0.37952246223748054,0.12238771349404742,0.19056583592836596,0.07722533364860495,0.594757721013361,0.12713808942510682,0.24714118978334984,0.07454045526196322,0.6983891866535592,0.1223186857118032,0.18366401900568075,0.14515364714126908,0.20967836853891642,0.15112383825488043
1567,0,True,0.6091879625795396,0.03733005142347547,0.8260064784821842,0.18296656249888565,0.41294754588781823,0.471471722176968,0.21479573573407804,0.35521868712675264,0.21479573573407804,0.3953140881424617,0.35521868712675264,0.25016020728163685,0.20438925408130704,0.18296656249888565,0.3474046403372215,0.2680385733579576,0.2149608639601558,0.19802265298180832,0.3496886147930574,0.48868646302333174,0.2865087393233383,0.41371664451106493,0.3548922590680161
1878,0,True,0.6089684941552327,0.03536062012796127,0.7852845904673762,0.2705276702322338,0.3516789785187437,0.37860236023927324,0.0772640433646193,0.10591771642553867,0.0772640433646193,0.2705276702322338,0.10591771642553867,0.13842337115585,0.09096836912739283,0.34282507088364345,0.10758696095594873,0.18835165479922525,0.11384535688558502,0.39557017958276364,0.10382626880010554,0.4129158154079869,0.23151487765791848,0.4393170011442473,0.1132662771042865
2027,0,True,0.6088050244254481,0.045865363304665875,0.938917167977788,0.026897161438087513,0.31277292005127877,0.42986119367358766,0.07059140590863854,0.07254259581953448,0.07059140590863854,0.026897161438087513,0.07254259581953448,0.1006821515294523,0.08507481529765211,0.1550159188566269,0.07490707506264556,0.19974071376226318,0.17910376495803493,0.10331868959270318,0.0750026954340719,0.3820691904823655,0.24188293594428215,0.36691326605292895,0.07836049387487769
1267,0,True,0.6084297271537574,0.04108162374731841,0.8857010643220731,0.08165247670595976,0.41083451980932995,0.5856464318041104,0.3671107144775679,0.3997514069192136,0.3671107144775679,0.08165247670595976,0.3997514069192136,0.7161141001047477,0.6241107219332441,0.12847586461158367,0.38891849737073825,0.5683295837908228,0.5010793962271954,0.11832955644339493,0.39023830788063574,0.4427731257048295,0.3686026756847822,0.16751344134081958,0.3821441513959276
767,0,True,0.6083477370673397,0.03602134730825792,0.8010180472003702,0.1911967762008978,0.5047968060688526,0.6041631507414641,0.22125329222392334,0.2956958304882373,0.22125329222392334,0.2517537637963929,0.2956958304882373,0.5308607465623724,0.4064319516761379,0.23439064894509953,0.2944014680354533,0.6244065744220373,0.5050220503538978,0.1911967762008978,0.29351273647138965,0.6926118116318967,0.526117240063456,0.24038656108990497,0.28728471437278896
820,0,True,0.6076103921584175,0.03645736927691836,0.8070337806571032,0.20017624965757674,0.4404062693259293,0.6022924127903072,0.2885444314202877,0.4336766759870973,0.2885444314202877,0.33465540713360287,0.4336766759870973,0.3796378994669096,0.27004757096511406,0.2886706744918859,0.4321175772316865,0.5370694900871731,0.4182658838437278,0.22120714067031055,0.42386365896485884,0.5932822830635408,0.47452126065159633,0.20017624965757674,0.4634868535862224
1342,0,True,0.60680206728494,0.037110701158997554,0.8204534937528922,0.1659610826265755,0.46786995620521316,0.5639305381355632,0.34045140385511946,0.4979866177337405,0.34045140385511946,0.31634427165038936,0.4979866177337405,0.48479458794978786,0.4043375532821365,0.1659610826265755,0.5043591324905305,0.35953157706484196,0.2982577887054472,0.1704267226251004,0.4885150995047646,0.34205755151423667,0.2551479653294728,0.2540788408267216,0.5600515789658813
891,6,True,0.6064220194400851,0.03426109069573974,0.8857010643220731,0.06250672485995934,0.44819469821060703,0.4873591997277041,0.09288169704731149,0.29632024872411294,0.09288169704731149,0.6865496116204046,0.29632024872411294,0.3467216413668312,0.23914935759726355,0.3102554641397658,0.286808534431855,0.2745798852707387,0.2574167959300414,0.06250672485995934,0.2943656908563918,0.32918265676754227,0.27403884002775725,0.167517381630241,0.2830749538769107
895,6,True,0.6061775466925668,0.031202515986348902,0.8385006941230911,0.14335653358398992,0.43920239555824275,0.4954973981525765,0.08669328579231428,0.3378222149796654,0.08669328579231428,0.7433760068220125,0.3378222149796654,0.37470075368034994,0.23911784679350304,0.3618431656598964,0.32442176548834234,0.2987546843322563,0.2559262483944049,0.14335653358398992,0.33503326806775774,0.35062796218294634,0.2780797374302472,0.2069094099085167,0.3127649397014519
1179,0,True,0.6060715618514616,0.040405937448321355,0.8745950948634891,0.08579459316891025,0.43035636469044036,0.5790404856649835,0.0717357927622893,0.11715832659995233,0.0717357927622893,0.3877021391126759,0.11715832659995233,0.25028333954584797,0.20212412357339016,0.19241878448579597,0.11310729812297864,0.3618053127813059,0.33076437316488344,0.08579459316891025,0.11451032221533974,0.303129349493576,0.2758016064582618,0.09015208550729048,0.10660388003683519
1796,0,True,0.60562210015142,0.03460769676905965,0.7616844053678853,0.24609177009122085,0.5095236644011111,0.4162367527256058,0.3335123660237616,0.44418459381844516,0.3335123660237616,0.2491581863370962,0.44418459381844516,0.5617531234247816,0.423510302926905,0.24609177009122085,0.4472045686994033,0.6010544310082011,0.4214405689361236,0.2988312751821752,0.44258656976552596,0.9128027012172689,0.5753411261539995,0.3696982651489169,0.47893931002035667
1701,6,True,0.604674452435141,0.03068352265039548,0.8264692272096251,0.12863460278624939,0.5284945799445356,0.42113449112622,0.058018884497901595,0.10769828604425997,0.058018884497901595,0.46128312131116,0.10769828604425997,0.16750394054020634,0.0644075783275243,0.6154861902364356,0.11169556554779266,0.2218145459315481,0.06954059118541624,0.6864921960218224,0.10858638672816694,0.1637410259351691,0.14267826410418566,0.12863460278624939,0.13531333653645103
471,6,True,0.6038033778319606,0.03036278667342332,0.8209162424803331,0.09305827761367669,0.6542777330769101,0.5407247701918482,0.11248721719741746,0.12402915691368106,0.11248721719741746,0.09305827761367669,0.12402915691368106,0.2575186606302334,0.15051787273996914,0.41550692920038457,0.12327484848424435,0.5165410606735689,0.22634782600738865,0.5618009036644029,0.12187537633047733,0.4242201805188328,0.2029189991206543,0.5216658508030456,0.14836750256793674
1262,0,True,0.6032273911245783,0.03848000615280831,0.8486811661267931,0.11985748002843721,0.4292956405265063,0.5894994867025936,0.2707890919495462,0.3076650494720961,0.2707890919495462,0.11985748002843721,0.3076650494720961,0.6581890466484718,0.5294298074080609,0.19562652994008134,0.3032711575339224,0.5301213518934501,0.4534964603389081,0.1445421718647223,0.3029186988653237,0.4241514016208432,0.3344359048044416,0.21151762430482302,0.31235158221386644
1560,0,True,0.6025606088803663,0.0412376239823754,0.8898658028690422,0.05415150272492397,0.41382256628367997,0.4630623909113531,0.14142189196532048,0.226530649837377,0.14142189196532048,0.37570526519548164,0.226530649837377,0.18539767333737847,0.17390087347762676,0.062011564939277064,0.2266655433371549,0.21920243913051454,0.2073322976506285,0.05415150272492397,0.22608200837031067,0.42226030550670424,0.19604221251217985,0.5357313724364099,0.2551823688796204
1269,6,True,0.6025497435729972,0.02962741862967728,0.8042572882924572,0.13215239079261765,0.6077538218898318,0.4662777325807233,0.10834875469029077,0.12580466319086317,0.10834875469029077,0.13875406569062831,0.12580466319086317,0.24706120419094227,0.13468533079699432,0.45485034269928426,0.12933776994982701,0.24404533969380926,0.15632580304559218,0.35943950725825835,0.1256228920405734,0.18248475083442647,0.15836895472846188,0.13215239079261765,0.14877904894229674
1705,6,True,0.6019964326507321,0.032428578265743066,0.8574733919481722,0.07667438031143037,0.5025742258321693,0.4249705382802161,0.05077007394233393,0.12146815624413802,0.05077007394233393,0.5820297639136671,0.12146815624413802,0.17744897830709894,0.06040758019917477,0.6595777514445225,0.1270171426670257,0.23758529672586584,0.0661055841415807,0.7217606263831402,0.12224854543250845,0.16808335587289303,0.15519566872067334,0.07667438031143037,0.14265729837628302
1188,6,True,0.601233054169755,0.027733362945062776,0.7598334104581213,0.21223140493699966,0.5764692745959452,0.46049311931254616,0.07858061683366858,0.10067945107372751,0.07858061683366858,0.2194969678954245,0.10067945107372751,0.1804207066384492,0.09599224232313981,0.46795329587361767,0.09914865205862633,0.26733618721416963,0.12223656391878554,0.5427608765106731,0.09657073810509449,0.217265180049858,0.17115468564398645,0.21223140493699966,0.1109664448526632
1456,0,True,0.6007212940217433,0.037186977257656434,0.8213789912077741,0.15016685871408264,0.44981740803631465,0.5233934152926875,0.6485378869400908,0.7951664732488753,0.6485378869400908,0.18439985995598174,0.7951664732488753,0.4936311082175299,0.40405943193190635,0.18145468305079293,0.8020853996475719,0.47354441674525655,0.40243373922102893,0.15016685871408264,0.8020829412689903,0.3208795051270271,0.24424423947811763,0.23882879530922907,0.7662683496439385
902,6,True,0.6001456430214802,0.032271040965699486,0.8560851457658492,0.11835513901569661,0.36596528433846703,0.4995183263455068,0.12102206186990357,0.4413284703821907,0.12102206186990357,0.7257778049870691,0.4413284703821907,0.4178627040657061,0.26374288093737275,0.3688288560543538,0.4264520587432797,0.3254382308385044,0.2869209437865909,0.11835513901569661,0.4400151772324003,0.38160931084824173,0.28665007754168187,0.24883887946938277,0.4032640811682297
1444,0,True,0.6001223199097337,0.03766184164920733,0.8329477093937991,0.14028426588194165,0.4156318544825166,0.5247801203079921,0.6007171604660034,0.74233479170159,0.6007171604660034,0.19077326405646255,0.74233479170159,0.4960107800738915,0.4105101763015129,0.1723765031067298,0.7475719490910402,0.45174552713562866,0.38837273749595624,0.14028426588194165,0.7438794445347714,0.3113584497082209,0.2521358940329433,0.1902069968898421,0.7372034917193799
858,0,True,0.5988033958016972,0.0355199340127232,0.7889865802869042,0.18787377648800885,0.4794797271184251,0.6011585868855972,0.26435162708745924,0.3661377249188782,0.26435162708745924,0.2779994818997982,0.3661377249188782,0.3363602358974262,0.2464130618806676,0.2674132207595079,0.3668680903341568,0.40162546017821626,0.3261705682408004,0.18787377648800885,0.362979931246703,0.49649229234566816,0.37899803870851717,0.23664869616011897,0.4074244354178409
825,0,True,0.5974810263180076,0.039527141340682095,0.8602498843128181,0.07330663498166734,0.4536409366709833,0.6026969865815615,0.37016781922144953,0.4675235200941053,0.37016781922144953,0.20823701201826073,0.4675235200941053,0.39038772019127976,0.3139318352219667,0.19584602951099916,0.47777568291697353,0.5182634455951856,0.4802712963645981,0.07330663498166734,0.46597057039277995,0.5917160334586329,0.5218399555312131,0.11809056029627574,0.5105602820004216
942,0,True,0.5973764745464256,0.039526337750315194,0.8597871355853771,0.07929362302383391,0.43694819846586874,0.5957960821787343,0.33556341153035874,0.42193234966022936,0.33556341153035874,0.2046985451564005,0.42193234966022936,0.3349126620221295,0.30713969710508787,0.08292599255386324,0.4193094281941419,0.24318483286971113,0.2239018264070262,0.07929362302383391,0.42395519186298264,0.31505865291649243,0.28748729726384925,0.0875118185055882,0.389968296948685
896,6,True,0.5970462355179411,0.03068636112388164,0.8269319759370661,0.13446313168217228,0.43241308044756366,0.4970836590408887,0.08482878286249791,0.3494519574000383,0.08482878286249791,0.7572519453213725,0.3494519574000383,0.3786054818849758,0.24222488936414732,0.36021821935019493,0.3359565478078405,0.30219481555254246,0.2615607542752312,0.13446313168217228,0.34709641165220956,0.3544759538002352,0.2880237112202977,0.18746615071494155,0.3219754915111446
1916,0,True,0.5960146110485073,0.03699806316142222,0.8167515039333642,0.1559649386031482,0.40849377500880696,0.38924583582445604,0.07911147130259695,0.09373007700849527,0.07911147130259695,0.1559649386031482,0.09373007700849527,0.11552229190692657,0.08445740526024943,0.26890815732521434,0.09250742828212699,0.1538175057273853,0.09239421044535286,0.3993257788934279,0.09076160718033538,0.4015781330467443,0.1961566830077151,0.5115354476114311,0.10969790441327881
903,6,True,0.5959679209520061,0.03171553563267466,0.8477556686719111,0.12067340579848329,0.35888064876505527,0.4994941749541032,0.14370267797850408,0.45319277587395534,0.14370267797850408,0.6829104839515987,0.45319277587395534,0.42114574920770037,0.2696737311190658,0.3596665011426524,0.4392277648771996,0.3231573775359503,0.2841608761797809,0.12067340579848329,0.45239109490544277,0.38173529304627396,0.27599969781231376,0.27698668988707553,0.421897476998678
893,6,True,0.5957176759878036,0.030580864894011666,0.8241554835724202,0.12986489103885124,0.44680466889938114,0.4915747407160217,0.08959241983747068,0.31958944687593976,0.08959241983747068,0.7196640229730451,0.31958944687593976,0.36280159111820653,0.23704431955038488,0.3466282250312621,0.3080072679406252,0.2872111603865178,0.24991251433778064,0.12986489103885124,0.3182640271989523,0.3389710347828573,0.26865733288351024,0.20743277355361522,0.2999896943745234
1331,6,True,0.5956015088122304,0.029985051075484426,0.8130495141138362,0.14154904504542998,0.46612038241683246,0.45376665073318273,0.2115498446923464,0.36688665551936933,0.2115498446923464,0.42339182548661036,0.36688665551936933,0.3243812102677836,0.18822797710524006,0.41973218192923734,0.3551613278148984,0.2703863244846976,0.20529345955833506,0.240740226231547,0.36589542895660543,0.20007709868398244,0.17175637642980446,0.14154904504542998,0.3205896586250733
1118,0,True,0.5954142496069086,0.04166429194932183,0.8944932901434521,0.029284771082983663,0.3938217321028734,0.573835640486663,0.12614172879255856,0.139599109801373,0.12614172879255856,0.09640019214995077,0.139599109801373,0.14896726863460988,0.12988146459087116,0.12812078934301196,0.1371012107574238,0.34101724954520085,0.3272676454438686,0.0403193800890409,0.1359267894755425,0.29556020514706294,0.2869047921980915,0.029284771082983663,0.1489957305268971
856,0,True,0.5942678037698361,0.039887946471040665,0.8658028690421101,0.05110109591180734,0.460360404752389,0.6013023460133193,0.354804311316252,0.39687304683373786,0.354804311316252,0.10600048517557736,0.39687304683373786,0.34521839791967324,0.300170884427164,0.13048989788484877,0.4040646598639273,0.41896183068468995,0.3975524219914852,0.05110109591180734,0.3926613366416123,0.5298073712423775,0.4422962670743712,0.1651753239348034,0.4510139711585343
472,6,True,0.5940202796626379,0.030961485727438853,0.8320222119389171,0.04059943620070405,0.6582934283296814,0.5399852580748941,0.11225408900963947,0.1170044017538463,0.11225408900963947,0.04059943620070405,0.1170044017538463,0.2532083929340314,0.15614147209540982,0.38334795981233727,0.11669628169060953,0.5104601200915921,0.2308451224640121,0.547770504730925,0.11511239837043852,0.4176861972479429,0.20368929919618164,0.5123389268348997,0.13940135392793562
903,0,True,0.5929765983096149,0.03831052081936615,0.8445164275798241,0.06583575005574016,0.5096765950298077,0.6033604727627612,0.1633688183949596,0.1748823276042811,0.1633688183949596,0.06583575005574016,0.1748823276042811,0.3365949980431739,0.28978244700248224,0.13907678757212893,0.17301175801868765,0.24463617209446845,0.21147073808287348,0.13557044212900715,0.17594366354583865,0.3694434552334902,0.28397983792348386,0.23133071136960026,0.19157831030260386
935,0,True,0.5924133419879567,0.03727166702054322,0.8246182322998612,0.09963814520792302,0.5021278227564921,0.5977320317525401,0.20080926857328307,0.24449670155171865,0.20080926857328307,0.17868311801823766,0.24449670155171865,0.31106938683244456,0.27005034966632513,0.13186459003185058,0.25151122496427736,0.22021580070850322,0.19827390678043033,0.09963814520792302,0.2519244623740899,0.33492903684466935,0.27747647442747597,0.17153652295557242,0.26559814507617685
1267,6,True,0.5922663613082574,0.031045882245673548,0.8357242017584452,0.043583620338183304,0.6132917432757982,0.4669546914172028,0.11015317700979499,0.1151728257192171,0.11015317700979499,0.043583620338183304,0.1151728257192171,0.23380084628907202,0.12030908108516412,0.485420677492272,0.11908096363694927,0.2338626646271417,0.15167149006126213,0.35145060327145783,0.11653951715249888,0.17875080231097948,0.16268393254647945,0.08988418265417286,0.14101605562419536
1104,0,True,0.5922409172005515,0.04131496073641179,0.8912540490513651,0.020357151684462726,0.40506747169530133,0.5768826624430557,0.12340602424540288,0.12879323540968193,0.12340602424540288,0.041828370466373666,0.12879323540968193,0.13150252542693142,0.1259176622417717,0.04246962685338629,0.13326523812781507,0.31257691052068365,0.2638477475120646,0.15589495374897366,0.13393140625600028,0.2874243659271155,0.2815732245121267,0.020357151684462726,0.13819505560677045
1503,0,True,0.5916525325924686,0.0383899127343847,0.8468301712170292,0.05598079694425129,0.5144320790067866,0.5087848292071381,0.2395406296092446,0.311294483970001,0.2395406296092446,0.23050152847446914,0.311294483970001,0.21963508285397962,0.1889567986096307,0.13967843317975215,0.31763237219072604,0.23927067719777229,0.2258761140028503,0.05598079694425129,0.30355917164828544,0.28852726789521277,0.1961841132706195,0.32005000878506373,0.3636820110083629
1702,6,True,0.5915716312749149,0.02964621448116968,0.8051827857473391,0.12127311299043753,0.5259830450411398,0.421804662729234,0.05480142218261099,0.11016015093079813,0.05480142218261099,0.5025295288762188,0.11016015093079813,0.16882671785241868,0.06344456321339431,0.6242030644174761,0.11450021045210539,0.22365176806366605,0.06973987450873606,0.6881765115807916,0.11127225117144017,0.16282401392253149,0.14307783888454775,0.12127311299043753,0.13676320883306461
550,0,True,0.5911666158176706,0.0385988550851979,0.8491439148542341,0.031477767681326485,0.5715132808615563,0.5723526601940584,0.1851240897240879,0.28459352352803985,0.1851240897240879,0.3495140457549858,0.28459352352803985,0.18435916383637416,0.17855594890720916,0.031477767681326485,0.2801046063197141,0.2023605836726264,0.19193761022216047,0.051506935102183515,0.2812731376373859,0.35583559128462117,0.24409391355569446,0.31402614147034047,0.2681065352624141
2135,0,True,0.5907736989056385,0.03820595074637187,0.8422026839426192,0.14503291601526036,0.2616248212975075,0.5329809667249114,0.07779818004519555,0.09099552661443067,0.07779818004519555,0.14503291601526036,0.09099552661443067,0.24781946716007683,0.1895539501275679,0.23511275244116647,0.09420074270793331,0.34017742374595317,0.22851657259379526,0.32824297956805915,0.09040079879880132,0.6420373988549138,0.37634790037139,0.41382246417013435,0.10946418518123273
1993,0,True,0.5903291765055535,0.04213403861984493,0.8995835261453031,0.03249441228555949,0.30789089747234066,0.4325996874992084,0.07523622556027589,0.07776309151661652,0.07523622556027589,0.03249441228555949,0.07776309151661652,0.10797582765387292,0.07270057639181327,0.3266958172817894,0.08230400343017653,0.20681179992453833,0.14980039771432138,0.2756680335987566,0.07591969284208977,0.40414374802163855,0.21610494681438486,0.4652770261268171,0.08561851345521092
1139,0,True,0.5901295313003045,0.041925105861284666,0.8972697825080981,0.0041262926733389715,0.40256752244253846,0.5755453684481431,0.1108597973512162,0.1928600223491362,0.1108597973512162,0.42518000360631647,0.1928600223491362,0.2808106998361,0.1589716254459378,0.43388330452249746,0.19373007905252104,0.34132076651149695,0.3399123771333821,0.0041262926733389715,0.19207078025879656,0.28328636628636567,0.2780121916570694,0.018617820188228662,0.16308309380616412
1037,0,True,0.5900915322998893,0.04100974264650768,0.8838500694123091,0.014906182452613437,0.43694642857950683,0.5788238565398637,0.35586227138032084,0.3612470863600792,0.35586227138032084,0.014906182452613437,0.3612470863600792,0.25354502308946214,0.23328255603804907,0.07991664282940214,0.3642971161770275,0.2763394132873595,0.25475703835605445,0.07810096531131439,0.3640954871099253,0.3717213137790998,0.3079139415947387,0.17165378959754618,0.4154395102578941
854,0,True,0.5898573275583029,0.036333274051670854,0.8047200370198982,0.13594925413421088,0.46712532808090435,0.6014916020712197,0.3792215619544186,0.479417875320234,0.3792215619544186,0.2089957811833525,0.479417875320234,0.37377836279080084,0.30007657034836827,0.1971804678369854,0.4856599508733997,0.47088909607185125,0.4068720746809503,0.13594925413421088,0.4822108911190343,0.5548493890483506,0.435502010027117,0.21509869412658467,0.5250383451099149
906,6,True,0.5884662607579635,0.028410573349526475,0.7755668671911152,0.21913197773345172,0.3494323384237042,0.49911924854888495,0.21226200116750218,0.5376796666570139,0.21226200116750218,0.6052259099042624,0.5376796666570139,0.4684638447686736,0.2890504366007393,0.3829824012491897,0.5279361718433062,0.34968259124207224,0.2730559534442388,0.21913197773345172,0.5421349173793591,0.4131137811380071,0.2507431674702625,0.3930409032118495,0.5136777735397074
1268,6,True,0.588422325301371,0.029740149192216375,0.8084220268394262,0.07732691384277135,0.6101323772882637,0.4665069775161311,0.10932481329081205,0.11848705129801791,0.10932481329081205,0.07732691384277135,0.11848705129801791,0.2371660165427688,0.12685600525608087,0.46511727478795606,0.12201005737410335,0.23736052957041462,0.15443278192805962,0.3493746318835791,0.11902279754758512,0.17926696255769137,0.16032019727914168,0.10569022316341348,0.14164587296984932
2142,0,True,0.5876483648988604,0.040949501178508235,0.8829245719574271,0.06466518290907086,0.2678652404742553,0.5333550886709678,0.058841478957821734,0.06290953558302259,0.058841478957821734,0.06466518290907086,0.06290953558302259,0.19549634209355457,0.17923216981377108,0.0831942536909478,0.061825413323042866,0.27703257204666787,0.21129658004187507,0.23728614840900064,0.06191267634641542,0.5876244737913413,0.3701424011103307,0.37010383736712094,0.07005041021989718
855,0,True,0.5861011296541443,0.038388936111582485,0.8463674224895882,0.05928395328114311,0.45132232425007224,0.6013976273058023,0.3701312727068749,0.43583760314194314,0.3701312727068749,0.1507587458296229,0.43583760314194314,0.36254284685938515,0.30829506803792556,0.1496313588625291,0.4405601604913927,0.4281816960350247,0.4027973923714437,0.05928395328114311,0.4359987890236412,0.5246622022552552,0.42957167682462644,0.18124142547696986,0.4882651302258863
1433,0,True,0.586013907547762,0.0382518956866411,0.8431281813975011,0.06485938687786563,0.44992000785651665,0.5268515327095992,0.4025740982516047,0.43049579133082344,0.4025740982516047,0.06485938687786563,0.43049579133082344,0.4126411727553732,0.3597163463420158,0.12825871461143046,0.43533518988531655,0.3437575719964975,0.3069105839281437,0.10718887690051881,0.43990536750869835,0.2930016649028549,0.22334038906231127,0.2377504437172393,0.45259396456750434
1706,6,True,0.5853636490633081,0.030963149349508248,0.8324849606663581,0.05958553632427066,0.5124550783284779,0.4264561956095862,0.04952904386801634,0.12228818809388127,0.04952904386801634,0.594980965536977,0.12228818809388127,0.17520786366814237,0.05770876745013606,0.6706268415015832,0.1277492698714754,0.23586115304001237,0.06413920551993725,0.7280637159055334,0.12355311194899077,0.16658934958655955,0.15666303384553298,0.05958553632427066,0.14216794890481596
470,6,True,0.5849663061349454,0.027734338357630704,0.7602961591855623,0.13274430064796616,0.6499493634777443,0.541309126809627,0.11632900218276516,0.1341346067482518,0.11632900218276516,0.13274430064796616,0.1341346067482518,0.2668985327727998,0.15145961638824615,0.4325198613318052,0.13264489258570503,0.5324339334964578,0.2302419191670856,0.5675671577596446,0.1310604965569774,0.4380313566909226,0.20501278316373422,0.5319677917295944,0.15895239087488966
1035,0,True,0.5847678122064797,0.0393018650841744,0.8579361406756132,0.05625637509036785,0.3892282934156268,0.5791345596536898,0.3645659341752084,0.3862976390543748,0.3645659341752084,0.05625637509036785,0.3862976390543748,0.26981000209173717,0.2386661452654816,0.11542884468629311,0.3894401354813728,0.2831050366810229,0.25139576523974433,0.11200532428889876,0.3844422521091688,0.3843001493450274,0.30115542695856046,0.21635360415074678,0.45325539326517134
894,6,True,0.5842508020584658,0.029518630037764237,0.8028690421101342,0.12704834716009827,0.4470177685536917,0.49371568059166476,0.08628296366216386,0.323847753260224,0.08628296366216386,0.7335693615486281,0.323847753260224,0.3647051533999169,0.23791317161446557,0.3476561288028134,0.31115625437711236,0.29002315482931995,0.2531761923700976,0.12704834716009827,0.3214217969697463,0.34259455028436814,0.2716063674003564,0.20720756598459766,0.3009719948015541
1340,0,True,0.5826234603523952,0.03487048473482626,0.7690883850069412,0.16579145173644783,0.48341832327990275,0.5639299571100624,0.34901543839530036,0.4896679563712951,0.34901543839530036,0.2872406007905972,0.4896679563712951,0.45641439366810693,0.3807447887484609,0.16579145173644783,0.49236427706283553,0.35697115351716646,0.2969568751486237,0.1681208068977953,0.4810938486738094,0.33850174713020204,0.25284570216682895,0.2530446170206211,0.5502620069626335
1169,6,True,0.581565370206373,0.028686964104602503,0.7820453493752892,0.10088950246803385,0.6027584477831825,0.4566543157719567,0.07949524814566523,0.08841543766186417,0.07949524814566523,0.10088950246803385,0.08841543766186417,0.21781465036931677,0.08573712095616237,0.6063757841321034,0.09324203450742526,0.31760258986418294,0.10935927660974722,0.6556725917867585,0.09141876586195592,0.25812142489151996,0.14965217004067483,0.4202256937657586,0.10083689864264712
1457,0,True,0.5799132353879671,0.03535537556966855,0.7848218417399352,0.15068676072639964,0.42296286300079644,0.5234369562102866,0.6775588930672489,0.8142843325770907,0.6775588930672489,0.16790871939918794,0.8142843325770907,0.5084117458378657,0.42048548120696344,0.17294302374151338,0.8279702472743927,0.48169899429051694,0.40911333319571447,0.15068676072639964,0.8263512040050038,0.3215538031737112,0.2494930281928131,0.22410176545779836,0.7808355668968442
1473,0,True,0.5797278754926931,0.03818183841316827,0.8417399352151782,0.09022933274334555,0.3178910806210042,0.5087027917972645,1.170208639325857,1.3529699681756246,1.170208639325857,0.1350815858065254,1.3529699681756246,0.7642251004372542,0.669800790987598,0.12355562437772716,1.3536151237491005,0.7150742503689654,0.6505535778962257,0.09022933274334555,1.3661997280667173,0.39672490655244197,0.35945346503498615,0.09394782354691666,1.2570514451497663
1459,0,True,0.5793540028540123,0.04007794582358901,0.8690421101341971,0.008989273526855968,0.42136165728857006,0.5224987527195086,0.8259387179359412,0.9031288264747067,0.8259387179359412,0.08546965424641695,0.9031288264747067,0.5606544287439467,0.5258771668746939,0.06202976394419191,0.9143378460429608,0.530905658551706,0.5261332023700291,0.008989273526855968,0.9172123094760868,0.3341837243601032,0.3014171839924411,0.09804947990930324,0.8449468122975365
1273,6,True,0.5790795810958289,0.029388136481718414,0.7996298010180471,0.06884559799915035,0.5861100118706026,0.4668496607955104,0.10803561876570393,0.12830870238428224,0.10803561876570393,0.1580024054631991,0.12830870238428224,0.24382721527386134,0.13796779821153357,0.4341575116765731,0.1316778594614466,0.24245972609337027,0.15902445993475914,0.3441201039981401,0.12838644619366954,0.17997081097650114,0.16758061287243187,0.06884559799915035,0.15109082756700268
1095,0,True,0.577242788905262,0.04020154368804974,0.8713558537714021,0.005515619170513131,0.3991017626840704,0.5740458892313826,0.12403931311478499,0.13290792444173782,0.12403931311478499,0.06672748343790835,0.13290792444173782,0.12938739629497098,0.11345169185650737,0.12316272600566269,0.13855973136476854,0.2947658844905914,0.26703120346466325,0.09409053925578481,0.13349028232948632,0.2809577150009851,0.2794080592420221,0.005515619170513131,0.14807991534073653
831,0,True,0.5754885195441708,0.03579325011112757,0.7973160573808422,0.11470512167024782,0.4241895435267526,0.6011794755137877,0.4549552967196058,0.5664541461733755,0.4549552967196058,0.19683649631128863,0.5664541461733755,0.4546547655860565,0.3860621647516595,0.15086744058644175,0.5671044408841216,0.5949568140460296,0.5267122203023368,0.11470512167024782,0.5654919921904719,0.6518728204372942,0.533458308190795,0.18165278338658686,0.5631701580203097
1703,6,True,0.5751726757784316,0.028632665632314803,0.7806571031929662,0.10905617507084464,0.5212727166069504,0.4226612754092647,0.05288995188139425,0.1121043511073146,0.05288995188139425,0.5282078584910227,0.1121043511073146,0.17067766845047225,0.061900312136950526,0.6373262378205444,0.11698239865839562,0.2258225837017094,0.06899040429140864,0.6944928927810934,0.1135281156578992,0.16292691794490885,0.14515873145775574,0.10905617507084464,0.13617699590673774
467,6,True,0.5744853929291505,0.028304139107820533,0.7746413697362332,0.08727696233922544,0.6098161935926619,0.5418380748291922,0.16688595404802817,0.18284402514451872,0.16688595404802817,0.08727696233922544,0.18284402514451872,0.30637235961623704,0.19684518958732852,0.3574969039834487,0.18105667287984262,0.5925081425423192,0.2832500691307553,0.5219473813213893,0.1800936515184145,0.48134679608093645,0.22997981913401414,0.522215955301915,0.20594485668982151
829,0,True,0.5736978435709287,0.03735526017743045,0.8273947246645071,0.04866125667032728,0.4540210423757695,0.6025915465459682,0.44698946287184543,0.5161317517743442,0.44698946287184543,0.1339624788918784,0.5161317517743442,0.41635502931609736,0.37427116066726707,0.10107688315416063,0.5192370020865323,0.5579444768309277,0.5307941974360665,0.04866125667032728,0.5116121823425437,0.6044690353246878,0.5326346007440369,0.11883889890582289,0.5172690305468216
1504,0,True,0.5724929506348553,0.035632828501836654,0.7917630726515502,0.0857791641181479,0.5087766507363577,0.508548261159129,0.22597982044976916,0.30824562305381425,0.22597982044976916,0.2668839277879477,0.30824562305381425,0.21451119898051227,0.17840580053500962,0.16831474821406744,0.3142776492193491,0.2363445147668966,0.21607107984628296,0.0857791641181479,0.3033693285705847,0.2824237557690604,0.20133539256855096,0.2871159438401347,0.3410258969391731
1180,0,True,0.5723742644109394,0.034681118895403214,0.7630726515502082,0.1513521528805113,0.45432292771681854,0.5793181642576355,0.06615053924291006,0.08694175716436296,0.06615053924291006,0.239139610235243,0.08694175716436296,0.24637097608897637,0.1945060382355599,0.2105156162334867,0.08828119566374996,0.3874533752184505,0.3188117778451646,0.1771609224841183,0.08599926281034527,0.3173234869962964,0.26929589407985605,0.1513521528805113,0.09413242104361907
1319,0,True,0.5719024820096735,0.037199773425873855,0.8218417399352151,0.08869891427203613,0.3437193776045515,0.5628241547609005,0.9682003450304161,1.0624373878112963,0.9682003450304161,0.08869891427203613,1.0624373878112963,0.9064663333032402,0.7694320102204945,0.15117420035157958,1.0704247084457152,0.6465956970265871,0.544397424149056,0.1580559124465205,1.0591423337771684,0.5449046189648917,0.41373389192734095,0.2407223621754656,1.1675087318883042
836,0,True,0.5715443790977842,0.03504130326069167,0.7755668671911152,0.1314220638405389,0.4433432635006496,0.6015831353099589,0.2895886336102648,0.39364895055161514,0.2895886336102648,0.2643480105701589,0.39364895055161514,0.31464930036960276,0.23848237203575187,0.24206927599833028,0.39739026235796254,0.43342372343031244,0.37646228317964986,0.1314220638405389,0.39044886803586554,0.5393839336448342,0.4336577977594899,0.19601276436046255,0.4304830965920998
2015,0,True,0.5711922119718134,0.03612189558112905,0.8028690421101342,0.13892482570772002,0.28080243204430205,0.42990085020113283,0.06892923763769396,0.08005019735280033,0.06892923763769396,0.13892482570772002,0.08005019735280033,0.11437880416844638,0.07883481260299173,0.31075680344680634,0.08101829469560066,0.2279923120857418,0.15953885037419896,0.3002446051154538,0.08134308320946723,0.4225748886695345,0.2326579281801643,0.4494279371103157,0.09312074712994893
2050,0,True,0.5711234460114339,0.0360721125940068,0.8019435446552522,0.10544953280791647,0.3851681384143284,0.4302854166228958,0.07582150636601188,0.08475933907229295,0.07582150636601188,0.10544953280791647,0.08475933907229295,0.1087696626869666,0.0809614633012593,0.2556613553701811,0.08573348754546621,0.25654514298567116,0.1884364994558798,0.2654840498523702,0.08401465362082645,0.44471546598149414,0.2530369380921004,0.4310138561661132,0.10150174292797287
1264,0,True,0.5696242706730079,0.03526843571434877,0.7811198519204072,0.12083748114601778,0.4281310036899902,0.5883328082782338,0.29136704066238944,0.3314143112495243,0.29136704066238944,0.12083748114601778,0.3314143112495243,0.6882618145392536,0.5535825000994626,0.19568035243964532,0.3282723295993717,0.5564568982923112,0.47127093889607996,0.15308635701642848,0.329336701846677,0.43645356107676764,0.35687325821677635,0.1823339524682992,0.3237340347124047
1547,0,True,0.5684890243239555,0.03717581634705384,0.8209162424803331,0.048963947635013105,0.43341718793285033,0.4591691133615175,0.2799601334821054,0.3362189643062172,0.2799601334821054,0.16732795230691722,0.3362189643062172,0.2672056753596384,0.24028821838469652,0.10073684602212529,0.34239331237642734,0.25093757950406226,0.2386506850015684,0.048963947635013105,0.3373159261264577,0.45529454370994815,0.29764890974835106,0.3462497764129312,0.36704903125892024
1550,0,True,0.5676073286037819,0.03661766516031801,0.8098102730217492,0.05226370863557339,0.47023079502235254,0.4633647596249082,0.23042559838551913,0.28689613560958493,0.23042559838551913,0.19683268686794808,0.28689613560958493,0.22937380440191935,0.21125569318264448,0.0789894524639243,0.2915736258351457,0.23323256692179575,0.22104296799986814,0.05226370863557339,0.28780270383815504,0.4387171004051865,0.25583792102644226,0.4168498998781728,0.32804093824818126
1474,0,True,0.5668790873775468,0.037599771542267665,0.8306339657565942,0.05936617356817897,0.33752252428795976,0.5076803478533257,1.1615836736364098,1.3032509717955196,1.1615836736364098,0.10870300596356464,1.3032509717955196,0.7331451299382307,0.6618251232367673,0.09727952050567701,1.3047332897604227,0.6893646269386674,0.6484396868440635,0.05936617356817897,1.3201958366694138,0.3864570176632809,0.35913390376819165,0.07070155967227332,1.2074569860848678
1036,0,True,0.564983359212538,0.03802241074357418,0.8385006941230911,0.009289474657125152,0.4294616975385479,0.5789482554835693,0.3478429891385845,0.3511045661074405,0.3478429891385845,0.009289474657125152,0.3511045661074405,0.25240753094325147,0.22987561700887457,0.08926799390721318,0.35700208003734385,0.2799826981374509,0.2499593073928963,0.10723302169841709,0.3538853502030583,0.3770208365530298,0.30485625365914193,0.1914074127935833,0.4079442917442386
1551,0,True,0.5636712262819916,0.03709442957973345,0.8199907450254512,0.023907746564884258,0.46503529799800675,0.46417821697883965,0.20622578026618277,0.25113312858484454,0.20622578026618277,0.17881889407310902,0.25113312858484454,0.20581303273278448,0.1942577632981685,0.056144498145647925,0.25029226054667914,0.21562142549358956,0.21046640309892975,0.023907746564884258,0.24941135675976836,0.42072092105461845,0.2388053741357089,0.4323900662294211,0.28200875059198177
849,0,True,0.5629769460018518,0.03726448931064668,0.8241554835724202,0.018748984040735106,0.45274509003421143,0.6018286974698956,0.5099647024072406,0.5705908247205961,0.5099647024072406,0.10625148475361934,0.5705908247205961,0.3949912136917358,0.35796623284218426,0.09373621378435781,0.5661028380675225,0.5012928698822803,0.4918941378651231,0.018748984040735106,0.5647617215577838,0.5656596330004741,0.5291010960535936,0.06462992021007419,0.5424853648679765
1041,0,True,0.5608890194930717,0.036493185072368574,0.8084220268394262,0.04431129710193227,0.43384616942778903,0.5786382866217057,0.30798191781530443,0.32226175414794384,0.30798191781530443,0.04431129710193227,0.32226175414794384,0.23265622387024879,0.21184119584599023,0.08946688671379366,0.3257001778323136,0.2800120938883609,0.25933437414331856,0.0738458095073794,0.31689225714251185,0.3686353279951959,0.30776924086679736,0.16511192093122373,0.36916496479293764
1707,6,True,0.5594185788630761,0.029433275918505846,0.8010180472003702,0.021101166102288516,0.5257920543220442,0.4280543247220647,0.04810229919620317,0.1224310911584746,0.04810229919620317,0.6071071592922452,0.1224310911584746,0.17329420409555066,0.05483599703406097,0.6835670453016098,0.1275236012773481,0.2342199843929992,0.06219178101653075,0.7344727813140882,0.12383562403990005,0.16472813632830466,0.16125218056192067,0.021101166102288516,0.14002041403957566
1363,0,True,0.5578456087939294,0.03548446620282318,0.7885238315594633,0.0313070816139539,0.5419156853001164,0.5578524060377759,0.15217809289565742,0.20400485224993867,0.15217809289565742,0.2540466992950988,0.20400485224993867,0.350979504327126,0.33999136034033156,0.0313070816139539,0.20598063357632498,0.25299899166008377,0.2363059338777396,0.0659807285112507,0.20119285925388006,0.25534376796675573,0.2255898184322212,0.11652506646807348,0.23886235513387302
1930,0,True,0.557527982478613,0.0345881804010816,0.7598334104581213,0.1381173802911969,0.3617606316219327,0.3887144636150834,0.08179446947181061,0.09490209873294093,0.08179446947181061,0.1381173802911969,0.09490209873294093,0.09622761130610095,0.07880055881620274,0.18110241180634312,0.09387612341783702,0.13634105936485147,0.09340036686634925,0.31495055633675284,0.09234701039309956,0.3604868716175842,0.20880851131978212,0.42075973423716595,0.10203037235689498
781,0,True,0.5569972535077564,0.035427846794297536,0.7871355853771402,0.04390869245038842,0.5025685308406977,0.5962966499869412,0.27306955687695394,0.3571314530062666,0.27306955687695394,0.2353808252443047,0.3571314530062666,0.5633089770165581,0.5195429472748366,0.07769453626235223,0.3530171919963754,0.6580266827285113,0.6291335914924358,0.04390869245038842,0.35699400513372925,0.6951535557896175,0.6374550407450748,0.08300110754522949,0.3309843545912073
1548,0,True,0.550356356914595,0.035719883125802016,0.7945395650161962,0.026792016825855303,0.4504896935874028,0.45982145529891333,0.24858074288281293,0.28320587948308,0.24858074288281293,0.12226136217039851,0.28320587948308,0.2332517708871662,0.2207581867504438,0.053562655019524175,0.2881457576020473,0.23594294441928063,0.2296215570824574,0.026792016825855303,0.28417142401447104,0.44174744111051567,0.2643813947750718,0.4015100707534619,0.3162790915025525
2144,0,True,0.5433082633291881,0.036967273103073246,0.8162887552059231,0.03396083336443101,0.24975635716897213,0.5333994327665532,0.060952435935111515,0.07292253983731194,0.060952435935111515,0.1641482034074152,0.07292253983731194,0.18059393897215126,0.1744608183040918,0.03396083336443101,0.07385012296220371,0.25330248969341845,0.21143579732883871,0.16528338278574595,0.07339656847746985,0.5670015905201472,0.3707493679814639,0.3461228783479222,0.07034450396975829
845,0,True,0.5425731797827139,0.03487909635303021,0.7695511337343822,0.045451899425634656,0.4416204308783241,0.6017194613235897,0.43740375009744636,0.5051614366878351,0.43740375009744636,0.13413075834658306,0.5051614366878351,0.3603106403718468,0.31203675242478063,0.13397852446779446,0.5022741489636862,0.47978417571859755,0.4579770736178248,0.045451899425634656,0.5016346048227392,0.5555277827148715,0.49684213005314626,0.10563945582510326,0.5101641494227188
1561,0,True,0.5401612539673702,0.03496324885424064,0.7718648773715873,0.04242413022281677,0.4150157621473157,0.4643706429899312,0.14175859547852612,0.23112426311135617,0.14175859547852612,0.3866563658432238,0.23112426311135617,0.18952851071660795,0.17262799637270798,0.08917135622497674,0.23127392376467173,0.21559930812699302,0.20645269500306426,0.04242413022281677,0.2275546645148687,0.42913515113776524,0.2005699521825023,0.5326182167768556,0.26447515167682406
1475,0,True,0.5386656402773307,0.03552692655533079,0.7899120777417862,0.032162848907755004,0.3406074673411108,0.5076685399075178,1.1681589324251564,1.2605710572799234,1.1681589324251564,0.07330973079310177,1.2605710572799234,0.710847852942357,0.6677981823497784,0.060561019371988545,1.262823480305603,0.6679720394135378,0.6464881556352752,0.032162848907755004,1.2758385448738003,0.38271121439391503,0.35820591753603953,0.06403077813302016,1.1782417391445588
1708,6,True,0.535782821841287,0.02752690254119299,0.7547431744562703,0.013143190663816862,0.5446827741400677,0.4298953604198624,0.04887796771124129,0.12152665474875694,0.04887796771124129,0.5978004347088206,0.12152665474875694,0.17007853865982325,0.05499860378688847,0.6766281964775578,0.12572909335696336,0.23026221653942275,0.06182494908885032,0.7315019805767162,0.12266385475660997,0.16202182686175717,0.15989234309961317,0.013143190663816862,0.13725930782763826
1071,0,True,0.5346185834382675,0.035278822735158935,0.7820453493752892,0.0011445079055116825,0.4325255637896942,0.5827647339070727,0.14287477927039874,0.1430384879506507,0.14287477927039874,0.0011445079055116825,0.1430384879506507,0.1304454320106342,0.1105357464587608,0.15262846115033224,0.14629661949025788,0.274222508929732,0.23802508048994536,0.13200020881240648,0.14884519101656446,0.2852697612392513,0.28136170083982387,0.01369952560849863,0.14457581591182822
924,6,True,0.5310557446483148,0.028493540723704632,0.7783433595557612,0.006243217861103489,0.4001109951210325,0.505725161987022,0.1276402171707138,0.5546494126285336,0.1276402171707138,0.7698722575657021,0.5546494126285336,0.4468814656682982,0.25607910947163554,0.42696412998763167,0.5532912562700661,0.31743044733397846,0.3154486598955249,0.006243217861103489,0.5511513539146581,0.40504506319848743,0.3006532937719928,0.25772877862564814,0.6055381455898062
