segment,mse,mae
1-96,0.28973904252052307,0.3450772166252136
97-192,0.4018633961677551,0.42323967814445496
193-336,0.45591577887535095,0.46517857909202576
