{
  "mse": 0.3929932117462158,
  "mae": 0.418881356716156
}