segment,mse,mae
1-96,0.31564801931381226,0.3612425625324249
97-192,0.47298863530158997,0.4566366374492645
