{
  "mse": 0.3943183422088623,
  "mae": 0.4089395999908447
}