segment_a,segment_b,cosine
0,1,0.7965357303619385
0,2,0.5340232253074646
0,3,0.3924117982387543
1,2,0.9014469385147095
1,3,0.8078902363777161
2,3,0.974344789981842
