segment,mse,mae
1-96,0.29136696457862854,0.35509923100471497
97-192,0.356276273727417,0.39556777477264404
193-336,0.4071424603462219,0.42187735438346863
337-720,0.4705077111721039,0.45246991515159607
