{
  "mse": 0.4187183976173401,
  "mae": 0.4257816970348358
}