{
  "mse": 0.3556285500526428,
  "mae": 0.38859373331069946
}