segment,mse,mae
1-96,0.2941249907016754,0.35027015209198
97-192,0.35108813643455505,0.38929829001426697
193-336,0.39965784549713135,0.4136731028556824
