system,dataset,repeat,horizon,mse,mae,origin_count,channel_count,checkpoint_sha256,prefix_identity,prediction_prefix_sha256,target_prefix_sha256,test_role,test_tuned,test_access_date,matrix_complete,source_metric_file,global_elementwise_mse,global_elementwise_mae,native_batch_mean_mse,native_batch_mean_mae,metric_semantics,global_elementwise_float64_mse,global_elementwise_float64_mae
ISCF-BSCA-MAIN-v1,ETTh1,0,96,0.351976402970048,0.39123289011502366,2161,7,1e4021071ac805b8941d9b4ab49da13ee4d8b520c03f16c4f4e458e6dec98814,True,not_retained_prior_completed_audit,not_retained_prior_completed_audit,reused_completed_formal_H720_full_crop_dense_prefix,True,2026-08-03,False,analysis/iscf_bsca_paper_experiment_consolidation_20260731/main_ii_h720_prefix_20260808/formal_results_20260809/formal_test_reused/ISCF-BSCA-MAIN-v1/prefix_metrics.csv,,,,,,,
ISCF-BSCA-MAIN-v1,ETTh1,0,192,0.3781118196471161,0.4064746981892506,2161,7,1e4021071ac805b8941d9b4ab49da13ee4d8b520c03f16c4f4e458e6dec98814,True,not_retained_prior_completed_audit,not_retained_prior_completed_audit,reused_completed_formal_H720_full_crop_dense_prefix,True,2026-08-03,False,analysis/iscf_bsca_paper_experiment_consolidation_20260731/main_ii_h720_prefix_20260808/formal_results_20260809/formal_test_reused/ISCF-BSCA-MAIN-v1/prefix_metrics.csv,,,,,,,
ISCF-BSCA-MAIN-v1,ETTh1,0,336,0.39353640120983735,0.41980139259626054,2161,7,1e4021071ac805b8941d9b4ab49da13ee4d8b520c03f16c4f4e458e6dec98814,True,not_retained_prior_completed_audit,not_retained_prior_completed_audit,reused_completed_formal_H720_full_crop_dense_prefix,True,2026-08-03,False,analysis/iscf_bsca_paper_experiment_consolidation_20260731/main_ii_h720_prefix_20260808/formal_results_20260809/formal_test_reused/ISCF-BSCA-MAIN-v1/prefix_metrics.csv,,,,,,,
ISCF-BSCA-MAIN-v1,ETTh1,0,720,0.45045415910275827,0.46662598434351565,2161,7,1e4021071ac805b8941d9b4ab49da13ee4d8b520c03f16c4f4e458e6dec98814,True,not_retained_prior_completed_audit,not_retained_prior_completed_audit,reused_completed_formal_H720_full_crop_dense_prefix,True,2026-08-03,False,analysis/iscf_bsca_paper_experiment_consolidation_20260731/main_ii_h720_prefix_20260808/formal_results_20260809/formal_test_reused/ISCF-BSCA-MAIN-v1/prefix_metrics.csv,,,,,,,
ISCF-BSCA-MAIN-v1,ETTh2,0,96,0.2405494467507989,0.3144207512151374,2161,7,bcfbc9955754a9825d1dd33015610a049551e3441dabd0ad98982c0fc2285d3e,True,not_retained_prior_completed_audit,not_retained_prior_completed_audit,reused_completed_formal_H720_full_crop_dense_prefix,True,2026-08-01,False,analysis/iscf_bsca_paper_experiment_consolidation_20260731/main_ii_h720_prefix_20260808/formal_results_20260809/formal_test_reused/ISCF-BSCA-MAIN-v1/prefix_metrics.csv,,,,,,,
ISCF-BSCA-MAIN-v1,ETTh2,0,192,0.28245514440266534,0.34509201304952075,2161,7,bcfbc9955754a9825d1dd33015610a049551e3441dabd0ad98982c0fc2285d3e,True,not_retained_prior_completed_audit,not_retained_prior_completed_audit,reused_completed_formal_H720_full_crop_dense_prefix,True,2026-08-01,False,analysis/iscf_bsca_paper_experiment_consolidation_20260731/main_ii_h720_prefix_20260808/formal_results_20260809/formal_test_reused/ISCF-BSCA-MAIN-v1/prefix_metrics.csv,,,,,,,
ISCF-BSCA-MAIN-v1,ETTh2,0,336,0.3122683312867567,0.3711865635745016,2161,7,bcfbc9955754a9825d1dd33015610a049551e3441dabd0ad98982c0fc2285d3e,True,not_retained_prior_completed_audit,not_retained_prior_completed_audit,reused_completed_formal_H720_full_crop_dense_prefix,True,2026-08-01,False,analysis/iscf_bsca_paper_experiment_consolidation_20260731/main_ii_h720_prefix_20260808/formal_results_20260809/formal_test_reused/ISCF-BSCA-MAIN-v1/prefix_metrics.csv,,,,,,,
ISCF-BSCA-MAIN-v1,ETTh2,0,720,0.39405488596768706,0.42976343582293,2161,7,bcfbc9955754a9825d1dd33015610a049551e3441dabd0ad98982c0fc2285d3e,True,not_retained_prior_completed_audit,not_retained_prior_completed_audit,reused_completed_formal_H720_full_crop_dense_prefix,True,2026-08-01,False,analysis/iscf_bsca_paper_experiment_consolidation_20260731/main_ii_h720_prefix_20260808/formal_results_20260809/formal_test_reused/ISCF-BSCA-MAIN-v1/prefix_metrics.csv,,,,,,,
ISCF-BSCA-MAIN-v1,ETTm1,0,96,0.2659839500967137,0.32657150986453487,10801,7,2e8c7e7c7d7545a4edfbe81be857299b6fea0dc7e944464803f273257ecb6948,True,not_retained_prior_completed_audit,not_retained_prior_completed_audit,reused_completed_formal_H720_full_crop_dense_prefix,True,2026-08-01,False,analysis/iscf_bsca_paper_experiment_consolidation_20260731/main_ii_h720_prefix_20260808/formal_results_20260809/formal_test_reused/ISCF-BSCA-MAIN-v1/prefix_metrics.csv,,,,,,,
ISCF-BSCA-MAIN-v1,ETTm1,0,192,0.3050110151558611,0.35059004880365885,10801,7,2e8c7e7c7d7545a4edfbe81be857299b6fea0dc7e944464803f273257ecb6948,True,not_retained_prior_completed_audit,not_retained_prior_completed_audit,reused_completed_formal_H720_full_crop_dense_prefix,True,2026-08-01,False,analysis/iscf_bsca_paper_experiment_consolidation_20260731/main_ii_h720_prefix_20260808/formal_results_20260809/formal_test_reused/ISCF-BSCA-MAIN-v1/prefix_metrics.csv,,,,,,,
ISCF-BSCA-MAIN-v1,ETTm1,0,336,0.34448984367496216,0.3727244693263644,10801,7,2e8c7e7c7d7545a4edfbe81be857299b6fea0dc7e944464803f273257ecb6948,True,not_retained_prior_completed_audit,not_retained_prior_completed_audit,reused_completed_formal_H720_full_crop_dense_prefix,True,2026-08-01,False,analysis/iscf_bsca_paper_experiment_consolidation_20260731/main_ii_h720_prefix_20260808/formal_results_20260809/formal_test_reused/ISCF-BSCA-MAIN-v1/prefix_metrics.csv,,,,,,,
ISCF-BSCA-MAIN-v1,ETTm1,0,720,0.4073109251765397,0.4056298297188275,10801,7,2e8c7e7c7d7545a4edfbe81be857299b6fea0dc7e944464803f273257ecb6948,True,not_retained_prior_completed_audit,not_retained_prior_completed_audit,reused_completed_formal_H720_full_crop_dense_prefix,True,2026-08-01,False,analysis/iscf_bsca_paper_experiment_consolidation_20260731/main_ii_h720_prefix_20260808/formal_results_20260809/formal_test_reused/ISCF-BSCA-MAIN-v1/prefix_metrics.csv,,,,,,,
ISCF-BSCA-MAIN-v1,ETTm2,0,96,0.1608811102009066,0.24576577725389895,10801,7,aeb581e8c4b00f6516c1bf45683ee5e88b583af8b16cab332ebbeb8ea1ddc7e8,True,not_retained_prior_completed_audit,not_retained_prior_completed_audit,reused_completed_formal_H720_full_crop_dense_prefix,True,2026-08-05,False,analysis/iscf_bsca_paper_experiment_consolidation_20260731/main_ii_h720_prefix_20260808/formal_results_20260809/formal_test_reused/ISCF-BSCA-MAIN-v1/prefix_metrics.csv,,,,,,,
ISCF-BSCA-MAIN-v1,ETTm2,0,192,0.2184282369628787,0.28477006837910346,10801,7,aeb581e8c4b00f6516c1bf45683ee5e88b583af8b16cab332ebbeb8ea1ddc7e8,True,not_retained_prior_completed_audit,not_retained_prior_completed_audit,reused_completed_formal_H720_full_crop_dense_prefix,True,2026-08-05,False,analysis/iscf_bsca_paper_experiment_consolidation_20260731/main_ii_h720_prefix_20260808/formal_results_20260809/formal_test_reused/ISCF-BSCA-MAIN-v1/prefix_metrics.csv,,,,,,,
ISCF-BSCA-MAIN-v1,ETTm2,0,336,0.271552440553906,0.3203940888540244,10801,7,aeb581e8c4b00f6516c1bf45683ee5e88b583af8b16cab332ebbeb8ea1ddc7e8,True,not_retained_prior_completed_audit,not_retained_prior_completed_audit,reused_completed_formal_H720_full_crop_dense_prefix,True,2026-08-05,False,analysis/iscf_bsca_paper_experiment_consolidation_20260731/main_ii_h720_prefix_20260808/formal_results_20260809/formal_test_reused/ISCF-BSCA-MAIN-v1/prefix_metrics.csv,,,,,,,
ISCF-BSCA-MAIN-v1,ETTm2,0,720,0.3440692155815435,0.3718412308467188,10801,7,aeb581e8c4b00f6516c1bf45683ee5e88b583af8b16cab332ebbeb8ea1ddc7e8,True,not_retained_prior_completed_audit,not_retained_prior_completed_audit,reused_completed_formal_H720_full_crop_dense_prefix,True,2026-08-05,False,analysis/iscf_bsca_paper_experiment_consolidation_20260731/main_ii_h720_prefix_20260808/formal_results_20260809/formal_test_reused/ISCF-BSCA-MAIN-v1/prefix_metrics.csv,,,,,,,
ISCF-BSCA-MAIN-v1,Weather,0,96,0.1410607618772622,0.18159428257633217,9820,21,6c6619f047204a5b0c63b02c30562f0e765ad6855d8468e0f0151bc2e5c25ca8,True,not_retained_prior_completed_audit,not_retained_prior_completed_audit,reused_completed_formal_H720_full_crop_dense_prefix,True,2026-08-06,False,analysis/iscf_bsca_paper_experiment_consolidation_20260731/main_ii_h720_prefix_20260808/formal_results_20260809/formal_test_reused/ISCF-BSCA-MAIN-v1/prefix_metrics.csv,,,,,,,
ISCF-BSCA-MAIN-v1,Weather,0,192,0.18213667199495437,0.22313626947867732,9820,21,6c6619f047204a5b0c63b02c30562f0e765ad6855d8468e0f0151bc2e5c25ca8,True,not_retained_prior_completed_audit,not_retained_prior_completed_audit,reused_completed_formal_H720_full_crop_dense_prefix,True,2026-08-06,False,analysis/iscf_bsca_paper_experiment_consolidation_20260731/main_ii_h720_prefix_20260808/formal_results_20260809/formal_test_reused/ISCF-BSCA-MAIN-v1/prefix_metrics.csv,,,,,,,
ISCF-BSCA-MAIN-v1,Weather,0,336,0.23218611821442647,0.26377962898612267,9820,21,6c6619f047204a5b0c63b02c30562f0e765ad6855d8468e0f0151bc2e5c25ca8,True,not_retained_prior_completed_audit,not_retained_prior_completed_audit,reused_completed_formal_H720_full_crop_dense_prefix,True,2026-08-06,False,analysis/iscf_bsca_paper_experiment_consolidation_20260731/main_ii_h720_prefix_20260808/formal_results_20260809/formal_test_reused/ISCF-BSCA-MAIN-v1/prefix_metrics.csv,,,,,,,
ISCF-BSCA-MAIN-v1,Weather,0,720,0.30416474674338456,0.3147720183854933,9820,21,6c6619f047204a5b0c63b02c30562f0e765ad6855d8468e0f0151bc2e5c25ca8,True,not_retained_prior_completed_audit,not_retained_prior_completed_audit,reused_completed_formal_H720_full_crop_dense_prefix,True,2026-08-06,False,analysis/iscf_bsca_paper_experiment_consolidation_20260731/main_ii_h720_prefix_20260808/formal_results_20260809/formal_test_reused/ISCF-BSCA-MAIN-v1/prefix_metrics.csv,,,,,,,
ISCF-BSCA-MAIN-v1,ECL,0,96,0.11683624645800295,0.21495666344707656,4541,321,97cf661db7fbf6d09e39c9f3f9f59c0a9817bba4d73b33c4e8a8219f6e5b85e1,True,not_retained_prior_completed_audit,not_retained_prior_completed_audit,reused_completed_formal_H720_full_crop_dense_prefix,True,2026-08-01,False,analysis/iscf_bsca_paper_experiment_consolidation_20260731/main_ii_h720_prefix_20260808/formal_results_20260809/formal_test_reused/ISCF-BSCA-MAIN-v1/prefix_metrics.csv,,,,,,,
ISCF-BSCA-MAIN-v1,ECL,0,192,0.136800277881022,0.23298019228555047,4541,321,97cf661db7fbf6d09e39c9f3f9f59c0a9817bba4d73b33c4e8a8219f6e5b85e1,True,not_retained_prior_completed_audit,not_retained_prior_completed_audit,reused_completed_formal_H720_full_crop_dense_prefix,True,2026-08-01,False,analysis/iscf_bsca_paper_experiment_consolidation_20260731/main_ii_h720_prefix_20260808/formal_results_20260809/formal_test_reused/ISCF-BSCA-MAIN-v1/prefix_metrics.csv,,,,,,,
ISCF-BSCA-MAIN-v1,ECL,0,336,0.1562018226091565,0.2509450912429564,4541,321,97cf661db7fbf6d09e39c9f3f9f59c0a9817bba4d73b33c4e8a8219f6e5b85e1,True,not_retained_prior_completed_audit,not_retained_prior_completed_audit,reused_completed_formal_H720_full_crop_dense_prefix,True,2026-08-01,False,analysis/iscf_bsca_paper_experiment_consolidation_20260731/main_ii_h720_prefix_20260808/formal_results_20260809/formal_test_reused/ISCF-BSCA-MAIN-v1/prefix_metrics.csv,,,,,,,
ISCF-BSCA-MAIN-v1,ECL,0,720,0.19666098558669823,0.28365932758789697,4541,321,97cf661db7fbf6d09e39c9f3f9f59c0a9817bba4d73b33c4e8a8219f6e5b85e1,True,not_retained_prior_completed_audit,not_retained_prior_completed_audit,reused_completed_formal_H720_full_crop_dense_prefix,True,2026-08-01,False,analysis/iscf_bsca_paper_experiment_consolidation_20260731/main_ii_h720_prefix_20260808/formal_results_20260809/formal_test_reused/ISCF-BSCA-MAIN-v1/prefix_metrics.csv,,,,,,,
ISCF-BSCA-MAIN-v1,Solar,0,96,0.1715133846977597,0.1973041698281769,9793,137,42172e2eafbcfb90855c0476b6315dece465ede82eb88f626e0f87a7a927c9a4,True,not_retained_prior_completed_audit,not_retained_prior_completed_audit,reused_completed_formal_H720_full_crop_dense_prefix,True,2026-08-03,False,analysis/iscf_bsca_paper_experiment_consolidation_20260731/main_ii_h720_prefix_20260808/formal_results_20260809/formal_test_reused/ISCF-BSCA-MAIN-v1/prefix_metrics.csv,,,,,,,
ISCF-BSCA-MAIN-v1,Solar,0,192,0.18678586578246154,0.2087816075478677,9793,137,42172e2eafbcfb90855c0476b6315dece465ede82eb88f626e0f87a7a927c9a4,True,not_retained_prior_completed_audit,not_retained_prior_completed_audit,reused_completed_formal_H720_full_crop_dense_prefix,True,2026-08-03,False,analysis/iscf_bsca_paper_experiment_consolidation_20260731/main_ii_h720_prefix_20260808/formal_results_20260809/formal_test_reused/ISCF-BSCA-MAIN-v1/prefix_metrics.csv,,,,,,,
ISCF-BSCA-MAIN-v1,Solar,0,336,0.19663841182892042,0.21583663495407304,9793,137,42172e2eafbcfb90855c0476b6315dece465ede82eb88f626e0f87a7a927c9a4,True,not_retained_prior_completed_audit,not_retained_prior_completed_audit,reused_completed_formal_H720_full_crop_dense_prefix,True,2026-08-03,False,analysis/iscf_bsca_paper_experiment_consolidation_20260731/main_ii_h720_prefix_20260808/formal_results_20260809/formal_test_reused/ISCF-BSCA-MAIN-v1/prefix_metrics.csv,,,,,,,
ISCF-BSCA-MAIN-v1,Solar,0,720,0.20700046588501658,0.22124526147340637,9793,137,42172e2eafbcfb90855c0476b6315dece465ede82eb88f626e0f87a7a927c9a4,True,not_retained_prior_completed_audit,not_retained_prior_completed_audit,reused_completed_formal_H720_full_crop_dense_prefix,True,2026-08-03,False,analysis/iscf_bsca_paper_experiment_consolidation_20260731/main_ii_h720_prefix_20260808/formal_results_20260809/formal_test_reused/ISCF-BSCA-MAIN-v1/prefix_metrics.csv,,,,,,,
AMD,ECL,0,96,0.12071198970079422,0.2238701730966568,4541,321,af65985faea71b7550bd06f742a8976fbe159d0371c6a65cfe8fcd484f68bea8,True,584aba37eae74ce509ed5a314e436ad7ce66b32d04d6ed248dd1a71f6ce2f11d,4a60c96c470b7e965481c471d471a32a36dd115a504e01b64a65e6c4007acf04,formal_H720_native_loader_exact_prefix_stream,False,,False,analysis/iscf_bsca_paper_experiment_consolidation_20260731/main_ii_h720_prefix_20260808/formal_results_20260809/formal_test_reused/AMD__ECL__r0/prefix_metrics.csv,0.12033971160466395,0.224199313748757,0.12071198970079422,0.2238701730966568,official_unweighted_batch_mean,,
AMD,ECL,0,192,0.13963037729263306,0.24041353166103363,4541,321,af65985faea71b7550bd06f742a8976fbe159d0371c6a65cfe8fcd484f68bea8,True,b7343e69200085ac56d1bb3023342c00826a06c2f8e20ffa67bb4bcb74a8090b,735e79610818c3862a4d1b73e12125a271dc191a40877c825d7933beddc71c98,formal_H720_native_loader_exact_prefix_stream,False,,False,analysis/iscf_bsca_paper_experiment_consolidation_20260731/main_ii_h720_prefix_20260808/formal_results_20260809/formal_test_reused/AMD__ECL__r0/prefix_metrics.csv,0.13931796903520363,0.2406043999948225,0.13963037729263306,0.24041353166103363,official_unweighted_batch_mean,,
AMD,ECL,0,336,0.1589653491973877,0.2584109902381897,4541,321,af65985faea71b7550bd06f742a8976fbe159d0371c6a65cfe8fcd484f68bea8,True,88dae56af80a1f94307cb41ff551ce471b120bb7a75e8e56a06aaa7d85d75447,f0ba39907fe2eae542a43315653ad1ca18492db980ea4b0ebe5ae59f19735909,formal_H720_native_loader_exact_prefix_stream,False,,False,analysis/iscf_bsca_paper_experiment_consolidation_20260731/main_ii_h720_prefix_20260808/formal_results_20260809/formal_test_reused/AMD__ECL__r0/prefix_metrics.csv,0.15854003265887157,0.2584412917023373,0.1589653491973877,0.2584109902381897,official_unweighted_batch_mean,,
AMD,ECL,0,720,0.2002936750650406,0.29212602972984314,4541,321,af65985faea71b7550bd06f742a8976fbe159d0371c6a65cfe8fcd484f68bea8,True,71bbeac81e4e888f4b756386cedb51c3c21438dc6014130a0501a1210dfd7bbb,7820e9acfd5b698218b02504f4db9a879bc96413bbbfac167283c364055dbec5,formal_H720_native_loader_exact_prefix_stream,False,,False,analysis/iscf_bsca_paper_experiment_consolidation_20260731/main_ii_h720_prefix_20260808/formal_results_20260809/formal_test_reused/AMD__ECL__r0/prefix_metrics.csv,0.19847714238769854,0.29139836777072253,0.2002936750650406,0.29212602972984314,official_unweighted_batch_mean,,
AMD,ETTh1,0,96,0.35038959980010986,0.38648760318756104,2161,7,2ea37ac6627e648840380d0f39c3a75887e57ae1efe0452337ef6a4b70eceba3,True,0d411706f4ad32d1962dc02b4b9ed860afcbbb145bc6ddd56ea98bdf544a8278,b590a6090b3a65c787c16fc456a4755e21437cae6aa27fe24d642afcc0ef5ae3,formal_H720_native_loader_exact_prefix_stream,False,,False,analysis/iscf_bsca_paper_experiment_consolidation_20260731/main_ii_h720_prefix_20260808/formal_results_20260809/formal_test_reused/AMD__ETTh1__r0/prefix_metrics.csv,0.3508026200041322,0.38664954882671704,0.35038959980010986,0.38648760318756104,official_unweighted_batch_mean,,
AMD,ETTh1,0,192,0.37487417459487915,0.40176406502723694,2161,7,2ea37ac6627e648840380d0f39c3a75887e57ae1efe0452337ef6a4b70eceba3,True,f290fbd07cbafcd06080a62355d78c9de4c0807a40a46cb40931d0d42d45049e,959273ad75cc833d516be6b68a907d80385c8c4b69a23fd524017606d2c1a8db,formal_H720_native_loader_exact_prefix_stream,False,,False,analysis/iscf_bsca_paper_experiment_consolidation_20260731/main_ii_h720_prefix_20260808/formal_results_20260809/formal_test_reused/AMD__ETTh1__r0/prefix_metrics.csv,0.37434278148283634,0.40129916972001145,0.37487417459487915,0.40176406502723694,official_unweighted_batch_mean,,
AMD,ETTh1,0,336,0.3930898904800415,0.4164467751979828,2161,7,2ea37ac6627e648840380d0f39c3a75887e57ae1efe0452337ef6a4b70eceba3,True,a6412b6623a16910f11728628237e19817ff9c9d27d2f87532b5f6904fc2de33,d702764694b97ab8d8d1f3114c892096b0c8c27133c3af3a8c3f4f7dfa13aa7d,formal_H720_native_loader_exact_prefix_stream,False,,False,analysis/iscf_bsca_paper_experiment_consolidation_20260731/main_ii_h720_prefix_20260808/formal_results_20260809/formal_test_reused/AMD__ETTh1__r0/prefix_metrics.csv,0.39242538214470546,0.4158835225328667,0.3930898904800415,0.4164467751979828,official_unweighted_batch_mean,,
AMD,ETTh1,0,720,0.4515272080898285,0.46108269691467285,2161,7,2ea37ac6627e648840380d0f39c3a75887e57ae1efe0452337ef6a4b70eceba3,True,9e222d23da4e7114ee3ed83b85cf088dc632ae711658d8acbe2b449be4ab084d,011f2f68df1d439f9f6ad3376fb2d39695c099b42ce31da16d01babc70073d62,formal_H720_native_loader_exact_prefix_stream,False,,False,analysis/iscf_bsca_paper_experiment_consolidation_20260731/main_ii_h720_prefix_20260808/formal_results_20260809/formal_test_reused/AMD__ETTh1__r0/prefix_metrics.csv,0.45090886940068975,0.4605373816231361,0.4515272080898285,0.46108269691467285,official_unweighted_batch_mean,,
AMD,ETTh2,0,96,0.24915660917758942,0.3261374533176422,2161,7,f28b3db1d695569650594035e807a94642c8435866866b449dc6ca890ded45ee,True,2abd4ecebc902768ea46ae41337a97843de0c40e6b49eacdd3febb24626def0d,f31d9d22c48048bb61cad797dd54bbe25d7659fdc16568f1f96df9f19dd42960,formal_H720_native_loader_exact_prefix_stream,False,,False,analysis/iscf_bsca_paper_experiment_consolidation_20260731/main_ii_h720_prefix_20260808/formal_results_20260809/formal_test_reused/AMD__ETTh2__r0/prefix_metrics.csv,0.24710097828699992,0.32479021639789907,0.24915660917758942,0.3261374533176422,official_unweighted_batch_mean,,
AMD,ETTh2,0,192,0.29330506920814514,0.3612577021121979,2161,7,f28b3db1d695569650594035e807a94642c8435866866b449dc6ca890ded45ee,True,1b7fb455904d6e2b8d46593af44bc0647788572f913607034836de85cf00d2ee,8f5fad018d74bbe6d8b9f78ec864121d390b683e78c6c64eacfab8456aa67e20,formal_H720_native_loader_exact_prefix_stream,False,,False,analysis/iscf_bsca_paper_experiment_consolidation_20260731/main_ii_h720_prefix_20260808/formal_results_20260809/formal_test_reused/AMD__ETTh2__r0/prefix_metrics.csv,0.291752690195412,0.3601183755589955,0.29330506920814514,0.3612577021121979,official_unweighted_batch_mean,,
AMD,ETTh2,0,336,0.33592063188552856,0.39542046189308167,2161,7,f28b3db1d695569650594035e807a94642c8435866866b449dc6ca890ded45ee,True,de6fe9fae4b6ef13809b58a700407a392ad9c3fe8e34d3553819a0a2a6111e9b,4476054747221dd57fe8d028afebe2aeef12b6d6419d531215bb125f944ae873,formal_H720_native_loader_exact_prefix_stream,False,,False,analysis/iscf_bsca_paper_experiment_consolidation_20260731/main_ii_h720_prefix_20260808/formal_results_20260809/formal_test_reused/AMD__ETTh2__r0/prefix_metrics.csv,0.3350038559268247,0.394597870996616,0.33592063188552856,0.39542046189308167,official_unweighted_batch_mean,,
AMD,ETTh2,0,720,0.44193533062934875,0.4665042757987976,2161,7,f28b3db1d695569650594035e807a94642c8435866866b449dc6ca890ded45ee,True,55ef752116a8b546648e355bcddb3981ed485a02f8dc65cf233820a94343238d,54e79c2d71f454b925b06f24fc07424541665f1167519ad75267a2d907554822,formal_H720_native_loader_exact_prefix_stream,False,,False,analysis/iscf_bsca_paper_experiment_consolidation_20260731/main_ii_h720_prefix_20260808/formal_results_20260809/formal_test_reused/AMD__ETTh2__r0/prefix_metrics.csv,0.4408647376291709,0.46578389938820314,0.44193533062934875,0.4665042757987976,official_unweighted_batch_mean,,
AMD,ETTm1,0,96,0.2904094457626343,0.34933340549468994,10801,7,fcc2b0f22e296c143457c9d3ba0f86679670f7f2e543803304ed089cb880be2e,True,4df1f21e0fa026d20038f87dc79792df6ebca766050c69fc7e343935b537429a,93fc0347ebcc5ca69ca44c0fe2741c07884135f25035392279128323e0fa15ac,formal_H720_native_loader_exact_prefix_stream,False,,False,analysis/iscf_bsca_paper_experiment_consolidation_20260731/main_ii_h720_prefix_20260808/formal_results_20260809/formal_test_reused/AMD__ETTm1__r0/prefix_metrics.csv,0.29143832241873296,0.34984094509223457,0.2904094457626343,0.34933340549468994,official_unweighted_batch_mean,,
AMD,ETTm1,0,192,0.3261481821537018,0.368446409702301,10801,7,fcc2b0f22e296c143457c9d3ba0f86679670f7f2e543803304ed089cb880be2e,True,271b21441d1b2890de4d00f0866f1dedac665acf06e7d19cac71ab723ce90225,1c8540fc648783c515df940c76a4eedd0e411ddc9b34353d1de4ece0350522bd,formal_H720_native_loader_exact_prefix_stream,False,,False,analysis/iscf_bsca_paper_experiment_consolidation_20260731/main_ii_h720_prefix_20260808/formal_results_20260809/formal_test_reused/AMD__ETTm1__r0/prefix_metrics.csv,0.32686252591111387,0.3686740170163365,0.3261481821537018,0.368446409702301,official_unweighted_batch_mean,,
AMD,ETTm1,0,336,0.36311066150665283,0.3872583210468292,10801,7,fcc2b0f22e296c143457c9d3ba0f86679670f7f2e543803304ed089cb880be2e,True,cc37c9cdc058595cf8197835151754b2bcbe3bedfa29efda0ae22d09d6fae7a2,a9d77a7555e7a353047b66bdedec04fec2e6586b716b2c49d400150cecb121e5,formal_H720_native_loader_exact_prefix_stream,False,,False,analysis/iscf_bsca_paper_experiment_consolidation_20260731/main_ii_h720_prefix_20260808/formal_results_20260809/formal_test_reused/AMD__ETTm1__r0/prefix_metrics.csv,0.3628102555545637,0.38720090814894537,0.36311066150665283,0.3872583210468292,official_unweighted_batch_mean,,
AMD,ETTm1,0,720,0.42269816994667053,0.41704830527305603,10801,7,fcc2b0f22e296c143457c9d3ba0f86679670f7f2e543803304ed089cb880be2e,True,fd51c37d2036abf3796a3400cc998a863d9534bf82fbcdf277e16ad2493500f8,2c8b00914335e50e8b8e33e30a5d610e52c58564b7deaa0ec7c1eca1e8868b96,formal_H720_native_loader_exact_prefix_stream,False,,False,analysis/iscf_bsca_paper_experiment_consolidation_20260731/main_ii_h720_prefix_20260808/formal_results_20260809/formal_test_reused/AMD__ETTm1__r0/prefix_metrics.csv,0.42194554330913,0.4169217236074283,0.42269816994667053,0.41704830527305603,official_unweighted_batch_mean,,
AMD,ETTm2,0,96,0.17803335189819336,0.264889657497406,10801,7,2d6e760e9b58e9e17289536e74b38cf4ed28bf23d3bdc523451bf40bf31bdf94,True,e786f373310664bb3187a57f46d8db773450e6eea95cb935a715ae8d0048f006,a5ab49b3eafd1860329bf67ed1a7d3612a56a8de06c0a7a7fbd4e2b1a47aa7fb,formal_H720_native_loader_exact_prefix_stream,False,,False,analysis/iscf_bsca_paper_experiment_consolidation_20260731/main_ii_h720_prefix_20260808/formal_results_20260809/formal_test_reused/AMD__ETTm2__r0/prefix_metrics.csv,0.17465911933846012,0.2632756067582956,0.17803335189819336,0.264889657497406,official_unweighted_batch_mean,,
AMD,ETTm2,0,192,0.23116612434387207,0.29997411370277405,10801,7,2d6e760e9b58e9e17289536e74b38cf4ed28bf23d3bdc523451bf40bf31bdf94,True,86415632be12cfee75464274678749e872db86fab966ecef24d565dadb32e788,bb30d0728baae797d8f618f124b965382841a547017154a3505a5dc7d001dd71,formal_H720_native_loader_exact_prefix_stream,False,,False,analysis/iscf_bsca_paper_experiment_consolidation_20260731/main_ii_h720_prefix_20260808/formal_results_20260809/formal_test_reused/AMD__ETTm2__r0/prefix_metrics.csv,0.2273443695765395,0.29797295823636066,0.23116612434387207,0.29997411370277405,official_unweighted_batch_mean,,
AMD,ETTm2,0,336,0.2788994610309601,0.33189067244529724,10801,7,2d6e760e9b58e9e17289536e74b38cf4ed28bf23d3bdc523451bf40bf31bdf94,True,f5cf435af301329be2c9c8daeec0282312b47caf2c49b69eb8d5a4f20d3094de,6e2dd90d25bf98ab202385d631bd568ee0e33072bb0bfe00ba9bb2e80a98dc3f,formal_H720_native_loader_exact_prefix_stream,False,,False,analysis/iscf_bsca_paper_experiment_consolidation_20260731/main_ii_h720_prefix_20260808/formal_results_20260809/formal_test_reused/AMD__ETTm2__r0/prefix_metrics.csv,0.2762203377528045,0.33048910492304556,0.2788994610309601,0.33189067244529724,official_unweighted_batch_mean,,
AMD,ETTm2,0,720,0.3553587794303894,0.3814344108104706,10801,7,2d6e760e9b58e9e17289536e74b38cf4ed28bf23d3bdc523451bf40bf31bdf94,True,c88c86c1228bff2b34e6cc732fa6c430410a49765b7bdd18171d8b562015f54b,0a83b0ed00734af6a442fb364d4ef6f5fa179f0363661fb5e1a5b5098244aeaf,formal_H720_native_loader_exact_prefix_stream,False,,False,analysis/iscf_bsca_paper_experiment_consolidation_20260731/main_ii_h720_prefix_20260808/formal_results_20260809/formal_test_reused/AMD__ETTm2__r0/prefix_metrics.csv,0.353034903546015,0.3803590773949089,0.3553587794303894,0.3814344108104706,official_unweighted_batch_mean,,
AMD,Solar,0,96,0.1816468983888626,0.23612089455127716,9792,137,8f5195731cebb4f17cad8c5c6663259a21a16432d4705aa00b5a8f887bebf4d7,True,be8875196bd07bf1c8bbe1447604969b06acfbf9c4f91afa4bcae13cf1e6d808,82b230a01345a8b2df9780fc6a614b9f22178fa79ad34d1bd46d43cb8686b340,formal_H720_native_loader_exact_prefix_stream,False,,False,analysis/iscf_bsca_paper_experiment_consolidation_20260731/main_ii_h720_prefix_20260808/formal_results_20260809/formal_test_reused/AMD__Solar__r0/prefix_metrics.csv,0.1819850892240592,0.23642981767710416,0.1816468983888626,0.23612089455127716,official_unweighted_batch_mean,,
AMD,Solar,0,192,0.19789086282253265,0.24590103328227997,9792,137,8f5195731cebb4f17cad8c5c6663259a21a16432d4705aa00b5a8f887bebf4d7,True,bbbe4d2a523222510940ffcfdb6d19f92d69d71334d381f432a3f6fbce708bce,f1c025074d47ef5cd28f1555d9470a3c4e7c47c036d17d60626fd2747cb210c6,formal_H720_native_loader_exact_prefix_stream,False,,False,analysis/iscf_bsca_paper_experiment_consolidation_20260731/main_ii_h720_prefix_20260808/formal_results_20260809/formal_test_reused/AMD__Solar__r0/prefix_metrics.csv,0.19814106789353772,0.24603863249848992,0.19789086282253265,0.24590103328227997,official_unweighted_batch_mean,,
AMD,Solar,0,336,0.20875787734985352,0.25258970260620117,9792,137,8f5195731cebb4f17cad8c5c6663259a21a16432d4705aa00b5a8f887bebf4d7,True,b5d490cae88995e472b0ace50e4c1cdec3e6e5f2ab4a9d4407407cabc017955c,d59d11538b0d23345b7c0ac0f883113a81966b433a95f9c67c161fb81e97948e,formal_H720_native_loader_exact_prefix_stream,False,,False,analysis/iscf_bsca_paper_experiment_consolidation_20260731/main_ii_h720_prefix_20260808/formal_results_20260809/formal_test_reused/AMD__Solar__r0/prefix_metrics.csv,0.20913942992579182,0.25275461281249095,0.20875787734985352,0.25258970260620117,official_unweighted_batch_mean,,
AMD,Solar,0,720,0.21470476686954498,0.25669339299201965,9792,137,8f5195731cebb4f17cad8c5c6663259a21a16432d4705aa00b5a8f887bebf4d7,True,65debf8a35c3adbab9ab7b97f59fbc88c1eaf44ac6bfa2e8fca7c6b8eb4be08f,eb47ae4ed638ec69e00d6a8c6d4f0a8ec16793590628bb713e0be1c4262fa039,formal_H720_native_loader_exact_prefix_stream,False,,False,analysis/iscf_bsca_paper_experiment_consolidation_20260731/main_ii_h720_prefix_20260808/formal_results_20260809/formal_test_reused/AMD__Solar__r0/prefix_metrics.csv,0.21462875610849688,0.2565215163542065,0.21470476686954498,0.25669339299201965,official_unweighted_batch_mean,,
AMD,Weather,0,96,0.1494240015745163,0.2052675038576126,9820,21,8e0dcb62be4466f0e4d802534aec7647b7015f9f33940bb164b0cc4ba0efa372,True,e4d493588972438123bfe9620e684c70335fd9c139c9d88e2457d369e5a777f3,8f23ecf3087af1be98793b498abb765e9ee258880fb84ad3b0c91cbace668758,formal_H720_native_loader_exact_prefix_stream,False,,False,analysis/iscf_bsca_paper_experiment_consolidation_20260731/main_ii_h720_prefix_20260808/formal_results_20260809/formal_test_reused/AMD__Weather__r0/prefix_metrics.csv,0.14902919526649894,0.20512330244688262,0.1494240015745163,0.2052675038576126,official_unweighted_batch_mean,,
AMD,Weather,0,192,0.19319698214530945,0.2456158995628357,9820,21,8e0dcb62be4466f0e4d802534aec7647b7015f9f33940bb164b0cc4ba0efa372,True,30ba9bdbff307a15ff8aa94dce3a8d799d91318dc59e9a0d2d3d4502f1d05fa8,6e1174b3ebc396fbf33022548df163ac59589e515313675d2f8b7e55eba57dbd,formal_H720_native_loader_exact_prefix_stream,False,,False,analysis/iscf_bsca_paper_experiment_consolidation_20260731/main_ii_h720_prefix_20260808/formal_results_20260809/formal_test_reused/AMD__Weather__r0/prefix_metrics.csv,0.19199140307633436,0.245122962885415,0.19319698214530945,0.2456158995628357,official_unweighted_batch_mean,,
AMD,Weather,0,336,0.24393795430660248,0.28327977657318115,9820,21,8e0dcb62be4466f0e4d802534aec7647b7015f9f33940bb164b0cc4ba0efa372,True,0f1075732a54739dae1767b2ea39fb03fc51ad870bd50ad631d8d0b790304898,1178ded3ebd444f6d68cb2ebb90f12bc0f2a2a09d974a50c9a9429115d050b52,formal_H720_native_loader_exact_prefix_stream,False,,False,analysis/iscf_bsca_paper_experiment_consolidation_20260731/main_ii_h720_prefix_20260808/formal_results_20260809/formal_test_reused/AMD__Weather__r0/prefix_metrics.csv,0.24199783359954122,0.28274367057278493,0.24393795430660248,0.28327977657318115,official_unweighted_batch_mean,,
AMD,Weather,0,720,0.31507608294487,0.3323940336704254,9820,21,8e0dcb62be4466f0e4d802534aec7647b7015f9f33940bb164b0cc4ba0efa372,True,75740f2573ab91348a1a7e9bb391979ba97a52659446db9c40be695f110c1faf,bbc080ed09902e06772202dd6f092c1b7e108b656151bc2d6d366cdde2063472,formal_H720_native_loader_exact_prefix_stream,False,,False,analysis/iscf_bsca_paper_experiment_consolidation_20260731/main_ii_h720_prefix_20260808/formal_results_20260809/formal_test_reused/AMD__Weather__r0/prefix_metrics.csv,0.314192698118834,0.3322947789447928,0.31507608294487,0.3323940336704254,official_unweighted_batch_mean,,
QDF,ECL,0,96,0.14397498965263367,0.25247591733932495,4541,321,369e8dc1c469404a4e557a38f141edceba3da331f077447c01da2aec90f944a3,True,c6016c9a8999d672177b186c706fccb765b31dc8d9a6c7e08be9c7cba26ab594,4a60c96c470b7e965481c471d471a32a36dd115a504e01b64a65e6c4007acf04,formal_H720_native_loader_exact_prefix_stream,False,,False,analysis/iscf_bsca_paper_experiment_consolidation_20260731/main_ii_h720_prefix_20260808/formal_results_20260809/formal_test_reused/QDF__ECL__r0/prefix_metrics.csv,,,,,official_torch_float32_global_mean,0.14397498775781475,0.25247591263571023
QDF,ECL,0,192,0.15948478877544403,0.26519662141799927,4541,321,369e8dc1c469404a4e557a38f141edceba3da331f077447c01da2aec90f944a3,True,b502c185a6d4a60f7e9f3ffc7cd720f1f6bfa6fc3c25f564833083aab1681d8e,735e79610818c3862a4d1b73e12125a271dc191a40877c825d7933beddc71c98,formal_H720_native_loader_exact_prefix_stream,False,,False,analysis/iscf_bsca_paper_experiment_consolidation_20260731/main_ii_h720_prefix_20260808/formal_results_20260809/formal_test_reused/QDF__ECL__r0/prefix_metrics.csv,,,,,official_torch_float32_global_mean,0.1594847787997376,0.26519663216459505
QDF,ECL,0,336,0.1791900098323822,0.2816661298274994,4541,321,369e8dc1c469404a4e557a38f141edceba3da331f077447c01da2aec90f944a3,True,4b756a4f7399b9b8dad36a969ff03173d94b7f4e8cef89171ee0f9d5b814bbe4,f0ba39907fe2eae542a43315653ad1ca18492db980ea4b0ebe5ae59f19735909,formal_H720_native_loader_exact_prefix_stream,False,,False,analysis/iscf_bsca_paper_experiment_consolidation_20260731/main_ii_h720_prefix_20260808/formal_results_20260809/formal_test_reused/QDF__ECL__r0/prefix_metrics.csv,,,,,official_torch_float32_global_mean,0.17918999462788907,0.28166608421367517
QDF,ECL,0,720,0.22251303493976593,0.31353291869163513,4541,321,369e8dc1c469404a4e557a38f141edceba3da331f077447c01da2aec90f944a3,True,2de5ea219832ae76a1c6367f3bbe12a9bdd32d4980a54a94b2140ad9f017ede4,7820e9acfd5b698218b02504f4db9a879bc96413bbbfac167283c364055dbec5,formal_H720_native_loader_exact_prefix_stream,False,,False,analysis/iscf_bsca_paper_experiment_consolidation_20260731/main_ii_h720_prefix_20260808/formal_results_20260809/formal_test_reused/QDF__ECL__r0/prefix_metrics.csv,,,,,official_torch_float32_global_mean,0.2225130226816366,0.31353295212757043
QDF,ETTh1,0,96,0.3782295209916704,0.40620956178957796,2161,7,9d4c48a095ef806e1ef6ab5f9fbe484625e09bbd131c97475efe26d5692232c5,True,e26fa2267772b7dd0569bfffeb2bf0dfed54d9e8be489b21435fe537a4a863fc,b590a6090b3a65c787c16fc456a4755e21437cae6aa27fe24d642afcc0ef5ae3,formal_H720_native_loader_exact_prefix_stream,False,,False,analysis/iscf_bsca_paper_experiment_consolidation_20260731/main_ii_h720_prefix_20260808/formal_results_20260809/formal_test_reused/QDF__ETTh1__r0/prefix_metrics.csv,,,,,,,
QDF,ETTh1,0,192,0.409650250759176,0.42606989285429475,2161,7,9d4c48a095ef806e1ef6ab5f9fbe484625e09bbd131c97475efe26d5692232c5,True,543bd0e762d0ef7c32b18ea9e8915a5d93ae50eea1a80a1755e5b39bde27d7ba,959273ad75cc833d516be6b68a907d80385c8c4b69a23fd524017606d2c1a8db,formal_H720_native_loader_exact_prefix_stream,False,,False,analysis/iscf_bsca_paper_experiment_consolidation_20260731/main_ii_h720_prefix_20260808/formal_results_20260809/formal_test_reused/QDF__ETTh1__r0/prefix_metrics.csv,,,,,,,
QDF,ETTh1,0,336,0.4310527541266846,0.44466686003302097,2161,7,9d4c48a095ef806e1ef6ab5f9fbe484625e09bbd131c97475efe26d5692232c5,True,5863e483ad60ea95a62f1bb84cb822c78ebbea9b662d44d6201e3292c48b0a2c,d702764694b97ab8d8d1f3114c892096b0c8c27133c3af3a8c3f4f7dfa13aa7d,formal_H720_native_loader_exact_prefix_stream,False,,False,analysis/iscf_bsca_paper_experiment_consolidation_20260731/main_ii_h720_prefix_20260808/formal_results_20260809/formal_test_reused/QDF__ETTh1__r0/prefix_metrics.csv,,,,,,,
QDF,ETTh1,0,720,0.4989433100957877,0.4928002053705171,2161,7,9d4c48a095ef806e1ef6ab5f9fbe484625e09bbd131c97475efe26d5692232c5,True,4c63ff4549003a7634a589465c1c6419254e14986d008244bc26b5b0c619d00b,011f2f68df1d439f9f6ad3376fb2d39695c099b42ce31da16d01babc70073d62,formal_H720_native_loader_exact_prefix_stream,False,,False,analysis/iscf_bsca_paper_experiment_consolidation_20260731/main_ii_h720_prefix_20260808/formal_results_20260809/formal_test_reused/QDF__ETTh1__r0/prefix_metrics.csv,,,,,,,
QDF,ETTh2,0,96,0.2412196546792984,0.31685870885849,2161,7,53ececae0548f4f44af4620eaedefc16102dbfbe38dfa669f85f28873e2ab406,True,fa317e789017b928ce8e0721dfd024e31c860ce8734609009cae5ac384eb1f53,f31d9d22c48048bb61cad797dd54bbe25d7659fdc16568f1f96df9f19dd42960,formal_H720_native_loader_exact_prefix_stream,False,,False,analysis/iscf_bsca_paper_experiment_consolidation_20260731/main_ii_h720_prefix_20260808/formal_results_20260809/formal_test_reused/QDF__ETTh2__r0/prefix_metrics.csv,,,,,official_torch_float32_global_mean,0.2412196573187732,0.31685869505795833
QDF,ETTh2,0,192,0.28741946816444397,0.35166361927986145,2161,7,53ececae0548f4f44af4620eaedefc16102dbfbe38dfa669f85f28873e2ab406,True,f2dbef6a7548db6549a5255bb322cd63b3b103648721837897dbc0fce11e9bd0,8f5fad018d74bbe6d8b9f78ec864121d390b683e78c6c64eacfab8456aa67e20,formal_H720_native_loader_exact_prefix_stream,False,,False,analysis/iscf_bsca_paper_experiment_consolidation_20260731/main_ii_h720_prefix_20260808/formal_results_20260809/formal_test_reused/QDF__ETTh2__r0/prefix_metrics.csv,,,,,official_torch_float32_global_mean,0.28741946917072964,0.35166360126057944
QDF,ETTh2,0,336,0.315927654504776,0.3778890073299408,2161,7,53ececae0548f4f44af4620eaedefc16102dbfbe38dfa669f85f28873e2ab406,True,8bfc67c7113529873b51c4ef7a9a566a31ae708d165eaf5809ba1386b7f34099,4476054747221dd57fe8d028afebe2aeef12b6d6419d531215bb125f944ae873,formal_H720_native_loader_exact_prefix_stream,False,,False,analysis/iscf_bsca_paper_experiment_consolidation_20260731/main_ii_h720_prefix_20260808/formal_results_20260809/formal_test_reused/QDF__ETTh2__r0/prefix_metrics.csv,,,,,official_torch_float32_global_mean,0.315927653776273,0.37788895905397296
QDF,ETTh2,0,720,0.40693315863609314,0.43962326645851135,2161,7,53ececae0548f4f44af4620eaedefc16102dbfbe38dfa669f85f28873e2ab406,True,19587077caf0dcc46e783fe86421bd105b484a62407b8d538f19c0d702f64883,54e79c2d71f454b925b06f24fc07424541665f1167519ad75267a2d907554822,formal_H720_native_loader_exact_prefix_stream,False,,False,analysis/iscf_bsca_paper_experiment_consolidation_20260731/main_ii_h720_prefix_20260808/formal_results_20260809/formal_test_reused/QDF__ETTh2__r0/prefix_metrics.csv,,,,,official_torch_float32_global_mean,0.40693316811387625,0.4396232833900077
QDF,ETTm1,0,96,0.2826755940914154,0.34815630316734314,10801,7,c5acb4ad7649ba077d8dde972b3cede1bdb495806ad87c9109224cf07523a9b3,True,0be37b435ef24b21a929e04a04ab78ad24987bad5225f7ed07ff7517dbc33fab,93fc0347ebcc5ca69ca44c0fe2741c07884135f25035392279128323e0fa15ac,formal_H720_native_loader_exact_prefix_stream,False,,False,analysis/iscf_bsca_paper_experiment_consolidation_20260731/main_ii_h720_prefix_20260808/formal_results_20260809/formal_test_reused/QDF__ETTm1__r0/prefix_metrics.csv,,,,,official_torch_float32_global_mean,0.28267559916941054,0.34815629382864144
QDF,ETTm1,0,192,0.3228544294834137,0.3706321120262146,10801,7,c5acb4ad7649ba077d8dde972b3cede1bdb495806ad87c9109224cf07523a9b3,True,d24f771093eff1be54b9b8cab236ee33529a0c1b36ac11def59e38b077cedb52,1c8540fc648783c515df940c76a4eedd0e411ddc9b34353d1de4ece0350522bd,formal_H720_native_loader_exact_prefix_stream,False,,False,analysis/iscf_bsca_paper_experiment_consolidation_20260731/main_ii_h720_prefix_20260808/formal_results_20260809/formal_test_reused/QDF__ETTm1__r0/prefix_metrics.csv,,,,,official_torch_float32_global_mean,0.32285441229482015,0.3706321218966935
QDF,ETTm1,0,336,0.3621515929698944,0.3919978141784668,10801,7,c5acb4ad7649ba077d8dde972b3cede1bdb495806ad87c9109224cf07523a9b3,True,4664b9b5211c01a7c1a995a9ae2bb848a410ee377bf71001abbfe49b1f7d8fc5,a9d77a7555e7a353047b66bdedec04fec2e6586b716b2c49d400150cecb121e5,formal_H720_native_loader_exact_prefix_stream,False,,False,analysis/iscf_bsca_paper_experiment_consolidation_20260731/main_ii_h720_prefix_20260808/formal_results_20260809/formal_test_reused/QDF__ETTm1__r0/prefix_metrics.csv,,,,,official_torch_float32_global_mean,0.3621515875734267,0.3919978090088888
QDF,ETTm1,0,720,0.4228467643260956,0.4241206645965576,10801,7,c5acb4ad7649ba077d8dde972b3cede1bdb495806ad87c9109224cf07523a9b3,True,f0bf3993939aedbfdc9f026e4571c1ba3e56c9d54b4016cffb0f03ff5365577d,2c8b00914335e50e8b8e33e30a5d610e52c58564b7deaa0ec7c1eca1e8868b96,formal_H720_native_loader_exact_prefix_stream,False,,False,analysis/iscf_bsca_paper_experiment_consolidation_20260731/main_ii_h720_prefix_20260808/formal_results_20260809/formal_test_reused/QDF__ETTm1__r0/prefix_metrics.csv,,,,,official_torch_float32_global_mean,0.4228467342987681,0.4241206821719756
QDF,ETTm2,0,96,0.16908049583435059,0.2570648193359375,10801,7,21a9c9f4230e1706a60f77311d2e3ac71d2aa9aab75ece3b792afa32c1e96ef0,True,544280e56a464b079f70c9d3f25603a29fe76e21cbb4c45dad79a1b620d0e53e,a5ab49b3eafd1860329bf67ed1a7d3612a56a8de06c0a7a7fbd4e2b1a47aa7fb,formal_H720_native_loader_exact_prefix_stream,False,,False,analysis/iscf_bsca_paper_experiment_consolidation_20260731/main_ii_h720_prefix_20260808/formal_results_20260809/formal_test_reused/QDF__ETTm2__r0/prefix_metrics.csv,,,,,official_torch_float32_global_mean,0.1690804823058741,0.2570648186607799
QDF,ETTm2,0,192,0.2277742624282837,0.29703783988952637,10801,7,21a9c9f4230e1706a60f77311d2e3ac71d2aa9aab75ece3b792afa32c1e96ef0,True,3abcef8f4981c401e78be0c3fce804f79d4a118c9052f2e9a12af134e48409de,bb30d0728baae797d8f618f124b965382841a547017154a3505a5dc7d001dd71,formal_H720_native_loader_exact_prefix_stream,False,,False,analysis/iscf_bsca_paper_experiment_consolidation_20260731/main_ii_h720_prefix_20260808/formal_results_20260809/formal_test_reused/QDF__ETTm2__r0/prefix_metrics.csv,,,,,official_torch_float32_global_mean,0.22777427371303272,0.29703784647423526
QDF,ETTm2,0,336,0.281371146440506,0.33243420720100403,10801,7,21a9c9f4230e1706a60f77311d2e3ac71d2aa9aab75ece3b792afa32c1e96ef0,True,53b4805387eea8758837d70b781da72ea6c46d13ec1f125b16dde92b5a648c23,6e2dd90d25bf98ab202385d631bd568ee0e33072bb0bfe00ba9bb2e80a98dc3f,formal_H720_native_loader_exact_prefix_stream,False,,False,analysis/iscf_bsca_paper_experiment_consolidation_20260731/main_ii_h720_prefix_20260808/formal_results_20260809/formal_test_reused/QDF__ETTm2__r0/prefix_metrics.csv,,,,,official_torch_float32_global_mean,0.28137113888377024,0.33243420468609797
QDF,ETTm2,0,720,0.3638134300708771,0.3853282332420349,10801,7,21a9c9f4230e1706a60f77311d2e3ac71d2aa9aab75ece3b792afa32c1e96ef0,True,3382c26d8a97de2e58a0603e1d5d2be841dd72c639761dca390f94b2b6445a54,0a83b0ed00734af6a442fb364d4ef6f5fa179f0363661fb5e1a5b5098244aeaf,formal_H720_native_loader_exact_prefix_stream,False,,False,analysis/iscf_bsca_paper_experiment_consolidation_20260731/main_ii_h720_prefix_20260808/formal_results_20260809/formal_test_reused/QDF__ETTm2__r0/prefix_metrics.csv,,,,,official_torch_float32_global_mean,0.3638134340361217,0.38532819289649356
QDF,Solar,0,96,0.1827770173549652,0.25299689173698425,9793,137,a982c55d5947c9b4cd20d53889f98625dd0be3130eb54ecfb83cc18d19e892e7,True,111805b2f07d9232555be6fc37d4cab9716bb71b9a5db9f053e75e12e0117ddf,8050da4fc844008251815fe0ba92329279c72166b369ef948a123f67e102eaf4,formal_H720_native_loader_exact_prefix_stream,False,,False,analysis/iscf_bsca_paper_experiment_consolidation_20260731/main_ii_h720_prefix_20260808/formal_results_20260809/formal_test_reused/QDF__Solar__r0/prefix_metrics.csv,,,,,official_torch_float32_global_mean,0.18277702681834274,0.2529969017146417
QDF,Solar,0,192,0.20153553783893585,0.26496273279190063,9793,137,a982c55d5947c9b4cd20d53889f98625dd0be3130eb54ecfb83cc18d19e892e7,True,d613e174f505311e17eca747860eeb74a5577ffa64990999532b7ce50446d273,48d99961077d75ef3355db95239139c18b9807a2e888373ba66030fcf1730fc2,formal_H720_native_loader_exact_prefix_stream,False,,False,analysis/iscf_bsca_paper_experiment_consolidation_20260731/main_ii_h720_prefix_20260808/formal_results_20260809/formal_test_reused/QDF__Solar__r0/prefix_metrics.csv,,,,,official_torch_float32_global_mean,0.2015355443876844,0.26496275526070473
QDF,Solar,0,336,0.2131495177745819,0.2711523771286011,9793,137,a982c55d5947c9b4cd20d53889f98625dd0be3130eb54ecfb83cc18d19e892e7,True,2ed4220ec5d16b5b0a2e97472cc7bb9670819177507023c15b7d704b7778ab56,5b83600f3c27873d73b95321d49a34f9cfedf0591b7215dc939f3775ecb82c29,formal_H720_native_loader_exact_prefix_stream,False,,False,analysis/iscf_bsca_paper_experiment_consolidation_20260731/main_ii_h720_prefix_20260808/formal_results_20260809/formal_test_reused/QDF__Solar__r0/prefix_metrics.csv,,,,,official_torch_float32_global_mean,0.21314949972372788,0.2711523461211327
QDF,Solar,0,720,0.22260445356369019,0.27768146991729736,9793,137,a982c55d5947c9b4cd20d53889f98625dd0be3130eb54ecfb83cc18d19e892e7,True,d0b319f10b5411a1a944337dfa85a087148dc270bc7690f2363c4ef64a84caf3,e78af3146affcfe440ad488848ea1d82259ca4fb28452433a7a4605b9eacb5b2,formal_H720_native_loader_exact_prefix_stream,False,,False,analysis/iscf_bsca_paper_experiment_consolidation_20260731/main_ii_h720_prefix_20260808/formal_results_20260809/formal_test_reused/QDF__Solar__r0/prefix_metrics.csv,,,,,official_torch_float32_global_mean,0.22260443284129597,0.27768148297921175
QDF,Weather,0,96,0.1853610724210739,0.244405597448349,9820,21,1ca5ab292ce26ae2361cb115873c796518bc6aa48bb9d2d20eca1143d7990c1e,True,52b7f014c93d3638405d4e3949f0d0ec63231f4a708971c7caaf51191c3c7924,7dce6c4ad8fb35f05e4b2d02bf1146d62440371a78dd60d6e8a04e67884005d9,formal_H720_native_loader_exact_prefix_stream,False,,False,analysis/iscf_bsca_paper_experiment_consolidation_20260731/main_ii_h720_prefix_20260808/formal_results_20260809/formal_test_reused/QDF__Weather__r0/prefix_metrics.csv,,,,,official_torch_float32_global_mean,0.18536107339009827,0.24440559572266718
QDF,Weather,0,192,0.22328348457813263,0.2748046815395355,9820,21,1ca5ab292ce26ae2361cb115873c796518bc6aa48bb9d2d20eca1143d7990c1e,True,6f745235fe46106301961b87982d475057ae5235310c2f4a4eb4962cc7d8bca3,76dd984ded97969957464e360454ff94724ed7adb0b5c8933eb0278b99d034f6,formal_H720_native_loader_exact_prefix_stream,False,,False,analysis/iscf_bsca_paper_experiment_consolidation_20260731/main_ii_h720_prefix_20260808/formal_results_20260809/formal_test_reused/QDF__Weather__r0/prefix_metrics.csv,,,,,official_torch_float32_global_mean,0.22328347868211706,0.27480468450989765
QDF,Weather,0,336,0.26991117000579834,0.3061278164386749,9820,21,1ca5ab292ce26ae2361cb115873c796518bc6aa48bb9d2d20eca1143d7990c1e,True,ff3dcf83340daf6cde97bdf0d2ea1103c9cdffc41e8bb37a2639d25c7b57a405,562369ea303adfa0fb65e7cfa2e604e5556c641661bd8a4eb1b43166ea23c413,formal_H720_native_loader_exact_prefix_stream,False,,False,analysis/iscf_bsca_paper_experiment_consolidation_20260731/main_ii_h720_prefix_20260808/formal_results_20260809/formal_test_reused/QDF__Weather__r0/prefix_metrics.csv,,,,,official_torch_float32_global_mean,0.26991119386822127,0.30612783407136007
QDF,Weather,0,720,0.3410804271697998,0.35111936926841736,9820,21,1ca5ab292ce26ae2361cb115873c796518bc6aa48bb9d2d20eca1143d7990c1e,True,325f88835a52fd9c65eab2ea92fa7b3d0047b0de7eba9824e955fcdba64fa5dd,84be0995abd5333cfa47424301c909c1ff610eb8e60f057d3d7f1184f7c91525,formal_H720_native_loader_exact_prefix_stream,False,,False,analysis/iscf_bsca_paper_experiment_consolidation_20260731/main_ii_h720_prefix_20260808/formal_results_20260809/formal_test_reused/QDF__Weather__r0/prefix_metrics.csv,,,,,official_torch_float32_global_mean,0.3410804179629236,0.35111938001409904
SimpleTM,ECL,0,96,0.1387258251620051,0.241893672000289,4352,321,fdf81406ae4201ca011bfac8a6d41656bce7a741283296377fc066c3eb24e681,True,7befe04ed063221dbb3419340bcb6486a963267bcf24e3fe197483444a0dd7b2,9cc02b1265478aefd24c9b71fdc517caa70802563657183711a9e4ffd04157c1,formal_H720_native_loader_exact_prefix_stream,False,,False,analysis/iscf_bsca_paper_experiment_consolidation_20260731/main_ii_h720_prefix_20260808/formal_results_20260809/formal_test_reused/SimpleTM__ECL__r0/prefix_metrics.csv,0.1387258251620051,0.241893672000289,0.13872582516200507,0.24189367200028902,global_elementwise,,
SimpleTM,ECL,0,192,0.1521770243602244,0.25334909645327486,4352,321,fdf81406ae4201ca011bfac8a6d41656bce7a741283296377fc066c3eb24e681,True,47c65e93422826475ff52714621a4270115821699253d54fc069cece73f8365e,5391f3133d145a1d97a386e863e4f1f83ed87d647f69c2039bd085ee7ed7814c,formal_H720_native_loader_exact_prefix_stream,False,,False,analysis/iscf_bsca_paper_experiment_consolidation_20260731/main_ii_h720_prefix_20260808/formal_results_20260809/formal_test_reused/SimpleTM__ECL__r0/prefix_metrics.csv,0.1521770243602244,0.25334909645327486,0.15217702436022434,0.25334909645327486,global_elementwise,,
SimpleTM,ECL,0,336,0.16875963615104136,0.2682941835170921,4352,321,fdf81406ae4201ca011bfac8a6d41656bce7a741283296377fc066c3eb24e681,True,c117bc3b2ec717e81ed1ed174ead6920e803c149ee9c5dbbea0bd99e8f9b1480,1284e546cd35aaabe67fca0e45dca2bda844f8b7d7af63f933ed984381661cd8,formal_H720_native_loader_exact_prefix_stream,False,,False,analysis/iscf_bsca_paper_experiment_consolidation_20260731/main_ii_h720_prefix_20260808/formal_results_20260809/formal_test_reused/SimpleTM__ECL__r0/prefix_metrics.csv,0.16875963615104136,0.2682941835170921,0.16875963615104136,0.26829418351709206,global_elementwise,,
SimpleTM,ECL,0,720,0.20097305245323102,0.29345815197710484,4352,321,fdf81406ae4201ca011bfac8a6d41656bce7a741283296377fc066c3eb24e681,True,6cada853edf51113f7364c375dff0341e757542b05ab3a279e38c25c9363bb7d,b968b9c6ae8b2df86fe7b3df4a4919dfad401c2d32ea75d568659e50ed2809e6,formal_H720_native_loader_exact_prefix_stream,False,,False,analysis/iscf_bsca_paper_experiment_consolidation_20260731/main_ii_h720_prefix_20260808/formal_results_20260809/formal_test_reused/SimpleTM__ECL__r0/prefix_metrics.csv,0.20097305245323102,0.29345815197710484,0.20097305245323102,0.29345815197710484,global_elementwise,,
SimpleTM,ECL,1,96,0.13833090824421848,0.24182935703022448,4352,321,5270458eed0d9585f610c6c5da15772b6c7ca2b9a59481ce3f7a8236a86ab54a,True,762ed1a60d9f462356e39ea0e09da6fa49e2d2b3884e81af8dc51849ba42e275,9cc02b1265478aefd24c9b71fdc517caa70802563657183711a9e4ffd04157c1,formal_H720_native_loader_exact_prefix_stream,False,,False,analysis/iscf_bsca_paper_experiment_consolidation_20260731/main_ii_h720_prefix_20260808/formal_results_20260809/formal_test_reused/SimpleTM__ECL__r1/prefix_metrics.csv,0.13833090824421848,0.24182935703022448,0.13833090824421848,0.24182935703022448,global_elementwise,,
SimpleTM,ECL,1,192,0.15185195578620422,0.2531967270285189,4352,321,5270458eed0d9585f610c6c5da15772b6c7ca2b9a59481ce3f7a8236a86ab54a,True,e79737fa973325e6936ba1054d3578aaa4ccc0cc891ca27076920b77cf7a0dcb,5391f3133d145a1d97a386e863e4f1f83ed87d647f69c2039bd085ee7ed7814c,formal_H720_native_loader_exact_prefix_stream,False,,False,analysis/iscf_bsca_paper_experiment_consolidation_20260731/main_ii_h720_prefix_20260808/formal_results_20260809/formal_test_reused/SimpleTM__ECL__r1/prefix_metrics.csv,0.15185195578620422,0.2531967270285189,0.15185195578620425,0.25319672702851886,global_elementwise,,
SimpleTM,ECL,1,336,0.16846931602156245,0.2681835864639406,4352,321,5270458eed0d9585f610c6c5da15772b6c7ca2b9a59481ce3f7a8236a86ab54a,True,66fe654464950517c257989b1f69e1b6983a3cfe2fa1d0f2ef284fc90ca4291d,1284e546cd35aaabe67fca0e45dca2bda844f8b7d7af63f933ed984381661cd8,formal_H720_native_loader_exact_prefix_stream,False,,False,analysis/iscf_bsca_paper_experiment_consolidation_20260731/main_ii_h720_prefix_20260808/formal_results_20260809/formal_test_reused/SimpleTM__ECL__r1/prefix_metrics.csv,0.16846931602156245,0.2681835864639406,0.16846931602156245,0.26818358646394064,global_elementwise,,
SimpleTM,ECL,1,720,0.2007126557106907,0.29350916004497485,4352,321,5270458eed0d9585f610c6c5da15772b6c7ca2b9a59481ce3f7a8236a86ab54a,True,5ddf4ec7402565abd2d5ee78450f751b27cb641540aef0bf794eaa13a26060c5,b968b9c6ae8b2df86fe7b3df4a4919dfad401c2d32ea75d568659e50ed2809e6,formal_H720_native_loader_exact_prefix_stream,False,,False,analysis/iscf_bsca_paper_experiment_consolidation_20260731/main_ii_h720_prefix_20260808/formal_results_20260809/formal_test_reused/SimpleTM__ECL__r1/prefix_metrics.csv,0.2007126557106907,0.29350916004497485,0.20071265571069064,0.29350916004497485,global_elementwise,,
SimpleTM,ECL,2,96,0.13797240504608407,0.2411263199637433,4352,321,ba15c8dacee597e84e15bb46583e8b6887cbb31b04fd97277cc1efa3837b343a,True,79765af647f7685380fc54e950825cb36e63835c27be3a428f9f608d32416b54,9cc02b1265478aefd24c9b71fdc517caa70802563657183711a9e4ffd04157c1,formal_H720_native_loader_exact_prefix_stream,False,,False,analysis/iscf_bsca_paper_experiment_consolidation_20260731/main_ii_h720_prefix_20260808/formal_results_20260809/formal_test_reused/SimpleTM__ECL__r2/prefix_metrics.csv,0.13797240504608407,0.2411263199637433,0.13797240504608405,0.2411263199637433,global_elementwise,,
SimpleTM,ECL,2,192,0.1515264189528016,0.2527077576022123,4352,321,ba15c8dacee597e84e15bb46583e8b6887cbb31b04fd97277cc1efa3837b343a,True,f1bd49ff27f6dea5525b18c077af174a99581b769dbb59d331d846ced05fb528,5391f3133d145a1d97a386e863e4f1f83ed87d647f69c2039bd085ee7ed7814c,formal_H720_native_loader_exact_prefix_stream,False,,False,analysis/iscf_bsca_paper_experiment_consolidation_20260731/main_ii_h720_prefix_20260808/formal_results_20260809/formal_test_reused/SimpleTM__ECL__r2/prefix_metrics.csv,0.1515264189528016,0.2527077576022123,0.1515264189528016,0.25270775760221237,global_elementwise,,
SimpleTM,ECL,2,336,0.1680638882231701,0.26775611312626324,4352,321,ba15c8dacee597e84e15bb46583e8b6887cbb31b04fd97277cc1efa3837b343a,True,50d7ac529ef62eff5ef455b3eee5d93b677f26256c4a75e08f8db7464322173e,1284e546cd35aaabe67fca0e45dca2bda844f8b7d7af63f933ed984381661cd8,formal_H720_native_loader_exact_prefix_stream,False,,False,analysis/iscf_bsca_paper_experiment_consolidation_20260731/main_ii_h720_prefix_20260808/formal_results_20260809/formal_test_reused/SimpleTM__ECL__r2/prefix_metrics.csv,0.1680638882231701,0.26775611312626324,0.16806388822317006,0.26775611312626324,global_elementwise,,
SimpleTM,ECL,2,720,0.2006064163974428,0.2935035436180512,4352,321,ba15c8dacee597e84e15bb46583e8b6887cbb31b04fd97277cc1efa3837b343a,True,359e49a329b993f5a923498f48a168c9f4394593cb8548d24c8d1b323e4aa7d0,b968b9c6ae8b2df86fe7b3df4a4919dfad401c2d32ea75d568659e50ed2809e6,formal_H720_native_loader_exact_prefix_stream,False,,False,analysis/iscf_bsca_paper_experiment_consolidation_20260731/main_ii_h720_prefix_20260808/formal_results_20260809/formal_test_reused/SimpleTM__ECL__r2/prefix_metrics.csv,0.2006064163974428,0.2935035436180512,0.20060641639744287,0.2935035436180512,global_elementwise,,
SimpleTM,ETTh1,0,96,0.3857147571890292,0.40457242483411354,2048,7,aa62819f515a2062aa81faa5f0908281b3557681163e5bf3c4380272af0267c9,True,cab76d94ba76c11a9c5f7c3f2ba369e9399bb7f05f61fdcbc39493fa55626da3,6dff805f328b93ee45a263fc9f68226bcf1dcf4cb77764affe12a1bd64da5798,formal_H720_native_loader_exact_prefix_stream,False,,False,analysis/iscf_bsca_paper_experiment_consolidation_20260731/main_ii_h720_prefix_20260808/formal_results_20260809/formal_test_reused/SimpleTM__ETTh1__r0/prefix_metrics.csv,0.3857147571890292,0.40457242483411354,0.3857147571890292,0.4045724248341135,global_elementwise,,
SimpleTM,ETTh1,0,192,0.4174127308889072,0.41995107931031805,2048,7,aa62819f515a2062aa81faa5f0908281b3557681163e5bf3c4380272af0267c9,True,4d56cdf9d493158025dca727338112ceae11c79e9f4c303cdc565945b1d789fd,b76105a0335b75e09736da8e67e12d130bbe14aec4c1afdb24d83fdd174bb3b5,formal_H720_native_loader_exact_prefix_stream,False,,False,analysis/iscf_bsca_paper_experiment_consolidation_20260731/main_ii_h720_prefix_20260808/formal_results_20260809/formal_test_reused/SimpleTM__ETTh1__r0/prefix_metrics.csv,0.4174127308889072,0.41995107931031805,0.4174127308889072,0.419951079310318,global_elementwise,,
SimpleTM,ETTh1,0,336,0.4412901954248637,0.4353795355137039,2048,7,aa62819f515a2062aa81faa5f0908281b3557681163e5bf3c4380272af0267c9,True,d30f763c037e7619e6ab9d0a02bbbfe3cf13d90aa460ce61fa8f8885b3be9855,ba4c259470466dc80d1b7b6cefb2c3a2efbb95ffb0f23576044ee28b2c4190cb,formal_H720_native_loader_exact_prefix_stream,False,,False,analysis/iscf_bsca_paper_experiment_consolidation_20260731/main_ii_h720_prefix_20260808/formal_results_20260809/formal_test_reused/SimpleTM__ETTh1__r0/prefix_metrics.csv,0.4412901954248637,0.4353795355137039,0.4412901954248637,0.43537953551370384,global_elementwise,,
SimpleTM,ETTh1,0,720,0.47627907315803253,0.4689271890247349,2048,7,aa62819f515a2062aa81faa5f0908281b3557681163e5bf3c4380272af0267c9,True,b5a4fc25b8628f317637f2b001ee4e127fd3166433236b8708907eba73b77582,ec97a2c0ffcb5ff9219d5a34b2443f42dbd5fcc436e55ad93c34caa99d195b3b,formal_H720_native_loader_exact_prefix_stream,False,,False,analysis/iscf_bsca_paper_experiment_consolidation_20260731/main_ii_h720_prefix_20260808/formal_results_20260809/formal_test_reused/SimpleTM__ETTh1__r0/prefix_metrics.csv,0.47627907315803253,0.4689271890247349,0.47627907315803253,0.4689271890247349,global_elementwise,,
SimpleTM,ETTh1,1,96,0.37823733211133626,0.3983572779079786,2048,7,9c31020db6ece0fbc48e4345c3b8d77badd2e03be903a32a7315c8158128e4c4,True,4792468eb64e9765a96b87c2fad249a269d17a070c9445cbdbdf917566d9af12,6dff805f328b93ee45a263fc9f68226bcf1dcf4cb77764affe12a1bd64da5798,formal_H720_native_loader_exact_prefix_stream,False,,False,analysis/iscf_bsca_paper_experiment_consolidation_20260731/main_ii_h720_prefix_20260808/formal_results_20260809/formal_test_reused/SimpleTM__ETTh1__r1/prefix_metrics.csv,0.37823733211133626,0.3983572779079786,0.3782373321113363,0.3983572779079786,global_elementwise,,
SimpleTM,ETTh1,1,192,0.41082146226134564,0.41460135909143064,2048,7,9c31020db6ece0fbc48e4345c3b8d77badd2e03be903a32a7315c8158128e4c4,True,3c3d16d7c78b51fddf9e8302ae59b69ebd0014d2909075f6f446857f52e9fe6e,b76105a0335b75e09736da8e67e12d130bbe14aec4c1afdb24d83fdd174bb3b5,formal_H720_native_loader_exact_prefix_stream,False,,False,analysis/iscf_bsca_paper_experiment_consolidation_20260731/main_ii_h720_prefix_20260808/formal_results_20260809/formal_test_reused/SimpleTM__ETTh1__r1/prefix_metrics.csv,0.41082146226134564,0.41460135909143064,0.41082146226134564,0.41460135909143064,global_elementwise,,
SimpleTM,ETTh1,1,336,0.43356771696708674,0.4300845032271741,2048,7,9c31020db6ece0fbc48e4345c3b8d77badd2e03be903a32a7315c8158128e4c4,True,591b576f0b5bac29151d8ecc505ff3a7db66760a2ab28c882d3bbd5fee72fe20,ba4c259470466dc80d1b7b6cefb2c3a2efbb95ffb0f23576044ee28b2c4190cb,formal_H720_native_loader_exact_prefix_stream,False,,False,analysis/iscf_bsca_paper_experiment_consolidation_20260731/main_ii_h720_prefix_20260808/formal_results_20260809/formal_test_reused/SimpleTM__ETTh1__r1/prefix_metrics.csv,0.43356771696708674,0.4300845032271741,0.43356771696708674,0.43008450322717406,global_elementwise,,
SimpleTM,ETTh1,1,720,0.46234372622138264,0.46120418040690614,2048,7,9c31020db6ece0fbc48e4345c3b8d77badd2e03be903a32a7315c8158128e4c4,True,daa6f5217315f3ab7b4567ab276b8e9e8cb9a1750333bc81c1666ec31f734c45,ec97a2c0ffcb5ff9219d5a34b2443f42dbd5fcc436e55ad93c34caa99d195b3b,formal_H720_native_loader_exact_prefix_stream,False,,False,analysis/iscf_bsca_paper_experiment_consolidation_20260731/main_ii_h720_prefix_20260808/formal_results_20260809/formal_test_reused/SimpleTM__ETTh1__r1/prefix_metrics.csv,0.46234372622138264,0.46120418040690614,0.46234372622138276,0.46120418040690614,global_elementwise,,
SimpleTM,ETTh1,2,96,0.3822986831739951,0.40174841658503063,2048,7,77f551f656438004080af28521b6e43eb0fc2f80f7308d6cda294f298b393d3d,True,cef0d43da967f31713d1079b9d0546aa03b3bf5ef415625cc4e6e40044d528cd,6dff805f328b93ee45a263fc9f68226bcf1dcf4cb77764affe12a1bd64da5798,formal_H720_native_loader_exact_prefix_stream,False,,False,analysis/iscf_bsca_paper_experiment_consolidation_20260731/main_ii_h720_prefix_20260808/formal_results_20260809/formal_test_reused/SimpleTM__ETTh1__r2/prefix_metrics.csv,0.3822986831739951,0.40174841658503063,0.3822986831739951,0.4017484165850306,global_elementwise,,
SimpleTM,ETTh1,2,192,0.4156708049225986,0.41840618156305126,2048,7,77f551f656438004080af28521b6e43eb0fc2f80f7308d6cda294f298b393d3d,True,39cc71f932d2721247d84c7b0e233583e6092d9501d56cc8168f9bd3414ab260,b76105a0335b75e09736da8e67e12d130bbe14aec4c1afdb24d83fdd174bb3b5,formal_H720_native_loader_exact_prefix_stream,False,,False,analysis/iscf_bsca_paper_experiment_consolidation_20260731/main_ii_h720_prefix_20260808/formal_results_20260809/formal_test_reused/SimpleTM__ETTh1__r2/prefix_metrics.csv,0.4156708049225986,0.41840618156305126,0.4156708049225986,0.4184061815630513,global_elementwise,,
SimpleTM,ETTh1,2,336,0.43912795155282885,0.43396440114891666,2048,7,77f551f656438004080af28521b6e43eb0fc2f80f7308d6cda294f298b393d3d,True,50f5c54a0110143fc25b2c9693468e147a88ce7a93924d868ede79362c115a5f,ba4c259470466dc80d1b7b6cefb2c3a2efbb95ffb0f23576044ee28b2c4190cb,formal_H720_native_loader_exact_prefix_stream,False,,False,analysis/iscf_bsca_paper_experiment_consolidation_20260731/main_ii_h720_prefix_20260808/formal_results_20260809/formal_test_reused/SimpleTM__ETTh1__r2/prefix_metrics.csv,0.43912795155282885,0.43396440114891666,0.4391279515528289,0.43396440114891655,global_elementwise,,
SimpleTM,ETTh1,2,720,0.4706214388714378,0.46624029800581734,2048,7,77f551f656438004080af28521b6e43eb0fc2f80f7308d6cda294f298b393d3d,True,c5852ea176a0135e7ff0620bf74f795005aea0cc401737c27efc593dfc0c075e,ec97a2c0ffcb5ff9219d5a34b2443f42dbd5fcc436e55ad93c34caa99d195b3b,formal_H720_native_loader_exact_prefix_stream,False,,False,analysis/iscf_bsca_paper_experiment_consolidation_20260731/main_ii_h720_prefix_20260808/formal_results_20260809/formal_test_reused/SimpleTM__ETTh1__r2/prefix_metrics.csv,0.4706214388714378,0.46624029800581734,0.4706214388714377,0.4662402980058173,global_elementwise,,
SimpleTM,ETTh2,0,96,0.2428347958575441,0.31552705733992326,2048,7,ca766bffb2459641d2bd0af1e4ec8bd7700f4f43e4936fbd0dbb0d80c280b136,True,2be1908d2858a33da8974c22c9067c57c5aa4cc870e6e6879d4f271b3da42413,e4250b16a786b88d0a3bc7b8ea1c51984d4a76920f17ec2e9934f9ac1f2572c7,formal_H720_native_loader_exact_prefix_stream,False,,False,analysis/iscf_bsca_paper_experiment_consolidation_20260731/main_ii_h720_prefix_20260808/formal_results_20260809/formal_test_reused/SimpleTM__ETTh2__r0/prefix_metrics.csv,0.2428347958575441,0.31552705733992326,0.24283479585754414,0.31552705733992326,global_elementwise,,
SimpleTM,ETTh2,0,192,0.29999420216682393,0.35115311514792047,2048,7,ca766bffb2459641d2bd0af1e4ec8bd7700f4f43e4936fbd0dbb0d80c280b136,True,ae0ccf4e2e04141c120f05bde555e87507018cc657b864379d148c11d6357737,ce3e975cc9afb82fae3832bbf0453cd2b3410494210f6c4c7e9a363db44e5957,formal_H720_native_loader_exact_prefix_stream,False,,False,analysis/iscf_bsca_paper_experiment_consolidation_20260731/main_ii_h720_prefix_20260808/formal_results_20260809/formal_test_reused/SimpleTM__ETTh2__r0/prefix_metrics.csv,0.29999420216682393,0.35115311514792047,0.29999420216682393,0.35115311514792047,global_elementwise,,
SimpleTM,ETTh2,0,336,0.3477546122741812,0.38753231116570397,2048,7,ca766bffb2459641d2bd0af1e4ec8bd7700f4f43e4936fbd0dbb0d80c280b136,True,028a93b00e2dd10c0a59fe419a8563d0e23b2f99f7546af54e41aecec1d137c1,7ec52e7ed64b119688e774822cd55c3c219bf4c82a46b2e79cae2a0039de396b,formal_H720_native_loader_exact_prefix_stream,False,,False,analysis/iscf_bsca_paper_experiment_consolidation_20260731/main_ii_h720_prefix_20260808/formal_results_20260809/formal_test_reused/SimpleTM__ETTh2__r0/prefix_metrics.csv,0.3477546122741812,0.38753231116570397,0.34775461227418114,0.387532311165704,global_elementwise,,
SimpleTM,ETTh2,0,720,0.41504711003344213,0.43655566636397986,2048,7,ca766bffb2459641d2bd0af1e4ec8bd7700f4f43e4936fbd0dbb0d80c280b136,True,ee6247f6e1f35ed36812da40fe7a1898551ebbc0d231c206e710e2430dd14c94,066e8d712cc80822e4e2e2d82e5a587bd5cfbd646c99631ab7001bf066f2af31,formal_H720_native_loader_exact_prefix_stream,False,,False,analysis/iscf_bsca_paper_experiment_consolidation_20260731/main_ii_h720_prefix_20260808/formal_results_20260809/formal_test_reused/SimpleTM__ETTh2__r0/prefix_metrics.csv,0.41504711003344213,0.43655566636397986,0.4150471100334421,0.4365556663639798,global_elementwise,,
SimpleTM,ETTh2,1,96,0.2388280555115419,0.3134961881824512,2048,7,fbd01078197fe73d2872ad768e678b802d48a104c6d327a917b361a0552147b5,True,fab13555ca2f8d1d8d4d4cd88dfb84b32a036574f94cfab2d50a8d762c00af45,e4250b16a786b88d0a3bc7b8ea1c51984d4a76920f17ec2e9934f9ac1f2572c7,formal_H720_native_loader_exact_prefix_stream,False,,False,analysis/iscf_bsca_paper_experiment_consolidation_20260731/main_ii_h720_prefix_20260808/formal_results_20260809/formal_test_reused/SimpleTM__ETTh2__r1/prefix_metrics.csv,0.2388280555115419,0.3134961881824512,0.2388280555115419,0.31349618818245123,global_elementwise,,
SimpleTM,ETTh2,1,192,0.29712980618879686,0.3501522438923668,2048,7,fbd01078197fe73d2872ad768e678b802d48a104c6d327a917b361a0552147b5,True,c0504df553bc240f93f6484033714ede46690f136066bceb0fba50fdc42a2a8e,ce3e975cc9afb82fae3832bbf0453cd2b3410494210f6c4c7e9a363db44e5957,formal_H720_native_loader_exact_prefix_stream,False,,False,analysis/iscf_bsca_paper_experiment_consolidation_20260731/main_ii_h720_prefix_20260808/formal_results_20260809/formal_test_reused/SimpleTM__ETTh2__r1/prefix_metrics.csv,0.29712980618879686,0.3501522438923668,0.2971298061887969,0.35015224389236677,global_elementwise,,
SimpleTM,ETTh2,1,336,0.3441253543971215,0.38611581148849206,2048,7,fbd01078197fe73d2872ad768e678b802d48a104c6d327a917b361a0552147b5,True,6127b00af57df8ef59628c5496064fbcb18dbf1c3bcb2f9394fc04a91036da58,7ec52e7ed64b119688e774822cd55c3c219bf4c82a46b2e79cae2a0039de396b,formal_H720_native_loader_exact_prefix_stream,False,,False,analysis/iscf_bsca_paper_experiment_consolidation_20260731/main_ii_h720_prefix_20260808/formal_results_20260809/formal_test_reused/SimpleTM__ETTh2__r1/prefix_metrics.csv,0.3441253543971215,0.38611581148849206,0.3441253543971215,0.38611581148849217,global_elementwise,,
SimpleTM,ETTh2,1,720,0.41180242238418857,0.43504359875609866,2048,7,fbd01078197fe73d2872ad768e678b802d48a104c6d327a917b361a0552147b5,True,fe453b4c959d0ccf87692f0bb47200f8377321bad2155a35d8bd66170abf1c46,066e8d712cc80822e4e2e2d82e5a587bd5cfbd646c99631ab7001bf066f2af31,formal_H720_native_loader_exact_prefix_stream,False,,False,analysis/iscf_bsca_paper_experiment_consolidation_20260731/main_ii_h720_prefix_20260808/formal_results_20260809/formal_test_reused/SimpleTM__ETTh2__r1/prefix_metrics.csv,0.41180242238418857,0.43504359875609866,0.41180242238418857,0.43504359875609877,global_elementwise,,
SimpleTM,ETTh2,2,96,0.24050538198283994,0.3148771883956303,2048,7,0b63447b4a81a43e603403ec406a3246163f2daaba9c0d5841ce6e253d4e8a24,True,44a512912f4d136b484342cb470003a5ef18202340d4df10e1d0db3803235409,e4250b16a786b88d0a3bc7b8ea1c51984d4a76920f17ec2e9934f9ac1f2572c7,formal_H720_native_loader_exact_prefix_stream,False,,False,analysis/iscf_bsca_paper_experiment_consolidation_20260731/main_ii_h720_prefix_20260808/formal_results_20260809/formal_test_reused/SimpleTM__ETTh2__r2/prefix_metrics.csv,0.24050538198283994,0.3148771883956303,0.24050538198283994,0.3148771883956302,global_elementwise,,
SimpleTM,ETTh2,2,192,0.2996048924546401,0.35167083142279065,2048,7,0b63447b4a81a43e603403ec406a3246163f2daaba9c0d5841ce6e253d4e8a24,True,47d0ca7deede91d66415d14d9ec48075665784f2ff17b849a9155c703842220d,ce3e975cc9afb82fae3832bbf0453cd2b3410494210f6c4c7e9a363db44e5957,formal_H720_native_loader_exact_prefix_stream,False,,False,analysis/iscf_bsca_paper_experiment_consolidation_20260731/main_ii_h720_prefix_20260808/formal_results_20260809/formal_test_reused/SimpleTM__ETTh2__r2/prefix_metrics.csv,0.2996048924546401,0.35167083142279065,0.2996048924546401,0.35167083142279065,global_elementwise,,
SimpleTM,ETTh2,2,336,0.3479850834044051,0.3882457189843176,2048,7,0b63447b4a81a43e603403ec406a3246163f2daaba9c0d5841ce6e253d4e8a24,True,afeb0c6b74ed31c3ce408ffd7fba52e8c6639ff0c9d5c55e50667527a42bf3b9,7ec52e7ed64b119688e774822cd55c3c219bf4c82a46b2e79cae2a0039de396b,formal_H720_native_loader_exact_prefix_stream,False,,False,analysis/iscf_bsca_paper_experiment_consolidation_20260731/main_ii_h720_prefix_20260808/formal_results_20260809/formal_test_reused/SimpleTM__ETTh2__r2/prefix_metrics.csv,0.3479850834044051,0.3882457189843176,0.34798508340440504,0.3882457189843177,global_elementwise,,
SimpleTM,ETTh2,2,720,0.41644708184118057,0.4376756919899971,2048,7,0b63447b4a81a43e603403ec406a3246163f2daaba9c0d5841ce6e253d4e8a24,True,b1f4bc31f727673ccb37922ea8f78dea5f6c901160d403510deeef27e399f575,066e8d712cc80822e4e2e2d82e5a587bd5cfbd646c99631ab7001bf066f2af31,formal_H720_native_loader_exact_prefix_stream,False,,False,analysis/iscf_bsca_paper_experiment_consolidation_20260731/main_ii_h720_prefix_20260808/formal_results_20260809/formal_test_reused/SimpleTM__ETTh2__r2/prefix_metrics.csv,0.41644708184118057,0.4376756919899971,0.4164470818411806,0.4376756919899971,global_elementwise,,
SimpleTM,ETTm1,0,96,0.31804075831335804,0.3682664674444814,10752,7,581f8e18d298b0885324a016e1ee7ebcdb9c13f65246af2dc16f046f72190840,True,67e5f238eff58ceb24456b386ad2bbce7711bea23992781c46fac55a40ea9e29,f294d16a8e4521e08297aa5376f3553ffe02e62231027a68199d5b2989a5c516,formal_H720_native_loader_exact_prefix_stream,False,,False,analysis/iscf_bsca_paper_experiment_consolidation_20260731/main_ii_h720_prefix_20260808/formal_results_20260809/formal_test_reused/SimpleTM__ETTm1__r0/prefix_metrics.csv,0.31804075831335804,0.3682664674444814,0.318040758313358,0.36826646744448144,global_elementwise,,
SimpleTM,ETTm1,0,192,0.35064730952148737,0.3837134206600771,10752,7,581f8e18d298b0885324a016e1ee7ebcdb9c13f65246af2dc16f046f72190840,True,62c3adc2090765304713e00ead86aab2df323e8a7980be13394584cd3cbbe398,b1f71d18147a5d5912b1ae328aad8152b0ff83cbae1125caf8126ccc2bc84a64,formal_H720_native_loader_exact_prefix_stream,False,,False,analysis/iscf_bsca_paper_experiment_consolidation_20260731/main_ii_h720_prefix_20260808/formal_results_20260809/formal_test_reused/SimpleTM__ETTm1__r0/prefix_metrics.csv,0.35064730952148737,0.3837134206600771,0.3506473095214875,0.38371342066007713,global_elementwise,,
SimpleTM,ETTm1,0,336,0.3897853408844989,0.4059243178841377,10752,7,581f8e18d298b0885324a016e1ee7ebcdb9c13f65246af2dc16f046f72190840,True,3ab123c8cf8572e80b70d696b5d5349e0d5571b8146ba7bb91e1fd0a986fa03d,150955c58a36b2de646fc0d46f7a8db52ce24e18aa713c8238ff2916018e85bc,formal_H720_native_loader_exact_prefix_stream,False,,False,analysis/iscf_bsca_paper_experiment_consolidation_20260731/main_ii_h720_prefix_20260808/formal_results_20260809/formal_test_reused/SimpleTM__ETTm1__r0/prefix_metrics.csv,0.3897853408844989,0.4059243178841377,0.3897853408844988,0.4059243178841377,global_elementwise,,
SimpleTM,ETTm1,0,720,0.4549467909046441,0.4386352245062859,10752,7,581f8e18d298b0885324a016e1ee7ebcdb9c13f65246af2dc16f046f72190840,True,915f0dc51bde67be626c10c4b18706d700af604c6a9e59bfadb3b4be476ca906,736162d88e82db580a1ac6ed336319667d137f4e5bb8a01712492f2beb881233,formal_H720_native_loader_exact_prefix_stream,False,,False,analysis/iscf_bsca_paper_experiment_consolidation_20260731/main_ii_h720_prefix_20260808/formal_results_20260809/formal_test_reused/SimpleTM__ETTm1__r0/prefix_metrics.csv,0.4549467909046441,0.4386352245062859,0.4549467909046442,0.43863522450628584,global_elementwise,,
SimpleTM,ETTm1,1,96,0.31718078355640744,0.36663032477287827,10752,7,d8dd64369682cc48d873b2db4fb6e2fbfd3739d6b99a4bd926df093422218019,True,e4002975e5867273e23a3df4dc354de3a15810142b177c0d7a8c42187d608b89,f294d16a8e4521e08297aa5376f3553ffe02e62231027a68199d5b2989a5c516,formal_H720_native_loader_exact_prefix_stream,False,,False,analysis/iscf_bsca_paper_experiment_consolidation_20260731/main_ii_h720_prefix_20260808/formal_results_20260809/formal_test_reused/SimpleTM__ETTm1__r1/prefix_metrics.csv,0.31718078355640744,0.36663032477287827,0.3171807835564074,0.36663032477287816,global_elementwise,,
SimpleTM,ETTm1,1,192,0.34984018061561273,0.38241984274622215,10752,7,d8dd64369682cc48d873b2db4fb6e2fbfd3739d6b99a4bd926df093422218019,True,51d5a0fb704855c4c8baee649d01569b52ab973c92246370cbad77d428154bee,b1f71d18147a5d5912b1ae328aad8152b0ff83cbae1125caf8126ccc2bc84a64,formal_H720_native_loader_exact_prefix_stream,False,,False,analysis/iscf_bsca_paper_experiment_consolidation_20260731/main_ii_h720_prefix_20260808/formal_results_20260809/formal_test_reused/SimpleTM__ETTm1__r1/prefix_metrics.csv,0.34984018061561273,0.38241984274622215,0.34984018061561273,0.38241984274622226,global_elementwise,,
SimpleTM,ETTm1,1,336,0.3890964115998003,0.40488204023330465,10752,7,d8dd64369682cc48d873b2db4fb6e2fbfd3739d6b99a4bd926df093422218019,True,682541cc0c3d2940bf9fbdf99982995924a51985adb765ca25c0732287bf22a7,150955c58a36b2de646fc0d46f7a8db52ce24e18aa713c8238ff2916018e85bc,formal_H720_native_loader_exact_prefix_stream,False,,False,analysis/iscf_bsca_paper_experiment_consolidation_20260731/main_ii_h720_prefix_20260808/formal_results_20260809/formal_test_reused/SimpleTM__ETTm1__r1/prefix_metrics.csv,0.3890964115998003,0.40488204023330465,0.3890964115998004,0.40488204023330465,global_elementwise,,
SimpleTM,ETTm1,1,720,0.45361710393334126,0.43749189207254596,10752,7,d8dd64369682cc48d873b2db4fb6e2fbfd3739d6b99a4bd926df093422218019,True,8dfd1a80148c9c72b9436cd9c1f0defc904ba161760c01e97e5a7ff7c848cc09,736162d88e82db580a1ac6ed336319667d137f4e5bb8a01712492f2beb881233,formal_H720_native_loader_exact_prefix_stream,False,,False,analysis/iscf_bsca_paper_experiment_consolidation_20260731/main_ii_h720_prefix_20260808/formal_results_20260809/formal_test_reused/SimpleTM__ETTm1__r1/prefix_metrics.csv,0.45361710393334126,0.43749189207254596,0.45361710393334115,0.4374918920725459,global_elementwise,,
SimpleTM,ETTm1,2,96,0.3167618131835042,0.3666470356057917,10752,7,8a266493553f2137586da57e28d8ffa242351ccdf4fae56746feacd2f4c30fcc,True,ea8783591cbe0f4d280c78d309ce2fb5940d5301a6434d037615ddd814ad964f,f294d16a8e4521e08297aa5376f3553ffe02e62231027a68199d5b2989a5c516,formal_H720_native_loader_exact_prefix_stream,False,,False,analysis/iscf_bsca_paper_experiment_consolidation_20260731/main_ii_h720_prefix_20260808/formal_results_20260809/formal_test_reused/SimpleTM__ETTm1__r2/prefix_metrics.csv,0.3167618131835042,0.3666470356057917,0.3167618131835041,0.3666470356057917,global_elementwise,,
SimpleTM,ETTm1,2,192,0.3499860487223751,0.38271280759580945,10752,7,8a266493553f2137586da57e28d8ffa242351ccdf4fae56746feacd2f4c30fcc,True,1be84cbe9b5050dfc57987d90022550a3df2e87fad8371f5a11af9088dd66ee3,b1f71d18147a5d5912b1ae328aad8152b0ff83cbae1125caf8126ccc2bc84a64,formal_H720_native_loader_exact_prefix_stream,False,,False,analysis/iscf_bsca_paper_experiment_consolidation_20260731/main_ii_h720_prefix_20260808/formal_results_20260809/formal_test_reused/SimpleTM__ETTm1__r2/prefix_metrics.csv,0.3499860487223751,0.38271280759580945,0.3499860487223751,0.38271280759580945,global_elementwise,,
SimpleTM,ETTm1,2,336,0.3889974582748403,0.404790747730946,10752,7,8a266493553f2137586da57e28d8ffa242351ccdf4fae56746feacd2f4c30fcc,True,f98662945825aaa16c2250d4b5d17f80eb24210484b5866632b6c3d8dcb02dc2,150955c58a36b2de646fc0d46f7a8db52ce24e18aa713c8238ff2916018e85bc,formal_H720_native_loader_exact_prefix_stream,False,,False,analysis/iscf_bsca_paper_experiment_consolidation_20260731/main_ii_h720_prefix_20260808/formal_results_20260809/formal_test_reused/SimpleTM__ETTm1__r2/prefix_metrics.csv,0.3889974582748403,0.404790747730946,0.3889974582748402,0.4047907477309461,global_elementwise,,
SimpleTM,ETTm1,2,720,0.4541940325574089,0.43771600270794014,10752,7,8a266493553f2137586da57e28d8ffa242351ccdf4fae56746feacd2f4c30fcc,True,c2402864a9841cc17a1d51e32a17ca9f95ff92618757cb99325b2749f284e76e,736162d88e82db580a1ac6ed336319667d137f4e5bb8a01712492f2beb881233,formal_H720_native_loader_exact_prefix_stream,False,,False,analysis/iscf_bsca_paper_experiment_consolidation_20260731/main_ii_h720_prefix_20260808/formal_results_20260809/formal_test_reused/SimpleTM__ETTm1__r2/prefix_metrics.csv,0.4541940325574089,0.43771600270794014,0.454194032557409,0.4377160027079399,global_elementwise,,
SimpleTM,ETTm2,0,96,0.18687128545047385,0.27082150507107117,10752,7,78ec2827c8e7944968321f988f0c9e8ab90d0d6054eaad0ff84415bbc3e34375,True,1b56f4eeab92d8530e0c1d10963800ac6586802494e6b123a555d048fcc32393,b45b83076a3b9406a5b36eb1cb0ab1829f596afd02c98c940f0c238e4e3ea789,formal_H720_native_loader_exact_prefix_stream,False,,False,analysis/iscf_bsca_paper_experiment_consolidation_20260731/main_ii_h720_prefix_20260808/formal_results_20260809/formal_test_reused/SimpleTM__ETTm2__r0/prefix_metrics.csv,0.18687128545047385,0.27082150507107117,0.18687128545047388,0.27082150507107117,global_elementwise,,
SimpleTM,ETTm2,0,192,0.25053216841808257,0.3097648833114794,10752,7,78ec2827c8e7944968321f988f0c9e8ab90d0d6054eaad0ff84415bbc3e34375,True,dca2d02baae9fb39422d240e2f9607a9ba2d8a82cc44eb0253346e200ce0c7ba,b4e6b20aaffe69b64b4cf79b467870a62beeb49cacbb154a46db320e0dee8864,formal_H720_native_loader_exact_prefix_stream,False,,False,analysis/iscf_bsca_paper_experiment_consolidation_20260731/main_ii_h720_prefix_20260808/formal_results_20260809/formal_test_reused/SimpleTM__ETTm2__r0/prefix_metrics.csv,0.25053216841808257,0.3097648833114794,0.2505321684180825,0.3097648833114793,global_elementwise,,
SimpleTM,ETTm2,0,336,0.3108053434548639,0.3479813650816383,10752,7,78ec2827c8e7944968321f988f0c9e8ab90d0d6054eaad0ff84415bbc3e34375,True,8eebad7766da58297f1d6bde1196fc7fb00cb5c1a7272d454df21e5928d73083,472fcea9ca3c119ab7b0b8168024233cbc284d0a1303f8cd90585c955eccde1a,formal_H720_native_loader_exact_prefix_stream,False,,False,analysis/iscf_bsca_paper_experiment_consolidation_20260731/main_ii_h720_prefix_20260808/formal_results_20260809/formal_test_reused/SimpleTM__ETTm2__r0/prefix_metrics.csv,0.3108053434548639,0.3479813650816383,0.3108053434548638,0.34798136508163835,global_elementwise,,
SimpleTM,ETTm2,0,720,0.4054686443537393,0.4021085837161947,10752,7,78ec2827c8e7944968321f988f0c9e8ab90d0d6054eaad0ff84415bbc3e34375,True,222cecddde410e78aa140c0fe8d6f569fb74cc853713dcdaf8ca02832c72b3c4,c4174fca96f6b1e0232739a8f14af2d340df9131904a6d2f497cf5b6b876f107,formal_H720_native_loader_exact_prefix_stream,False,,False,analysis/iscf_bsca_paper_experiment_consolidation_20260731/main_ii_h720_prefix_20260808/formal_results_20260809/formal_test_reused/SimpleTM__ETTm2__r0/prefix_metrics.csv,0.4054686443537393,0.4021085837161947,0.4054686443537393,0.40210858371619457,global_elementwise,,
SimpleTM,ETTm2,1,96,0.1828638064497128,0.26653477394901703,10752,7,d9e2d0a0448c1e2879978d0580944f1efce3c90385d730433aebcd880a570a60,True,03889d722a5c1aad502e146d7e5eeb7a42c7e54c7ce290d1a53bffa9c9c30cd7,b45b83076a3b9406a5b36eb1cb0ab1829f596afd02c98c940f0c238e4e3ea789,formal_H720_native_loader_exact_prefix_stream,False,,False,analysis/iscf_bsca_paper_experiment_consolidation_20260731/main_ii_h720_prefix_20260808/formal_results_20260809/formal_test_reused/SimpleTM__ETTm2__r1/prefix_metrics.csv,0.1828638064497128,0.26653477394901703,0.18286380644971276,0.266534773949017,global_elementwise,,
SimpleTM,ETTm2,1,192,0.24463967894040609,0.30517073915223947,10752,7,d9e2d0a0448c1e2879978d0580944f1efce3c90385d730433aebcd880a570a60,True,e54d47b70b8a49554482bb7237d99f5a315242ca5eb8b8f914f6522959d4ba0f,b4e6b20aaffe69b64b4cf79b467870a62beeb49cacbb154a46db320e0dee8864,formal_H720_native_loader_exact_prefix_stream,False,,False,analysis/iscf_bsca_paper_experiment_consolidation_20260731/main_ii_h720_prefix_20260808/formal_results_20260809/formal_test_reused/SimpleTM__ETTm2__r1/prefix_metrics.csv,0.24463967894040609,0.30517073915223947,0.24463967894040609,0.3051707391522394,global_elementwise,,
SimpleTM,ETTm2,1,336,0.301308017632383,0.34083061308422513,10752,7,d9e2d0a0448c1e2879978d0580944f1efce3c90385d730433aebcd880a570a60,True,a35a2c1cb90dc11c34800b3de03e5723ea5ff4c8a6c60a999e77ca92a28d562a,472fcea9ca3c119ab7b0b8168024233cbc284d0a1303f8cd90585c955eccde1a,formal_H720_native_loader_exact_prefix_stream,False,,False,analysis/iscf_bsca_paper_experiment_consolidation_20260731/main_ii_h720_prefix_20260808/formal_results_20260809/formal_test_reused/SimpleTM__ETTm2__r1/prefix_metrics.csv,0.301308017632383,0.34083061308422513,0.30130801763238296,0.34083061308422513,global_elementwise,,
SimpleTM,ETTm2,1,720,0.39268087982183764,0.3943098098362561,10752,7,d9e2d0a0448c1e2879978d0580944f1efce3c90385d730433aebcd880a570a60,True,8a0751b3776f97050b2cfabcb4ace2308fc31ece896122fb1f3045b8458ec9f8,c4174fca96f6b1e0232739a8f14af2d340df9131904a6d2f497cf5b6b876f107,formal_H720_native_loader_exact_prefix_stream,False,,False,analysis/iscf_bsca_paper_experiment_consolidation_20260731/main_ii_h720_prefix_20260808/formal_results_20260809/formal_test_reused/SimpleTM__ETTm2__r1/prefix_metrics.csv,0.39268087982183764,0.3943098098362561,0.3926808798218376,0.394309809836256,global_elementwise,,
SimpleTM,ETTm2,2,96,0.1894995933066823,0.2747512913425179,10752,7,dea7380504d45c8e1063d66f23db9c1dad45ef5130eea04d13fb2b76339a709e,True,b2528d359508af28f5a6e76419563c9b170cf79b3d6b02ae6ae38f3227afacb7,b45b83076a3b9406a5b36eb1cb0ab1829f596afd02c98c940f0c238e4e3ea789,formal_H720_native_loader_exact_prefix_stream,False,,False,analysis/iscf_bsca_paper_experiment_consolidation_20260731/main_ii_h720_prefix_20260808/formal_results_20260809/formal_test_reused/SimpleTM__ETTm2__r2/prefix_metrics.csv,0.1894995933066823,0.2747512913425179,0.18949959330668234,0.2747512913425178,global_elementwise,,
SimpleTM,ETTm2,2,192,0.2531892918418143,0.31229868210649075,10752,7,dea7380504d45c8e1063d66f23db9c1dad45ef5130eea04d13fb2b76339a709e,True,e68e7edfb898cd7029e8207e73f3b27ee71115fd907b35f0b18a58425fe3720e,b4e6b20aaffe69b64b4cf79b467870a62beeb49cacbb154a46db320e0dee8864,formal_H720_native_loader_exact_prefix_stream,False,,False,analysis/iscf_bsca_paper_experiment_consolidation_20260731/main_ii_h720_prefix_20260808/formal_results_20260809/formal_test_reused/SimpleTM__ETTm2__r2/prefix_metrics.csv,0.2531892918418143,0.31229868210649075,0.2531892918418143,0.3122986821064907,global_elementwise,,
SimpleTM,ETTm2,2,336,0.31261492908843896,0.3489188917135233,10752,7,dea7380504d45c8e1063d66f23db9c1dad45ef5130eea04d13fb2b76339a709e,True,cf7534370509bd503a61507599d4681d71eab63c7c1ce49ed1d1a812d323b01b,472fcea9ca3c119ab7b0b8168024233cbc284d0a1303f8cd90585c955eccde1a,formal_H720_native_loader_exact_prefix_stream,False,,False,analysis/iscf_bsca_paper_experiment_consolidation_20260731/main_ii_h720_prefix_20260808/formal_results_20260809/formal_test_reused/SimpleTM__ETTm2__r2/prefix_metrics.csv,0.31261492908843896,0.3489188917135233,0.31261492908843896,0.3489188917135233,global_elementwise,,
SimpleTM,ETTm2,2,720,0.40414831039070653,0.4010361051096193,10752,7,dea7380504d45c8e1063d66f23db9c1dad45ef5130eea04d13fb2b76339a709e,True,dc423146497e6cd3e6287de3149cda110bf222667f5e7e86b63f8a3b38043776,c4174fca96f6b1e0232739a8f14af2d340df9131904a6d2f497cf5b6b876f107,formal_H720_native_loader_exact_prefix_stream,False,,False,analysis/iscf_bsca_paper_experiment_consolidation_20260731/main_ii_h720_prefix_20260808/formal_results_20260809/formal_test_reused/SimpleTM__ETTm2__r2/prefix_metrics.csv,0.40414831039070653,0.4010361051096193,0.40414831039070664,0.4010361051096194,global_elementwise,,
SimpleTM,Solar,0,96,0.17156246619461732,0.23363788603505817,9728,137,e670781f52ced4525bd382088db09f12f93bdc05a204863e79f81cb986c10bf6,True,7142b51c928f73a2e5c95e27bae482b38dec19e3a2263a87f055c479a508290d,04cc84a0f6930dbf0528b6ce33bc8b1da08eac6cdb0809c397e3cc8e39af5ecc,formal_H720_native_loader_exact_prefix_stream,False,,False,analysis/iscf_bsca_paper_experiment_consolidation_20260731/main_ii_h720_prefix_20260808/formal_results_20260809/formal_test_reused/SimpleTM__Solar__r0/prefix_metrics.csv,0.17156246619461732,0.23363788603505817,0.17156246619461732,0.2336378860350582,global_elementwise,,
SimpleTM,Solar,0,192,0.18828892511399642,0.2460849846082591,9728,137,e670781f52ced4525bd382088db09f12f93bdc05a204863e79f81cb986c10bf6,True,73f92a9396eca6582cdba137ca3c0aad0ebd5d65e694809f0e789864eb3af767,47f5e512cfbcf2abe4ee08146b18a849dba926d058ba2ee3740c4989eaee96ba,formal_H720_native_loader_exact_prefix_stream,False,,False,analysis/iscf_bsca_paper_experiment_consolidation_20260731/main_ii_h720_prefix_20260808/formal_results_20260809/formal_test_reused/SimpleTM__Solar__r0/prefix_metrics.csv,0.18828892511399642,0.2460849846082591,0.18828892511399636,0.24608498460825903,global_elementwise,,
SimpleTM,Solar,0,336,0.19067932882725513,0.2493764288523864,9728,137,e670781f52ced4525bd382088db09f12f93bdc05a204863e79f81cb986c10bf6,True,59d1fba6e0b397d3d694cba2614f17b00c533870e7c41038251388603f4175b2,4c080cfa3a5a1519da26c749eed81b6ab80d6fe31563f55bb925507a025dd0df,formal_H720_native_loader_exact_prefix_stream,False,,False,analysis/iscf_bsca_paper_experiment_consolidation_20260731/main_ii_h720_prefix_20260808/formal_results_20260809/formal_test_reused/SimpleTM__Solar__r0/prefix_metrics.csv,0.19067932882725513,0.2493764288523864,0.1906793288272551,0.2493764288523863,global_elementwise,,
SimpleTM,Solar,0,720,0.2001074281599488,0.25472827256152974,9728,137,e670781f52ced4525bd382088db09f12f93bdc05a204863e79f81cb986c10bf6,True,7f8cf9c410d2134f5e55c2dba3ace500b04c8070efbbd941c56ccc03ee056dc9,93b24b9a8da7a8896d6fd2d23052734b5c2a1ef2ad9ca4e5030fd759e74b9422,formal_H720_native_loader_exact_prefix_stream,False,,False,analysis/iscf_bsca_paper_experiment_consolidation_20260731/main_ii_h720_prefix_20260808/formal_results_20260809/formal_test_reused/SimpleTM__Solar__r0/prefix_metrics.csv,0.2001074281599488,0.25472827256152974,0.20010742815994884,0.2547282725615297,global_elementwise,,
SimpleTM,Solar,1,96,0.17149767762394702,0.2331759674966758,9728,137,f28d018ee62caea3d5a0264a0b8b777f25b620813411820ebb0f8f8f62aa6c7d,True,435e5b343ba6f4004114fb9062537d2ac7e28c9a8bbdb88782acbed47f05a540,04cc84a0f6930dbf0528b6ce33bc8b1da08eac6cdb0809c397e3cc8e39af5ecc,formal_H720_native_loader_exact_prefix_stream,False,,False,analysis/iscf_bsca_paper_experiment_consolidation_20260731/main_ii_h720_prefix_20260808/formal_results_20260809/formal_test_reused/SimpleTM__Solar__r1/prefix_metrics.csv,0.17149767762394702,0.2331759674966758,0.17149767762394696,0.23317596749667585,global_elementwise,,
SimpleTM,Solar,1,192,0.18651297246434453,0.2441498030115092,9728,137,f28d018ee62caea3d5a0264a0b8b777f25b620813411820ebb0f8f8f62aa6c7d,True,e786599aff8c33d5e75b7d4d3dac53d9e18b7a1ec5bf933c1b473745505da38f,47f5e512cfbcf2abe4ee08146b18a849dba926d058ba2ee3740c4989eaee96ba,formal_H720_native_loader_exact_prefix_stream,False,,False,analysis/iscf_bsca_paper_experiment_consolidation_20260731/main_ii_h720_prefix_20260808/formal_results_20260809/formal_test_reused/SimpleTM__Solar__r1/prefix_metrics.csv,0.18651297246434453,0.2441498030115092,0.1865129724643445,0.24414980301150924,global_elementwise,,
SimpleTM,Solar,1,336,0.1896506907413509,0.24747595408075382,9728,137,f28d018ee62caea3d5a0264a0b8b777f25b620813411820ebb0f8f8f62aa6c7d,True,bed282fc0a6bc6ae8df07e78fd3537ff41e669718400f08e80b6d743033eba49,4c080cfa3a5a1519da26c749eed81b6ab80d6fe31563f55bb925507a025dd0df,formal_H720_native_loader_exact_prefix_stream,False,,False,analysis/iscf_bsca_paper_experiment_consolidation_20260731/main_ii_h720_prefix_20260808/formal_results_20260809/formal_test_reused/SimpleTM__Solar__r1/prefix_metrics.csv,0.1896506907413509,0.24747595408075382,0.18965069074135094,0.24747595408075382,global_elementwise,,
SimpleTM,Solar,1,720,0.20039570786669453,0.25367476342634593,9728,137,f28d018ee62caea3d5a0264a0b8b777f25b620813411820ebb0f8f8f62aa6c7d,True,66ec7b3137036b71e398b7da53c65f0442d3f76b91f69eef8376e0a5c59fc944,93b24b9a8da7a8896d6fd2d23052734b5c2a1ef2ad9ca4e5030fd759e74b9422,formal_H720_native_loader_exact_prefix_stream,False,,False,analysis/iscf_bsca_paper_experiment_consolidation_20260731/main_ii_h720_prefix_20260808/formal_results_20260809/formal_test_reused/SimpleTM__Solar__r1/prefix_metrics.csv,0.20039570786669453,0.25367476342634593,0.2003957078666945,0.253674763426346,global_elementwise,,
SimpleTM,Solar,2,96,0.16849646797800283,0.234024706848096,9728,137,96c6142842575ca2a445519c55aea131c5863b4709ef95694211d507dd09d656,True,b1a1c4dc1eb874f24c74527ba35cb47f80f36ef821005b11d9fb9e0f5331ca35,04cc84a0f6930dbf0528b6ce33bc8b1da08eac6cdb0809c397e3cc8e39af5ecc,formal_H720_native_loader_exact_prefix_stream,False,,False,analysis/iscf_bsca_paper_experiment_consolidation_20260731/main_ii_h720_prefix_20260808/formal_results_20260809/formal_test_reused/SimpleTM__Solar__r2/prefix_metrics.csv,0.16849646797800283,0.234024706848096,0.1684964679780028,0.23402470684809593,global_elementwise,,
SimpleTM,Solar,2,192,0.18384088510164817,0.24528701371832562,9728,137,96c6142842575ca2a445519c55aea131c5863b4709ef95694211d507dd09d656,True,e4e712e78b10ed22500238da23c715b848bea13686fe79e369829491e3eb2178,47f5e512cfbcf2abe4ee08146b18a849dba926d058ba2ee3740c4989eaee96ba,formal_H720_native_loader_exact_prefix_stream,False,,False,analysis/iscf_bsca_paper_experiment_consolidation_20260731/main_ii_h720_prefix_20260808/formal_results_20260809/formal_test_reused/SimpleTM__Solar__r2/prefix_metrics.csv,0.18384088510164817,0.24528701371832562,0.1838408851016482,0.2452870137183256,global_elementwise,,
SimpleTM,Solar,2,336,0.18796174168361965,0.24897781210707473,9728,137,96c6142842575ca2a445519c55aea131c5863b4709ef95694211d507dd09d656,True,08f4cc9a62d173256e01151f69925ef6621dfab268f1ed53b81fd2c3fed577dd,4c080cfa3a5a1519da26c749eed81b6ab80d6fe31563f55bb925507a025dd0df,formal_H720_native_loader_exact_prefix_stream,False,,False,analysis/iscf_bsca_paper_experiment_consolidation_20260731/main_ii_h720_prefix_20260808/formal_results_20260809/formal_test_reused/SimpleTM__Solar__r2/prefix_metrics.csv,0.18796174168361965,0.24897781210707473,0.18796174168361968,0.2489778121070748,global_elementwise,,
SimpleTM,Solar,2,720,0.19885736473479615,0.2546876014730812,9728,137,96c6142842575ca2a445519c55aea131c5863b4709ef95694211d507dd09d656,True,730f2e143ecf538f842cd981266fd231de1372205a24b62764ee8d04ea282a78,93b24b9a8da7a8896d6fd2d23052734b5c2a1ef2ad9ca4e5030fd759e74b9422,formal_H720_native_loader_exact_prefix_stream,False,,False,analysis/iscf_bsca_paper_experiment_consolidation_20260731/main_ii_h720_prefix_20260808/formal_results_20260809/formal_test_reused/SimpleTM__Solar__r2/prefix_metrics.csv,0.19885736473479615,0.2546876014730812,0.19885736473479615,0.2546876014730812,global_elementwise,,
SimpleTM,Weather,0,96,0.17017047164029087,0.22006665638098186,9728,21,23ac68dba87eee87b5acfff90abf5b8a7855ff4b03071133f9349c2520df4937,True,dba8168016d447cd97edc9b92063db016b5629cc9954b5815fc8eec5ee1d37b4,45a1be848af59735d1c917c29091c591176e39ea7483556cbc28ee5470072cfa,formal_H720_native_loader_exact_prefix_stream,False,,False,analysis/iscf_bsca_paper_experiment_consolidation_20260731/main_ii_h720_prefix_20260808/formal_results_20260809/formal_test_reused/SimpleTM__Weather__r0/prefix_metrics.csv,0.17017047164029087,0.22006665638098186,0.17017047164029084,0.22006665638098186,global_elementwise,,
SimpleTM,Weather,0,192,0.2109669876058883,0.25637319572970707,9728,21,23ac68dba87eee87b5acfff90abf5b8a7855ff4b03071133f9349c2520df4937,True,edeb197e91eb351c8a3f4947356196c0c7589eb924f4e3a12bdd5387626f50ab,481aa46897c98fbc17e41160644f019b3ef9738f4ea36dc2da0ce1f64707647e,formal_H720_native_loader_exact_prefix_stream,False,,False,analysis/iscf_bsca_paper_experiment_consolidation_20260731/main_ii_h720_prefix_20260808/formal_results_20260809/formal_test_reused/SimpleTM__Weather__r0/prefix_metrics.csv,0.2109669876058883,0.25637319572970707,0.21096698760588833,0.2563731957297072,global_elementwise,,
SimpleTM,Weather,0,336,0.2602940267028216,0.29253354923717023,9728,21,23ac68dba87eee87b5acfff90abf5b8a7855ff4b03071133f9349c2520df4937,True,d7cdf5667e91de8627c9eb8fe8857c5be0747f406cc84ab11c612dc10db28703,327af9f0237b61efaf0bab097560605042932a100881faf446a2bb8226d9c5a9,formal_H720_native_loader_exact_prefix_stream,False,,False,analysis/iscf_bsca_paper_experiment_consolidation_20260731/main_ii_h720_prefix_20260808/formal_results_20260809/formal_test_reused/SimpleTM__Weather__r0/prefix_metrics.csv,0.2602940267028216,0.29253354923717023,0.26029402670282153,0.2925335492371703,global_elementwise,,
SimpleTM,Weather,0,720,0.34454008582724316,0.3431928039762555,9728,21,23ac68dba87eee87b5acfff90abf5b8a7855ff4b03071133f9349c2520df4937,True,6e17c5294b3991fa7a618c31b5407218dd46acc88db4f54c1c61e978dd2e38cd,4d15badd46a87f9b984fef54d044537eda60670f10a9aa5dfa6d8e78419cf1ef,formal_H720_native_loader_exact_prefix_stream,False,,False,analysis/iscf_bsca_paper_experiment_consolidation_20260731/main_ii_h720_prefix_20260808/formal_results_20260809/formal_test_reused/SimpleTM__Weather__r0/prefix_metrics.csv,0.34454008582724316,0.3431928039762555,0.3445400858272431,0.3431928039762557,global_elementwise,,
SimpleTM,Weather,1,96,0.17398827737023692,0.223805720767714,9728,21,6d2660d913173af246366de3e3530e16da411bb9699346712427f2d5b0111499,True,d8ddecf55be7c51fe549b59cc7b8bbf7a32cb2b8abb309045ae099e6cb17d156,45a1be848af59735d1c917c29091c591176e39ea7483556cbc28ee5470072cfa,formal_H720_native_loader_exact_prefix_stream,False,,False,analysis/iscf_bsca_paper_experiment_consolidation_20260731/main_ii_h720_prefix_20260808/formal_results_20260809/formal_test_reused/SimpleTM__Weather__r1/prefix_metrics.csv,0.17398827737023692,0.223805720767714,0.17398827737023692,0.22380572076771396,global_elementwise,,
SimpleTM,Weather,1,192,0.21469451403139844,0.2596052892845109,9728,21,6d2660d913173af246366de3e3530e16da411bb9699346712427f2d5b0111499,True,21d57553a92859bfd88051ecdc1ebb10e64943005538bae5abee0a559feefbf3,481aa46897c98fbc17e41160644f019b3ef9738f4ea36dc2da0ce1f64707647e,formal_H720_native_loader_exact_prefix_stream,False,,False,analysis/iscf_bsca_paper_experiment_consolidation_20260731/main_ii_h720_prefix_20260808/formal_results_20260809/formal_test_reused/SimpleTM__Weather__r1/prefix_metrics.csv,0.21469451403139844,0.2596052892845109,0.21469451403139855,0.2596052892845108,global_elementwise,,
SimpleTM,Weather,1,336,0.26375615095068644,0.2949823604837882,9728,21,6d2660d913173af246366de3e3530e16da411bb9699346712427f2d5b0111499,True,948aeb10dd3e4d97e1da34cbbc3d105e5331f4f828da208ff28677f9e46e461e,327af9f0237b61efaf0bab097560605042932a100881faf446a2bb8226d9c5a9,formal_H720_native_loader_exact_prefix_stream,False,,False,analysis/iscf_bsca_paper_experiment_consolidation_20260731/main_ii_h720_prefix_20260808/formal_results_20260809/formal_test_reused/SimpleTM__Weather__r1/prefix_metrics.csv,0.26375615095068644,0.2949823604837882,0.26375615095068644,0.29498236048378823,global_elementwise,,
SimpleTM,Weather,1,720,0.34728164362686875,0.3445511388672449,9728,21,6d2660d913173af246366de3e3530e16da411bb9699346712427f2d5b0111499,True,538b2a26e024b8573d6f3e97845446c699733942533fc8e56ad3f4d384cd024f,4d15badd46a87f9b984fef54d044537eda60670f10a9aa5dfa6d8e78419cf1ef,formal_H720_native_loader_exact_prefix_stream,False,,False,analysis/iscf_bsca_paper_experiment_consolidation_20260731/main_ii_h720_prefix_20260808/formal_results_20260809/formal_test_reused/SimpleTM__Weather__r1/prefix_metrics.csv,0.34728164362686875,0.3445511388672449,0.34728164362686875,0.34455113886724503,global_elementwise,,
SimpleTM,Weather,2,96,0.16953607265177195,0.21912471837521427,9728,21,280af0bf1153211b29b687c6b585de0fecfc6dc659b8aa3db495eec922c69643,True,c30e2c5bb0c99b2bad586c36a75c73e350e35d29fc0a38e7722944d3973fe101,45a1be848af59735d1c917c29091c591176e39ea7483556cbc28ee5470072cfa,formal_H720_native_loader_exact_prefix_stream,False,,False,analysis/iscf_bsca_paper_experiment_consolidation_20260731/main_ii_h720_prefix_20260808/formal_results_20260809/formal_test_reused/SimpleTM__Weather__r2/prefix_metrics.csv,0.16953607265177195,0.21912471837521427,0.16953607265177198,0.21912471837521424,global_elementwise,,
SimpleTM,Weather,2,192,0.21046391714486018,0.25575603488534276,9728,21,280af0bf1153211b29b687c6b585de0fecfc6dc659b8aa3db495eec922c69643,True,8f43403d362c0e30fc1b0e3c77b57d090160bc26d3a12e05b865cf3869cf1f2b,481aa46897c98fbc17e41160644f019b3ef9738f4ea36dc2da0ce1f64707647e,formal_H720_native_loader_exact_prefix_stream,False,,False,analysis/iscf_bsca_paper_experiment_consolidation_20260731/main_ii_h720_prefix_20260808/formal_results_20260809/formal_test_reused/SimpleTM__Weather__r2/prefix_metrics.csv,0.21046391714486018,0.25575603488534276,0.21046391714486012,0.2557560348853427,global_elementwise,,
SimpleTM,Weather,2,336,0.2604599628921762,0.2923670852566714,9728,21,280af0bf1153211b29b687c6b585de0fecfc6dc659b8aa3db495eec922c69643,True,1cad8dfac4ea9dd16bf798021ba1c177712a474257199101cdd555d639d07dce,327af9f0237b61efaf0bab097560605042932a100881faf446a2bb8226d9c5a9,formal_H720_native_loader_exact_prefix_stream,False,,False,analysis/iscf_bsca_paper_experiment_consolidation_20260731/main_ii_h720_prefix_20260808/formal_results_20260809/formal_test_reused/SimpleTM__Weather__r2/prefix_metrics.csv,0.2604599628921762,0.2923670852566714,0.2604599628921762,0.2923670852566714,global_elementwise,,
SimpleTM,Weather,2,720,0.3454513822215927,0.3433725972484325,9728,21,280af0bf1153211b29b687c6b585de0fecfc6dc659b8aa3db495eec922c69643,True,fa7593662340c1213258624c2c03812cf8d7e71fff9c54455f73cf46261d0b96,4d15badd46a87f9b984fef54d044537eda60670f10a9aa5dfa6d8e78419cf1ef,formal_H720_native_loader_exact_prefix_stream,False,,False,analysis/iscf_bsca_paper_experiment_consolidation_20260731/main_ii_h720_prefix_20260808/formal_results_20260809/formal_test_reused/SimpleTM__Weather__r2/prefix_metrics.csv,0.3454513822215927,0.3433725972484325,0.3454513822215927,0.3433725972484326,global_elementwise,,
TimeAlign,ECL,0,96,0.11526756401592103,0.21347097309859467,4541,321,6d35248ed4b73d1004e0110e4377d5b9f3a3e24ba7ceea4df4a878711f0d3778,True,67c32bfa12be88d44888d2a58b1d99535b82b0a3bdcce973af1e784188822e45,4a60c96c470b7e965481c471d471a32a36dd115a504e01b64a65e6c4007acf04,formal_H720_native_loader_exact_prefix_stream,False,,False,analysis/iscf_bsca_paper_experiment_consolidation_20260731/main_ii_h720_prefix_20260808/formal_results_20260809/formal_test_reused/TimeAlign__ECL__r0/prefix_metrics.csv,,,,,,,
TimeAlign,ECL,0,192,0.1338311698202195,0.22985294893996294,4541,321,6d35248ed4b73d1004e0110e4377d5b9f3a3e24ba7ceea4df4a878711f0d3778,True,878b3ef8a2387dc8625d17e2a802b98a677a5ce1d51108b42c39ccb7a21117c8,735e79610818c3862a4d1b73e12125a271dc191a40877c825d7933beddc71c98,formal_H720_native_loader_exact_prefix_stream,False,,False,analysis/iscf_bsca_paper_experiment_consolidation_20260731/main_ii_h720_prefix_20260808/formal_results_20260809/formal_test_reused/TimeAlign__ECL__r0/prefix_metrics.csv,,,,,,,
TimeAlign,ECL,0,336,0.15247993887843575,0.24699238483187647,4541,321,6d35248ed4b73d1004e0110e4377d5b9f3a3e24ba7ceea4df4a878711f0d3778,True,8c13b2c19511024dbc399d0de3c64e468d07d5f1c0a90c1eedbede1ca4950b06,f0ba39907fe2eae542a43315653ad1ca18492db980ea4b0ebe5ae59f19735909,formal_H720_native_loader_exact_prefix_stream,False,,False,analysis/iscf_bsca_paper_experiment_consolidation_20260731/main_ii_h720_prefix_20260808/formal_results_20260809/formal_test_reused/TimeAlign__ECL__r0/prefix_metrics.csv,,,,,,,
TimeAlign,ECL,0,720,0.1901254733898172,0.2778937604756498,4541,321,6d35248ed4b73d1004e0110e4377d5b9f3a3e24ba7ceea4df4a878711f0d3778,True,9be9124395bcbc8748537f9ea6ac2d1ef63a3d18e78c3f1860c4fe794344402e,7820e9acfd5b698218b02504f4db9a879bc96413bbbfac167283c364055dbec5,formal_H720_native_loader_exact_prefix_stream,False,,False,analysis/iscf_bsca_paper_experiment_consolidation_20260731/main_ii_h720_prefix_20260808/formal_results_20260809/formal_test_reused/TimeAlign__ECL__r0/prefix_metrics.csv,,,,,,,
TimeAlign,ETTh1,0,96,0.3544098279609685,0.38724236928599703,2161,7,921ac2865fa61b34a2a69dc79d8c09ec9e6a48b80276ac7125f622dcb2058fd7,True,abca877cc1c3943d851b99b58baeb7a5705c4a4cf20300b9538a02b5853601b0,b590a6090b3a65c787c16fc456a4755e21437cae6aa27fe24d642afcc0ef5ae3,formal_H720_native_loader_exact_prefix_stream,False,,False,analysis/iscf_bsca_paper_experiment_consolidation_20260731/main_ii_h720_prefix_20260808/formal_results_20260809/formal_test_reused/TimeAlign__ETTh1__r0/prefix_metrics.csv,,,,,,,
TimeAlign,ETTh1,0,192,0.3819546055596794,0.40428759674699855,2161,7,921ac2865fa61b34a2a69dc79d8c09ec9e6a48b80276ac7125f622dcb2058fd7,True,fb8ddfd3b996b37431189816c1abcb565640eeb5cffb0eac080d463edd55728b,959273ad75cc833d516be6b68a907d80385c8c4b69a23fd524017606d2c1a8db,formal_H720_native_loader_exact_prefix_stream,False,,False,analysis/iscf_bsca_paper_experiment_consolidation_20260731/main_ii_h720_prefix_20260808/formal_results_20260809/formal_test_reused/TimeAlign__ETTh1__r0/prefix_metrics.csv,,,,,,,
TimeAlign,ETTh1,0,336,0.40261433840715977,0.4184379428407659,2161,7,921ac2865fa61b34a2a69dc79d8c09ec9e6a48b80276ac7125f622dcb2058fd7,True,aa0af939f2bcaf22ac71d0d9cde8d517bbb7f962d31b11bd8415e9dab4028740,d702764694b97ab8d8d1f3114c892096b0c8c27133c3af3a8c3f4f7dfa13aa7d,formal_H720_native_loader_exact_prefix_stream,False,,False,analysis/iscf_bsca_paper_experiment_consolidation_20260731/main_ii_h720_prefix_20260808/formal_results_20260809/formal_test_reused/TimeAlign__ETTh1__r0/prefix_metrics.csv,,,,,,,
TimeAlign,ETTh1,0,720,0.4589570351474607,0.46131452034960285,2161,7,921ac2865fa61b34a2a69dc79d8c09ec9e6a48b80276ac7125f622dcb2058fd7,True,bf28e1f0cc0942bab120388e0176fa989dd9320b622799811df74dd1fc431cde,011f2f68df1d439f9f6ad3376fb2d39695c099b42ce31da16d01babc70073d62,formal_H720_native_loader_exact_prefix_stream,False,,False,analysis/iscf_bsca_paper_experiment_consolidation_20260731/main_ii_h720_prefix_20260808/formal_results_20260809/formal_test_reused/TimeAlign__ETTh1__r0/prefix_metrics.csv,,,,,,,
TimeAlign,ETTh2,0,96,0.2525150595507215,0.3211850675070609,2161,7,84770002fb819ac65ba3769ef168ced5d8cf2d69f7e4b9a3a939280ab5a8d468,True,65e0e0621fe60886eab7fdbb3d796e5794b2699e5d8d47600c2cc0a1827cd97c,f31d9d22c48048bb61cad797dd54bbe25d7659fdc16568f1f96df9f19dd42960,formal_H720_native_loader_exact_prefix_stream,False,,False,analysis/iscf_bsca_paper_experiment_consolidation_20260731/main_ii_h720_prefix_20260808/formal_results_20260809/formal_test_reused/TimeAlign__ETTh2__r0/prefix_metrics.csv,,,,,,,
TimeAlign,ETTh2,0,192,0.294926285133986,0.3528513750947583,2161,7,84770002fb819ac65ba3769ef168ced5d8cf2d69f7e4b9a3a939280ab5a8d468,True,e715504b38becd24d9a7c9b784ce48483974782ac6a5dd3df62308549f374d13,8f5fad018d74bbe6d8b9f78ec864121d390b683e78c6c64eacfab8456aa67e20,formal_H720_native_loader_exact_prefix_stream,False,,False,analysis/iscf_bsca_paper_experiment_consolidation_20260731/main_ii_h720_prefix_20260808/formal_results_20260809/formal_test_reused/TimeAlign__ETTh2__r0/prefix_metrics.csv,,,,,,,
TimeAlign,ETTh2,0,336,0.32397200112125873,0.3780632690945459,2161,7,84770002fb819ac65ba3769ef168ced5d8cf2d69f7e4b9a3a939280ab5a8d468,True,e82d7b28162ce72b501a1dfbd325077cee42cf3356591c6636c3bfc9e75bd2df,4476054747221dd57fe8d028afebe2aeef12b6d6419d531215bb125f944ae873,formal_H720_native_loader_exact_prefix_stream,False,,False,analysis/iscf_bsca_paper_experiment_consolidation_20260731/main_ii_h720_prefix_20260808/formal_results_20260809/formal_test_reused/TimeAlign__ETTh2__r0/prefix_metrics.csv,,,,,,,
TimeAlign,ETTh2,0,720,0.40597445770895824,0.43642709509069244,2161,7,84770002fb819ac65ba3769ef168ced5d8cf2d69f7e4b9a3a939280ab5a8d468,True,1924b9668bd224a9e60b74aa82bbdcbe6954ac6ae68ce086371dbc6f1e79c2af,54e79c2d71f454b925b06f24fc07424541665f1167519ad75267a2d907554822,formal_H720_native_loader_exact_prefix_stream,False,,False,analysis/iscf_bsca_paper_experiment_consolidation_20260731/main_ii_h720_prefix_20260808/formal_results_20260809/formal_test_reused/TimeAlign__ETTh2__r0/prefix_metrics.csv,,,,,,,
TimeAlign,ETTm1,0,96,0.28164992752819223,0.3367204820051925,10801,7,f2bb0a8081f0cca11c14f44211987f4dcdbf86f91b1c15b7b350d2defa01dbf7,True,8eae805ab43db275688f6fc1cb5619fc35de55f293bbdaa81f20e7d0f51f31a3,93fc0347ebcc5ca69ca44c0fe2741c07884135f25035392279128323e0fa15ac,formal_H720_native_loader_exact_prefix_stream,False,,False,analysis/iscf_bsca_paper_experiment_consolidation_20260731/main_ii_h720_prefix_20260808/formal_results_20260809/formal_test_reused/TimeAlign__ETTm1__r0/prefix_metrics.csv,,,,,,,
TimeAlign,ETTm1,0,192,0.31358358542033904,0.3557297375958764,10801,7,f2bb0a8081f0cca11c14f44211987f4dcdbf86f91b1c15b7b350d2defa01dbf7,True,47a220185b51b3b893328a35b1872721916b2fc378e025f7006ca82af1aa0c2d,1c8540fc648783c515df940c76a4eedd0e411ddc9b34353d1de4ece0350522bd,formal_H720_native_loader_exact_prefix_stream,False,,False,analysis/iscf_bsca_paper_experiment_consolidation_20260731/main_ii_h720_prefix_20260808/formal_results_20260809/formal_test_reused/TimeAlign__ETTm1__r0/prefix_metrics.csv,,,,,,,
TimeAlign,ETTm1,0,336,0.3498354265804071,0.3756633841671725,10801,7,f2bb0a8081f0cca11c14f44211987f4dcdbf86f91b1c15b7b350d2defa01dbf7,True,e57a44114f20099b19f0faaa0b8cc3f4e3246477386560f2c988d3c2cb7d32e1,a9d77a7555e7a353047b66bdedec04fec2e6586b716b2c49d400150cecb121e5,formal_H720_native_loader_exact_prefix_stream,False,,False,analysis/iscf_bsca_paper_experiment_consolidation_20260731/main_ii_h720_prefix_20260808/formal_results_20260809/formal_test_reused/TimeAlign__ETTm1__r0/prefix_metrics.csv,,,,,,,
TimeAlign,ETTm1,0,720,0.4062431097581435,0.405439138169616,10801,7,f2bb0a8081f0cca11c14f44211987f4dcdbf86f91b1c15b7b350d2defa01dbf7,True,667aea654aff1aca2e3d7023b1fe41b1fda206a3208a297642cc4532b1e5832f,2c8b00914335e50e8b8e33e30a5d610e52c58564b7deaa0ec7c1eca1e8868b96,formal_H720_native_loader_exact_prefix_stream,False,,False,analysis/iscf_bsca_paper_experiment_consolidation_20260731/main_ii_h720_prefix_20260808/formal_results_20260809/formal_test_reused/TimeAlign__ETTm1__r0/prefix_metrics.csv,,,,,,,
TimeAlign,ETTm2,0,96,0.1673825024028487,0.2528691112223863,10801,7,9739c9511b727adbcb5b0689c704d1ee4c8f60249f56f7dc1cfe60d28c960dc9,True,a4efe119d8ed4ceb6549e42924fdb85d586a070e52b464cb5ad9e4dc5337308b,a5ab49b3eafd1860329bf67ed1a7d3612a56a8de06c0a7a7fbd4e2b1a47aa7fb,formal_H720_native_loader_exact_prefix_stream,False,,False,analysis/iscf_bsca_paper_experiment_consolidation_20260731/main_ii_h720_prefix_20260808/formal_results_20260809/formal_test_reused/TimeAlign__ETTm2__r0/prefix_metrics.csv,,,,,,,
TimeAlign,ETTm2,0,192,0.21933174441809805,0.2873096837657377,10801,7,9739c9511b727adbcb5b0689c704d1ee4c8f60249f56f7dc1cfe60d28c960dc9,True,75a0ad2a8f2a6e553718c8a01e7f6d1a88511ed83e3670001fdfaee9f7b7582a,bb30d0728baae797d8f618f124b965382841a547017154a3505a5dc7d001dd71,formal_H720_native_loader_exact_prefix_stream,False,,False,analysis/iscf_bsca_paper_experiment_consolidation_20260731/main_ii_h720_prefix_20260808/formal_results_20260809/formal_test_reused/TimeAlign__ETTm2__r0/prefix_metrics.csv,,,,,,,
TimeAlign,ETTm2,0,336,0.26907534770651986,0.3202559185405168,10801,7,9739c9511b727adbcb5b0689c704d1ee4c8f60249f56f7dc1cfe60d28c960dc9,True,6ccef2cafa05eed1fb71d0d7d6ae1e9f2e84fa4e6201a7288e06b1ad191a8e22,6e2dd90d25bf98ab202385d631bd568ee0e33072bb0bfe00ba9bb2e80a98dc3f,formal_H720_native_loader_exact_prefix_stream,False,,False,analysis/iscf_bsca_paper_experiment_consolidation_20260731/main_ii_h720_prefix_20260808/formal_results_20260809/formal_test_reused/TimeAlign__ETTm2__r0/prefix_metrics.csv,,,,,,,
TimeAlign,ETTm2,0,720,0.3429375012622404,0.3713850704641027,10801,7,9739c9511b727adbcb5b0689c704d1ee4c8f60249f56f7dc1cfe60d28c960dc9,True,ac6c211423e0f14bdb790df28cf7d044dad1eda9504f42d9d3b6e6d4b9f0d6c1,0a83b0ed00734af6a442fb364d4ef6f5fa179f0363661fb5e1a5b5098244aeaf,formal_H720_native_loader_exact_prefix_stream,False,,False,analysis/iscf_bsca_paper_experiment_consolidation_20260731/main_ii_h720_prefix_20260808/formal_results_20260809/formal_test_reused/TimeAlign__ETTm2__r0/prefix_metrics.csv,,,,,,,
TimeAlign,Solar,0,96,0.17343854921637103,0.20651802436138192,9793,137,83813f4d303829ed2d90913b8ddb77b7a6242574f19426ded8c71c7a8a4e3f29,True,9fdc4f030cb7ac778ff0c8180cb05df5dca1118d4f0af92d3b43ff82df59ad85,8050da4fc844008251815fe0ba92329279c72166b369ef948a123f67e102eaf4,formal_H720_native_loader_exact_prefix_stream,False,,False,analysis/iscf_bsca_paper_experiment_consolidation_20260731/main_ii_h720_prefix_20260808/formal_results_20260809/formal_test_reused/TimeAlign__Solar__r0/prefix_metrics.csv,,,,,official_numpy_step_mean_float32_cumsum_float64,0.17343965828308602,0.20651805843597357
TimeAlign,Solar,0,192,0.18770999190746807,0.2154424242520084,9793,137,83813f4d303829ed2d90913b8ddb77b7a6242574f19426ded8c71c7a8a4e3f29,True,8ad6522924e291005bc7668e407cd83fcb5e671a9478b34f88bca8923b0622ff,48d99961077d75ef3355db95239139c18b9807a2e888373ba66030fcf1730fc2,formal_H720_native_loader_exact_prefix_stream,False,,False,analysis/iscf_bsca_paper_experiment_consolidation_20260731/main_ii_h720_prefix_20260808/formal_results_20260809/formal_test_reused/TimeAlign__Solar__r0/prefix_metrics.csv,,,,,official_numpy_step_mean_float32_cumsum_float64,0.18771140597446553,0.21544242985759518
TimeAlign,Solar,0,336,0.1968743119089465,0.22076185180672578,9793,137,83813f4d303829ed2d90913b8ddb77b7a6242574f19426ded8c71c7a8a4e3f29,True,7479bfcf162e470c4bf283718654f61459d7aa0eba9a3a9dc1dd76e28a19581e,5b83600f3c27873d73b95321d49a34f9cfedf0591b7215dc939f3775ecb82c29,formal_H720_native_loader_exact_prefix_stream,False,,False,analysis/iscf_bsca_paper_experiment_consolidation_20260731/main_ii_h720_prefix_20260808/formal_results_20260809/formal_test_reused/TimeAlign__Solar__r0/prefix_metrics.csv,,,,,official_numpy_step_mean_float32_cumsum_float64,0.19687624657739167,0.22076186621703853
TimeAlign,Solar,0,720,0.20081911921345938,0.22318663704726432,9793,137,83813f4d303829ed2d90913b8ddb77b7a6242574f19426ded8c71c7a8a4e3f29,True,1219c598ca4ec17c60c9591eb97c5371c03da80300d33622df1464def84bc66c,e78af3146affcfe440ad488848ea1d82259ca4fb28452433a7a4605b9eacb5b2,formal_H720_native_loader_exact_prefix_stream,False,,False,analysis/iscf_bsca_paper_experiment_consolidation_20260731/main_ii_h720_prefix_20260808/formal_results_20260809/formal_test_reused/TimeAlign__Solar__r0/prefix_metrics.csv,,,,,official_numpy_step_mean_float32_cumsum_float64,0.20082136691375135,0.22318664852548298
TimeAlign,Weather,0,96,0.14304251747306188,0.1843429427315412,9820,21,f7e69093c808919e30071a5f271fea73df3b67230633ea221cb505e3069d29b3,True,e0ab9ac807f7ebda3881af93482f8678e7d2fc453702aebc45fb5e6af6fb1a15,8f23ecf3087af1be98793b498abb765e9ee258880fb84ad3b0c91cbace668758,formal_H720_native_loader_exact_prefix_stream,False,,False,analysis/iscf_bsca_paper_experiment_consolidation_20260731/main_ii_h720_prefix_20260808/formal_results_20260809/formal_test_reused/TimeAlign__Weather__r0/prefix_metrics.csv,,,,,,,
TimeAlign,Weather,0,192,0.18499257391100468,0.22607498716453273,9820,21,f7e69093c808919e30071a5f271fea73df3b67230633ea221cb505e3069d29b3,True,415cb67bb90892615ffca8b8db6bd7262e4b3206dbfd7f3a74672b819b6637bf,6e1174b3ebc396fbf33022548df163ac59589e515313675d2f8b7e55eba57dbd,formal_H720_native_loader_exact_prefix_stream,False,,False,analysis/iscf_bsca_paper_experiment_consolidation_20260731/main_ii_h720_prefix_20260808/formal_results_20260809/formal_test_reused/TimeAlign__Weather__r0/prefix_metrics.csv,,,,,,,
TimeAlign,Weather,0,336,0.23491789695796525,0.2667224668104687,9820,21,f7e69093c808919e30071a5f271fea73df3b67230633ea221cb505e3069d29b3,True,2bbe6207d8f7c411e6ef62c6a3a62d7a79a2a1ddf0a7907ea9abaf3b42516c0e,1178ded3ebd444f6d68cb2ebb90f12bc0f2a2a09d974a50c9a9429115d050b52,formal_H720_native_loader_exact_prefix_stream,False,,False,analysis/iscf_bsca_paper_experiment_consolidation_20260731/main_ii_h720_prefix_20260808/formal_results_20260809/formal_test_reused/TimeAlign__Weather__r0/prefix_metrics.csv,,,,,,,
TimeAlign,Weather,0,720,0.3073086361568076,0.317576510436919,9820,21,f7e69093c808919e30071a5f271fea73df3b67230633ea221cb505e3069d29b3,True,6140ca7733998a55787c383caca83a589b565581762cab7fe13f92414824c346,bbc080ed09902e06772202dd6f092c1b7e108b656151bc2d6d366cdde2063472,formal_H720_native_loader_exact_prefix_stream,False,,False,analysis/iscf_bsca_paper_experiment_consolidation_20260731/main_ii_h720_prefix_20260808/formal_results_20260809/formal_test_reused/TimeAlign__Weather__r0/prefix_metrics.csv,,,,,,,
DLinear,ECL,0,96,0.12834613691619287,0.23195451960318886,4541,321,c49661eb9bd64e87fcaf4fbb1aae4974a820c5d081176d514435848c82b404cd,True,b1b209a13e9b4dcf20a1752bb3bf30670a21f5c411f605ab5d5142b2dd26b76c,4a60c96c470b7e965481c471d471a32a36dd115a504e01b64a65e6c4007acf04,formal_H720_native_loader_exact_prefix,False,,False,analysis/iscf_bsca_paper_experiment_consolidation_20260731/main_ii_h720_prefix_20260808/formal_results_20260809/formal_test_new/DLinear__ECL/prefix/prefix_metrics.csv,,,,,,,
DLinear,ECL,0,192,0.1439499437155356,0.2465073106988779,4541,321,c49661eb9bd64e87fcaf4fbb1aae4974a820c5d081176d514435848c82b404cd,True,43d734110c51bd641c472a6116f3c3995d6583be59537edb22d1cc8fcb9dae36,735e79610818c3862a4d1b73e12125a271dc191a40877c825d7933beddc71c98,formal_H720_native_loader_exact_prefix,False,,False,analysis/iscf_bsca_paper_experiment_consolidation_20260731/main_ii_h720_prefix_20260808/formal_results_20260809/formal_test_new/DLinear__ECL/prefix/prefix_metrics.csv,,,,,,,
DLinear,ECL,0,336,0.16315797029646115,0.26549758615852764,4541,321,c49661eb9bd64e87fcaf4fbb1aae4974a820c5d081176d514435848c82b404cd,True,6b6436988eeeef91060b080de86fb0467361af402559af277f48467dcd478c2a,f0ba39907fe2eae542a43315653ad1ca18492db980ea4b0ebe5ae59f19735909,formal_H720_native_loader_exact_prefix,False,,False,analysis/iscf_bsca_paper_experiment_consolidation_20260731/main_ii_h720_prefix_20260808/formal_results_20260809/formal_test_new/DLinear__ECL/prefix/prefix_metrics.csv,,,,,,,
DLinear,ECL,0,720,0.20390152018671379,0.3011989567696195,4541,321,c49661eb9bd64e87fcaf4fbb1aae4974a820c5d081176d514435848c82b404cd,True,c68bbb754b799790e3838ac56fa16d26f159d96e8005bb46bf4f682dd74ef739,7820e9acfd5b698218b02504f4db9a879bc96413bbbfac167283c364055dbec5,formal_H720_native_loader_exact_prefix,False,,False,analysis/iscf_bsca_paper_experiment_consolidation_20260731/main_ii_h720_prefix_20260808/formal_results_20260809/formal_test_new/DLinear__ECL/prefix/prefix_metrics.csv,,,,,,,
DLinear,ETTh1,0,96,0.39647049869536766,0.42527059502550885,2161,7,4fe933c04f6cffdd68781fc2c6a9f3d1fe27bc344ad73d66faf035a51fcdd32b,True,8749c188ea39a930780ab10b90cdef67c0304f7a8016f20f56ab902f88557b16,b590a6090b3a65c787c16fc456a4755e21437cae6aa27fe24d642afcc0ef5ae3,formal_H720_native_loader_exact_prefix,False,,False,analysis/iscf_bsca_paper_experiment_consolidation_20260731/main_ii_h720_prefix_20260808/formal_results_20260809/formal_test_new/DLinear__ETTh1/prefix/prefix_metrics.csv,,,,,,,
DLinear,ETTh1,0,192,0.4364057268993724,0.45339442096776716,2161,7,4fe933c04f6cffdd68781fc2c6a9f3d1fe27bc344ad73d66faf035a51fcdd32b,True,b2016211051fb07a635766f882fd36b02382948ef1ae0dfe9efd20e5393a80e9,959273ad75cc833d516be6b68a907d80385c8c4b69a23fd524017606d2c1a8db,formal_H720_native_loader_exact_prefix,False,,False,analysis/iscf_bsca_paper_experiment_consolidation_20260731/main_ii_h720_prefix_20260808/formal_results_20260809/formal_test_new/DLinear__ETTh1/prefix/prefix_metrics.csv,,,,,,,
DLinear,ETTh1,0,336,0.4549279980478056,0.46990461966738073,2161,7,4fe933c04f6cffdd68781fc2c6a9f3d1fe27bc344ad73d66faf035a51fcdd32b,True,047c8286423ba1c74fcf8a73b68c2f2f8b04807820e9e44af121956040e5125b,d702764694b97ab8d8d1f3114c892096b0c8c27133c3af3a8c3f4f7dfa13aa7d,formal_H720_native_loader_exact_prefix,False,,False,analysis/iscf_bsca_paper_experiment_consolidation_20260731/main_ii_h720_prefix_20260808/formal_results_20260809/formal_test_new/DLinear__ETTh1/prefix/prefix_metrics.csv,,,,,,,
DLinear,ETTh1,0,720,0.537790435427071,0.5380031065415225,2161,7,4fe933c04f6cffdd68781fc2c6a9f3d1fe27bc344ad73d66faf035a51fcdd32b,True,12d45cdeefad410c9b747394d23f01f0c735fdd1df1a38d6d0641af32bb64df8,011f2f68df1d439f9f6ad3376fb2d39695c099b42ce31da16d01babc70073d62,formal_H720_native_loader_exact_prefix,False,,False,analysis/iscf_bsca_paper_experiment_consolidation_20260731/main_ii_h720_prefix_20260808/formal_results_20260809/formal_test_new/DLinear__ETTh1/prefix/prefix_metrics.csv,,,,,,,
DLinear,ETTh2,0,96,0.28738832176028556,0.3591758871866316,2161,7,01b9b886ee850ec90aa91c0490075c8630fde81c615b8003d40b199b35de9a43,True,033cd168fdc357840a9c9367c15ede33365010fdfd9305445e4e423053b70a34,f31d9d22c48048bb61cad797dd54bbe25d7659fdc16568f1f96df9f19dd42960,formal_H720_native_loader_exact_prefix,False,,False,analysis/iscf_bsca_paper_experiment_consolidation_20260731/main_ii_h720_prefix_20260808/formal_results_20260809/formal_test_new/DLinear__ETTh2/prefix/prefix_metrics.csv,,,,,,,
DLinear,ETTh2,0,192,0.31360941755554306,0.3776542389393495,2161,7,01b9b886ee850ec90aa91c0490075c8630fde81c615b8003d40b199b35de9a43,True,304a1f5c75d83424c9d9e0b6016eb2d33de297bfd5e05aa54a203e0faa3c98bb,8f5fad018d74bbe6d8b9f78ec864121d390b683e78c6c64eacfab8456aa67e20,formal_H720_native_loader_exact_prefix,False,,False,analysis/iscf_bsca_paper_experiment_consolidation_20260731/main_ii_h720_prefix_20260808/formal_results_20260809/formal_test_new/DLinear__ETTh2/prefix/prefix_metrics.csv,,,,,,,
DLinear,ETTh2,0,336,0.33548490734874264,0.39811327586301065,2161,7,01b9b886ee850ec90aa91c0490075c8630fde81c615b8003d40b199b35de9a43,True,8ad67ee077aba10918a7c6b73d575a905d9b95d3e6129ba5eac0380b18002867,4476054747221dd57fe8d028afebe2aeef12b6d6419d531215bb125f944ae873,formal_H720_native_loader_exact_prefix,False,,False,analysis/iscf_bsca_paper_experiment_consolidation_20260731/main_ii_h720_prefix_20260808/formal_results_20260809/formal_test_new/DLinear__ETTh2/prefix/prefix_metrics.csv,,,,,,,
DLinear,ETTh2,0,720,0.5843532290643729,0.5433148744187083,2161,7,01b9b886ee850ec90aa91c0490075c8630fde81c615b8003d40b199b35de9a43,True,122ee1ba476d9c596fffcaec7fcc637d7a092b6d1c473ac7bc4bfc6ff5c09b6c,54e79c2d71f454b925b06f24fc07424541665f1167519ad75267a2d907554822,formal_H720_native_loader_exact_prefix,False,,False,analysis/iscf_bsca_paper_experiment_consolidation_20260731/main_ii_h720_prefix_20260808/formal_results_20260809/formal_test_new/DLinear__ETTh2/prefix/prefix_metrics.csv,,,,,,,
DLinear,ETTm1,0,96,0.2948757329071896,0.34655028288613654,10801,7,3eb5b1ee7c999decc473f3e81745a803d2548d93bae98e83e1f50fa00bfc86fe,True,9019335830867383582c116a17c46518e5ff8160f5e06ab682ca6f47e63bde76,93fc0347ebcc5ca69ca44c0fe2741c07884135f25035392279128323e0fa15ac,formal_H720_native_loader_exact_prefix,False,,False,analysis/iscf_bsca_paper_experiment_consolidation_20260731/main_ii_h720_prefix_20260808/formal_results_20260809/formal_test_new/DLinear__ETTm1/prefix/prefix_metrics.csv,,,,,,,
DLinear,ETTm1,0,192,0.3288278057625504,0.3663508090308393,10801,7,3eb5b1ee7c999decc473f3e81745a803d2548d93bae98e83e1f50fa00bfc86fe,True,63c639bbbc719e27722a6ac03b90d5a0a303c023404a8a6eb0e964f14b763321,1c8540fc648783c515df940c76a4eedd0e411ddc9b34353d1de4ece0350522bd,formal_H720_native_loader_exact_prefix,False,,False,analysis/iscf_bsca_paper_experiment_consolidation_20260731/main_ii_h720_prefix_20260808/formal_results_20260809/formal_test_new/DLinear__ETTm1/prefix/prefix_metrics.csv,,,,,,,
DLinear,ETTm1,0,336,0.36741011772994675,0.3874536540864356,10801,7,3eb5b1ee7c999decc473f3e81745a803d2548d93bae98e83e1f50fa00bfc86fe,True,d95240ad90fb887ac6f46352ddb571df71ea89ad4a120f17d29091afb6329c39,a9d77a7555e7a353047b66bdedec04fec2e6586b716b2c49d400150cecb121e5,formal_H720_native_loader_exact_prefix,False,,False,analysis/iscf_bsca_paper_experiment_consolidation_20260731/main_ii_h720_prefix_20260808/formal_results_20260809/formal_test_new/DLinear__ETTm1/prefix/prefix_metrics.csv,,,,,,,
DLinear,ETTm1,0,720,0.4271246087250689,0.42267383501247413,10801,7,3eb5b1ee7c999decc473f3e81745a803d2548d93bae98e83e1f50fa00bfc86fe,True,10694bb3d827e3fd8d36f99472c20aaacbff4cf1a532d4b30340fdc2e2889a8e,2c8b00914335e50e8b8e33e30a5d610e52c58564b7deaa0ec7c1eca1e8868b96,formal_H720_native_loader_exact_prefix,False,,False,analysis/iscf_bsca_paper_experiment_consolidation_20260731/main_ii_h720_prefix_20260808/formal_results_20260809/formal_test_new/DLinear__ETTm1/prefix/prefix_metrics.csv,,,,,,,
DLinear,ETTm2,0,96,0.19238919280275432,0.2914287678361261,10801,7,bfaa451d2d6f42ac63f6c3b60edd919d77a92cde4c55fe8827e916f727cfab05,True,6ea17aa983c65d544a97349f055dc0e8091293a585f54d070b9beac02838720e,a5ab49b3eafd1860329bf67ed1a7d3612a56a8de06c0a7a7fbd4e2b1a47aa7fb,formal_H720_native_loader_exact_prefix,False,,False,analysis/iscf_bsca_paper_experiment_consolidation_20260731/main_ii_h720_prefix_20260808/formal_results_20260809/formal_test_new/DLinear__ETTm2/prefix/prefix_metrics.csv,,,,,,,
DLinear,ETTm2,0,192,0.2611124267057869,0.3412295992576825,10801,7,bfaa451d2d6f42ac63f6c3b60edd919d77a92cde4c55fe8827e916f727cfab05,True,c13d843be832ee9ad149fc26d587a0c71725bf9eb1b97b37c4216111fdddfeb3,bb30d0728baae797d8f618f124b965382841a547017154a3505a5dc7d001dd71,formal_H720_native_loader_exact_prefix,False,,False,analysis/iscf_bsca_paper_experiment_consolidation_20260731/main_ii_h720_prefix_20260808/formal_results_20260809/formal_test_new/DLinear__ETTm2/prefix/prefix_metrics.csv,,,,,,,
DLinear,ETTm2,0,336,0.3244865864275399,0.38349664229931235,10801,7,bfaa451d2d6f42ac63f6c3b60edd919d77a92cde4c55fe8827e916f727cfab05,True,6f7747d06a16808c9aadb4e9514b8d071c35853c6072ff2275d4db47f73fa0cd,6e2dd90d25bf98ab202385d631bd568ee0e33072bb0bfe00ba9bb2e80a98dc3f,formal_H720_native_loader_exact_prefix,False,,False,analysis/iscf_bsca_paper_experiment_consolidation_20260731/main_ii_h720_prefix_20260808/formal_results_20260809/formal_test_new/DLinear__ETTm2/prefix/prefix_metrics.csv,,,,,,,
DLinear,ETTm2,0,720,0.4029211847615784,0.427979419254925,10801,7,bfaa451d2d6f42ac63f6c3b60edd919d77a92cde4c55fe8827e916f727cfab05,True,3c272e496f9427a47fe30e55705ba18a2c0752a5a5385e2fefcd7d1054e91d8d,0a83b0ed00734af6a442fb364d4ef6f5fa179f0363661fb5e1a5b5098244aeaf,formal_H720_native_loader_exact_prefix,False,,False,analysis/iscf_bsca_paper_experiment_consolidation_20260731/main_ii_h720_prefix_20260808/formal_results_20260809/formal_test_new/DLinear__ETTm2/prefix/prefix_metrics.csv,,,,,,,
DLinear,Solar,0,96,0.21669429446237543,0.28676019165059036,9793,137,de7bb49c7ae3600c300b5cb3aef31bc6ae4afe55e0955229a9ea6e2abdf8bee3,True,413d2e80387805ce9a48174ba65f6bb90bcf6c7975820fc55d90c66b95c515d8,8050da4fc844008251815fe0ba92329279c72166b369ef948a123f67e102eaf4,formal_H720_native_loader_exact_prefix,False,,False,analysis/iscf_bsca_paper_experiment_consolidation_20260731/main_ii_h720_prefix_20260808/formal_results_20260809/formal_test_new/DLinear__Solar/prefix/prefix_metrics.csv,,,,,,,
DLinear,Solar,0,192,0.24375326418952678,0.3050648886417097,9793,137,de7bb49c7ae3600c300b5cb3aef31bc6ae4afe55e0955229a9ea6e2abdf8bee3,True,5e075870246360b4b898847efad6cc94c38f7b6820ef562c927310b680b970c7,48d99961077d75ef3355db95239139c18b9807a2e888373ba66030fcf1730fc2,formal_H720_native_loader_exact_prefix,False,,False,analysis/iscf_bsca_paper_experiment_consolidation_20260731/main_ii_h720_prefix_20260808/formal_results_20260809/formal_test_new/DLinear__Solar/prefix/prefix_metrics.csv,,,,,,,
DLinear,Solar,0,336,0.2654122235746771,0.3211684908146373,9793,137,de7bb49c7ae3600c300b5cb3aef31bc6ae4afe55e0955229a9ea6e2abdf8bee3,True,ff91f556bb1619cf50322d555e771948a069ddbd672f2c9c96d1d0124f810402,5b83600f3c27873d73b95321d49a34f9cfedf0591b7215dc939f3775ecb82c29,formal_H720_native_loader_exact_prefix,False,,False,analysis/iscf_bsca_paper_experiment_consolidation_20260731/main_ii_h720_prefix_20260808/formal_results_20260809/formal_test_new/DLinear__Solar/prefix/prefix_metrics.csv,,,,,,,
DLinear,Solar,0,720,0.2708660834846778,0.3274722590788681,9793,137,de7bb49c7ae3600c300b5cb3aef31bc6ae4afe55e0955229a9ea6e2abdf8bee3,True,229a63928c1cacbcc59e95eb94a1195c8d3e42ddbaafbb0874d28b18e43750ce,e78af3146affcfe440ad488848ea1d82259ca4fb28452433a7a4605b9eacb5b2,formal_H720_native_loader_exact_prefix,False,,False,analysis/iscf_bsca_paper_experiment_consolidation_20260731/main_ii_h720_prefix_20260808/formal_results_20260809/formal_test_new/DLinear__Solar/prefix/prefix_metrics.csv,,,,,,,
DLinear,Weather,0,96,0.17314683205109632,0.23960681822249852,9820,21,a25d567686dd8daa9ad2ed12b43d8ca1362a665977b32c4fe0a1fea224000911,True,f2fb240858c40cf57bf23ddfa5b15343df54add806f7015b9c5bfbe7abc94fde,8f23ecf3087af1be98793b498abb765e9ee258880fb84ad3b0c91cbace668758,formal_H720_native_loader_exact_prefix,False,,False,analysis/iscf_bsca_paper_experiment_consolidation_20260731/main_ii_h720_prefix_20260808/formal_results_20260809/formal_test_new/DLinear__Weather/prefix/prefix_metrics.csv,,,,,,,
DLinear,Weather,0,192,0.21300200721060364,0.2778199710329993,9820,21,a25d567686dd8daa9ad2ed12b43d8ca1362a665977b32c4fe0a1fea224000911,True,a034147a1e9db5633690c5f0154ca40b24f724bca81353a8d1b597c38ef89b0a,6e1174b3ebc396fbf33022548df163ac59589e515313675d2f8b7e55eba57dbd,formal_H720_native_loader_exact_prefix,False,,False,analysis/iscf_bsca_paper_experiment_consolidation_20260731/main_ii_h720_prefix_20260808/formal_results_20260809/formal_test_new/DLinear__Weather/prefix/prefix_metrics.csv,,,,,,,
DLinear,Weather,0,336,0.2596226274041605,0.3169185839742675,9820,21,a25d567686dd8daa9ad2ed12b43d8ca1362a665977b32c4fe0a1fea224000911,True,cd80ebd0cf9caa6607b366e8ae4a043793fefe51b72feada60f32e3946b3ac48,1178ded3ebd444f6d68cb2ebb90f12bc0f2a2a09d974a50c9a9429115d050b52,formal_H720_native_loader_exact_prefix,False,,False,analysis/iscf_bsca_paper_experiment_consolidation_20260731/main_ii_h720_prefix_20260808/formal_results_20260809/formal_test_new/DLinear__Weather/prefix/prefix_metrics.csv,,,,,,,
DLinear,Weather,0,720,0.3282086409788405,0.36948836082227016,9820,21,a25d567686dd8daa9ad2ed12b43d8ca1362a665977b32c4fe0a1fea224000911,True,2fdd0265d8d9bcb85cefaf5e5389f088a055272d916b30a3b6e8fec5aab75fa9,bbc080ed09902e06772202dd6f092c1b7e108b656151bc2d6d366cdde2063472,formal_H720_native_loader_exact_prefix,False,,False,analysis/iscf_bsca_paper_experiment_consolidation_20260731/main_ii_h720_prefix_20260808/formal_results_20260809/formal_test_new/DLinear__Weather/prefix/prefix_metrics.csv,,,,,,,
PatchTST,ECL,0,96,0.12062449767366677,0.22240049397211506,4512,321,6d4629f5f7676851b3872c89afa750fbff5f384dc106c3eeb25f052bc87b8edc,True,239840abeaeae59f2f16145a14611b94f924a27025b6befd075050167a59a154,be510d822ba0e9d31fd74b83c3fc7112d6e77ac7f5a5dc02602ba39959396643,formal_H720_native_loader_exact_prefix,False,,False,analysis/iscf_bsca_paper_experiment_consolidation_20260731/main_ii_h720_prefix_20260808/formal_results_20260809/formal_test_new/PatchTST__ECL/prefix/prefix_metrics.csv,,,,,,,
PatchTST,ECL,0,192,0.1389282312808766,0.23897370532611184,4512,321,6d4629f5f7676851b3872c89afa750fbff5f384dc106c3eeb25f052bc87b8edc,True,2023ee20edcc4e5288891456483d45c9cb4de2a2c2133c741895df5e5e0ca616,0f3dc8846cbb4b86f6d1429db3cbd1699d204f08d9fd35add218592d0c7e026c,formal_H720_native_loader_exact_prefix,False,,False,analysis/iscf_bsca_paper_experiment_consolidation_20260731/main_ii_h720_prefix_20260808/formal_results_20260809/formal_test_new/PatchTST__ECL/prefix/prefix_metrics.csv,,,,,,,
PatchTST,ECL,0,336,0.15884297982365303,0.25730491895657703,4512,321,6d4629f5f7676851b3872c89afa750fbff5f384dc106c3eeb25f052bc87b8edc,True,9a1a602c044c4130011312c5d189049eb7e82ab807688d57b00da39596dda98e,44d6b70239781ef1cf2192fe3ee9475b576214f54878a87a4e8e241fd45e72bd,formal_H720_native_loader_exact_prefix,False,,False,analysis/iscf_bsca_paper_experiment_consolidation_20260731/main_ii_h720_prefix_20260808/formal_results_20260809/formal_test_new/PatchTST__ECL/prefix/prefix_metrics.csv,,,,,,,
PatchTST,ECL,0,720,0.2011319342064936,0.291238910460888,4512,321,6d4629f5f7676851b3872c89afa750fbff5f384dc106c3eeb25f052bc87b8edc,True,f6ab4cb2b9d99806f570ae00b5126613639283fe40b4a1116b9255752db4e942,2157829f302407393a5e8a44e9727fee7dca1def3b2df0fad1c678f988acc9e6,formal_H720_native_loader_exact_prefix,False,,False,analysis/iscf_bsca_paper_experiment_consolidation_20260731/main_ii_h720_prefix_20260808/formal_results_20260809/formal_test_new/PatchTST__ECL/prefix/prefix_metrics.csv,,,,,,,
PatchTST,ETTh1,0,96,0.37290572947182815,0.4016005962984858,2048,7,d9eac710012953526373f5229798d4fb4bbe97e8ef33eaa1537df76a7f5a8511,True,d5a93098ede40534b996c029282fb1305e51b3b0aebab2bfd207e16414b585d4,6dff805f328b93ee45a263fc9f68226bcf1dcf4cb77764affe12a1bd64da5798,formal_H720_native_loader_exact_prefix,False,,False,analysis/iscf_bsca_paper_experiment_consolidation_20260731/main_ii_h720_prefix_20260808/formal_results_20260809/formal_test_new/PatchTST__ETTh1/prefix/prefix_metrics.csv,,,,,,,
PatchTST,ETTh1,0,192,0.3883174344326455,0.4111624347925718,2048,7,d9eac710012953526373f5229798d4fb4bbe97e8ef33eaa1537df76a7f5a8511,True,d6fa8cfc4598e6e4d29f9a15ee54831a64f216653410ad66e505286f1b25d8fd,b76105a0335b75e09736da8e67e12d130bbe14aec4c1afdb24d83fdd174bb3b5,formal_H720_native_loader_exact_prefix,False,,False,analysis/iscf_bsca_paper_experiment_consolidation_20260731/main_ii_h720_prefix_20260808/formal_results_20260809/formal_test_new/PatchTST__ETTh1/prefix/prefix_metrics.csv,,,,,,,
PatchTST,ETTh1,0,336,0.4036973683465971,0.4260288335857736,2048,7,d9eac710012953526373f5229798d4fb4bbe97e8ef33eaa1537df76a7f5a8511,True,00c2e585d8f1cfdf89dfecd91147e95a8521039e4517326cdcdb670511ae221c,ba4c259470466dc80d1b7b6cefb2c3a2efbb95ffb0f23576044ee28b2c4190cb,formal_H720_native_loader_exact_prefix,False,,False,analysis/iscf_bsca_paper_experiment_consolidation_20260731/main_ii_h720_prefix_20260808/formal_results_20260809/formal_test_new/PatchTST__ETTh1/prefix/prefix_metrics.csv,,,,,,,
PatchTST,ETTh1,0,720,0.4552059014759845,0.4691205727876147,2048,7,d9eac710012953526373f5229798d4fb4bbe97e8ef33eaa1537df76a7f5a8511,True,0f46e5ea7bb51cd0aa9961f5cce9fb920999fbf9946eec300ddae43f67b2c43e,ec97a2c0ffcb5ff9219d5a34b2443f42dbd5fcc436e55ad93c34caa99d195b3b,formal_H720_native_loader_exact_prefix,False,,False,analysis/iscf_bsca_paper_experiment_consolidation_20260731/main_ii_h720_prefix_20260808/formal_results_20260809/formal_test_new/PatchTST__ETTh1/prefix/prefix_metrics.csv,,,,,,,
PatchTST,ETTh2,0,96,0.2206344814077798,0.3033046939884068,2048,7,a55f3c8f27f45e6428d7ff2face1d37407697100e6cc5a2b550490ed892d5360,True,4b0e94b0945d912d6b11bae351b1833c61de869a3ed60ec7a8f5a2b5b627a539,e4250b16a786b88d0a3bc7b8ea1c51984d4a76920f17ec2e9934f9ac1f2572c7,formal_H720_native_loader_exact_prefix,False,,False,analysis/iscf_bsca_paper_experiment_consolidation_20260731/main_ii_h720_prefix_20260808/formal_results_20260809/formal_test_new/PatchTST__ETTh2/prefix/prefix_metrics.csv,,,,,,,
PatchTST,ETTh2,0,192,0.26732891732322195,0.33679931790593354,2048,7,a55f3c8f27f45e6428d7ff2face1d37407697100e6cc5a2b550490ed892d5360,True,4b54000d78105100369785dac469adf1fa2a67daa949708e9c0127a262667358,ce3e975cc9afb82fae3832bbf0453cd2b3410494210f6c4c7e9a363db44e5957,formal_H720_native_loader_exact_prefix,False,,False,analysis/iscf_bsca_paper_experiment_consolidation_20260731/main_ii_h720_prefix_20260808/formal_results_20260809/formal_test_new/PatchTST__ETTh2/prefix/prefix_metrics.csv,,,,,,,
PatchTST,ETTh2,0,336,0.303577511577557,0.36700178270012007,2048,7,a55f3c8f27f45e6428d7ff2face1d37407697100e6cc5a2b550490ed892d5360,True,d78ed6975c358e318ae57c03f1dc294894f3f8884af9db375f2804ac91d19585,7ec52e7ed64b119688e774822cd55c3c219bf4c82a46b2e79cae2a0039de396b,formal_H720_native_loader_exact_prefix,False,,False,analysis/iscf_bsca_paper_experiment_consolidation_20260731/main_ii_h720_prefix_20260808/formal_results_20260809/formal_test_new/PatchTST__ETTh2/prefix/prefix_metrics.csv,,,,,,,
PatchTST,ETTh2,0,720,0.3782814496619074,0.42092310585845294,2048,7,a55f3c8f27f45e6428d7ff2face1d37407697100e6cc5a2b550490ed892d5360,True,e6e0b4fd91b1238ee1edbd0ba39c975ec90a3dad52969dbf7c7bb219bb3e3577,066e8d712cc80822e4e2e2d82e5a587bd5cfbd646c99631ab7001bf066f2af31,formal_H720_native_loader_exact_prefix,False,,False,analysis/iscf_bsca_paper_experiment_consolidation_20260731/main_ii_h720_prefix_20260808/formal_results_20260809/formal_test_new/PatchTST__ETTh2/prefix/prefix_metrics.csv,,,,,,,
PatchTST,ETTm1,0,96,0.29157384662634006,0.34971601406296854,10752,7,33d5d5caac7f6eaff065a2785bff04e1fcd7e543de7b575c97bc7da01be3cc83,True,1d29d0281048ce0a6ed919b9acbff8f508d967dbe73b5eff2e1e7ada8617163b,f294d16a8e4521e08297aa5376f3553ffe02e62231027a68199d5b2989a5c516,formal_H720_native_loader_exact_prefix,False,,False,analysis/iscf_bsca_paper_experiment_consolidation_20260731/main_ii_h720_prefix_20260808/formal_results_20260809/formal_test_new/PatchTST__ETTm1/prefix/prefix_metrics.csv,,,,,,,
PatchTST,ETTm1,0,192,0.3283263239729507,0.3715054986681988,10752,7,33d5d5caac7f6eaff065a2785bff04e1fcd7e543de7b575c97bc7da01be3cc83,True,cb3a7e6ac883a1186d3d79548930aecb98e40a3f8db69ffaf54a3a27bec4937e,b1f71d18147a5d5912b1ae328aad8152b0ff83cbae1125caf8126ccc2bc84a64,formal_H720_native_loader_exact_prefix,False,,False,analysis/iscf_bsca_paper_experiment_consolidation_20260731/main_ii_h720_prefix_20260808/formal_results_20260809/formal_test_new/PatchTST__ETTm1/prefix/prefix_metrics.csv,,,,,,,
PatchTST,ETTm1,0,336,0.3646037421492941,0.39210538831478625,10752,7,33d5d5caac7f6eaff065a2785bff04e1fcd7e543de7b575c97bc7da01be3cc83,True,e6567b66786c9a280736cad4f77b9f95ee3ca204ce9c444e5ba405eceb39818e,150955c58a36b2de646fc0d46f7a8db52ce24e18aa713c8238ff2916018e85bc,formal_H720_native_loader_exact_prefix,False,,False,analysis/iscf_bsca_paper_experiment_consolidation_20260731/main_ii_h720_prefix_20260808/formal_results_20260809/formal_test_new/PatchTST__ETTm1/prefix/prefix_metrics.csv,,,,,,,
PatchTST,ETTm1,0,720,0.4152368112856822,0.42110117902138766,10752,7,33d5d5caac7f6eaff065a2785bff04e1fcd7e543de7b575c97bc7da01be3cc83,True,ccfd7999ca2f0fe514d29fe38a9a2a74a8b049c979053171bb8420b1ed3ee9bf,736162d88e82db580a1ac6ed336319667d137f4e5bb8a01712492f2beb881233,formal_H720_native_loader_exact_prefix,False,,False,analysis/iscf_bsca_paper_experiment_consolidation_20260731/main_ii_h720_prefix_20260808/formal_results_20260809/formal_test_new/PatchTST__ETTm1/prefix/prefix_metrics.csv,,,,,,,
PatchTST,ETTm2,0,96,0.16987520908759468,0.2596366309362325,10752,7,455c7ce03d593cb492c0b54ff872dfbfa54515bc2f242edb37300907bc9d394c,True,8885b53059991e78f34dda8f5ca98b1df98d99211c5cbeffae0cea69442a8015,b45b83076a3b9406a5b36eb1cb0ab1829f596afd02c98c940f0c238e4e3ea789,formal_H720_native_loader_exact_prefix,False,,False,analysis/iscf_bsca_paper_experiment_consolidation_20260731/main_ii_h720_prefix_20260808/formal_results_20260809/formal_test_new/PatchTST__ETTm2/prefix/prefix_metrics.csv,,,,,,,
PatchTST,ETTm2,0,192,0.22462012713399487,0.2959192156941804,10752,7,455c7ce03d593cb492c0b54ff872dfbfa54515bc2f242edb37300907bc9d394c,True,a17c113478465771fc310a9f1d8349bb26001f7fa304da96237eefa3946d5bc6,b4e6b20aaffe69b64b4cf79b467870a62beeb49cacbb154a46db320e0dee8864,formal_H720_native_loader_exact_prefix,False,,False,analysis/iscf_bsca_paper_experiment_consolidation_20260731/main_ii_h720_prefix_20260808/formal_results_20260809/formal_test_new/PatchTST__ETTm2/prefix/prefix_metrics.csv,,,,,,,
PatchTST,ETTm2,0,336,0.27745851618179873,0.3299581455717752,10752,7,455c7ce03d593cb492c0b54ff872dfbfa54515bc2f242edb37300907bc9d394c,True,b1399308bbeb1316d82304b70e9332817dc919e6769a9c59dd447bbb4f762c00,472fcea9ca3c119ab7b0b8168024233cbc284d0a1303f8cd90585c955eccde1a,formal_H720_native_loader_exact_prefix,False,,False,analysis/iscf_bsca_paper_experiment_consolidation_20260731/main_ii_h720_prefix_20260808/formal_results_20260809/formal_test_new/PatchTST__ETTm2/prefix/prefix_metrics.csv,,,,,,,
PatchTST,ETTm2,0,720,0.3648001207539756,0.382927654821998,10752,7,455c7ce03d593cb492c0b54ff872dfbfa54515bc2f242edb37300907bc9d394c,True,448aff4cb8ef01c363bf849069a2da541d5f0fe1251378d1c908f2d297cdc555,c4174fca96f6b1e0232739a8f14af2d340df9131904a6d2f497cf5b6b876f107,formal_H720_native_loader_exact_prefix,False,,False,analysis/iscf_bsca_paper_experiment_consolidation_20260731/main_ii_h720_prefix_20260808/formal_results_20260809/formal_test_new/PatchTST__ETTm2/prefix/prefix_metrics.csv,,,,,,,
PatchTST,Solar,0,96,0.18016617705261703,0.23435522893818958,9792,137,4f2447a399e37606c213d074b057687022ac7c72a078fc2091675f99cd48bf4e,True,311420c64f89d1fc444f599e3800b2b7587414589deab1e08ff9dca0e995f03d,d6a82c8f66141ba17712f639dbb8b70cae4d749d538f43304ecd2eb36983139f,formal_H720_native_loader_exact_prefix,False,,False,analysis/iscf_bsca_paper_experiment_consolidation_20260731/main_ii_h720_prefix_20260808/formal_results_20260809/formal_test_new/PatchTST__Solar/prefix/prefix_metrics.csv,,,,,,,
PatchTST,Solar,0,192,0.19031455980866555,0.24474741206093997,9792,137,4f2447a399e37606c213d074b057687022ac7c72a078fc2091675f99cd48bf4e,True,14f58dee3254b2d56c98630f34a72d29bb2ad0edd3f6f77bc8152c315a3635f8,0d18fe182eb83ba05d1f8e0d4eee9967ec0d7bb504ab549aa11cd667f174eb04,formal_H720_native_loader_exact_prefix,False,,False,analysis/iscf_bsca_paper_experiment_consolidation_20260731/main_ii_h720_prefix_20260808/formal_results_20260809/formal_test_new/PatchTST__Solar/prefix/prefix_metrics.csv,,,,,,,
PatchTST,Solar,0,336,0.1985305760140221,0.25161841515508204,9792,137,4f2447a399e37606c213d074b057687022ac7c72a078fc2091675f99cd48bf4e,True,5e4bd87dcb3d35816165879acb2665c468f06566cdeb2439730f11c89c41ca01,695ed4a4e71dad7609463e8e6b68ce629d8b17b2a490dc2f45a038cc59d08f95,formal_H720_native_loader_exact_prefix,False,,False,analysis/iscf_bsca_paper_experiment_consolidation_20260731/main_ii_h720_prefix_20260808/formal_results_20260809/formal_test_new/PatchTST__Solar/prefix/prefix_metrics.csv,,,,,,,
PatchTST,Solar,0,720,0.20603524980251256,0.2574213268835301,9792,137,4f2447a399e37606c213d074b057687022ac7c72a078fc2091675f99cd48bf4e,True,c2f010d44177a33dbe6d93e3ddae0523bca0466dcbb925e93c6d9f9f96220b42,cef3249d738e9ebef71e35e2cd0ba06cdb86695f7a7529033b8cbcca4af0f146,formal_H720_native_loader_exact_prefix,False,,False,analysis/iscf_bsca_paper_experiment_consolidation_20260731/main_ii_h720_prefix_20260808/formal_results_20260809/formal_test_new/PatchTST__Solar/prefix/prefix_metrics.csv,,,,,,,
PatchTST,Weather,0,96,0.15038846458216593,0.2040024911631135,9728,21,6551cdbb7a98d2be0587cae76952f3b30e54861e615ffbb3043e6c4f60ca846c,True,ea711c1d96e8307799e8329308b7c6ac4bee1c19240739a30b7b5ba0cbf7774a,45a1be848af59735d1c917c29091c591176e39ea7483556cbc28ee5470072cfa,formal_H720_native_loader_exact_prefix,False,,False,analysis/iscf_bsca_paper_experiment_consolidation_20260731/main_ii_h720_prefix_20260808/formal_results_20260809/formal_test_new/PatchTST__Weather/prefix/prefix_metrics.csv,,,,,,,
PatchTST,Weather,0,192,0.19083842242277718,0.2434781792988902,9728,21,6551cdbb7a98d2be0587cae76952f3b30e54861e615ffbb3043e6c4f60ca846c,True,533a14f7ec73ae8c68f13df20f0a673da6eaf18c2c03d5d17196a88ede9c4f7b,481aa46897c98fbc17e41160644f019b3ef9738f4ea36dc2da0ce1f64707647e,formal_H720_native_loader_exact_prefix,False,,False,analysis/iscf_bsca_paper_experiment_consolidation_20260731/main_ii_h720_prefix_20260808/formal_results_20260809/formal_test_new/PatchTST__Weather/prefix/prefix_metrics.csv,,,,,,,
PatchTST,Weather,0,336,0.24014064394364565,0.28232886236987215,9728,21,6551cdbb7a98d2be0587cae76952f3b30e54861e615ffbb3043e6c4f60ca846c,True,026de9c53f901c636ce44a868510978dcdba9b44ebf730107e40cd1a2676180c,327af9f0237b61efaf0bab097560605042932a100881faf446a2bb8226d9c5a9,formal_H720_native_loader_exact_prefix,False,,False,analysis/iscf_bsca_paper_experiment_consolidation_20260731/main_ii_h720_prefix_20260808/formal_results_20260809/formal_test_new/PatchTST__Weather/prefix/prefix_metrics.csv,,,,,,,
PatchTST,Weather,0,720,0.3194580104923887,0.335489913230442,9728,21,6551cdbb7a98d2be0587cae76952f3b30e54861e615ffbb3043e6c4f60ca846c,True,0860aa8ec9bf0703ad1838d5f240e8f5f6aaeb1abea659b5a1de0cf068c0eae1,4d15badd46a87f9b984fef54d044537eda60670f10a9aa5dfa6d8e78419cf1ef,formal_H720_native_loader_exact_prefix,False,,False,analysis/iscf_bsca_paper_experiment_consolidation_20260731/main_ii_h720_prefix_20260808/formal_results_20260809/formal_test_new/PatchTST__Weather/prefix/prefix_metrics.csv,,,,,,,
iTransformer,ECL,0,96,0.14028911287683404,0.23986678756253874,4541,321,3ccd4d7a1bac04d7070d4feebbd0ecc294d7c71aec1ffe0499b811e5e605d806,True,cc8330e04a561bf34620c2a4f79b419723da13e08cbdfa6066cd3f9918ecf44b,4a60c96c470b7e965481c471d471a32a36dd115a504e01b64a65e6c4007acf04,formal_H720_native_loader_exact_prefix,False,,False,analysis/iscf_bsca_paper_experiment_consolidation_20260731/main_ii_h720_prefix_20260808/formal_results_20260809/formal_test_new/iTransformer__ECL/prefix/prefix_metrics.csv,,,,,,,
iTransformer,ECL,0,192,0.15518779054225076,0.25394397184849565,4541,321,3ccd4d7a1bac04d7070d4feebbd0ecc294d7c71aec1ffe0499b811e5e605d806,True,f70efe4d606047da67d14ac3cea0847536ce5814631e29f463c18d0abcf1eaf2,735e79610818c3862a4d1b73e12125a271dc191a40877c825d7933beddc71c98,formal_H720_native_loader_exact_prefix,False,,False,analysis/iscf_bsca_paper_experiment_consolidation_20260731/main_ii_h720_prefix_20260808/formal_results_20260809/formal_test_new/iTransformer__ECL/prefix/prefix_metrics.csv,,,,,,,
iTransformer,ECL,0,336,0.1737996341267833,0.27158175952229496,4541,321,3ccd4d7a1bac04d7070d4feebbd0ecc294d7c71aec1ffe0499b811e5e605d806,True,e00261623b009008595c009b68e820c06fa5ef91079f7962ac77298438657b1a,f0ba39907fe2eae542a43315653ad1ca18492db980ea4b0ebe5ae59f19735909,formal_H720_native_loader_exact_prefix,False,,False,analysis/iscf_bsca_paper_experiment_consolidation_20260731/main_ii_h720_prefix_20260808/formal_results_20260809/formal_test_new/iTransformer__ECL/prefix/prefix_metrics.csv,,,,,,,
iTransformer,ECL,0,720,0.21074225625845938,0.30073663998813077,4541,321,3ccd4d7a1bac04d7070d4feebbd0ecc294d7c71aec1ffe0499b811e5e605d806,True,d2c48d99a1d630d096d4a95e5b9d160a26a141babdb5a779e5932c050490927e,7820e9acfd5b698218b02504f4db9a879bc96413bbbfac167283c364055dbec5,formal_H720_native_loader_exact_prefix,False,,False,analysis/iscf_bsca_paper_experiment_consolidation_20260731/main_ii_h720_prefix_20260808/formal_results_20260809/formal_test_new/iTransformer__ECL/prefix/prefix_metrics.csv,,,,,,,
iTransformer,ETTh1,0,96,0.3994976840354713,0.41497502136809616,2161,7,6d98cb21194bc374dce4dc6a10a85282c8d1231b5555a505b8779f57d8529397,True,bee4da644d466c69e4efc7a6b5ea88ac79ba29090e1e83a1156de3a906bc8938,b590a6090b3a65c787c16fc456a4755e21437cae6aa27fe24d642afcc0ef5ae3,formal_H720_native_loader_exact_prefix,False,,False,analysis/iscf_bsca_paper_experiment_consolidation_20260731/main_ii_h720_prefix_20260808/formal_results_20260809/formal_test_new/iTransformer__ETTh1/prefix/prefix_metrics.csv,,,,,,,
iTransformer,ETTh1,0,192,0.43480991123573876,0.43516774410091014,2161,7,6d98cb21194bc374dce4dc6a10a85282c8d1231b5555a505b8779f57d8529397,True,90d59e6ff2842ee9d3672ff40bbd9289e2c7bb1d7ac3f7c40d612a9f24549fe5,959273ad75cc833d516be6b68a907d80385c8c4b69a23fd524017606d2c1a8db,formal_H720_native_loader_exact_prefix,False,,False,analysis/iscf_bsca_paper_experiment_consolidation_20260731/main_ii_h720_prefix_20260808/formal_results_20260809/formal_test_new/iTransformer__ETTh1/prefix/prefix_metrics.csv,,,,,,,
iTransformer,ETTh1,0,336,0.4586366060400591,0.45225017009744967,2161,7,6d98cb21194bc374dce4dc6a10a85282c8d1231b5555a505b8779f57d8529397,True,9b79226b705d02a37797698f1170c62a7fe848ac953103f5ca62edcad2f90f7c,d702764694b97ab8d8d1f3114c892096b0c8c27133c3af3a8c3f4f7dfa13aa7d,formal_H720_native_loader_exact_prefix,False,,False,analysis/iscf_bsca_paper_experiment_consolidation_20260731/main_ii_h720_prefix_20260808/formal_results_20260809/formal_test_new/iTransformer__ETTh1/prefix/prefix_metrics.csv,,,,,,,
iTransformer,ETTh1,0,720,0.5093046218759192,0.49383628933682067,2161,7,6d98cb21194bc374dce4dc6a10a85282c8d1231b5555a505b8779f57d8529397,True,e007fbfec7572e380b3597b3b6c9db3dd1f7807528584b98fe8bbba386470687,011f2f68df1d439f9f6ad3376fb2d39695c099b42ce31da16d01babc70073d62,formal_H720_native_loader_exact_prefix,False,,False,analysis/iscf_bsca_paper_experiment_consolidation_20260731/main_ii_h720_prefix_20260808/formal_results_20260809/formal_test_new/iTransformer__ETTh1/prefix/prefix_metrics.csv,,,,,,,
iTransformer,ETTh2,0,96,0.2638755681901802,0.3296845650581145,2161,7,a12d3b7b597bed274e3a7113d757352252323e7f4feacef6b5f99cee7464f276,True,99fcf51ae194ec3a32541b1ebf47db1e451252f36d70c8fb8010a8dcf157cb30,f31d9d22c48048bb61cad797dd54bbe25d7659fdc16568f1f96df9f19dd42960,formal_H720_native_loader_exact_prefix,False,,False,analysis/iscf_bsca_paper_experiment_consolidation_20260731/main_ii_h720_prefix_20260808/formal_results_20260809/formal_test_new/iTransformer__ETTh2/prefix/prefix_metrics.csv,,,,,,,
iTransformer,ETTh2,0,192,0.31944926640871285,0.3653566714816887,2161,7,a12d3b7b597bed274e3a7113d757352252323e7f4feacef6b5f99cee7464f276,True,2ca6b1ab2f4565dcdc311600abf498bf080c580376954d43937c6739ed70d33b,8f5fad018d74bbe6d8b9f78ec864121d390b683e78c6c64eacfab8456aa67e20,formal_H720_native_loader_exact_prefix,False,,False,analysis/iscf_bsca_paper_experiment_consolidation_20260731/main_ii_h720_prefix_20260808/formal_results_20260809/formal_test_new/iTransformer__ETTh2/prefix/prefix_metrics.csv,,,,,,,
iTransformer,ETTh2,0,336,0.3612211355252601,0.3982784588536744,2161,7,a12d3b7b597bed274e3a7113d757352252323e7f4feacef6b5f99cee7464f276,True,51b7d29da67b9cdd6cc83d5c9b719c68eb8a10efc28c9090d309ea4cbc34416f,4476054747221dd57fe8d028afebe2aeef12b6d6419d531215bb125f944ae873,formal_H720_native_loader_exact_prefix,False,,False,analysis/iscf_bsca_paper_experiment_consolidation_20260731/main_ii_h720_prefix_20260808/formal_results_20260809/formal_test_new/iTransformer__ETTh2/prefix/prefix_metrics.csv,,,,,,,
iTransformer,ETTh2,0,720,0.42967171498841433,0.4464756393635063,2161,7,a12d3b7b597bed274e3a7113d757352252323e7f4feacef6b5f99cee7464f276,True,c8e8185b8ac9dae0868d86b3a77ba508e9276c55bf88fecbb4c95b6690fd5f2f,54e79c2d71f454b925b06f24fc07424541665f1167519ad75267a2d907554822,formal_H720_native_loader_exact_prefix,False,,False,analysis/iscf_bsca_paper_experiment_consolidation_20260731/main_ii_h720_prefix_20260808/formal_results_20260809/formal_test_new/iTransformer__ETTh2/prefix/prefix_metrics.csv,,,,,,,
iTransformer,ETTm1,0,96,0.34026582748325435,0.38241051272134524,10801,7,b789ef97204cfeb585a429d5e21abf961a51a4606b3d99d25572c81c071c316d,True,3b2985674273c5f448218bdb1ecb83f1fb696f0d979f28fe9f69caca397bdc7d,93fc0347ebcc5ca69ca44c0fe2741c07884135f25035392279128323e0fa15ac,formal_H720_native_loader_exact_prefix,False,,False,analysis/iscf_bsca_paper_experiment_consolidation_20260731/main_ii_h720_prefix_20260808/formal_results_20260809/formal_test_new/iTransformer__ETTm1/prefix/prefix_metrics.csv,,,,,,,
iTransformer,ETTm1,0,192,0.3738953700823285,0.3982116605197053,10801,7,b789ef97204cfeb585a429d5e21abf961a51a4606b3d99d25572c81c071c316d,True,d783e96f90264fee82aa97914ae07d6823a0c345c2d8a61d070d03945a2ad7df,1c8540fc648783c515df940c76a4eedd0e411ddc9b34353d1de4ece0350522bd,formal_H720_native_loader_exact_prefix,False,,False,analysis/iscf_bsca_paper_experiment_consolidation_20260731/main_ii_h720_prefix_20260808/formal_results_20260809/formal_test_new/iTransformer__ETTm1/prefix/prefix_metrics.csv,,,,,,,
iTransformer,ETTm1,0,336,0.4162797932454306,0.4216299384197164,10801,7,b789ef97204cfeb585a429d5e21abf961a51a4606b3d99d25572c81c071c316d,True,789fbfc485775d944874ee3e8880ce1d9ee74c775e0df3caaa8aec49060c2a5d,a9d77a7555e7a353047b66bdedec04fec2e6586b716b2c49d400150cecb121e5,formal_H720_native_loader_exact_prefix,False,,False,analysis/iscf_bsca_paper_experiment_consolidation_20260731/main_ii_h720_prefix_20260808/formal_results_20260809/formal_test_new/iTransformer__ETTm1/prefix/prefix_metrics.csv,,,,,,,
iTransformer,ETTm1,0,720,0.4869880086753695,0.45648442910596215,10801,7,b789ef97204cfeb585a429d5e21abf961a51a4606b3d99d25572c81c071c316d,True,fa1c7f3e8a7b8759c64b6dbacb83a812c2138eff79f4d2d358c814c83e5a9e1b,2c8b00914335e50e8b8e33e30a5d610e52c58564b7deaa0ec7c1eca1e8868b96,formal_H720_native_loader_exact_prefix,False,,False,analysis/iscf_bsca_paper_experiment_consolidation_20260731/main_ii_h720_prefix_20260808/formal_results_20260809/formal_test_new/iTransformer__ETTm1/prefix/prefix_metrics.csv,,,,,,,
iTransformer,ETTm2,0,96,0.19455927454363758,0.2794374395237803,10801,7,36fba2ffd3276d0c3d64d24b19e87e8b6d58330052c4e57602713ca928c02644,True,f800014d7fdf18848f545555feb8b5470375813e311232587d1ebb873404c67c,a5ab49b3eafd1860329bf67ed1a7d3612a56a8de06c0a7a7fbd4e2b1a47aa7fb,formal_H720_native_loader_exact_prefix,False,,False,analysis/iscf_bsca_paper_experiment_consolidation_20260731/main_ii_h720_prefix_20260808/formal_results_20260809/formal_test_new/iTransformer__ETTm2/prefix/prefix_metrics.csv,,,,,,,
iTransformer,ETTm2,0,192,0.25950895271629176,0.31803394142955566,10801,7,36fba2ffd3276d0c3d64d24b19e87e8b6d58330052c4e57602713ca928c02644,True,663ee806ca93a2b71ae90cdd75ae7c4565980c2c332d220441030c1f8e397582,bb30d0728baae797d8f618f124b965382841a547017154a3505a5dc7d001dd71,formal_H720_native_loader_exact_prefix,False,,False,analysis/iscf_bsca_paper_experiment_consolidation_20260731/main_ii_h720_prefix_20260808/formal_results_20260809/formal_test_new/iTransformer__ETTm2/prefix/prefix_metrics.csv,,,,,,,
iTransformer,ETTm2,0,336,0.3244227841582002,0.357704895622956,10801,7,36fba2ffd3276d0c3d64d24b19e87e8b6d58330052c4e57602713ca928c02644,True,1449fb20abc42649354420ab7373a1b01567eb9e4bd5f3d9282597097e11c003,6e2dd90d25bf98ab202385d631bd568ee0e33072bb0bfe00ba9bb2e80a98dc3f,formal_H720_native_loader_exact_prefix,False,,False,analysis/iscf_bsca_paper_experiment_consolidation_20260731/main_ii_h720_prefix_20260808/formal_results_20260809/formal_test_new/iTransformer__ETTm2/prefix/prefix_metrics.csv,,,,,,,
iTransformer,ETTm2,0,720,0.4157624951761465,0.4086312517228196,10801,7,36fba2ffd3276d0c3d64d24b19e87e8b6d58330052c4e57602713ca928c02644,True,3335128b2a08c7484b0e809bff822dda3c4c72b6784e513767da3624963f74e1,0a83b0ed00734af6a442fb364d4ef6f5fa179f0363661fb5e1a5b5098244aeaf,formal_H720_native_loader_exact_prefix,False,,False,analysis/iscf_bsca_paper_experiment_consolidation_20260731/main_ii_h720_prefix_20260808/formal_results_20260809/formal_test_new/iTransformer__ETTm2/prefix/prefix_metrics.csv,,,,,,,
iTransformer,Solar,0,96,0.19499723530908214,0.23705627651387967,9793,137,bf2e161c7790e81acc32a45618c33306953da07d95ffe78730ca1b145aa1554a,True,69152d101df66378af6c041cfa53a4fc4fb22e522d7f99040954ddb85d2c05a2,8050da4fc844008251815fe0ba92329279c72166b369ef948a123f67e102eaf4,formal_H720_native_loader_exact_prefix,False,,False,analysis/iscf_bsca_paper_experiment_consolidation_20260731/main_ii_h720_prefix_20260808/formal_results_20260809/formal_test_new/iTransformer__Solar/prefix/prefix_metrics.csv,,,,,,,
iTransformer,Solar,0,192,0.2272170478730431,0.258823539678416,9793,137,bf2e161c7790e81acc32a45618c33306953da07d95ffe78730ca1b145aa1554a,True,576628837aea853d231cca7aae015694eba194b1953890337a06d578dc275a19,48d99961077d75ef3355db95239139c18b9807a2e888373ba66030fcf1730fc2,formal_H720_native_loader_exact_prefix,False,,False,analysis/iscf_bsca_paper_experiment_consolidation_20260731/main_ii_h720_prefix_20260808/formal_results_20260809/formal_test_new/iTransformer__Solar/prefix/prefix_metrics.csv,,,,,,,
iTransformer,Solar,0,336,0.24299105019085981,0.2710950143189284,9793,137,bf2e161c7790e81acc32a45618c33306953da07d95ffe78730ca1b145aa1554a,True,c49d9221112532d7dd432eca79d1d2c72d9ab18425493ff7fdd282593a63450e,5b83600f3c27873d73b95321d49a34f9cfedf0591b7215dc939f3775ecb82c29,formal_H720_native_loader_exact_prefix,False,,False,analysis/iscf_bsca_paper_experiment_consolidation_20260731/main_ii_h720_prefix_20260808/formal_results_20260809/formal_test_new/iTransformer__Solar/prefix/prefix_metrics.csv,,,,,,,
iTransformer,Solar,0,720,0.2496772504471715,0.27560493668066155,9793,137,bf2e161c7790e81acc32a45618c33306953da07d95ffe78730ca1b145aa1554a,True,e203b5215a18bdcb32a268c31603230f14cb5d027b3941be061449423b19cc76,e78af3146affcfe440ad488848ea1d82259ca4fb28452433a7a4605b9eacb5b2,formal_H720_native_loader_exact_prefix,False,,False,analysis/iscf_bsca_paper_experiment_consolidation_20260731/main_ii_h720_prefix_20260808/formal_results_20260809/formal_test_new/iTransformer__Solar/prefix/prefix_metrics.csv,,,,,,,
iTransformer,Weather,0,96,0.17741786133405726,0.2223089076851516,9820,21,38eecc12a15d1e0f4a96e58906c54f5da0afddb90bd8ab53da398361a2f9bf46,True,58e45eac36361a623bb0690e85c99101cdfd68094f883d88c58d8d30da74b2e8,8f23ecf3087af1be98793b498abb765e9ee258880fb84ad3b0c91cbace668758,formal_H720_native_loader_exact_prefix,False,,False,analysis/iscf_bsca_paper_experiment_consolidation_20260731/main_ii_h720_prefix_20260808/formal_results_20260809/formal_test_new/iTransformer__Weather/prefix/prefix_metrics.csv,,,,,,,
iTransformer,Weather,0,192,0.22325432420242367,0.2613036242852336,9820,21,38eecc12a15d1e0f4a96e58906c54f5da0afddb90bd8ab53da398361a2f9bf46,True,476d2dc809de3c047ff67b6ce44adfac401e4c056162cb68adbbcc1354167006,6e1174b3ebc396fbf33022548df163ac59589e515313675d2f8b7e55eba57dbd,formal_H720_native_loader_exact_prefix,False,,False,analysis/iscf_bsca_paper_experiment_consolidation_20260731/main_ii_h720_prefix_20260808/formal_results_20260809/formal_test_new/iTransformer__Weather/prefix/prefix_metrics.csv,,,,,,,
iTransformer,Weather,0,336,0.27650929227091126,0.29946343763034056,9820,21,38eecc12a15d1e0f4a96e58906c54f5da0afddb90bd8ab53da398361a2f9bf46,True,6450bc527f77d459bb40f786df5a177e7362b27c40389c77938ffbefdcd37b8c,1178ded3ebd444f6d68cb2ebb90f12bc0f2a2a09d974a50c9a9429115d050b52,formal_H720_native_loader_exact_prefix,False,,False,analysis/iscf_bsca_paper_experiment_consolidation_20260731/main_ii_h720_prefix_20260808/formal_results_20260809/formal_test_new/iTransformer__Weather/prefix/prefix_metrics.csv,,,,,,,
iTransformer,Weather,0,720,0.358874337491641,0.35073530336167696,9820,21,38eecc12a15d1e0f4a96e58906c54f5da0afddb90bd8ab53da398361a2f9bf46,True,8daad057ee9ec26e4fa9698da52838b44d7fb884a314ae341f4e78d5bfc524da,bbc080ed09902e06772202dd6f092c1b7e108b656151bc2d6d366cdde2063472,formal_H720_native_loader_exact_prefix,False,,False,analysis/iscf_bsca_paper_experiment_consolidation_20260731/main_ii_h720_prefix_20260808/formal_results_20260809/formal_test_new/iTransformer__Weather/prefix/prefix_metrics.csv,,,,,,,
