segment,mse,mae
1-96,0.31316322088241577,0.37214142084121704
97-192,0.3744076192378998,0.41680851578712463
193-336,0.3762872815132141,0.43093472719192505
337-720,0.5133484601974487,0.5145915746688843
