{
  "mse": 0.4407193660736084,
  "mae": 0.465829074382782
}