segment,mse,mae
1-96,0.15336692333221436,0.20737649500370026
97-192,0.23802396655082703,0.2870854139328003
193-336,0.31843969225883484,0.3395918309688568
337-720,0.3952022194862366,0.38756877183914185
