segment,mse,mae
1-96,0.29980218410491943,0.3542608618736267
97-192,0.37194138765335083,0.3971790075302124
193-336,0.4108257293701172,0.42069220542907715
