segment_a,segment_b,cosine
0,1,-0.06766588240861893
0,2,0.08043476939201355
0,3,0.005491092801094055
1,2,0.00445789098739624
1,3,0.13779959082603455
2,3,0.01059325784444809
