segment,mse,mae
1-96,0.1543595790863037,0.20519617199897766
97-192,0.23768992722034454,0.281600683927536
