{
  "mse": 0.19602474570274353,
  "mae": 0.24339842796325684
}