segment,mse,mae
1-96,0.15198560059070587,0.20113612711429596
97-192,0.23843136429786682,0.2826337516307831
