{
  "mse": 0.24709753692150116,
  "mae": 0.281923770904541
}