segment,mse,mae
1-96,0.15219686925411224,0.20085667073726654
97-192,0.2389833927154541,0.2838515341281891
193-336,0.31577402353286743,0.33468329906463623
