{
  "mse": 0.25619491934776306,
  "mae": 0.2892841398715973
}