segment,mse,mae
1-96,0.16002283990383148,0.20919065177440643
97-192,0.24970823526382446,0.29112377762794495
193-336,0.3246340751647949,0.34145334362983704
