segment,mse,mae
1-96,0.15019100904464722,0.19839726388454437
97-192,0.23710891604423523,0.28319600224494934
193-336,0.31298476457595825,0.33328187465667725
