{
  "mse": 0.24479345977306366,
  "mae": 0.28043317794799805
}