{
  "mse": 0.3879050612449646,
  "mae": 0.4086056351661682
}