segment,mse,mae
1-96,0.3174717426300049,0.3633185923099518
97-192,0.4583383798599243,0.4538925886154175
