segment_a,segment_b,cosine
0,1,0.9968657493591309
0,2,0.9926515221595764
0,3,0.9845626950263977
1,2,0.9972495436668396
1,3,0.9919273853302002
2,3,0.9965828061103821
