segment_a,segment_b,cosine
0,1,0.02504660189151764
0,2,-0.08282198756933212
0,3,-0.10951288044452667
1,2,0.007998406887054443
1,3,0.14123986661434174
2,3,0.0099332295358181
