segment,mse,mae
1-96,0.3248440623283386,0.3725251853466034
97-192,0.491850882768631,0.4761587977409363
