{
  "mse": 0.39477860927581787,
  "mae": 0.4088149070739746
}