segment,mse,mae
1-96,0.3266688287258148,0.3647453188896179
97-192,0.4628884196281433,0.4528845548629761
