segment_a,segment_b,cosine
0,1,0.7798703908920288
0,2,0.5356664657592773
0,3,0.410431832075119
1,2,0.913293182849884
1,3,0.8335266709327698
2,3,0.9796751737594604
