segment_a,segment_b,cosine
0,1,-0.060377247631549835
0,2,0.09228608757257462
0,3,0.006012409925460815
1,2,0.0036212801933288574
1,3,0.13135674595832825
2,3,0.008762184530496597
