segment,mse,mae
1-96,0.15432684123516083,0.20515742897987366
97-192,0.23762230575084686,0.28158435225486755
