{
  "mse": 0.19597457349300385,
  "mae": 0.2433708757162094
}