{
  "mse": 0.3841150403022766,
  "mae": 0.4212876260280609
}