{
  "mse": 0.3540932238101959,
  "mae": 0.4041655659675598
}