segment,mse,mae
1-96,0.3540932238101959,0.4041655659675598
