{
  "mse": 0.30123046040534973,
  "mae": 0.36003977060317993
}