segment,mse,mae
1-96,0.2984122335910797,0.35257115960121155
97-192,0.3609120845794678,0.3935297429561615
