{
  "mse": 0.32966214418411255,
  "mae": 0.3730504512786865
}