segment_a,segment_b,cosine
0,1,-0.5577392578125
0,2,0.6975383758544922
0,3,-0.6311408281326294
1,2,-0.3499959707260132
1,3,0.9726914763450623
2,3,-0.29328376054763794
