segment,mse,mae
1-96,0.1486791968345642,0.19885769486427307
