{
  "mse": 0.1486791968345642,
  "mae": 0.19885769486427307
}