{
  "mse": 0.4039090871810913,
  "mae": 0.4411015510559082
}