segment,mse,mae
1-96,0.2534172534942627,0.3243299722671509
97-192,0.3394681215286255,0.39114296436309814
193-336,0.3494183421134949,0.41180047392845154
337-720,0.4780762791633606,0.493772029876709
