target_horizon,mse,mae
96,0.30681994557380676,0.35803118348121643
192,0.3365926444530487,0.3774348795413971
336,0.3652816712856293,0.39549145102500916
720,0.4194723963737488,0.42629995942115784
