{
  "mse": 0.14802636206150055,
  "mae": 0.19702932238578796
}