segment,mse,mae
1-96,0.14802636206150055,0.19702932238578796
