{
  "mse": 0.19385626912117004,
  "mae": 0.24242807924747467
}