segment,mse,mae
1-96,0.14846383035182953,0.19872933626174927
97-192,0.23166243731975555,0.2816288471221924
193-336,0.31225788593292236,0.3343944847583771
337-720,0.3881654143333435,0.37917929887771606
