{
  "mse": 0.32015663385391235,
  "mae": 0.33315563201904297
}