segment,mse,mae
1-96,0.3093600273132324,0.35823410749435425
97-192,0.37343844771385193,0.39631763100624084
193-336,0.4144103527069092,0.41833555698394775
337-720,0.4470215439796448,0.4402889013290405
