{
  "mse": 0.4123333692550659,
  "mae": 0.4190947115421295
}