segment,mse,mae
1-96,0.1559014916419983,0.21169641613960266
97-192,0.23783090710639954,0.2886865735054016
193-336,0.315767377614975,0.3396351635456085
337-720,0.38940659165382385,0.38473039865493774
