{
  "mse": 0.323334664106369,
  "mae": 0.3398343324661255
}