segment,mse,mae
1-96,0.2797919511795044,0.3424229919910431
97-192,0.40208083391189575,0.4266031086444855
193-336,0.4496985673904419,0.46207743883132935
