{
  "mse": 0.3875487744808197,
  "mae": 0.4177549481391907
}