target_horizon,mse,mae
96,0.15477672219276428,0.20799049735069275
192,0.20012323558330536,0.2496446818113327
336,0.2531970143318176,0.29095810651779175
720,0.32899099588394165,0.3441564440727234
