{
  "mse": 0.33104705810546875,
  "mae": 0.34150660037994385
}