segment,mse,mae
1-96,0.15093621611595154,0.20254157483577728
97-192,0.23968032002449036,0.28874826431274414
193-336,0.3233604431152344,0.3428000211715698
337-720,0.40179893374443054,0.3889523446559906
