target_horizon,mse,mae
96,0.3036024868488312,0.3546448051929474
192,0.3386852443218231,0.37746503949165344
336,0.3648187220096588,0.3952205777168274
720,0.40972670912742615,0.42332419753074646
