segment,mse,mae
1-96,0.30640020966529846,0.35827404260635376
97-192,0.3667851388454437,0.39659571647644043
