{
  "mse": 0.3365926444530487,
  "mae": 0.3774348795413971
}