segment_a,segment_b,cosine
0,1,-0.5158424973487854
0,2,0.7447583675384521
0,3,-0.5508136749267578
1,2,-0.3211725056171417
1,3,0.9822524785995483
2,3,-0.26689693331718445
