segment,mse,mae
1-96,0.2770724892616272,0.3467883765697479
97-192,0.37533777952194214,0.4132542908191681
193-336,0.44616904854774475,0.4646610617637634
