{
  "mse": 0.3776182532310486,
  "mae": 0.41629549860954285
}