target_horizon,mse,mae
96,0.31762751936912537,0.3633808493614197
192,0.3943183422088623,0.4089395999908447
336,0.3926992416381836,0.4185689389705658
720,0.4226839244365692,0.44564658403396606
