segment,mse,mae
1-96,0.29832956194877625,0.35053160786628723
