{
  "mse": 0.29832956194877625,
  "mae": 0.35053160786628723
}