{
  "mse": 0.41340693831443787,
  "mae": 0.444231241941452
}