segment,mse,mae
1-96,0.25483042001724243,0.32522085309028625
97-192,0.33678752183914185,0.3880654275417328
193-336,0.3662429451942444,0.4206579923629761
337-720,0.4898923635482788,0.49686524271965027
