system,dataset,repeat,horizon,mse,mae,global_elementwise_mse,global_elementwise_mae,native_batch_mean_mse,native_batch_mean_mae,metric_semantics,origin_count,channel_count,checkpoint_sha256,prediction_prefix_sha256,target_prefix_sha256,prefix_identity,test_role,loader_horizon,loader_drop_last,input_only_inference,test_tuned,matrix_complete,source_metric_file,global_elementwise_float64_mse,global_elementwise_float64_mae
AMD,ECL,0,192,0.15150485932826996,0.2456037849187851,0.148612295938065,0.24431288941362259,0.15150485932826996,0.2456037849187851,official_unweighted_batch_mean,5069,321,af65985faea71b7550bd06f742a8976fbe159d0371c6a65cfe8fcd484f68bea8,3e5c7eb7e30f7637b49f7ed6449bcf3e3cc45395103843d70a4efaa0543016ce,328bd9fc46a3b1c20b5e095ead4fbbf25b0ac75580ba9f1cb8aa797f26dcc799,False,formal_horizon_specific_loader_H720_checkpoint_prefix,192,False,True,False,False,/home/yingch/exp_outputs/r-2026-fatst/main_ii_horizon_loader_20260813/formal/AMD__ECL__r0__H192/prefix_metrics.csv,,
AMD,ECL,0,336,0.16618286073207855,0.2614060342311859,0.16406253692173364,0.26049075377248676,0.16618286073207855,0.2614060342311859,official_unweighted_batch_mean,4925,321,af65985faea71b7550bd06f742a8976fbe159d0371c6a65cfe8fcd484f68bea8,1badce830f0d691257e638d8c00f1e5d15841fca183341ee17a08ad527711cfe,fa71bab94523ce40a86c9998154de74ee39f256f9f7a0a0ef37a761217df4c8a,False,formal_horizon_specific_loader_H720_checkpoint_prefix,336,False,True,False,False,/home/yingch/exp_outputs/r-2026-fatst/main_ii_horizon_loader_20260813/formal/AMD__ECL__r0__H336/prefix_metrics.csv,,
AMD,ECL,0,720,0.2002936750650406,0.29212602972984314,0.19847714238769854,0.29139836777072253,0.2002936750650406,0.29212602972984314,official_unweighted_batch_mean,4541,321,af65985faea71b7550bd06f742a8976fbe159d0371c6a65cfe8fcd484f68bea8,71bbeac81e4e888f4b756386cedb51c3c21438dc6014130a0501a1210dfd7bbb,7820e9acfd5b698218b02504f4db9a879bc96413bbbfac167283c364055dbec5,False,formal_horizon_specific_loader_H720_checkpoint_prefix,720,False,True,False,False,/home/yingch/exp_outputs/r-2026-fatst/main_ii_horizon_loader_20260813/formal/AMD__ECL__r0__H720/prefix_metrics.csv,,
AMD,ECL,0,96,0.13213013112545013,0.23002633452415466,0.13188657302350515,0.22961115537323717,0.13213013112545013,0.23002633452415466,official_unweighted_batch_mean,5165,321,af65985faea71b7550bd06f742a8976fbe159d0371c6a65cfe8fcd484f68bea8,ee4c169cd902250d0cc63ed3b6e0376d38232212b4716903435b28642c93ebac,cece2e0a49941835c217dd26c6a0b8d5382ce54e8dffbe7330631bbfef2b26b0,False,formal_horizon_specific_loader_H720_checkpoint_prefix,96,False,True,False,False,/home/yingch/exp_outputs/r-2026-fatst/main_ii_horizon_loader_20260813/formal/AMD__ECL__r0__H96/prefix_metrics.csv,,
AMD,ETTh1,0,192,0.4104018211364746,0.42385467886924744,0.4056250019295745,0.4199282272383182,0.4104018211364746,0.42385467886924744,official_unweighted_batch_mean,2689,7,2ea37ac6627e648840380d0f39c3a75887e57ae1efe0452337ef6a4b70eceba3,f8afdeae183ff4983bbf481aeabeb2bb57e114bf6fa8acf705e20ad62484dc54,970800889c829e7d46541c683c2f0e8b6fdba08f1b143d3f7277c340c6851f1d,False,formal_horizon_specific_loader_H720_checkpoint_prefix,192,False,True,False,False,/home/yingch/exp_outputs/r-2026-fatst/main_ii_horizon_loader_20260813/formal/AMD__ETTh1__r0__H192/prefix_metrics.csv,,
AMD,ETTh1,0,336,0.4259102940559387,0.43256884813308716,0.4245220371296902,0.4318143890647994,0.4259102940559387,0.43256884813308716,official_unweighted_batch_mean,2545,7,2ea37ac6627e648840380d0f39c3a75887e57ae1efe0452337ef6a4b70eceba3,3bf6b88b1d341bb4992b469d78611c76be913a1c98057c94c73c51ce0a98a7f1,6aadec30f9d0653693bfd88edafafb9ab8d712f13cb9367ea1c13b8e85f9058e,False,formal_horizon_specific_loader_H720_checkpoint_prefix,336,False,True,False,False,/home/yingch/exp_outputs/r-2026-fatst/main_ii_horizon_loader_20260813/formal/AMD__ETTh1__r0__H336/prefix_metrics.csv,,
AMD,ETTh1,0,720,0.4515272080898285,0.46108269691467285,0.45090886940068975,0.4605373816231361,0.4515272080898285,0.46108269691467285,official_unweighted_batch_mean,2161,7,2ea37ac6627e648840380d0f39c3a75887e57ae1efe0452337ef6a4b70eceba3,9e222d23da4e7114ee3ed83b85cf088dc632ae711658d8acbe2b449be4ab084d,011f2f68df1d439f9f6ad3376fb2d39695c099b42ce31da16d01babc70073d62,False,formal_horizon_specific_loader_H720_checkpoint_prefix,720,False,True,False,False,/home/yingch/exp_outputs/r-2026-fatst/main_ii_horizon_loader_20260813/formal/AMD__ETTh1__r0__H720/prefix_metrics.csv,,
AMD,ETTh1,0,96,0.3777333199977875,0.40336301922798157,0.3769873364709492,0.4030144046539757,0.3777333199977875,0.40336301922798157,official_unweighted_batch_mean,2785,7,2ea37ac6627e648840380d0f39c3a75887e57ae1efe0452337ef6a4b70eceba3,449b2890ef1b62a971c42d3f627030047bbcecb45d1d6c4e54d294b937e1d898,85406b935124bf2745dc1b683d236d0d7b29747ad0e333196e9aad7030ca16b7,False,formal_horizon_specific_loader_H720_checkpoint_prefix,96,False,True,False,False,/home/yingch/exp_outputs/r-2026-fatst/main_ii_horizon_loader_20260813/formal/AMD__ETTh1__r0__H96/prefix_metrics.csv,,
AMD,ETTh2,0,192,0.37352919578552246,0.4045051038265228,0.34559447708584756,0.3909595079859107,0.37352919578552246,0.4045051038265228,official_unweighted_batch_mean,2689,7,f28b3db1d695569650594035e807a94642c8435866866b449dc6ca890ded45ee,0d50f62ef86da03bb1ebed5383483b5e7c2f8ee249378a9caf8fa69b9ec52928,a6c24e6881a0ffab7697f3c4189202306f29e735acf1cb9da8020524f34cd62a,False,formal_horizon_specific_loader_H720_checkpoint_prefix,192,False,True,False,False,/home/yingch/exp_outputs/r-2026-fatst/main_ii_horizon_loader_20260813/formal/AMD__ETTh2__r0__H192/prefix_metrics.csv,,
AMD,ETTh2,0,336,0.37890109419822693,0.42096009850502014,0.37562166017856746,0.4190719835387867,0.37890109419822693,0.42096009850502014,official_unweighted_batch_mean,2545,7,f28b3db1d695569650594035e807a94642c8435866866b449dc6ca890ded45ee,883795dded08fa480f234a2f0ed94709f00761daa896059272a383507a592902,c495b360c244e930c91beacee1185285d77edf65fc72ab5034c3b73650f2ea35,False,formal_horizon_specific_loader_H720_checkpoint_prefix,336,False,True,False,False,/home/yingch/exp_outputs/r-2026-fatst/main_ii_horizon_loader_20260813/formal/AMD__ETTh2__r0__H336/prefix_metrics.csv,,
AMD,ETTh2,0,720,0.44193533062934875,0.4665042757987976,0.4408647376291709,0.46578389938820314,0.44193533062934875,0.4665042757987976,official_unweighted_batch_mean,2161,7,f28b3db1d695569650594035e807a94642c8435866866b449dc6ca890ded45ee,55ef752116a8b546648e355bcddb3981ed485a02f8dc65cf233820a94343238d,54e79c2d71f454b925b06f24fc07424541665f1167519ad75267a2d907554822,False,formal_horizon_specific_loader_H720_checkpoint_prefix,720,False,True,False,False,/home/yingch/exp_outputs/r-2026-fatst/main_ii_horizon_loader_20260813/formal/AMD__ETTh2__r0__H720/prefix_metrics.csv,,
AMD,ETTh2,0,96,0.2846989333629608,0.3509899973869324,0.2840250514479497,0.3502428473773059,0.2846989333629608,0.3509899973869324,official_unweighted_batch_mean,2785,7,f28b3db1d695569650594035e807a94642c8435866866b449dc6ca890ded45ee,89dd62e38fe6250a668decad66ef269bd62205c33d2e7dfa4d9728ee94fc4c3a,f96ac8c63af7b3298a8a30bab921707e95145eca30fba9a72fff7a2aa0aa1eef,False,formal_horizon_specific_loader_H720_checkpoint_prefix,96,False,True,False,False,/home/yingch/exp_outputs/r-2026-fatst/main_ii_horizon_loader_20260813/formal/AMD__ETTh2__r0__H96/prefix_metrics.csv,,
AMD,ETTm1,0,192,0.3325335383415222,0.3683796226978302,0.332913862657257,0.3688126268837165,0.3325335383415222,0.3683796226978302,official_unweighted_batch_mean,11329,7,fcc2b0f22e296c143457c9d3ba0f86679670f7f2e543803304ed089cb880be2e,1345f939dbfc3efb268a0401d7d449f05415af23291c3a2630815dd32969fbc4,fde46e5b466612e9fd1787fc529f31641d6a358bd07cbaab9f267e2fde9850cf,False,formal_horizon_specific_loader_H720_checkpoint_prefix,192,False,True,False,False,/home/yingch/exp_outputs/r-2026-fatst/main_ii_horizon_loader_20260813/formal/AMD__ETTm1__r0__H192/prefix_metrics.csv,,
AMD,ETTm1,0,336,0.36572909355163574,0.3867592513561249,0.3649494705977653,0.3867889161939058,0.36572909355163574,0.3867592513561249,official_unweighted_batch_mean,11185,7,fcc2b0f22e296c143457c9d3ba0f86679670f7f2e543803304ed089cb880be2e,8f3d1c6a57a4aae9fe209446745d8421c48e97b6a6d03fb03c57acb3ab25b45d,703f9efab78a24f16b87e528924abe07f2c7c1b6ba1c875437e2e1bb09f3efb4,False,formal_horizon_specific_loader_H720_checkpoint_prefix,336,False,True,False,False,/home/yingch/exp_outputs/r-2026-fatst/main_ii_horizon_loader_20260813/formal/AMD__ETTm1__r0__H336/prefix_metrics.csv,,
AMD,ETTm1,0,720,0.42269816994667053,0.41704830527305603,0.42194554330913,0.4169217236074283,0.42269816994667053,0.41704830527305603,official_unweighted_batch_mean,10801,7,fcc2b0f22e296c143457c9d3ba0f86679670f7f2e543803304ed089cb880be2e,fd51c37d2036abf3796a3400cc998a863d9534bf82fbcdf277e16ad2493500f8,2c8b00914335e50e8b8e33e30a5d610e52c58564b7deaa0ec7c1eca1e8868b96,False,formal_horizon_specific_loader_H720_checkpoint_prefix,720,False,True,False,False,/home/yingch/exp_outputs/r-2026-fatst/main_ii_horizon_loader_20260813/formal/AMD__ETTm1__r0__H720/prefix_metrics.csv,,
AMD,ETTm1,0,96,0.29420745372772217,0.3476948142051697,0.2960283134595615,0.3489599146427973,0.29420745372772217,0.3476948142051697,official_unweighted_batch_mean,11425,7,fcc2b0f22e296c143457c9d3ba0f86679670f7f2e543803304ed089cb880be2e,f5954898dc962eca156428c5858a95747d6a64dfc24e4e46606eda328d6eaaa6,0f34948780407a9d9c4b5e02d2758f8019195b9f48122ee8a6623ea6b8b87698,False,formal_horizon_specific_loader_H720_checkpoint_prefix,96,False,True,False,False,/home/yingch/exp_outputs/r-2026-fatst/main_ii_horizon_loader_20260813/formal/AMD__ETTm1__r0__H96/prefix_metrics.csv,,
AMD,ETTm2,0,192,0.22205166518688202,0.29496702551841736,0.22273510592755874,0.29535120057279735,0.22205166518688202,0.29496702551841736,official_unweighted_batch_mean,11329,7,2d6e760e9b58e9e17289536e74b38cf4ed28bf23d3bdc523451bf40bf31bdf94,cc050c03e2e15250b4593c4f77df816e0c80c2ec1afc54513557f2fae6c75d98,b1e848581badd337315a220534f0bcd570dd219e08bc89598dcb1fa8823b835f,False,formal_horizon_specific_loader_H720_checkpoint_prefix,192,False,True,False,False,/home/yingch/exp_outputs/r-2026-fatst/main_ii_horizon_loader_20260813/formal/AMD__ETTm2__r0__H192/prefix_metrics.csv,,
AMD,ETTm2,0,336,0.27078890800476074,0.3273058533668518,0.2720219888178654,0.32809874595314037,0.27078890800476074,0.3273058533668518,official_unweighted_batch_mean,11185,7,2d6e760e9b58e9e17289536e74b38cf4ed28bf23d3bdc523451bf40bf31bdf94,de6df174d466a4f945b737e5fd6fd9c2219cdb1b301fbd0c53bf23a115e48078,ce9c9b983c60722f44374ce8d73b07e3d2ff856b9adcfe45ae5a6c8402f92b48,False,formal_horizon_specific_loader_H720_checkpoint_prefix,336,False,True,False,False,/home/yingch/exp_outputs/r-2026-fatst/main_ii_horizon_loader_20260813/formal/AMD__ETTm2__r0__H336/prefix_metrics.csv,,
AMD,ETTm2,0,720,0.3553587794303894,0.3814344108104706,0.353034903546015,0.3803590773949089,0.3553587794303894,0.3814344108104706,official_unweighted_batch_mean,10801,7,2d6e760e9b58e9e17289536e74b38cf4ed28bf23d3bdc523451bf40bf31bdf94,c88c86c1228bff2b34e6cc732fa6c430410a49765b7bdd18171d8b562015f54b,0a83b0ed00734af6a442fb364d4ef6f5fa179f0363661fb5e1a5b5098244aeaf,False,formal_horizon_specific_loader_H720_checkpoint_prefix,720,False,True,False,False,/home/yingch/exp_outputs/r-2026-fatst/main_ii_horizon_loader_20260813/formal/AMD__ETTm2__r0__H720/prefix_metrics.csv,,
AMD,ETTm2,0,96,0.17029543220996857,0.2604783773422241,0.17104534769209717,0.26088949764733693,0.17029543220996857,0.2604783773422241,official_unweighted_batch_mean,11425,7,2d6e760e9b58e9e17289536e74b38cf4ed28bf23d3bdc523451bf40bf31bdf94,3d7de567b93cc6f817abec88e4c7b26951c5ba504f07bb9bf48234110f3f3fb8,661b99a20ed6afbdb99e45c4f0a666fca3822b97a18906fe534ae46976d55818,False,formal_horizon_specific_loader_H720_checkpoint_prefix,96,False,True,False,False,/home/yingch/exp_outputs/r-2026-fatst/main_ii_horizon_loader_20260813/formal/AMD__ETTm2__r0__H96/prefix_metrics.csv,,
AMD,Solar,0,192,0.20229825377464294,0.24884508550167084,0.2008330830822495,0.24796204507461983,0.20229825377464294,0.24884508550167084,official_unweighted_batch_mean,10320,137,8f5195731cebb4f17cad8c5c6663259a21a16432d4705aa00b5a8f887bebf4d7,39be65eef4b66ba6da4220128fbddeb46b83927bbc30b8306780106721f22f82,7e865536c4a570b092d43ea042b37d5d2414d077bdb054150e02223eff4257c0,False,formal_horizon_specific_loader_H720_checkpoint_prefix,192,False,True,False,False,/home/yingch/exp_outputs/r-2026-fatst/main_ii_horizon_loader_20260813/formal/AMD__Solar__r0__H192/prefix_metrics.csv,,
AMD,Solar,0,336,0.21040301024913788,0.25388479232788086,0.20956454588462417,0.2533207636282874,0.21040301024913788,0.25388479232788086,official_unweighted_batch_mean,10176,137,8f5195731cebb4f17cad8c5c6663259a21a16432d4705aa00b5a8f887bebf4d7,7b3d812eacb77bfa54d742e7f6a67f83b565cd5a31a8b32ce8f832adff86b215,7e9ca47221a70cc784195a45fb655daa4241a97fe6c7b981b2bc6e48cd74d90b,False,formal_horizon_specific_loader_H720_checkpoint_prefix,336,False,True,False,False,/home/yingch/exp_outputs/r-2026-fatst/main_ii_horizon_loader_20260813/formal/AMD__Solar__r0__H336/prefix_metrics.csv,,
AMD,Solar,0,720,0.21470476686954498,0.25669339299201965,0.21462875610849688,0.2565215163542065,0.21470476686954498,0.25669339299201965,official_unweighted_batch_mean,9792,137,8f5195731cebb4f17cad8c5c6663259a21a16432d4705aa00b5a8f887bebf4d7,65debf8a35c3adbab9ab7b97f59fbc88c1eaf44ac6bfa2e8fca7c6b8eb4be08f,eb47ae4ed638ec69e00d6a8c6d4f0a8ec16793590628bb713e0be1c4262fa039,False,formal_horizon_specific_loader_H720_checkpoint_prefix,720,False,True,False,False,/home/yingch/exp_outputs/r-2026-fatst/main_ii_horizon_loader_20260813/formal/AMD__Solar__r0__H720/prefix_metrics.csv,,
AMD,Solar,0,96,0.1895732432603836,0.24191011488437653,0.18671205200381258,0.23975690815456266,0.1895732432603836,0.24191011488437653,official_unweighted_batch_mean,10416,137,8f5195731cebb4f17cad8c5c6663259a21a16432d4705aa00b5a8f887bebf4d7,6861296277188a8df3a52c2bd3319ad15438ec50d71062960d8aa13248a287f6,f0e358baf15fa8b00da145d6a72d2079168825b7b44876d48d906d8a6ffae464,False,formal_horizon_specific_loader_H720_checkpoint_prefix,96,False,True,False,False,/home/yingch/exp_outputs/r-2026-fatst/main_ii_horizon_loader_20260813/formal/AMD__Solar__r0__H96/prefix_metrics.csv,,
AMD,Weather,0,192,0.1940152943134308,0.24430035054683685,0.19428675217557867,0.24451325208270633,0.1940152943134308,0.24430035054683685,official_unweighted_batch_mean,10348,21,8e0dcb62be4466f0e4d802534aec7647b7015f9f33940bb164b0cc4ba0efa372,a9ac88de736a06d346d86a13f046f5805b90e7b2f95f7b05163afa657c06f9ce,ed64965611dac91498d74d04aa84f6c82a591bb0eaddb0c4caae8e0c8c572870,False,formal_horizon_specific_loader_H720_checkpoint_prefix,192,False,True,False,False,/home/yingch/exp_outputs/r-2026-fatst/main_ii_horizon_loader_20260813/formal/AMD__Weather__r0__H192/prefix_metrics.csv,,
AMD,Weather,0,336,0.2435646802186966,0.281747967004776,0.24400421777879902,0.2820622946007611,0.2435646802186966,0.281747967004776,official_unweighted_batch_mean,10204,21,8e0dcb62be4466f0e4d802534aec7647b7015f9f33940bb164b0cc4ba0efa372,6bf02e3843d293b42374439e3b5e6b10b2e366787bb77e8772588f8647730613,a1a36b497bab29263483979c64821ba1b0050c30bb7cb366a7d29084df89092b,False,formal_horizon_specific_loader_H720_checkpoint_prefix,336,False,True,False,False,/home/yingch/exp_outputs/r-2026-fatst/main_ii_horizon_loader_20260813/formal/AMD__Weather__r0__H336/prefix_metrics.csv,,
AMD,Weather,0,720,0.31507608294487,0.3323940336704254,0.314192698118834,0.3322947789447928,0.31507608294487,0.3323940336704254,official_unweighted_batch_mean,9820,21,8e0dcb62be4466f0e4d802534aec7647b7015f9f33940bb164b0cc4ba0efa372,75740f2573ab91348a1a7e9bb391979ba97a52659446db9c40be695f110c1faf,bbc080ed09902e06772202dd6f092c1b7e108b656151bc2d6d366cdde2063472,False,formal_horizon_specific_loader_H720_checkpoint_prefix,720,False,True,False,False,/home/yingch/exp_outputs/r-2026-fatst/main_ii_horizon_loader_20260813/formal/AMD__Weather__r0__H720/prefix_metrics.csv,,
AMD,Weather,0,96,0.14944301545619965,0.2039853185415268,0.14998980257957722,0.20442668686993024,0.14944301545619965,0.2039853185415268,official_unweighted_batch_mean,10444,21,8e0dcb62be4466f0e4d802534aec7647b7015f9f33940bb164b0cc4ba0efa372,57188ad0f144f626c585ce3e5f904f963a3c232a2d5b50e8ec5add108cdd8fbe,7d60538ade0e05e90cba63add3feb44ff633baaf5be6c5ae3d490944fd3fe94b,False,formal_horizon_specific_loader_H720_checkpoint_prefix,96,False,True,False,False,/home/yingch/exp_outputs/r-2026-fatst/main_ii_horizon_loader_20260813/formal/AMD__Weather__r0__H96/prefix_metrics.csv,,
DLinear,ECL,0,192,0.1538377250181711,0.25087453456710185,,,,,global_elementwise_float64,5069,7,c49661eb9bd64e87fcaf4fbb1aae4974a820c5d081176d514435848c82b404cd,4c574fee688a386795bca087227dbe5d05626aed4d9eeeeedde79147fd7820e6,5990aac2afdc2647b98eb9b0204a98a64e6a1d4d730d4fb9d4269164a9563957,False,formal_horizon_specific_loader_H720_checkpoint_prefix,192,False,True,False,False,/home/yingch/exp_outputs/r-2026-fatst/main_ii_horizon_loader_20260813/formal/DLinear__ECL__r0__H192/prefix_metrics.csv,,
DLinear,ECL,0,336,0.16948389213787135,0.2684113914520788,,,,,global_elementwise_float64,4925,7,c49661eb9bd64e87fcaf4fbb1aae4974a820c5d081176d514435848c82b404cd,c18b72573604163cec4a41f84171e2003eda69a57d484915f9f20747b8f2bcb1,a1aa9e2b83b08d500d6c57bd5eaa4515b5a563bf29c822b7dbca0580c1ad81e0,False,formal_horizon_specific_loader_H720_checkpoint_prefix,336,False,True,False,False,/home/yingch/exp_outputs/r-2026-fatst/main_ii_horizon_loader_20260813/formal/DLinear__ECL__r0__H336/prefix_metrics.csv,,
DLinear,ECL,0,720,0.2039015201867136,0.3011989567696192,,,,,global_elementwise_float64,4541,7,c49661eb9bd64e87fcaf4fbb1aae4974a820c5d081176d514435848c82b404cd,ce7f86f11d5e98e638ffe8a2eec58d746427cf218054fd4a5f94ae140df984fc,79a121a1abbc0286bf746dbb3cce83922c0ee9eff97dc19d78c2816059d9a84a,False,formal_horizon_specific_loader_H720_checkpoint_prefix,720,False,True,False,False,/home/yingch/exp_outputs/r-2026-fatst/main_ii_horizon_loader_20260813/formal/DLinear__ECL__r0__H720/prefix_metrics.csv,,
DLinear,ECL,0,96,0.14012464148972925,0.23776855976491637,,,,,global_elementwise_float64,5165,7,c49661eb9bd64e87fcaf4fbb1aae4974a820c5d081176d514435848c82b404cd,35b293e2d008bc6cc4a957860648f4b95e15e98c6518f38e5f0a87e0275383fe,9f5eb6f71ed0a4209778989e62d660616cb7bfceb88746c85fa9645efb94cb94,False,formal_horizon_specific_loader_H720_checkpoint_prefix,96,False,True,False,False,/home/yingch/exp_outputs/r-2026-fatst/main_ii_horizon_loader_20260813/formal/DLinear__ECL__r0__H96/prefix_metrics.csv,,
DLinear,ETTh1,0,192,0.4571752560448183,0.46517454421001136,,,,,global_elementwise_float64,2689,7,4fe933c04f6cffdd68781fc2c6a9f3d1fe27bc344ad73d66faf035a51fcdd32b,4cba8f344ea696799b3884de8aa020a34461470f861d63aa1271c73e308c9a8d,970800889c829e7d46541c683c2f0e8b6fdba08f1b143d3f7277c340c6851f1d,False,formal_horizon_specific_loader_H720_checkpoint_prefix,192,False,True,False,False,/home/yingch/exp_outputs/r-2026-fatst/main_ii_horizon_loader_20260813/formal/DLinear__ETTh1__r0__H192/prefix_metrics.csv,,
DLinear,ETTh1,0,336,0.48368501816896425,0.48093434105797106,,,,,global_elementwise_float64,2545,7,4fe933c04f6cffdd68781fc2c6a9f3d1fe27bc344ad73d66faf035a51fcdd32b,69f432ac56c857132e48ecd8b2b5cb042adb9e8ec54141ff3d9be293972ac6a4,6aadec30f9d0653693bfd88edafafb9ab8d712f13cb9367ea1c13b8e85f9058e,False,formal_horizon_specific_loader_H720_checkpoint_prefix,336,False,True,False,False,/home/yingch/exp_outputs/r-2026-fatst/main_ii_horizon_loader_20260813/formal/DLinear__ETTh1__r0__H336/prefix_metrics.csv,,
DLinear,ETTh1,0,720,0.5377904354270716,0.5380031065415222,,,,,global_elementwise_float64,2161,7,4fe933c04f6cffdd68781fc2c6a9f3d1fe27bc344ad73d66faf035a51fcdd32b,12d45cdeefad410c9b747394d23f01f0c735fdd1df1a38d6d0641af32bb64df8,011f2f68df1d439f9f6ad3376fb2d39695c099b42ce31da16d01babc70073d62,False,formal_horizon_specific_loader_H720_checkpoint_prefix,720,False,True,False,False,/home/yingch/exp_outputs/r-2026-fatst/main_ii_horizon_loader_20260813/formal/DLinear__ETTh1__r0__H720/prefix_metrics.csv,,
DLinear,ETTh1,0,96,0.41564803281431095,0.43648761481461207,,,,,global_elementwise_float64,2785,7,4fe933c04f6cffdd68781fc2c6a9f3d1fe27bc344ad73d66faf035a51fcdd32b,b82f9f4f756978758454cd701267b45e95b5eba2bda32a5c06b8ba83549b2484,85406b935124bf2745dc1b683d236d0d7b29747ad0e333196e9aad7030ca16b7,False,formal_horizon_specific_loader_H720_checkpoint_prefix,96,False,True,False,False,/home/yingch/exp_outputs/r-2026-fatst/main_ii_horizon_loader_20260813/formal/DLinear__ETTh1__r0__H96/prefix_metrics.csv,,
DLinear,ETTh2,0,192,0.3665346716659934,0.40830364373660716,,,,,global_elementwise_float64,2689,7,01b9b886ee850ec90aa91c0490075c8630fde81c615b8003d40b199b35de9a43,8166eae3bacf5a2e2172edca8a1f191dca0fd953f4ff6181fd77ea1a76f0f672,a6c24e6881a0ffab7697f3c4189202306f29e735acf1cb9da8020524f34cd62a,False,formal_horizon_specific_loader_H720_checkpoint_prefix,192,False,True,False,False,/home/yingch/exp_outputs/r-2026-fatst/main_ii_horizon_loader_20260813/formal/DLinear__ETTh2__r0__H192/prefix_metrics.csv,,
DLinear,ETTh2,0,336,0.3853026592179365,0.4248351392504992,,,,,global_elementwise_float64,2545,7,01b9b886ee850ec90aa91c0490075c8630fde81c615b8003d40b199b35de9a43,a90abd22f79d41fd1dc5d868217f0d71ead3d26acd465baef998987f839b2894,c495b360c244e930c91beacee1185285d77edf65fc72ab5034c3b73650f2ea35,False,formal_horizon_specific_loader_H720_checkpoint_prefix,336,False,True,False,False,/home/yingch/exp_outputs/r-2026-fatst/main_ii_horizon_loader_20260813/formal/DLinear__ETTh2__r0__H336/prefix_metrics.csv,,
DLinear,ETTh2,0,720,0.5843532290643734,0.543314874418708,,,,,global_elementwise_float64,2161,7,01b9b886ee850ec90aa91c0490075c8630fde81c615b8003d40b199b35de9a43,122ee1ba476d9c596fffcaec7fcc637d7a092b6d1c473ac7bc4bfc6ff5c09b6c,54e79c2d71f454b925b06f24fc07424541665f1167519ad75267a2d907554822,False,formal_horizon_specific_loader_H720_checkpoint_prefix,720,False,True,False,False,/home/yingch/exp_outputs/r-2026-fatst/main_ii_horizon_loader_20260813/formal/DLinear__ETTh2__r0__H720/prefix_metrics.csv,,
DLinear,ETTh2,0,96,0.3219902483114497,0.38153110657911904,,,,,global_elementwise_float64,2785,7,01b9b886ee850ec90aa91c0490075c8630fde81c615b8003d40b199b35de9a43,aa89ba432775f6e640e1040fd5d429fd9933b6ab96d57ce1dff715dd613394bb,f96ac8c63af7b3298a8a30bab921707e95145eca30fba9a72fff7a2aa0aa1eef,False,formal_horizon_specific_loader_H720_checkpoint_prefix,96,False,True,False,False,/home/yingch/exp_outputs/r-2026-fatst/main_ii_horizon_loader_20260813/formal/DLinear__ETTh2__r0__H96/prefix_metrics.csv,,
DLinear,ETTm1,0,192,0.33613560276897547,0.3667610351388911,,,,,global_elementwise_float64,11329,7,3eb5b1ee7c999decc473f3e81745a803d2548d93bae98e83e1f50fa00bfc86fe,d60e93e06771abd13a32b858b5f8cf7d48a79c5fdd464f628dd2c4b560cbc3b6,fde46e5b466612e9fd1787fc529f31641d6a358bd07cbaab9f267e2fde9850cf,False,formal_horizon_specific_loader_H720_checkpoint_prefix,192,False,True,False,False,/home/yingch/exp_outputs/r-2026-fatst/main_ii_horizon_loader_20260813/formal/DLinear__ETTm1__r0__H192/prefix_metrics.csv,,
DLinear,ETTm1,0,336,0.3706175113619444,0.38701066880079277,,,,,global_elementwise_float64,11185,7,3eb5b1ee7c999decc473f3e81745a803d2548d93bae98e83e1f50fa00bfc86fe,5c6201d0c87af5d21680665c3e919612c25005a9bb93ccda0547ee6df92d06bc,703f9efab78a24f16b87e528924abe07f2c7c1b6ba1c875437e2e1bb09f3efb4,False,formal_horizon_specific_loader_H720_checkpoint_prefix,336,False,True,False,False,/home/yingch/exp_outputs/r-2026-fatst/main_ii_horizon_loader_20260813/formal/DLinear__ETTm1__r0__H336/prefix_metrics.csv,,
DLinear,ETTm1,0,720,0.4271246087250689,0.42267383501247413,,,,,global_elementwise_float64,10801,7,3eb5b1ee7c999decc473f3e81745a803d2548d93bae98e83e1f50fa00bfc86fe,10694bb3d827e3fd8d36f99472c20aaacbff4cf1a532d4b30340fdc2e2889a8e,2c8b00914335e50e8b8e33e30a5d610e52c58564b7deaa0ec7c1eca1e8868b96,False,formal_horizon_specific_loader_H720_checkpoint_prefix,720,False,True,False,False,/home/yingch/exp_outputs/r-2026-fatst/main_ii_horizon_loader_20260813/formal/DLinear__ETTm1__r0__H720/prefix_metrics.csv,,
DLinear,ETTm1,0,96,0.3010358628576427,0.34588065616805086,,,,,global_elementwise_float64,11425,7,3eb5b1ee7c999decc473f3e81745a803d2548d93bae98e83e1f50fa00bfc86fe,54f569ac3700c4a1ff990d7b13ce8e410d652951b0804f277640ade46d1f8d6e,0f34948780407a9d9c4b5e02d2758f8019195b9f48122ee8a6623ea6b8b87698,False,formal_horizon_specific_loader_H720_checkpoint_prefix,96,False,True,False,False,/home/yingch/exp_outputs/r-2026-fatst/main_ii_horizon_loader_20260813/formal/DLinear__ETTm1__r0__H96/prefix_metrics.csv,,
DLinear,ETTm2,0,192,0.2560756032764174,0.3386333416878386,,,,,global_elementwise_float64,11329,7,bfaa451d2d6f42ac63f6c3b60edd919d77a92cde4c55fe8827e916f727cfab05,d744cec1a25d92a2072749b9284d22cd3615173b4c77bdb078a0f23695f46c93,b1e848581badd337315a220534f0bcd570dd219e08bc89598dcb1fa8823b835f,False,formal_horizon_specific_loader_H720_checkpoint_prefix,192,False,True,False,False,/home/yingch/exp_outputs/r-2026-fatst/main_ii_horizon_loader_20260813/formal/DLinear__ETTm2__r0__H192/prefix_metrics.csv,,
DLinear,ETTm2,0,336,0.3195900185296991,0.3813387570868649,,,,,global_elementwise_float64,11185,7,bfaa451d2d6f42ac63f6c3b60edd919d77a92cde4c55fe8827e916f727cfab05,2213b17368f03db397f072d31ba76b76d8fb85fb59d71554da4acc68ef9e86b7,ce9c9b983c60722f44374ce8d73b07e3d2ff856b9adcfe45ae5a6c8402f92b48,False,formal_horizon_specific_loader_H720_checkpoint_prefix,336,False,True,False,False,/home/yingch/exp_outputs/r-2026-fatst/main_ii_horizon_loader_20260813/formal/DLinear__ETTm2__r0__H336/prefix_metrics.csv,,
DLinear,ETTm2,0,720,0.4029211847615785,0.42797941925492533,,,,,global_elementwise_float64,10801,7,bfaa451d2d6f42ac63f6c3b60edd919d77a92cde4c55fe8827e916f727cfab05,3c272e496f9427a47fe30e55705ba18a2c0752a5a5385e2fefcd7d1054e91d8d,0a83b0ed00734af6a442fb364d4ef6f5fa179f0363661fb5e1a5b5098244aeaf,False,formal_horizon_specific_loader_H720_checkpoint_prefix,720,False,True,False,False,/home/yingch/exp_outputs/r-2026-fatst/main_ii_horizon_loader_20260813/formal/DLinear__ETTm2__r0__H720/prefix_metrics.csv,,
DLinear,ETTm2,0,96,0.1885020115245895,0.2889760772752121,,,,,global_elementwise_float64,11425,7,bfaa451d2d6f42ac63f6c3b60edd919d77a92cde4c55fe8827e916f727cfab05,132fb3a777efc3559f3b6b6a374fa1122701380dfe7dd7117f9801f43d80a578,661b99a20ed6afbdb99e45c4f0a666fca3822b97a18906fe534ae46976d55818,False,formal_horizon_specific_loader_H720_checkpoint_prefix,96,False,True,False,False,/home/yingch/exp_outputs/r-2026-fatst/main_ii_horizon_loader_20260813/formal/DLinear__ETTm2__r0__H96/prefix_metrics.csv,,
DLinear,Solar,0,192,0.2500897077361259,0.30946052830112136,,,,,global_elementwise_float64,10321,7,de7bb49c7ae3600c300b5cb3aef31bc6ae4afe55e0955229a9ea6e2abdf8bee3,e6eb00410f67a3ee62a1d80011af1e22d556511a2a3c5d99c1ade56d18ef09a5,697cb13d00e1bd8cdb3e0351096c571a0f756f4a269d6f39f2e78f5fd5b5ff4b,False,formal_horizon_specific_loader_H720_checkpoint_prefix,192,False,True,False,False,/home/yingch/exp_outputs/r-2026-fatst/main_ii_horizon_loader_20260813/formal/DLinear__Solar__r0__H192/prefix_metrics.csv,,
DLinear,Solar,0,336,0.269021961847894,0.3241492832855003,,,,,global_elementwise_float64,10177,7,de7bb49c7ae3600c300b5cb3aef31bc6ae4afe55e0955229a9ea6e2abdf8bee3,2a12e00adf2a6b29587b9cf650a127069386767539fddaef17836e55cb18995a,fb70c21e5923f3ac51b415f9a0839f8b9079505359c16a446859ab545e810036,False,formal_horizon_specific_loader_H720_checkpoint_prefix,336,False,True,False,False,/home/yingch/exp_outputs/r-2026-fatst/main_ii_horizon_loader_20260813/formal/DLinear__Solar__r0__H336/prefix_metrics.csv,,
DLinear,Solar,0,720,0.27086608348467806,0.3274722590788683,,,,,global_elementwise_float64,9793,7,de7bb49c7ae3600c300b5cb3aef31bc6ae4afe55e0955229a9ea6e2abdf8bee3,40ef8a52a35f2db4c0574b5bd20c6ec1bae201b26c1c37c44fdaa0f9e3492c44,80fce4a8461f8143c88917f4322783997c3dd0392f237be7db1d33c2e54f9f98,False,formal_horizon_specific_loader_H720_checkpoint_prefix,720,False,True,False,False,/home/yingch/exp_outputs/r-2026-fatst/main_ii_horizon_loader_20260813/formal/DLinear__Solar__r0__H720/prefix_metrics.csv,,
DLinear,Solar,0,96,0.2223858711251819,0.29151030730347394,,,,,global_elementwise_float64,10417,7,de7bb49c7ae3600c300b5cb3aef31bc6ae4afe55e0955229a9ea6e2abdf8bee3,a8d0797cf370929150f60f60bbc140cae02b5a5e28cdf5c24d707f1ebeed5916,e27da7d75b2c220cbbefa14328d651108f493ac91b75705ae420bafcc63aaf30,False,formal_horizon_specific_loader_H720_checkpoint_prefix,96,False,True,False,False,/home/yingch/exp_outputs/r-2026-fatst/main_ii_horizon_loader_20260813/formal/DLinear__Solar__r0__H96/prefix_metrics.csv,,
DLinear,Weather,0,192,0.21841101110991135,0.2782469473007667,,,,,global_elementwise_float64,10348,7,a25d567686dd8daa9ad2ed12b43d8ca1362a665977b32c4fe0a1fea224000911,b8ba535bd6f244a191642f85423c8bd75ecfbdadfa0a2ca4d58e459a7e5dcb9e,6a07c44aa169ac9d25eba21972dc59a87afcfc0e99b88a054b8c8c6dea18e02d,False,formal_horizon_specific_loader_H720_checkpoint_prefix,192,False,True,False,False,/home/yingch/exp_outputs/r-2026-fatst/main_ii_horizon_loader_20260813/formal/DLinear__Weather__r0__H192/prefix_metrics.csv,,
DLinear,Weather,0,336,0.26433005725428926,0.31690158758528614,,,,,global_elementwise_float64,10204,7,a25d567686dd8daa9ad2ed12b43d8ca1362a665977b32c4fe0a1fea224000911,7cbbaebb4170c374e99deba2570cda7be130db1531e102c8f3bb8950c091c636,092591df9a108dde5a21c31771d85f13a9f1ef47b9f28b40848705d687bb8278,False,formal_horizon_specific_loader_H720_checkpoint_prefix,336,False,True,False,False,/home/yingch/exp_outputs/r-2026-fatst/main_ii_horizon_loader_20260813/formal/DLinear__Weather__r0__H336/prefix_metrics.csv,,
DLinear,Weather,0,720,0.32820864097883984,0.36948836082227016,,,,,global_elementwise_float64,9820,7,a25d567686dd8daa9ad2ed12b43d8ca1362a665977b32c4fe0a1fea224000911,8f8c8108c57d156d271cf445d7ba1aab9842a76e2e37f6a7fc408a101200471e,df4dfc97a38243afa0ef6602e6d8d1ad587d09b7db5c20b385cf7b41a0b5dc23,False,formal_horizon_specific_loader_H720_checkpoint_prefix,720,False,True,False,False,/home/yingch/exp_outputs/r-2026-fatst/main_ii_horizon_loader_20260813/formal/DLinear__Weather__r0__H720/prefix_metrics.csv,,
DLinear,Weather,0,96,0.17696339894453295,0.24018213604013555,,,,,global_elementwise_float64,10444,7,a25d567686dd8daa9ad2ed12b43d8ca1362a665977b32c4fe0a1fea224000911,31356b6416e3a44dafd06d9da95e4b1b762e9f2a97d4640a107ac50c560db931,7187063fb4c029b8b0d4df8b7c60372c65ea5c533d10978f9252b5caab8d6e7a,False,formal_horizon_specific_loader_H720_checkpoint_prefix,96,False,True,False,False,/home/yingch/exp_outputs/r-2026-fatst/main_ii_horizon_loader_20260813/formal/DLinear__Weather__r0__H96/prefix_metrics.csv,,
PatchTST,ECL,0,192,0.1481864305342746,0.24274339117796648,,,,,global_elementwise_float64,5056,7,6d4629f5f7676851b3872c89afa750fbff5f384dc106c3eeb25f052bc87b8edc,322f0041fcc4061962592da67cc87d8ee44e62331e62541ee80c77daf83bd1fa,03f110b398aa980a4ccbbfcf5a75c7fdb88e044739333ce0e9f793b94c8a6173,False,formal_horizon_specific_loader_H720_checkpoint_prefix,192,True,True,False,False,/home/yingch/exp_outputs/r-2026-fatst/main_ii_horizon_loader_20260813/formal/PatchTST__ECL__r0__H192/prefix_metrics.csv,,
PatchTST,ECL,0,336,0.16402228231563026,0.2593081046663553,,,,,global_elementwise_float64,4896,7,6d4629f5f7676851b3872c89afa750fbff5f384dc106c3eeb25f052bc87b8edc,503534ee63f31024732242a0fb13f60380cafa6341ceffbc7d7bd67e18838526,addc971ddea3c27e80c9a6d8c435ee07a5db59af3c1f645ae73a84463e1d1f8d,False,formal_horizon_specific_loader_H720_checkpoint_prefix,336,True,True,False,False,/home/yingch/exp_outputs/r-2026-fatst/main_ii_horizon_loader_20260813/formal/PatchTST__ECL__r0__H336/prefix_metrics.csv,,
PatchTST,ECL,0,720,0.20113193420649367,0.29123891046088796,,,,,global_elementwise_float64,4512,7,6d4629f5f7676851b3872c89afa750fbff5f384dc106c3eeb25f052bc87b8edc,36a15657ef2bfaf0222f042bde3662df67b0e2c0df9826ea619586631db6c5b6,6b2967c769f95cdd8a3376c3f15541f7476fd5c3b1a1536479e3d0e24044a5d4,False,formal_horizon_specific_loader_H720_checkpoint_prefix,720,True,True,False,False,/home/yingch/exp_outputs/r-2026-fatst/main_ii_horizon_loader_20260813/formal/PatchTST__ECL__r0__H720/prefix_metrics.csv,,
PatchTST,ECL,0,96,0.13244178673497767,0.2277300278777698,,,,,global_elementwise_float64,5152,7,6d4629f5f7676851b3872c89afa750fbff5f384dc106c3eeb25f052bc87b8edc,f8fa26fb835aee1e142333fa069cdd165f908e63c9dbc85b9a4083e1eba68c8c,d5313ce57779b0a9262c6f49a82e3a34df17912216c421902d7d15992db65bb2,False,formal_horizon_specific_loader_H720_checkpoint_prefix,96,True,True,False,False,/home/yingch/exp_outputs/r-2026-fatst/main_ii_horizon_loader_20260813/formal/PatchTST__ECL__r0__H96/prefix_metrics.csv,,
PatchTST,ETTh1,0,192,0.42873382142152655,0.43277164533530665,,,,,global_elementwise_float64,2688,7,d9eac710012953526373f5229798d4fb4bbe97e8ef33eaa1537df76a7f5a8511,deff3247e1507cde91fbfd8cf5aafee199ca67ef85ca86195f148a7d46db7670,de7fbb64362beb7ae0cd131cee6d9598b96efc1ed83cbe56bf4a6c00fb4c7772,False,formal_horizon_specific_loader_H720_checkpoint_prefix,192,True,True,False,False,/home/yingch/exp_outputs/r-2026-fatst/main_ii_horizon_loader_20260813/formal/PatchTST__ETTh1__r0__H192/prefix_metrics.csv,,
PatchTST,ETTh1,0,336,0.4395839739597164,0.4419204562982333,,,,,global_elementwise_float64,2432,7,d9eac710012953526373f5229798d4fb4bbe97e8ef33eaa1537df76a7f5a8511,ba5a49cf2b69f1d4442ec5c3524b0152173bd829a4d5ed99ff16dd6f9f015876,4bc008bf16ed058b5b34f4666cbbfb2668d0a6d0ed4de953604fa637b6e23d9b,False,formal_horizon_specific_loader_H720_checkpoint_prefix,336,True,True,False,False,/home/yingch/exp_outputs/r-2026-fatst/main_ii_horizon_loader_20260813/formal/PatchTST__ETTh1__r0__H336/prefix_metrics.csv,,
PatchTST,ETTh1,0,720,0.4552059014759845,0.46912057278761454,,,,,global_elementwise_float64,2048,7,d9eac710012953526373f5229798d4fb4bbe97e8ef33eaa1537df76a7f5a8511,0f46e5ea7bb51cd0aa9961f5cce9fb920999fbf9946eec300ddae43f67b2c43e,ec97a2c0ffcb5ff9219d5a34b2443f42dbd5fcc436e55ad93c34caa99d195b3b,False,formal_horizon_specific_loader_H720_checkpoint_prefix,720,True,True,False,False,/home/yingch/exp_outputs/r-2026-fatst/main_ii_horizon_loader_20260813/formal/PatchTST__ETTh1__r0__H720/prefix_metrics.csv,,
PatchTST,ETTh1,0,96,0.394347689569492,0.41422656325614177,,,,,global_elementwise_float64,2688,7,d9eac710012953526373f5229798d4fb4bbe97e8ef33eaa1537df76a7f5a8511,6b4582912330657c02bbb5b758280131080cdd1dac2e767b51e619e101f13cf4,37ade9aa7469baa29e328c82b388a8031a5ada5a46b3ffaae936c876e1074130,False,formal_horizon_specific_loader_H720_checkpoint_prefix,96,True,True,False,False,/home/yingch/exp_outputs/r-2026-fatst/main_ii_horizon_loader_20260813/formal/PatchTST__ETTh1__r0__H96/prefix_metrics.csv,,
PatchTST,ETTh2,0,192,0.33575051091082253,0.3792769861895981,,,,,global_elementwise_float64,2688,7,a55f3c8f27f45e6428d7ff2face1d37407697100e6cc5a2b550490ed892d5360,55c3c554f4e7a000f5963dd408a7d0ac9ffe8b14975f259785433266e4b5014f,2b6efce0cb388f96d5c870e97a4f8c43f21eb33f8f9b0435948b66cfde96cb84,False,formal_horizon_specific_loader_H720_checkpoint_prefix,192,True,True,False,False,/home/yingch/exp_outputs/r-2026-fatst/main_ii_horizon_loader_20260813/formal/PatchTST__ETTh2__r0__H192/prefix_metrics.csv,,
PatchTST,ETTh2,0,336,0.3249296809364453,0.38253561923493506,,,,,global_elementwise_float64,2432,7,a55f3c8f27f45e6428d7ff2face1d37407697100e6cc5a2b550490ed892d5360,95735152e28443ee886ebc9e81ba1d03f72ed51e88eb854c14a147cf6d327fd5,f301002cb02af6ca650bf371dcc84ebe7b8ea79e7646c42a093ca4cb554f9744,False,formal_horizon_specific_loader_H720_checkpoint_prefix,336,True,True,False,False,/home/yingch/exp_outputs/r-2026-fatst/main_ii_horizon_loader_20260813/formal/PatchTST__ETTh2__r0__H336/prefix_metrics.csv,,
PatchTST,ETTh2,0,720,0.3782814496619074,0.42092310585845294,,,,,global_elementwise_float64,2048,7,a55f3c8f27f45e6428d7ff2face1d37407697100e6cc5a2b550490ed892d5360,e6e0b4fd91b1238ee1edbd0ba39c975ec90a3dad52969dbf7c7bb219bb3e3577,066e8d712cc80822e4e2e2d82e5a587bd5cfbd646c99631ab7001bf066f2af31,False,formal_horizon_specific_loader_H720_checkpoint_prefix,720,True,True,False,False,/home/yingch/exp_outputs/r-2026-fatst/main_ii_horizon_loader_20260813/formal/PatchTST__ETTh2__r0__H720/prefix_metrics.csv,,
PatchTST,ETTh2,0,96,0.2737291395203343,0.3380427825383483,,,,,global_elementwise_float64,2688,7,a55f3c8f27f45e6428d7ff2face1d37407697100e6cc5a2b550490ed892d5360,b737e6b8a775c435efff37523e8cd99c6ee14b3a97a1e69ebce9e4906717c60a,b50a11eed0c82c9b32635531bc0b25fa69194368c9d716ecb284bdd09beba11b,False,formal_horizon_specific_loader_H720_checkpoint_prefix,96,True,True,False,False,/home/yingch/exp_outputs/r-2026-fatst/main_ii_horizon_loader_20260813/formal/PatchTST__ETTh2__r0__H96/prefix_metrics.csv,,
PatchTST,ETTm1,0,192,0.3354101618545973,0.37238737217502543,,,,,global_elementwise_float64,11264,7,33d5d5caac7f6eaff065a2785bff04e1fcd7e543de7b575c97bc7da01be3cc83,aeb2c2b39de10a952618854b3ba58d4ad758d296c11b48a0c51f4a2a01b9450b,9bd2f4a7d687636170c83ea23ea44593718f77974c79153d5b970980795fb963,False,formal_horizon_specific_loader_H720_checkpoint_prefix,192,True,True,False,False,/home/yingch/exp_outputs/r-2026-fatst/main_ii_horizon_loader_20260813/formal/PatchTST__ETTm1__r0__H192/prefix_metrics.csv,,
PatchTST,ETTm1,0,336,0.3667894431772392,0.3917715343814122,,,,,global_elementwise_float64,11136,7,33d5d5caac7f6eaff065a2785bff04e1fcd7e543de7b575c97bc7da01be3cc83,c435b2945e0e03b1137f928a51addce18493b9e141f92cd36dfb3198143baf17,c6f11caf62cc0a632be12840dca2c71a08db5f1a27a048763200f67a7345fe3a,False,formal_horizon_specific_loader_H720_checkpoint_prefix,336,True,True,False,False,/home/yingch/exp_outputs/r-2026-fatst/main_ii_horizon_loader_20260813/formal/PatchTST__ETTm1__r0__H336/prefix_metrics.csv,,
PatchTST,ETTm1,0,720,0.41523681128568213,0.4211011790213876,,,,,global_elementwise_float64,10752,7,33d5d5caac7f6eaff065a2785bff04e1fcd7e543de7b575c97bc7da01be3cc83,ccfd7999ca2f0fe514d29fe38a9a2a74a8b049c979053171bb8420b1ed3ee9bf,736162d88e82db580a1ac6ed336319667d137f4e5bb8a01712492f2beb881233,False,formal_horizon_specific_loader_H720_checkpoint_prefix,720,True,True,False,False,/home/yingch/exp_outputs/r-2026-fatst/main_ii_horizon_loader_20260813/formal/PatchTST__ETTm1__r0__H720/prefix_metrics.csv,,
PatchTST,ETTm1,0,96,0.29774958322186107,0.3497412002668864,,,,,global_elementwise_float64,11392,7,33d5d5caac7f6eaff065a2785bff04e1fcd7e543de7b575c97bc7da01be3cc83,901f4091e1710e5762ca7a67c4b050d87ffa26615459b92c27b10aaca6f5b812,dc6a2a40ef602999b4fba3858f7de0fcf0b4bb25aa95d8bc31d5c270b7f97796,False,formal_horizon_specific_loader_H720_checkpoint_prefix,96,True,True,False,False,/home/yingch/exp_outputs/r-2026-fatst/main_ii_horizon_loader_20260813/formal/PatchTST__ETTm1__r0__H96/prefix_metrics.csv,,
PatchTST,ETTm2,0,192,0.22281598441172312,0.29477699611131086,,,,,global_elementwise_float64,11264,7,455c7ce03d593cb492c0b54ff872dfbfa54515bc2f242edb37300907bc9d394c,bf0a37293c7bb7990bcb09402a6239342ebfee0e08ba62139d7fb5da4834538f,6f3dfd8a778fd6acf650d8dae775b34c7bfadcd85972dbcee95754cff8e9187c,False,formal_horizon_specific_loader_H720_checkpoint_prefix,192,True,True,False,False,/home/yingch/exp_outputs/r-2026-fatst/main_ii_horizon_loader_20260813/formal/PatchTST__ETTm2__r0__H192/prefix_metrics.csv,,
PatchTST,ETTm2,0,336,0.27516719728176353,0.3287774157110043,,,,,global_elementwise_float64,11136,7,455c7ce03d593cb492c0b54ff872dfbfa54515bc2f242edb37300907bc9d394c,6159f7a6c40a2eccb01827d9aade25dadfac822baa48e799611e46abd2bb8b61,669732c3d007bf5e6d78c97c49179a7e0259628c060224e7074f81eb84573e94,False,formal_horizon_specific_loader_H720_checkpoint_prefix,336,True,True,False,False,/home/yingch/exp_outputs/r-2026-fatst/main_ii_horizon_loader_20260813/formal/PatchTST__ETTm2__r0__H336/prefix_metrics.csv,,
PatchTST,ETTm2,0,720,0.3648001207539759,0.38292765482199786,,,,,global_elementwise_float64,10752,7,455c7ce03d593cb492c0b54ff872dfbfa54515bc2f242edb37300907bc9d394c,448aff4cb8ef01c363bf849069a2da541d5f0fe1251378d1c908f2d297cdc555,c4174fca96f6b1e0232739a8f14af2d340df9131904a6d2f497cf5b6b876f107,False,formal_horizon_specific_loader_H720_checkpoint_prefix,720,True,True,False,False,/home/yingch/exp_outputs/r-2026-fatst/main_ii_horizon_loader_20260813/formal/PatchTST__ETTm2__r0__H720/prefix_metrics.csv,,
PatchTST,ETTm2,0,96,0.16853032059285641,0.25826431132803346,,,,,global_elementwise_float64,11392,7,455c7ce03d593cb492c0b54ff872dfbfa54515bc2f242edb37300907bc9d394c,88128c5b2c6113bc40489a993eee1a1b2996f2161bbc221069e15735942c4ae0,4d15844215ec6edfe339884fa5a843891bf1bdb78fec429d2f0d5b7d30cdccfc,False,formal_horizon_specific_loader_H720_checkpoint_prefix,96,True,True,False,False,/home/yingch/exp_outputs/r-2026-fatst/main_ii_horizon_loader_20260813/formal/PatchTST__ETTm2__r0__H96/prefix_metrics.csv,,
PatchTST,Solar,0,192,0.19025828394999694,0.2445174065802909,,,,,global_elementwise_float64,10304,7,4f2447a399e37606c213d074b057687022ac7c72a078fc2091675f99cd48bf4e,5a8237955f35683980ee0099a2e42c740cdf117117bfc8c6a5a6da77a637fbc5,bb59e952ee010046583f3e8eb74ddc4b3be3e667260a1ff94f5ac7ec57331527,False,formal_horizon_specific_loader_H720_checkpoint_prefix,192,True,True,False,False,/home/yingch/exp_outputs/r-2026-fatst/main_ii_horizon_loader_20260813/formal/PatchTST__Solar__r0__H192/prefix_metrics.csv,,
PatchTST,Solar,0,336,0.1980246214213938,0.2511802644882433,,,,,global_elementwise_float64,10176,7,4f2447a399e37606c213d074b057687022ac7c72a078fc2091675f99cd48bf4e,cb0bd0e62c504239dff71cb4e243512d3fd3313678a21d586413816af8acb5f7,d07054ba24bf56d390b6a80d6450a51d5e296f10f10641e5a4f23e8c9fdac65f,False,formal_horizon_specific_loader_H720_checkpoint_prefix,336,True,True,False,False,/home/yingch/exp_outputs/r-2026-fatst/main_ii_horizon_loader_20260813/formal/PatchTST__Solar__r0__H336/prefix_metrics.csv,,
PatchTST,Solar,0,720,0.20603524980251248,0.2574213268835299,,,,,global_elementwise_float64,9792,7,4f2447a399e37606c213d074b057687022ac7c72a078fc2091675f99cd48bf4e,864b0efedfffe4a57f0731a3e552c4b4a09a58dd77305acec0a3b2a7f801f842,45cd80494d5dae6ad3cfa62013cb7d1309d33a71971261be56c8b0529c13b1d9,False,formal_horizon_specific_loader_H720_checkpoint_prefix,720,True,True,False,False,/home/yingch/exp_outputs/r-2026-fatst/main_ii_horizon_loader_20260813/formal/PatchTST__Solar__r0__H720/prefix_metrics.csv,,
PatchTST,Solar,0,96,0.1808792562219136,0.23466925357038732,,,,,global_elementwise_float64,10400,7,4f2447a399e37606c213d074b057687022ac7c72a078fc2091675f99cd48bf4e,d654f1806b3e7b94d2ec9cdf16e4fa1e4852201c9badca059d2777b3e1f99f25,9d5c092456dd591f35b1f846c08c827173f93bcea8d53fd8b14bfc5ccc1664b0,False,formal_horizon_specific_loader_H720_checkpoint_prefix,96,True,True,False,False,/home/yingch/exp_outputs/r-2026-fatst/main_ii_horizon_loader_20260813/formal/PatchTST__Solar__r0__H96/prefix_metrics.csv,,
PatchTST,Weather,0,192,0.19927548487595478,0.24593632324204104,,,,,global_elementwise_float64,10240,7,6551cdbb7a98d2be0587cae76952f3b30e54861e615ffbb3043e6c4f60ca846c,80e9ccb57f4318bf3af2fc7d01e4cb16930538cac532ad4b980d8a3452dddb24,842e56a98a193096afd8f9497539f393716283398cc5d877bfacaafedf796706,False,formal_horizon_specific_loader_H720_checkpoint_prefix,192,True,True,False,False,/home/yingch/exp_outputs/r-2026-fatst/main_ii_horizon_loader_20260813/formal/PatchTST__Weather__r0__H192/prefix_metrics.csv,,
PatchTST,Weather,0,336,0.24895504453393474,0.2843199039867827,,,,,global_elementwise_float64,10112,7,6551cdbb7a98d2be0587cae76952f3b30e54861e615ffbb3043e6c4f60ca846c,e1a55e3c81c2e1b357a60a3fb721e46949fdc16301d807c8d690628aaffd9557,894c93e1ce2a6dd13d317e5431c5b10b3c66a4bbbb9bbf6e5b681ff64edab325,False,formal_horizon_specific_loader_H720_checkpoint_prefix,336,True,True,False,False,/home/yingch/exp_outputs/r-2026-fatst/main_ii_horizon_loader_20260813/formal/PatchTST__Weather__r0__H336/prefix_metrics.csv,,
PatchTST,Weather,0,720,0.31945801049238853,0.3354899132304421,,,,,global_elementwise_float64,9728,7,6551cdbb7a98d2be0587cae76952f3b30e54861e615ffbb3043e6c4f60ca846c,77c95c9f26a13df2d0afa728e592becfed0c16b05b9fd8734c0ad6f9ae8ea42f,e20548948e03dd7b2ddc7983e83b55ac4d6b1da1921962e912f276dcc4027fd8,False,formal_horizon_specific_loader_H720_checkpoint_prefix,720,True,True,False,False,/home/yingch/exp_outputs/r-2026-fatst/main_ii_horizon_loader_20260813/formal/PatchTST__Weather__r0__H720/prefix_metrics.csv,,
PatchTST,Weather,0,96,0.15511323672853386,0.20531351546963922,,,,,global_elementwise_float64,10368,7,6551cdbb7a98d2be0587cae76952f3b30e54861e615ffbb3043e6c4f60ca846c,539baf923be8443f00bc536afe36e3ea7c7ab2110999d69d7ccd45029df6b4d4,c8f5f48271d3c31954b8c1f641e81458e3be6b69a41630b25040de75776dc4a8,False,formal_horizon_specific_loader_H720_checkpoint_prefix,96,True,True,False,False,/home/yingch/exp_outputs/r-2026-fatst/main_ii_horizon_loader_20260813/formal/PatchTST__Weather__r0__H96/prefix_metrics.csv,,
QDF,ECL,0,192,0.16865991055965424,0.2689284086227417,,,,,official_torch_float32_global_mean,5069,321,369e8dc1c469404a4e557a38f141edceba3da331f077447c01da2aec90f944a3,bbc5cf2b8fd0c2a4ad1dd5e5865d9da0f31771fcf2cb6ddc90ba455f94fe387c,328bd9fc46a3b1c20b5e095ead4fbbf25b0ac75580ba9f1cb8aa797f26dcc799,False,formal_horizon_specific_loader_H720_checkpoint_prefix,192,True,True,False,False,/home/yingch/exp_outputs/r-2026-fatst/main_ii_horizon_loader_20260813/formal/QDF__ECL__r0__H192/prefix_metrics.csv,0.16865990520498178,0.2689283836741905
QDF,ECL,0,336,0.1847771257162094,0.2839362621307373,,,,,official_torch_float32_global_mean,4925,321,369e8dc1c469404a4e557a38f141edceba3da331f077447c01da2aec90f944a3,ca36489d317162ea73ecc85ceff358c1888a6a6a77a1bfd459f5e7dca46aa71f,fa71bab94523ce40a86c9998154de74ee39f256f9f7a0a0ef37a761217df4c8a,False,formal_horizon_specific_loader_H720_checkpoint_prefix,336,True,True,False,False,/home/yingch/exp_outputs/r-2026-fatst/main_ii_horizon_loader_20260813/formal/QDF__ECL__r0__H336/prefix_metrics.csv,0.18477712631557078,0.28393623431327114
QDF,ECL,0,720,0.22251303493976593,0.31353291869163513,,,,,official_torch_float32_global_mean,4541,321,369e8dc1c469404a4e557a38f141edceba3da331f077447c01da2aec90f944a3,2de5ea219832ae76a1c6367f3bbe12a9bdd32d4980a54a94b2140ad9f017ede4,7820e9acfd5b698218b02504f4db9a879bc96413bbbfac167283c364055dbec5,False,formal_horizon_specific_loader_H720_checkpoint_prefix,720,True,True,False,False,/home/yingch/exp_outputs/r-2026-fatst/main_ii_horizon_loader_20260813/formal/QDF__ECL__r0__H720/prefix_metrics.csv,0.2225130226816366,0.31353295212757043
QDF,ECL,0,96,0.15535767376422882,0.25786373019218445,,,,,official_torch_float32_global_mean,5165,321,369e8dc1c469404a4e557a38f141edceba3da331f077447c01da2aec90f944a3,532a4b977920fc58f519f26bac62d416726c77cc277b28cd6cd953863e411b12,cece2e0a49941835c217dd26c6a0b8d5382ce54e8dffbe7330631bbfef2b26b0,False,formal_horizon_specific_loader_H720_checkpoint_prefix,96,True,True,False,False,/home/yingch/exp_outputs/r-2026-fatst/main_ii_horizon_loader_20260813/formal/QDF__ECL__r0__H96/prefix_metrics.csv,0.15535766575727922,0.257863734558084
QDF,ETTh1,0,192,0.441180944442749,0.4413768947124481,,,,,official_torch_float32_global_mean,2689,7,9d4c48a095ef806e1ef6ab5f9fbe484625e09bbd131c97475efe26d5692232c5,0e1c75fa9d9a5d6a0ada46d111b30be6a0ea76780fc8624cfa01e336ad20579b,970800889c829e7d46541c683c2f0e8b6fdba08f1b143d3f7277c340c6851f1d,False,formal_horizon_specific_loader_H720_checkpoint_prefix,192,True,True,False,False,/home/yingch/exp_outputs/r-2026-fatst/main_ii_horizon_loader_20260813/formal/QDF__ETTh1__r0__H192/prefix_metrics.csv,0.44118095354264497,0.4413768541862575
QDF,ETTh1,0,336,0.4672858715057373,0.45861026644706726,,,,,official_torch_float32_global_mean,2545,7,9d4c48a095ef806e1ef6ab5f9fbe484625e09bbd131c97475efe26d5692232c5,4747b86244117d5b8bb0e3f46c332b51a07f01977a2dd9d38ad8814a34f034fc,6aadec30f9d0653693bfd88edafafb9ab8d712f13cb9367ea1c13b8e85f9058e,False,formal_horizon_specific_loader_H720_checkpoint_prefix,336,True,True,False,False,/home/yingch/exp_outputs/r-2026-fatst/main_ii_horizon_loader_20260813/formal/QDF__ETTh1__r0__H336/prefix_metrics.csv,0.46728585087927615,0.45861027670828974
QDF,ETTh1,0,720,0.4989432990550995,0.49280020594596863,,,,,official_torch_float32_global_mean,2161,7,9d4c48a095ef806e1ef6ab5f9fbe484625e09bbd131c97475efe26d5692232c5,4c63ff4549003a7634a589465c1c6419254e14986d008244bc26b5b0c619d00b,011f2f68df1d439f9f6ad3376fb2d39695c099b42ce31da16d01babc70073d62,False,formal_horizon_specific_loader_H720_checkpoint_prefix,720,True,True,False,False,/home/yingch/exp_outputs/r-2026-fatst/main_ii_horizon_loader_20260813/formal/QDF__ETTh1__r0__H720/prefix_metrics.csv,0.4989433100957877,0.4928002053705171
QDF,ETTh1,0,96,0.4010436236858368,0.417733758687973,,,,,official_torch_float32_global_mean,2785,7,9d4c48a095ef806e1ef6ab5f9fbe484625e09bbd131c97475efe26d5692232c5,6a1efb905e09b1b15884b8a7939e802553e7e013ff77b0f9a34e56de91c653d1,85406b935124bf2745dc1b683d236d0d7b29747ad0e333196e9aad7030ca16b7,False,formal_horizon_specific_loader_H720_checkpoint_prefix,96,True,True,False,False,/home/yingch/exp_outputs/r-2026-fatst/main_ii_horizon_loader_20260813/formal/QDF__ETTh1__r0__H96/prefix_metrics.csv,0.40104363638006063,0.41773370812066923
QDF,ETTh2,0,192,0.33358341455459595,0.38245055079460144,,,,,official_torch_float32_global_mean,2689,7,53ececae0548f4f44af4620eaedefc16102dbfbe38dfa669f85f28873e2ab406,d8d6b6dc3dc2202b01e3d53fdd96a492fa41f44ee77020c8ae401a05f7a60989,a6c24e6881a0ffab7697f3c4189202306f29e735acf1cb9da8020524f34cd62a,False,formal_horizon_specific_loader_H720_checkpoint_prefix,192,True,True,False,False,/home/yingch/exp_outputs/r-2026-fatst/main_ii_horizon_loader_20260813/formal/QDF__ETTh2__r0__H192/prefix_metrics.csv,0.3335834250007509,0.3824505511043236
QDF,ETTh2,0,336,0.3576340079307556,0.40410786867141724,,,,,official_torch_float32_global_mean,2545,7,53ececae0548f4f44af4620eaedefc16102dbfbe38dfa669f85f28873e2ab406,eac11ff29a443ab024ec623478843dd3a6d6ad594f0c4caa8aa6b00b39ee7695,c495b360c244e930c91beacee1185285d77edf65fc72ab5034c3b73650f2ea35,False,formal_horizon_specific_loader_H720_checkpoint_prefix,336,True,True,False,False,/home/yingch/exp_outputs/r-2026-fatst/main_ii_horizon_loader_20260813/formal/QDF__ETTh2__r0__H336/prefix_metrics.csv,0.3576340098126545,0.40410788221867366
QDF,ETTh2,0,720,0.40693315863609314,0.43962326645851135,,,,,official_torch_float32_global_mean,2161,7,53ececae0548f4f44af4620eaedefc16102dbfbe38dfa669f85f28873e2ab406,19587077caf0dcc46e783fe86421bd105b484a62407b8d538f19c0d702f64883,54e79c2d71f454b925b06f24fc07424541665f1167519ad75267a2d907554822,False,formal_horizon_specific_loader_H720_checkpoint_prefix,720,True,True,False,False,/home/yingch/exp_outputs/r-2026-fatst/main_ii_horizon_loader_20260813/formal/QDF__ETTh2__r0__H720/prefix_metrics.csv,0.40693316811387625,0.4396232833900077
QDF,ETTh2,0,96,0.27221277356147766,0.3404507040977478,,,,,official_torch_float32_global_mean,2785,7,53ececae0548f4f44af4620eaedefc16102dbfbe38dfa669f85f28873e2ab406,67814438d2f1026cb4bf86da8f384a550099fc5c7351aff6cde74e36e1d5402e,f96ac8c63af7b3298a8a30bab921707e95145eca30fba9a72fff7a2aa0aa1eef,False,formal_horizon_specific_loader_H720_checkpoint_prefix,96,True,True,False,False,/home/yingch/exp_outputs/r-2026-fatst/main_ii_horizon_loader_20260813/formal/QDF__ETTh2__r0__H96/prefix_metrics.csv,0.2722127941165094,0.34045069049857907
QDF,ETTm1,0,192,0.33041059970855713,0.3709307610988617,,,,,official_torch_float32_global_mean,11329,7,c5acb4ad7649ba077d8dde972b3cede1bdb495806ad87c9109224cf07523a9b3,849aba30a2d1c47d383c1b26195d99599d6753a3f83b44864795590707dd1e1c,fde46e5b466612e9fd1787fc529f31641d6a358bd07cbaab9f267e2fde9850cf,False,formal_horizon_specific_loader_H720_checkpoint_prefix,192,True,True,False,False,/home/yingch/exp_outputs/r-2026-fatst/main_ii_horizon_loader_20260813/formal/QDF__ETTm1__r0__H192/prefix_metrics.csv,0.3304105747355521,0.3709307430090399
QDF,ETTm1,0,336,0.36389973759651184,0.3909511864185333,,,,,official_torch_float32_global_mean,11185,7,c5acb4ad7649ba077d8dde972b3cede1bdb495806ad87c9109224cf07523a9b3,dbf6d50b27d49a2211b0f87f3e383b2bd5e1a68f5e037338444cf312eb216cae,703f9efab78a24f16b87e528924abe07f2c7c1b6ba1c875437e2e1bb09f3efb4,False,formal_horizon_specific_loader_H720_checkpoint_prefix,336,True,True,False,False,/home/yingch/exp_outputs/r-2026-fatst/main_ii_horizon_loader_20260813/formal/QDF__ETTm1__r0__H336/prefix_metrics.csv,0.36389973562851,0.390951203001551
QDF,ETTm1,0,720,0.4228467643260956,0.4241206645965576,,,,,official_torch_float32_global_mean,10801,7,c5acb4ad7649ba077d8dde972b3cede1bdb495806ad87c9109224cf07523a9b3,f0bf3993939aedbfdc9f026e4571c1ba3e56c9d54b4016cffb0f03ff5365577d,2c8b00914335e50e8b8e33e30a5d610e52c58564b7deaa0ec7c1eca1e8868b96,False,formal_horizon_specific_loader_H720_checkpoint_prefix,720,True,True,False,False,/home/yingch/exp_outputs/r-2026-fatst/main_ii_horizon_loader_20260813/formal/QDF__ETTm1__r0__H720/prefix_metrics.csv,0.4228467342987681,0.4241206821719756
QDF,ETTm1,0,96,0.2916393578052521,0.3483833074569702,,,,,official_torch_float32_global_mean,11425,7,c5acb4ad7649ba077d8dde972b3cede1bdb495806ad87c9109224cf07523a9b3,2b7a4989e906dd21dbe32e8e65ae3928b1446603d54c1a1d9be696aae5b7e9fb,0f34948780407a9d9c4b5e02d2758f8019195b9f48122ee8a6623ea6b8b87698,False,formal_horizon_specific_loader_H720_checkpoint_prefix,96,True,True,False,False,/home/yingch/exp_outputs/r-2026-fatst/main_ii_horizon_loader_20260813/formal/QDF__ETTm1__r0__H96/prefix_metrics.csv,0.29163934371449457,0.34838330590510075
QDF,ETTm2,0,192,0.22252507507801056,0.2940044105052948,,,,,official_torch_float32_global_mean,11329,7,21a9c9f4230e1706a60f77311d2e3ac71d2aa9aab75ece3b792afa32c1e96ef0,a83220df5a793a0ce72614f5540159273d543b35a35c096ddb3457b8d71d440e,b1e848581badd337315a220534f0bcd570dd219e08bc89598dcb1fa8823b835f,False,formal_horizon_specific_loader_H720_checkpoint_prefix,192,True,True,False,False,/home/yingch/exp_outputs/r-2026-fatst/main_ii_horizon_loader_20260813/formal/QDF__ETTm2__r0__H192/prefix_metrics.csv,0.22252506977339861,0.2940044016918329
QDF,ETTm2,0,336,0.27633845806121826,0.3295932114124298,,,,,official_torch_float32_global_mean,11185,7,21a9c9f4230e1706a60f77311d2e3ac71d2aa9aab75ece3b792afa32c1e96ef0,399a9b86df066dab3c645e90f7e67a314077dfeebc50937771a00628eb02ae54,ce9c9b983c60722f44374ce8d73b07e3d2ff856b9adcfe45ae5a6c8402f92b48,False,formal_horizon_specific_loader_H720_checkpoint_prefix,336,True,True,False,False,/home/yingch/exp_outputs/r-2026-fatst/main_ii_horizon_loader_20260813/formal/QDF__ETTm2__r0__H336/prefix_metrics.csv,0.27633848754052026,0.32959322438526395
QDF,ETTm2,0,720,0.3638134300708771,0.3853282332420349,,,,,official_torch_float32_global_mean,10801,7,21a9c9f4230e1706a60f77311d2e3ac71d2aa9aab75ece3b792afa32c1e96ef0,3382c26d8a97de2e58a0603e1d5d2be841dd72c639761dca390f94b2b6445a54,0a83b0ed00734af6a442fb364d4ef6f5fa179f0363661fb5e1a5b5098244aeaf,False,formal_horizon_specific_loader_H720_checkpoint_prefix,720,True,True,False,False,/home/yingch/exp_outputs/r-2026-fatst/main_ii_horizon_loader_20260813/formal/QDF__ETTm2__r0__H720/prefix_metrics.csv,0.3638134340361217,0.38532819289649356
QDF,ETTm2,0,96,0.16547861695289612,0.2548772692680359,,,,,official_torch_float32_global_mean,11425,7,21a9c9f4230e1706a60f77311d2e3ac71d2aa9aab75ece3b792afa32c1e96ef0,d86ce237d43fbfdb413cb64b98080b39b3091ca169bff67bcd5425103626dd47,661b99a20ed6afbdb99e45c4f0a666fca3822b97a18906fe534ae46976d55818,False,formal_horizon_specific_loader_H720_checkpoint_prefix,96,True,True,False,False,/home/yingch/exp_outputs/r-2026-fatst/main_ii_horizon_loader_20260813/formal/QDF__ETTm2__r0__H96/prefix_metrics.csv,0.1654786214577608,0.25487722990696493
QDF,Solar,0,192,0.20511923730373383,0.26704972982406616,,,,,official_torch_float32_global_mean,10321,137,a982c55d5947c9b4cd20d53889f98625dd0be3130eb54ecfb83cc18d19e892e7,c805c767f18be99e807efb03ec628fdba3e10500e695d22324f644d362e5e195,d5d0a02ee2d5a0f4c510d3962ac737acdd54c7d6f88112e1cfcba9c744d6e7ae,False,formal_horizon_specific_loader_H720_checkpoint_prefix,192,True,True,False,False,/home/yingch/exp_outputs/r-2026-fatst/main_ii_horizon_loader_20260813/formal/QDF__Solar__r0__H192/prefix_metrics.csv,0.20511922544600736,0.2670497040767406
QDF,Solar,0,336,0.2149670422077179,0.2720291018486023,,,,,official_torch_float32_global_mean,10177,137,a982c55d5947c9b4cd20d53889f98625dd0be3130eb54ecfb83cc18d19e892e7,0897851b51432815c3d2bcf59eb3047360020d29627e4e856ea5f3af7513a7c9,5a3b0b152b09731115dfbdc3fdfb749456c8f221963be7374ec419ca6baedafb,False,formal_horizon_specific_loader_H720_checkpoint_prefix,336,True,True,False,False,/home/yingch/exp_outputs/r-2026-fatst/main_ii_horizon_loader_20260813/formal/QDF__Solar__r0__H336/prefix_metrics.csv,0.21496702914656454,0.2720290784126475
QDF,Solar,0,720,0.22260445356369019,0.27768146991729736,,,,,official_torch_float32_global_mean,9793,137,a982c55d5947c9b4cd20d53889f98625dd0be3130eb54ecfb83cc18d19e892e7,d0b319f10b5411a1a944337dfa85a087148dc270bc7690f2363c4ef64a84caf3,e78af3146affcfe440ad488848ea1d82259ca4fb28452433a7a4605b9eacb5b2,False,formal_horizon_specific_loader_H720_checkpoint_prefix,720,True,True,False,False,/home/yingch/exp_outputs/r-2026-fatst/main_ii_horizon_loader_20260813/formal/QDF__Solar__r0__H720/prefix_metrics.csv,0.22260443284129597,0.27768148297921175
QDF,Solar,0,96,0.18649043142795563,0.2555790841579437,,,,,official_torch_float32_global_mean,10417,137,a982c55d5947c9b4cd20d53889f98625dd0be3130eb54ecfb83cc18d19e892e7,cacd8b9297e10313a3a548cb35954d2226bf86b748772d0ae805ed154a8d42ef,ae7d81181ccc29c069024164abd1b8587e9c40769d78b29f3f638430889b8d75,False,formal_horizon_specific_loader_H720_checkpoint_prefix,96,True,True,False,False,/home/yingch/exp_outputs/r-2026-fatst/main_ii_horizon_loader_20260813/formal/QDF__Solar__r0__H96/prefix_metrics.csv,0.18649042635744362,0.25557911006573547
QDF,Weather,0,192,0.23127062618732452,0.2763713300228119,,,,,official_torch_float32_global_mean,10348,21,1ca5ab292ce26ae2361cb115873c796518bc6aa48bb9d2d20eca1143d7990c1e,c3a0a8c37915fc78b96eb3c52cea1b71c01d1ba56664fa7110e0efb8b76217f6,61e206249e80eae0ec169941c8c8530953835fdd74420f0e014f44dd73dffa57,False,formal_horizon_specific_loader_H720_checkpoint_prefix,192,True,True,False,False,/home/yingch/exp_outputs/r-2026-fatst/main_ii_horizon_loader_20260813/formal/QDF__Weather__r0__H192/prefix_metrics.csv,0.23127064359744434,0.27637134730277035
QDF,Weather,0,336,0.27640771865844727,0.3073421120643616,,,,,official_torch_float32_global_mean,10204,21,1ca5ab292ce26ae2361cb115873c796518bc6aa48bb9d2d20eca1143d7990c1e,344a70c4c02a2f3c26518268d8abc097a70f3ebdff7d1d1b48df3491f4af8623,5c31b3ec85515bba1bd206cd3c0d036505f56ea7469cab32e86b437ca97e6495,False,formal_horizon_specific_loader_H720_checkpoint_prefix,336,True,True,False,False,/home/yingch/exp_outputs/r-2026-fatst/main_ii_horizon_loader_20260813/formal/QDF__Weather__r0__H336/prefix_metrics.csv,0.2764077225568886,0.30734211137802897
QDF,Weather,0,720,0.3410804271697998,0.35111936926841736,,,,,official_torch_float32_global_mean,9820,21,1ca5ab292ce26ae2361cb115873c796518bc6aa48bb9d2d20eca1143d7990c1e,325f88835a52fd9c65eab2ea92fa7b3d0047b0de7eba9824e955fcdba64fa5dd,84be0995abd5333cfa47424301c909c1ff610eb8e60f057d3d7f1184f7c91525,False,formal_horizon_specific_loader_H720_checkpoint_prefix,720,True,True,False,False,/home/yingch/exp_outputs/r-2026-fatst/main_ii_horizon_loader_20260813/formal/QDF__Weather__r0__H720/prefix_metrics.csv,0.3410804179629236,0.35111938001409904
QDF,Weather,0,96,0.19126012921333313,0.24560533463954926,,,,,official_torch_float32_global_mean,10444,21,1ca5ab292ce26ae2361cb115873c796518bc6aa48bb9d2d20eca1143d7990c1e,0bb990c02bd1e4debd60d34881b758537d0c2061c0d80218d6478c5a2c025482,1b17b92ee0ceb18528594ece28a79bd3578ca0de9697e8dbbf49e2cb16d9b689,False,formal_horizon_specific_loader_H720_checkpoint_prefix,96,True,True,False,False,/home/yingch/exp_outputs/r-2026-fatst/main_ii_horizon_loader_20260813/formal/QDF__Weather__r0__H96/prefix_metrics.csv,0.19126012432991377,0.24560534664764663
SimpleTM,ECL,0,192,0.15244089359226135,0.2517616430532848,0.15244089359226135,0.2517616430532848,0.15244089359226132,0.2517616430532848,global_elementwise,4864,321,fdf81406ae4201ca011bfac8a6d41656bce7a741283296377fc066c3eb24e681,d2edd06e7405a2b56d5e4cc4f69c9daa171ce77bf971631885cbee0c34a1c520,5ec8c2ea0802e4447662150dc7f6aaf25fcb7c6daf29a92832adae5e7b6b2742,False,formal_horizon_specific_loader_H720_checkpoint_prefix,192,True,True,False,False,/home/yingch/exp_outputs/r-2026-fatst/main_ii_horizon_loader_20260813/formal/SimpleTM__ECL__r0__H192/prefix_metrics.csv,,
SimpleTM,ECL,0,336,0.17293863308482788,0.2689100552847415,0.17293863308482788,0.2689100552847415,0.17293863308482785,0.26891005528474143,global_elementwise,4864,321,fdf81406ae4201ca011bfac8a6d41656bce7a741283296377fc066c3eb24e681,2ba3422a2f129dc8b26b6bcfa873cdec0a7c197e6ee29af7f70a8098b5337fd6,0b2f96f97a6834db07359194b4b23b74b4e9c5c52953985b3513a768aa0cbe6a,False,formal_horizon_specific_loader_H720_checkpoint_prefix,336,True,True,False,False,/home/yingch/exp_outputs/r-2026-fatst/main_ii_horizon_loader_20260813/formal/SimpleTM__ECL__r0__H336/prefix_metrics.csv,,
SimpleTM,ECL,0,720,0.20097305245323102,0.29345815197710484,0.20097305245323102,0.29345815197710484,0.20097305245323102,0.29345815197710484,global_elementwise,4352,321,fdf81406ae4201ca011bfac8a6d41656bce7a741283296377fc066c3eb24e681,6cada853edf51113f7364c375dff0341e757542b05ab3a279e38c25c9363bb7d,b968b9c6ae8b2df86fe7b3df4a4919dfad401c2d32ea75d568659e50ed2809e6,False,formal_horizon_specific_loader_H720_checkpoint_prefix,720,True,True,False,False,/home/yingch/exp_outputs/r-2026-fatst/main_ii_horizon_loader_20260813/formal/SimpleTM__ECL__r0__H720/prefix_metrics.csv,,
SimpleTM,ECL,0,96,0.15034128507958588,0.24583950458207685,0.15034128507958588,0.24583950458207685,0.15034128507958586,0.24583950458207687,global_elementwise,5120,321,fdf81406ae4201ca011bfac8a6d41656bce7a741283296377fc066c3eb24e681,e5a48b6b25544279031cf5b44c05b6a217622026e7aecab63eb8dfd6e3ce4fd7,5db7bd1d055791b891f84fc204bc89875c7ebb6fb72c21391f08567191ab5cfe,False,formal_horizon_specific_loader_H720_checkpoint_prefix,96,True,True,False,False,/home/yingch/exp_outputs/r-2026-fatst/main_ii_horizon_loader_20260813/formal/SimpleTM__ECL__r0__H96/prefix_metrics.csv,,
SimpleTM,ECL,1,192,0.15219719592579206,0.25163728525979695,0.15219719592579206,0.25163728525979695,0.1521971959257921,0.25163728525979695,global_elementwise,4864,321,5270458eed0d9585f610c6c5da15772b6c7ca2b9a59481ce3f7a8236a86ab54a,4d45016d79969b79b607b083066e65fa9a5524b41e917e8c0dc60f7afb6166ca,5ec8c2ea0802e4447662150dc7f6aaf25fcb7c6daf29a92832adae5e7b6b2742,False,formal_horizon_specific_loader_H720_checkpoint_prefix,192,True,True,False,False,/home/yingch/exp_outputs/r-2026-fatst/main_ii_horizon_loader_20260813/formal/SimpleTM__ECL__r1__H192/prefix_metrics.csv,,
SimpleTM,ECL,1,336,0.1727265880082269,0.2688358539948589,0.1727265880082269,0.2688358539948589,0.17272658800822693,0.2688358539948589,global_elementwise,4864,321,5270458eed0d9585f610c6c5da15772b6c7ca2b9a59481ce3f7a8236a86ab54a,4347acc7ae16e6e988da6a695889be1935336be7fec8a1ff7ad9f368af67c4bf,0b2f96f97a6834db07359194b4b23b74b4e9c5c52953985b3513a768aa0cbe6a,False,formal_horizon_specific_loader_H720_checkpoint_prefix,336,True,True,False,False,/home/yingch/exp_outputs/r-2026-fatst/main_ii_horizon_loader_20260813/formal/SimpleTM__ECL__r1__H336/prefix_metrics.csv,,
SimpleTM,ECL,1,720,0.2007126557106907,0.29350916004497485,0.2007126557106907,0.29350916004497485,0.20071265571069064,0.29350916004497485,global_elementwise,4352,321,5270458eed0d9585f610c6c5da15772b6c7ca2b9a59481ce3f7a8236a86ab54a,5ddf4ec7402565abd2d5ee78450f751b27cb641540aef0bf794eaa13a26060c5,b968b9c6ae8b2df86fe7b3df4a4919dfad401c2d32ea75d568659e50ed2809e6,False,formal_horizon_specific_loader_H720_checkpoint_prefix,720,True,True,False,False,/home/yingch/exp_outputs/r-2026-fatst/main_ii_horizon_loader_20260813/formal/SimpleTM__ECL__r1__H720/prefix_metrics.csv,,
SimpleTM,ECL,1,96,0.15009978556038406,0.2458298112930526,0.15009978556038406,0.2458298112930526,0.15009978556038403,0.24582981129305265,global_elementwise,5120,321,5270458eed0d9585f610c6c5da15772b6c7ca2b9a59481ce3f7a8236a86ab54a,30f311effa433be19da6db95b8b413d4127d18dc8dffe94de9398ff59802959f,5db7bd1d055791b891f84fc204bc89875c7ebb6fb72c21391f08567191ab5cfe,False,formal_horizon_specific_loader_H720_checkpoint_prefix,96,True,True,False,False,/home/yingch/exp_outputs/r-2026-fatst/main_ii_horizon_loader_20260813/formal/SimpleTM__ECL__r1__H96/prefix_metrics.csv,,
SimpleTM,ECL,2,192,0.15177504378122525,0.2510834723334158,0.15177504378122525,0.2510834723334158,0.1517750437812252,0.2510834723334159,global_elementwise,4864,321,ba15c8dacee597e84e15bb46583e8b6887cbb31b04fd97277cc1efa3837b343a,12285dda287ff328f9586a9d9aaec04e3e76f96a5a39d49f625557740e0b8121,5ec8c2ea0802e4447662150dc7f6aaf25fcb7c6daf29a92832adae5e7b6b2742,False,formal_horizon_specific_loader_H720_checkpoint_prefix,192,True,True,False,False,/home/yingch/exp_outputs/r-2026-fatst/main_ii_horizon_loader_20260813/formal/SimpleTM__ECL__r2__H192/prefix_metrics.csv,,
SimpleTM,ECL,2,336,0.17222163846307903,0.26835436934108325,0.17222163846307903,0.26835436934108325,0.17222163846307903,0.2683543693410832,global_elementwise,4864,321,ba15c8dacee597e84e15bb46583e8b6887cbb31b04fd97277cc1efa3837b343a,cb8ff171be5a8d8245cd5f7df6cec210b917894baf1fc3687f3fa20f0a05f98e,0b2f96f97a6834db07359194b4b23b74b4e9c5c52953985b3513a768aa0cbe6a,False,formal_horizon_specific_loader_H720_checkpoint_prefix,336,True,True,False,False,/home/yingch/exp_outputs/r-2026-fatst/main_ii_horizon_loader_20260813/formal/SimpleTM__ECL__r2__H336/prefix_metrics.csv,,
SimpleTM,ECL,2,720,0.2006064163974428,0.2935035436180512,0.2006064163974428,0.2935035436180512,0.20060641639744287,0.2935035436180512,global_elementwise,4352,321,ba15c8dacee597e84e15bb46583e8b6887cbb31b04fd97277cc1efa3837b343a,359e49a329b993f5a923498f48a168c9f4394593cb8548d24c8d1b323e4aa7d0,b968b9c6ae8b2df86fe7b3df4a4919dfad401c2d32ea75d568659e50ed2809e6,False,formal_horizon_specific_loader_H720_checkpoint_prefix,720,True,True,False,False,/home/yingch/exp_outputs/r-2026-fatst/main_ii_horizon_loader_20260813/formal/SimpleTM__ECL__r2__H720/prefix_metrics.csv,,
SimpleTM,ECL,2,96,0.149379733034186,0.24496116770757823,0.149379733034186,0.24496116770757823,0.14937973303418597,0.2449611677075782,global_elementwise,5120,321,ba15c8dacee597e84e15bb46583e8b6887cbb31b04fd97277cc1efa3837b343a,7553bf73f3de243d527ba40e6d1ba1ed408ffce0354eeb1a45bb9d2464d81b9c,5db7bd1d055791b891f84fc204bc89875c7ebb6fb72c21391f08567191ab5cfe,False,formal_horizon_specific_loader_H720_checkpoint_prefix,96,True,True,False,False,/home/yingch/exp_outputs/r-2026-fatst/main_ii_horizon_loader_20260813/formal/SimpleTM__ECL__r2__H96/prefix_metrics.csv,,
SimpleTM,ETTh1,0,192,0.4363887454840354,0.4329337923330902,0.4363887454840354,0.4329337923330902,0.4363887454840354,0.4329337923330902,global_elementwise,2560,7,aa62819f515a2062aa81faa5f0908281b3557681163e5bf3c4380272af0267c9,8686a06627b9f5722028d27da33a884d66296e5c181ebfd6599618b6899c0deb,90aea52a887d48ba2da8f6c4623c23543fcf3e7a2694f71f44701349e242517c,False,formal_horizon_specific_loader_H720_checkpoint_prefix,192,True,True,False,False,/home/yingch/exp_outputs/r-2026-fatst/main_ii_horizon_loader_20260813/formal/SimpleTM__ETTh1__r0__H192/prefix_metrics.csv,,
SimpleTM,ETTh1,0,336,0.45092340567979133,0.44338041990692595,0.45092340567979133,0.44338041990692595,0.4509234056797913,0.44338041990692584,global_elementwise,2304,7,aa62819f515a2062aa81faa5f0908281b3557681163e5bf3c4380272af0267c9,8f440fddfc835740d18030edea3f3ed0d668dd26676ca81b7fddc8acefcabda4,417832a060686cd687178befba5cc57965aa9928538e10c474266dd010c3a679,False,formal_horizon_specific_loader_H720_checkpoint_prefix,336,True,True,False,False,/home/yingch/exp_outputs/r-2026-fatst/main_ii_horizon_loader_20260813/formal/SimpleTM__ETTh1__r0__H336/prefix_metrics.csv,,
SimpleTM,ETTh1,0,720,0.47627907315803253,0.4689271890247349,0.47627907315803253,0.4689271890247349,0.47627907315803253,0.4689271890247349,global_elementwise,2048,7,aa62819f515a2062aa81faa5f0908281b3557681163e5bf3c4380272af0267c9,b5a4fc25b8628f317637f2b001ee4e127fd3166433236b8708907eba73b77582,ec97a2c0ffcb5ff9219d5a34b2443f42dbd5fcc436e55ad93c34caa99d195b3b,False,formal_horizon_specific_loader_H720_checkpoint_prefix,720,True,True,False,False,/home/yingch/exp_outputs/r-2026-fatst/main_ii_horizon_loader_20260813/formal/SimpleTM__ETTh1__r0__H720/prefix_metrics.csv,,
SimpleTM,ETTh1,0,96,0.38571812765483443,0.40839879820199215,0.38571812765483443,0.40839879820199215,0.3857181276548344,0.4083987982019921,global_elementwise,2560,7,aa62819f515a2062aa81faa5f0908281b3557681163e5bf3c4380272af0267c9,3da360286b23682019f13b5440c963983595fabbb2edc9690abf3dfb7d5619ef,26e9e82443f35a5d2fed5a317232a0e397766ee476c19624c5670daf43b185e9,False,formal_horizon_specific_loader_H720_checkpoint_prefix,96,True,True,False,False,/home/yingch/exp_outputs/r-2026-fatst/main_ii_horizon_loader_20260813/formal/SimpleTM__ETTh1__r0__H96/prefix_metrics.csv,,
SimpleTM,ETTh1,1,192,0.43074784970646746,0.42859175408067157,0.43074784970646746,0.42859175408067157,0.43074784970646746,0.4285917540806715,global_elementwise,2560,7,9c31020db6ece0fbc48e4345c3b8d77badd2e03be903a32a7315c8158128e4c4,e999444eae26931ffe0e0e79df8dc7081e45ac77cf5e156ea53bcd9c8a1ab9ae,90aea52a887d48ba2da8f6c4623c23543fcf3e7a2694f71f44701349e242517c,False,formal_horizon_specific_loader_H720_checkpoint_prefix,192,True,True,False,False,/home/yingch/exp_outputs/r-2026-fatst/main_ii_horizon_loader_20260813/formal/SimpleTM__ETTh1__r1__H192/prefix_metrics.csv,,
SimpleTM,ETTh1,1,336,0.4446629012715407,0.4390449674025807,0.4446629012715407,0.4390449674025807,0.4446629012715407,0.4390449674025807,global_elementwise,2304,7,9c31020db6ece0fbc48e4345c3b8d77badd2e03be903a32a7315c8158128e4c4,f1bedb2a3e14a99a69a7d6b459ea29447560c931a75e30b8534d42276f528509,417832a060686cd687178befba5cc57965aa9928538e10c474266dd010c3a679,False,formal_horizon_specific_loader_H720_checkpoint_prefix,336,True,True,False,False,/home/yingch/exp_outputs/r-2026-fatst/main_ii_horizon_loader_20260813/formal/SimpleTM__ETTh1__r1__H336/prefix_metrics.csv,,
SimpleTM,ETTh1,1,720,0.46234372622138264,0.46120418040690614,0.46234372622138264,0.46120418040690614,0.46234372622138276,0.46120418040690614,global_elementwise,2048,7,9c31020db6ece0fbc48e4345c3b8d77badd2e03be903a32a7315c8158128e4c4,daa6f5217315f3ab7b4567ab276b8e9e8cb9a1750333bc81c1666ec31f734c45,ec97a2c0ffcb5ff9219d5a34b2443f42dbd5fcc436e55ad93c34caa99d195b3b,False,formal_horizon_specific_loader_H720_checkpoint_prefix,720,True,True,False,False,/home/yingch/exp_outputs/r-2026-fatst/main_ii_horizon_loader_20260813/formal/SimpleTM__ETTh1__r1__H720/prefix_metrics.csv,,
SimpleTM,ETTh1,1,96,0.3788993166165382,0.40286816761712974,0.3788993166165382,0.40286816761712974,0.37889931661653825,0.40286816761712974,global_elementwise,2560,7,9c31020db6ece0fbc48e4345c3b8d77badd2e03be903a32a7315c8158128e4c4,7cdaa4768d80056b94bbcd5f256a15a9d3bae9eb1c1f6b5940fd0ec3ad3060b8,26e9e82443f35a5d2fed5a317232a0e397766ee476c19624c5670daf43b185e9,False,formal_horizon_specific_loader_H720_checkpoint_prefix,96,True,True,False,False,/home/yingch/exp_outputs/r-2026-fatst/main_ii_horizon_loader_20260813/formal/SimpleTM__ETTh1__r1__H96/prefix_metrics.csv,,
SimpleTM,ETTh1,2,192,0.4343428743074186,0.4316127333711114,0.4343428743074186,0.4316127333711114,0.4343428743074186,0.4316127333711114,global_elementwise,2560,7,77f551f656438004080af28521b6e43eb0fc2f80f7308d6cda294f298b393d3d,3f7d6a045f3b05905e9ca96cfaf444465761e82e2200b8f046fd0071c9b113d9,90aea52a887d48ba2da8f6c4623c23543fcf3e7a2694f71f44701349e242517c,False,formal_horizon_specific_loader_H720_checkpoint_prefix,192,True,True,False,False,/home/yingch/exp_outputs/r-2026-fatst/main_ii_horizon_loader_20260813/formal/SimpleTM__ETTh1__r2__H192/prefix_metrics.csv,,
SimpleTM,ETTh1,2,336,0.4493662387269458,0.4424258665726821,0.4493662387269458,0.4424258665726821,0.44936623872694587,0.44242586657268207,global_elementwise,2304,7,77f551f656438004080af28521b6e43eb0fc2f80f7308d6cda294f298b393d3d,a18889962793855868eb413c44116e26ef1d3e0e4ffd03e3e44640c124f97149,417832a060686cd687178befba5cc57965aa9928538e10c474266dd010c3a679,False,formal_horizon_specific_loader_H720_checkpoint_prefix,336,True,True,False,False,/home/yingch/exp_outputs/r-2026-fatst/main_ii_horizon_loader_20260813/formal/SimpleTM__ETTh1__r2__H336/prefix_metrics.csv,,
SimpleTM,ETTh1,2,720,0.4706214388714378,0.46624029800581734,0.4706214388714378,0.46624029800581734,0.4706214388714377,0.4662402980058173,global_elementwise,2048,7,77f551f656438004080af28521b6e43eb0fc2f80f7308d6cda294f298b393d3d,c5852ea176a0135e7ff0620bf74f795005aea0cc401737c27efc593dfc0c075e,ec97a2c0ffcb5ff9219d5a34b2443f42dbd5fcc436e55ad93c34caa99d195b3b,False,formal_horizon_specific_loader_H720_checkpoint_prefix,720,True,True,False,False,/home/yingch/exp_outputs/r-2026-fatst/main_ii_horizon_loader_20260813/formal/SimpleTM__ETTh1__r2__H720/prefix_metrics.csv,,
SimpleTM,ETTh1,2,96,0.3818494611532144,0.40554220844327427,0.3818494611532144,0.40554220844327427,0.38184946115321433,0.40554220844327427,global_elementwise,2560,7,77f551f656438004080af28521b6e43eb0fc2f80f7308d6cda294f298b393d3d,7cd53beca75838a12716bbd66314f7bdaf96f64692cc0f84b8f82123cee49960,26e9e82443f35a5d2fed5a317232a0e397766ee476c19624c5670daf43b185e9,False,formal_horizon_specific_loader_H720_checkpoint_prefix,96,True,True,False,False,/home/yingch/exp_outputs/r-2026-fatst/main_ii_horizon_loader_20260813/formal/SimpleTM__ETTh1__r2__H96/prefix_metrics.csv,,
SimpleTM,ETTh2,0,192,0.3578137676322635,0.38787228027020787,0.3578137676322635,0.38787228027020787,0.35781376763226347,0.3878722802702078,global_elementwise,2560,7,ca766bffb2459641d2bd0af1e4ec8bd7700f4f43e4936fbd0dbb0d80c280b136,bbd5754c8130a87698e77d7c345b898fddf4e30e566d1b24b9428e04b9371cc8,7af815b70394c4e1aaf39482a1c53910a98af3bc60b1d580a2da8f65091de1fe,False,formal_horizon_specific_loader_H720_checkpoint_prefix,192,True,True,False,False,/home/yingch/exp_outputs/r-2026-fatst/main_ii_horizon_loader_20260813/formal/SimpleTM__ETTh2__r0__H192/prefix_metrics.csv,,
SimpleTM,ETTh2,0,336,0.36734264697262214,0.4034562603776136,0.36734264697262214,0.4034562603776136,0.3673426469726221,0.4034562603776137,global_elementwise,2304,7,ca766bffb2459641d2bd0af1e4ec8bd7700f4f43e4936fbd0dbb0d80c280b136,7c4afc0bff0e264e7d1f8a5ee5192ab8b8a2acd35c7a968a9ec79b0f4edcd445,35750109046f81b57e965bcedb2fcc792e165ec9e04865218bc2b02c5a81df0f,False,formal_horizon_specific_loader_H720_checkpoint_prefix,336,True,True,False,False,/home/yingch/exp_outputs/r-2026-fatst/main_ii_horizon_loader_20260813/formal/SimpleTM__ETTh2__r0__H336/prefix_metrics.csv,,
SimpleTM,ETTh2,0,720,0.41504711003344213,0.43655566636397986,0.41504711003344213,0.43655566636397986,0.4150471100334421,0.4365556663639798,global_elementwise,2048,7,ca766bffb2459641d2bd0af1e4ec8bd7700f4f43e4936fbd0dbb0d80c280b136,ee6247f6e1f35ed36812da40fe7a1898551ebbc0d231c206e710e2430dd14c94,066e8d712cc80822e4e2e2d82e5a587bd5cfbd646c99631ab7001bf066f2af31,False,formal_horizon_specific_loader_H720_checkpoint_prefix,720,True,True,False,False,/home/yingch/exp_outputs/r-2026-fatst/main_ii_horizon_loader_20260813/formal/SimpleTM__ETTh2__r0__H720/prefix_metrics.csv,,
SimpleTM,ETTh2,0,96,0.2862787467005178,0.34400676446488976,0.2862787467005178,0.34400676446488976,0.2862787467005178,0.34400676446488976,global_elementwise,2560,7,ca766bffb2459641d2bd0af1e4ec8bd7700f4f43e4936fbd0dbb0d80c280b136,1373a39ac1f627a51d396695b8cf90cf08da509adcae7f544ba922e5a1bc1016,304a7d3d052ae524b212b92f1fcfd351f09160e43f4b969c22958e30a3bc3a09,False,formal_horizon_specific_loader_H720_checkpoint_prefix,96,True,True,False,False,/home/yingch/exp_outputs/r-2026-fatst/main_ii_horizon_loader_20260813/formal/SimpleTM__ETTh2__r0__H96/prefix_metrics.csv,,
SimpleTM,ETTh2,1,192,0.35689818044710664,0.3877587690530201,0.35689818044710664,0.3877587690530201,0.35689818044710664,0.3877587690530201,global_elementwise,2560,7,fbd01078197fe73d2872ad768e678b802d48a104c6d327a917b361a0552147b5,89fd3fe6f6f164454c8a5ec97549540f30213fa651f8b51a1bfd7707091c6a1f,7af815b70394c4e1aaf39482a1c53910a98af3bc60b1d580a2da8f65091de1fe,False,formal_horizon_specific_loader_H720_checkpoint_prefix,192,True,True,False,False,/home/yingch/exp_outputs/r-2026-fatst/main_ii_horizon_loader_20260813/formal/SimpleTM__ETTh2__r1__H192/prefix_metrics.csv,,
SimpleTM,ETTh2,1,336,0.3648198299127002,0.40268056687707104,0.3648198299127002,0.40268056687707104,0.3648198299127002,0.4026805668770711,global_elementwise,2304,7,fbd01078197fe73d2872ad768e678b802d48a104c6d327a917b361a0552147b5,18c75346e5f855d9c3dda108b3525132bef209b01b950f6464845d169caabdf8,35750109046f81b57e965bcedb2fcc792e165ec9e04865218bc2b02c5a81df0f,False,formal_horizon_specific_loader_H720_checkpoint_prefix,336,True,True,False,False,/home/yingch/exp_outputs/r-2026-fatst/main_ii_horizon_loader_20260813/formal/SimpleTM__ETTh2__r1__H336/prefix_metrics.csv,,
SimpleTM,ETTh2,1,720,0.41180242238418857,0.43504359875609866,0.41180242238418857,0.43504359875609866,0.41180242238418857,0.43504359875609877,global_elementwise,2048,7,fbd01078197fe73d2872ad768e678b802d48a104c6d327a917b361a0552147b5,fe453b4c959d0ccf87692f0bb47200f8377321bad2155a35d8bd66170abf1c46,066e8d712cc80822e4e2e2d82e5a587bd5cfbd646c99631ab7001bf066f2af31,False,formal_horizon_specific_loader_H720_checkpoint_prefix,720,True,True,False,False,/home/yingch/exp_outputs/r-2026-fatst/main_ii_horizon_loader_20260813/formal/SimpleTM__ETTh2__r1__H720/prefix_metrics.csv,,
SimpleTM,ETTh2,1,96,0.2843357480038912,0.34285972318497676,0.2843357480038912,0.34285972318497676,0.2843357480038912,0.34285972318497676,global_elementwise,2560,7,fbd01078197fe73d2872ad768e678b802d48a104c6d327a917b361a0552147b5,04a8fd7b40216f0a771d1a3055bdf80504f50b6c6587b013467e8881c71799e2,304a7d3d052ae524b212b92f1fcfd351f09160e43f4b969c22958e30a3bc3a09,False,formal_horizon_specific_loader_H720_checkpoint_prefix,96,True,True,False,False,/home/yingch/exp_outputs/r-2026-fatst/main_ii_horizon_loader_20260813/formal/SimpleTM__ETTh2__r1__H96/prefix_metrics.csv,,
SimpleTM,ETTh2,2,192,0.36011104365623714,0.38946749107720896,0.36011104365623714,0.38946749107720896,0.3601110436562372,0.38946749107720896,global_elementwise,2560,7,0b63447b4a81a43e603403ec406a3246163f2daaba9c0d5841ce6e253d4e8a24,594c8289317c190b8a2365fff81c3df930ea9bc40d5c15e921422beb5e51d44c,7af815b70394c4e1aaf39482a1c53910a98af3bc60b1d580a2da8f65091de1fe,False,formal_horizon_specific_loader_H720_checkpoint_prefix,192,True,True,False,False,/home/yingch/exp_outputs/r-2026-fatst/main_ii_horizon_loader_20260813/formal/SimpleTM__ETTh2__r2__H192/prefix_metrics.csv,,
SimpleTM,ETTh2,2,336,0.36979334967069655,0.405317474049003,0.36979334967069655,0.405317474049003,0.3697933496706965,0.4053174740490031,global_elementwise,2304,7,0b63447b4a81a43e603403ec406a3246163f2daaba9c0d5841ce6e253d4e8a24,14a394a560dd71b15ee6d94fbec6b83bf5e49e41476248c7e817ef16b702b556,35750109046f81b57e965bcedb2fcc792e165ec9e04865218bc2b02c5a81df0f,False,formal_horizon_specific_loader_H720_checkpoint_prefix,336,True,True,False,False,/home/yingch/exp_outputs/r-2026-fatst/main_ii_horizon_loader_20260813/formal/SimpleTM__ETTh2__r2__H336/prefix_metrics.csv,,
SimpleTM,ETTh2,2,720,0.41644708184118057,0.4376756919899971,0.41644708184118057,0.4376756919899971,0.4164470818411806,0.4376756919899971,global_elementwise,2048,7,0b63447b4a81a43e603403ec406a3246163f2daaba9c0d5841ce6e253d4e8a24,b1f4bc31f727673ccb37922ea8f78dea5f6c901160d403510deeef27e399f575,066e8d712cc80822e4e2e2d82e5a587bd5cfbd646c99631ab7001bf066f2af31,False,formal_horizon_specific_loader_H720_checkpoint_prefix,720,True,True,False,False,/home/yingch/exp_outputs/r-2026-fatst/main_ii_horizon_loader_20260813/formal/SimpleTM__ETTh2__r2__H720/prefix_metrics.csv,,
SimpleTM,ETTh2,2,96,0.2856740108093655,0.3442097480886212,0.2856740108093655,0.3442097480886212,0.2856740108093655,0.34420974808862115,global_elementwise,2560,7,0b63447b4a81a43e603403ec406a3246163f2daaba9c0d5841ce6e253d4e8a24,bd68c97c21c12e7f5d8f1cad7841614531a88e13b162239cf7a2cca3c04ff235,304a7d3d052ae524b212b92f1fcfd351f09160e43f4b969c22958e30a3bc3a09,False,formal_horizon_specific_loader_H720_checkpoint_prefix,96,True,True,False,False,/home/yingch/exp_outputs/r-2026-fatst/main_ii_horizon_loader_20260813/formal/SimpleTM__ETTh2__r2__H96/prefix_metrics.csv,,
SimpleTM,ETTm1,0,192,0.363003081988697,0.3853561611615073,0.363003081988697,0.3853561611615073,0.36300308198869713,0.3853561611615073,global_elementwise,11264,7,581f8e18d298b0885324a016e1ee7ebcdb9c13f65246af2dc16f046f72190840,f1a27b2f78597873e8ade4c874aec8f98ec1bcafe08f90b37d563c7455b09445,9bd2f4a7d687636170c83ea23ea44593718f77974c79153d5b970980795fb963,False,formal_horizon_specific_loader_H720_checkpoint_prefix,192,True,True,False,False,/home/yingch/exp_outputs/r-2026-fatst/main_ii_horizon_loader_20260813/formal/SimpleTM__ETTm1__r0__H192/prefix_metrics.csv,,
SimpleTM,ETTm1,0,336,0.3927267865870869,0.4063275482358203,0.3927267865870869,0.4063275482358203,0.39272678658708676,0.4063275482358203,global_elementwise,11008,7,581f8e18d298b0885324a016e1ee7ebcdb9c13f65246af2dc16f046f72190840,5a89d1354a69ee647aec45b711493cc6df2ecd0fcf675574c4ac32be9752b24e,27218b6b21e859da691f70a9545c51b95ae3101c3c81dc87a03bb4a79976a13c,False,formal_horizon_specific_loader_H720_checkpoint_prefix,336,True,True,False,False,/home/yingch/exp_outputs/r-2026-fatst/main_ii_horizon_loader_20260813/formal/SimpleTM__ETTm1__r0__H336/prefix_metrics.csv,,
SimpleTM,ETTm1,0,720,0.4549467909046441,0.4386352245062859,0.4549467909046441,0.4386352245062859,0.4549467909046442,0.43863522450628584,global_elementwise,10752,7,581f8e18d298b0885324a016e1ee7ebcdb9c13f65246af2dc16f046f72190840,915f0dc51bde67be626c10c4b18706d700af604c6a9e59bfadb3b4be476ca906,736162d88e82db580a1ac6ed336319667d137f4e5bb8a01712492f2beb881233,False,formal_horizon_specific_loader_H720_checkpoint_prefix,720,True,True,False,False,/home/yingch/exp_outputs/r-2026-fatst/main_ii_horizon_loader_20260813/formal/SimpleTM__ETTm1__r0__H720/prefix_metrics.csv,,
SimpleTM,ETTm1,0,96,0.3270519916222605,0.36926148314453766,0.3270519916222605,0.36926148314453766,0.32705199162226045,0.3692614831445377,global_elementwise,11264,7,581f8e18d298b0885324a016e1ee7ebcdb9c13f65246af2dc16f046f72190840,74b7b67a3254f436be370bb208acf065ecce0ec0acabbf0e52ca70efeb5d5f6b,6fab0428ec5e39379cffeb5b827d19762db9d72ef66e623ea51f41f6363a17d7,False,formal_horizon_specific_loader_H720_checkpoint_prefix,96,True,True,False,False,/home/yingch/exp_outputs/r-2026-fatst/main_ii_horizon_loader_20260813/formal/SimpleTM__ETTm1__r0__H96/prefix_metrics.csv,,
SimpleTM,ETTm1,1,192,0.361970448747593,0.38403765898000847,0.361970448747593,0.38403765898000847,0.361970448747593,0.3840376589800085,global_elementwise,11264,7,d8dd64369682cc48d873b2db4fb6e2fbfd3739d6b99a4bd926df093422218019,9a569d8f29c4f9455ed59041e0f529c3d7323d0785b4bc9867b229249f3a16a5,9bd2f4a7d687636170c83ea23ea44593718f77974c79153d5b970980795fb963,False,formal_horizon_specific_loader_H720_checkpoint_prefix,192,True,True,False,False,/home/yingch/exp_outputs/r-2026-fatst/main_ii_horizon_loader_20260813/formal/SimpleTM__ETTm1__r1__H192/prefix_metrics.csv,,
SimpleTM,ETTm1,1,336,0.3918932950581858,0.4052339660736198,0.3918932950581858,0.4052339660736198,0.3918932950581859,0.4052339660736198,global_elementwise,11008,7,d8dd64369682cc48d873b2db4fb6e2fbfd3739d6b99a4bd926df093422218019,beed2bcb99a1b508473b4ccdf1711851cf5b529478ba8c3cc137e7b09723b2a9,27218b6b21e859da691f70a9545c51b95ae3101c3c81dc87a03bb4a79976a13c,False,formal_horizon_specific_loader_H720_checkpoint_prefix,336,True,True,False,False,/home/yingch/exp_outputs/r-2026-fatst/main_ii_horizon_loader_20260813/formal/SimpleTM__ETTm1__r1__H336/prefix_metrics.csv,,
SimpleTM,ETTm1,1,720,0.45361710393334126,0.43749189207254596,0.45361710393334126,0.43749189207254596,0.45361710393334115,0.4374918920725459,global_elementwise,10752,7,d8dd64369682cc48d873b2db4fb6e2fbfd3739d6b99a4bd926df093422218019,8dfd1a80148c9c72b9436cd9c1f0defc904ba161760c01e97e5a7ff7c848cc09,736162d88e82db580a1ac6ed336319667d137f4e5bb8a01712492f2beb881233,False,formal_horizon_specific_loader_H720_checkpoint_prefix,720,True,True,False,False,/home/yingch/exp_outputs/r-2026-fatst/main_ii_horizon_loader_20260813/formal/SimpleTM__ETTm1__r1__H720/prefix_metrics.csv,,
SimpleTM,ETTm1,1,96,0.32634072100866823,0.36773621788863614,0.32634072100866823,0.36773621788863614,0.3263407210086683,0.36773621788863603,global_elementwise,11264,7,d8dd64369682cc48d873b2db4fb6e2fbfd3739d6b99a4bd926df093422218019,4411e93a0200af7b5e89dbac07c1b5ce262a7ea1e05556d57d0d847870f35a43,6fab0428ec5e39379cffeb5b827d19762db9d72ef66e623ea51f41f6363a17d7,False,formal_horizon_specific_loader_H720_checkpoint_prefix,96,True,True,False,False,/home/yingch/exp_outputs/r-2026-fatst/main_ii_horizon_loader_20260813/formal/SimpleTM__ETTm1__r1__H96/prefix_metrics.csv,,
SimpleTM,ETTm1,2,192,0.36164670877804783,0.3842341183352958,0.36164670877804783,0.3842341183352958,0.36164670877804783,0.38423411833529586,global_elementwise,11264,7,8a266493553f2137586da57e28d8ffa242351ccdf4fae56746feacd2f4c30fcc,f461bec69db751c6e7959569f9b0b7f8bf0781fc4b0fe09f7ce338494a5ccefb,9bd2f4a7d687636170c83ea23ea44593718f77974c79153d5b970980795fb963,False,formal_horizon_specific_loader_H720_checkpoint_prefix,192,True,True,False,False,/home/yingch/exp_outputs/r-2026-fatst/main_ii_horizon_loader_20260813/formal/SimpleTM__ETTm1__r2__H192/prefix_metrics.csv,,
SimpleTM,ETTm1,2,336,0.3915796514035208,0.40512847876147534,0.3915796514035208,0.40512847876147534,0.39157965140352075,0.40512847876147545,global_elementwise,11008,7,8a266493553f2137586da57e28d8ffa242351ccdf4fae56746feacd2f4c30fcc,9ac5b0177c5ad7fcb014a353325a35a27097faa8de451b0a5142fd0758637819,27218b6b21e859da691f70a9545c51b95ae3101c3c81dc87a03bb4a79976a13c,False,formal_horizon_specific_loader_H720_checkpoint_prefix,336,True,True,False,False,/home/yingch/exp_outputs/r-2026-fatst/main_ii_horizon_loader_20260813/formal/SimpleTM__ETTm1__r2__H336/prefix_metrics.csv,,
SimpleTM,ETTm1,2,720,0.4541940325574089,0.43771600270794014,0.4541940325574089,0.43771600270794014,0.454194032557409,0.4377160027079399,global_elementwise,10752,7,8a266493553f2137586da57e28d8ffa242351ccdf4fae56746feacd2f4c30fcc,c2402864a9841cc17a1d51e32a17ca9f95ff92618757cb99325b2749f284e76e,736162d88e82db580a1ac6ed336319667d137f4e5bb8a01712492f2beb881233,False,formal_horizon_specific_loader_H720_checkpoint_prefix,720,True,True,False,False,/home/yingch/exp_outputs/r-2026-fatst/main_ii_horizon_loader_20260813/formal/SimpleTM__ETTm1__r2__H720/prefix_metrics.csv,,
SimpleTM,ETTm1,2,96,0.3254132617446758,0.3676791923977316,0.3254132617446758,0.3676791923977316,0.32541326174467566,0.3676791923977316,global_elementwise,11264,7,8a266493553f2137586da57e28d8ffa242351ccdf4fae56746feacd2f4c30fcc,2d40b855df45af3f87e644fb45c7cab0010e51722ed1acd45fbac8061c6240b0,6fab0428ec5e39379cffeb5b827d19762db9d72ef66e623ea51f41f6363a17d7,False,formal_horizon_specific_loader_H720_checkpoint_prefix,96,True,True,False,False,/home/yingch/exp_outputs/r-2026-fatst/main_ii_horizon_loader_20260813/formal/SimpleTM__ETTm1__r2__H96/prefix_metrics.csv,,
SimpleTM,ETTm2,0,192,0.24836270732885868,0.30845380678181067,0.24836270732885868,0.30845380678181067,0.24836270732885868,0.30845380678181056,global_elementwise,11264,7,78ec2827c8e7944968321f988f0c9e8ab90d0d6054eaad0ff84415bbc3e34375,f5a5f4ceb6888fb1b165064af1b41d5a2b08245f5ff14afd74d13918bf94fc00,6f3dfd8a778fd6acf650d8dae775b34c7bfadcd85972dbcee95754cff8e9187c,False,formal_horizon_specific_loader_H720_checkpoint_prefix,192,True,True,False,False,/home/yingch/exp_outputs/r-2026-fatst/main_ii_horizon_loader_20260813/formal/SimpleTM__ETTm2__r0__H192/prefix_metrics.csv,,
SimpleTM,ETTm2,0,336,0.30766060044828586,0.34601458156456005,0.30766060044828586,0.34601458156456005,0.3076606004482859,0.34601458156456,global_elementwise,11136,7,78ec2827c8e7944968321f988f0c9e8ab90d0d6054eaad0ff84415bbc3e34375,234bf7a409cbae69a6984dd17919480f574a18d22e4edebbf5dad7371dbbf89a,669732c3d007bf5e6d78c97c49179a7e0259628c060224e7074f81eb84573e94,False,formal_horizon_specific_loader_H720_checkpoint_prefix,336,True,True,False,False,/home/yingch/exp_outputs/r-2026-fatst/main_ii_horizon_loader_20260813/formal/SimpleTM__ETTm2__r0__H336/prefix_metrics.csv,,
SimpleTM,ETTm2,0,720,0.4054686443537393,0.4021085837161947,0.4054686443537393,0.4021085837161947,0.4054686443537393,0.40210858371619457,global_elementwise,10752,7,78ec2827c8e7944968321f988f0c9e8ab90d0d6054eaad0ff84415bbc3e34375,222cecddde410e78aa140c0fe8d6f569fb74cc853713dcdaf8ca02832c72b3c4,c4174fca96f6b1e0232739a8f14af2d340df9131904a6d2f497cf5b6b876f107,False,formal_horizon_specific_loader_H720_checkpoint_prefix,720,True,True,False,False,/home/yingch/exp_outputs/r-2026-fatst/main_ii_horizon_loader_20260813/formal/SimpleTM__ETTm2__r0__H720/prefix_metrics.csv,,
SimpleTM,ETTm2,0,96,0.18644514431486767,0.2702407110309939,0.18644514431486767,0.2702407110309939,0.1864451443148677,0.27024071103099384,global_elementwise,11264,7,78ec2827c8e7944968321f988f0c9e8ab90d0d6054eaad0ff84415bbc3e34375,49d82c169c6eb3e3c480482c245f64de7b70bef28443ad70a4ccfcf7e4a87837,928c8561f581d2cf094d8845af8e4201838691f32fa87a9a52d8f291a9c3d1a6,False,formal_horizon_specific_loader_H720_checkpoint_prefix,96,True,True,False,False,/home/yingch/exp_outputs/r-2026-fatst/main_ii_horizon_loader_20260813/formal/SimpleTM__ETTm2__r0__H96/prefix_metrics.csv,,
SimpleTM,ETTm2,1,192,0.24268122636783734,0.30417773363274064,0.24268122636783734,0.30417773363274064,0.24268122636783734,0.30417773363274053,global_elementwise,11264,7,d9e2d0a0448c1e2879978d0580944f1efce3c90385d730433aebcd880a570a60,241267c45f091606719e66578bc3f84c0df9c8a9e16329281dbaad4e4764bf0b,6f3dfd8a778fd6acf650d8dae775b34c7bfadcd85972dbcee95754cff8e9187c,False,formal_horizon_specific_loader_H720_checkpoint_prefix,192,True,True,False,False,/home/yingch/exp_outputs/r-2026-fatst/main_ii_horizon_loader_20260813/formal/SimpleTM__ETTm2__r1__H192/prefix_metrics.csv,,
SimpleTM,ETTm2,1,336,0.29864574614117223,0.3394985182304836,0.29864574614117223,0.3394985182304836,0.29864574614117223,0.33949851823048355,global_elementwise,11136,7,d9e2d0a0448c1e2879978d0580944f1efce3c90385d730433aebcd880a570a60,ba80c04ced8636d91db62c116d996f026caa567157bbe23b3cb242c6e6d97b99,669732c3d007bf5e6d78c97c49179a7e0259628c060224e7074f81eb84573e94,False,formal_horizon_specific_loader_H720_checkpoint_prefix,336,True,True,False,False,/home/yingch/exp_outputs/r-2026-fatst/main_ii_horizon_loader_20260813/formal/SimpleTM__ETTm2__r1__H336/prefix_metrics.csv,,
SimpleTM,ETTm2,1,720,0.39268087982183764,0.3943098098362561,0.39268087982183764,0.3943098098362561,0.3926808798218376,0.394309809836256,global_elementwise,10752,7,d9e2d0a0448c1e2879978d0580944f1efce3c90385d730433aebcd880a570a60,8a0751b3776f97050b2cfabcb4ace2308fc31ece896122fb1f3045b8458ec9f8,c4174fca96f6b1e0232739a8f14af2d340df9131904a6d2f497cf5b6b876f107,False,formal_horizon_specific_loader_H720_checkpoint_prefix,720,True,True,False,False,/home/yingch/exp_outputs/r-2026-fatst/main_ii_horizon_loader_20260813/formal/SimpleTM__ETTm2__r1__H720/prefix_metrics.csv,,
SimpleTM,ETTm2,1,96,0.18228022075140257,0.26595022369699356,0.18228022075140257,0.26595022369699356,0.18228022075140252,0.26595022369699356,global_elementwise,11264,7,d9e2d0a0448c1e2879978d0580944f1efce3c90385d730433aebcd880a570a60,24920854253b998a25a309d8e6d17035b560892830e181a106ef82c86eb2e331,928c8561f581d2cf094d8845af8e4201838691f32fa87a9a52d8f291a9c3d1a6,False,formal_horizon_specific_loader_H720_checkpoint_prefix,96,True,True,False,False,/home/yingch/exp_outputs/r-2026-fatst/main_ii_horizon_loader_20260813/formal/SimpleTM__ETTm2__r1__H96/prefix_metrics.csv,,
SimpleTM,ETTm2,2,192,0.2506269358935332,0.310690240633546,0.2506269358935332,0.310690240633546,0.25062693589353324,0.31069024063354594,global_elementwise,11264,7,dea7380504d45c8e1063d66f23db9c1dad45ef5130eea04d13fb2b76339a709e,a4244a4e1b3c8394beb371b4ca214773676952c3860d5a5bfbd3a4200beef3ee,6f3dfd8a778fd6acf650d8dae775b34c7bfadcd85972dbcee95754cff8e9187c,False,formal_horizon_specific_loader_H720_checkpoint_prefix,192,True,True,False,False,/home/yingch/exp_outputs/r-2026-fatst/main_ii_horizon_loader_20260813/formal/SimpleTM__ETTm2__r2__H192/prefix_metrics.csv,,
SimpleTM,ETTm2,2,336,0.3092209537170545,0.3468727941257285,0.3092209537170545,0.3468727941257285,0.30922095371705455,0.3468727941257285,global_elementwise,11136,7,dea7380504d45c8e1063d66f23db9c1dad45ef5130eea04d13fb2b76339a709e,04442f722b20487214e54af925914674d52fcafb6a9587aea4942e06abeac815,669732c3d007bf5e6d78c97c49179a7e0259628c060224e7074f81eb84573e94,False,formal_horizon_specific_loader_H720_checkpoint_prefix,336,True,True,False,False,/home/yingch/exp_outputs/r-2026-fatst/main_ii_horizon_loader_20260813/formal/SimpleTM__ETTm2__r2__H336/prefix_metrics.csv,,
SimpleTM,ETTm2,2,720,0.40414831039070653,0.4010361051096193,0.40414831039070653,0.4010361051096193,0.40414831039070664,0.4010361051096194,global_elementwise,10752,7,dea7380504d45c8e1063d66f23db9c1dad45ef5130eea04d13fb2b76339a709e,dc423146497e6cd3e6287de3149cda110bf222667f5e7e86b63f8a3b38043776,c4174fca96f6b1e0232739a8f14af2d340df9131904a6d2f497cf5b6b876f107,False,formal_horizon_specific_loader_H720_checkpoint_prefix,720,True,True,False,False,/home/yingch/exp_outputs/r-2026-fatst/main_ii_horizon_loader_20260813/formal/SimpleTM__ETTm2__r2__H720/prefix_metrics.csv,,
SimpleTM,ETTm2,2,96,0.18864801892497296,0.273742134583862,0.18864801892497296,0.273742134583862,0.18864801892497302,0.2737421345838619,global_elementwise,11264,7,dea7380504d45c8e1063d66f23db9c1dad45ef5130eea04d13fb2b76339a709e,4d47aa229ca2656a8dc9228c7d5d1b1b5d398d4325d6fa8d7c2f1fb7f8fe8e18,928c8561f581d2cf094d8845af8e4201838691f32fa87a9a52d8f291a9c3d1a6,False,formal_horizon_specific_loader_H720_checkpoint_prefix,96,True,True,False,False,/home/yingch/exp_outputs/r-2026-fatst/main_ii_horizon_loader_20260813/formal/SimpleTM__ETTm2__r2__H96/prefix_metrics.csv,,
SimpleTM,Solar,0,192,0.18591262194524086,0.24443303534127392,0.18591262194524086,0.24443303534127392,0.18591262194524077,0.2444330353412739,global_elementwise,10240,137,e670781f52ced4525bd382088db09f12f93bdc05a204863e79f81cb986c10bf6,fd92a51da6075c8fb454ceac8afc667308d2a46487f93c317fe613e2a1b43108,0a9f2b0844cf06b50210e1eb5641182a6afa6ec7ce112e19cb503c6694c9608a,False,formal_horizon_specific_loader_H720_checkpoint_prefix,192,True,True,False,False,/home/yingch/exp_outputs/r-2026-fatst/main_ii_horizon_loader_20260813/formal/SimpleTM__Solar__r0__H192/prefix_metrics.csv,,
SimpleTM,Solar,0,336,0.1888716777094471,0.24819581555173229,0.1888716777094471,0.24819581555173229,0.18887167770944707,0.24819581555173223,global_elementwise,9984,137,e670781f52ced4525bd382088db09f12f93bdc05a204863e79f81cb986c10bf6,7313e247c05d371fed29ca57648741a85525d833bf2bcb3a7054a4a564dce6f0,5dc80fa468f06d90e75161b415ad40020e3423b515be585f69dda6bbeb046838,False,formal_horizon_specific_loader_H720_checkpoint_prefix,336,True,True,False,False,/home/yingch/exp_outputs/r-2026-fatst/main_ii_horizon_loader_20260813/formal/SimpleTM__Solar__r0__H336/prefix_metrics.csv,,
SimpleTM,Solar,0,720,0.2001074281599488,0.25472827256152974,0.2001074281599488,0.25472827256152974,0.20010742815994884,0.2547282725615297,global_elementwise,9728,137,e670781f52ced4525bd382088db09f12f93bdc05a204863e79f81cb986c10bf6,7f8cf9c410d2134f5e55c2dba3ace500b04c8070efbbd941c56ccc03ee056dc9,93b24b9a8da7a8896d6fd2d23052734b5c2a1ef2ad9ca4e5030fd759e74b9422,False,formal_horizon_specific_loader_H720_checkpoint_prefix,720,True,True,False,False,/home/yingch/exp_outputs/r-2026-fatst/main_ii_horizon_loader_20260813/formal/SimpleTM__Solar__r0__H720/prefix_metrics.csv,,
SimpleTM,Solar,0,96,0.16885000866618938,0.2317637650223182,0.16885000866618938,0.2317637650223182,0.16885000866618938,0.23176376502231827,global_elementwise,10240,137,e670781f52ced4525bd382088db09f12f93bdc05a204863e79f81cb986c10bf6,49bd7b35a957214206ffc81f1fc597cb978562f849a1138da6864b68796b83de,e9003a340eaa551bdef327281527bff338d79d31bdbfdbf883a89cc57bc7358e,False,formal_horizon_specific_loader_H720_checkpoint_prefix,96,True,True,False,False,/home/yingch/exp_outputs/r-2026-fatst/main_ii_horizon_loader_20260813/formal/SimpleTM__Solar__r0__H96/prefix_metrics.csv,,
SimpleTM,Solar,1,192,0.18424049350836927,0.2425749954829483,0.18424049350836927,0.2425749954829483,0.18424049350836924,0.24257499548294836,global_elementwise,10240,137,f28d018ee62caea3d5a0264a0b8b777f25b620813411820ebb0f8f8f62aa6c7d,93d59e8efafa43049b386e87cd29480e1f705fa2e3d5cef3e0c2c194183d24bb,0a9f2b0844cf06b50210e1eb5641182a6afa6ec7ce112e19cb503c6694c9608a,False,formal_horizon_specific_loader_H720_checkpoint_prefix,192,True,True,False,False,/home/yingch/exp_outputs/r-2026-fatst/main_ii_horizon_loader_20260813/formal/SimpleTM__Solar__r1__H192/prefix_metrics.csv,,
SimpleTM,Solar,1,336,0.18772292019841524,0.24624557732837635,0.18772292019841524,0.24624557732837635,0.18772292019841527,0.24624557732837632,global_elementwise,9984,137,f28d018ee62caea3d5a0264a0b8b777f25b620813411820ebb0f8f8f62aa6c7d,352666a2c8b2235c481d4b48bd64fda8b1aa7fef3ba433bfa59551a4a1265cf3,5dc80fa468f06d90e75161b415ad40020e3423b515be585f69dda6bbeb046838,False,formal_horizon_specific_loader_H720_checkpoint_prefix,336,True,True,False,False,/home/yingch/exp_outputs/r-2026-fatst/main_ii_horizon_loader_20260813/formal/SimpleTM__Solar__r1__H336/prefix_metrics.csv,,
SimpleTM,Solar,1,720,0.20039570786669453,0.25367476342634593,0.20039570786669453,0.25367476342634593,0.2003957078666945,0.253674763426346,global_elementwise,9728,137,f28d018ee62caea3d5a0264a0b8b777f25b620813411820ebb0f8f8f62aa6c7d,66ec7b3137036b71e398b7da53c65f0442d3f76b91f69eef8376e0a5c59fc944,93b24b9a8da7a8896d6fd2d23052734b5c2a1ef2ad9ca4e5030fd759e74b9422,False,formal_horizon_specific_loader_H720_checkpoint_prefix,720,True,True,False,False,/home/yingch/exp_outputs/r-2026-fatst/main_ii_horizon_loader_20260813/formal/SimpleTM__Solar__r1__H720/prefix_metrics.csv,,
SimpleTM,Solar,1,96,0.168618363343616,0.23121185283675574,0.168618363343616,0.23121185283675574,0.16861836334361596,0.2312118528367558,global_elementwise,10240,137,f28d018ee62caea3d5a0264a0b8b777f25b620813411820ebb0f8f8f62aa6c7d,597da222a21f0a599df78523c0babdc94830b1b26d31d0da90ab374162edabc1,e9003a340eaa551bdef327281527bff338d79d31bdbfdbf883a89cc57bc7358e,False,formal_horizon_specific_loader_H720_checkpoint_prefix,96,True,True,False,False,/home/yingch/exp_outputs/r-2026-fatst/main_ii_horizon_loader_20260813/formal/SimpleTM__Solar__r1__H96/prefix_metrics.csv,,
SimpleTM,Solar,2,192,0.18178943017548044,0.24382226750822553,0.18178943017548044,0.24382226750822553,0.18178943017548047,0.24382226750822547,global_elementwise,10240,137,96c6142842575ca2a445519c55aea131c5863b4709ef95694211d507dd09d656,668fd78cbd1617f3b7da49396b3b22a796b5924dd13692945b3b3a84e758811c,0a9f2b0844cf06b50210e1eb5641182a6afa6ec7ce112e19cb503c6694c9608a,False,formal_horizon_specific_loader_H720_checkpoint_prefix,192,True,True,False,False,/home/yingch/exp_outputs/r-2026-fatst/main_ii_horizon_loader_20260813/formal/SimpleTM__Solar__r2__H192/prefix_metrics.csv,,
SimpleTM,Solar,2,336,0.18628409019317152,0.247874742315362,0.18628409019317152,0.247874742315362,0.18628409019317152,0.24787474231536202,global_elementwise,9984,137,96c6142842575ca2a445519c55aea131c5863b4709ef95694211d507dd09d656,e70abed658c0931a1565a17f12c130020b5d315f164940629a93a815166b1350,5dc80fa468f06d90e75161b415ad40020e3423b515be585f69dda6bbeb046838,False,formal_horizon_specific_loader_H720_checkpoint_prefix,336,True,True,False,False,/home/yingch/exp_outputs/r-2026-fatst/main_ii_horizon_loader_20260813/formal/SimpleTM__Solar__r2__H336/prefix_metrics.csv,,
SimpleTM,Solar,2,720,0.19885736473479615,0.2546876014730812,0.19885736473479615,0.2546876014730812,0.19885736473479615,0.2546876014730812,global_elementwise,9728,137,96c6142842575ca2a445519c55aea131c5863b4709ef95694211d507dd09d656,730f2e143ecf538f842cd981266fd231de1372205a24b62764ee8d04ea282a78,93b24b9a8da7a8896d6fd2d23052734b5c2a1ef2ad9ca4e5030fd759e74b9422,False,formal_horizon_specific_loader_H720_checkpoint_prefix,720,True,True,False,False,/home/yingch/exp_outputs/r-2026-fatst/main_ii_horizon_loader_20260813/formal/SimpleTM__Solar__r2__H720/prefix_metrics.csv,,
SimpleTM,Solar,2,96,0.16602358422918212,0.23228883564689656,0.16602358422918212,0.23228883564689656,0.16602358422918212,0.23228883564689645,global_elementwise,10240,137,96c6142842575ca2a445519c55aea131c5863b4709ef95694211d507dd09d656,e1dbc73e7c009f838b2cf719955b2b2bcbdd4dd2fc07b0a23d99fa83d7a57a47,e9003a340eaa551bdef327281527bff338d79d31bdbfdbf883a89cc57bc7358e,False,formal_horizon_specific_loader_H720_checkpoint_prefix,96,True,True,False,False,/home/yingch/exp_outputs/r-2026-fatst/main_ii_horizon_loader_20260813/formal/SimpleTM__Solar__r2__H96/prefix_metrics.csv,,
SimpleTM,Weather,0,192,0.22019518642801356,0.25871859169045053,0.22019518642801356,0.25871859169045053,0.22019518642801356,0.2587185916904506,global_elementwise,10240,21,23ac68dba87eee87b5acfff90abf5b8a7855ff4b03071133f9349c2520df4937,72908459a0d570be5a6ccbed65769d8eabf28c56459b09a5b63375b8593d9070,fe84b32dd73a783f63a9ac72d6be0a6ff02a931ad00a955adb6aa06841642646,False,formal_horizon_specific_loader_H720_checkpoint_prefix,192,True,True,False,False,/home/yingch/exp_outputs/r-2026-fatst/main_ii_horizon_loader_20260813/formal/SimpleTM__Weather__r0__H192/prefix_metrics.csv,,
SimpleTM,Weather,0,336,0.2716430833799477,0.2955961758609623,0.2716430833799477,0.2955961758609623,0.2716430833799477,0.2955961758609624,global_elementwise,9984,21,23ac68dba87eee87b5acfff90abf5b8a7855ff4b03071133f9349c2520df4937,a111745be54b6a167d93d8fc3764683ad709ce045988dd105174f20547ca1bdd,829492b3e56b79b3801fc6bac91ed1231cedb6f19501348d0da182c3430bd565,False,formal_horizon_specific_loader_H720_checkpoint_prefix,336,True,True,False,False,/home/yingch/exp_outputs/r-2026-fatst/main_ii_horizon_loader_20260813/formal/SimpleTM__Weather__r0__H336/prefix_metrics.csv,,
SimpleTM,Weather,0,720,0.34454008582724316,0.3431928039762555,0.34454008582724316,0.3431928039762555,0.3445400858272431,0.3431928039762557,global_elementwise,9728,21,23ac68dba87eee87b5acfff90abf5b8a7855ff4b03071133f9349c2520df4937,6e17c5294b3991fa7a618c31b5407218dd46acc88db4f54c1c61e978dd2e38cd,4d15badd46a87f9b984fef54d044537eda60670f10a9aa5dfa6d8e78419cf1ef,False,formal_horizon_specific_loader_H720_checkpoint_prefix,720,True,True,False,False,/home/yingch/exp_outputs/r-2026-fatst/main_ii_horizon_loader_20260813/formal/SimpleTM__Weather__r0__H720/prefix_metrics.csv,,
SimpleTM,Weather,0,96,0.1761994481252872,0.22172994724720094,0.1761994481252872,0.22172994724720094,0.17619944812528718,0.2217299472472009,global_elementwise,10240,21,23ac68dba87eee87b5acfff90abf5b8a7855ff4b03071133f9349c2520df4937,d015a5ec8364957dd6bc33aa011cf65aeee17945f32233b9158a7a05394212db,a82d83444cb7cfd30151409449baaf6ba5b556174636ba2f79291afef562bbdc,False,formal_horizon_specific_loader_H720_checkpoint_prefix,96,True,True,False,False,/home/yingch/exp_outputs/r-2026-fatst/main_ii_horizon_loader_20260813/formal/SimpleTM__Weather__r0__H96/prefix_metrics.csv,,
SimpleTM,Weather,1,192,0.22372572035931487,0.26177838345440885,0.22372572035931487,0.26177838345440885,0.22372572035931496,0.26177838345440885,global_elementwise,10240,21,6d2660d913173af246366de3e3530e16da411bb9699346712427f2d5b0111499,42a0a9abe9d46dc5d1ddac7ac4c2c012b03b6211a21480eb4ab0738fba28ede7,fe84b32dd73a783f63a9ac72d6be0a6ff02a931ad00a955adb6aa06841642646,False,formal_horizon_specific_loader_H720_checkpoint_prefix,192,True,True,False,False,/home/yingch/exp_outputs/r-2026-fatst/main_ii_horizon_loader_20260813/formal/SimpleTM__Weather__r1__H192/prefix_metrics.csv,,
SimpleTM,Weather,1,336,0.27508509102777184,0.29795731630577443,0.27508509102777184,0.29795731630577443,0.2750850910277718,0.29795731630577443,global_elementwise,9984,21,6d2660d913173af246366de3e3530e16da411bb9699346712427f2d5b0111499,b191793d39112d97a12d6914fafb1a0bf72401c1e850f064acdb1ac418309035,829492b3e56b79b3801fc6bac91ed1231cedb6f19501348d0da182c3430bd565,False,formal_horizon_specific_loader_H720_checkpoint_prefix,336,True,True,False,False,/home/yingch/exp_outputs/r-2026-fatst/main_ii_horizon_loader_20260813/formal/SimpleTM__Weather__r1__H336/prefix_metrics.csv,,
SimpleTM,Weather,1,720,0.34728164362686875,0.3445511388672449,0.34728164362686875,0.3445511388672449,0.34728164362686875,0.34455113886724503,global_elementwise,9728,21,6d2660d913173af246366de3e3530e16da411bb9699346712427f2d5b0111499,538b2a26e024b8573d6f3e97845446c699733942533fc8e56ad3f4d384cd024f,4d15badd46a87f9b984fef54d044537eda60670f10a9aa5dfa6d8e78419cf1ef,False,formal_horizon_specific_loader_H720_checkpoint_prefix,720,True,True,False,False,/home/yingch/exp_outputs/r-2026-fatst/main_ii_horizon_loader_20260813/formal/SimpleTM__Weather__r1__H720/prefix_metrics.csv,,
SimpleTM,Weather,1,96,0.17978292182394712,0.22528503362064944,0.17978292182394712,0.22528503362064944,0.17978292182394712,0.22528503362064942,global_elementwise,10240,21,6d2660d913173af246366de3e3530e16da411bb9699346712427f2d5b0111499,3ea2e4cc2548a61bbf5d90667d908608b565f326c84e45edeba9ed00441b6595,a82d83444cb7cfd30151409449baaf6ba5b556174636ba2f79291afef562bbdc,False,formal_horizon_specific_loader_H720_checkpoint_prefix,96,True,True,False,False,/home/yingch/exp_outputs/r-2026-fatst/main_ii_horizon_loader_20260813/formal/SimpleTM__Weather__r1__H96/prefix_metrics.csv,,
SimpleTM,Weather,2,192,0.21896790360263282,0.25774808976217156,0.21896790360263282,0.25774808976217156,0.21896790360263277,0.25774808976217156,global_elementwise,10240,21,280af0bf1153211b29b687c6b585de0fecfc6dc659b8aa3db495eec922c69643,443b37ade19de356fbaaeb6cf0b2d11fc47d41a8e4a7019e0d4fcad323d932d4,fe84b32dd73a783f63a9ac72d6be0a6ff02a931ad00a955adb6aa06841642646,False,formal_horizon_specific_loader_H720_checkpoint_prefix,192,True,True,False,False,/home/yingch/exp_outputs/r-2026-fatst/main_ii_horizon_loader_20260813/formal/SimpleTM__Weather__r2__H192/prefix_metrics.csv,,
SimpleTM,Weather,2,336,0.2714348209826316,0.29528292563760006,0.2714348209826316,0.29528292563760006,0.2714348209826316,0.29528292563760006,global_elementwise,9984,21,280af0bf1153211b29b687c6b585de0fecfc6dc659b8aa3db495eec922c69643,7227eb499982f19d52015f8518d22c002e30e913456af1e0cc3325cbbdf3e0bd,829492b3e56b79b3801fc6bac91ed1231cedb6f19501348d0da182c3430bd565,False,formal_horizon_specific_loader_H720_checkpoint_prefix,336,True,True,False,False,/home/yingch/exp_outputs/r-2026-fatst/main_ii_horizon_loader_20260813/formal/SimpleTM__Weather__r2__H336/prefix_metrics.csv,,
SimpleTM,Weather,2,720,0.3454513822215927,0.3433725972484325,0.3454513822215927,0.3433725972484325,0.3454513822215927,0.3433725972484326,global_elementwise,9728,21,280af0bf1153211b29b687c6b585de0fecfc6dc659b8aa3db495eec922c69643,fa7593662340c1213258624c2c03812cf8d7e71fff9c54455f73cf46261d0b96,4d15badd46a87f9b984fef54d044537eda60670f10a9aa5dfa6d8e78419cf1ef,False,formal_horizon_specific_loader_H720_checkpoint_prefix,720,True,True,False,False,/home/yingch/exp_outputs/r-2026-fatst/main_ii_horizon_loader_20260813/formal/SimpleTM__Weather__r2__H720/prefix_metrics.csv,,
SimpleTM,Weather,2,96,0.17458004798525684,0.2202871174917467,0.17458004798525684,0.2202871174917467,0.1745800479852569,0.22028711749174668,global_elementwise,10240,21,280af0bf1153211b29b687c6b585de0fecfc6dc659b8aa3db495eec922c69643,fcd36681bffc56face14a2b512b437d25a9094a4b7fb37d0f6ed45f8270a7a78,a82d83444cb7cfd30151409449baaf6ba5b556174636ba2f79291afef562bbdc,False,formal_horizon_specific_loader_H720_checkpoint_prefix,96,True,True,False,False,/home/yingch/exp_outputs/r-2026-fatst/main_ii_horizon_loader_20260813/formal/SimpleTM__Weather__r2__H96/prefix_metrics.csv,,
TimeAlign,ECL,0,192,0.14329121921521923,0.23360685406563184,,,,,official_numpy_step_mean_float32_cumsum_float64,5069,321,6d35248ed4b73d1004e0110e4377d5b9f3a3e24ba7ceea4df4a878711f0d3778,1d588fe3975751dc89bcb26711fc2969f5ebe5e31241f740da6867efbfc13c29,328bd9fc46a3b1c20b5e095ead4fbbf25b0ac75580ba9f1cb8aa797f26dcc799,False,formal_horizon_specific_loader_H720_checkpoint_prefix,192,False,True,False,False,/home/yingch/exp_outputs/r-2026-fatst/main_ii_horizon_loader_20260813/formal/TimeAlign__ECL__r0__H192/prefix_metrics.csv,0.1432912238016128,0.2336068432007671
TimeAlign,ECL,0,336,0.15815850576784993,0.24919938180773032,,,,,official_numpy_step_mean_float32_cumsum_float64,4925,321,6d35248ed4b73d1004e0110e4377d5b9f3a3e24ba7ceea4df4a878711f0d3778,dc75b62a4e5099b0224f5f244c0e79c893791c890a85f7747e42ec3fe2f34c47,fa71bab94523ce40a86c9998154de74ee39f256f9f7a0a0ef37a761217df4c8a,False,formal_horizon_specific_loader_H720_checkpoint_prefix,336,False,True,False,False,/home/yingch/exp_outputs/r-2026-fatst/main_ii_horizon_loader_20260813/formal/TimeAlign__ECL__r0__H336/prefix_metrics.csv,0.1581584954100127,0.2491993641475528
TimeAlign,ECL,0,720,0.19012547761408818,0.27789375096973445,,,,,official_numpy_step_mean_float32_cumsum_float64,4541,321,6d35248ed4b73d1004e0110e4377d5b9f3a3e24ba7ceea4df4a878711f0d3778,9be9124395bcbc8748537f9ea6ac2d1ef63a3d18e78c3f1860c4fe794344402e,7820e9acfd5b698218b02504f4db9a879bc96413bbbfac167283c364055dbec5,False,formal_horizon_specific_loader_H720_checkpoint_prefix,720,False,True,False,False,/home/yingch/exp_outputs/r-2026-fatst/main_ii_horizon_loader_20260813/formal/TimeAlign__ECL__r0__H720/prefix_metrics.csv,0.1901254733898172,0.2778937604756498
TimeAlign,ECL,0,96,0.12705392534068474,0.21873712027445436,,,,,official_numpy_step_mean_float32_cumsum_float64,5165,321,6d35248ed4b73d1004e0110e4377d5b9f3a3e24ba7ceea4df4a878711f0d3778,99dc0c3078d8ae94be6891fd529fca75b368277d99c40db523f135bcd736170e,cece2e0a49941835c217dd26c6a0b8d5382ce54e8dffbe7330631bbfef2b26b0,False,formal_horizon_specific_loader_H720_checkpoint_prefix,96,False,True,False,False,/home/yingch/exp_outputs/r-2026-fatst/main_ii_horizon_loader_20260813/formal/TimeAlign__ECL__r0__H96/prefix_metrics.csv,0.12705394507500667,0.21873710429449703
TimeAlign,ETTh1,0,192,0.41100512188859284,0.42467828032871086,,,,,official_numpy_step_mean_float32_cumsum_float64,2689,7,921ac2865fa61b34a2a69dc79d8c09ec9e6a48b80276ac7125f622dcb2058fd7,8a329180d64777766107282b756ea928da4b9eac57ac71f623eaa9b0dd463d6c,970800889c829e7d46541c683c2f0e8b6fdba08f1b143d3f7277c340c6851f1d,False,formal_horizon_specific_loader_H720_checkpoint_prefix,192,False,True,False,False,/home/yingch/exp_outputs/r-2026-fatst/main_ii_horizon_loader_20260813/formal/TimeAlign__ETTh1__r0__H192/prefix_metrics.csv,0.4110051492930302,0.42467824852808717
TimeAlign,ETTh1,0,336,0.430756505046572,0.4346470974740528,,,,,official_numpy_step_mean_float32_cumsum_float64,2545,7,921ac2865fa61b34a2a69dc79d8c09ec9e6a48b80276ac7125f622dcb2058fd7,dd38a02419e4207d9113bbd0ebe97f6c7867e3088f32d04ffdb410cefc13e542,6aadec30f9d0653693bfd88edafafb9ab8d712f13cb9367ea1c13b8e85f9058e,False,formal_horizon_specific_loader_H720_checkpoint_prefix,336,False,True,False,False,/home/yingch/exp_outputs/r-2026-fatst/main_ii_horizon_loader_20260813/formal/TimeAlign__ETTh1__r0__H336/prefix_metrics.csv,0.43075649471491895,0.43464709636800714
TimeAlign,ETTh1,0,720,0.4589570479260551,0.4613145207779275,,,,,official_numpy_step_mean_float32_cumsum_float64,2161,7,921ac2865fa61b34a2a69dc79d8c09ec9e6a48b80276ac7125f622dcb2058fd7,bf28e1f0cc0942bab120388e0176fa989dd9320b622799811df74dd1fc431cde,011f2f68df1d439f9f6ad3376fb2d39695c099b42ce31da16d01babc70073d62,False,formal_horizon_specific_loader_H720_checkpoint_prefix,720,False,True,False,False,/home/yingch/exp_outputs/r-2026-fatst/main_ii_horizon_loader_20260813/formal/TimeAlign__ETTh1__r0__H720/prefix_metrics.csv,0.4589570351474607,0.46131452034960285
TimeAlign,ETTh1,0,96,0.37477417041858035,0.40380973772456247,,,,,official_numpy_step_mean_float32_cumsum_float64,2785,7,921ac2865fa61b34a2a69dc79d8c09ec9e6a48b80276ac7125f622dcb2058fd7,d62a618bd66ee7b19345daf56a1d728f63c6398764efb8c8be95f1ff6a50b20d,85406b935124bf2745dc1b683d236d0d7b29747ad0e333196e9aad7030ca16b7,False,formal_horizon_specific_loader_H720_checkpoint_prefix,96,False,True,False,False,/home/yingch/exp_outputs/r-2026-fatst/main_ii_horizon_loader_20260813/formal/TimeAlign__ETTh1__r0__H96/prefix_metrics.csv,0.37477420100844033,0.40380972692565786
TimeAlign,ETTh2,0,192,0.36354191112332046,0.3912404705770314,,,,,official_numpy_step_mean_float32_cumsum_float64,2689,7,84770002fb819ac65ba3769ef168ced5d8cf2d69f7e4b9a3a939280ab5a8d468,0095d2f1b1aa89afcce28d7af1c1efa3c03cfcfd56546e1befcf12463eeb3c13,a6c24e6881a0ffab7697f3c4189202306f29e735acf1cb9da8020524f34cd62a,False,formal_horizon_specific_loader_H720_checkpoint_prefix,192,False,True,False,False,/home/yingch/exp_outputs/r-2026-fatst/main_ii_horizon_loader_20260813/formal/TimeAlign__ETTh2__r0__H192/prefix_metrics.csv,0.3635419162501046,0.39124046993798606
TimeAlign,ETTh2,0,336,0.40312033947113723,0.4160206120106436,,,,,official_numpy_step_mean_float32_cumsum_float64,2545,7,84770002fb819ac65ba3769ef168ced5d8cf2d69f7e4b9a3a939280ab5a8d468,bbc13d20ae3cbfce06f52e6294c656818b2f2b96a7fea06f7e6f575ed19b73a5,c495b360c244e930c91beacee1185285d77edf65fc72ab5034c3b73650f2ea35,False,formal_horizon_specific_loader_H720_checkpoint_prefix,336,False,True,False,False,/home/yingch/exp_outputs/r-2026-fatst/main_ii_horizon_loader_20260813/formal/TimeAlign__ETTh2__r0__H336/prefix_metrics.csv,0.40312034397174235,0.41602063264599454
TimeAlign,ETTh2,0,720,0.4059744637666477,0.43642706974513,,,,,official_numpy_step_mean_float32_cumsum_float64,2161,7,84770002fb819ac65ba3769ef168ced5d8cf2d69f7e4b9a3a939280ab5a8d468,1924b9668bd224a9e60b74aa82bbdcbe6954ac6ae68ce086371dbc6f1e79c2af,54e79c2d71f454b925b06f24fc07424541665f1167519ad75267a2d907554822,False,formal_horizon_specific_loader_H720_checkpoint_prefix,720,False,True,False,False,/home/yingch/exp_outputs/r-2026-fatst/main_ii_horizon_loader_20260813/formal/TimeAlign__ETTh2__r0__H720/prefix_metrics.csv,0.40597445770895824,0.43642709509069244
TimeAlign,ETTh2,0,96,0.2935767783007274,0.3470353002970417,,,,,official_numpy_step_mean_float32_cumsum_float64,2785,7,84770002fb819ac65ba3769ef168ced5d8cf2d69f7e4b9a3a939280ab5a8d468,d3ad216f64fb32f141c7fe3c2910a47b6dd5a8a3d065529fd2d0848965c5823e,f96ac8c63af7b3298a8a30bab921707e95145eca30fba9a72fff7a2aa0aa1eef,False,formal_horizon_specific_loader_H720_checkpoint_prefix,96,False,True,False,False,/home/yingch/exp_outputs/r-2026-fatst/main_ii_horizon_loader_20260813/formal/TimeAlign__ETTh2__r0__H96/prefix_metrics.csv,0.29357677243906805,0.34703531747928507
TimeAlign,ETTm1,0,192,0.32385986133400974,0.35685635164069635,,,,,official_numpy_step_mean_float32_cumsum_float64,11329,7,f2bb0a8081f0cca11c14f44211987f4dcdbf86f91b1c15b7b350d2defa01dbf7,67f48cbddd6f9306067556e8bf9e7e5c094adca6852cc10b6224a4b8e3836a63,fde46e5b466612e9fd1787fc529f31641d6a358bd07cbaab9f267e2fde9850cf,False,formal_horizon_specific_loader_H720_checkpoint_prefix,192,False,True,False,False,/home/yingch/exp_outputs/r-2026-fatst/main_ii_horizon_loader_20260813/formal/TimeAlign__ETTm1__r0__H192/prefix_metrics.csv,0.32385990916360796,0.35685640301130306
TimeAlign,ETTm1,0,336,0.35297225980043767,0.3753742410224818,,,,,official_numpy_step_mean_float32_cumsum_float64,11185,7,f2bb0a8081f0cca11c14f44211987f4dcdbf86f91b1c15b7b350d2defa01dbf7,1114cbb553de5f3974525bc98995e761f68bd7b986dab637c12ed592c678d542,703f9efab78a24f16b87e528924abe07f2c7c1b6ba1c875437e2e1bb09f3efb4,False,formal_horizon_specific_loader_H720_checkpoint_prefix,336,False,True,False,False,/home/yingch/exp_outputs/r-2026-fatst/main_ii_horizon_loader_20260813/formal/TimeAlign__ETTm1__r0__H336/prefix_metrics.csv,0.3529722686804173,0.3753742702655672
TimeAlign,ETTm1,0,720,0.40624309921533697,0.40543912779539826,,,,,official_numpy_step_mean_float32_cumsum_float64,10801,7,f2bb0a8081f0cca11c14f44211987f4dcdbf86f91b1c15b7b350d2defa01dbf7,667aea654aff1aca2e3d7023b1fe41b1fda206a3208a297642cc4532b1e5832f,2c8b00914335e50e8b8e33e30a5d610e52c58564b7deaa0ec7c1eca1e8868b96,False,formal_horizon_specific_loader_H720_checkpoint_prefix,720,False,True,False,False,/home/yingch/exp_outputs/r-2026-fatst/main_ii_horizon_loader_20260813/formal/TimeAlign__ETTm1__r0__H720/prefix_metrics.csv,0.4062431097581435,0.405439138169616
TimeAlign,ETTm1,0,96,0.2894902724462251,0.33669663965702057,,,,,official_numpy_step_mean_float32_cumsum_float64,11425,7,f2bb0a8081f0cca11c14f44211987f4dcdbf86f91b1c15b7b350d2defa01dbf7,bfe8b363ece435378319f2d8bd32a84613453888829ee6945ec12a9af78aa336,0f34948780407a9d9c4b5e02d2758f8019195b9f48122ee8a6623ea6b8b87698,False,formal_horizon_specific_loader_H720_checkpoint_prefix,96,False,True,False,False,/home/yingch/exp_outputs/r-2026-fatst/main_ii_horizon_loader_20260813/formal/TimeAlign__ETTm1__r0__H96/prefix_metrics.csv,0.28949033014623987,0.3366966956613237
TimeAlign,ETTm2,0,192,0.21500683872727677,0.285119193024002,,,,,official_numpy_step_mean_float32_cumsum_float64,11329,7,9739c9511b727adbcb5b0689c704d1ee4c8f60249f56f7dc1cfe60d28c960dc9,a19101466b9cff6d5070fa6a0b8ab3c818248a408a6de294007f3d2eddd63126,b1e848581badd337315a220534f0bcd570dd219e08bc89598dcb1fa8823b835f,False,formal_horizon_specific_loader_H720_checkpoint_prefix,192,False,True,False,False,/home/yingch/exp_outputs/r-2026-fatst/main_ii_horizon_loader_20260813/formal/TimeAlign__ETTm2__r0__H192/prefix_metrics.csv,0.21500688195762177,0.2851191548766334
TimeAlign,ETTm2,0,336,0.2651168230277974,0.31841685427796274,,,,,official_numpy_step_mean_float32_cumsum_float64,11185,7,9739c9511b727adbcb5b0689c704d1ee4c8f60249f56f7dc1cfe60d28c960dc9,15bc4fafffac1bf42b977fbc0daa1f66a6c81ca401337fe103c387a36b70d444,ce9c9b983c60722f44374ce8d73b07e3d2ff856b9adcfe45ae5a6c8402f92b48,False,formal_horizon_specific_loader_H720_checkpoint_prefix,336,False,True,False,False,/home/yingch/exp_outputs/r-2026-fatst/main_ii_horizon_loader_20260813/formal/TimeAlign__ETTm2__r0__H336/prefix_metrics.csv,0.2651168308740719,0.31841684945031706
TimeAlign,ETTm2,0,720,0.3429375028444661,0.37138505656686094,,,,,official_numpy_step_mean_float32_cumsum_float64,10801,7,9739c9511b727adbcb5b0689c704d1ee4c8f60249f56f7dc1cfe60d28c960dc9,ac6c211423e0f14bdb790df28cf7d044dad1eda9504f42d9d3b6e6d4b9f0d6c1,0a83b0ed00734af6a442fb364d4ef6f5fa179f0363661fb5e1a5b5098244aeaf,False,formal_horizon_specific_loader_H720_checkpoint_prefix,720,False,True,False,False,/home/yingch/exp_outputs/r-2026-fatst/main_ii_horizon_loader_20260813/formal/TimeAlign__ETTm2__r0__H720/prefix_metrics.csv,0.3429375012622404,0.3713850704641027
TimeAlign,ETTm2,0,96,0.1644388890514771,0.25123884389176965,,,,,official_numpy_step_mean_float32_cumsum_float64,11425,7,9739c9511b727adbcb5b0689c704d1ee4c8f60249f56f7dc1cfe60d28c960dc9,0fd544930ae335748b6df3f6ef6ee35ee0ad88cc9bdc0c510e29cda45e7f5032,661b99a20ed6afbdb99e45c4f0a666fca3822b97a18906fe534ae46976d55818,False,formal_horizon_specific_loader_H720_checkpoint_prefix,96,False,True,False,False,/home/yingch/exp_outputs/r-2026-fatst/main_ii_horizon_loader_20260813/formal/TimeAlign__ETTm2__r0__H96/prefix_metrics.csv,0.16443892519867903,0.2512388620610723
TimeAlign,Solar,0,192,0.18986076562820622,0.21682588713398823,,,,,official_numpy_step_mean_float32_cumsum_float64,10321,137,83813f4d303829ed2d90913b8ddb77b7a6242574f19426ded8c71c7a8a4e3f29,d44b0215365cb87977dce2f02e8355c2b2ce77b017e7241389a31e068e1c2e75,d5d0a02ee2d5a0f4c510d3962ac737acdd54c7d6f88112e1cfcba9c744d6e7ae,False,formal_horizon_specific_loader_H720_checkpoint_prefix,192,False,True,False,False,/home/yingch/exp_outputs/r-2026-fatst/main_ii_horizon_loader_20260813/formal/TimeAlign__Solar__r0__H192/prefix_metrics.csv,0.1898625358815127,0.2168258923472918
TimeAlign,Solar,0,336,0.1974118018933084,0.22123100947854774,,,,,official_numpy_step_mean_float32_cumsum_float64,10177,137,83813f4d303829ed2d90913b8ddb77b7a6242574f19426ded8c71c7a8a4e3f29,8aa18c54d1e13c48e60c4972bfaeb7ade36f7ad91f065319b4820eddf70969d6,5a3b0b152b09731115dfbdc3fdfb749456c8f221963be7374ec419ca6baedafb,False,formal_horizon_specific_loader_H720_checkpoint_prefix,336,False,True,False,False,/home/yingch/exp_outputs/r-2026-fatst/main_ii_horizon_loader_20260813/formal/TimeAlign__Solar__r0__H336/prefix_metrics.csv,0.1974139510154691,0.22123102768324585
TimeAlign,Solar,0,720,0.20081911921345938,0.22318663704726432,,,,,official_numpy_step_mean_float32_cumsum_float64,9793,137,83813f4d303829ed2d90913b8ddb77b7a6242574f19426ded8c71c7a8a4e3f29,1219c598ca4ec17c60c9591eb97c5371c03da80300d33622df1464def84bc66c,e78af3146affcfe440ad488848ea1d82259ca4fb28452433a7a4605b9eacb5b2,False,formal_horizon_specific_loader_H720_checkpoint_prefix,720,False,True,False,False,/home/yingch/exp_outputs/r-2026-fatst/main_ii_horizon_loader_20260813/formal/TimeAlign__Solar__r0__H720/prefix_metrics.csv,0.20082136691375135,0.22318664852548298
TimeAlign,Solar,0,96,0.1776400640180024,0.2091890804003924,,,,,official_numpy_step_mean_float32_cumsum_float64,10417,137,83813f4d303829ed2d90913b8ddb77b7a6242574f19426ded8c71c7a8a4e3f29,758389c637e5741081e1c875bec1182a346edaa3c3cbb05cc2de94065087538a,ae7d81181ccc29c069024164abd1b8587e9c40769d78b29f3f638430889b8d75,False,formal_horizon_specific_loader_H720_checkpoint_prefix,96,False,True,False,False,/home/yingch/exp_outputs/r-2026-fatst/main_ii_horizon_loader_20260813/formal/TimeAlign__Solar__r0__H96/prefix_metrics.csv,0.17764141437289913,0.20918910174198163
TimeAlign,Weather,0,192,0.18521818625352657,0.2241914101759903,,,,,official_numpy_step_mean_float32_cumsum_float64,10348,21,f7e69093c808919e30071a5f271fea73df3b67230633ea221cb505e3069d29b3,f2d8bf336f08ea0e4eb65625efa3b2e9b248d81e9222781ca32ee8438e4777c6,ed64965611dac91498d74d04aa84f6c82a591bb0eaddb0c4caae8e0c8c572870,False,formal_horizon_specific_loader_H720_checkpoint_prefix,192,False,True,False,False,/home/yingch/exp_outputs/r-2026-fatst/main_ii_horizon_loader_20260813/formal/TimeAlign__Weather__r0__H192/prefix_metrics.csv,0.18521820469490788,0.22419141448055993
TimeAlign,Weather,0,336,0.2352006530965723,0.2650322461101626,,,,,official_numpy_step_mean_float32_cumsum_float64,10204,21,f7e69093c808919e30071a5f271fea73df3b67230633ea221cb505e3069d29b3,662b36970ee87db2c1bde76cbb196fc5821c971aa08455e15b5cf77585fd15e4,a1a36b497bab29263483979c64821ba1b0050c30bb7cb366a7d29084df89092b,False,formal_horizon_specific_loader_H720_checkpoint_prefix,336,False,True,False,False,/home/yingch/exp_outputs/r-2026-fatst/main_ii_horizon_loader_20260813/formal/TimeAlign__Weather__r0__H336/prefix_metrics.csv,0.23520066084884,0.26503223271998305
TimeAlign,Weather,0,720,0.30730863438608746,0.317576495397629,,,,,official_numpy_step_mean_float32_cumsum_float64,9820,21,f7e69093c808919e30071a5f271fea73df3b67230633ea221cb505e3069d29b3,6140ca7733998a55787c383caca83a589b565581762cab7fe13f92414824c346,bbc080ed09902e06772202dd6f092c1b7e108b656151bc2d6d366cdde2063472,False,formal_horizon_specific_loader_H720_checkpoint_prefix,720,False,True,False,False,/home/yingch/exp_outputs/r-2026-fatst/main_ii_horizon_loader_20260813/formal/TimeAlign__Weather__r0__H720/prefix_metrics.csv,0.3073086361568076,0.317576510436919
TimeAlign,Weather,0,96,0.14278096053749323,0.18288087899175784,,,,,official_numpy_step_mean_float32_cumsum_float64,10444,21,f7e69093c808919e30071a5f271fea73df3b67230633ea221cb505e3069d29b3,cdd3aad84be7ce4833b088c14532ceb0c5c2089031eb4b04aa2d6ba8d1940891,7d60538ade0e05e90cba63add3feb44ff633baaf5be6c5ae3d490944fd3fe94b,False,formal_horizon_specific_loader_H720_checkpoint_prefix,96,False,True,False,False,/home/yingch/exp_outputs/r-2026-fatst/main_ii_horizon_loader_20260813/formal/TimeAlign__Weather__r0__H96/prefix_metrics.csv,0.14278097707331247,0.18288088288850327
iTransformer,ECL,0,192,0.16442002570138575,0.25736214155609294,,,,,global_elementwise_float64,5069,321,3ccd4d7a1bac04d7070d4feebbd0ecc294d7c71aec1ffe0499b811e5e605d806,6e98e087f08b3d3619982a1fab8ea7dec67fb0310345f8805381eb88557ee8b9,328bd9fc46a3b1c20b5e095ead4fbbf25b0ac75580ba9f1cb8aa797f26dcc799,False,formal_horizon_specific_loader_H720_checkpoint_prefix,192,True,True,False,False,/home/yingch/exp_outputs/r-2026-fatst/main_ii_horizon_loader_20260813/formal/iTransformer__ECL__r0__H192/prefix_metrics.csv,,
iTransformer,ECL,0,336,0.17869366368973505,0.2731038877740756,,,,,global_elementwise_float64,4925,321,3ccd4d7a1bac04d7070d4feebbd0ecc294d7c71aec1ffe0499b811e5e605d806,b73ac136e771c555e9ab635c164307cf4c53ee52a197616494cc7f1df3cbe207,fa71bab94523ce40a86c9998154de74ee39f256f9f7a0a0ef37a761217df4c8a,False,formal_horizon_specific_loader_H720_checkpoint_prefix,336,True,True,False,False,/home/yingch/exp_outputs/r-2026-fatst/main_ii_horizon_loader_20260813/formal/iTransformer__ECL__r0__H336/prefix_metrics.csv,,
iTransformer,ECL,0,720,0.21074225625845952,0.300736639988131,,,,,global_elementwise_float64,4541,321,3ccd4d7a1bac04d7070d4feebbd0ecc294d7c71aec1ffe0499b811e5e605d806,d2c48d99a1d630d096d4a95e5b9d160a26a141babdb5a779e5932c050490927e,7820e9acfd5b698218b02504f4db9a879bc96413bbbfac167283c364055dbec5,False,formal_horizon_specific_loader_H720_checkpoint_prefix,720,True,True,False,False,/home/yingch/exp_outputs/r-2026-fatst/main_ii_horizon_loader_20260813/formal/iTransformer__ECL__r0__H720/prefix_metrics.csv,,
iTransformer,ECL,0,96,0.1521984951334859,0.24542618316207215,,,,,global_elementwise_float64,5165,321,3ccd4d7a1bac04d7070d4feebbd0ecc294d7c71aec1ffe0499b811e5e605d806,e4d958c63fccaafe9f44f982c04788838aef05a5f8c387b8c0dbd6351d7a3ad7,cece2e0a49941835c217dd26c6a0b8d5382ce54e8dffbe7330631bbfef2b26b0,False,formal_horizon_specific_loader_H720_checkpoint_prefix,96,True,True,False,False,/home/yingch/exp_outputs/r-2026-fatst/main_ii_horizon_loader_20260813/formal/iTransformer__ECL__r0__H96/prefix_metrics.csv,,
iTransformer,ETTh1,0,192,0.45705515248404294,0.44793920156927935,,,,,global_elementwise_float64,2689,7,6d98cb21194bc374dce4dc6a10a85282c8d1231b5555a505b8779f57d8529397,fb71c3023d5e48803fab1e5a41f250b3d5b19a8ea212c32b6865e703d7c78068,970800889c829e7d46541c683c2f0e8b6fdba08f1b143d3f7277c340c6851f1d,False,formal_horizon_specific_loader_H720_checkpoint_prefix,192,True,True,False,False,/home/yingch/exp_outputs/r-2026-fatst/main_ii_horizon_loader_20260813/formal/iTransformer__ETTh1__r0__H192/prefix_metrics.csv,,
iTransformer,ETTh1,0,336,0.49578371600864984,0.46680730299756606,,,,,global_elementwise_float64,2545,7,6d98cb21194bc374dce4dc6a10a85282c8d1231b5555a505b8779f57d8529397,4fb150851d4e9dd23c12da5141c1368565a5872ad324fd46418fcde9c24eac44,6aadec30f9d0653693bfd88edafafb9ab8d712f13cb9367ea1c13b8e85f9058e,False,formal_horizon_specific_loader_H720_checkpoint_prefix,336,True,True,False,False,/home/yingch/exp_outputs/r-2026-fatst/main_ii_horizon_loader_20260813/formal/iTransformer__ETTh1__r0__H336/prefix_metrics.csv,,
iTransformer,ETTh1,0,720,0.5093046218759189,0.49383628933681967,,,,,global_elementwise_float64,2161,7,6d98cb21194bc374dce4dc6a10a85282c8d1231b5555a505b8779f57d8529397,e007fbfec7572e380b3597b3b6c9db3dd1f7807528584b98fe8bbba386470687,011f2f68df1d439f9f6ad3376fb2d39695c099b42ce31da16d01babc70073d62,False,formal_horizon_specific_loader_H720_checkpoint_prefix,720,True,True,False,False,/home/yingch/exp_outputs/r-2026-fatst/main_ii_horizon_loader_20260813/formal/iTransformer__ETTh1__r0__H720/prefix_metrics.csv,,
iTransformer,ETTh1,0,96,0.40936272502789023,0.4218735274936511,,,,,global_elementwise_float64,2785,7,6d98cb21194bc374dce4dc6a10a85282c8d1231b5555a505b8779f57d8529397,9b80ddfb7241a7cb7071e443a57e1c13031c17bcca5db94a1ed0474dc7e3a6d8,85406b935124bf2745dc1b683d236d0d7b29747ad0e333196e9aad7030ca16b7,False,formal_horizon_specific_loader_H720_checkpoint_prefix,96,True,True,False,False,/home/yingch/exp_outputs/r-2026-fatst/main_ii_horizon_loader_20260813/formal/iTransformer__ETTh1__r0__H96/prefix_metrics.csv,,
iTransformer,ETTh2,0,192,0.38481327106802277,0.4006987046954273,,,,,global_elementwise_float64,2689,7,a12d3b7b597bed274e3a7113d757352252323e7f4feacef6b5f99cee7464f276,1cc81c66aa980df62c0c99c9d9b1e3fe21682fce39bccffa868a6fd6915f637e,a6c24e6881a0ffab7697f3c4189202306f29e735acf1cb9da8020524f34cd62a,False,formal_horizon_specific_loader_H720_checkpoint_prefix,192,True,True,False,False,/home/yingch/exp_outputs/r-2026-fatst/main_ii_horizon_loader_20260813/formal/iTransformer__ETTh2__r0__H192/prefix_metrics.csv,,
iTransformer,ETTh2,0,336,0.42361760909251484,0.4334329389672345,,,,,global_elementwise_float64,2545,7,a12d3b7b597bed274e3a7113d757352252323e7f4feacef6b5f99cee7464f276,5c2c44e38c0b4089aaa749cdcbbb92344092bf55d923ce3ad886d385a43b5b9c,c495b360c244e930c91beacee1185285d77edf65fc72ab5034c3b73650f2ea35,False,formal_horizon_specific_loader_H720_checkpoint_prefix,336,True,True,False,False,/home/yingch/exp_outputs/r-2026-fatst/main_ii_horizon_loader_20260813/formal/iTransformer__ETTh2__r0__H336/prefix_metrics.csv,,
iTransformer,ETTh2,0,720,0.42967171498841433,0.44647563936350315,,,,,global_elementwise_float64,2161,7,a12d3b7b597bed274e3a7113d757352252323e7f4feacef6b5f99cee7464f276,c8e8185b8ac9dae0868d86b3a77ba508e9276c55bf88fecbb4c95b6690fd5f2f,54e79c2d71f454b925b06f24fc07424541665f1167519ad75267a2d907554822,False,formal_horizon_specific_loader_H720_checkpoint_prefix,720,True,True,False,False,/home/yingch/exp_outputs/r-2026-fatst/main_ii_horizon_loader_20260813/formal/iTransformer__ETTh2__r0__H720/prefix_metrics.csv,,
iTransformer,ETTh2,0,96,0.3028604891627276,0.3525030397661176,,,,,global_elementwise_float64,2785,7,a12d3b7b597bed274e3a7113d757352252323e7f4feacef6b5f99cee7464f276,d5812881cd0df93705e0d8dca07a6bfbe28053d1658afdb6c8585396fedee217,f96ac8c63af7b3298a8a30bab921707e95145eca30fba9a72fff7a2aa0aa1eef,False,formal_horizon_specific_loader_H720_checkpoint_prefix,96,True,True,False,False,/home/yingch/exp_outputs/r-2026-fatst/main_ii_horizon_loader_20260813/formal/iTransformer__ETTh2__r0__H96/prefix_metrics.csv,,
iTransformer,ETTm1,0,192,0.3840996493668459,0.39902395120687834,,,,,global_elementwise_float64,11329,7,b789ef97204cfeb585a429d5e21abf961a51a4606b3d99d25572c81c071c316d,99b15cb5ee3f631122835d2c8a2da9d08a83ed9654b0f6c77a27d5a5b34d6a9d,fde46e5b466612e9fd1787fc529f31641d6a358bd07cbaab9f267e2fde9850cf,False,formal_horizon_specific_loader_H720_checkpoint_prefix,192,True,True,False,False,/home/yingch/exp_outputs/r-2026-fatst/main_ii_horizon_loader_20260813/formal/iTransformer__ETTm1__r0__H192/prefix_metrics.csv,,
iTransformer,ETTm1,0,336,0.4183899569760027,0.42031360109934696,,,,,global_elementwise_float64,11185,7,b789ef97204cfeb585a429d5e21abf961a51a4606b3d99d25572c81c071c316d,2af3d464eef3654e54247b8cf72544a0bbdc1ace57358b1acf6b43556ad0468e,703f9efab78a24f16b87e528924abe07f2c7c1b6ba1c875437e2e1bb09f3efb4,False,formal_horizon_specific_loader_H720_checkpoint_prefix,336,True,True,False,False,/home/yingch/exp_outputs/r-2026-fatst/main_ii_horizon_loader_20260813/formal/iTransformer__ETTm1__r0__H336/prefix_metrics.csv,,
iTransformer,ETTm1,0,720,0.4869880086753686,0.4564844291059642,,,,,global_elementwise_float64,10801,7,b789ef97204cfeb585a429d5e21abf961a51a4606b3d99d25572c81c071c316d,fa1c7f3e8a7b8759c64b6dbacb83a812c2138eff79f4d2d358c814c83e5a9e1b,2c8b00914335e50e8b8e33e30a5d610e52c58564b7deaa0ec7c1eca1e8868b96,False,formal_horizon_specific_loader_H720_checkpoint_prefix,720,True,True,False,False,/home/yingch/exp_outputs/r-2026-fatst/main_ii_horizon_loader_20260813/formal/iTransformer__ETTm1__r0__H720/prefix_metrics.csv,,
iTransformer,ETTm1,0,96,0.346383725270311,0.3821783948691419,,,,,global_elementwise_float64,11425,7,b789ef97204cfeb585a429d5e21abf961a51a4606b3d99d25572c81c071c316d,cc7365796f9ecc572e85dbc159031d3998b818e43b6325f167f78d9d1f5b1142,0f34948780407a9d9c4b5e02d2758f8019195b9f48122ee8a6623ea6b8b87698,False,formal_horizon_specific_loader_H720_checkpoint_prefix,96,True,True,False,False,/home/yingch/exp_outputs/r-2026-fatst/main_ii_horizon_loader_20260813/formal/iTransformer__ETTm1__r0__H96/prefix_metrics.csv,,
iTransformer,ETTm2,0,192,0.25332934230855286,0.31454457967205784,,,,,global_elementwise_float64,11329,7,36fba2ffd3276d0c3d64d24b19e87e8b6d58330052c4e57602713ca928c02644,dcaea35b3584fd64558d8da8a44e10194db6694328fbc499da1af71eaacc8d95,b1e848581badd337315a220534f0bcd570dd219e08bc89598dcb1fa8823b835f,False,formal_horizon_specific_loader_H720_checkpoint_prefix,192,True,True,False,False,/home/yingch/exp_outputs/r-2026-fatst/main_ii_horizon_loader_20260813/formal/iTransformer__ETTm2__r0__H192/prefix_metrics.csv,,
iTransformer,ETTm2,0,336,0.31825343197557876,0.35430802802216055,,,,,global_elementwise_float64,11185,7,36fba2ffd3276d0c3d64d24b19e87e8b6d58330052c4e57602713ca928c02644,ab67396f7aba422bc565c640d73793aebf07908a5a02babf88d816780f787d42,ce9c9b983c60722f44374ce8d73b07e3d2ff856b9adcfe45ae5a6c8402f92b48,False,formal_horizon_specific_loader_H720_checkpoint_prefix,336,True,True,False,False,/home/yingch/exp_outputs/r-2026-fatst/main_ii_horizon_loader_20260813/formal/iTransformer__ETTm2__r0__H336/prefix_metrics.csv,,
iTransformer,ETTm2,0,720,0.41576249517614683,0.40863125172281883,,,,,global_elementwise_float64,10801,7,36fba2ffd3276d0c3d64d24b19e87e8b6d58330052c4e57602713ca928c02644,3335128b2a08c7484b0e809bff822dda3c4c72b6784e513767da3624963f74e1,0a83b0ed00734af6a442fb364d4ef6f5fa179f0363661fb5e1a5b5098244aeaf,False,formal_horizon_specific_loader_H720_checkpoint_prefix,720,True,True,False,False,/home/yingch/exp_outputs/r-2026-fatst/main_ii_horizon_loader_20260813/formal/iTransformer__ETTm2__r0__H720/prefix_metrics.csv,,
iTransformer,ETTm2,0,96,0.1900337958975665,0.2765221044223506,,,,,global_elementwise_float64,11425,7,36fba2ffd3276d0c3d64d24b19e87e8b6d58330052c4e57602713ca928c02644,6ab1bc1d235a7dc1fdaab73f8c8ab924059fd3c7eb72634c4bbbb5fdea96db9c,661b99a20ed6afbdb99e45c4f0a666fca3822b97a18906fe534ae46976d55818,False,formal_horizon_specific_loader_H720_checkpoint_prefix,96,True,True,False,False,/home/yingch/exp_outputs/r-2026-fatst/main_ii_horizon_loader_20260813/formal/iTransformer__ETTm2__r0__H96/prefix_metrics.csv,,
iTransformer,Solar,0,192,0.22793137717319992,0.25930349970744665,,,,,global_elementwise_float64,10321,137,bf2e161c7790e81acc32a45618c33306953da07d95ffe78730ca1b145aa1554a,e811175eea53748c4c3d89a7cc135ddc87a84b6e2a0812cf958609a17fbb3a6d,d5d0a02ee2d5a0f4c510d3962ac737acdd54c7d6f88112e1cfcba9c744d6e7ae,False,formal_horizon_specific_loader_H720_checkpoint_prefix,192,True,True,False,False,/home/yingch/exp_outputs/r-2026-fatst/main_ii_horizon_loader_20260813/formal/iTransformer__Solar__r0__H192/prefix_metrics.csv,,
iTransformer,Solar,0,336,0.24295637450293875,0.27100612234387667,,,,,global_elementwise_float64,10177,137,bf2e161c7790e81acc32a45618c33306953da07d95ffe78730ca1b145aa1554a,81472f685e43247e9610363123762d9990f2a9e3e13245fdda4d48ad2ab87db8,5a3b0b152b09731115dfbdc3fdfb749456c8f221963be7374ec419ca6baedafb,False,formal_horizon_specific_loader_H720_checkpoint_prefix,336,True,True,False,False,/home/yingch/exp_outputs/r-2026-fatst/main_ii_horizon_loader_20260813/formal/iTransformer__Solar__r0__H336/prefix_metrics.csv,,
iTransformer,Solar,0,720,0.24967725044717176,0.2756049366806625,,,,,global_elementwise_float64,9793,137,bf2e161c7790e81acc32a45618c33306953da07d95ffe78730ca1b145aa1554a,e203b5215a18bdcb32a268c31603230f14cb5d027b3941be061449423b19cc76,e78af3146affcfe440ad488848ea1d82259ca4fb28452433a7a4605b9eacb5b2,False,formal_horizon_specific_loader_H720_checkpoint_prefix,720,True,True,False,False,/home/yingch/exp_outputs/r-2026-fatst/main_ii_horizon_loader_20260813/formal/iTransformer__Solar__r0__H720/prefix_metrics.csv,,
iTransformer,Solar,0,96,0.19727682364458468,0.2385637905683262,,,,,global_elementwise_float64,10417,137,bf2e161c7790e81acc32a45618c33306953da07d95ffe78730ca1b145aa1554a,6fec8cec46d344ce41dd3c99822e85d9d14954e349a25e8b7234a95602c6201d,ae7d81181ccc29c069024164abd1b8587e9c40769d78b29f3f638430889b8d75,False,formal_horizon_specific_loader_H720_checkpoint_prefix,96,True,True,False,False,/home/yingch/exp_outputs/r-2026-fatst/main_ii_horizon_loader_20260813/formal/iTransformer__Solar__r0__H96/prefix_metrics.csv,,
iTransformer,Weather,0,192,0.22787028958601127,0.26172562476209493,,,,,global_elementwise_float64,10348,21,38eecc12a15d1e0f4a96e58906c54f5da0afddb90bd8ab53da398361a2f9bf46,5d493b343bbd2e70a8e2befad2103d291cf6b894869ba3bf5eddaaccfa198833,ed64965611dac91498d74d04aa84f6c82a591bb0eaddb0c4caae8e0c8c572870,False,formal_horizon_specific_loader_H720_checkpoint_prefix,192,True,True,False,False,/home/yingch/exp_outputs/r-2026-fatst/main_ii_horizon_loader_20260813/formal/iTransformer__Weather__r0__H192/prefix_metrics.csv,,
iTransformer,Weather,0,336,0.2829813363222093,0.30100460044604,,,,,global_elementwise_float64,10204,21,38eecc12a15d1e0f4a96e58906c54f5da0afddb90bd8ab53da398361a2f9bf46,8a85006c555d19830bbba15939d2bf3927b0bf3f1c993cc6d13ad0d8daca54eb,a1a36b497bab29263483979c64821ba1b0050c30bb7cb366a7d29084df89092b,False,formal_horizon_specific_loader_H720_checkpoint_prefix,336,True,True,False,False,/home/yingch/exp_outputs/r-2026-fatst/main_ii_horizon_loader_20260813/formal/iTransformer__Weather__r0__H336/prefix_metrics.csv,,
iTransformer,Weather,0,720,0.3588743374916398,0.35073530336167746,,,,,global_elementwise_float64,9820,21,38eecc12a15d1e0f4a96e58906c54f5da0afddb90bd8ab53da398361a2f9bf46,8daad057ee9ec26e4fa9698da52838b44d7fb884a314ae341f4e78d5bfc524da,bbc080ed09902e06772202dd6f092c1b7e108b656151bc2d6d366cdde2063472,False,formal_horizon_specific_loader_H720_checkpoint_prefix,720,True,True,False,False,/home/yingch/exp_outputs/r-2026-fatst/main_ii_horizon_loader_20260813/formal/iTransformer__Weather__r0__H720/prefix_metrics.csv,,
iTransformer,Weather,0,96,0.17942855262593624,0.22188502344827984,,,,,global_elementwise_float64,10444,21,38eecc12a15d1e0f4a96e58906c54f5da0afddb90bd8ab53da398361a2f9bf46,299dbb6741aec07539fcd7cbd6b7afcc5724efda0ada01d6e0b495cdb92cf44a,7d60538ade0e05e90cba63add3feb44ff633baaf5be6c5ae3d490944fd3fe94b,False,formal_horizon_specific_loader_H720_checkpoint_prefix,96,True,True,False,False,/home/yingch/exp_outputs/r-2026-fatst/main_ii_horizon_loader_20260813/formal/iTransformer__Weather__r0__H96/prefix_metrics.csv,,
