segment,mse,mae
1-96,0.1526295393705368,0.20745092630386353
97-192,0.24065664410591125,0.2909565269947052
193-336,0.32252031564712524,0.34693440794944763
337-720,0.3975914716720581,0.3905911147594452
