{
  "mse": 0.32899099588394165,
  "mae": 0.3441564440727234
}