target_horizon,mse,mae
96,0.30479592084884644,0.35886070132255554
192,0.3690433204174042,0.4003613591194153
336,0.3829101622104645,0.41559359431266785
720,0.41047340631484985,0.43929871916770935
