segment,mse,mae
1-96,0.27497684955596924,0.3399970233440399
97-192,0.3836177885532379,0.4158962666988373
193-336,0.4543939232826233,0.4657894968986511
