{
  "mse": 0.3829101622104645,
  "mae": 0.41559359431266785
}