{
  "mse": 0.412788063287735,
  "mae": 0.42070141434669495
}