origin,channel,min_gain,visibility96,persistent_fraction96,accuracy_eligible,gain_h96,gain_h192,gain_h336,gain_h720,fit_eligible,full_r2,full_corr,full_amplitude_ratio,full_bias_sigma,tail_r2,tail_corr,tail_amplitude_ratio,tail_bias_sigma,last192_r2,last192_corr,last192_amplitude_ratio,last192_bias_sigma,audited_eligible
947,2,0.07751152202847411,0.12577961785571867,0.6458333333333334,True,0.5703581566551466,0.07751152202847411,0.1309928081528744,0.2645882952879469,True,0.6610564014517717,0.8296533316447678,0.8940243784674744,0.1520678058907945,0.6617658730697618,0.819760405858897,0.8361176873513964,0.0998683597860545,0.4552605484193628,0.7436200341305353,1.056009056438156,0.0111043001861858,True
946,2,0.18330922224846402,0.12191165781521647,0.6770833333333334,True,0.5366913699720717,0.18330922224846402,0.2624100227512679,0.377145573101221,True,0.6683737761987665,0.8288367410959749,0.8834387954616381,0.1249607252334872,0.6625693832630493,0.8188330095774374,0.8375586168040206,0.0869911831428346,0.4544366579300581,0.7482670210853593,1.0708702302105024,0.0373369304584461,True
947,0,0.21836397863864487,0.12133394509347624,0.625,True,0.5763512902521839,0.21836397863864487,0.2277460943805637,0.4156094796092511,True,0.6618279043206174,0.8206352646676813,0.8994421733711666,0.073510573635217,0.6571328971171911,0.8124702011404813,0.8406834124301708,0.0466791745084079,0.4510921321851204,0.7389735549272772,1.046972295608411,0.0112498193573326,True
946,0,0.28721507079739084,0.11835951063508961,0.6770833333333334,True,0.4929167057487631,0.28721507079739084,0.30543201314873814,0.4870501906138064,True,0.6619149537172839,0.8186298862384674,0.9035158968939356,0.032160567789177,0.6565999587181806,0.8117271421473773,0.8556165976389302,0.0193574346756682,0.4325131618091888,0.7429305038222512,1.083831886138745,0.0567346387588675,True
1472,2,0.03761083386478681,0.11584739781714273,0.5625,True,0.038529302158074596,0.03761083386478681,0.0906998694390182,0.21488859441863795,True,0.5202377299894103,0.7734478270504648,1.0363736569548354,0.0940947349684001,0.6295856136448676,0.8070153496080672,0.86691769181705,0.1345357582802476,0.4738954099696928,0.7382997448020453,0.998717327035576,0.0580843013964585,True
928,0,0.2429162368531771,0.11404036590072764,0.5729166666666666,True,0.5181247622788401,0.31614347612351323,0.2429162368531771,0.3250208957620353,True,0.6675731498641999,0.8197533465632002,0.8862498791109008,0.0007813427538566,0.6724840485839485,0.8205060867587248,0.8208442193184863,0.0273143824850603,0.4663185232801698,0.7564186894339403,1.0593446097274852,0.1186869717327839,True
945,2,0.25076388318474885,0.11397870897662744,0.6145833333333334,True,0.5478507101487404,0.3061197593280315,0.25076388318474885,0.4471801586911299,True,0.6371850949220617,0.8264442058756565,0.8863604279381142,0.2055115004985002,0.6363923568918062,0.8174718215644682,0.8392987881361583,0.1771761995596532,0.4421811957803956,0.7474065981179553,1.0775267681915492,0.0863487141794289,True
1471,0,0.04125879432311641,0.11255581507166867,0.5104166666666666,True,0.04125879432311641,0.10386302645419498,0.12406433458944688,0.36325958524296864,True,0.4968732384520724,0.7651118115497184,1.0021469781724055,0.1798254028355671,0.584050603054487,0.7959152173548204,0.8497894657922178,0.2157034898136554,0.4446061096436531,0.7186202064124942,0.979369250163139,0.061796663371149,True
948,2,0.047997017243768925,0.11243266807974699,0.5729166666666666,True,0.456077510807662,0.047997017243768925,0.14931100989192614,0.217000415264329,True,0.6768439370511856,0.8303788746176101,0.8793301690168258,0.101434260172114,0.6728926691184158,0.8222568066156005,0.8206702464904116,0.0566663015754365,0.4732777208339475,0.7441784170410298,1.0221968326939033,0.0568291836437198,True
929,0,0.2898713395249828,0.11237919737877412,0.6354166666666666,True,0.47504245853743376,0.2899824621041841,0.2898713395249828,0.3022703285954933,True,0.6651371734803553,0.8178710880264214,0.8661627565420208,0.0379981302322471,0.6641077187114679,0.8150314398995917,0.8093218828648495,0.0116589138345265,0.4747813519070026,0.7545562372921826,1.0564290640385945,0.0587074084052833,True
945,0,0.32142572790485435,0.11215807415957366,0.59375,True,0.5413949551336139,0.41944905700605484,0.32142572790485435,0.5475441218930388,True,0.6399596156563413,0.8147201591514512,0.9000506144096728,0.1285614074162599,0.6347915940963466,0.8074655483332145,0.854507904696884,0.1224582963970429,0.4148387102474459,0.739985928450947,1.0955183712778744,0.0796061942029747,True
928,2,0.14693511946122606,0.11150719352063718,0.5520833333333334,True,0.4969777195561179,0.23899865913306828,0.14693511946122606,0.22032680708144448,True,0.673729341232946,0.8282851016139193,0.8542706650413563,0.1079426644844071,0.6783695665656808,0.826569016442432,0.7888850244746526,0.0585379289546618,0.5104128831433645,0.7624404507473793,1.012815047787863,0.0906372933693283,True
1378,2,0.09015216237969659,0.11136936950703442,0.6354166666666666,True,0.2539218656357751,0.13343614215458277,0.1579850134917279,0.09015216237969659,True,0.6591264826930242,0.818662049101373,0.8605910213892,0.0965558347730543,0.6687842394308667,0.8368456824942949,0.7770221108095405,0.1671753485097448,0.678499349736558,0.8707718248778578,0.6591884820548022,0.1870206146508405,True
679,0,0.061413882925194785,0.11086090399310097,0.5,True,0.09920870247861091,0.06810072680877721,0.061413882925194785,0.2999323461444714,True,0.6329900283651491,0.806095949623552,0.8889471004867578,0.0996811839565974,0.6081363043622245,0.794779466771803,0.8967650808059767,0.1146168878041945,0.6863803786419262,0.8597393260713176,0.7194590146495203,0.1819141676149519,True
1470,0,0.04251185327417284,0.11057271027373171,0.5520833333333334,True,0.04251185327417284,0.10711678104859512,0.11638200161043499,0.30927616819907977,True,0.5002156520617467,0.7621903170818536,1.012786378103624,0.1338657595950633,0.5968347090910981,0.7932935429403021,0.8533896866031437,0.1699070030826691,0.4265064504692101,0.7136103056236561,1.0012407107813397,0.0014028014487825,True
1469,0,0.022978659000265633,0.11027599658532243,0.5208333333333334,True,0.022978659000265633,0.11406591120783272,0.10140401948433553,0.25843710118747587,True,0.4947959449690038,0.7654151877645562,1.0281243768356911,0.1484868568905458,0.6038944570155214,0.7993174262354759,0.8624373003180211,0.1761526961587239,0.4272398437232565,0.718158724619123,1.014869903671326,0.021785000545341,True
1471,2,0.04152404612411498,0.1096578975645591,0.5,True,0.04152404612411498,0.11479063182364124,0.13839315659146623,0.23846965264231068,True,0.5390727190457464,0.7744669494892729,1.0151639457995698,0.0528326865933825,0.6429138551483231,0.8077678053208968,0.8493423754202548,0.0885806259047024,0.4791997105862977,0.7373957128632529,0.968942886396849,0.1045879208676126,True
953,0,0.06397038712370284,0.10864781753731724,0.5833333333333334,True,0.4649199108846497,0.1999009928964426,0.06397038712370284,0.08852239430191666,True,0.6520963166025375,0.8110418042673915,0.8586754402372742,0.0585109253990812,0.6234006147147908,0.791120995126961,0.8332262332999407,0.0264379109287953,0.447115840199467,0.7353775254570003,1.0403538933219296,0.0255671623710775,True
1470,2,0.017064463111218897,0.1080391193527592,0.5416666666666666,True,0.017064463111218897,0.10977561562713167,0.08673261145257061,0.19438000394358024,True,0.5294217793635443,0.772805049454428,1.0331281430938692,0.0061442669788249,0.6441224785383131,0.8060543545577397,0.8634499152513717,0.0480301319573957,0.4419642423438688,0.7350586773388159,1.007100298212008,0.1560140163572081,True
1379,2,0.1032200158410812,0.10784856884748253,0.5,True,0.3088644297575779,0.10323184610560154,0.2459411749860324,0.1032200158410812,True,0.6718848112683025,0.825583740958213,0.8573116352290794,0.0932579368814896,0.6759269008131216,0.8367519029505143,0.7737001532495054,0.1423071436640706,0.6923431869290866,0.8729317751417731,0.6565014743137121,0.1510781983164871,True
948,0,0.1631187917857796,0.10778073151477408,0.5520833333333334,True,0.44999276051192894,0.1631187917857796,0.2316309275610231,0.35743369257038415,True,0.671815028327877,0.8223606485153259,0.8785473901147934,0.0361255860451445,0.663988820771518,0.8150387849545782,0.8246770770106555,0.0143702308596255,0.4767425681894413,0.7429009787192152,1.013660927069708,0.0429923988835792,True
678,0,0.06713904951118366,0.10766705116582523,0.5416666666666666,True,0.20053985820503906,0.06713904951118366,0.10501641729592648,0.2799022536145048,True,0.6395951489265033,0.8082826446314166,0.8777968289035617,0.0943051582408502,0.6157673330632054,0.7972989881465875,0.8956880864185847,0.1011826505760245,0.6938205310205319,0.8624694874916056,0.7214205775785454,0.1736038330390155,True
927,0,0.22480022967042124,0.10750068368505974,0.46875,True,0.5357337822825987,0.22480022967042124,0.27041469924969075,0.386259696612154,True,0.6671302038480229,0.8214414727158236,0.8926017993959184,0.0507158471909959,0.6736053670607074,0.82083637127614,0.8202891236181726,0.0129105332606556,0.4939467528473359,0.7622751266445477,1.0496753927277815,0.0672138595001921,True
929,2,0.18432139214210508,0.10743018891683145,0.5729166666666666,True,0.4499635456039257,0.20615268266338138,0.18432139214210508,0.20763401309103102,True,0.6701880770089927,0.8273346780373113,0.8468422504488236,0.1179578191249667,0.6716413925444847,0.8234060309568808,0.784456099249362,0.0695629361920443,0.5123534621005806,0.762709196369837,1.0179141371464848,0.0651328974461404,True
655,0,0.12538435329914954,0.10676936101570382,0.5104166666666666,True,0.12538435329914954,0.32832000430932395,0.13217366442449718,0.3849930233029011,True,0.6306741343020998,0.8059404356306035,0.8945922791154458,0.104912831098422,0.6267140034114271,0.8031636032160752,0.8925656071721236,0.1018088984727973,0.6456427270191549,0.8252518018005707,0.7804526485349629,0.1827316207519055,True
1444,2,0.039026401052424387,0.10652941766565677,0.46875,True,0.039026401052424387,0.18413081541977505,0.2068314436650991,0.2040737888080667,True,0.5604557970581698,0.7960432673474338,1.0539384910720226,0.0819703605643698,0.6841539759852788,0.8385778049852879,0.8977934936380378,0.1247087055744115,0.5946132231074093,0.7821720612354679,0.906930010060369,0.0401915970687267,True
633,0,0.03676358511380129,0.10646936299822016,0.5104166666666666,True,0.03676358511380129,0.23400032659813597,0.10884338289762963,0.3403460082091553,True,0.6559540734693701,0.8164580380636381,0.897596461281995,0.0637668466132201,0.6385204776042624,0.8084311448382391,0.904882831967452,0.0757463556227759,0.6234776112597387,0.806186842729349,0.8163364946926572,0.1623471548725171,True
1468,0,0.08564673544923884,0.1061972688783775,0.4791666666666667,True,0.08564673544923884,0.10092461653268014,0.14277160904684494,0.2561456509782689,True,0.506886834412416,0.7729963890085968,1.0143778531714218,0.1799210153554179,0.6058243983373781,0.8049185010695591,0.8576678784939336,0.198209228362427,0.4542667182923929,0.7308311731505975,1.0071053959831784,0.0593299178706573,True
657,0,0.009538261281402893,0.1059594520127699,0.5104166666666666,True,0.009538261281402893,0.328339535648806,0.10479271524901046,0.29626150818633257,True,0.6093332774524904,0.8047524788950351,0.9258632543033092,0.1537057413215919,0.5867819069373723,0.7930966391523772,0.9238937367554266,0.1584692126441035,0.6045136908227418,0.814544169869856,0.7952479281506544,0.2420664555483582,True
1380,2,0.10801184510516393,0.10592878932825514,0.5416666666666666,True,0.4145285960228915,0.15439027112688752,0.2591904521020413,0.10801184510516393,True,0.676826910976724,0.8239855824409361,0.8695214910918365,0.0071979245023719,0.6923288492977347,0.8380600225799436,0.769803206383395,0.0731898844900797,0.7003096212300214,0.8640782831319688,0.6666150418322427,0.0856149898421737,True
1378,0,0.08847197449026067,0.10581045800330259,0.59375,True,0.273688165235221,0.14328492681603588,0.08847197449026067,0.1443870999692266,True,0.6425131367485366,0.8109746765582253,0.82636531930984,0.1221880410918901,0.6392170332662689,0.8285144985926794,0.7561465368484054,0.2048953860510028,0.647272770254099,0.8625682444810265,0.6385464316679977,0.2157902535263008,True
927,2,0.08060771276990397,0.10575811889350828,0.46875,True,0.47414357824497666,0.08060771276990397,0.138310444461202,0.257709514044033,True,0.6630571374268016,0.8294732490199426,0.8733645348561142,0.1517968657138397,0.6737266168118805,0.8264612279525158,0.8006352246616422,0.0929761369971864,0.5130652770139967,0.7641912457365975,1.0269156299692193,0.0435761514597763,True
609,0,0.02876758548146785,0.10559551168102102,0.53125,True,0.02876758548146785,0.11407786753197269,0.035425932079712896,0.28462833524220055,True,0.6769277338943163,0.8235029634694009,0.8576048505892613,0.0081521925537552,0.6677905204492257,0.8185539431442341,0.8640759213789886,0.012953257711598,0.5828341314461413,0.7708534803187479,0.8222114326619834,0.0935057078712044,True
1468,2,0.09709879507303698,0.10549115610658846,0.4895833333333333,True,0.09709879507303698,0.12453711014908964,0.13183116445698784,0.17930362567192604,True,0.5390024255413352,0.7814085878886815,1.046803890203928,0.0340923626908861,0.6532916764215051,0.8131780897054751,0.8816075770262325,0.057309112892794,0.4603022904881907,0.7463864890514283,1.0344325596469786,0.1175583334553117,True
1379,0,0.13620366361072855,0.10483791204233925,0.5,True,0.3632963215059697,0.13620366361072855,0.15668026360219767,0.14053086784841118,True,0.6558077476932151,0.8168750263686829,0.8416268732074735,0.1042324665816286,0.6526888330486642,0.8273574363026243,0.7656756018673514,0.1674122028326675,0.6707853256927063,0.8661012965406637,0.6429528343822233,0.1719037347268384,True
634,0,0.08021321969567952,0.10418949635983327,0.5208333333333334,True,0.08021321969567952,0.27839349084927545,0.11628512713984251,0.3069539036295088,True,0.656419532414275,0.8173101988008848,0.9216115847894428,0.0264130560619705,0.6421711779476228,0.8096506397498893,0.9226548006941264,0.0243524148509175,0.6445586185743388,0.8104082422900746,0.8216568064799754,0.1098925402427982,True
637,0,0.030034249577065353,0.10410427918393768,0.5208333333333334,True,0.19627809483467684,0.31003354900816726,0.030034249577065353,0.308460173373887,True,0.6479635111864162,0.808175192171053,0.8782640946633985,0.0164674163644714,0.643227129040538,0.802922145272801,0.8409707940358873,0.0030236825630352,0.6678269905571326,0.8298464633741869,0.7263500581249402,0.100531867176516,True
631,0,0.07891442395278703,0.10399015791570974,0.4479166666666667,True,0.07891442395278703,0.20974847584146405,0.0791811764468584,0.3093250352207756,True,0.6535082530496205,0.8124295092248465,0.8850711651421796,0.0354491782033402,0.6333821735150424,0.8027562242573189,0.8948408944230347,0.0505548770080181,0.6100964794175197,0.7917084850185193,0.8200867703902283,0.1260972590985272,True
630,0,0.05300162838274036,0.10356525964243106,0.5,True,0.05300162838274036,0.18595793554193962,0.07334998309862106,0.23990005849180618,True,0.6564008627872778,0.8135648031343741,0.886191985991699,0.0145642858391295,0.6422983384455996,0.8070978555791873,0.9011382569359494,0.0162792182730772,0.6321634440534087,0.8008572956276854,0.8205863760893286,0.0939134031478968,True
952,0,0.01930336672308719,0.10355964520622538,0.5208333333333334,True,0.4588477514700937,0.01930336672308719,0.022055068770877484,0.2195029217489164,True,0.6350942844615439,0.8070079934255389,0.8404564542243472,0.1226736217014943,0.6106729081657076,0.785834127950473,0.8125856503796769,0.0784010493149967,0.4487826552957348,0.7292589294653197,1.016669372248211,0.0207645921826411,True
41,2,0.00963867392999096,0.10355648230271322,0.5104166666666666,True,0.08287292235249843,0.23809484344746445,0.13443731445279739,0.00963867392999096,True,0.6342476086883465,0.8393202447208751,0.6396191240016754,0.1741560417943023,0.6211548833706702,0.9294210002133207,0.5110180707417793,0.2600144243623647,0.5393850748434597,0.9608305505550409,0.4731189612074777,0.3820309904346993,True
656,0,0.07641696496554351,0.10354575595552551,0.4791666666666667,True,0.07641696496554351,0.3501346032044701,0.1150955046357649,0.3082178073107218,True,0.6172025760246308,0.8049047037841793,0.9209228456248716,0.1311823041156844,0.5967764710246274,0.7947598986540815,0.9164456566437488,0.1416312175563659,0.6159011457346961,0.8165940334048519,0.7838224267810424,0.2232726840816019,True
660,0,0.06686457361748999,0.10337789058717076,0.5,True,0.18720659450217136,0.2873503462779434,0.06686457361748999,0.2802354782563007,True,0.6334806201792318,0.8101087770460322,0.9256094325471668,0.0972378992296452,0.6297320528732961,0.8034565160726835,0.9096617357578252,0.0673110069601472,0.6737536256903973,0.835480064634809,0.7775459218340021,0.1446269262956344,True
1351,2,0.07538897823509638,0.10332773631284604,0.5208333333333334,True,0.07538897823509638,0.13052272233326656,0.07729059710623831,0.1284099230178768,True,0.6527354601295852,0.8209131208630407,0.8453964997807589,0.1433996374900697,0.6574058476006074,0.8385975600141448,0.7916404655902298,0.2088900460633142,0.6700545231907664,0.9145616122319706,0.6294307205351212,0.2916655515787463,True
1377,2,0.10605931338489594,0.10297548206281487,0.5520833333333334,True,0.3336680952170338,0.15949326673776,0.1718203936896664,0.10605931338489594,True,0.6608739519516857,0.8185787019389218,0.8601449751361124,0.0864255994993436,0.6725797402260876,0.8378135099002092,0.7762044643358192,0.1598626368163146,0.6798521318205955,0.8719299142446438,0.6598447351865858,0.1882273103404176,True
939,0,0.3537639327870934,0.10268064685579273,0.4895833333333333,True,0.5351038989837942,0.4997555806413474,0.3537639327870934,0.5440598243551931,True,0.6589573887669562,0.8162835434951331,0.8935189868592279,0.0373647012883372,0.659737671638833,0.8143692996642526,0.8710675884212518,0.0156521132387929,0.4382184760884674,0.7464940137099559,1.0910411462846668,0.0179474190589341,True
938,0,0.3416855886032696,0.1026795727165469,0.53125,True,0.4965948707036022,0.4419748338900471,0.3416855886032696,0.507785241040743,True,0.6632502740543216,0.8185650420345353,0.8671764286929585,0.0665987017427846,0.6679646540282742,0.818588957307472,0.843727087537256,0.0386173718164555,0.4852625744769178,0.7548693438120776,1.04549921414522,0.009971470327884,True
1326,2,0.03210263085771592,0.10260773789840488,0.46875,True,0.2922732073915163,0.2558980564591333,0.16033948668894005,0.03210263085771592,True,0.6654221528930124,0.8180409570369546,0.8673628446389401,0.0365541502472822,0.690751587618465,0.8326453844386941,0.8161674466876491,0.0476993309813526,0.7131643661168281,0.8978604494832662,0.6492403214319687,0.1765702482221202,True
1484,2,0.007581168161420071,0.10251415817532344,0.4895833333333333,True,0.007581168161420071,0.021671844313160382,0.03440694349559659,0.16606269877323965,True,0.5479221000247709,0.7658945024223393,0.9147322283864072,0.1285286744109543,0.5822796553288467,0.7754218791772964,0.7864160145487182,0.1373992880819907,0.3567904300623449,0.7377749904702692,1.1348329712593292,0.1728191725265916,True
1461,2,0.12357289288851758,0.10239653149998017,0.5416666666666666,True,0.12357289288851758,0.3138428142380941,0.21139816116398735,0.25174318230972903,True,0.5745032728132511,0.7831348597016473,0.9761167226027164,0.0394326800750398,0.6517517470929077,0.8091383464086392,0.8232344118038587,0.0524825444921748,0.4889182224382861,0.7480464511532805,0.9627268204094424,0.1567405808996815,True
635,0,0.07485597417613843,0.10217030134171305,0.5208333333333334,True,0.13237614249695018,0.26548297095634077,0.07485597417613843,0.30021963956492626,True,0.6588676906478768,0.8159046696823419,0.8971195166037415,0.0153911663335871,0.6465892090819545,0.8079541784074622,0.8865555322391857,0.0047510525089574,0.6539723903176375,0.8143453923963299,0.7854620171021879,0.0913880650364846,True
954,0,0.038408689881864855,0.10212541836457004,0.46875,True,0.4699823611250523,0.2111706737527861,0.038408689881864855,0.06318083469736613,True,0.6566993745231011,0.8137041837840823,0.8699479725231828,0.0474527176554708,0.6319799519395872,0.7961974115558875,0.837479682670116,0.0156888597533185,0.4480605348837534,0.7378242285765946,1.0440161483526758,0.0507007460964038,True
1427,2,0.02436677834378098,0.10206742148209258,0.4895833333333333,True,0.08652365014180163,0.059258884363298625,0.02436677834378098,0.20128652449060835,True,0.5971194017905738,0.7970348116733984,0.9685077848437044,0.093499244386312,0.6705876367832679,0.8343935891644215,0.8200407252408839,0.1594334348642405,0.6455467050076136,0.8069399722843681,0.8006577302541729,0.0746052766080077,True
680,0,0.013872626219013529,0.1020241587750253,0.4791666666666667,True,0.14335583742237656,0.08757498423286025,0.013872626219013529,0.2285394233873176,True,0.6296935254886268,0.8047695786865253,0.893177692746175,0.100720179999228,0.5926026606347143,0.7884916478127035,0.8981228464940226,0.1307570966004361,0.6758108247796281,0.857099498518611,0.7119967853971232,0.1943037010095529,True
936,0,0.3948518597054955,0.10194620328497066,0.4895833333333333,True,0.6124365915465022,0.4876867758028095,0.3948518597054955,0.4974808640970455,True,0.6754113541202431,0.8237887687014863,0.8797294196882682,0.0093394264086729,0.6746354243762418,0.8219353994204437,0.8439528802268232,0.0213917503524829,0.4895519648276939,0.7576120407336605,1.0434600368279394,0.0521053026650121,True
636,0,0.052041397033412595,0.10189319951509668,0.5104166666666666,True,0.16012378900621882,0.27497871842762034,0.052041397033412595,0.2859911546453522,True,0.6557262470353036,0.8139520527910313,0.8925788215837818,0.0246886297036008,0.6464900114131201,0.8070713922874518,0.8768247706647353,0.002947378605057,0.6602460479062846,0.8189289020166988,0.7705616313260663,0.0897725223992857,True
944,0,0.3726409091907199,0.10180032456591899,0.4791666666666667,True,0.5128939642117992,0.4556759463282931,0.3726409091907199,0.555092736368036,True,0.6465732147564599,0.8124287748836039,0.9029658517293482,0.0725970882242634,0.6350908814363785,0.8023027944354482,0.8599104639616313,0.0726653214010135,0.3916611406904916,0.7312352819347849,1.1088976025236694,0.0203732290806241,True
659,0,0.034681626343609606,0.10169709332880059,0.46875,True,0.10178934795718741,0.26398365373436816,0.034681626343609606,0.28303564824161276,True,0.6229817058900506,0.8076445560465074,0.9429361886935944,0.1049008920705412,0.6164240530082148,0.8008135934638145,0.93701766501998,0.079541243136726,0.6528849808743229,0.8244865424465236,0.8044161346943645,0.1627582763909788,True
1352,2,0.07217814888604712,0.10166831718869851,0.4583333333333333,True,0.11649921543923536,0.07217814888604712,0.09259644905423059,0.11646699713334008,True,0.6542231103062773,0.8225820568736213,0.8350803275173708,0.1492043002566476,0.6561132032546149,0.8397141978420083,0.7856471973205941,0.214670655324499,0.6657219414220593,0.9136139763370128,0.6260814025534964,0.2937576813458591,True
944,2,0.3283770172499091,0.10165350389535366,0.4583333333333333,True,0.5901138329253759,0.38368235528169214,0.3283770172499091,0.45132290332296465,True,0.6556662405427788,0.8254732647761012,0.8715398572199854,0.1536806408691267,0.6456488488963215,0.8145186593072393,0.8300055003333449,0.1324837922855973,0.436878165313196,0.7411806025492369,1.0747886586994373,0.0342955558890465,True
938,2,0.24997022468684837,0.10149765358718175,0.5,True,0.5139815829326202,0.36463655102995984,0.24997022468684837,0.3931124298220626,True,0.6688927698542717,0.8308092641966798,0.861486321870299,0.1428642073902561,0.6798184019253588,0.8299805699551295,0.8435170851251224,0.0941600092116342,0.496362353960365,0.7617492632168134,1.0513847785438155,0.0032945883285608,True
1407,2,0.0797797112468841,0.10148319500957016,0.5,True,0.2713560594655863,0.15614062908394954,0.2726046748467419,0.0797797112468841,True,0.6426399870188886,0.8060679636630373,0.8860677068719942,0.0265634356115332,0.6827389104283362,0.8343250160694087,0.7507153275519934,0.0798043983556256,0.658369279988663,0.8154000725381854,0.7349444880942099,0.0059073884579689,True
654,0,0.14523465395085766,0.10142887829434205,0.46875,True,0.16627880791197147,0.23682370675235764,0.14523465395085766,0.29955492135857187,True,0.6305890416854629,0.8060295033713673,0.8870426810885454,0.1119436628657229,0.6234729463587919,0.8038136067815311,0.8960778239014008,0.1188725465681604,0.644001348088493,0.8290304211745622,0.7821926463535499,0.202722258260397,True
1353,2,0.07261079591302944,0.10134140215366157,0.5,True,0.1682298516927505,0.07261079591302944,0.1102434168926184,0.17630217349624644,True,0.6707948130866042,0.8247323141204822,0.8392142561430481,0.0958063161966709,0.6788468015771043,0.841840612771519,0.7804008053166372,0.1614743502675549,0.6919112346108387,0.913267435666798,0.6232447944116847,0.2409004815229274,True
1443,2,0.05413158400656093,0.1010837275076201,0.46875,True,0.05413158400656093,0.07158033869564373,0.19207553305493164,0.16167975472331897,True,0.5451918687851458,0.7894233142966488,1.06294392603949,0.0564249530064647,0.6814483822174955,0.8343909336217972,0.8994437480997202,0.1026059414520404,0.5877053385875934,0.7774742677218222,0.906693018173496,0.0079632225699176,True
940,0,0.3353616692652731,0.10097366068121329,0.46875,True,0.6014901529114385,0.4964842833062545,0.3353616692652731,0.5023057915391311,True,0.6454681923558896,0.8146085644706406,0.8968285315521071,0.1065776616658041,0.6479591053072364,0.8103646905825038,0.8659422138501457,0.0751196734755648,0.4247140512989702,0.7455585612063479,1.1049603873845326,0.0444279667427529,True
1375,2,0.0627962001438439,0.10089430672538811,0.4479166666666667,True,0.20794832701899157,0.11362564093757099,0.11366908458768143,0.0627962001438439,True,0.6529286328780927,0.8130058274343718,0.8544607750524713,0.0795696542793511,0.675804366434389,0.8381279453071019,0.7768745171171433,0.1513344105129191,0.6854321751683912,0.8723007958905266,0.6626919402144416,0.1775968213820763,True
610,0,0.01962225108438931,0.10057191257899922,0.4791666666666667,True,0.07989198636187234,0.10737477410028418,0.01962225108438931,0.20539912826968654,True,0.6675212090861538,0.8189058003371796,0.8725229212000519,0.0145156842793963,0.6558167970001478,0.8125772320217748,0.8770466395105669,0.0175686225431904,0.5713813965919311,0.763926426413395,0.8386344878640253,0.0813688757148458,True
936,2,0.32689409314794915,0.10054010666008821,0.5104166666666666,True,0.6754529573095013,0.4618418751388431,0.32689409314794915,0.41232340748071483,True,0.6852550507988623,0.8353575075824531,0.8597023648531412,0.1094277962858427,0.6888051977041237,0.8312363429475881,0.8287574577212166,0.046287312092962,0.5122355711224101,0.7643293079491731,1.0274945939887337,0.0520360652948309,True
1380,0,0.12853787835018238,0.10049189695246337,0.4479166666666667,True,0.4333232435738461,0.15356861704117952,0.152772828753034,0.12853787835018238,True,0.6627530989130912,0.8153847209257479,0.8546604936164914,0.0235914790891458,0.6735591995838334,0.8298872476960574,0.7619795348112252,0.1026751519865211,0.6808809835129019,0.8583238802070218,0.6502739771512329,0.1120452482669969,True
1376,2,0.050678220973896626,0.10048954498334259,0.4895833333333333,True,0.3375506761226905,0.17248508602630386,0.11511221451932008,0.050678220973896626,True,0.6532099284898408,0.8152698398853949,0.8838679731017736,0.0821539984184854,0.6782238599775928,0.8397128743066354,0.7983963998739309,0.1587034978794418,0.6810071248752947,0.8683681978650295,0.6836434402394331,0.1973143839364706,True
941,0,0.34231782275167044,0.10046142146524012,0.4895833333333333,True,0.5584092390944282,0.5214345264067475,0.34231782275167044,0.4854334103272988,True,0.6452495999519479,0.8114900427287625,0.8793591834731683,0.0930605675385506,0.6451908248626314,0.8077873338877836,0.8522448111111034,0.0731647773579641,0.4332718471995784,0.743116635565212,1.087318562085417,0.0218064356087993,True
677,0,0.0894257988114836,0.10042472880010636,0.4270833333333333,True,0.14749186218080068,0.0894257988114836,0.11829195993132546,0.2094349101509947,True,0.6377698299176544,0.8109050306175969,0.8952310314001274,0.1126333181403088,0.6161575050326764,0.8019354057200496,0.920430247854438,0.1135863649486615,0.7059257937094592,0.8662483554901556,0.7534893942012817,0.1781736128864043,True
1383,2,0.05351239348516634,0.10023959320145796,0.46875,True,0.2928473616820868,0.1566119564741707,0.2783377431781505,0.05351239348516634,True,0.6651235264828307,0.8165448277114371,0.8564565943945837,0.0053833130783838,0.674013152726719,0.8274175939052425,0.7529970390767293,0.0711920149752619,0.6739244917135674,0.8394369210338826,0.677121463862609,0.066208345731925,True
949,0,0.0918962373096871,0.1001788189469796,0.4375,True,0.4398503454999526,0.0918962373096871,0.15082923682588922,0.2718654838694763,True,0.664046322035007,0.8169621222835372,0.8690331348754925,0.0258727048965229,0.6556106006832445,0.8097208241747501,0.8151637111416111,0.0027545236354423,0.4888323185483986,0.7481192133046285,1.0064639522588754,0.0640939515227428,True
1462,2,0.12287366516487475,0.10013771898054537,0.5,True,0.12287366516487475,0.22170583279479827,0.15464605942152498,0.16917658682598435,True,0.5502971897180176,0.7825635870101114,1.0233136462872676,0.0644048674725783,0.6457770846103106,0.8088866487605699,0.8612458029642035,0.0760200296229576,0.4727153163013449,0.7450685462611685,1.0015097864542295,0.129033765560147,True
937,0,0.3807129147405126,0.09996486045656788,0.4166666666666667,True,0.598638222560747,0.48567979222173896,0.3807129147405126,0.48893989711712826,True,0.6731501320225876,0.8230270349469493,0.8740110122224534,0.0402989117985835,0.6740898956990504,0.8212424733323261,0.8366980356569449,0.0105085631356503,0.4834380342119877,0.7500531647211308,1.0307781304061692,0.0183087229846952,True
1351,0,0.03188643737215391,0.09994865202012772,0.4583333333333333,True,0.07409126272946376,0.10667844670494375,0.03188643737215391,0.21575019552654484,True,0.6258151237304908,0.8160992948381105,0.7959150653185861,0.19948817554801,0.61533031863145,0.838216832557942,0.752882432712096,0.282834191629952,0.6173914041009345,0.9097417774577516,0.6029724908371128,0.3407804312711026,True
930,0,0.25749355146901687,0.09982841166494492,0.4583333333333333,True,0.5208918561252567,0.25749355146901687,0.27950296010689846,0.3164070330184693,True,0.6479371055859422,0.8152623907319461,0.9034131228130858,0.0945785842016315,0.6496251615943562,0.8096124529655649,0.8370841428500913,0.0713615348591322,0.4394012076597278,0.7485880429420354,1.096000034416796,0.0169634476330699,True
1467,2,0.12145334585735401,0.09961952714867264,0.4270833333333333,True,0.15400599256380787,0.12145334585735401,0.18485706500828758,0.16294919360278437,True,0.5479872592303995,0.7799757803047449,1.0240720197390498,0.0281422196286428,0.6581506262656596,0.8153847593799786,0.8661892404838671,0.064191777224581,0.4798508672081926,0.7475219900037218,1.0038335764922783,0.1150766221378225,True
629,0,0.03437784538969002,0.09956800646811488,0.40625,True,0.03437784538969002,0.08696688134980302,0.06177251427646935,0.13665815786659252,True,0.6483612575403992,0.8112540171585588,0.9094881327747956,0.0110399884327659,0.6323473923257134,0.8052434640447693,0.9320001795701478,0.0015424429729959,0.6259066125911317,0.7960543056898616,0.8441246188904,0.0740613934856641,True
939,2,0.2802009260580468,0.09934240008317671,0.4375,True,0.5766071110734499,0.4480273185171396,0.2802009260580468,0.42024599065341717,True,0.6717926379618262,0.8289996357305022,0.88710052057909,0.1098728595208607,0.6794863373504386,0.8281427442142414,0.8683218775377962,0.068700106911298,0.45250022318354,0.7547556581083885,1.09638636884691,0.0210793202779146,True
930,2,0.1755024919720437,0.09914501369849635,0.4479166666666667,True,0.4935577803705946,0.1755024919720437,0.17823850232806204,0.18507934562604034,True,0.6505598304029492,0.8252493314966418,0.8583582457894805,0.1714072009194892,0.6530560977914165,0.8176989693418848,0.7947972700399131,0.1226825938772322,0.496800326472418,0.7575118701909657,1.0350381887641518,0.0017462837715548,True
940,2,0.22595004182597722,0.09897622732888278,0.4583333333333333,True,0.577970693650675,0.38454953383924595,0.22595004182597722,0.353751241705503,True,0.6423462067512336,0.8239862066425746,0.8958402395907977,0.1773247301846587,0.654758434771469,0.8205217080254302,0.8681953360373622,0.1273760721708757,0.4316963650658656,0.7520919994898363,1.1156634366333302,0.0419740482223054,True
1326,0,0.05366138199270354,0.09866153333703943,0.4375,True,0.2926268497547413,0.2963338255701331,0.19209826297569832,0.05366138199270354,True,0.6552579519391343,0.8106759937839901,0.8165063760012539,0.043630512278984,0.6794918118203193,0.8298091035751821,0.7783154535993844,0.080247994168692,0.687564385747568,0.8960330767477728,0.622081626838636,0.2006526649989823,True
1377,0,0.0994829750765247,0.09863323461624975,0.5104166666666666,True,0.30016567459272736,0.14814877471469523,0.0994829750765247,0.1374895987335667,True,0.6330912907001474,0.8092118651689469,0.8153459718396945,0.1472919711505368,0.6247488997689048,0.8275706601016661,0.7467417446302236,0.2314972658929534,0.6283322183693925,0.8605162148823824,0.6332747070506196,0.2460025097930041,True
1382,2,0.04872677513622359,0.09849766843511562,0.4895833333333333,True,0.32122706352855257,0.1805228595156806,0.32840595489156243,0.04872677513622359,True,0.6675713843553044,0.8183251144660814,0.856888846429941,0.0244427328185849,0.6705170223217718,0.8281996550451082,0.7484879933372371,0.0950983558366513,0.6727182479601774,0.8457497514472938,0.6577560733660556,0.0850457001527405,True
1318,2,0.025416498219962946,0.09820868382093995,0.4895833333333333,True,0.10820515608214676,0.10312098813034054,0.1564791856134643,0.025416498219962946,True,0.6783390534278597,0.8247789368382968,0.8583578393104075,0.0281726557679536,0.692728236470457,0.8362152486536267,0.8107183887780152,0.0766656099360956,0.7072340567886578,0.889595787556106,0.6464176987288983,0.1581487450574853,True
1381,2,0.07431054163326245,0.09810442116836991,0.4583333333333333,True,0.37741676157300375,0.1547347030317373,0.30467376346370956,0.07431054163326245,True,0.6707787821685152,0.8205789897344093,0.8646339383971811,0.0251049342430807,0.6796383455990214,0.8319706975932506,0.7541395724148255,0.08049355258801,0.6828684242045837,0.8543523804655815,0.6514687673984828,0.0767320360179607,True
653,0,0.1493929638860947,0.09796028664322104,0.3958333333333333,True,0.17942308542745633,0.21764565673739544,0.1493929638860947,0.24381832690872518,True,0.634137286395746,0.8052856194155024,0.8937003679112182,0.0808113524828185,0.6261633635409584,0.8022835867848768,0.908375469082462,0.078994320011023,0.6530177729165009,0.8258202464998466,0.7912260570133963,0.1666269746059812,True
1398,2,0.0026739924474294963,0.09788896403416779,0.46875,True,0.15926561518430893,0.056868077671899386,0.0026739924474294963,0.02494817024133289,True,0.6210550695894266,0.7999358452488923,0.8932134924346045,0.1007053497095925,0.6467341531671078,0.8232932832015207,0.7988399913677662,0.174584402270434,0.6347036949105735,0.8285301774205037,0.724405715394651,0.2022786602528913,True
1467,0,0.11356918565600471,0.0978663981671543,0.4479166666666667,True,0.14008588664526367,0.11356918565600471,0.1912101372981545,0.23724093500340548,True,0.5125395173339482,0.7716575507482532,0.9977202843776508,0.178357783000487,0.6075404971713279,0.808427647013357,0.843883068551701,0.2115601010771251,0.4766638267830577,0.7345631214260955,0.9758872134194212,0.0684239373303524,True
1463,2,0.2019346005533974,0.09778047572408098,0.4479166666666667,True,0.2080887750388548,0.2019346005533974,0.2621025745471607,0.21369270383815697,True,0.5776812490977463,0.7883890094809731,0.9975277017272426,0.0117042119838797,0.6584499131870978,0.8121484828953207,0.8458013265854119,0.0016526323377066,0.4550017451756808,0.7429687377292808,0.969540851836661,0.2136957584423996,True
1374,2,0.012445446577579289,0.09757556477111981,0.46875,True,0.25644463683462315,0.12111967706721904,0.044865005425289706,0.012445446577579289,True,0.6408641192305028,0.8064457876003912,0.887242777420106,0.0544291791595752,0.6762154360285102,0.8328720777857904,0.8000830243040881,0.1280052338714471,0.6959093074069438,0.8710353989671503,0.6831174947252643,0.1657715901843751,True
1095,2,0.0363769043072566,0.09749673574155954,0.375,True,0.06057246965842178,0.1619826391185787,0.18484065072079547,0.0363769043072566,True,0.6462455575730962,0.8123263808828275,0.9203196857823432,0.0443400225752844,0.559687281434076,0.7929479537129013,1.0106711668271815,0.1472269619824955,0.5937237161072383,0.8249389516663251,1.1163581703532683,0.0433058523641864,True
1462,0,0.004166360125273272,0.09728504522295565,0.4583333333333333,True,0.004166360125273272,0.16698460535907378,0.17641801187259165,0.19751942505324627,True,0.503854882456412,0.7710417562872982,1.004045540720206,0.1906823115082571,0.5926752836729444,0.8000736093853787,0.8470120333079085,0.2126952776195845,0.4668809001367306,0.731659070580541,0.9887610458206156,0.0484011338059584,True
931,2,0.23798254323563695,0.09706338775376945,0.375,True,0.5776012807780594,0.23798254323563695,0.24296608561182675,0.24168841349490122,True,0.6655452237511956,0.8261258082376542,0.8608516715081547,0.1254302264417986,0.662911137781657,0.8175010524747147,0.8182415033900532,0.0734594088463202,0.478787932122644,0.7588341686649609,1.065723790613054,0.0534801210858282,True
942,0,0.3381006894079407,0.09694336471337098,0.4270833333333333,True,0.5830046642186388,0.4797135189157642,0.3381006894079407,0.43177338569074475,True,0.6412722427919937,0.8128299103556433,0.9019840601145268,0.1071062928008429,0.6335584587476202,0.8041715328379399,0.8629066426067946,0.0984051947802661,0.4149183590304071,0.7438969276458985,1.1105982939419303,0.063201169983025,True
676,0,0.10795233066301468,0.09671566812606702,0.4166666666666667,True,0.10795233066301468,0.1260659348332257,0.114038911870733,0.13637944182214345,True,0.6351092458424816,0.8092644463341931,0.9185360479989524,0.0886533435789338,0.6082374412293985,0.7992967191271068,0.9475246407128352,0.0930928957565174,0.708603418372876,0.8663457538859335,0.7715794410851307,0.1815788888099361,True
1353,0,0.07116000610267126,0.09664728864077939,0.4270833333333333,True,0.20630644429725542,0.10337334963892442,0.07116000610267126,0.20808116747471317,True,0.6425456234379658,0.8151949742272158,0.8024511949683177,0.1477660944112198,0.6290077101232818,0.8321592496092733,0.7520428458195503,0.2388779362578077,0.634783568976983,0.903646422114994,0.5975126448582311,0.2967749949823155,True
937,2,0.30343168235025453,0.09644744945275,0.4583333333333333,True,0.6477567899533534,0.4332065532145237,0.30343168235025453,0.39490054910346084,True,0.6808829230116407,0.8352427767330582,0.8659980570793437,0.1257047564888866,0.6878850314390108,0.832386590853413,0.8326636808543914,0.0705856105356285,0.5006436333197102,0.7575014335369673,1.0264678467915358,0.0286680489713407,True
1342,0,0.08956991943309489,0.09629717421795267,0.375,True,0.19400354389171526,0.1036009236734119,0.12972331522604497,0.08956991943309489,True,0.6630247888481163,0.8202090387133008,0.7720662676109736,0.0860252981945988,0.64801211033869,0.8271999337684067,0.7450984813124824,0.1717759342643612,0.6541069329116602,0.9065966669925284,0.5895466612691664,0.2594029251205881,True
871,0,0.10200358072576676,0.096011630248959,0.40625,True,0.11892182564640574,0.429014883704227,0.10200358072576676,0.5939908804698106,True,0.6041932883328988,0.8340614355034404,0.933643869118314,0.2855670302687272,0.6958387198183351,0.8704063019289601,0.8377212327483282,0.2463738964906194,0.7312671324316351,0.8709220058499738,0.8406689489471574,0.1622429055155925,True
870,0,0.17017614545729587,0.09592839726697278,0.40625,True,0.17017614545729587,0.3821159546266488,0.1818746919357953,0.5707685317023115,True,0.6048522041794401,0.8347722266505103,0.921477784221468,0.2906451659565666,0.6911225632108376,0.8678898087864576,0.8291895156164966,0.2461959469469702,0.7290885393717346,0.8711915399590385,0.8313864543940244,0.1682311359042322,True
1317,2,0.052179253131447334,0.09578460210177081,0.4166666666666667,True,0.07569409570656394,0.052179253131447334,0.15928688585711426,0.07058012541727043,True,0.6793382151006786,0.824515481625245,0.833414375870326,0.0202082661365643,0.6908232800670865,0.8359750572303583,0.7855825161904809,0.0741053847689793,0.6945369877338552,0.8876162563871787,0.6295166221998282,0.1634325845763022,True
935,0,0.3635425058176399,0.0957242313583378,0.3958333333333333,True,0.607694273576277,0.4505440061864068,0.3635425058176399,0.5206316381017759,True,0.6756918865213017,0.8243358214893464,0.8821487534599266,0.0222558973348359,0.6800803877606387,0.8250568537838836,0.8502955213210326,0.0011974456443342,0.4882668775439254,0.7597893092110717,1.0550686178061115,0.0426971516982899,True
1404,2,0.03256200848820401,0.09537607171004159,0.3854166666666667,True,0.2731988544567203,0.06496278197401073,0.0862095390669575,0.03256200848820401,True,0.6372487788695151,0.8110929750224373,0.9535173091229155,0.0183941381224742,0.6849901438624592,0.8310424786635243,0.8230006064901584,0.0746778800763797,0.687732005493697,0.8338188789849761,0.7539867295943373,0.033893146530472,True
652,0,0.1480478375063089,0.09535994371164666,0.40625,True,0.1873297923656022,0.27966220681668363,0.1480478375063089,0.18449316781743974,True,0.6312196705601375,0.806134952875824,0.9222551699554522,0.0717634090142699,0.6233208325523147,0.8042095952794528,0.940992575747937,0.0687215893397723,0.6581601317818043,0.8256930565049604,0.8133374558135288,0.1531542716030257,True
950,0,0.10918883554735659,0.0953401688785609,0.4479166666666667,True,0.4242008059023812,0.10918883554735659,0.1478909249450734,0.2701832218014024,True,0.6576846418553512,0.8133912205717034,0.8138140867165374,0.0626135531015297,0.638526574544954,0.799597009823064,0.7771136968918158,0.0179806621865485,0.4980589886426134,0.7408099083923162,0.9627009565359104,0.0387903916370572,True
942,2,0.24994883334431595,0.09530097708566762,0.4479166666666667,True,0.6173779272416235,0.39743831819102493,0.24994883334431595,0.30123594714624735,True,0.6393341439483287,0.8230868880195151,0.876413003148923,0.1878675244062327,0.6376716990705134,0.8147089600846686,0.8385061466380067,0.1597269059484809,0.4449041373096092,0.750113491051067,1.0853976387942152,0.0731481539026152,True
1352,0,0.04031445482488272,0.0952756890117837,0.40625,True,0.15364678986090297,0.07628518196602285,0.04031445482488272,0.17421130613497304,True,0.6187937989890602,0.81446349558897,0.7914421579727856,0.2098261296223746,0.5983218803761148,0.8333620567656899,0.7499691546050399,0.2986905776047344,0.6014524729287312,0.9059172078240364,0.5972407214691174,0.3520686598868875,True
951,0,0.10522089061117701,0.09513512603293407,0.3958333333333333,True,0.3971667552821878,0.11860743743884405,0.10522089061117701,0.18805441127854383,True,0.6525727503599585,0.8087889267502428,0.8391487779444797,0.0253979745120533,0.6265226346054482,0.7917223982077353,0.806271676916639,0.009488925514002,0.4631107408723516,0.7361304330103987,1.0072942432257934,0.0724393647210873,True
1375,0,0.039033866277524365,0.09507580034177421,0.4375,True,0.21643083520254358,0.11823887671944577,0.0492519236316471,0.039033866277524365,True,0.6281489694346022,0.8052185788018307,0.8253002172851153,0.1408002770198426,0.6315585932237636,0.8286477583883894,0.7599909724644224,0.2244654984734387,0.6410126066394413,0.8607232110719186,0.6506397851563172,0.2360016813373955,True
941,2,0.23770370417266617,0.09498927737374871,0.4270833333333333,True,0.5771256559092415,0.41271046981832804,0.23770370417266617,0.36263255619917356,True,0.6402053365517735,0.8197136412889588,0.8759450255289006,0.1690063566552766,0.6490326586913464,0.816771780463686,0.8501511468554224,0.1302662679658853,0.4444401047315888,0.7499289412425354,1.0921702358874876,0.0287090303094442,True
1376,0,0.0528035061840163,0.09481049778878689,0.3645833333333333,True,0.32408825422456033,0.15687398470205205,0.0528035061840163,0.057365878586533525,True,0.6282842959491552,0.8053226193274178,0.8425680574834687,0.1373790471206638,0.6329411578988589,0.8288497402262058,0.7720839341354043,0.2254514964089876,0.6345346404046995,0.8574031415466499,0.6623265815170486,0.2501012644038056,True
1097,2,0.04957168417083313,0.09470026541702428,0.4166666666666667,True,0.04957168417083313,0.28587255649697285,0.2243788141119739,0.08755729548887803,True,0.6486233448987567,0.8121862487341065,0.9095103852686804,0.039384897890215,0.5534149138313985,0.7844109543115725,0.9936097890692432,0.1346160426866937,0.589531063803723,0.8254130704313197,1.1252589781743425,0.0432215761500934,True
1332,0,0.022121711124804766,0.09459691443474773,0.3958333333333333,True,0.35383235156458126,0.154548016238084,0.21657420705128105,0.022121711124804766,True,0.6550330003543903,0.8184478426442909,0.7649025876550734,0.1093470458807343,0.6225201111359093,0.8170054045984939,0.7258112224219443,0.1914715152297842,0.6037632750905639,0.8930581109855206,0.5603868428576781,0.2883042522556256,True
1317,0,0.06726672420941793,0.09448597650062783,0.4166666666666667,True,0.07861654595673717,0.06726672420941793,0.16187279638761898,0.10386224716852921,True,0.6569820294308506,0.8155966295613912,0.7845732795008966,0.085166803815071,0.6525604075668928,0.8321697506771257,0.7517847571073184,0.1829872650867236,0.6431611486669466,0.8900201674296514,0.5988812996067895,0.2534026625893664,True
931,0,0.30686072795823505,0.09442153867719259,0.3645833333333333,True,0.5914075780051864,0.30686072795823505,0.3269865400750964,0.3996145732326384,True,0.6581333904611075,0.8172285795445731,0.904543014446853,0.0458840955128119,0.6551426405916199,0.8111744039832463,0.8592031375443181,0.0235481175144541,0.4256845227120697,0.7519527761790246,1.1243618013861914,0.032557224014346,True
943,0,0.34169395694408156,0.09435537227224391,0.375,True,0.5717601097489007,0.4819344677323879,0.34169395694408156,0.4889868314769811,True,0.6377049774268004,0.8115151901437153,0.8948592391752223,0.1179224147404717,0.6332837478488367,0.8061548576750768,0.8608836420844111,0.116647618327007,0.4166407882529426,0.7462939153007205,1.1129204267998012,0.0768037813388822,True
1461,0,0.01361802665037759,0.09433284120213377,0.4166666666666667,True,0.01361802665037759,0.26796496838554296,0.241146817225941,0.29675498484595964,True,0.5268919843154125,0.7723406784493622,0.9656758101301064,0.1795540757827504,0.6007124288108968,0.8004903667516692,0.8131309561134501,0.1997814154317467,0.4932580830878206,0.73542865569034,0.9512822716862273,0.0316929169402224,True
1463,0,0.1141987572490839,0.09421295636896641,0.4270833333333333,True,0.1141987572490839,0.14413779182001696,0.26307524131155346,0.2056852027904692,True,0.5505332515070082,0.7779112052816185,0.988407054398558,0.1015090601879006,0.6314956047524602,0.8046893708709921,0.8376423463455506,0.1222435284490189,0.477664596083131,0.7311304883632912,0.964549184827044,0.0490194560595696,True
1442,2,0.045091780748100274,0.09415377576377353,0.40625,True,0.045091780748100274,0.07398375576940974,0.2685952183356839,0.155686414864604,True,0.5614000196837907,0.792001177783799,1.033984819083796,0.0854971535802719,0.674542659069366,0.8317989717434761,0.8806443825594034,0.1223151510090283,0.5853791132606199,0.7745242722645125,0.8907545727663453,0.0316109523979727,True
1389,2,0.07218555557240813,0.09411957255684253,0.40625,True,0.27402142092367743,0.20911904267368664,0.11737651414625716,0.07218555557240813,True,0.6579470223369084,0.8137696499397533,0.8774961627299614,0.0145928884652657,0.6743062803820309,0.8254547140034465,0.7816621468996658,0.0717733624330174,0.6843195704735976,0.8434518989076387,0.6933316527996213,0.0674940516325104,True
1383,0,0.1056327690701716,0.09407738254771095,0.40625,True,0.33667767347357025,0.13727785451167707,0.1779480315661135,0.1056327690701716,True,0.6565505127694051,0.8106587189309942,0.8323276701530193,0.0121450550584618,0.6613974223818387,0.823135327614153,0.7372213646745048,0.0936650209876934,0.664482784569177,0.8392696243295723,0.6599869096689375,0.0880251440046411,True
1318,0,0.04019269521607849,0.09390107592654093,0.40625,True,0.15044086578514448,0.1428712429046537,0.17106996878674496,0.04019269521607849,True,0.6629552982930463,0.8174853758304398,0.8048215535710913,0.0718795451388843,0.6643896158749023,0.8338446826588454,0.7748408110118826,0.1656076147228652,0.6658693297392997,0.892168108332939,0.6168419697234783,0.2330024059650007,True
1096,2,0.0439111230774788,0.09372469242994799,0.4375,True,0.05161998775641807,0.21377381018161123,0.21675388801740414,0.0439111230774788,True,0.643626263041378,0.8100884634935528,0.9106562954042908,0.0500316582649513,0.5528571712156003,0.7873995554601282,0.9932877006598588,0.1573243795138615,0.5815899770113093,0.8222454088090405,1.1190621569752308,0.0799834564412241,True
935,2,0.29888291343861817,0.0936188875236689,0.4166666666666667,True,0.6768466039100876,0.434903777292975,0.29888291343861817,0.4184478322129015,True,0.6802516705204233,0.8338629654552826,0.8583778435525967,0.1203112438192219,0.6833005460576497,0.8290974801096859,0.8309348617878474,0.0640211644313824,0.4992667223423219,0.7613024154943074,1.0404633301763693,0.0488244734638255,True
1408,2,0.04031674704837673,0.09359630454645873,0.4270833333333333,True,0.22366484080600557,0.12327687624270711,0.1841840368801193,0.04031674704837673,True,0.6392002470923446,0.8035552093794647,0.8776070047056285,0.0318913630549502,0.6793010004399636,0.83422357136659,0.7411853541984819,0.089285254828802,0.6614954997628937,0.817934042156345,0.731995573876426,0.0116265740880756,True
1358,0,0.05561317768546614,0.0935894720535701,0.4375,True,0.4070989719075445,0.05561317768546614,0.30226544549812784,0.09190314326425275,True,0.6687441278659151,0.8194377109118088,0.7862257267780965,0.0403856200691809,0.6554923681185494,0.8302571351361648,0.6991255406586778,0.1289924310018009,0.6579381076704262,0.8807243418416465,0.5746635977696429,0.1551260119388978,True
1094,2,0.019651431190867763,0.09338896438700788,0.3958333333333333,True,0.10291267197634102,0.09471740759041791,0.15610270431217366,0.019651431190867763,True,0.6492619770664018,0.8149370474675752,0.9271219404525912,0.0476965832603115,0.5657644203530232,0.7976097836309081,1.0134554268135332,0.1543619283042273,0.588972544801466,0.8279492054896803,1.1341953392112945,0.052351195307179,True
1384,2,0.03420875080217978,0.09332786549701527,0.4166666666666667,True,0.3549721330860194,0.21977788378688246,0.2823015885896174,0.03420875080217978,True,0.6604461528751218,0.8134891159314414,0.8457821239311897,0.01659971379646,0.6590753214547296,0.8208768746137792,0.7355639311015826,0.0865171860975706,0.6512233760889936,0.8261781636559796,0.6655696833350433,0.0745110599976439,True
1407,0,0.14090139157438764,0.09330917976911757,0.4166666666666667,True,0.26539044764634645,0.14090139157438764,0.2024954204310362,0.14528153260915633,True,0.6291678426098575,0.7997054188709516,0.8600409144807339,0.081978913942725,0.6587097571235448,0.830355756706915,0.738296653180259,0.1493520908144136,0.6476228676537574,0.8126320763613164,0.7229649667353011,0.0686136526418995,True
943,2,0.266647432144405,0.09315504096702572,0.3854166666666667,True,0.5857444880076019,0.3926558290392207,0.266647432144405,0.34382157585730555,True,0.6345713969564044,0.8218341907960557,0.8607484935195819,0.1983071285873125,0.6317754851274493,0.8150488182692691,0.8242412656601501,0.180123818374052,0.4519219339436471,0.750896636832518,1.072227094908481,0.0931158524389439,True
870,2,0.1042391110399723,0.09309863367054413,0.3333333333333333,True,0.1042391110399723,0.26085433951125514,0.15934041461127402,0.5009022943765015,True,0.5889704047197666,0.8489572816909917,0.9017001776761498,0.3591326333535982,0.6645125839599058,0.8801511288600258,0.8115813017776125,0.3247331281030008,0.7109736578102536,0.8817578343693678,0.8185302040736286,0.2500509696615656,True
640,2,0.09551706815205807,0.09295287614785283,0.375,True,0.28503991154585795,0.09551706815205807,0.1386427583062536,0.15928877608366643,True,0.713953658771171,0.8530449463196725,0.8718301644809436,0.1156682205663912,0.6911425361414099,0.8344102763812318,0.8257129780424295,0.0708684005096748,0.6976901073992863,0.8443006351257505,0.7218851737827885,0.0129580051955979,True
675,0,0.11915276421281651,0.0926461111488239,0.3854166666666667,True,0.12998233579398621,0.15196070699126885,0.11915276421281651,0.1386413917401964,True,0.6342815026606435,0.8085762403260407,0.9016454459187312,0.1041736853984598,0.6037992618382337,0.7964065310103987,0.9351129130977516,0.1059464032708089,0.6937917448898067,0.8580076467660961,0.7621976475655399,0.1822246445255879,True
869,0,0.28473730807819597,0.09259249901431109,0.4270833333333333,True,0.28473730807819597,0.42070422716437417,0.3057387993521651,0.5726699448749555,True,0.633606913223712,0.8403368057738234,0.9153244480443368,0.2587197082194353,0.7069653155194314,0.8695806044478502,0.8340095099298169,0.2189516141690808,0.7313185429517286,0.8664540581467888,0.8437856778848406,0.1375144954672411,True
821,0,0.018050389191594518,0.09238320006757868,0.375,True,0.06008497468133844,0.08467023270194851,0.09690859775970107,0.018050389191594518,True,0.6159564821006005,0.8045424417298471,0.9471565594952946,0.1048488047523989,0.7409907913568985,0.8623188806937676,0.8547683367782922,0.0504583980189042,0.8258748165882627,0.9318205021868852,0.745857969211574,0.0885017968007552,True
599,2,0.05802211351535591,0.09221171222836085,0.3333333333333333,True,0.13495266137081874,0.1057884868275184,0.12996806040116704,0.05802211351535591,True,0.7064279868032397,0.8657447340137471,0.8759230110681021,0.2073218761865198,0.6844993774047075,0.8481411454224611,0.8724565059714234,0.1850750885321702,0.628927045024056,0.8159579437390158,0.8118195899952202,0.19194581254885,True
820,0,0.02947323411180225,0.09202678014733681,0.3854166666666667,True,0.07638766938717267,0.04187605769679725,0.09032140411021272,0.02947323411180225,True,0.6126196901568155,0.8047167208022756,0.9530589883020106,0.1137711837636815,0.7383498369781959,0.861091797500231,0.8654683087941973,0.0557682068285939,0.816927083848941,0.9240672650902582,0.7561070943599189,0.0936088009253614,True
616,2,0.07714851805427991,0.09200381227938999,0.4375,True,0.1682037059716721,0.07714851805427991,0.22715176507854362,0.12531691220444308,True,0.6982331526740043,0.8548309540241095,0.8646011310821483,0.1800204180753376,0.6756623449306873,0.8357095498295916,0.8274071981821467,0.1505960746593798,0.6608854684465655,0.8216689061507121,0.7693954190478383,0.1073396731616409,True
958,0,0.027280757447452175,0.09187528194329188,0.4270833333333333,True,0.15177348904281796,0.027280757447452175,0.04536394213176009,0.11023467475934678,True,0.6450473277363556,0.8110878828851616,0.91597487269853,0.0426021759381924,0.6179937406535954,0.7941520750684388,0.9067692393836312,0.0010733049504496,0.3935578040055966,0.7331816360906733,1.1098891319378246,0.0457052520786005,True
1427,0,0.00910236301079903,0.09172616929238232,0.375,True,0.05570004519513683,0.00910236301079903,0.04503017988431879,0.3170697583175245,True,0.5402305551445492,0.7842795162057581,0.9792888229187758,0.1919249194104225,0.6149057475617807,0.8280484769025348,0.8239377126873441,0.2659729951637838,0.6089897022206417,0.8018859962886121,0.7941691972583343,0.1843146761271733,True
1367,2,0.051384493342106596,0.09170199817974214,0.3958333333333333,True,0.17849990834428375,0.14397518163757517,0.12055586388470341,0.051384493342106596,True,0.6756834683825395,0.8226845248090997,0.8534137541159736,0.0134934593059121,0.6843050351327533,0.8320094054270725,0.7925868249174703,0.0798778801190997,0.7085544543414133,0.8764668096695318,0.6664922288455754,0.1247007999921326,True
868,0,0.14179102168474067,0.09163576660376363,0.4166666666666667,True,0.14179102168474067,0.38236396388985516,0.2751525642730215,0.47803560237937737,True,0.6196875624646021,0.8372049354277731,0.9314957900516576,0.2689493933332392,0.703373328287337,0.8680568398661421,0.847505441557871,0.2229954909378904,0.724152442839936,0.8622138534660799,0.8520696305890733,0.1384101911389197,True
934,2,0.27709805641068175,0.09163330018353011,0.3645833333333333,True,0.7070585411759949,0.400276865918032,0.27709805641068175,0.4140697145818413,True,0.6773539286715948,0.8301411112572732,0.9021049871416158,0.0812498399725725,0.6789113509453955,0.8251495200856077,0.864850569473781,0.0196011792908354,0.4560781004030816,0.7611152649279368,1.0942000032297423,0.1107831359623815,True
1374,0,0.0009164069102602923,0.09156674741746235,0.40625,True,0.31225776959002727,0.16128585953474195,0.0009164069102602923,0.0030245825529786607,True,0.6205373214353931,0.7981287977150143,0.8603714805840719,0.1122412791083707,0.6332896168482849,0.8213283656824044,0.7798825754218836,0.1989294193826679,0.6499608772428354,0.8599547222277357,0.6634704409157186,0.2257325280863317,True
957,0,0.07934441340535292,0.09153535088250847,0.3645833333333333,True,0.27801411631273765,0.08220908145535888,0.07934441340535292,0.15064866677554023,True,0.6554710164958701,0.8152030462504929,0.889197426121468,0.0600817931467004,0.6228329181841481,0.7945610557511337,0.8846420885862536,0.0194874486674276,0.4098207996724533,0.7367259257399709,1.1007965244633422,0.0199220764522544,True
934,0,0.31756663385637796,0.09142760608184182,0.3541666666666667,True,0.6371803527641833,0.4016061353263599,0.31756663385637796,0.4947942286543078,True,0.6627099101958044,0.8218241873615632,0.9333752592493464,0.0155384393481276,0.6696445024405733,0.822235259306595,0.8907392506571343,0.0416355902498756,0.4450019899763185,0.7613673761041675,1.115168016359937,0.0974853751802512,True
933,0,0.29683396736613443,0.09128367156213477,0.3645833333333333,True,0.6134849040095571,0.36022594563754584,0.29683396736613443,0.5161655778379595,True,0.659415010658983,0.8203086318707968,0.9166930429938503,0.0648173291274603,0.6690341200119403,0.8201107713497898,0.8685005110796534,0.0347273719259473,0.4565294237356719,0.757552150506307,1.1000266175877704,0.0081900182128247,True
871,2,0.05199996449242472,0.09096928053581746,0.2916666666666667,True,0.05199996449242472,0.3122991180269017,0.11357992476826095,0.5266192756481369,True,0.5992833369009487,0.8480755090420241,0.8994703026816661,0.3425015435332784,0.674084017757132,0.8809483499949297,0.811574679319472,0.3117262764328188,0.7130701987113592,0.8783559908586551,0.8178293298127122,0.2340418152137782,True
1389,0,0.01774258630501968,0.0909217720364527,0.375,True,0.23897256073945938,0.17352070138215803,0.01774258630501968,0.16517632952579764,True,0.6290207813574297,0.7995568200402818,0.8622900370502754,0.0795919003358694,0.632999338494601,0.8128219422463071,0.7681604452669079,0.1602670333849638,0.6451976537177866,0.8330723735027337,0.6740108746934467,0.1533341624434518,True
1382,0,0.047938631404374155,0.0908551484760883,0.3541666666666667,True,0.33327800756128223,0.13858053690845673,0.22530983342587274,0.047938631404374155,True,0.6547182875598814,0.8106995067075486,0.8296714105743992,0.0464270339311947,0.6509545605916114,0.8223590359110194,0.7306294700195681,0.1300211909430762,0.6535900900087874,0.8408762234508087,0.6394618752479544,0.1136441529253756,True
1381,0,0.07483595501309115,0.09084596656960985,0.3645833333333333,True,0.3664719270027369,0.1236538028574864,0.20204700872983772,0.07483595501309115,True,0.658775106303034,0.813045341354462,0.8314721822447905,0.0439098204273513,0.658674002344275,0.8248562315921416,0.7311433054579334,0.1137175796764873,0.6587492141025078,0.8476950306559148,0.6264748557571975,0.1043996413499848,True
1442,0,0.007764412693926692,0.09066910065480868,0.3854166666666667,True,0.007764412693926692,0.07239006842527762,0.2716026444584958,0.2364789647907013,True,0.4939345007156134,0.7802863404434555,1.0207883607692605,0.2388954804642241,0.6027419374675007,0.8220124021308487,0.8612238088088258,0.2672544057181507,0.5401433455407274,0.7635500831597432,0.8641950497197972,0.1809308560159068,True
1414,2,0.0056321830919873195,0.09042616141912048,0.40625,True,0.0056321830919873195,0.08183058179234903,0.028106441306596452,0.024623868428101603,True,0.6264174089067065,0.8051844402415685,0.9528410201733608,0.0101048653265652,0.6921036464419273,0.8339658576577299,0.8264101063946178,0.0577781612697683,0.6560148813373521,0.8114720570251873,0.8162580863955106,0.049488502889089,True
933,2,0.20530090990412975,0.09033200535239388,0.40625,True,0.614653423778158,0.2667559160281384,0.20530090990412975,0.411817007022494,True,0.6613578759389551,0.8258861154599921,0.8841638036116248,0.1316575513760657,0.6707703016796285,0.8220479448717659,0.8410326031718215,0.0680595675676496,0.4729830112290234,0.7568603247436805,1.0680980644131042,0.0546407297494649,True
1344,0,0.019611006000485376,0.09007522476155339,0.375,True,0.2723880345066072,0.1881924854609338,0.13600155687324078,0.019611006000485376,True,0.6528839421784749,0.8181841018808628,0.8072710054993144,0.1281490800571204,0.6297029089082157,0.8197415387174207,0.7684399311920989,0.1991015481002265,0.6429763693189569,0.9022009573468104,0.6042610443756254,0.2867437991958451,True
1464,2,0.09480022892913886,0.09005020119371426,0.3854166666666667,True,0.11902348812759511,0.09480022892913886,0.26232998711998257,0.20670671856071487,True,0.5689751386985034,0.7899786714513919,1.024653730751188,0.0043334965374565,0.6666260421001863,0.8183906153777704,0.8717943977801905,0.0168876660120409,0.4698776755623142,0.748180649155592,0.9955587876305424,0.1694127055838418,True
651,0,0.16750223268650433,0.08965392389329642,0.3229166666666667,True,0.16750223268650433,0.28031999907523975,0.18045703541503322,0.1965061308262479,True,0.6350291314051728,0.8068585893645497,0.919905322348608,0.0566752855114887,0.6218514457508031,0.800571550248601,0.931444962794958,0.0439944451620459,0.6520158687311204,0.8177548809796077,0.8085557139607323,0.1289284761447628,True
1283,0,0.026072175903392503,0.08956415340898398,0.34375,True,0.026072175903392503,0.1373810992863187,0.15406446634722182,0.04031151173976644,True,0.6480031083180429,0.8096762796281911,0.8257772994696543,0.0855179901223761,0.5935576248712249,0.7914352031297969,0.8235536458494882,0.1782707534037474,0.6146202154332545,0.8431866054587982,0.6465545586193402,0.2401650981046199,True
956,2,0.021120418603490565,0.08947516484706725,0.34375,True,0.3502407628292843,0.10212859386246065,0.02133685423636611,0.021120418603490565,True,0.6652188615336161,0.8203178705117533,0.8839795742982054,0.0604130335137013,0.6302259303790625,0.7976539024776554,0.8746400309199815,0.0099475517707713,0.4052958326958644,0.7403885767651393,1.0932749025906356,0.1354645819165503,True
956,0,0.05723916791542483,0.08881913085275284,0.3020833333333333,True,0.4177975598148631,0.17356029842988097,0.05723916791542483,0.08932356339165748,True,0.6495247773152218,0.8115797885385544,0.9043390170601392,0.0230803243725829,0.615459918150099,0.7907143243255592,0.8885724327692661,0.0138929894316076,0.3894020344428134,0.7339081046383623,1.114273420662336,0.0673891532595759,True
623,0,0.009682290462125653,0.08835461894759217,0.3333333333333333,True,0.009682290462125653,0.07202994218760972,0.09754865653959943,0.12393912394555318,True,0.6639415735314884,0.817309477798509,0.8715979593335168,0.0332561233520426,0.6538510440788228,0.8134654678587477,0.8869199534059587,0.049794195171959,0.6355003111997282,0.7980563529591248,0.8133513939326222,0.0340542658166332,True
868,2,0.15040541081959635,0.08811045875207305,0.34375,True,0.15040541081959635,0.2697082331114694,0.25345704785645995,0.4858210490836943,True,0.6088236688614101,0.8537386338118341,0.9228815777141772,0.3395073479469983,0.6844175937699424,0.8790629456970185,0.8464994154877764,0.2954211996927247,0.7132639638479792,0.8718892224084939,0.8570216104144948,0.2161152618805644,True
955,0,0.043319548338138225,0.08805724254711624,0.3020833333333333,True,0.4414497773394891,0.1979901582592959,0.043319548338138225,0.07476306564403346,True,0.6569752559048554,0.8151882397778968,0.8999684297388673,0.0192075442863502,0.6285775907661423,0.7971094210763894,0.8793600142978526,0.006377955574618,0.4282655912661098,0.746610105680608,1.1039402340962832,0.0384218422871098,True
869,2,0.27625975062425445,0.0880510835703411,0.3645833333333333,True,0.27625975062425445,0.3232535002585728,0.2838929985502803,0.5163647544284222,True,0.6190684869035514,0.8533313617340259,0.9073066448068005,0.3258720528558865,0.6828756989854574,0.8787997145422037,0.8284146620512159,0.2947449503884355,0.7136084999559262,0.8737122464747153,0.8442618825692878,0.2211272614351425,True
1373,0,0.05606182091709655,0.08797487705697056,0.3229166666666667,True,0.05606182091709655,0.06273145419916804,0.06694823013829376,0.07394694850281869,True,0.6452601737950902,0.8054772950084202,0.8207095221090752,0.0574584914224655,0.6624643570288875,0.827300638150723,0.7559414068772928,0.1298839827221627,0.6727598933426123,0.8660817463225687,0.6385173550177907,0.1598503856129969,True
1390,2,0.06515147714927527,0.08759401236071435,0.3333333333333333,True,0.21196194198193652,0.2414739215423416,0.10191838834669875,0.06515147714927527,True,0.6587840032083219,0.81523693244773,0.8914982581735779,0.0033857077545281,0.676384872082711,0.8247676720897499,0.8013940610356208,0.0575370762893317,0.683993091942527,0.8379631484325956,0.7116461921604679,0.0472564571956753,True
932,0,0.3278283002893948,0.08757645909444499,0.34375,True,0.6101242568427574,0.3341987965469063,0.3278283002893948,0.48809347259542446,True,0.6587849625645621,0.8192887018243911,0.9116482681463782,0.0625997194989574,0.6651162385118599,0.8177233915250186,0.8611911606552262,0.0408149431233476,0.4488565098426064,0.7554357379103872,1.1044718869130723,0.0006410608237237,True
1360,0,0.05355182618214316,0.08754284645540271,0.3541666666666667,True,0.3903486717419993,0.05355182618214316,0.2737187777099701,0.14782444565369524,True,0.6687975277265943,0.8205401176564087,0.7671363330240404,0.0404548234940968,0.6507514438373159,0.8308294467485613,0.688570385017827,0.1388829906889103,0.6501951986855214,0.8693613550066698,0.5753358097837551,0.1383580342801939,True
671,0,0.0788690296846496,0.08746328652610875,0.3854166666666667,True,0.17784750786087622,0.0788690296846496,0.13580127207660897,0.09337370443520676,True,0.6389724470589747,0.8106548944735306,0.8999822889701933,0.101042206366218,0.6257509016611934,0.8033296494172047,0.9101240323600216,0.0904576350754227,0.6968652652339746,0.8610775698766424,0.7470177854674004,0.1777067294482868,True
1372,0,0.013197571024069044,0.08731616200778662,0.34375,True,0.07211310260621162,0.0435446231370239,0.013197571024069044,0.10551627301935707,True,0.6309789239505506,0.8006521985143968,0.8533046162745501,0.0853975523033123,0.6522176008701954,0.8254249125150098,0.7861080805102273,0.1660206976594307,0.6694347702864342,0.8624093121697539,0.6608464353448436,0.1835414343322504,True
932,2,0.23254972298870513,0.08712224505805122,0.3333333333333333,True,0.5746026985739492,0.23848800729356068,0.23254972298870513,0.35017488686417186,True,0.6622308672413688,0.8265005202588286,0.8726302487491151,0.1369097910894545,0.6688465014952606,0.8220560146833851,0.8292259801033836,0.0829348019696516,0.4771694909324195,0.7569243810560005,1.064526693507484,0.0338503335151926,True
1366,2,0.01835977806039446,0.08701430282364585,0.3958333333333333,True,0.01835977806039446,0.0837875266933844,0.15079794008341185,0.03178312137183059,True,0.6680558991742689,0.8211561861465899,0.8371744557259881,0.0773627682559628,0.6681672951377817,0.8311518046441542,0.7799034462561882,0.1414907523055533,0.6863098560070611,0.869025624804655,0.6629754105552436,0.1626007065416124,True
955,2,0.010642561719544807,0.08699299875161504,0.3020833333333333,True,0.41270638679515015,0.149112125807619,0.010642561719544807,0.026148344398062906,True,0.6747399100677733,0.8255000654859141,0.8778400413521842,0.063015672461647,0.6451322866410322,0.8048980499371972,0.857080024523094,0.0023718515946466,0.4606864517041212,0.7528574620766385,1.0630227450601792,0.09952589478169,True
1465,2,0.0808376103081877,0.08678847872409118,0.3333333333333333,True,0.11293572457505507,0.0808376103081877,0.2754934431924527,0.2266025850857306,True,0.5687201612971733,0.7931204031118619,1.0321053539983795,0.05662160175161,0.6729013259250695,0.8256666774440677,0.8758368547176975,0.07941718723796,0.5139766493936693,0.7600262402603913,0.9958131830193188,0.0898206775474046,True
1367,0,0.037971082008271484,0.08677128295296248,0.3645833333333333,True,0.1926290683374886,0.12824343178689357,0.05121798915971798,0.037971082008271484,True,0.6529368236838169,0.8116203121526747,0.8228976173793934,0.0752564269801041,0.6472841337306317,0.8236700806602386,0.7644263472425638,0.1662481521549863,0.6695594006283703,0.8737243814816142,0.6360996263153577,0.1933115875969046,True
1385,2,0.024905714933434075,0.08656465836849345,0.3229166666666667,True,0.3868345288157943,0.2788605913311537,0.23233653924965347,0.024905714933434075,True,0.6585388999941111,0.8134039266090404,0.8637403079201732,0.0235222563839951,0.6703160696693591,0.824342608952454,0.7391417334975052,0.0443337127577826,0.6710793723473923,0.8405526682196041,0.6557178029376836,0.0358537066412586,True
1384,0,0.09282498162930697,0.08649795994423679,0.3645833333333333,True,0.3776374393236349,0.215840222551116,0.21025681219954573,0.09282498162930697,True,0.6530570323901452,0.8090828942467508,0.8160984924263464,0.0388442885729184,0.6446826261311686,0.8176424301904381,0.7177176827231792,0.1177775970215117,0.6412739350696421,0.8256609447336224,0.6505645101750496,0.0989105615879886,True
1098,2,0.012778038637591638,0.0864831079980751,0.3645833333333333,True,0.012778038637591638,0.21913495190995858,0.17799350437676975,0.042874612399016354,True,0.638919092829219,0.8072267622108729,0.8914779478653883,0.0748177152554047,0.5390537648891363,0.7834123876504889,0.9829775937274038,0.1866947582514903,0.5631213930518881,0.8172396006293939,1.1261572846005767,0.0965869365643377,True
1259,2,0.01281507893348155,0.08647390048941901,0.3020833333333333,True,0.01281507893348155,0.21456975822173718,0.26379957458916503,0.05911837685523291,True,0.6740986143529033,0.8291870363790435,0.8251980263399938,0.1159164127510254,0.5896523506990797,0.778510471673328,0.857913663619995,0.1006048553233329,0.6706930590312874,0.8657452742697862,0.6722937971732915,0.2034658371775573,True
1365,2,0.08969891457792034,0.08616473444926921,0.3020833333333333,True,0.26948164261662677,0.09692556995291202,0.13711006988490415,0.08969891457792034,True,0.6751846559691697,0.8233559004145701,0.8632002566200543,0.0338039946883252,0.6842594381500682,0.8369404749219008,0.7940981374470245,0.1198935133029202,0.7011035790385639,0.8724613736536756,0.6834925015455199,0.1561282641076437,True
1464,0,0.04070894554296067,0.08595740701053489,0.34375,True,0.04830067085952616,0.04070894554296067,0.24707360496370334,0.1806802872052855,True,0.5315511221102769,0.7794543964051981,1.0214791421721017,0.1319926376794587,0.6304057522218651,0.8103351348017882,0.8685611204697191,0.1511522843537767,0.4700371885253487,0.7348602729254958,0.9992400356585684,0.0092613852090263,True
1408,0,0.09485396845238048,0.08591609646196,0.3020833333333333,True,0.20774378578113917,0.09485396845238048,0.11347665169979415,0.11071195612886198,True,0.6250131295805634,0.7967924501007156,0.860782258718947,0.0759630393674459,0.6567577411272223,0.8281351606988715,0.7379168658616853,0.1446055411635182,0.6491673728342137,0.8107635298363518,0.7310083401181018,0.0425351406662007,True
1361,2,0.08981101027205773,0.0857874848365836,0.3645833333333333,True,0.45421434787388626,0.08981101027205773,0.30757684821795195,0.09674922874652236,True,0.6801644760450967,0.8277110385603265,0.8181280471042429,0.0696365822270887,0.6637361559148387,0.8365334060323869,0.718267656164515,0.1485435824985295,0.6662244837435911,0.8763391657192232,0.6064527076043854,0.1700210262176447,True
646,0,0.11542130550873098,0.085453307947933,0.3020833333333333,True,0.20954430299316662,0.2891485878587099,0.1681486538273097,0.11542130550873098,True,0.6525673716235281,0.8134850741334464,0.9002730596221246,0.0407239461396789,0.6345429750634242,0.8046192524071314,0.9105714156496032,0.0405377032529927,0.6523612918945143,0.8159191932704773,0.7931077556393646,0.1133246503009556,True
670,0,0.05868645609703027,0.08501992976800628,0.3125,True,0.10403717158467984,0.05868645609703027,0.11028191679330535,0.105602923675295,True,0.6241544535449508,0.8060543498771812,0.9041693353570792,0.126264052822859,0.6090309611760871,0.7994069813949355,0.9216028097868038,0.1228362334594337,0.6791127132014314,0.8551965748404842,0.7623166318310362,0.2088582883297331,True
1337,0,0.038513638125931116,0.08484505291873595,0.3541666666666667,True,0.48500595894223475,0.24033538522782616,0.16423352172039862,0.038513638125931116,True,0.67538519501323,0.8266406796231126,0.7698254566527102,0.0687142534948553,0.6541789516749067,0.835517904003235,0.7159259022204147,0.172072569994843,0.6415234560139107,0.9098748486881418,0.5733740544283623,0.2703997036313016,True
674,0,0.14597737313846748,0.08466806023965105,0.3020833333333333,True,0.27622331197947525,0.14979659499816977,0.14597737313846748,0.1662376580458601,True,0.6375136856427435,0.8084366546138028,0.9119443928137972,0.073090950282064,0.5960057593258283,0.7888568420392674,0.9300541028878256,0.0797037730298973,0.6923318075006135,0.8589605211917936,0.7423838231693075,0.1785811942608688,True
1285,0,0.010651706888389345,0.08450141503798678,0.3645833333333333,True,0.12593924706565962,0.06604456043994533,0.255012200668425,0.010651706888389345,True,0.6501747724494505,0.8095529917963733,0.7963565556160648,0.0709022436115187,0.6090130902448938,0.8024076188448315,0.7678733494907798,0.1834455798745791,0.6065747429242685,0.8543445820563793,0.600602985837102,0.2427861699374872,True
647,0,0.10240142894259507,0.08401813082806281,0.25,True,0.35708191285375146,0.3686559679854726,0.16342143634920803,0.10240142894259507,True,0.6498849057616937,0.8108227532674902,0.8935392211428215,0.0265822759900036,0.635549015620801,0.8038526988815639,0.9029979236942924,0.0282908160929758,0.6581536343320507,0.818901955477963,0.780640605118221,0.1047990812089018,True
1364,2,0.06893016592427215,0.08381430422990481,0.2916666666666667,True,0.4320231616994793,0.1414167824231437,0.151666570769583,0.06893016592427215,True,0.6720987586085069,0.8213517981204572,0.8528952598563092,0.0390516028982201,0.6757331332096839,0.83464478380832,0.7790593026715534,0.1334505009939917,0.6922014398369384,0.8716375049604006,0.6685005523402036,0.1621292037136854,True
774,0,0.013580689895592468,0.08368090083904502,0.3229166666666667,True,0.15281980961502795,0.13644660215680593,0.1543369368675125,0.013580689895592468,True,0.599829118780677,0.8019121529903974,0.9248329710012456,0.1677034729293396,0.661239305544654,0.8298172100610821,0.8969883743754155,0.1511467209487554,0.7019580577892982,0.8527503815480937,0.7976664675923043,0.1489661634883319,True
926,0,0.21279666053003554,0.08353390201165839,0.34375,True,0.5679994561640396,0.21279666053003554,0.292172785050545,0.3981960154765376,True,0.6705347342644863,0.8267926549391595,0.9072150518940696,0.0811393743190371,0.6832571858986649,0.8276533313042644,0.8272252580455184,0.0418648739836451,0.5159315907602522,0.7643904716110423,1.0228023388460066,0.0398058940565175,True
1340,0,0.03411666126200341,0.08327870757430678,0.25,True,0.2910219097612077,0.08764775949045978,0.16540675844122688,0.03411666126200341,True,0.659041749592734,0.8234447919943153,0.7625484278053625,0.1237384689512267,0.630488087579163,0.8310103956106358,0.7237586963199065,0.2204251869297914,0.6228418418067403,0.9018591287561194,0.5870811420080403,0.3023621427573773,True
751,0,0.0018334421600534334,0.08313807229744331,0.2916666666666667,True,0.24112701625003574,0.021307408137481998,0.003140140556547988,0.0018334421600534334,True,0.6192897523220028,0.8004013189437846,0.9218700331665682,0.0812272768841281,0.6850930442655366,0.8297982148707911,0.8604263170799559,0.0503383799131443,0.7197241647057336,0.8608227339902274,0.7261388561799681,0.0561414971893967,True
1391,0,0.006649765975633715,0.0830918826698957,0.28125,True,0.23159992046090871,0.18637827394760043,0.006649765975633715,0.04491906136911661,True,0.6188336538836673,0.7977116792620492,0.896102399216787,0.0884846629320565,0.6222550718029716,0.8062785839724466,0.7909776442915546,0.1661203311293471,0.6358433823421707,0.8241454046839767,0.6877219766215849,0.1573560103562947,True
1417,2,0.0005227137681852456,0.08269959383163732,0.2916666666666667,True,0.08100791513305394,0.037902930402129886,0.0649830735537329,0.0005227137681852456,True,0.6272474322935153,0.8094949513761932,0.9647345437351758,0.06273207293121,0.6956952538605932,0.8425524605852766,0.8449012791545523,0.1191380628894029,0.6792759821751977,0.8262776925447133,0.8123557803854586,0.0571403831247923,True
650,0,0.17626582012018255,0.08267536424407718,0.25,True,0.24240188646872873,0.29484375959547016,0.17626582012018255,0.19119136461231345,True,0.6433103635793991,0.809222987852845,0.9140955788968363,0.0230915598824824,0.6318424662945368,0.8043959589253651,0.9272967931003632,0.0102848140484027,0.6733570036162264,0.8269738407270638,0.7998298924988653,0.0989542101440336,True
1366,0,0.04475692964110656,0.08258047054599692,0.3333333333333333,True,0.07335370811263187,0.09825928039695686,0.08019406007539587,0.04475692964110656,True,0.6367392274525492,0.809780859398437,0.8033438149587119,0.13771120961782,0.6182340585313719,0.8210912316628293,0.7496768533113675,0.2255143870064263,0.6380197813880363,0.8637745612332994,0.6288517378550402,0.2299956049617687,True
644,0,0.003556197097776548,0.08257193424081262,0.2916666666666667,True,0.003556197097776548,0.20815388721094819,0.13001227385043512,0.2511862697521763,True,0.660338783365521,0.8168719197619739,0.8937827039920602,0.0320262579644419,0.6513485429899454,0.8121655166023647,0.8934544048290364,0.0406988945662172,0.6598597178920149,0.8230936807594574,0.7955809514996028,0.1298712406301355,True
1361,0,0.11338028937847588,0.08253945828761035,0.3125,True,0.5052201083995189,0.11338028937847588,0.23363203371815922,0.14808513567992188,True,0.6585305201983453,0.8161974049718268,0.8064947084129993,0.0869111118550794,0.6316134887319664,0.8241418306167212,0.7141696057374901,0.188420747253124,0.6390648867948445,0.8638235295180042,0.6002038692969811,0.1939867987752004,True
926,2,0.07107935903691043,0.08213888516890092,0.3333333333333333,True,0.4962279543395134,0.07107935903691043,0.16552228100799093,0.28726084030110466,True,0.6671710071885074,0.8356946012712425,0.8745095206758329,0.1723596862291421,0.6793228973331831,0.8326241530311798,0.7991137187893398,0.1132127805268897,0.5384475375435309,0.7680420098234263,0.994272785307012,0.0161439627778615,True
1364,0,0.08998906455025213,0.08211061146374529,0.2708333333333333,True,0.4658569014928198,0.18874995980796172,0.08998906455025213,0.09382357944405961,True,0.6398772742305237,0.806877967246393,0.8327185883913175,0.1025038638100635,0.6213901165308453,0.8208747305314495,0.7649034010135137,0.2220639929529976,0.6473875693904829,0.8628479686195983,0.6528383659775902,0.2302498954584567,True
867,2,0.24310201976359436,0.08210492489009848,0.3229166666666667,True,0.24310201976359436,0.2669201748905792,0.2823428057886995,0.4881742179994154,True,0.6135507194199361,0.8550669083361091,0.9200110626802452,0.3367060366670912,0.6913768761617527,0.8799435144261593,0.8478795846141067,0.2861741022942421,0.7364223397793391,0.8815563963013598,0.8570695132271514,0.2002991079306418,True
867,0,0.28544779270328646,0.08210235885097984,0.3020833333333333,True,0.28544779270328646,0.40030565190289125,0.30168466164885643,0.49327521901393245,True,0.6229986680241134,0.8405377453292615,0.933464423116662,0.2736232187780886,0.7076634096434203,0.8705256223588692,0.8551649216461559,0.2234177665573859,0.7449785002050585,0.873486251584186,0.8548173417974001,0.1328578311914889,True
1271,2,0.0002675802867947441,0.08154620308304986,0.21875,True,0.010531929298942533,0.12367474421279967,0.127937610308824,0.0002675802867947441,True,0.6648079902095849,0.8181210091729904,0.8057764961176906,0.0660424744999383,0.6419255523391801,0.8055533871633255,0.8404070331984423,0.0759995433485314,0.6751438553598194,0.8603821760186975,0.6796094256032584,0.1800967688718679,True
777,0,0.05683761445449764,0.08125971327197508,0.2708333333333333,True,0.1436658813293561,0.07602801064126519,0.22253535102782596,0.05683761445449764,True,0.6056332276800274,0.8021154480893032,0.9245582950929272,0.1508764845863113,0.6668376053825295,0.8270692953143238,0.8954827938483039,0.1119178586622523,0.7032087601407255,0.8482328381378197,0.7920477551203913,0.1146011518307726,True
1388,2,0.02891048857900036,0.08071880924328333,0.25,True,0.27260792449684657,0.19706372092363966,0.126850062197711,0.02891048857900036,True,0.6560324242062797,0.8135704102877793,0.8894005435435992,0.010685465827504,0.6744069111856584,0.8231526499117441,0.7840394803313977,0.0405405209197769,0.6843468554736944,0.8388266646303187,0.7025198122779502,0.0265284719296121,True
778,0,0.07103842151634276,0.08066567482896132,0.2604166666666667,True,0.17881691086692442,0.08228922790470616,0.25060900106939443,0.07103842151634276,True,0.6022226497740417,0.8041494416376445,0.937266056927673,0.1634430831996877,0.6550108564192505,0.8252737911472894,0.899095167417826,0.1435840462617398,0.6859672529584384,0.8425387153483175,0.7926619628805496,0.1463439218608812,True
673,0,0.11980395528100707,0.08060372278587181,0.28125,True,0.26028202662472866,0.1202847364691878,0.14068452163849654,0.11980395528100707,True,0.6360936151517055,0.8083565893698585,0.9129545042868852,0.0800377199886106,0.606060854164084,0.7943285169384178,0.933294870021642,0.0747348069392791,0.6942526935259841,0.8567837149152412,0.7534660153245832,0.1707369133177463,True
645,0,0.08691055815254556,0.08057839500160065,0.23958333333333334,True,0.08691055815254556,0.2487671511329731,0.16337538738842627,0.19680435944643448,True,0.659819040649734,0.8163918674104811,0.8794913823758367,0.0519142729446868,0.641891914385437,0.8083934491360998,0.8967514738586445,0.0616515505713633,0.6463320353840152,0.8167289894029122,0.7962637765602804,0.1424618608975497,True
1264,2,0.016469175102086897,0.08055037052261556,0.2604166666666667,True,0.1226331274205894,0.0729949836496746,0.1843901628342962,0.016469175102086897,True,0.6773995800063808,0.8244287699044152,0.7827219596265687,0.0233186323821567,0.6569717613874704,0.8122284543727835,0.7819547876361959,0.0427411488808213,0.6695273603932065,0.8603665035095762,0.6389526515444375,0.1472381272838213,True
906,0,0.18582577198836725,0.08051794138457904,0.28125,True,0.35987441858848557,0.18582577198836725,0.2776572825044592,0.4198404821433579,True,0.6482153146937011,0.8261064348916403,0.866070690098353,0.1806637356567373,0.6770162967742225,0.8389018135109291,0.7926179321362181,0.1568367248529328,0.6082749327976799,0.7917729438336063,0.9162642635350648,0.0559586732173335,True
1365,0,0.0879129424979348,0.08044924278327217,0.2916666666666667,True,0.2900633565261852,0.11638646242716522,0.0879129424979348,0.12487155614459367,True,0.6526224100795845,0.8124290037990259,0.8270173941843216,0.0848861296105508,0.6436843316542274,0.8285600846942426,0.7636936154881699,0.1965192699636364,0.6597245426642722,0.868609263658836,0.6512988661761113,0.2180222497718368,True
511,2,0.006348516868995957,0.0801191448175609,0.2708333333333333,True,0.19656141595619692,0.1801996741690779,0.14380456996212154,0.006348516868995957,True,0.7129156133557588,0.8758233249023827,0.7356436897502655,0.1857432447652538,0.524564563963808,0.76441807368052,0.7904586327770806,0.2430891126471263,0.5955036009981596,0.7903159053996937,0.8284313534005346,0.1662613663882066,True
781,0,0.04413307156774127,0.08011277663182091,0.3020833333333333,True,0.10852639924351815,0.04413307156774127,0.2765152987711964,0.04689852163883257,True,0.5953522250104677,0.8032702533634756,0.9152698541598696,0.1932536270024516,0.648252389430537,0.8240460016582173,0.8594256983576606,0.1718944457503294,0.6794124982932508,0.8469871753029048,0.7454089590348786,0.1663028647202112,True
831,0,0.03855332671220335,0.0800830188804722,0.2916666666666667,True,0.13388780694273916,0.09579640390819955,0.11944118491120392,0.03855332671220335,True,0.6196417351287599,0.8025537020883259,0.9113047924958478,0.112356174472489,0.7339056277278053,0.8629759919866483,0.790720609632973,0.0748404619070376,0.7702035568537786,0.913578793859648,0.7144499910874019,0.1573860719465443,True
1385,0,0.056061322602867225,0.08004062607442898,0.2604166666666667,True,0.40601952135293506,0.2652477253371839,0.15589461267964444,0.056061322602867225,True,0.646775086763907,0.8046917167898443,0.8320973878427416,0.0016129167430832,0.648738854460488,0.8151054531644912,0.7182353606947022,0.0792100404172173,0.6494582776529114,0.8303749322164921,0.6420267442555647,0.0677437118297157,True
1265,2,0.046957379129613175,0.0800080422709622,0.23958333333333334,True,0.0733124164464457,0.13604699334395087,0.2042806395674749,0.046957379129613175,True,0.6827535605092616,0.8276318022880039,0.7940123234713964,0.0330237837524386,0.6622044721267293,0.8161791552081362,0.7931486520027323,0.0584254840942134,0.6763923886734895,0.8662892250526735,0.644287335933395,0.1574159902816209,True
1270,0,0.0189460773746295,0.07997848241720822,0.2604166666666667,True,0.029624504166611665,0.116932888410471,0.1524162672684699,0.0189460773746295,True,0.6364216300040504,0.8120359786329678,0.7723552818467069,0.1463087245960007,0.5834136114252809,0.7960955834690727,0.8041527092789181,0.2242535380264201,0.6107328296885,0.8583100024897448,0.6415249131247875,0.2810114868016488,True
886,0,0.19498043768498263,0.07988179056871808,0.25,True,0.2959558097989913,0.38775810576620906,0.19498043768498263,0.23534832421429497,True,0.6442980470516495,0.8307822049627359,0.8734229842795651,0.2099590173589831,0.6736482303042342,0.8387216109520325,0.819771203886121,0.1716000945389437,0.6434636962430005,0.8080825708779875,0.8686183488078631,0.0766104738544421,True
649,0,0.12759685228573947,0.07987652170873014,0.2916666666666667,True,0.2398435936821317,0.3535078555265164,0.18822787441525868,0.12759685228573947,True,0.647666404560499,0.8104715779317079,0.9043303197825284,0.0197055995289324,0.6373855618628037,0.8049659348431215,0.9078466246644362,0.0003975637650924,0.6697703716523047,0.824874636732193,0.7772026052190681,0.0915159662746037,True
776,0,0.0003323362399069163,0.07986637871845335,0.23958333333333334,True,0.14176158182598309,0.07001692346345623,0.1899151787476292,0.0003323362399069163,True,0.5995338216038426,0.8009080894093129,0.9302590250250236,0.1587081646695391,0.6651666607561982,0.828520882479744,0.8952847215848432,0.1297026666524775,0.6981600088335629,0.8489813619572446,0.7895480733198018,0.1381196159817757,True
758,0,0.007228212717568905,0.0797041981069908,0.2708333333333333,True,0.04638230791634823,0.06716870791777407,0.09739510866072965,0.007228212717568905,True,0.6258241910350595,0.8018000296010649,0.8815207841376264,0.1034586764333019,0.6855327984621455,0.8337923925782296,0.8145015478290721,0.0964614885228644,0.6911817816109744,0.8543126094189901,0.7099289132843368,0.1334975703591856,True
511,0,0.015859430396035656,0.0794800031865375,0.28125,True,0.09875472641355187,0.054695174187015416,0.081474640926254,0.015859430396035656,True,0.6700964889294994,0.8379848259864107,0.7118696509969974,0.1273461514587892,0.468647538596915,0.7235694159730848,0.767403174425572,0.23018202091963,0.5641090587463964,0.7594758260469006,0.8331591885582484,0.0852363402091312,True
672,0,0.07864523877282215,0.07938428982253277,0.23958333333333334,True,0.2922388663984309,0.08537611603008932,0.13348039342309626,0.07864523877282215,True,0.6267157611293818,0.8046254941760957,0.921011351008002,0.0846212566572243,0.5955789025848549,0.7894975211413772,0.934849720153516,0.0812414398312814,0.6896448552260261,0.8580312878190125,0.7463065015009943,0.1846358788873934,True
641,2,0.09581552804440119,0.07934872710333878,0.2604166666666667,True,0.1705076130413543,0.1488840731109009,0.10318593550581356,0.09581552804440119,True,0.704448057403654,0.8486805909477175,0.880393918416321,0.1216756052320346,0.679360069442869,0.8273243623450955,0.831581051508279,0.071326093992437,0.6846280513809305,0.8359441417464489,0.7169223530417119,0.0028931907648198,True
648,0,0.10463687084412521,0.07915924559561027,0.23958333333333334,True,0.31030794705369813,0.3060035377580479,0.16911368759391976,0.10463687084412521,True,0.6426517718680693,0.8080189023745806,0.9030776898914018,0.0347361719592801,0.6327832390692879,0.8021501244263339,0.9033145648331022,0.0206721804626529,0.6601340412247914,0.8195234715606902,0.7730575937039964,0.0965691535072196,True
773,0,0.0585318396840665,0.07902121709630813,0.25,True,0.14091383286044634,0.12316022102018853,0.15180896118163933,0.0585318396840665,True,0.5999754756343768,0.800526269166805,0.9226881019061336,0.1610692975508226,0.6603938634346072,0.8289363726502288,0.8962453440539208,0.1490340526070759,0.6970583960391945,0.8504980238878537,0.7997680148021443,0.1539966193658592,True
782,0,0.0673322711899067,0.07893493043954238,0.23958333333333334,True,0.1282404353943405,0.08227540119662724,0.28705801876168924,0.0673322711899067,True,0.6038471772400211,0.8058900848871633,0.8975171747653582,0.1929148207885319,0.663734068169094,0.8312111142426287,0.8420799512054655,0.1644983788809287,0.6864766227112935,0.8541043536855113,0.7314021428722188,0.167217797302744,True
617,2,0.07413847166539733,0.07880828233053318,0.2708333333333333,True,0.14547697036156815,0.1444327195959748,0.1317299211875801,0.07413847166539733,True,0.6829061731968741,0.8559949934994585,0.8500647917421744,0.2231279641962925,0.6622852007423654,0.8333494174123336,0.8074210506567584,0.1775211834021472,0.640936376365854,0.8112357685238678,0.7478395439019148,0.1146647917642532,True
780,0,0.03857720611238313,0.07841983436851337,0.3020833333333333,True,0.08886431673058548,0.03857720611238313,0.2570323068721311,0.0615827950036858,True,0.5888248919924628,0.8036732976026887,0.9367318468234282,0.1983968239826153,0.6441721649614938,0.8238722578604997,0.8870960656936877,0.1749173588690843,0.6768532686406386,0.8440887268643205,0.778199087544984,0.1768928082460075,True
885,0,0.09104824166060321,0.07822118503326107,0.25,True,0.11975481413015365,0.3013097704646549,0.09104824166060321,0.2318142101570183,True,0.6096458419867492,0.8270569399395342,0.8667108888253738,0.2698238392973396,0.649166639926023,0.8378372641654184,0.800128793543174,0.2266775519135089,0.6472420379552191,0.813560705826003,0.8538602023291021,0.1140830166610354,True
862,2,0.1519276814479077,0.0781095627140265,0.16666666666666666,True,0.1519276814479077,0.270522482013845,0.31542008400776345,0.4924647532094585,True,0.5572721317206047,0.84607733540282,0.8898287031431034,0.3958036679751532,0.6308798876480839,0.8644478891700151,0.8194796032401568,0.3381835577063757,0.7305712991165358,0.8792376445493861,0.8259104866370632,0.1991073848585502,True
1270,2,0.01365268011564047,0.0780442411573868,0.2604166666666667,True,0.01365268011564047,0.06563410811037274,0.147832982194121,0.030870087926577194,True,0.6705177025652216,0.8220035003488174,0.8030929787171038,0.0693861959766011,0.6497912366047305,0.8109253166104403,0.8381969418199384,0.0840529058001274,0.6801010452205163,0.8638843194394779,0.679370919134597,0.1793038685049059,True
669,0,0.029145845560927364,0.07788644820383359,0.22916666666666666,True,0.03710046254417476,0.029145845560927364,0.10182870583291193,0.2165237425318114,True,0.617426739276783,0.8062772578192923,0.9093337793861374,0.1484440317505459,0.6116291627837411,0.8032342163548287,0.9179185759933062,0.1428409646905499,0.6807009727285764,0.8631829054076092,0.773819005735258,0.237482312803912,True
797,0,0.0581596289960703,0.07768726367820558,0.2604166666666667,True,0.1722742944285448,0.09791161345501564,0.21378801704869888,0.0581596289960703,True,0.5936268933790543,0.8051456984279513,0.9081256653315564,0.2098280932918934,0.6724842876981294,0.8371706488182257,0.8704984246615367,0.165105017797575,0.7422820869799286,0.8979326085040589,0.765385238427901,0.2154810365690423,True
860,2,0.22320094039696303,0.07757113649918705,0.15625,True,0.22320094039696303,0.3589456483137261,0.4006894311234718,0.5735178207186851,True,0.5683254433383443,0.8493965159045256,0.8414514040469487,0.3912618983366169,0.6232619871324147,0.869494408400446,0.7597527380273496,0.347441081179169,0.7269560965652492,0.8854155270517425,0.7699725886358021,0.2089915954026848,True
1241,0,0.2252290136999492,0.07739753058623372,0.20833333333333334,True,0.23698697356684462,0.35661055802852437,0.29395090851886774,0.2252290136999492,True,0.64980273923238,0.8166789243794048,0.7334467567406678,0.1011638896211421,0.5493706717855493,0.7610682707452955,0.7898273005964502,0.1703735870130861,0.5974582981488196,0.8573143760576789,0.6295041116949635,0.2926296715942134,True
891,0,0.06691896752044435,0.07737905729776957,0.2708333333333333,True,0.1197578105417687,0.2545244690111733,0.06691896752044435,0.24467231907526876,True,0.6378955511523685,0.8214698919123578,0.8759470594794025,0.1842538205302794,0.6735114600501073,0.8319414595789177,0.8261371980299879,0.1363137654973425,0.6254496798304334,0.7992331213295235,0.8955599874523981,0.0636006074078329,True
866,0,0.30823796613304877,0.07734761385039896,0.23958333333333334,True,0.3302458208300908,0.4260517627723892,0.30823796613304877,0.5203676242512253,True,0.6177438434878848,0.8382277748228698,0.9436950675680968,0.2715853625614001,0.7017949857346686,0.8670412200940967,0.8634090271486206,0.2235001091319599,0.7422742887244367,0.8717586102753987,0.8472780500345853,0.1307267686250755,True
1388,0,0.053608267097467244,0.07727344990700481,0.2604166666666667,True,0.3058627104421566,0.2007826545182243,0.053608267097467244,0.09118409215801537,True,0.6340109285890754,0.8003356361824684,0.8682860500936116,0.0436914545858245,0.640307281794511,0.8098409633270962,0.7660618342274577,0.1166982945176365,0.654847831994473,0.8284440248888394,0.6810588585812526,0.098738458221868,True
779,0,0.03259014439649888,0.07702427457736069,0.23958333333333334,True,0.1291307728161769,0.03259014439649888,0.2378825764549074,0.054105598607967154,True,0.5872340821254148,0.8043004484245228,0.9395558625857195,0.2033988745066122,0.6441706161848099,0.8253381255815944,0.8902569337223363,0.1811020532829906,0.6739722656210438,0.843167447868701,0.7821869599460817,0.1823196632760552,True
862,0,0.17508861589806046,0.07689071423791195,0.22916666666666666,True,0.17508861589806046,0.3774775301975737,0.2994588298985428,0.48886057950414763,True,0.5645877291153989,0.830659493812815,0.8918421517329266,0.3488038817384256,0.6351529785777468,0.8531029960035303,0.8115288705150855,0.3015017998326439,0.7412023696301695,0.8772830128926064,0.8069147233183209,0.1532038475435558,True
1363,2,0.06438937441366233,0.07669366472319021,0.23958333333333334,True,0.3820964044096099,0.08966431811332476,0.21056745539471822,0.06438937441366233,True,0.6700167852359185,0.8210034045028075,0.8412867872033817,0.0601530494281409,0.66434293404847,0.8325752831055155,0.7602641708343183,0.1536547136662637,0.676070302187324,0.8678154983297435,0.6511549329428118,0.1734694104451626,True
861,2,0.19522415563574902,0.07668326478934043,0.14583333333333334,True,0.19522415563574902,0.3326323014945666,0.36784542960048916,0.5321543370075799,True,0.5712703552137482,0.8491481364843007,0.8616607880706422,0.3868147308871407,0.6344096876870123,0.8683407215677417,0.7877939696663491,0.3363304057082998,0.7328812834523438,0.8821884903065511,0.7894070695385179,0.1917468563947604,True
796,0,0.07260999284704006,0.07663777358735469,0.22916666666666666,True,0.15947858922254043,0.07453272786532505,0.19368194731421695,0.07260999284704006,True,0.5854209897397444,0.8051094983014088,0.9285855007680016,0.2180229146907996,0.6680731666718775,0.8369219667178287,0.8922719125342541,0.171177087254924,0.737812853052531,0.8883182751555208,0.7868628675645749,0.2024927287418088,True
759,0,0.02366174891980677,0.07626165180103409,0.20833333333333334,True,0.059169390465939053,0.08509772564454077,0.10223906154042428,0.02366174891980677,True,0.6178348125520893,0.8006976760018486,0.8745867267169325,0.1335004269172793,0.6810118391648531,0.8333571034369639,0.8174314500243226,0.1149721542260298,0.6845704732956837,0.8519234419066639,0.7220628973086709,0.1560106295453162,True
1363,0,0.07661179041224153,0.07624104851577,0.23958333333333334,True,0.4456988432762198,0.14733913791940867,0.14039347989718054,0.07661179041224153,True,0.6389233583294353,0.8071540687519684,0.8228764993166502,0.1110276431820502,0.612181269183008,0.8193236298411698,0.7515148545456073,0.2334778602480729,0.6298171713362174,0.8551756620258065,0.6445601055704313,0.2390592582688481,True
1240,0,0.17539101735427487,0.07616304641426282,0.1875,True,0.17539101735427487,0.23328164263073758,0.21963985391032126,0.21033311920395947,True,0.6309712767771558,0.8154662449865606,0.703303254166378,0.1464014461185305,0.5388584479975838,0.7626175184502466,0.7621301479551387,0.2067046054630348,0.5726716471523963,0.8559036026522966,0.6036085086981646,0.3102362252340301,True
861,0,0.2600298451373483,0.0761182244910634,0.19791666666666666,True,0.2600298451373483,0.42246752777977714,0.35421726098034056,0.5459961336619723,True,0.5874008590975031,0.8342170098500259,0.8580956486784608,0.3285528435934102,0.6478069614385328,0.8590410082481428,0.7758198747052941,0.2884765767706214,0.7431402351753746,0.8801075891389076,0.7664477997841684,0.1361270934397765,True
807,0,0.06562859864716164,0.07604753901104788,0.22916666666666666,True,0.0910729966377386,0.16310599225184685,0.2658288725455379,0.06562859864716164,True,0.5707592663423291,0.8013066481031972,0.8777540250419194,0.2559079453851344,0.6923280413402768,0.854671380540133,0.785454605528493,0.1826038483468734,0.7589259987869194,0.9293398360601898,0.6828034324534863,0.2096815056177672,True
772,0,0.08795164586867321,0.07589461157194612,0.20833333333333334,True,0.15189919920412953,0.1280353570423024,0.15427873018985183,0.08795164586867321,True,0.6058163792976978,0.8026468663120089,0.9289838750808428,0.149881863206106,0.6661047730121326,0.8314264160139431,0.9153751043792376,0.134602117202533,0.7080769210100872,0.8522087695950871,0.8234426325746663,0.1317398016000013,True
1217,0,0.2160124991613135,0.07571061267651037,0.22916666666666666,True,0.5402794259936312,0.4184260955892867,0.38129910904401343,0.2160124991613135,True,0.6573667955176262,0.8132235262349432,0.7506918422372778,0.007449604069003,0.5548159939027144,0.7501449284889042,0.8325685492790392,0.0332831274184502,0.6516896449063199,0.8487525339506828,0.6750635023344419,0.1962736336790994,True
890,0,0.07034156848341255,0.0756691222928855,0.22916666666666666,True,0.07034156848341255,0.30001750857332654,0.07664152799726442,0.19992447950398295,True,0.6448906760998638,0.8275858185757697,0.8636873542618488,0.1967340594024568,0.6798406123166933,0.8380823837147697,0.8083336678153746,0.1471614198038125,0.6382476216472277,0.8054246496824761,0.8605070000744535,0.086181084607977,True
1241,2,0.23384258607237784,0.07565343305025704,0.17708333333333334,True,0.2880465616422686,0.35646609273647845,0.2974415104844177,0.23384258607237784,True,0.6749301792564972,0.8282145530727982,0.751722284392005,0.0718199101722003,0.5921647340004632,0.772774831808503,0.7994955888248378,0.0655912175574647,0.6495470875538504,0.8638847929092632,0.6427012468366722,0.2186954201916078,True
1266,2,0.04922674265206184,0.07521382166745137,0.17708333333333334,True,0.0715658061350023,0.15928187115919668,0.19703292648081272,0.04922674265206184,True,0.6801745584624342,0.8264798224936918,0.806231374303888,0.0498431426845743,0.6574854495600058,0.813828646137409,0.8027289723246862,0.0686178763522561,0.6750517664512491,0.8644585692804416,0.6455088896103297,0.1558778025361351,True
246,2,0.009660149337486379,0.07514548083008417,0.25,True,0.2097318807563836,0.027797825004989285,0.08452030903606,0.009660149337486379,True,0.6296387248339552,0.8672442375516028,0.5621481414539271,0.1714357456263523,0.5331701836276705,0.8680734466719415,0.5229475006828582,0.3182285445939349,0.3871042145683089,0.7587952636391923,0.5412306408702908,0.3759410491983921,True
642,2,0.04600750246345997,0.07502936035408005,0.21875,True,0.16381346985805378,0.14255053990138256,0.06842174783179056,0.04600750246345997,True,0.696964942371108,0.8519745799797829,0.9013815044583046,0.162649003606518,0.6724531447374805,0.8286137005163539,0.860655504796192,0.1145462470987932,0.6765114698652683,0.8284088244194693,0.7401774926856344,0.0443276731991767,True
