{
  "mse": 0.19520847499370575,
  "mae": 0.24188493192195892
}