segment,mse,mae
1-96,0.150165393948555,0.19949589669704437
97-192,0.23640689253807068,0.28293436765670776
