{
  "mse": 0.19328615069389343,
  "mae": 0.24121513962745667
}