segment_a,segment_b,cosine
0,1,-0.09913206845521927
0,2,0.06284114718437195
0,3,0.8694941997528076
1,2,0.1776454746723175
1,3,-0.04899516701698303
2,3,0.09932608157396317
