{
  "mse": 0.3648187220096588,
  "mae": 0.3952205777168274
}