segment,mse,mae
1-96,0.29888516664505005,0.35421082377433777
97-192,0.37117379903793335,0.3999938666820526
193-336,0.40453776717185974,0.4193781912326813
