{
  "mse": 0.29757294058799744,
  "mae": 0.35027390718460083
}