segment,mse,mae
1-96,0.29757294058799744,0.35027390718460083
