{
  "mse": 0.38482481241226196,
  "mae": 0.416081964969635
}