segment,mse,mae
1-96,0.2836124897003174,0.3445180654525757
97-192,0.3852458596229553,0.41429322957992554
193-336,0.45201900601387024,0.46498367190361023
