segment,mse,mae
1-96,0.29047533869743347,0.3442326486110687
