segment,mse,mae
1-96,0.15427136421203613,0.20556269586086273
97-192,0.2407510131597519,0.2857096195220947
193-336,0.3181469738483429,0.3371068239212036
