{
  "mse": 0.2594741880893707,
  "mae": 0.2910696268081665
}