segment,mse,mae
1-96,0.1591162085533142,0.20798653364181519
97-192,0.2523502707481384,0.29389816522598267
193-336,0.3311288356781006,0.34457266330718994
