segment_a,segment_b,cosine
0,1,0.16950160264968872
0,2,0.20547491312026978
0,3,0.12048499286174774
1,2,0.2724452316761017
1,3,0.16596442461013794
2,3,0.1707516312599182
