{
  "mse": 0.36233264207839966,
  "mae": 0.39004436135292053
}