{
  "mse": 0.2484484314918518,
  "mae": 0.2835198938846588
}