segment,mse,mae
1-96,0.15382033586502075,0.20411740243434906
97-192,0.24027390778064728,0.2851766049861908
193-336,0.31698352098464966,0.3353503942489624
