{
  "mse": 0.40677523612976074,
  "mae": 0.4176936149597168
}