segment,mse,mae
1-96,0.3006395995616913,0.35380589962005615
97-192,0.367371141910553,0.393842875957489
193-336,0.40825438499450684,0.41778919100761414
337-720,0.44260549545288086,0.4395923912525177
