{
  "mse": 0.24921225011348724,
  "mae": 0.28483790159225464
}