segment,mse,mae
1-96,0.2914312183856964,0.35243916511535645
97-192,0.3671906292438507,0.3993244767189026
193-336,0.40292665362358093,0.42062729597091675
337-720,0.4524846374988556,0.44805675745010376
