{
  "mse": 0.40972670912742615,
  "mae": 0.42332419753074646
}