{
  "mse": 0.4074031412601471,
  "mae": 0.4438471794128418
}