{
  "mse": 0.24450425803661346,
  "mae": 0.2801787555217743
}