segment,mse,mae
1-96,0.15101781487464905,0.19942551851272583
97-192,0.23585398495197296,0.2819174826145172
193-336,0.3125953674316406,0.3328549861907959
