origin,channel,visibility96,persistent_fraction96,gain_h96,gain_h192,gain_h336,gain_h720,mse_gain_1_96_h96,mae_gain_1_96_h96,mse_gain_1_96_h192,mae_gain_1_96_h192,mse_gain_1_96_h336,mae_gain_1_96_h336,mse_gain_1_96_h720,mae_gain_1_96_h720,mse_gain_97_192_h192,mae_gain_97_192_h192,mse_gain_97_192_h336,mae_gain_97_192_h336,mse_gain_97_192_h720,mae_gain_97_192_h720,mse_gain_193_336_h336,mae_gain_193_336_h336,mse_gain_193_336_h720,mae_gain_193_336_h720,mse_gain_337_720_h720,mae_gain_337_720_h720,full_r2,full_corr,full_amplitude_ratio,full_bias_sigma,tail_r2,tail_corr,tail_amplitude_ratio,tail_bias_sigma,last192_r2,last192_corr,last192_amplitude_ratio,last192_bias_sigma,min_segment_mse_gain,min_segment_mae_gain,min_prefix_mse_gain,fit_eligible,segment_eligible,prefix_eligible,eligible
3419,0,0.29328376527642597,0.9479166666666666,0.8180575817859662,0.8625510042016552,0.28623242053481346,0.7373359283283174,0.8180575817859662,0.5053491283326965,0.8380496363520569,0.5503629545868032,0.2692523854729314,0.1856808605396777,0.7459326572049207,0.3933578797775341,0.8848370694974902,0.6603638799245822,0.2675252466886112,0.1446545515410128,0.7519718031851044,0.4283052683752788,0.30114750942296886,0.22656559868186466,0.539570080115684,0.24158793282096513,0.7862952405738308,0.5097409393393413,0.7836671018410082,0.900928905519239,0.7949863950432311,0.12954526403202352,0.8265582415503979,0.9301390623413499,0.7354219881511902,0.02618577403231813,0.8228896300768889,0.9417052561143208,0.6892783339534533,0.014135355844161973,0.2675252466886112,0.1446545515410128,0.2692523854729314,True,True,True,True
3418,0,0.27664126814361917,0.9479166666666666,0.7943192929244002,0.8118038641419552,0.37248305718570707,0.7779115300529131,0.7943192929244002,0.46931857966065893,0.7738581914476357,0.45104526470693584,0.4282509164506685,0.27629173221890624,0.7620491594241992,0.4555982657244516,0.8468095948033848,0.6150318743813088,0.40766532325233984,0.2297937988139771,0.7883356953749029,0.47361553074548557,0.32300096602534256,0.24554269302895315,0.5981284467225776,0.25420511166140125,0.8251552636368454,0.5676125435089086,0.7857275457010656,0.9006443745652811,0.7964594074596076,0.12074036758354714,0.8279487381317783,0.9296705032700747,0.7403885229088979,0.022601735092845857,0.8222812431282223,0.940668305388095,0.6908245285003849,0.012397773347366692,0.32300096602534256,0.2297937988139771,0.4282509164506685,True,True,True,True
8897,4,0.24481271919818104,1.0,0.9672400541423456,0.8288850960055221,0.9085794763859357,0.7547694034232064,0.9672400541423456,0.8189677936169685,0.927242906867551,0.736385003330825,0.9775306018726317,0.8584231755216609,0.9417035262528035,0.7470012978981522,0.4388914359698334,0.2750170723771228,0.8895553048658397,0.7036101622236114,0.6941447328464252,0.476267056962299,0.8496643222490488,0.6504449050439438,0.6441052491495003,0.4230069718235373,0.7454913050683689,0.47115139502060843,0.8109072715569396,0.9020468162935203,0.8493132970247762,0.0006026390873045015,0.8043919134216364,0.9087543666953471,0.7660266561317692,0.032732036348275914,0.793727604636034,0.9320241535967024,0.6587568172973299,0.016321187562837507,0.4388914359698334,0.2750170723771228,0.927242906867551,True,True,True,True
8896,4,0.22676157294201307,0.8854166666666666,0.9607183327732923,0.8913854019137106,0.9156132910507047,0.7959236583668694,0.9607183327732923,0.8063045155802424,0.9424121394043087,0.7660291092068173,0.9727387296946204,0.842866398838329,0.9312354277686808,0.7305004862616922,0.6715212564656321,0.4431707539377253,0.9033294733743116,0.7242150679074135,0.7523660246507511,0.5331921102731457,0.8615445287573018,0.6724610877405242,0.7085266794709285,0.5017798323095501,0.7915812688763737,0.5391794706541675,0.8084174284768726,0.9016222369719235,0.847017891419427,0.03903325725796162,0.8068562919592471,0.9099971831564154,0.7643076837327311,0.003626451576948425,0.7906529843924808,0.931616664000094,0.6563348916499401,0.038426163768211154,0.6715212564656321,0.4431707539377253,0.9312354277686808,True,True,True,True
8856,4,0.2253576719777626,0.9270833333333334,0.8269749139770365,0.7854510295713333,0.7135965043711842,0.7452297648176633,0.8269749139770365,0.5423019094154291,0.8387288341471555,0.6269028448989262,0.9229058156514491,0.7454608127334313,0.9463050270189343,0.7885468918000255,0.6758480161011124,0.4406133110277479,0.6776986949847047,0.46782189061297474,0.8479277990971581,0.6505546725584752,0.3231278512642164,0.24729478494069423,0.5356563300506226,0.3911050310560177,0.6559026813190737,0.4355652194366414,0.8044236234232054,0.8976798123423806,0.8618198249202687,0.010930844703513456,0.8146952832745962,0.9130084152192341,0.7759803111727147,0.010601022967514062,0.7908023451737678,0.9105849225887473,0.7534054842094422,0.11686393893307383,0.3231278512642164,0.24729478494069423,0.8269749139770365,True,True,True,True
8895,4,0.21191603704331208,0.96875,0.9625591231836615,0.8950664473049899,0.9066656196382259,0.8186217711939461,0.9625591231836615,0.8155309863774034,0.9411466417777343,0.7692841134763371,0.97161445557834,0.8468677076662197,0.938867280568562,0.754651794945242,0.7201437531490855,0.506794260059502,0.8760056057513963,0.6897610121052559,0.7898930642443577,0.5839637548524503,0.8402335153072995,0.6530048726637852,0.7388580111850827,0.5374072169567007,0.8129502174671026,0.559462828966997,0.8104065720867205,0.9018622043513914,0.8630375794180809,0.03796724969783845,0.8124319326558224,0.9110634386088752,0.7784129289040579,0.002915268265065068,0.79812765447156,0.9302136792418774,0.6745462847469321,0.042473732698180305,0.7201437531490855,0.506794260059502,0.938867280568562,True,True,True,True
8801,4,0.20787567830166254,1.0,0.9030252215838861,0.7436668694015093,0.8092230543988884,0.7491575242418532,0.9030252215838861,0.6621211733710041,0.8029024487931711,0.5347499273330691,0.8881184992276598,0.6399185852535608,0.8708563195480433,0.6296392117941693,0.2978021993966762,0.0549336228147419,0.7545056683402038,0.5168002493734369,0.7570845894294037,0.5255314076431816,0.6980342383644993,0.4571804825690796,0.6776821660456507,0.4285548936347735,0.7219418340857247,0.49309074149726717,0.8003142476919165,0.9013948643468387,0.8989742603219154,0.11042008175641696,0.7754509349480394,0.8849466604205556,0.8161213809794945,0.054247006841986814,0.7233982980550017,0.8801504037681954,0.7879585657256464,0.20680207976868153,0.2978021993966762,0.0549336228147419,0.8029024487931711,True,True,True,True
8898,4,0.20469376702285558,1.0,0.9625870753748197,0.8346876951061019,0.8833242598913287,0.8009944231076316,0.9625870753748197,0.808710516466056,0.9274534476172404,0.7319330330210365,0.9717213780775726,0.8378219556470252,0.9505872718041725,0.7715493729872678,0.47496217026042586,0.2954754140180137,0.8387692092901239,0.6332901589265816,0.7687259251550513,0.56161001957102,0.8035860092440483,0.5825547403560846,0.7243801999112236,0.5106748971404149,0.7885685134439161,0.5243534708770854,0.8143817062034505,0.9043088649983607,0.8464099160165683,0.006366224782114374,0.8081845813925588,0.9114077812855135,0.7638074805337672,0.026338443636963926,0.7955203428872996,0.9338782487476581,0.6577375533761324,0.01882968285509205,0.47496217026042586,0.2954754140180137,0.9274534476172404,True,True,True,True
8906,4,0.20055055875146716,0.9479166666666666,0.9734998277101901,0.8906072409512031,0.8076655840942363,0.7413003905488225,0.9734998277101901,0.8368273184095756,0.9515753442965359,0.7637362607609716,0.9382360934757884,0.7473618162363982,0.8912784614458591,0.652953041888036,0.641895166494188,0.4220247886500995,0.7614470610118558,0.5333387192778769,0.6524879957379096,0.43295553754553096,0.7396212294130131,0.5087333499435334,0.6466625150653469,0.4464731241138411,0.7549480011167669,0.48016515159720785,0.8054789742161036,0.9024920708081455,0.8293433929269954,0.06051639926260174,0.8039785900753063,0.9120396885701384,0.7574212299532934,0.06269717463139478,0.8025367639539575,0.9377072519022187,0.6611945640782162,0.01728756166726159,0.641895166494188,0.4220247886500995,0.8912784614458591,True,True,True,True
8907,4,0.19899202201374944,0.9270833333333334,0.9761482809656423,0.8925952986632351,0.8050897068417076,0.7273285219952788,0.9761482809656423,0.8472564345714295,0.951857759400667,0.7766499257365099,0.9395668386849942,0.750728952174354,0.9075655372785998,0.6874187458636821,0.7052415243613921,0.5091566416299679,0.7447958090228055,0.5185614035272724,0.6252736808046225,0.42567434601938225,0.7416298015262213,0.4997029909884678,0.6446707807729015,0.4430827001412312,0.7313026353376448,0.4604200894527334,0.8099987265993576,0.9037692424683835,0.8278882277139769,0.03228294646341401,0.807657746469684,0.9127454411610162,0.7592147081692304,0.043299052155204916,0.8020737309192312,0.939572011157139,0.6570424272592028,0.029981118276321436,0.6252736808046225,0.42567434601938225,0.9075655372785998,True,True,True,True
9233,4,0.1984069129113499,0.9375,0.747110875375108,0.6200798535674577,0.5172667835029847,0.5255110473112496,0.747110875375108,0.5300124663430055,0.7784218724489933,0.513242882598736,0.6997428261407241,0.4797254387073331,0.8185420865714044,0.5540587707014362,0.3995830658767622,0.18383007028838316,0.3419442466496089,0.2124993940569796,0.5069347769138141,0.2640680743056202,0.5070727979013971,0.34040164043299004,0.5280574119268331,0.3474873315907824,0.46802918055864795,0.24545925992951212,0.710492569768681,0.8758193440587128,0.6440095248001174,0.053208658637951683,0.6683487586665064,0.916658669147009,0.5952326285930728,0.2619153632562979,0.7963912331747823,0.9408900804396063,0.6451442613894426,0.03764732140822772,0.3419442466496089,0.18383007028838316,0.6997428261407241,True,True,True,True
8849,4,0.1922301091527224,0.9583333333333334,0.5965018669578415,0.7731843310741076,0.7448640767275374,0.7631805926662263,0.5965018669578415,0.32041527991545027,0.7986162147240592,0.5386679417888471,0.8897428244896537,0.6564029960588352,0.8476147099212427,0.6096192185622151,0.7311420178755352,0.510302060742436,0.8374034932574943,0.5932702034080544,0.8011080212930998,0.5675576458273992,0.4690507143143807,0.3512169096851494,0.5092447338444333,0.37018135878681,0.7958732967211979,0.5669398604925742,0.8104314373548247,0.9012733201755668,0.9166933917807832,0.04030361890891429,0.8266494367973025,0.9152606316208782,0.8279582233987919,0.05857368450397134,0.7977935584755441,0.916815019873181,0.7921165031269725,0.16494393626566728,0.4690507143143807,0.32041527991545027,0.5965018669578415,True,True,True,True
3488,2,0.1915974939973548,1.0,0.8600245762548817,0.83300488535956,0.6444845182964976,0.7798676695441046,0.8600245762548817,0.5835354189483682,0.7950518127120467,0.4823372498843391,0.6157918053078211,0.18957725268135328,0.815413392804382,0.5113031464291774,0.8676987065614058,0.6508184661083828,0.7516324372761569,0.5350712702950733,0.819383555639204,0.5874322254770259,0.6262823713109558,0.31688584022736155,0.7614369330664352,0.48091990240637317,0.7805157076483754,0.507383743297561,0.7092682306004823,0.8807608372673646,0.7642950644384358,0.23001553343804224,0.7541990151529411,0.9083333909551152,0.6962891725930955,0.16095894951917794,0.7295204608433234,0.85648161853357,0.7931951672011414,0.005926813672495405,0.6157918053078211,0.18957725268135328,0.6157918053078211,True,True,True,True
8802,4,0.19007184529922627,0.9166666666666666,0.8663531724002698,0.7056156222970187,0.8111650285240952,0.7757956945573887,0.8663531724002698,0.5955155918419885,0.7654005922756932,0.48875987982374647,0.8886566019009682,0.6333536034811169,0.8731016700874176,0.6292198122072001,0.2934699230831991,0.05726126110525165,0.7062956006312116,0.46684401768848827,0.8244818154815893,0.6060470322152545,0.707475890240004,0.4647929371097398,0.7217762192593858,0.4781673152250343,0.7502047422048326,0.5242375378262194,0.8036881444244185,0.9028404089764898,0.8921671506712627,0.106389572861097,0.7796967597390924,0.8879070483734961,0.8063564346714084,0.045073986034680956,0.7281720942270046,0.8813274055084198,0.7784731074758545,0.19490226999557034,0.2934699230831991,0.05726126110525165,0.7654005922756932,True,True,True,True
8800,4,0.18951307609074192,0.875,0.9167011436234955,0.8134551611810312,0.8646328796050247,0.7959526608745213,0.9167011436234955,0.691619640875015,0.8671101541326675,0.616834582791449,0.9250463698087865,0.7064016161310587,0.9162741639547118,0.6893580009346532,0.38512247736562477,0.14129200058860258,0.8102309303859709,0.5881629532450807,0.826470320788444,0.6113612351222383,0.7800509296574065,0.5352274398891943,0.7890918718416311,0.5473354469101823,0.7498614651235015,0.5155718320344109,0.8186185963948882,0.905140345207631,0.8990562646823199,0.024968622145864174,0.7806902109300933,0.8860340473241012,0.8212085292709479,0.012797433202588372,0.7506350886504736,0.8824802325515275,0.7893657790832017,0.1395205029700616,0.38512247736562477,0.14129200058860258,0.8671101541326675,True,True,True,True
8671,4,0.1885398243948523,0.9375,0.8179578339363877,0.711027268750592,0.8281342348739957,0.5924487254144586,0.8179578339363877,0.5010061666371217,0.7254443236753587,0.40808945076412173,0.8289254731960988,0.5883608985952298,0.7205874833673374,0.41736341992665016,0.6694026899512202,0.36579419651474476,0.7485858004493466,0.4520535586784058,0.6412861509597152,0.3536429959609533,0.871675938105469,0.6388830744561919,0.773342226657533,0.4898483935163248,0.4436705039303688,0.252253946321896,0.7481998879694018,0.9076584676175494,0.8091409158563476,0.25678453587281136,0.6900750998929546,0.8753754702474712,0.7657222319306416,0.25334419540352465,0.718369979787057,0.9133878737245207,0.6793377531728786,0.247240710947258,0.4436705039303688,0.252253946321896,0.7205874833673374,True,True,True,True
8972,4,0.187502431756662,0.8854166666666666,0.918522944939572,0.6819333928684653,0.7283782960222906,0.6635757577989742,0.918522944939572,0.7239764411047971,0.8373725565608774,0.5924772473414612,0.8809077616122287,0.6609142696647867,0.8839521861761941,0.663446129601889,0.15798754422120398,0.1274134206853339,0.5372750590627267,0.34553459558587785,0.38874180203230013,0.23586182360127572,0.6788841755380282,0.3726712070196997,0.6934843788963458,0.41543420809533727,0.6236569820465228,0.38928106031949716,0.7263871498541654,0.8766513665148278,0.6864194001171393,0.07708610457545856,0.6948569339231494,0.870430762727145,0.6335302651717092,0.08167577998768737,0.6126162087488879,0.8997530528906991,0.5960109208482225,0.32354298734408676,0.15798754422120398,0.1274134206853339,0.8373725565608774,True,True,True,True
8837,4,0.18734588208594705,0.9166666666666666,0.2846827116277417,0.7877512195306864,0.8984331580637296,0.746760282585599,0.2846827116277417,0.08515754267550102,0.585763129983723,0.3339918763320706,0.8441004518761768,0.6322004286500569,0.7239225499445279,0.46409356596805196,0.881610360899699,0.7102475534660087,0.9539644433570932,0.8193881640952219,0.833692433096437,0.6474935087228183,0.872752333653278,0.7064489947532828,0.6959460920407404,0.5221967975530295,0.7497634808992022,0.5388782692767795,0.8092418715625033,0.902827035322732,0.8403758400990361,0.04421122439225643,0.7837370446214664,0.8969348916655028,0.762789451508718,0.052537188263962725,0.7813660707270265,0.907966706194698,0.7257268300584727,0.09912666834346724,0.2846827116277417,0.08515754267550102,0.2846827116277417,True,True,True,True
8855,4,0.18680330236566525,0.9583333333333334,0.8054828717167521,0.8016203840243061,0.6889782819509676,0.7324758685466282,0.8054828717167521,0.5297601079543128,0.8566504802062594,0.6410035889193093,0.9098775031089011,0.7175030702811342,0.9307820738474372,0.7593266936330003,0.6667590327564817,0.44539695403452395,0.6571368598334946,0.43291342212141015,0.8252565261998126,0.61941491071246,0.32891900563741006,0.23288909470614805,0.5234065708935431,0.35252664158308256,0.6758312057632014,0.4449523449600915,0.8077178917371206,0.8989204681455125,0.8883548948861433,0.015115719484292517,0.824046493833568,0.9158332872616998,0.7978661763777409,0.028069146276557464,0.803693374803546,0.9158213715680356,0.782444238983327,0.13132383759505814,0.32891900563741006,0.23288909470614805,0.8054828717167521,True,True,True,True
3421,0,0.1866399855740386,0.9375,0.8526829026012008,0.8627285770201557,0.5323863603223987,0.8175697755639584,0.8526829026012008,0.5693531477293537,0.8506664381510539,0.5645124137812451,0.6168559622561776,0.3319848579812762,0.8136678330380042,0.4748152008083002,0.8737649292122412,0.6508616685841178,0.5457900631574616,0.1504213115566373,0.8031605306285207,0.5060605749531127,0.47540091093906445,0.012431083397041132,0.7218684621435743,0.39818147935447135,0.8516459598050491,0.5695826158634861,0.7765773512609827,0.9030124520591175,0.7877311013170402,0.15988854706926192,0.82196780989876,0.9314270493941333,0.723104551490927,0.046800377259912485,0.8171107693625126,0.9413368195556169,0.6811370664392103,0.03606004668234104,0.47540091093906445,0.012431083397041132,0.6168559622561776,True,True,True,True
8995,4,0.1863583459131347,0.8958333333333334,0.9046087413651492,0.6744489002368739,0.8206490995394822,0.7987294475231642,0.9046087413651492,0.6609633072370393,0.8885176321720777,0.6483006786497507,0.921557855394828,0.7037763293194639,0.9360087487720724,0.7433253065103884,0.13780400483240607,0.15455077752487067,0.16793197942450633,0.13545675490870857,0.5660067666966975,0.36247717959403614,0.8846634678332944,0.6362766778933729,0.914457493839685,0.6947092430393836,0.7633606374148599,0.4971024354500331,0.7343807730960803,0.8805788571012286,0.7005549170386197,0.09289634805502144,0.6848453722327419,0.8788613574204012,0.6142900103231259,0.1324911907608259,0.5854364750195673,0.9306976465824655,0.5657140054135751,0.3841205227707462,0.13780400483240607,0.13545675490870857,0.8885176321720777,True,True,True,True
9000,4,0.18538357410987327,0.7916666666666666,0.9485379194349901,0.7198309404361412,0.8544332890277107,0.7131946865422757,0.9485379194349901,0.7584107587149984,0.9010931661438519,0.6563529609020533,0.9138723204125436,0.6970828635371206,0.8287558601582012,0.5722294816540252,0.2316426508093239,0.1402344713011966,0.6140228943025106,0.40483013323524064,0.4153776887208078,0.22976116794685664,0.911088694274833,0.6806139809980065,0.8715950942480329,0.6552212895832226,0.6926944050189117,0.42333021490005995,0.7180227581561074,0.8641344384422417,0.701218304036312,0.0465177675303761,0.6685496420981518,0.8629964682129391,0.6164468916669608,0.12420373728215006,0.5704375092095978,0.9186288335370563,0.5798477713236961,0.3983325450947268,0.2316426508093239,0.1402344713011966,0.8287558601582012,True,True,True,True
8994,4,0.18492849929998992,0.9166666666666666,0.8930226187424698,0.6105412208499432,0.796692450035011,0.7917443857808215,0.8930226187424698,0.6526549391852849,0.8546102493978013,0.6014774659748077,0.9082950336201463,0.6891052245389555,0.926870404379476,0.7229221155116188,0.09486440818070663,0.13986593733447006,0.1564897778633545,0.13653357846902325,0.49081034401328716,0.31132484514445247,0.8634106139513191,0.6012014389141598,0.9022106072173779,0.6673264784647126,0.7627085630111967,0.4979540001388265,0.7407740898268136,0.8828035013501909,0.7060935405196436,0.08568268152088364,0.695817211836963,0.880722926220577,0.6257113246610637,0.121756905363207,0.6044848009947275,0.9319921819204906,0.5755730680608467,0.3702567236954594,0.09486440818070663,0.13653357846902325,0.8546102493978013,True,True,True,True
9001,4,0.18482613668617331,0.7604166666666666,0.9550221964575641,0.7424347349526823,0.851317182724257,0.7252158921915336,0.9550221964575641,0.7741986309375104,0.9110738582683645,0.6741693025481372,0.9169872446498014,0.6966756595696899,0.8418990928235932,0.5765135854576272,0.25226187873058337,0.1584293753613466,0.5947700332399237,0.39598169612513556,0.3729570039825181,0.22512629279050467,0.9061870563239693,0.6726993376101623,0.8754895688970712,0.6554398693794352,0.7071497156471716,0.43637122780963,0.711743545411498,0.8612375944455768,0.6983887015295425,0.05888027471851593,0.6609802110978777,0.8588174611944183,0.6172770854579634,0.13507578407560922,0.5520437328743992,0.9174090193437692,0.5755855289067773,0.4156347883471359,0.25226187873058337,0.1584293753613466,0.8418990928235932,True,True,True,True
8835,4,0.18473520076650438,0.9375,0.21441926757146257,0.7181972821571074,0.8470580852409069,0.7493038482035046,0.21441926757146257,0.09850760496067346,0.43938542293015437,0.25245150950964435,0.8268388970476188,0.6197519181089193,0.687823763361699,0.46402599909244446,0.844981360974865,0.6692794576356791,0.9359726576010733,0.7750509693441191,0.8292131606997817,0.646028689636432,0.7577161274166764,0.579929430761138,0.7377156018768379,0.5531684903178417,0.7492899946917909,0.5327189750089227,0.8138401729679008,0.9042962457855056,0.8555232603267344,0.039150007194090015,0.7902677136146778,0.8980417866427798,0.7822978215828712,0.05305347768137847,0.7939116251233649,0.9107583785438849,0.7464472571124237,0.09257998886615168,0.21441926757146257,0.09850760496067346,0.21441926757146257,True,True,True,True
8690,4,0.18453157824079744,0.7083333333333334,0.8552752284083351,0.857142449020406,0.9003358125456628,0.5920064556141542,0.8552752284083351,0.6076023403591139,0.884444019523118,0.6255948154148843,0.9116435627500653,0.6722356203111581,0.7950839628895221,0.5454831508996295,0.7663430817751581,0.48540717405078404,0.8488629770943075,0.5831496190718548,0.5621704777608976,0.2522416702216821,0.9120778918079493,0.6451790859216024,0.7628764726838912,0.4545977944557156,0.4039303740414576,0.21163134486081447,0.7751635129311628,0.9145359458158653,0.7602299373459824,0.19339632625323777,0.7141330240428518,0.884983425460765,0.732982964570183,0.21437933479341667,0.73490063185232,0.905232358991163,0.6775828384430683,0.18088860579541502,0.4039303740414576,0.21163134486081447,0.7950839628895221,True,True,True,True
8691,4,0.1842394071502139,0.8958333333333334,0.887652584330941,0.8514888499220015,0.8959224111508592,0.6204414604283922,0.887652584330941,0.6549608395243223,0.8827003873508019,0.6189775428178735,0.9126903047366653,0.6619021337005322,0.8147516763794012,0.5770902866594431,0.749637268622531,0.475547249438278,0.8261900834297513,0.56215483412443,0.5647726269134985,0.27203451570975945,0.9064611076018011,0.6438789797999179,0.7815865721403907,0.4864945997932384,0.4323773741072342,0.23452282437766592,0.7858467746452661,0.9184676317386111,0.7609744615313802,0.18147153287593926,0.731325054629852,0.8901480584901389,0.7387752885589196,0.19525571932023356,0.7562350389052139,0.9128513513585104,0.6877162343209854,0.16240914336435827,0.4323773741072342,0.23452282437766592,0.8147516763794012,True,True,True,True
8904,4,0.18301336015571343,1.0,0.9660242409765399,0.8783750490493836,0.7954247763022051,0.7657496337898921,0.9660242409765399,0.8168235665554706,0.9420868890690098,0.7379748739303379,0.935753705182742,0.7353913885912727,0.9044830317613066,0.680259680951042,0.6216163698054966,0.41387529820956603,0.7437687503599582,0.5062303923302979,0.7489343493171754,0.5486105550357119,0.7101803120480968,0.48238379786101115,0.6857846271049817,0.4857136423205888,0.76950104614853,0.5058535703033671,0.8050983232691122,0.9016065423627577,0.8275171025126059,0.04802904189035805,0.7978357481882541,0.9091932081967224,0.7463736872145108,0.047815742490496936,0.7904976255945176,0.9316681883691773,0.6550416729391156,0.03139679260066553,0.6216163698054966,0.41387529820956603,0.9044830317613066,True,True,True,True
8905,4,0.18257418903605863,0.8958333333333334,0.9721321314117307,0.9055831928385704,0.8023929415885303,0.7589928979019813,0.9721321314117307,0.8240525262762265,0.9575303731511413,0.772597554574938,0.9430397003381659,0.7448490677838011,0.899472266362595,0.6614135358861866,0.701763051713993,0.46850763363534953,0.7442666713465624,0.5106299330020798,0.6895030698059533,0.4810423658295023,0.7166626544533812,0.4848687565456927,0.6611076599690701,0.4634383469063136,0.7726112353041525,0.50605926091346,0.805713877014048,0.9024944962282885,0.8318379996892296,0.06156377348027139,0.8034653981851657,0.9115978957177409,0.7563394288323088,0.058652653411694636,0.8022146943385997,0.9360033383125976,0.6650268286657277,0.021430963891693914,0.6611076599690701,0.4634383469063136,0.899472266362595,True,True,True,True
9257,4,0.18128966319990564,0.9895833333333334,0.9280705225370304,0.7408912740185034,0.7886150399118714,0.6737892736539504,0.9280705225370304,0.764885340501186,0.8931900471903844,0.6914310777098034,0.9438276167135756,0.7636343927169602,0.8972507843396741,0.7010298106072548,0.41554996464261174,0.225584590006069,0.5513743157727098,0.29351210805973893,0.4754313073490375,0.3137224699001513,0.7161746601064463,0.45864829822745634,0.5297719273859556,0.2789973839080383,0.6817967991667484,0.4122490198883483,0.7120048912882642,0.8765725624343018,0.652287808106178,0.07791607600711954,0.6670497561565638,0.907941920264592,0.6172911974246789,0.26987206548627257,0.8011289591947108,0.9408564390937616,0.6531552973951955,0.03619299455452732,0.41554996464261174,0.225584590006069,0.8931900471903844,True,True,True,True
3488,0,0.17989271668034804,1.0,0.8657620856805844,0.8260577922731821,0.6972735107785768,0.8184717171473026,0.8657620856805844,0.6107156872455525,0.79747057681535,0.4995136709820992,0.6403022421981319,0.19664378219692336,0.828870798328514,0.5483630453019015,0.8482765482082255,0.6296725506783905,0.6426812832264366,0.41542610024379545,0.7986801938545186,0.5502385665627723,0.7193633590619272,0.3987023580767861,0.8237713722015552,0.5729300690819351,0.8152670498484362,0.5070877083240269,0.7360562037965386,0.8675070422963704,0.8244066333894802,0.12105626538646015,0.7898061663459816,0.901162894692616,0.7518717212400094,0.0007361752081066861,0.7251845013152425,0.8771149238127699,0.8504416905448476,0.2084097571777141,0.6403022421981319,0.19664378219692336,0.6403022421981319,True,True,True,True
8857,4,0.1777792931793974,0.875,0.8874789886594474,0.8340123085854222,0.695234711130854,0.7423591240546243,0.8874789886594474,0.6413832433270956,0.8842454079262614,0.6838103826066764,0.9247837121155691,0.7562267638014242,0.9477907591354415,0.7961738110312679,0.7076278387883845,0.4632802436942842,0.6370788924794548,0.42044954225797015,0.8443879520990094,0.6295144935969381,0.14875594010863868,0.1438928494339098,0.5160263211168448,0.374939777813048,0.6498474533465812,0.4278665750718831,0.810169084991865,0.9019895166692534,0.8524376425359994,0.030993789043136842,0.8179706062176205,0.9165369259108979,0.7682587064058848,0.009104941570463853,0.7968408182850628,0.9127373215590655,0.7442023918863958,0.08856961873002563,0.14875594010863868,0.1438928494339098,0.8842454079262614,True,True,True,True
8805,4,0.17772805335892444,0.9166666666666666,0.8439715330144248,0.7983039082567862,0.843895647857255,0.8234000820602638,0.8439715330144248,0.5610321976293577,0.8419207018107829,0.5853306817186044,0.9077826504183831,0.6693129671768755,0.8975043434082564,0.6600391562878225,0.4712493058253623,0.16370733151655248,0.8090812161161146,0.5731088400379318,0.8749732859991926,0.6725860635902142,0.744160463918922,0.5201176817400592,0.8072782660736704,0.5952725525664729,0.7999677674459841,0.5675374836781437,0.8177104987703395,0.9063538763512996,0.8684937851822505,0.048305940663219436,0.7877986858584005,0.8956968033710223,0.7763329433587145,0.015044820824109118,0.759640294233233,0.888831232066978,0.7620478737403591,0.11961038799324013,0.4712493058253623,0.16370733151655248,0.8419207018107829,True,True,True,True
3486,2,0.17731028228493154,1.0,0.8720542846472531,0.8573849717514174,0.703891389164649,0.8055880632037649,0.8720542846472531,0.6126213740683206,0.8220798229824808,0.5280132110402745,0.7064085612145936,0.31586627567310466,0.8212764178251214,0.5201800455206528,0.8897547822695318,0.6727900445880753,0.7918081118769672,0.5654471849008615,0.8508756011969616,0.6129862116967424,0.6834980600608962,0.38218822345152337,0.7904867429017151,0.5209180043708829,0.8067619451294372,0.5389397858641809,0.7207857938784865,0.882734190831162,0.760809871296895,0.20873025197600267,0.7629721883431457,0.9109314354591538,0.6935690246347631,0.13991952731887533,0.7312479538932197,0.8590246605180745,0.7846968482249248,0.033923292951714965,0.6834980600608962,0.31586627567310466,0.7064085612145936,True,True,True,True
8799,4,0.17724805215796338,0.84375,0.9297867620061213,0.8394443830807878,0.8697015615803325,0.8150404277906836,0.9297867620061213,0.7134475143288688,0.8842808625392492,0.6388606754375311,0.9319114372757777,0.7210562625781956,0.9257779924413697,0.6954160864738008,0.46011163126745547,0.2416323931509795,0.828417364464281,0.6044248173805766,0.8722337897414125,0.6738658748675215,0.7680896635073277,0.520907558423463,0.8018951146445948,0.5566150165901387,0.7662643495033035,0.5305709757815791,0.8155170334048061,0.9043492977738542,0.9131961635028117,0.047458950115135734,0.7813103334036886,0.88541736991259,0.8340942730285605,0.004418740258490108,0.7459618832389301,0.8807335125817755,0.811412039707612,0.1578739064705082,0.46011163126745547,0.2416323931509795,0.8842808625392492,True,True,True,True
8971,4,0.17695171129955142,0.8958333333333334,0.9186177795176738,0.6827637185436481,0.749706802612923,0.7076033274003634,0.9186177795176738,0.7216319949332073,0.8259967766277051,0.5626205168476222,0.8947702376176667,0.6635227724387227,0.8866558980203565,0.6577230840108882,0.23745625489700184,0.15388827700297625,0.5667611631283216,0.3734381171557709,0.4469622739822915,0.27267190076854586,0.6868385750157517,0.3667569198260471,0.7072236336054434,0.4235533609203085,0.6850222131366799,0.44369935120261184,0.7281305686325452,0.8745134060518468,0.7092014718462187,0.09651473017654333,0.7060424689630738,0.8722588226376138,0.6573638442039887,0.09280696606448403,0.6214715116345608,0.9004964719817483,0.620515457255168,0.3332161697902564,0.23745625489700184,0.15388827700297625,0.8259967766277051,True,True,True,True
8697,4,0.17617211672652616,0.6979166666666666,0.9102935113752034,0.9026994572703602,0.9308998448947821,0.6808942680246354,0.9102935113752034,0.6676314280929563,0.9273377275660565,0.6990647859648369,0.9450149152122227,0.729261762877882,0.846888337754931,0.5930554482001433,0.8076786026806554,0.5130981135852097,0.864512667427509,0.610933238388343,0.6518010317012095,0.35789076708920675,0.9385004657593107,0.7017653843258562,0.8152201056183741,0.5202899057648722,0.5385492593655461,0.3133547197029807,0.8211893461125517,0.915100811102199,0.8319598396809227,0.09647656315643541,0.7667606543112522,0.8916288051113359,0.8105125556370858,0.14717821124150055,0.7960433102097365,0.9115559747408705,0.7755663059406963,0.1280538748170512,0.5385492593655461,0.3133547197029807,0.846888337754931,True,True,True,True
5381,0,0.17599169457110958,0.78125,0.6291165824017952,0.5553054713887644,0.6559098600805708,0.4580446518785932,0.6291165824017952,0.4001639450092759,0.5476256607260941,0.31108425267006345,0.6376432291313934,0.43199656538662745,0.4727559486941101,0.26881502310457994,0.5613624497639529,0.34858447286108774,0.6221237978786085,0.40879939975586865,0.4612341089903862,0.25312194808992006,0.6745510972511045,0.4224036458169145,0.489422077532477,0.3044916252869776,0.43242835104570043,0.2504986185990711,0.7693046940885847,0.930283903858584,0.6256964106754023,0.05787837839960294,0.7572413474315968,0.9000029844720492,0.6742893064740878,0.04263050775713803,0.7818404473232954,0.9443160319089371,0.6261383396559191,0.09303374091956744,0.43242835104570043,0.2504986185990711,0.4727559486941101,True,True,True,True
8990,4,0.175916376879337,0.9270833333333334,0.9075461730991654,0.7523424730149648,0.8494848439692375,0.6965654035822821,0.9075461730991654,0.6903456390538785,0.9057598666740405,0.6774492595231112,0.9310908113654698,0.7396176629806313,0.8637691200849654,0.6078363161847493,0.2853563143798289,0.16266849284411522,0.4688530051489487,0.32069698759353804,0.324413684497327,0.21055534269022635,0.8803281024346137,0.6488509416781182,0.8275311275068641,0.5861743839527056,0.6681443822272203,0.39658385023821163,0.7469309208930824,0.8833564572812602,0.713645527826842,0.06771934842520076,0.7023857166332872,0.8764177303849628,0.6425561321005845,0.1050289214822204,0.6220223801315468,0.9278247929092398,0.5958397193366518,0.3586396201349346,0.2853563143798289,0.16266849284411522,0.8637691200849654,True,True,True,True
8997,4,0.1753750255094111,0.8645833333333334,0.9237182833087927,0.622921816115038,0.8186618003956875,0.8024596618699797,0.9237182833087927,0.7071770604895946,0.8667726690870673,0.625332403609878,0.9114459153298503,0.6947519316864605,0.9256437104648944,0.728291066426519,0.06146922278461875,0.09169986682763154,0.3190851422392559,0.22613627356699306,0.5822276910244059,0.382515225133334,0.8908500905417042,0.6511300139023266,0.92067225816084,0.7262830551433936,0.7722871757957944,0.5121656877854286,0.7205048085979106,0.8699938307272966,0.7034340429560748,0.0929639392627646,0.6716216161383273,0.8720068879173897,0.6097975731756697,0.14149442285730393,0.564931043411514,0.9206949554280022,0.570086118418537,0.39977693899214267,0.06146922278461875,0.09169986682763154,0.8667726690870673,True,True,True,True
9247,4,0.1753617371316177,1.0,0.7788760098289762,0.6100448845352311,0.576043223459208,0.6343488072406605,0.7788760098289762,0.5300122319410953,0.7858237534667877,0.5508324328237597,0.8679060217803922,0.6571130887824057,0.8544528003151435,0.6445258596378518,0.41664694924737433,0.2280036424350631,0.3757117399837766,0.23266578897812729,0.3378545068507761,0.19541857879448232,0.4356706484401406,0.2788986248482652,0.4752690236957632,0.28740562626186095,0.6591043946347438,0.414063448907078,0.7097335896851951,0.8742569873152869,0.6460426926840245,0.050099160775031126,0.6637615496423515,0.9168450300429669,0.5948743210703594,0.2705145505066476,0.7849273039111463,0.9386768848402333,0.631980011715197,0.04608707234728253,0.3378545068507761,0.19541857879448232,0.7788760098289762,True,True,True,True
8908,4,0.17467370729239792,0.9270833333333334,0.9727981175989039,0.8896236124261253,0.8032329558869633,0.7382581860253127,0.9727981175989039,0.8418245566790575,0.9515491826792656,0.7830484406172332,0.9409726738727223,0.7639372289203621,0.9227107245371529,0.7266796821168187,0.6546853531374262,0.4622349305362129,0.7256850632518128,0.50181995502437,0.642592401579466,0.43388189692377266,0.737795568011052,0.5003488130109468,0.6694833940986544,0.4662499245010011,0.7325162389689786,0.46480343223142906,0.8150953746760776,0.9069526688847179,0.827461641568347,0.03389609855459705,0.8089469657079329,0.9130972854636253,0.761136287580167,0.04132241686266185,0.8008757625959653,0.9373530073106642,0.6599168386018451,0.028001250160528533,0.642592401579466,0.43388189692377266,0.9227107245371529,True,True,True,True
8678,4,0.174647604778488,0.8958333333333334,0.882054560456857,0.7658578120709298,0.8255711163197863,0.8476623456718526,0.882054560456857,0.6543879093691407,0.7893817261912963,0.4776671316855442,0.8435329530411759,0.5312186632214727,0.8929067419693766,0.645848383199989,0.7174508701422457,0.4319281389258639,0.770117919921377,0.5109819222965772,0.8077939549119243,0.5371118746307302,0.8359280038316008,0.5310509924320543,0.895830957000882,0.6469885281568619,0.8182658855940576,0.5843365856617,0.7659907321618667,0.9176427966670153,0.7419726384566793,0.21264422312244924,0.7216067393240644,0.8916757557051446,0.7374658045352686,0.22293094210643044,0.7403188601144547,0.9215144265629838,0.6643545084312888,0.20673353563403726,0.7174508701422457,0.4319281389258639,0.7893817261912963,True,True,True,True
8673,4,0.1746243352404058,0.90625,0.8436341105694211,0.7802403664600973,0.8424285286808977,0.6372356721901011,0.8436341105694211,0.5437335653849686,0.8106115688942211,0.5077704656137592,0.8553011205725551,0.6213422712010476,0.7743730797947198,0.45762177548219907,0.6834050318705363,0.37981611941078364,0.7387415053916543,0.46319248386600176,0.6648795648791475,0.364459714299607,0.8734019374269634,0.6447790877687325,0.7986743782862272,0.4804972161159857,0.47973379410092365,0.27149770610570245,0.7517124152798973,0.912642186154563,0.8008099666155173,0.2621009335009199,0.6952676946732093,0.8817757801957175,0.7740905889135968,0.2658283872070283,0.7270737612957231,0.9191381733206313,0.6943567445922336,0.25925765110847565,0.47973379410092365,0.27149770610570245,0.7743730797947198,True,True,True,True
3487,2,0.17399592759372134,1.0,0.8527537853346778,0.8359074136738898,0.6752035524301093,0.8045466539800338,0.8527537853346778,0.5677977802457514,0.8023157693866534,0.4973087470361459,0.6719740015743078,0.27274620717859466,0.8266493972394369,0.5299403944459689,0.8674793526632236,0.6443357455271447,0.765785454538865,0.5435698907075,0.8430211847985738,0.6055152400095105,0.6550298797448242,0.3541865097250835,0.78947027614777,0.5188263768060675,0.8053115029491684,0.5336171518561815,0.7213062867265976,0.8818218786171037,0.7653199471336696,0.2067143895374235,0.7623346701167876,0.9108563460112853,0.6943009782957098,0.14292790373406541,0.7318961232789107,0.8590016538268327,0.7863971361101275,0.026763818962313987,0.6550298797448242,0.27274620717859466,0.6719740015743078,True,True,True,True
8672,4,0.1739020409339216,0.96875,0.864107399822629,0.782607654854685,0.8676847429718826,0.6470711212317666,0.864107399822629,0.5737400500602484,0.8108123160492668,0.5059005957145496,0.8814057059854866,0.6566175409297723,0.8077403359693355,0.5124916739022624,0.7031761257964642,0.3849130961401652,0.7736995100331037,0.4765740585323468,0.6627370544185707,0.35086653805298096,0.8937432769979625,0.6663603681190853,0.8160360013770215,0.5151619855754475,0.4710537408103246,0.2591441478012554,0.7644252361447043,0.9116413047169585,0.7882140827807672,0.2267826122224719,0.6980150922933506,0.8783211463396476,0.7535063041079129,0.2405289981950391,0.7195799890519801,0.9141742379369595,0.6747157519534952,0.24247511572560884,0.4710537408103246,0.2591441478012554,0.8077403359693355,True,True,True,True
3487,0,0.17328685384003362,1.0,0.851711553366956,0.8241148552598997,0.7359108904417007,0.8432636781863774,0.851711553366956,0.587266381968546,0.7929508197830284,0.49909280332013584,0.6692893227109837,0.27522885822668686,0.8410057177429004,0.5706616306312258,0.8489940893910239,0.616926220974453,0.6898452287359343,0.44748813914250174,0.8320472171022405,0.5775153099102717,0.7594812645500564,0.45568106076934356,0.8534078418972888,0.6116940604080716,0.8375029697809094,0.5344345736723876,0.7502401905705736,0.8705893992415095,0.8318878640524884,0.0786632231422772,0.7962264033047424,0.9055144165125125,0.7546569186850208,0.03117644233201847,0.7160997978503068,0.8811005940944657,0.848189383074993,0.24321864906405855,0.6692893227109837,0.27522885822668686,0.6692893227109837,True,True,True,True
5383,0,0.17317634589520609,1.0,0.6290150148747249,0.4888646961898331,0.6494628830931388,0.40631761382179665,0.6290150148747249,0.3652354700038183,0.5014160961725749,0.23024920141784888,0.5913296517770432,0.4177862811341071,0.38936324329916683,0.17870466312728517,0.4779399286157753,0.275430940930389,0.6293989465447472,0.4202289506665092,0.40375568003284845,0.20080372880686104,0.674015981291932,0.42785553930748943,0.4237701842754418,0.23727586914790866,0.39952580552751304,0.2050039724836773,0.7700333097856505,0.930014047825148,0.6258973843786223,0.04904971335919218,0.7588463291660055,0.9009379721093043,0.6731358677721188,0.03080749392550854,0.7829787879516881,0.948297408918158,0.6240523989581455,0.1056142098641828,0.38936324329916683,0.17870466312728517,0.38936324329916683,True,True,True,True
3489,0,0.17292436583654675,1.0,0.8495911638317093,0.8117468563682412,0.6924702847104649,0.8207597001037457,0.8495911638317093,0.5845475144487277,0.7750798914886406,0.4620396610718799,0.6436357280855098,0.21819652767875775,0.8280826831751207,0.5565338920400997,0.8397201290746676,0.6154335446038669,0.6399820846990165,0.41189594230394266,0.8070964867499206,0.5624383050448883,0.7124835927727717,0.39035165145088535,0.8214354216766973,0.573011561323289,0.8210920184954594,0.5156116131166043,0.7274290036663928,0.86721652840594,0.8200340213008634,0.14969740978833565,0.7846248489439348,0.8985486550014193,0.7503934619321387,0.028546019469078747,0.7341147458302515,0.8746367555647905,0.8537007261300703,0.17446028495379706,0.6399820846990165,0.21819652767875775,0.6436357280855098,True,True,True,True
9219,4,0.17248191256503909,0.8020833333333334,0.6362224180719411,0.44248715419549245,0.5276044617410593,0.5564050485855732,0.6362224180719411,0.3901282740166879,0.5073431501694385,0.29727139353785414,0.3823929877293796,0.26258617802403184,0.5637862900967485,0.3577068689353784,0.39054704337674784,0.2459257821194173,0.5190221745155359,0.33241902279649604,0.09956448341693658,0.06388140316091107,0.5615599799597619,0.4061831998889469,0.36033417487897135,0.2664475107269326,0.6157495110625584,0.3596024056027899,0.7136805458618201,0.8753981909929226,0.651269219035891,0.04906781899927006,0.6668095590059986,0.9001791126622156,0.6043510192143288,0.23664026494729026,0.7955941978973343,0.9396331391617129,0.6464418448807134,0.03681172736225607,0.09956448341693658,0.06388140316091107,0.3823929877293796,True,True,True,True
9088,4,0.1718679180326296,0.8645833333333334,0.7397556342367508,0.7165857030867235,0.8177406227550766,0.7070101875240258,0.7397556342367508,0.4897739438423453,0.7231414901644642,0.4394098093896398,0.8138198872004317,0.5552847894729611,0.6962007422629201,0.46636958317718313,0.7068541875509886,0.4655205904028852,0.8011763980294252,0.509607494865677,0.739585516781689,0.47542275019999336,0.8311742622585119,0.6088083234217334,0.7147058482035664,0.4914669947396919,0.7041009743146858,0.4394450655105361,0.7116944736533151,0.8717421751518147,0.671398495943102,0.09001309063807668,0.6667827304293408,0.8909781927101659,0.6014535777212989,0.20793005259288744,0.5050869562108857,0.9029641529331649,0.6278380409867599,0.48431697037856997,0.6962007422629201,0.4394098093896398,0.6962007422629201,True,True,True,True
9220,4,0.1717621428628382,0.8541666666666666,0.5782226754306932,0.468664797767957,0.5130183690409662,0.5409489501721791,0.5782226754306932,0.3136948783306036,0.4756021492043052,0.23207692811948089,0.36689205930681446,0.2524218441568703,0.5853365044813721,0.3504406035788815,0.46366400097475813,0.3065422182536207,0.5255191657212944,0.33520971416441336,0.12723627661823067,0.09701750330379977,0.5405270933655926,0.3832638571738136,0.31143683610734507,0.24186552574273856,0.599662537338252,0.35252988110219796,0.7076909761816101,0.873651671040382,0.6454755767481514,0.05926159062651746,0.659021577157292,0.9012254471494965,0.5982647532816405,0.2477913384354373,0.7830329271859727,0.9360024422679547,0.6352218536755897,0.05097727210859119,0.12723627661823067,0.09701750330379977,0.36689205930681446,True,True,True,True
8698,4,0.1704935371143342,0.7083333333333334,0.9156772493656915,0.9135125753752715,0.9244448786258345,0.6731136267767469,0.9156772493656915,0.6858163459913909,0.9347854895350579,0.7222190634558481,0.9408527258249508,0.7268014244818799,0.84747082167343,0.6001844957532926,0.8304917191649807,0.5406572223640699,0.8599620985643954,0.611396906102782,0.6831353230327079,0.39364501305113,0.9273692378136617,0.6883739439972164,0.7960964044497759,0.507690090537048,0.5128800793201682,0.3105348722079082,0.826214606636678,0.9152688574965916,0.8452101933628802,0.0812050395371963,0.774192259768254,0.8928536836018943,0.8187631835449323,0.13231038641968643,0.7977773501790029,0.9091406456908183,0.7810548290175461,0.1111457918018336,0.5128800793201682,0.3105348722079082,0.84747082167343,True,True,True,True
3485,2,0.17047237423315922,1.0,0.8762206244877621,0.8686625628813616,0.7164075469548229,0.8297348259054911,0.8762206244877621,0.6204016156698506,0.8378497384497224,0.5467048008132024,0.7198581391782358,0.3390536068136766,0.8559323053607053,0.5852541154239401,0.8966785761172401,0.6803303761865882,0.7893729727841872,0.5664303396305258,0.8724138086089805,0.6401098340659851,0.6995673308349921,0.3984851322668266,0.8155989235604604,0.5612021163464993,0.8277958392807073,0.5607875577149607,0.7291117311241596,0.8825538529183896,0.7642887428824178,0.18921663754837856,0.7686975151579604,0.9114639340302318,0.6955663030844157,0.12432699156615454,0.7287304590531865,0.8582080631383799,0.7846860636069857,0.04883785588504531,0.6995673308349921,0.3390536068136766,0.7198581391782358,True,True,True,True
8970,4,0.17029585804580677,0.8854166666666666,0.9209270311109257,0.614927095439967,0.7553638767992327,0.7131191723088259,0.9209270311109257,0.7163500546106791,0.7977502026591083,0.512976667131207,0.9104762264350479,0.6782257185413252,0.8966336110641998,0.6632052860195432,0.12286640241116176,0.08789707619489229,0.5256692859496318,0.3364199518019324,0.4968817174020589,0.3184707849012077,0.6849015148487987,0.37910811558735413,0.7080526591379748,0.4109963676776518,0.6899220537403603,0.44776173407965925,0.7352882026998515,0.8764761624059504,0.7148868172689812,0.08252965590753368,0.7134997857418006,0.8726644774399664,0.6665869568559563,0.07466967224861755,0.6422760878644664,0.9011604794262971,0.631671746795552,0.31175301891151297,0.12286640241116176,0.08789707619489229,0.7977502026591083,True,True,True,True
8670,4,0.16956730178828308,0.9270833333333334,0.8641265188979497,0.7511648005981266,0.8333217316470715,0.5820570144723987,0.8641265188979497,0.5851633461111234,0.7886673729790455,0.48126998997096304,0.8619499620006839,0.6218674527619366,0.7917948802330651,0.5015151645478,0.6432786514769315,0.3490922521892599,0.6998815780685151,0.4097754701900941,0.6363353079808429,0.3556254974021469,0.8499188791162626,0.5917553023744138,0.7710941803519636,0.482366093005846,0.3415846021749107,0.17037463130100217,0.7725040333262978,0.9141125024283424,0.7889672368271236,0.21779875175746347,0.7032338743427902,0.8791735967425983,0.7516417733557647,0.231188176363231,0.727728649163423,0.9184194545341738,0.6710057218970469,0.23356388891690966,0.3415846021749107,0.17037463130100217,0.7886673729790455,True,True,True,True
9308,4,0.16948169459859266,0.8125,0.6644373210571266,0.6081468734373399,0.7611058112793367,0.801312523803403,0.6644373210571266,0.46606951919890705,0.7997614227968178,0.5392610012093313,0.830380758054753,0.6103883714959861,0.8832710729066181,0.6387004250142094,0.11194015310142091,0.10945946540910823,0.316984748687427,0.20818997826439,0.13836160759376026,0.08613928191083098,0.8268062121357176,0.5968605105232645,0.8785155507501105,0.6458192333760748,0.782730617327224,0.5417020701876774,0.7201864918155465,0.8629873339756107,0.7083825603677698,0.025651720496958123,0.6867400626617957,0.861999216308453,0.6931905244215344,0.16675194690923006,0.7606366486448279,0.87644522380944,0.8403235883597193,0.07883406082391853,0.11194015310142091,0.08613928191083098,0.6644373210571266,True,True,True,True
3424,0,0.16817676292215147,0.7291666666666666,0.8656656364358746,0.8807497437450881,0.5521560488236112,0.8289537542485843,0.8656656364358746,0.6098063512659953,0.8813287057500299,0.6458452277424276,0.6758553050920129,0.31944927779319965,0.8242282581802057,0.5386984245244643,0.8802292287208563,0.6562419445933001,0.5301960457465531,0.15181291948731446,0.8197901085224174,0.5479505967296128,0.4915096321961071,0.03658795117842906,0.736202404990395,0.45400130872518873,0.8638104242713096,0.5904145919842352,0.7570476304067644,0.9021151964873159,0.7871649652089855,0.20868790490980113,0.8151368070539361,0.9325281453439985,0.7115681605830747,0.07515730130355772,0.8115174478695224,0.9407508700076386,0.6770137326155017,0.06274929410605305,0.4915096321961071,0.03658795117842906,0.6758553050920129,True,True,True,True
9002,4,0.16815422851822437,0.6458333333333334,0.9602734442517982,0.7607047114694606,0.858237501859705,0.7161652589691649,0.9602734442517982,0.7933578426076592,0.9205331819544026,0.6987362406897151,0.9258298390408292,0.7162823586678795,0.8698135983495229,0.6291178649341738,0.3088894480388672,0.20098399342816697,0.6192304997720842,0.42139957724867605,0.39786496871164445,0.2511454261331444,0.904149516638834,0.6836584158575592,0.8633382790787298,0.6417594207844652,0.6906753698284465,0.4241648514282409,0.7181150361942799,0.8692385556388562,0.6958910031051895,0.08608865456860806,0.6672827075222929,0.868194897231331,0.618329316432689,0.15507051166609848,0.5511657652115811,0.9243766204725571,0.5764581233583743,0.4269181310631966,0.3088894480388672,0.20098399342816697,0.8698135983495229,True,True,True,True
5324,2,0.1678786691249292,0.8958333333333334,0.598391323571486,0.4020578543204558,0.5501774702243618,0.3359981549736746,0.598391323571486,0.4325169724861364,0.5076794654828565,0.315301424549972,0.6501293383787963,0.4533959684810148,0.4690262864619399,0.32118254655813483,0.2482510400234551,0.25996614892625036,0.4617819808508259,0.39439909337876045,0.14352854513412772,0.17088159820715287,0.5255172242514863,0.31467645400807687,0.28408152166866885,0.16565156386796487,0.3590156651443661,0.24980591598621016,0.7024296771535536,0.9284779747350423,0.5300837610451925,0.030392810218515236,0.7093159384356353,0.9088598167088298,0.5674652766811354,0.012648953776953928,0.6921895451973836,0.8632290029940753,0.63761918854566,0.04555192682327922,0.14352854513412772,0.16565156386796487,0.4690262864619399,True,True,True,True
8688,4,0.1676745817507255,0.6770833333333334,0.8582483739586979,0.8623396118568929,0.8836958206571938,0.5643099066299325,0.8582483739586979,0.5900670816980778,0.8908457191040591,0.6282532849011531,0.9004155609820929,0.6468565956159071,0.7670349860278658,0.486341783095786,0.7461606472180882,0.42592767677446053,0.8146062578337825,0.5350519804670069,0.5853467037348237,0.2718731093884239,0.8922027789309396,0.6040410779742609,0.7264783042328011,0.3886332765854871,0.3852748953945262,0.20106102364865586,0.7551949362420838,0.9098475881924738,0.7551134636066735,0.22064688573882832,0.6897000062775682,0.8768843532549271,0.715743034266706,0.23078049748728724,0.7148634424934613,0.9022794156896067,0.6480141973377445,0.18599435534498535,0.3852748953945262,0.20106102364865586,0.7670349860278658,True,True,True,True
8656,4,0.16736760749330193,0.8854166666666666,0.8112471763966126,0.7530208363432884,0.7950903515117467,0.7671697365802445,0.8112471763966126,0.543456663462595,0.8324824845922718,0.6024317092844633,0.8730031678874636,0.6590322224115535,0.8420752231827724,0.6684716388481327,0.621608097990725,0.3751779698811132,0.6527901313522231,0.43127588026207686,0.7095924511270288,0.4905842420977119,0.7834027055666064,0.5416041587206857,0.8182462658113082,0.6202337320856464,0.745910970928337,0.5267891422159348,0.803229346096118,0.9041921406780524,0.79871072923753,0.05663702859751964,0.747184183270801,0.8802436148322911,0.7904503079746373,0.13993498571045285,0.7681824159752162,0.9147594643942125,0.7380149362518926,0.19329726716981596,0.621608097990725,0.3751779698811132,0.8112471763966126,True,True,True,True
8880,4,0.16683973037475433,0.9270833333333334,0.9316271661053706,0.9185327485542459,0.8427580167573001,0.743977002502286,0.9316271661053706,0.7494813350226628,0.9502571863105894,0.780052984978458,0.9425708195543596,0.7669839418475508,0.9193567948165696,0.7046647481198216,0.754235106166915,0.5557139135886378,0.8249633106538372,0.6406400729775821,0.6713679485888924,0.45663376026782176,0.7092416513875501,0.5204053372010561,0.5892811884275257,0.3969244469579223,0.7262571814510151,0.4943273696309557,0.7793179693381334,0.889469162384378,0.7884933139119659,0.04051295496393662,0.7834850497166559,0.9119520551856738,0.6925034514774911,0.0037163922354191293,0.7408363389262727,0.896717562332199,0.6464423891150705,0.025067615360559452,0.5892811884275257,0.3969244469579223,0.9193567948165696,True,True,True,True
8900,4,0.16682648188167248,0.875,0.9627567524339827,0.872676593534764,0.8647627780837173,0.8600334332992638,0.9627567524339827,0.8059534099916087,0.9490371067959502,0.7633010885109407,0.9692417006707649,0.8291048867675139,0.969779324030829,0.8242199812743012,0.4719594638730654,0.28374166733530826,0.7946482592665847,0.5793465613956099,0.8556441791070456,0.6579933844367876,0.7809226733000376,0.5546938840730706,0.8263294671354706,0.6151193718207912,0.8412578335927072,0.5916363706075789,0.8107658381166971,0.9038955059716615,0.8248378601028855,0.0033370988531814783,0.8025066470418971,0.9128806405814128,0.7389602378083948,0.0244153723236931,0.7877830872243878,0.9360447459628431,0.6409660324584482,0.03640373685278149,0.4719594638730654,0.28374166733530826,0.9490371067959502,True,True,True,True
8993,4,0.16634018638616738,0.8854166666666666,0.8950346968150992,0.6539566321425498,0.8015694622890716,0.7310858719588373,0.8950346968150992,0.6464424885959821,0.862505254934468,0.6121111464261211,0.8888331815830571,0.6461891702866055,0.8899732229792788,0.6583310073116782,0.22599565283874945,0.2019030937431966,0.2837352654070906,0.18836766770863878,0.3778791600991561,0.2297307269572063,0.8743255233241262,0.627168306679348,0.8608155524529697,0.6074830495923325,0.7034155957327478,0.42608721640054814,0.7460896946164488,0.8853451129092577,0.7047144107956572,0.07154595578930388,0.7009843555577451,0.881436773709383,0.6287257077786716,0.10992519113299296,0.6207651460050206,0.9329810676208399,0.5819306114454539,0.35560104577033397,0.22599565283874945,0.18836766770863878,0.862505254934468,True,True,True,True
8778,4,0.16627563077696972,0.9270833333333334,0.939811928297117,0.8324824026522823,0.9086198655327261,0.7940663520526652,0.939811928297117,0.7668153301878333,0.8669107867063247,0.5822454875929077,0.9405108173768381,0.738135493505445,0.9238588024538417,0.702674530614146,0.7013935289101452,0.48957094536808443,0.8605802843635272,0.6317146013319284,0.8507881443925124,0.6353833364500647,0.8662546628974561,0.5803212990519023,0.8538719524257691,0.5849306311524181,0.7066927572222568,0.45443104856614114,0.7869376300939966,0.8945496265449038,0.8145600961662102,0.08296432539005118,0.7197875338655955,0.8574192108693798,0.7652262052483414,0.08294949678469311,0.7266381038684199,0.8655296046453874,0.7536555275842765,0.09993789837146486,0.7013935289101452,0.45443104856614114,0.8669107867063247,True,True,True,True
8696,4,0.16613975844706008,0.7083333333333334,0.9021586061273013,0.9013210544905667,0.9325236341973255,0.736869704663957,0.9021586061273013,0.661365958435314,0.9241978349960412,0.6998084071231201,0.9434897461657774,0.7254861988365433,0.8691848932908419,0.6206241427253918,0.8191675895750209,0.5371877684946713,0.8731616604411421,0.6349366008312932,0.7060474000475526,0.40671641652661306,0.9434715093740836,0.7269051976078686,0.8664895052253023,0.5979392510044459,0.6098110240646708,0.3649026986218722,0.8213586048503138,0.9142741040230178,0.830271911486907,0.08649950338530515,0.7674790291734134,0.8905778244776118,0.8128881686598025,0.1400505253712854,0.8008070444801514,0.9144561688077951,0.7766875811763368,0.12822970191228195,0.6098110240646708,0.3649026986218722,0.8691848932908419,True,True,True,True
8665,4,0.1655121711802944,0.9270833333333334,0.8411828230775271,0.7520787403788818,0.7571269017251138,0.6733443409462672,0.8411828230775271,0.5543286186892852,0.7933889521140902,0.47329056309137163,0.8551849204982878,0.6113230299664238,0.9010124849791257,0.6853645856506339,0.6716793262358463,0.37657421730749707,0.46892736946588365,0.23534888297757417,0.7008494457721773,0.44585395970888486,0.6388884937685588,0.3506354905955943,0.7960188363484186,0.5174839247086316,0.2905737455332179,0.14878431308498596,0.7768167361345142,0.9099115089429242,0.7512960976136095,0.16113152783086065,0.702794063345582,0.8783255123243703,0.7298510579224745,0.21590965389334646,0.7183047287676072,0.9055019795395004,0.6647599164434035,0.20897934165505822,0.2905737455332179,0.14878431308498596,0.7933889521140902,True,True,True,True
9218,4,0.1653421064222068,0.78125,0.611679442197482,0.5278190725693346,0.4877988261157744,0.5579200998074629,0.611679442197482,0.380136803082224,0.6418322574036057,0.41116709271283514,0.3855437763413847,0.2501602626648991,0.558284428008581,0.31426714177617676,0.404419373005553,0.24991809670109433,0.4378680075774901,0.2877714921827248,0.3044805999576208,0.19822958547206226,0.5308769347376547,0.38395139436634795,0.4230120916162178,0.3014834367071306,0.6044672792173422,0.33995253315152496,0.716896572659995,0.875842328218182,0.6562207072987638,0.04437966722924052,0.672229207232282,0.900457549532973,0.609520107843009,0.23227138502523997,0.7989360110970849,0.9385474116350458,0.6550833112304696,0.03979116197830383,0.3044805999576208,0.19822958547206226,0.3855437763413847,True,True,True,True
8882,4,0.16530682845935304,0.8854166666666666,0.9320174565740728,0.9287583780806351,0.8423273135248552,0.7425382092230536,0.9320174565740728,0.7477237751117785,0.95522817149181,0.778474458207054,0.9502078538876874,0.7655890266144599,0.9248374742289485,0.7103946284477578,0.8240537507681127,0.6238005674661093,0.8058652144487899,0.5921592376911453,0.659043328639779,0.4503515478671902,0.6901404841865832,0.48258505827300247,0.573685647986586,0.4045294542691684,0.7269632355170266,0.49895438405136294,0.7914937651992793,0.8956156521869184,0.796765761535196,0.0293654620440802,0.7959337819515756,0.9152505203343928,0.7113691453069695,0.013495107918365097,0.7603675558301742,0.9047142048930467,0.6640818696850951,0.015372571595260658,0.573685647986586,0.4045294542691684,0.9248374742289485,True,True,True,True
8918,4,0.1649503338389609,0.9270833333333334,0.955189618448157,0.920750686302764,0.721010507150317,0.7398559484147913,0.955189618448157,0.7684855741132846,0.9634406106160245,0.798607586533416,0.926989795169312,0.7361282437700387,0.9281196308365698,0.7165627615649508,0.8039424369254824,0.5694928029132987,0.5594052063823056,0.3499751544108879,0.48131889077135626,0.30294933150210346,0.5945569890591429,0.3712521420259286,0.6976532097772737,0.46431405590761365,0.728519217523538,0.4927056549980794,0.7947219220306979,0.8971598749000095,0.8003740470597621,0.028397581396668942,0.7827623384487027,0.8994289646105537,0.7387897556178105,0.02012879693115644,0.7536941653390219,0.9120382366760044,0.6480186125489782,0.09172359508805539,0.48131889077135626,0.30294933150210346,0.926989795169312,True,True,True,True
8699,4,0.16489079506635884,0.71875,0.9338612747224534,0.9166538768693735,0.929894573094768,0.6821358087218022,0.9338612747224534,0.733802194090767,0.9378072120554332,0.7396716890977804,0.9479672190766923,0.7536962471999769,0.8618070981582795,0.6199059591593599,0.839002241611888,0.5581833929318675,0.8577470234082982,0.6076413303438999,0.6874923249002957,0.3965248214233802,0.9308300660577241,0.6954867985814064,0.807459753924402,0.5060136186931248,0.51686929106848,0.31502150327815825,0.830144056859802,0.9193525746691974,0.8555174983173458,0.10483407231541339,0.7756465501367004,0.8940889802221875,0.8358242971433019,0.1426666783932662,0.8137795200453094,0.9149087862286785,0.804673012032637,0.10548289510874825,0.51686929106848,0.31502150327815825,0.8618070981582795,True,True,True,True
8881,4,0.16455802986207213,0.875,0.9324602106577192,0.9284368671442491,0.8397062761887067,0.7169582248725366,0.9324602106577192,0.7536797893320502,0.9557009631132454,0.7877992801208862,0.946933685273242,0.7702323816915633,0.9143879724804512,0.696199510591323,0.8153348575068367,0.6178308697022701,0.8039922421615567,0.6037230866192793,0.5872095881292753,0.38236269091979924,0.695348512098197,0.5029941137343377,0.5268216306350673,0.3570872132295554,0.7043501402730299,0.4753482315818627,0.7849276038579496,0.8931818010785476,0.784646488409113,0.032652899162502455,0.7889596819880451,0.9157907030878577,0.6930770812400885,0.010562789288651538,0.7501354190369579,0.9032374687688739,0.6477909923498257,0.021203858991644717,0.5268216306350673,0.3570872132295554,0.9143879724804512,True,True,True,True
8714,4,0.16442846206220765,0.71875,0.9180558675909095,0.8424415941289275,0.8971762538809147,0.7041360553941789,0.9180558675909095,0.6851618095283817,0.8795630895907123,0.6120519414886566,0.8954044193028754,0.6438352392236344,0.7861296837778198,0.5174962907167304,0.7249842851288625,0.44970772635401646,0.8220437882191286,0.5510082924516471,0.7345059541000742,0.4457196395941817,0.9368102835633284,0.7286137553073349,0.8633441644572846,0.6134741624857252,0.606564666900246,0.3524259114160957,0.8179623203869275,0.9166696800656111,0.8036368704479706,0.09769629427263221,0.7636342220000076,0.8904418213507104,0.790023343409552,0.13845051281358156,0.8117040705605729,0.9097385785594929,0.8055624220108498,0.07118665019247675,0.606564666900246,0.3524259114160957,0.7861296837778198,True,True,True,True
9248,4,0.16439997665507786,0.9166666666666666,0.8404328487912422,0.6346111238828238,0.6315004718068227,0.6723532752278695,0.8404328487912422,0.5853724208966744,0.8028164028432149,0.5559706921731407,0.8753864064571492,0.6606178781031096,0.8813745177335751,0.6649425894461205,0.4151669781376769,0.24293353760907943,0.44877255180143183,0.2940849165892586,0.39915158875468615,0.2361043301303153,0.5189706709970172,0.327514551483598,0.5620452226664291,0.3414928837539557,0.6824213678740192,0.4303961596287327,0.7181334338820589,0.8741198155126786,0.6725081010267531,0.07283360880737744,0.6673415111279246,0.9143748046807383,0.6194685613379889,0.2859546816271428,0.7965036105798635,0.9373498023415119,0.657879071342287,0.06338100570807279,0.39915158875468615,0.2361043301303153,0.8028164028432149,True,True,True,True
8868,4,0.16416455328974575,0.9166666666666666,0.9610251496268596,0.9004397345748028,0.6852690677168112,0.8364352105047955,0.9610251496268596,0.8120612412083306,0.9318533079636068,0.7499126770317137,0.9103557341140401,0.6981668204469962,0.949218434343164,0.7890584421522462,0.8117805948862854,0.6003374105763897,0.5923817022625193,0.354079238337316,0.8095604076368477,0.5784872343250749,0.3489935641906933,0.23411335980749615,0.6522996574218991,0.4538185427176268,0.8414441503728637,0.6123191197288429,0.8169352275226571,0.905008260738242,0.8600728978082514,0.00924865612674898,0.8343680797821338,0.9229482285909572,0.7939688109235588,0.028803865977172303,0.8093836005232824,0.9131121325331508,0.7793870181114563,0.08067068754423956,0.3489935641906933,0.23411335980749615,0.9103557341140401,True,True,True,True
8965,4,0.16357795330203717,0.875,0.9163876325142518,0.6999689401085545,0.6041597831000077,0.6810847567039402,0.9163876325142518,0.689182853465165,0.8510974379868705,0.5804716828124679,0.8489151932093542,0.5998383171378672,0.9036684380983372,0.6679916049436501,0.40234970444817253,0.2662736528720563,0.3397610466169979,0.25509731432443616,0.3364769584078916,0.21303710030402667,0.5268634552603705,0.3017898816885608,0.670076002851706,0.3898752182204792,0.6569077158637036,0.4292052739720046,0.7537751068540891,0.88098684304831,0.7476449652654094,0.06769530559402573,0.7299249078891558,0.8709552823425569,0.7141083889110651,0.06353934192401833,0.673404595503043,0.9045465009431599,0.6899833991319764,0.314264939512245,0.3364769584078916,0.21303710030402667,0.8489151932093542,True,True,True,True
9232,4,0.16303965429898662,0.6145833333333334,0.7626692835185418,0.5725588865188367,0.5174829156217957,0.5098575944434418,0.7626692835185418,0.5102700794959938,0.7399380123943361,0.46422344740511956,0.6280891809196261,0.393395318884713,0.7858913726566538,0.4945928791840398,0.3500021847400542,0.16856228040026133,0.4524163175785815,0.2908916862477099,0.43496959243757316,0.22793115461172764,0.5087413892205523,0.34031352492907363,0.45219076831260685,0.2993288406453002,0.488467017333459,0.2618742625109304,0.7085880093378678,0.8763865599962034,0.6398456629152441,0.05927729086459865,0.663394529794,0.9147912222446792,0.5921913805014767,0.2633966450226246,0.7973928712741741,0.943406407909575,0.6412380404112634,0.03629127848503694,0.3500021847400542,0.16856228040026133,0.6280891809196261,True,True,True,True
8658,4,0.16211399641039492,0.875,0.762733980662182,0.7900973127879487,0.7413215900171182,0.6888603858582587,0.762733980662182,0.5296832443654229,0.8770665881644274,0.6870689762112059,0.8477196439431156,0.6507999803906735,0.8751893458873441,0.7187551656805169,0.5810450338761612,0.36397750808721885,0.4990520450069226,0.30655191993737596,0.5899230380955369,0.3891756498514414,0.7374239484986396,0.45072414629879765,0.7599393011174114,0.5355249296345004,0.5704151997347311,0.3695487721084827,0.8011724378003406,0.9006130672461179,0.801019514344079,0.003547296783257301,0.7564815045982387,0.8793683281337226,0.7876296512630385,0.09160331376361852,0.7966444293702801,0.9232768310262806,0.7408673365661986,0.15007482690467533,0.4990520450069226,0.30655191993737596,0.762733980662182,True,True,True,True
8655,4,0.1620105316748829,0.9270833333333334,0.7958469268979875,0.7537107939542526,0.8066607919372704,0.7628989070670998,0.7958469268979875,0.5064510787220247,0.8141748289194454,0.5779712513104631,0.8643326933482285,0.626667732119859,0.7995699839878052,0.5959293704161248,0.6633860589191756,0.41744555032180775,0.699508153943851,0.4538519137498068,0.7295230882119886,0.48317218154948305,0.8081451434164039,0.561256106912499,0.8142761796918061,0.6060893447133695,0.7495156184822481,0.5297556173055886,0.8075192365652365,0.9077088436792173,0.8006995036056014,0.07046353287505991,0.7500527396644914,0.8825566084277797,0.7943962788319496,0.14519360764375439,0.7601217905540546,0.9119559151488652,0.7368434955033786,0.20218170319505274,0.6633860589191756,0.41744555032180775,0.7958469268979875,True,True,True,True
8806,4,0.16189032056166724,0.8854166666666666,0.8781492840553051,0.8220903669817763,0.8491961617785864,0.8268593539458362,0.8781492840553051,0.6299563789241751,0.8711449871718193,0.6441671953923953,0.9114833204637885,0.6831784733438224,0.9095601829084883,0.6841164514888447,0.4110807963549029,0.18256996007815163,0.8032027241457611,0.5566169152799323,0.8781211953011024,0.6747495125119092,0.7726700264521645,0.5449435398105225,0.8233715583863781,0.6195123719160329,0.7982191946981734,0.5582384988322724,0.8230173465472879,0.9078317053876311,0.8797510084969444,0.01877586807208019,0.7887844058532456,0.8954970120676919,0.788192964735988,0.04020365897718655,0.774306071328202,0.8920704171694114,0.7766139287047146,0.09029594194650754,0.4110807963549029,0.18256996007815163,0.8711449871718193,True,True,True,True
8803,4,0.1616489467371678,0.9375,0.8225546029121903,0.7432615100036668,0.7772665937520005,0.7617415743676927,0.8225546029121903,0.531069651860738,0.7910784320380071,0.5311744209501921,0.8524421785009124,0.5807468868532115,0.8346904987494682,0.5787750861656533,0.33292817372686734,0.09378896666402359,0.7209667275597375,0.4786948464348406,0.7932624823960427,0.5620362237720439,0.674317002157685,0.43694912428612953,0.6960887020286498,0.44985090457650345,0.7514121725780709,0.525648278560253,0.7919892708263555,0.900164386351515,0.891638179952052,0.13503316419930983,0.7747954064842291,0.8866656054914959,0.7971900783038737,0.05809147538037789,0.7223320523237229,0.8799323519319602,0.7736907566345795,0.20164725408855816,0.33292817372686734,0.09378896666402359,0.7910784320380071,True,True,True,True
8850,4,0.16161727676895743,0.8854166666666666,0.6733886271833984,0.7891957446076806,0.6809766968717909,0.7252480858219521,0.6733886271833984,0.37072766987946093,0.8258946610100979,0.5608663418627013,0.8809567022796778,0.6356021930242008,0.8732280837798523,0.642080225430391,0.7241975031369539,0.5113232865717812,0.729902756177234,0.480469619106478,0.7484503708818504,0.5119362021472698,0.3227865095530731,0.24247497563027864,0.3718438802508435,0.2687373987753925,0.7520321926308935,0.5199360000732065,0.8093750703138957,0.9025277883501405,0.9260222743171751,0.06803930892833521,0.8288467520107049,0.91760422281756,0.8354253450241124,0.07998368437702078,0.7945802772525765,0.9151319691677121,0.7989371637785926,0.17142056743804918,0.3227865095530731,0.24247497563027864,0.6733886271833984,True,True,True,True
8851,4,0.1615275457761722,0.8541666666666666,0.6188665020971513,0.7673157608974114,0.6041016167781075,0.6626282756052853,0.6188665020971513,0.35320429831020317,0.8057371801338016,0.5661527938359932,0.8601055452317352,0.621778809363277,0.874196490986067,0.6598065039872059,0.6977675226739557,0.48269934818103377,0.5690702709958584,0.31932722514513034,0.6842231184578993,0.4134399329422641,0.1656229318898882,0.11579054701717095,0.14225547076946554,0.09541900649044954,0.6779259418991344,0.46315786008117166,0.8103637027643498,0.9015233434981903,0.9112660271031143,0.04780916464424341,0.8331263006178041,0.9201424400363567,0.8189067042356694,0.05733354284491364,0.8054825838913955,0.9187065593421938,0.7899522893674987,0.14819411678693448,0.14225547076946554,0.09541900649044954,0.6188665020971513,True,True,True,True
8992,4,0.16150105671128862,0.8333333333333334,0.8934522064250788,0.6561423621369016,0.8297019866930913,0.7285283169517387,0.8934522064250788,0.6443907305617225,0.8740384806732572,0.6242292205508889,0.9112783646794399,0.6857597625300783,0.8908496366360545,0.6536497173613554,0.046957518644828,0.07115436830558719,0.4217923430432471,0.2775757530652856,0.3512642259026517,0.23057244290614676,0.8834672431934429,0.6400843077062017,0.858060472893983,0.604934361128006,0.6998165284282514,0.4223939054693193,0.7427499914768859,0.8815572531167255,0.7077166154611882,0.06459591121221664,0.6966438936222035,0.8758774597854444,0.6316999836909931,0.1043781160308181,0.614302363094665,0.9292463187707392,0.5779669469466087,0.3546817739680876,0.046957518644828,0.07115436830558719,0.8740384806732572,True,True,True,True
8894,4,0.1607991839546908,0.8333333333333334,0.9492824883502814,0.9006669337897041,0.8996000418060701,0.8348259133972952,0.9492824883502814,0.7838429117423121,0.93439204114916,0.7450965256968192,0.9572875483946373,0.806026774282929,0.9282415034098643,0.7338024154588427,0.756604337784655,0.5358664915840401,0.878330796149217,0.6947219633449515,0.805760892120527,0.6012220127343961,0.8409158243122219,0.6588098413963277,0.7727557205481229,0.5842423069007985,0.828425993797811,0.5889814490591738,0.8045566645000115,0.901968808917416,0.8619291410294635,0.08595285193240068,0.8129668976772725,0.912534843714592,0.7770537505467398,0.037387387044108315,0.7912998178233388,0.9273888222655964,0.6762942991223734,0.07550993502386635,0.756604337784655,0.5358664915840401,0.9282415034098643,True,True,True,True
8854,4,0.16057564414856368,0.9270833333333334,0.7960264583407818,0.77081997908706,0.608305486635798,0.6920311322880504,0.7960264583407818,0.5042322106048731,0.8319901367614139,0.6097261378308672,0.8739937735565109,0.6561297047637173,0.9030106503088595,0.7107607027424647,0.6206003468126811,0.40617549146098475,0.5205370064896213,0.31066278631318545,0.7803737957091452,0.5671770487402463,0.2143783886328119,0.14683413792116828,0.460883410559506,0.30444419507663345,0.6490878416140115,0.42478628294705567,0.8057955075863386,0.8980291011788891,0.8961882123628139,0.025639229828365532,0.8249519858744255,0.9156416113683686,0.8064231023625853,0.03897296351819856,0.8023238463646011,0.9160114561842962,0.7866242068293258,0.14146406328332545,0.2143783886328119,0.14683413792116828,0.7960264583407818,True,True,True,True
8715,4,0.16042123259053934,0.8645833333333334,0.9184538978215492,0.8646193684201693,0.89282656329368,0.7238281487963958,0.9184538978215492,0.6904903059268035,0.8941944237088646,0.64544709764406,0.903783513246882,0.6623491911272317,0.8185679427125205,0.553798667675176,0.7863648098029284,0.5141477568847856,0.784274578872959,0.49913035367316516,0.7072156240916104,0.42771448340434415,0.9282980789760931,0.7189598137404062,0.8730564673820851,0.6281024888497859,0.6334041434464244,0.37515930362048855,0.8192217279997183,0.9161320821090915,0.8081341397244463,0.09172081721454343,0.7625724864239651,0.8881612178280949,0.79964815836831,0.13573246013753584,0.8069946393686639,0.9057509786768952,0.8146847748363566,0.07139427514558072,0.6334041434464244,0.37515930362048855,0.8185679427125205,True,True,True,True
8692,4,0.15976682488447974,0.90625,0.9018128154568597,0.8762920134922545,0.9037413925297311,0.6781234113332555,0.9018128154568597,0.6695200285417846,0.8980394502541381,0.6352420269682295,0.9210525102421891,0.6749904331596766,0.8418736208840587,0.591477804525394,0.8089269987284247,0.5307188360755802,0.8342379826677373,0.5622716792340565,0.6764448150054099,0.35522276295336896,0.9085775539708933,0.6536648776407811,0.8220799538665196,0.5282404794097367,0.5035534342206636,0.280756629761423,0.7971943926419759,0.9170991339601153,0.786900350510905,0.16408749390725547,0.7413811502739753,0.8890145925448691,0.7705950955251434,0.18692944714340612,0.7705463714097243,0.9137432779418027,0.7184248979437924,0.16196029454486385,0.5035534342206636,0.280756629761423,0.8418736208840587,True,True,True,True
8677,4,0.15971966367858825,0.8333333333333334,0.8964439364778904,0.7787730193031661,0.8048628814296673,0.8038766884754206,0.8964439364778904,0.67761002888558,0.8034705340805257,0.5089936514009217,0.8373050682208787,0.522097982816601,0.8734059460950716,0.6135594624635741,0.7259153038468138,0.4275898730288903,0.6939984504980721,0.41954167696892497,0.772845092181683,0.5008881186793781,0.815919146299716,0.514687956770054,0.8735201907586456,0.612669812609197,0.7517311859294917,0.5134857485689006,0.7809656814936509,0.9154150509288494,0.760476552563846,0.1816950623925016,0.7343445665809054,0.8890701147394653,0.7576114951238139,0.19702724093558233,0.7567126161243245,0.921334322331425,0.6810473635140791,0.18548987790144383,0.6939984504980721,0.41954167696892497,0.8034705340805257,True,True,True,True
8667,4,0.1596736850318958,0.84375,0.8406296865215654,0.7411959449162135,0.8212225979019229,0.6906799860287063,0.8406296865215654,0.5551148144042755,0.7756469911183851,0.45278110751464395,0.8819422332328646,0.6456824031692043,0.8895756890028087,0.6726678289516884,0.6744666235133281,0.36164037050590847,0.5974859381392115,0.3221264709771894,0.7329178558017021,0.4927172578912705,0.7864430257597741,0.4861013737512422,0.8236988811435866,0.5772070824170508,0.36442038325374504,0.20133802607551088,0.7703018850709883,0.9146755063450714,0.7404346934582624,0.18965636282805984,0.6989847922264327,0.8803432767137006,0.7115360958207188,0.217999147492705,0.7120691438894435,0.908712181786427,0.6411004336418269,0.20511615658595977,0.36442038325374504,0.20133802607551088,0.7756469911183851,True,True,True,True
8922,4,0.15959890331522203,0.8229166666666666,0.9030469233869556,0.8729581921507029,0.7760155540164206,0.8357320174221721,0.9030469233869556,0.6696415771048554,0.9217417679095791,0.6916781013552358,0.9185732784142087,0.6856984474679433,0.9585297958077997,0.7773267741553003,0.7454888543661461,0.508994414913403,0.6466952251746427,0.4228394039334109,0.7256263669912002,0.47895075376292606,0.6938636079894969,0.4776087724839214,0.8194408548569981,0.6036770868434889,0.8023463602354673,0.5575746494859452,0.7928331865363663,0.8980998408787925,0.8102200233601664,0.07763552874193057,0.7779893941214617,0.8959440904369812,0.7553816164551562,0.07048836766159598,0.7477915598447851,0.9078369169297812,0.6622382702805154,0.12671863580324091,0.6466952251746427,0.4228394039334109,0.9030469233869556,True,True,True,True
8915,4,0.1589037512283209,0.6770833333333334,0.9149582054044906,0.8915375945912303,0.7000022000168775,0.6565923239200713,0.9149582054044906,0.7025619970065905,0.9494040434347631,0.7622833989395499,0.9062928725490308,0.6723287536624802,0.8958723206362178,0.6614067451674075,0.7089181308844563,0.48503791696440757,0.5622577720396843,0.36542975196469485,0.4823642328331793,0.29326647375103476,0.5997586763211475,0.3648530552974726,0.5709732320668732,0.3479724057029172,0.6484647408147906,0.4190051613056649,0.798371401047818,0.8977835766783754,0.8103620009347157,0.001190630124728519,0.7856645078082561,0.9010802536536919,0.7390153393685439,0.004009897017791568,0.7627076788708389,0.9213792884092477,0.6378141949306753,0.0763082695333956,0.4823642328331793,0.29326647375103476,0.8958723206362178,True,True,True,True
8666,4,0.15890110555734366,0.8854166666666666,0.8516777494543121,0.7166760100246153,0.7833149204998513,0.6522831162308109,0.8516777494543121,0.5744948570229096,0.7523177949154791,0.41892037627569234,0.8678205777221619,0.6267854938834252,0.8870754943474557,0.6609591313565166,0.6587141744552422,0.3628004252617435,0.49757813443731813,0.2648057071101858,0.6685571253792266,0.40972487636539334,0.7156557164853489,0.40564139054210213,0.789297508954538,0.5072332170986589,0.2940819910034922,0.1402735949415418,0.7724405747803199,0.9115037397715434,0.7343038325203112,0.16431276793768723,0.6995006726139361,0.8791350012469308,0.7100763411750819,0.21165265710171463,0.715280738895807,0.9100318951118467,0.645313166850107,0.20688476534665254,0.2940819910034922,0.1402735949415418,0.7523177949154791,True,True,True,True
8740,4,0.15883101774966032,0.8125,0.7302842396612113,0.7458444680342566,0.7875351003632356,0.6985473787189825,0.7302842396612113,0.47323652276765127,0.6012658307171259,0.30206589240221915,0.5652145176117291,0.2728687849507567,0.5613361651842967,0.30753788572943697,0.8179161808184466,0.5639450369280783,0.8383511999228136,0.57386761838308,0.7213283179177641,0.41076067119771464,0.8333536030605612,0.6160537905740607,0.85127838574911,0.6235453929201769,0.6680872530120545,0.4422339403421247,0.8164442765220614,0.9098809998102032,0.804170687893243,0.016263063917137572,0.7504791509197252,0.8735787431174936,0.7690102076456409,0.04154625008694175,0.7750285478199228,0.8924741426576794,0.7599295819434004,0.06255786855140912,0.5613361651842967,0.2728687849507567,0.5613361651842967,True,True,True,True
8942,4,0.15873093237255279,0.78125,0.7378744110625832,0.6195208755430026,0.6321063249450416,0.6748090995831357,0.7378744110625832,0.4609918613646474,0.7273865087205684,0.4756315552728594,0.7468506213747101,0.48637263330840985,0.685805795524669,0.46973320438111654,0.48653140926647553,0.2835634034492218,0.6018664433989913,0.361931042475665,0.5829368975907034,0.36907110994044245,0.5991272459564703,0.3687897210486173,0.6411642263720893,0.4120543640345278,0.692977681793268,0.4694567962538416,0.7734472768332282,0.8898949543769696,0.7817230895830295,0.08224719241021099,0.7602450075520156,0.8906252358707226,0.720795345793226,0.06423481652523107,0.7107685050108998,0.9082354904222498,0.6606196876288435,0.22980342743010176,0.48653140926647553,0.2835634034492218,0.685805795524669,True,True,True,True
8689,4,0.1585283106651248,0.6354166666666666,0.8661254072862179,0.8615139262774332,0.8891115328113623,0.6923081123688103,0.8661254072862179,0.6158312058137352,0.8918663083902911,0.6507430741495952,0.9066777552229347,0.6717541595829598,0.8369959513224277,0.5919054961614276,0.7439918465082807,0.43818282655070895,0.820227717175269,0.5622592877362582,0.6750291536374872,0.3639405884542072,0.8969916473031115,0.6329606407202018,0.817043451689103,0.5213178738285906,0.5691689164942949,0.3284905727207711,0.7799380818199951,0.9128390898117564,0.766489537996094,0.17865869906532758,0.7202062297762933,0.8855996422749223,0.7303462547802101,0.1999421973786265,0.7312658307072155,0.9012036442704762,0.6682459748863386,0.16319590072756843,0.5691689164942949,0.3284905727207711,0.8369959513224277,True,True,True,True
8925,4,0.15850229895330545,0.78125,0.7620395895521085,0.7898950609722805,0.7979544018516203,0.778120429095389,0.7620395895521085,0.4762602392605616,0.8308619989998289,0.5677787978211286,0.9132719920007878,0.6702891210160489,0.9109228821630742,0.6671047390174962,0.731495241257015,0.5224867718171795,0.7247263656375504,0.49013615402937893,0.6599799754382474,0.45617332753756257,0.7347095517849596,0.4968306138700703,0.7499843113276748,0.5172024979388528,0.7649910540730218,0.5216736450326893,0.7954011351184276,0.9018753574264061,0.7950923720997812,0.08108895892360446,0.7759755509328217,0.8965949516354326,0.7479428501383483,0.07622013569800677,0.7457086891041136,0.9132295073573468,0.6609458364336531,0.15694710379390292,0.6599799754382474,0.45617332753756257,0.7620395895521085,True,True,True,True
8834,4,0.15814128551681536,0.8020833333333334,0.24626136351944639,0.7278099435520311,0.8337619873181141,0.6950235429774592,0.24626136351944639,0.1345186653831213,0.4116748081675252,0.2299198670020689,0.8159674892273833,0.602536242279944,0.5715924377281939,0.3429051945833891,0.8599517855842542,0.6707740360503625,0.9305034895617988,0.758676089344515,0.7870208487628855,0.5824391423282799,0.7391883676268552,0.5606478097976446,0.6767692886961056,0.491541769424755,0.7015335936220279,0.4789207382066658,0.8165944359249865,0.9057384316134445,0.8604861947985801,0.041471745078387544,0.7923510027903726,0.8992393680215953,0.7869821252388365,0.06065269699129757,0.7977286430456241,0.9107202264978839,0.7522391734010587,0.08103359621819882,0.24626136351944639,0.1345186653831213,0.24626136351944639,True,True,True,True
3486,0,0.15795011673368517,1.0,0.873703170931914,0.8509646842828107,0.7773198027202737,0.8427160052485391,0.873703170931914,0.6308706852361144,0.8223305883708975,0.5391768907333379,0.736736463801337,0.3581517038913432,0.8361957943514284,0.5688260861405203,0.8742590099546181,0.6547654230999215,0.7599703120778764,0.514217936679355,0.8443573098948246,0.6009937688798038,0.790076025206352,0.4968240614603916,0.851093877993288,0.6142305889933426,0.836747780541097,0.5308279961676494,0.7479811622307821,0.8704719613277934,0.8254955126465311,0.08784868975172522,0.7949588522745027,0.9048537727700966,0.7535776618475054,0.0302826036844723,0.7142678819982748,0.8819510704230339,0.8464438478401006,0.2496177993783824,0.736736463801337,0.3581517038913432,0.736736463801337,True,True,True,True
8753,4,0.1579402093309312,0.9166666666666666,0.8284635242183381,0.7572422741088578,0.7656438900787419,0.6296329358055338,0.8284635242183381,0.6118846881420341,0.8325011610553694,0.5989018154470132,0.8572464121437781,0.5818215359414441,0.8595401356209216,0.6585156788307213,0.5598676534416422,0.33578770204250197,0.6524320972011592,0.40514503976997596,0.5973749772087374,0.34174003627377014,0.6678773884424187,0.3871651234746988,0.6828932047241993,0.47620525543389014,0.5144788257023992,0.3185272671086532,0.8062361371172496,0.902518478852343,0.8671373220997554,0.08397405134650844,0.7506474447947575,0.8696303876774564,0.824369293349907,0.05967411262480539,0.7529573163924291,0.887781800064294,0.8349139400981158,0.18001165938784466,0.5144788257023992,0.3185272671086532,0.8284635242183381,True,True,True,True
8899,4,0.1576832700046974,0.8020833333333334,0.9472622778616284,0.8721483161037862,0.8631734933183212,0.8522288921008259,0.9472622778616284,0.771929680940551,0.9404090120499635,0.75162300719506,0.9611645388495365,0.8093120864238632,0.9572827795135923,0.7910129148976515,0.4830527229967353,0.30814453045750423,0.7924595565607017,0.5809610283003535,0.8500023840253574,0.6583775748713256,0.7771105406539086,0.545952080333652,0.8169307410220077,0.609422463466277,0.8349663145254218,0.5917010056457397,0.8125552191291503,0.9039482901831977,0.8420065304431855,0.02702795952873014,0.806637111008038,0.9118965339137417,0.7541939187973579,0.00693272971575031,0.787779233524343,0.9319844528199446,0.6517571186709719,0.04783751633925852,0.4830527229967353,0.30814453045750423,0.9404090120499635,True,True,True,True
8932,4,0.1575044534704491,0.6875,0.6330174385267953,0.6126022907845314,0.7100577062794146,0.6454266116592777,0.6330174385267953,0.36733061092172814,0.5962998650397748,0.32418365683200434,0.7015714389167593,0.4580403885710629,0.5642165251026674,0.27213317165945294,0.6218903281882181,0.4512213570448683,0.7362298571379795,0.5353129992685415,0.45825088299877703,0.33218716482971744,0.7013245973493982,0.47911900047798084,0.598072329403765,0.3835310365783583,0.6789623255315957,0.4412047258218855,0.7944837595537914,0.8952028235670846,0.8195017700242918,0.0342591047927503,0.7773388801906808,0.8912183804011288,0.7635506257366197,0.025144895964250694,0.753871743047061,0.9083534883010763,0.6877274603511611,0.15019478170933934,0.45825088299877703,0.27213317165945294,0.5642165251026674,True,True,True,True
8752,4,0.15749167342901013,0.8645833333333334,0.8553036699549709,0.7647583647045516,0.8183358520998276,0.6154785312166771,0.8553036699549709,0.6238893166571934,0.8321035357301801,0.5846111161610835,0.8902358788469255,0.632332798762042,0.8345759491596181,0.6113105175533063,0.6250177858747139,0.39415645618759876,0.7436003309844955,0.47862728857890435,0.6083292558856617,0.35446015766314265,0.7524866489250972,0.4958259288886423,0.6225924152284168,0.4178557436648841,0.5412550044484381,0.3337664483665045,0.8090575481866844,0.9021132262649855,0.8633970953990063,0.05702443359039168,0.7514014654540685,0.8692013341378273,0.8219748351879047,0.04334918234341725,0.7548440946154251,0.8871285589503543,0.8309977625216115,0.17030067287648093,0.5412550044484381,0.3337664483665045,0.8321035357301801,True,True,True,True
8695,4,0.15707661251701974,0.65625,0.9066491229038394,0.9016716359913939,0.9262889862084969,0.7505473688588244,0.9066491229038394,0.6669397034056521,0.9262014754898337,0.6939725020511325,0.9409262887040591,0.7216471928358634,0.8769784121574307,0.6322749111328694,0.8104577355431506,0.5305892537854362,0.8514840945033986,0.6044687651652365,0.7157471857642024,0.4102110539224991,0.9367826375612754,0.7154565064306518,0.8775700524921742,0.611414487682339,0.621901075087876,0.37759551945756265,0.8227705825850187,0.91836075463203,0.8210619790047761,0.10558807378075512,0.7716910524897977,0.89558326522927,0.8057402173302906,0.1493538054859823,0.8052587413267446,0.9193589286218821,0.7699877842890622,0.13285465573601193,0.621901075087876,0.37759551945756265,0.8769784121574307,True,True,True,True
8737,4,0.15693557331272653,0.7291666666666666,0.44034269429538897,0.7838358413733191,0.8010903989454315,0.5691848887224222,0.44034269429538897,0.20424870147673646,0.5549933963900939,0.3134731848369079,0.5316608992294338,0.3413368616580714,0.520771669499184,0.3069319495732792,0.8596268648091565,0.6079606147717964,0.833639327992389,0.5638342180067089,0.6323452826026288,0.33248091283755665,0.8648466580776375,0.6439196629916495,0.751207710695817,0.4772929687211823,0.5187585794448305,0.3199748970598618,0.8118992499620636,0.9139881547312879,0.7846911316535454,0.08220326544776055,0.7442060865870994,0.8786108730241415,0.7594790682456064,0.11644137022275945,0.7802071400703723,0.895026182766687,0.754740431405421,0.03441853762930745,0.44034269429538897,0.20424870147673646,0.44034269429538897,True,True,True,True
9234,4,0.15646845239156423,0.71875,0.7014342917538063,0.6440044826148998,0.5020998164449668,0.5330294950443724,0.7014342917538063,0.47875891333789755,0.8247544172048029,0.5783217419742117,0.6721181530217233,0.4363881965707965,0.840271490165091,0.6057419447292873,0.28669814182691,0.12578337537786766,0.25323735942475645,0.1650656628439494,0.4878343921432803,0.24196787334630032,0.5207399001759909,0.35379417275650415,0.5950624931025914,0.39345275419559744,0.4405199904267719,0.23052864334736722,0.7102825707541549,0.8743638810582612,0.645991116248611,0.045557722049138126,0.6695805126765025,0.9167679892604771,0.5954466521727586,0.2600685136427641,0.7938576411411117,0.9382815001952335,0.6464105280516274,0.03641247159220008,0.25323735942475645,0.12578337537786766,0.6721181530217233,True,True,True,True
8973,4,0.15605566664947318,0.78125,0.908790568775059,0.7718915631849126,0.7022374397656406,0.6482627791626792,0.908790568775059,0.718920866995332,0.8904668941826424,0.68215203547598,0.863229379457167,0.6576245643816321,0.892634266702044,0.6992513218144498,0.3387869290581106,0.21210489780502229,0.4404328709518943,0.29975481391574776,0.33403085556161416,0.21883212335088797,0.6701727684057506,0.4089437336584638,0.71268490669799,0.4456646630600273,0.5907575895791919,0.3612165536513213,0.7239406300780411,0.8772926049076188,0.6693143277432291,0.04946433841957779,0.6829846122505333,0.8660910125592715,0.6157230597088009,0.0666702180203071,0.6062309142641287,0.8982459726826779,0.5807823207585984,0.3159616161554253,0.33403085556161416,0.21210489780502229,0.863229379457167,True,True,True,True
8996,4,0.15576832381660047,0.78125,0.905636674646844,0.6723426491175748,0.8225038476159079,0.8023973387558943,0.905636674646844,0.668779454607611,0.8875917670371487,0.6429254750067712,0.9131155315146984,0.6981152010471283,0.9277418219992042,0.7278265011235792,0.0898492474056698,0.10500133856576144,0.33696441425598933,0.20799319464811072,0.5796139612694713,0.3638174481717721,0.8919980002524489,0.6419325698170129,0.9182212340858406,0.7115650600479246,0.7712224492750609,0.5121070871344257,0.7252725375584494,0.8746668690750503,0.7046002579403493,0.10414865374194855,0.6786409479096742,0.877676138265165,0.6140471490418237,0.14891007961671993,0.5691040704208055,0.9262813718344586,0.5683569315797349,0.40097781042728964,0.0898492474056698,0.10500133856576144,0.8875917670371487,True,True,True,True
8687,4,0.15573137887897565,0.8229166666666666,0.8736181701153393,0.8408240975278976,0.8452711336222535,0.5991021049981822,0.8736181701153393,0.6225695731505421,0.8768161685925525,0.5939204429529699,0.8672312763806573,0.5750694675817745,0.79944874023985,0.5331821199184401,0.6912010344490801,0.3716844696939904,0.7597131451417097,0.4718299828887512,0.5942231757538041,0.2809338336449272,0.8572752861663528,0.5400898872462401,0.7388303413696672,0.3879498374445296,0.4095783242973561,0.20792529870946885,0.7391386097191086,0.9116279784347788,0.7392986318101828,0.2494585288939081,0.6767180630642079,0.8787828702802348,0.6994790001433885,0.25177647266515796,0.7016222792876129,0.9054502844301687,0.6295018251194267,0.20511066791146723,0.4095783242973561,0.20792529870946885,0.79944874023985,True,True,True,True
8703,4,0.15555040603186726,0.7708333333333334,0.9245015526451935,0.9076678278987979,0.9153164910428779,0.72767522423493,0.9245015526451935,0.7040249052011214,0.9303398956418206,0.7286906040560068,0.9347808009823391,0.7357862811816791,0.8631819969810158,0.6142976158033207,0.8397842958637964,0.5845806991271172,0.8208693721346809,0.5590397501539399,0.6775662067230552,0.3831667038781841,0.9263666855406972,0.6972099646652103,0.8516202606721488,0.5742295397394466,0.607521514421586,0.37882283278066053,0.8242112133929067,0.9160403751997037,0.8394992869151159,0.09518517430418483,0.7722581799706676,0.8881173151126611,0.8203295031035878,0.10908252827688117,0.8008111444824384,0.9023548874483667,0.7924234489407759,0.0367188949611459,0.607521514421586,0.37882283278066053,0.8631819969810158,True,True,True,True
8676,4,0.15542904209164898,0.8854166666666666,0.8993022720928638,0.7920684641610513,0.8199665521315622,0.7857197703872586,0.8993022720928638,0.6798586493987882,0.8177456676063432,0.5264396149568278,0.8545464432889752,0.5627440533505668,0.8669160918482648,0.5934176573897598,0.7360167420444557,0.43920423333620817,0.6890940888972199,0.4268574689709521,0.7634966404319187,0.4856577738872031,0.8317899210938198,0.531999601860806,0.8719278381427513,0.590849191492453,0.7190942895797192,0.47571734913861263,0.7798302017995541,0.9148140730933406,0.751836872094443,0.17462250280144004,0.7276024608756235,0.8881877840329916,0.744034624142118,0.20123355913785637,0.7478033853377852,0.9216552094461514,0.6685665480739459,0.1938841645062052,0.6890940888972199,0.4268574689709521,0.8177456676063432,True,True,True,True
8923,4,0.15499684885307893,0.8020833333333334,0.8867761545391148,0.8688600792447151,0.7289336923852494,0.8050895516537886,0.8867761545391148,0.6465768566263952,0.9207869664322997,0.6925062848243879,0.902774190843452,0.6571894421159926,0.9507451872473581,0.7580668771350104,0.744350582376857,0.5106980767270197,0.5961415991179106,0.37792351015505565,0.6415707567111567,0.415777869574796,0.6284797772542949,0.42201488948156973,0.7877865685635356,0.5704289005561333,0.7691977421035673,0.5245840118361937,0.795098709964418,0.8982687556067551,0.8190839651835778,0.0742820052268909,0.7787278583741147,0.8947627192604211,0.7659990136008299,0.07274870108117838,0.7505107658709158,0.9080283463923041,0.6698750683467726,0.13148280548115082,0.5961415991179106,0.37792351015505565,0.8867761545391148,True,True,True,True
8902,4,0.15473351999742158,0.8333333333333334,0.9567530778467586,0.836440894491261,0.8304365454847596,0.8259369717107559,0.9567530778467586,0.797047012494267,0.9261254714243697,0.7140069001933729,0.9558975375702897,0.7871361092964136,0.9486716357252629,0.7750127019698239,0.46238878838624087,0.2833266648554973,0.7356901434504703,0.5105532444870213,0.8154452573008635,0.6045769849007065,0.7412994452025093,0.5094908897289931,0.7849954079957444,0.5677378819192075,0.8136992309558589,0.5529679662543092,0.8088981910680535,0.9036167505494213,0.829098383195731,0.045519816919465994,0.8033386177248749,0.9142827604813124,0.7399855638549979,0.04684907295413531,0.7931209550931768,0.9364884356901554,0.6482933533509121,0.028865716753519947,0.46238878838624087,0.2833266648554973,0.9261254714243697,True,True,True,True
8859,4,0.1543238541331022,0.8020833333333334,0.9136902890764632,0.8522650875934821,0.7289354226212765,0.7504913795713264,0.9136902890764632,0.6871085872785729,0.8922478311769478,0.6783656525600974,0.9307534200664742,0.7639892011877082,0.9386094259314837,0.7712353074269505,0.7554225426369365,0.5089152494340434,0.6786238072062376,0.43923560246873683,0.8272234158652684,0.6211650654859278,0.2274977491686052,0.19547920475154779,0.5315922434258433,0.3881125323441681,0.696943508525143,0.4776684985604055,0.8044099851556841,0.8995014616924846,0.8671125429257699,0.06036433029824589,0.8182342142899698,0.9156612331232525,0.7750734419699681,0.020889052957619256,0.7913068108416572,0.9059733928943422,0.7478264156540848,0.06686188286758214,0.2274977491686052,0.19547920475154779,0.8922478311769478,True,True,True,True
5384,0,0.15405786220660528,0.8333333333333334,0.6229426839213466,0.5900914778797941,0.629325127510967,0.41985538405010536,0.6229426839213466,0.3561884668645924,0.606450722587009,0.32317458150398426,0.6004054454835539,0.41204426029569263,0.40934658941558866,0.20356266409032897,0.576051397408649,0.3439396010589376,0.5769005005312835,0.3823268284971859,0.43023579936614675,0.2033328801597254,0.6570545903573792,0.41877747457020686,0.4485072463198869,0.2542326104815359,0.400039491967198,0.18982810315957954,0.7713902134261719,0.9290549455041046,0.6294359477594191,0.044512184061593504,0.7590499562882482,0.899432742941925,0.6779417418637572,0.029513373734257196,0.7863304933391984,0.9508854983405024,0.6263672225171586,0.11198493770017205,0.400039491967198,0.18982810315957954,0.40934658941558866,True,True,True,True
8807,4,0.15401700531974774,0.75,0.9376869477686725,0.8664438353945033,0.8765891495541142,0.8183989012287347,0.9376869477686725,0.7418089642906389,0.9004440021740528,0.6899771301421715,0.9216146400598382,0.7119864547659457,0.9057068983313589,0.6792805063212526,0.6372666617565753,0.4240255611393893,0.8650736769210544,0.6352738078038809,0.883132120094244,0.6842890367233061,0.8195504724102858,0.5966717566317126,0.8191991048577163,0.6115457983322925,0.7863684328272258,0.5423028217445993,0.8221925493031115,0.9079346632803361,0.8740506131700672,0.031696602830435086,0.7842771925494861,0.8965512607434557,0.7858899856948668,0.08532908528640173,0.7762305002664687,0.8891036427072253,0.7759185080189646,0.038261109424439665,0.6372666617565753,0.4240255611393893,0.9004440021740528,True,True,True,True
8869,4,0.15397686322256277,0.7916666666666666,0.9527489887514179,0.8760726305760207,0.7113539416096752,0.8198707864439658,0.9527489887514179,0.7907558250496979,0.9157594597082167,0.7072906333296374,0.920069316518775,0.7157659155499454,0.9481749839750686,0.7799601874387277,0.7479208612156503,0.5043903532911049,0.659840483577933,0.4229059186643864,0.7823364651177718,0.5632350592289219,0.32243321963824867,0.20926404042728053,0.6560907830924101,0.4770483242088682,0.8141322182800839,0.5779441732176736,0.8147948262913451,0.9051579620071105,0.8385456798120974,0.0088833413923296,0.8280314425117868,0.9219003871426341,0.7771166144646395,0.030108810522476055,0.803600009839993,0.9124249781557902,0.7638894997796798,0.08280424256148579,0.32243321963824867,0.20926404042728053,0.9157594597082167,True,True,True,True
9307,4,0.15381282848058211,0.8020833333333334,0.7766665394379458,0.5972698278453445,0.7470224648538795,0.8210584996532784,0.7766665394379458,0.5673391153234317,0.7947379671891445,0.5270916405432474,0.8098191091404765,0.5722692319046816,0.8924284256760607,0.6517358184535662,0.06653169326193609,0.09355011440110006,0.23258043281604357,0.1710437417120212,0.20261741862244487,0.0993327378271831,0.8260997767238174,0.5979316276898026,0.8944155416913838,0.6717163220891242,0.8034952133225945,0.5632385856796354,0.718341697474834,0.8591337561961806,0.7205314748957786,0.023633052685768808,0.6851121104511289,0.8592629110612554,0.7029597976394718,0.16967609321584182,0.7560840852967684,0.8744518201683179,0.8447344389085526,0.08774267918166934,0.06653169326193609,0.09355011440110006,0.7766665394379458,True,True,True,True
8659,4,0.1538024551024524,0.8333333333333334,0.7345727708436252,0.7766744595203687,0.7800950663842665,0.6664609089299277,0.7345727708436252,0.49588330706257866,0.8511842952447515,0.6481554519689738,0.8628582795198392,0.6608602794778917,0.8692992507712612,0.6976465916280934,0.609660141045482,0.383889079516605,0.5814367138489815,0.33768797266834405,0.638776873766823,0.40876860226038847,0.7659461569123088,0.4805712184590831,0.7582199914495298,0.5170768756719457,0.494441067006527,0.308497183750281,0.8032119546924313,0.9019216797262477,0.8058937001000273,0.0320840894633308,0.7489605739739866,0.8779734762478617,0.7872023589710692,0.1167795157084109,0.7917010844185661,0.9240162610819838,0.74154619608789,0.16973403225756992,0.494441067006527,0.308497183750281,0.7345727708436252,True,True,True,True
8713,4,0.15324768435554773,0.6666666666666666,0.93180055215018,0.8566403445349897,0.9083341231734141,0.7308413467976973,0.93180055215018,0.7133780405903661,0.8907478512276217,0.6461587678195884,0.9035118468235714,0.6675723104753354,0.8263909203434235,0.5710419214077254,0.7443891693040472,0.4858607738396524,0.8550543866354661,0.6015188536286185,0.7632202587379101,0.498799926364495,0.9421148064472531,0.7399174414313545,0.8776680448983281,0.6266903892832506,0.6303282140083291,0.37443514877929507,0.8221858408769096,0.9143669747461436,0.8123998004833807,0.05902388501592,0.7618679487990015,0.8851857994268066,0.7935435177873926,0.1152720387769521,0.8106680268792787,0.9065865778342643,0.8141222336892898,0.05178360060678885,0.6303282140083291,0.37443514877929507,0.8263909203434235,True,True,True,True
8977,4,0.15323139068973682,0.8541666666666666,0.8747143531582299,0.6867276446003032,0.7839708497539422,0.6301601986774431,0.8747143531582299,0.6404712456434878,0.8511743341118335,0.6183894920763111,0.9098000643090425,0.6892603410226579,0.8639087009488604,0.6308818845621997,0.13478208474141462,0.1411244456590054,0.4395330545864946,0.27662121298716136,0.11749645002717046,0.1283579139428649,0.7611871034775342,0.4653611784183088,0.7380787838517195,0.4849100095177321,0.574912084453523,0.34916646468357904,0.715677981036184,0.8731059944915327,0.6620505169184754,0.045734909721925725,0.6736890152213496,0.8628233594707838,0.6043261863545343,0.06288359021245281,0.5996476204580068,0.9013417261053619,0.567457146777105,0.3182614875340396,0.11749645002717046,0.1283579139428649,0.8511743341118335,True,True,True,True
8679,4,0.153227666508551,0.84375,0.8672004561167973,0.790395731841649,0.8644427609877987,0.8625935206768172,0.8672004561167973,0.6298408337269955,0.8177405312559926,0.5138582941533001,0.8807248798658003,0.5978184818383327,0.8997830559329084,0.6563664457353173,0.7291029128859347,0.43719960141662584,0.8238598704332684,0.5755876102321649,0.8265651518911179,0.5536724864992959,0.8676228065597996,0.5758031086308959,0.9053594990935353,0.6682729477449088,0.8395665773293735,0.613842536680923,0.7661536555602284,0.9194765765092627,0.7243753161355841,0.20302467187405554,0.7207283265545497,0.8944931953191628,0.7190871176644495,0.22050500638199827,0.737683386761443,0.9257833754690926,0.6461994802474944,0.2030377232590592,0.7291029128859347,0.43719960141662584,0.8177405312559926,True,True,True,True
8924,4,0.1530062517960367,0.8333333333333334,0.8465547815632142,0.826380316474078,0.7673076685162952,0.7831713188198967,0.8465547815632142,0.566690954976997,0.8910278001055778,0.6334588432820976,0.9248809673052713,0.6898800601459394,0.9431813114289713,0.7333251572727274,0.688268889984695,0.48034809459077743,0.6195073682713692,0.4041695424888233,0.607895989028229,0.40603601515369336,0.6616097838346577,0.4423880822119839,0.753766467116151,0.5294156267579438,0.7520057375350451,0.5173720285679417,0.7966312293389712,0.9015384666773545,0.7978052103581839,0.07334704556698297,0.7772272075928262,0.896747634839388,0.7482167565934799,0.06976884121661538,0.7465966056477422,0.9104344080455902,0.6587926951622148,0.13773399741059936,0.607895989028229,0.4041695424888233,0.8465547815632142,True,True,True,True
8664,4,0.1528548673719966,0.8333333333333334,0.8248136269400456,0.7539518518679436,0.7406452703084709,0.6539711667275041,0.8248136269400456,0.5453953002147113,0.8038280811830132,0.5145358982100248,0.8410874221519735,0.609217669668525,0.8941945447096702,0.6768861959093688,0.652346341514973,0.3592021186918305,0.4508210872948236,0.18892912333374334,0.6413439918448802,0.3784327217516428,0.6623685845704422,0.4012333689334122,0.7596595853695722,0.4817805821172739,0.2972157780948923,0.1516605022316756,0.7825231682842094,0.9036407786954433,0.7590218408190782,0.11458120022328976,0.7157902045308998,0.8756043764508283,0.7389057989583899,0.17946118923178903,0.73123044067597,0.9051070758232453,0.6739828921689103,0.18593006685163424,0.2972157780948923,0.1516605022316756,0.8038280811830132,True,True,True,True
8804,4,0.15276342929489206,0.8229166666666666,0.8239004079627371,0.7881863325364905,0.8069110429029968,0.8064621396596836,0.8239004079627371,0.545398013763932,0.8299877990312554,0.5688790405741773,0.8658196568573726,0.6046291357041178,0.8642981056776471,0.6198723966747768,0.352635304085381,0.1051424439464439,0.7736017470055541,0.533779633081424,0.8488454242439656,0.6331681321419065,0.7219449620442782,0.4963623661033346,0.7819753583104513,0.5480819712281764,0.790198783465315,0.557379113076571,0.8046557772539451,0.9045503857047769,0.8716677689746741,0.111688658966327,0.7828836476254936,0.8926388284672814,0.7817368107026165,0.040263791645517605,0.7387712642327846,0.8855170595211106,0.7677184753935065,0.17746180447538987,0.352635304085381,0.1051424439464439,0.8239004079627371,True,True,True,True
8657,4,0.1527473681622116,0.8125,0.8054759674074009,0.7653739901105232,0.7568591116630613,0.7106163349311504,0.8054759674074009,0.5617632768430789,0.8635202429074119,0.6802485428628974,0.8653871513754129,0.6711714326747396,0.8700136497705799,0.7110694171257621,0.557016013549291,0.33914179890470153,0.5256242956990914,0.3334146751023842,0.6309156071226345,0.4176831298965268,0.7408972522333046,0.47035260766479725,0.7685326181391555,0.5508392933259965,0.6369849687754314,0.4267480179371693,0.8023198188557726,0.9007098312652271,0.806405927724013,0.00807186836803,0.7539030354726007,0.8773008521119758,0.7954610988448912,0.09516304129745248,0.7913236966251562,0.9197896237800345,0.7478028999073865,0.1584607907332753,0.5256242956990914,0.3334146751023842,0.8054759674074009,True,True,True,True
8964,4,0.15274577405182044,0.8333333333333334,0.9280389276196218,0.7472090120772006,0.6158718779789771,0.666388638564989,0.9280389276196218,0.7095419702087381,0.8779719213319482,0.6277835788579627,0.8508823706649009,0.609565555649608,0.893267020368438,0.6535960817044008,0.4763872493889628,0.3351170655368162,0.3500128491034812,0.26695512574672964,0.3776640407064187,0.2316186607081998,0.5480593872140392,0.3074490419239231,0.6526794483812038,0.3573710920972102,0.6446028775453176,0.4209580490995748,0.7607446130219452,0.8868264069199219,0.7346051701852386,0.05044955971578962,0.734271276898036,0.8760043397403078,0.702333659040738,0.05432145995060163,0.6846268446844256,0.9105389187164956,0.6776469981769834,0.3003591702618664,0.3500128491034812,0.2316186607081998,0.8508823706649009,True,True,True,True
9246,4,0.15210722335675403,0.7916666666666666,0.802376777923741,0.6418515944449175,0.6035159531711924,0.6392361072058188,0.802376777923741,0.5616495152124055,0.8072529819066447,0.5885204154564028,0.8564129013008325,0.643682755977915,0.8460950674089314,0.6442997359982975,0.4232517251351109,0.23984027097952665,0.4242244518372662,0.2636541883527126,0.42636073858073187,0.2458669085061983,0.5092778181410214,0.3353503420395435,0.4702625854697813,0.28509160621192675,0.6633319483121961,0.41788984553614195,0.7049272209096924,0.8746382819491472,0.6336495874164098,0.04460215744412444,0.6570636017797962,0.9153595676274138,0.5863177858093653,0.2693530064529701,0.7799829467447127,0.9376674618084757,0.6251019781512162,0.039244625310228695,0.4232517251351109,0.23984027097952665,0.802376777923741,True,True,True,True
8848,4,0.15176612434698158,0.875,0.7416835619019716,0.7763179055981613,0.726307702415832,0.7320539609397174,0.7416835619019716,0.4761338823037188,0.7988997019744788,0.545670093462219,0.8700919001203005,0.61995168563187,0.8002134583297741,0.562490595714883,0.7453619203027239,0.5229548366652322,0.8168015367914103,0.5625081799405627,0.7506072860138476,0.5169752971142217,0.5004490602246613,0.3636957105183479,0.5131925271849649,0.350379797146797,0.7682255796708963,0.5431170371354346,0.8039991566230744,0.9008580693752871,0.9230035027605996,0.08399812090560013,0.814885563053068,0.9101845907970743,0.837323352014012,0.09078362272110019,0.782341798520642,0.9151642974644456,0.80122842717859,0.20543249571368888,0.5004490602246613,0.350379797146797,0.7416835619019716,True,True,True,True
5341,2,0.1514471008757921,0.875,0.6627875260742961,0.5739971158878223,0.6573314068340959,0.49747005872972316,0.6627875260742961,0.4757634923324964,0.4880640996345401,0.33147081142879453,0.6138118400176882,0.4207866328062144,0.4366838409526991,0.21552042897705104,0.656463701908693,0.48019882936576286,0.6705041229353373,0.49495060589001594,0.5714066536642601,0.3949836740931224,0.6731025242748161,0.4185658611435742,0.48785051896674514,0.268588093506798,0.5003175096944028,0.33308536061084837,0.7373998092348208,0.9338545489130766,0.5687240564600876,0.03693552181657763,0.7309447378047378,0.9084142599890477,0.6025880409267332,0.02724066226729105,0.7188344207735691,0.8767386151258857,0.6536879205423253,0.009195984182119248,0.4366838409526991,0.21552042897705104,0.4366838409526991,True,True,True,True
8734,4,0.15127428517002459,0.7708333333333334,0.5727368171011956,0.8201859119259489,0.8415930857545124,0.7336352911521973,0.5727368171011956,0.39236850768787135,0.814444377829898,0.6062269853963878,0.7974268939433761,0.5844701466082383,0.687580194215309,0.4753624865470907,0.8262097263362781,0.5240681212932526,0.7898036794745017,0.5181357415444499,0.7374207878521752,0.4542437223253011,0.8982542885505121,0.6779385557838966,0.8895588044259448,0.6751818122667136,0.6879450286043336,0.46464832208865126,0.8238781921606413,0.9156822194128459,0.8144226707660119,0.06589566447068673,0.7508696273108215,0.8825227504879306,0.7763826573403504,0.12927125915911802,0.786387556821425,0.8969138588036445,0.7814387622217316,0.06879255310000491,0.5727368171011956,0.39236850768787135,0.5727368171011956,True,True,True,True
8784,4,0.1506446077847518,0.75,0.9134086516638077,0.9089434803259651,0.9021084303755623,0.7242786607609275,0.9134086516638077,0.6839225241430082,0.9318453931760994,0.7422887838679638,0.9406867459014768,0.7485278705832414,0.9088185187889212,0.6925799878109391,0.7962824756953919,0.5854440990025171,0.8648618282756881,0.6454934102918706,0.7878820301219774,0.5446701116052832,0.8450157203034142,0.5711494333507425,0.7701700720153417,0.4899904468720563,0.6182494348217934,0.3982042097978373,0.7775875584422267,0.8869361214098324,0.8314562091790333,0.07739576447166335,0.715196018108661,0.8556305658272532,0.7510650980392825,0.07728977950212813,0.714406585682945,0.8590083117011962,0.7354190092795626,0.09063320702550742,0.6182494348217934,0.3982042097978373,0.9088185187889212,True,True,True,True
8739,4,0.15052119058043523,0.7291666666666666,0.6768926280568515,0.711615307443277,0.7875550052075311,0.6577558964784901,0.6768926280568515,0.4298812877779771,0.5679437002957078,0.2708971336465493,0.535963630796606,0.20769398931021354,0.5380725162248889,0.3082263660948542,0.7850271974359254,0.5425129758267565,0.8421522612086336,0.5869411136855964,0.6667188946793063,0.3798866628629556,0.8294831823535435,0.6048848188092624,0.8208664150882891,0.5637008887791932,0.6267931273095431,0.3933812835156454,0.8109529428376688,0.9107285970916671,0.7871708468386845,0.05663141420897873,0.7456433723191779,0.8757218078974999,0.7562246576093231,0.08346103031410974,0.7765324629699331,0.8932536872716418,0.7474209377301027,0.010124031588540135,0.535963630796606,0.20769398931021354,0.535963630796606,True,True,True,True
8966,4,0.1503916533248917,0.8229166666666666,0.9223503439156426,0.7303544292479489,0.6245872128652075,0.6472508961117157,0.9223503439156426,0.7057832340402588,0.870239971932955,0.6084853726674885,0.8507594581099218,0.5996055139039367,0.8859184443513468,0.6368623403763487,0.3998662669434523,0.2648525468732784,0.39446997273298534,0.2635662168501136,0.276529147662563,0.17224209355914666,0.5531806060374389,0.3134781821260173,0.6165572332848115,0.328812600324181,0.6301223203461589,0.4094351946134649,0.7529676024336299,0.8803169464961274,0.7443378395660184,0.05916085135565278,0.7290137375145971,0.8700468928594486,0.7113077310271508,0.052628288596183764,0.6757479566394995,0.9015279913141075,0.6862111471628757,0.30107045538894056,0.276529147662563,0.17224209355914666,0.8507594581099218,True,True,True,True
8811,4,0.15037059864284766,0.7916666666666666,0.9448763058550382,0.8427371790242688,0.8677976465183947,0.7531650353746384,0.9448763058550382,0.7572010826804374,0.8696559746595414,0.6147191342507624,0.8873544143986843,0.636516150721318,0.8633083124068996,0.6042913863325452,0.7125963252402401,0.4842848353075586,0.8968720436015636,0.676135484558861,0.8325827931368481,0.5898042961364318,0.8290435950369243,0.6045375745488084,0.7450001521099491,0.5228056164607044,0.7069047219196941,0.4497963109441444,0.8200442960872998,0.9083974043728436,0.8725844082246029,0.06212066878991025,0.7885799060269525,0.8981136807710509,0.8117019638111853,0.10276815038337862,0.7930589863376839,0.8976677453721781,0.7883601150330886,0.028288455128176265,0.7069047219196941,0.4497963109441444,0.8633083124068996,True,True,True,True
5379,0,0.150293991797466,0.7291666666666666,0.6640493486225068,0.593084188294374,0.6148272188313006,0.5116602102277139,0.6640493486225068,0.4507002892831363,0.6114084626240683,0.37441423899209747,0.6050127904304718,0.40561979052724007,0.5488688590155885,0.2883682272771311,0.5765477402435875,0.36516227527448497,0.5465878117185482,0.35181652710848754,0.5420743788546831,0.2994959190758286,0.6410739484751922,0.41189342564788,0.5358635808153989,0.3365741093372223,0.4776623699359813,0.2855506048565485,0.7611360160417776,0.9270738237315392,0.6195325032955812,0.0612225026517773,0.74523692977948,0.8945808942882455,0.6630931609653974,0.03809824099781043,0.752642564631113,0.9243719007252494,0.6181442959097256,0.08969671269475042,0.4776623699359813,0.2855506048565485,0.5488688590155885,True,True,True,True
8875,4,0.14990827933106426,0.84375,0.9516629489789371,0.8874093607904507,0.8592637422913139,0.8017207376604056,0.9516629489789371,0.7886203106217464,0.9232349300885002,0.7223890765146299,0.9523561557218264,0.7679195675506187,0.9338727613577269,0.7432373727771924,0.7076213822991935,0.47521531252451876,0.8735398676389883,0.631739548375752,0.8242850956526623,0.5788307261961589,0.668618916321248,0.4132174635474166,0.6196221594893756,0.4441857525288704,0.7913147442245247,0.5495841907855766,0.7874056237216176,0.8953116028414955,0.8075209365164078,0.08043656735084698,0.7991342117314368,0.9135132998126851,0.7272151452654934,0.025794084894303213,0.7672241429256855,0.9003654680727937,0.693974532188332,0.028924293543518005,0.6196221594893756,0.4132174635474166,0.9232349300885002,True,True,True,True
8828,4,0.1498345089923349,0.7916666666666666,0.8606244640302455,0.8901049869964125,0.8682986834489097,0.8749058794517336,0.8606244640302455,0.6160627391115228,0.8970867235938109,0.6524930512054276,0.9068567448475328,0.6632127649173487,0.9511158749006381,0.7735352911778199,0.8743769702978904,0.6888285056272883,0.8312338394702923,0.5980969160097673,0.9012947563762441,0.7133489235710584,0.8304066544853846,0.6142280854031095,0.9216195137184309,0.7427076683766072,0.8134852982311301,0.5712795748066818,0.8078834410277725,0.9065750785422196,0.8584203150279661,0.10805577613874003,0.7583877723906811,0.8907986574507554,0.7894551256184412,0.15768311349393016,0.7843503409384692,0.8956817279728512,0.7621450871504541,0.00796130917839114,0.8134852982311301,0.5712795748066818,0.8606244640302455,True,True,True,True
8738,4,0.14947583700944053,0.7395833333333334,0.5869587673874654,0.7861672601886552,0.8069967305033994,0.6155398948698383,0.5869587673874654,0.3469764544186098,0.5622200140556206,0.30042971655548056,0.5058844960587822,0.29700537004551486,0.5103822123525567,0.3000483461892498,0.8624996571510528,0.6351744100064075,0.8564414372284374,0.5938167608170527,0.679401654472361,0.3694976622953404,0.8578987651644158,0.6438150141335355,0.7964003620987963,0.5363923476051351,0.5684955802456615,0.35104875272840985,0.8146907670777441,0.9125208434167319,0.7939991469294359,0.06289777463482348,0.7478828398118993,0.8766136423029613,0.7640856354245825,0.0889161724757892,0.775198541513588,0.8903593873331396,0.7579175906392647,0.0006838034470352521,0.5058844960587822,0.29700537004551486,0.5058844960587822,True,True,True,True
8701,4,0.14935587149483656,0.7083333333333334,0.9385677523174981,0.9104110951507121,0.9212390969802527,0.7467835471976338,0.9385677523174981,0.7348206171282188,0.9321140386854083,0.7394966176752199,0.9391426565676765,0.7403366400198668,0.8777459561652949,0.632937215592911,0.8469014981555081,0.5976186745495162,0.8330648237812629,0.5612880826739124,0.7343919474280212,0.43042830393243425,0.9319092294569509,0.7083683565369542,0.864760037131689,0.5933237270775182,0.6160371515571054,0.3804330742905374,0.8213122482874873,0.9169970265192112,0.8384103365859574,0.1157386302101527,0.7692394366487949,0.8909497754471631,0.8154607568854303,0.13730795241770213,0.8031008825301754,0.9083037087266216,0.7809058270769029,0.07539578574114252,0.6160371515571054,0.3804330742905374,0.8777459561652949,True,True,True,True
8798,4,0.1491864385182812,0.7291666666666666,0.9408029482355933,0.8861337261473068,0.8762909784015631,0.8231025491861199,0.9408029482355933,0.7445368327364543,0.9203304563095025,0.7055049234393116,0.9374757535520432,0.7389396913199353,0.932749214856635,0.7127205734167044,0.6511906219083263,0.4478177276219296,0.8228518108094793,0.6148820934240731,0.8726162095571859,0.6878822310709751,0.7817410367480035,0.5316541553151306,0.8247207571453252,0.5814571434312956,0.7699489547814826,0.5291152916536934,0.8186516640862394,0.904803057275152,0.9076972031995527,0.002921007975114867,0.7839386079679234,0.8882771584698399,0.829887221612182,0.04108914169325581,0.7650325109330549,0.8847282521863815,0.8051704958242387,0.10668707834755053,0.6511906219083263,0.4478177276219296,0.9203304563095025,True,True,True,True
8781,4,0.1489841947048227,0.8541666666666666,0.8931909112112776,0.7916050548171676,0.8757378646369739,0.7356884455565573,0.8931909112112776,0.6616659739620087,0.8302026682666017,0.565665961097039,0.897763600086062,0.6696134308062115,0.8901460903190904,0.6716243288411768,0.564575650301747,0.35653649873069926,0.8546637578396685,0.6134437609554206,0.7985219336761955,0.5515445534861798,0.8478129551755295,0.5804732253556579,0.8181740372463788,0.5608105648486899,0.616981528286906,0.37910778280418733,0.7643913989090197,0.8873097424161982,0.8274410928697752,0.13907884411069726,0.704854441266731,0.8545641821614451,0.7538028274286493,0.12358256171054328,0.733885155881619,0.8680143350036859,0.7400475950198026,0.05646453177144937,0.564575650301747,0.35653649873069926,0.8302026682666017,True,True,True,True
8760,4,0.14878703855942463,0.9166666666666666,0.815916608314686,0.76148969082663,0.7805565241701996,0.6723125394067826,0.815916608314686,0.5545413244821054,0.7826419290281357,0.5357475936797342,0.8428094468767344,0.5723260122330167,0.8795009953111557,0.6370640365753338,0.7012890127759093,0.4766279944565025,0.6791908547146671,0.4623191033138855,0.7455879410275231,0.5116487703970269,0.680208444625884,0.3803044818688244,0.7368286486750832,0.42688627876645857,0.5038883529882365,0.3022000871733883,0.802688623471276,0.9010691446199385,0.8059058229441368,0.013450729439684254,0.7419414713595187,0.868682292206186,0.7561496009944492,0.0019613367173149216,0.7493406800624267,0.8882714503154433,0.7618271828348046,0.15393939263346237,0.5038883529882365,0.3022000871733883,0.7826419290281357,True,True,True,True
3425,0,0.14876746391953624,0.7291666666666666,0.8767369034673593,0.8810628631103141,0.6223635987015468,0.8373210715183511,0.8767369034673593,0.6352420470336443,0.8822793105972713,0.6537853439645753,0.7188378659759702,0.3841040206768349,0.8435058570474879,0.5689202083444557,0.8799891289490606,0.654800494588447,0.615027087187761,0.28299512213559297,0.8212440353133807,0.549513712000987,0.5738176135023823,0.1628948412225426,0.7459422908604336,0.45994561213839724,0.8710338796082286,0.5998434098512172,0.7508490962213428,0.9023047153303017,0.7825506351122242,0.22127734487984976,0.8127605557493137,0.9335167821614716,0.7060772858113061,0.08345239557842213,0.8092849264414008,0.9406796745719146,0.6742665938924224,0.06795141024426853,0.5738176135023823,0.1628948412225426,0.7188378659759702,True,True,True,True
5382,0,0.14856435782070174,0.6354166666666666,0.6592933343247075,0.5550300446017435,0.6358256067739205,0.432077040024608,0.6592933343247075,0.4097243957818596,0.5582833172775055,0.3257776218786631,0.5991977190154767,0.40546578451291126,0.4785178563939667,0.29246037225834587,0.5524334571931335,0.34545812666917364,0.5780574168805948,0.38254147124447924,0.4257357669312186,0.22350696302415596,0.6674580720714962,0.42335167953502384,0.47377015348356455,0.2851255700158377,0.3933284055216584,0.21740238908083231,0.7682213320645501,0.9288512287783969,0.6255244406780978,0.05036003136758332,0.7565553991536023,0.899589955596205,0.6721306278808379,0.031127853945505848,0.7779242570060406,0.9465282273134106,0.6196736803648749,0.10562922528398234,0.3933284055216584,0.21740238908083231,0.4785178563939667,True,True,True,True
8674,4,0.14843249070470346,0.7395833333333334,0.8726121477314933,0.8405136197930777,0.8355781680988117,0.6712698494281257,0.8726121477314933,0.6105977065283389,0.8679335956803742,0.5966805836665028,0.8608577667869894,0.6114381907794211,0.7988696456213984,0.48250818892643166,0.7572821120470445,0.487341635500134,0.7244959308359694,0.4504209911589626,0.6824122722776773,0.401175866821345,0.8523265465978613,0.5981245477089752,0.8150234394801745,0.5016403086226542,0.5394617999582343,0.312507957423488,0.7567133022064532,0.9153868496804064,0.784406871848418,0.25310872716778704,0.6992998454947952,0.885249816300837,0.7644428994595885,0.26414594566107263,0.7292604188594934,0.9197215306536651,0.6850248530686935,0.24808213280888025,0.5394617999582343,0.312507957423488,0.7988696456213984,True,True,True,True
8661,4,0.14835871180845725,0.8125,0.7663253933567173,0.6593746803583713,0.7659369495266356,0.6494748083279491,0.7663253933567173,0.5118782603068415,0.7696511853697132,0.5856579464237825,0.8572178682390947,0.6541865974131134,0.8748698514012394,0.7009985964746717,0.43562278248033137,0.27490336500355783,0.5487482615680805,0.3029151114355395,0.6199060239089658,0.3862288266937336,0.7488898089355298,0.4583782932726751,0.7414842441704057,0.46258206398612045,0.43142207147926037,0.2591600999333661,0.7963333069410743,0.899060664752868,0.7959613299609986,0.03670557355863663,0.7432119475888221,0.8768425443557988,0.770525604124666,0.11973975206011832,0.7725644206245426,0.9115132651190426,0.7245815581536641,0.15280231933595048,0.43142207147926037,0.2591600999333661,0.7663253933567173,True,True,True,True
8967,4,0.14795014563207198,0.8958333333333334,0.9097858393713535,0.66277827802723,0.6728549474227545,0.7013189068210371,0.9097858393713535,0.6852790356612731,0.8317854614720341,0.5537598625493152,0.8762633965698443,0.6337924481529651,0.916245525499197,0.6954338911484634,0.29469215433646956,0.1564823641958889,0.44248866251781704,0.27794477475174095,0.3854715945832353,0.2455603271880148,0.6040963195899101,0.35462021699490665,0.6945257178840201,0.39347833030300483,0.6683084281273238,0.43728195549872584,0.7462971080211139,0.8794374046878914,0.7305324786795909,0.07028772121446766,0.7250656561313067,0.8717263415780316,0.6968203517098791,0.0651847618539341,0.6650181190942059,0.9023022511546661,0.6702521718011274,0.3086810554870326,0.29469215433646956,0.1564823641958889,0.8317854614720341,True,True,True,True
8879,4,0.1478900020131683,0.9166666666666666,0.9293015026347534,0.9218224800865928,0.8343638939007583,0.7416849246740298,0.9293015026347534,0.7439380424523949,0.9516698624079867,0.7855591044363905,0.9373497904568142,0.7651605986780605,0.9247609240902891,0.7312991238562785,0.7708026429489814,0.5564933455136327,0.8252821527452823,0.6342132091765234,0.7017501364686444,0.46369184959559173,0.694821654869521,0.5090294797887607,0.5621475264234119,0.3850958244507293,0.7144766921963337,0.48593486962685295,0.7744159167339778,0.8872770363294261,0.7914743793592698,0.06055141105713664,0.7803041452916643,0.9092858984224124,0.6940655155724063,0.013299871581567453,0.737313838668602,0.8943766986771051,0.6448568014911356,0.018321063731629374,0.5621475264234119,0.3850958244507293,0.9247609240902891,True,True,True,True
9003,4,0.14736866071306506,0.5520833333333334,0.9603127776122579,0.7752481518779167,0.8705394119011612,0.7264605959840891,0.9603127776122579,0.7952447999390059,0.927983277814068,0.7284483678106848,0.9329048092625781,0.7304949976612161,0.9012882210719371,0.6746845951101474,0.3464037210952017,0.24047999948811016,0.6608792604935887,0.4674149380715915,0.39237419994463707,0.2665711408802436,0.9131041697388589,0.7026088969833402,0.8708985408182286,0.6458248057142968,0.6940748507593193,0.43334127104639575,0.7177971501390215,0.8716413737199451,0.7006273474439549,0.11276407698485667,0.6671569147691505,0.8713943467966382,0.6231353139257989,0.1747530985648752,0.5431094652411004,0.9275182298755135,0.5825082189483863,0.4451389601802668,0.3464037210952017,0.24047999948811016,0.9012882210719371,True,True,True,True
3426,0,0.14730543126983972,0.7291666666666666,0.8793293064845564,0.8802378707538185,0.6461010281446525,0.8588373686322441,0.8793293064845564,0.648485588394135,0.8814225180187969,0.6602838987523464,0.7152018792039916,0.39004172199441967,0.8652001534839863,0.6135353783391686,0.879220541985148,0.6566650673776904,0.6473875749717471,0.3059018989483262,0.8409543739125757,0.5832965975228446,0.6116563945844731,0.1819707170208157,0.7845863842578924,0.5040171406774598,0.8878495999308137,0.6286905545679475,0.7401758032597943,0.9000233246841423,0.7801138155243126,0.23555867916243567,0.8073642654457047,0.9321716114330583,0.7017618250415072,0.09214650319463831,0.8043227400318325,0.9386085596136778,0.6722977499406393,0.07577493516672397,0.6116563945844731,0.1819707170208157,0.7152018792039916,True,True,True,True
8702,4,0.14684307056911913,0.78125,0.9374295876522383,0.9139534411082071,0.92405197683692,0.7666604123638106,0.9374295876522383,0.7333513917448586,0.9389979864957824,0.7480290406992065,0.9446902406169426,0.7599737193224193,0.8918104405049285,0.6546526566528906,0.8353048511065474,0.5734850624374628,0.830310250564144,0.5628500369167704,0.7238304182309201,0.4258077885716156,0.9330461342864506,0.710074449056918,0.8755027970821891,0.6053065629795648,0.6537646630549934,0.4179355674662878,0.8287486450770902,0.9170695837888313,0.844438625925581,0.08362248736671724,0.7774036185665493,0.889645420597472,0.8237415913180274,0.09860041130648974,0.8027422636381232,0.9023360646195415,0.798956496359496,0.027942346739759108,0.6537646630549934,0.4179355674662878,0.8918104405049285,True,True,True,True
3485,0,0.1465919127178085,1.0,0.8734346319000845,0.8668798661432051,0.7992252877475379,0.868455308822164,0.8734346319000845,0.6352697414425048,0.8391610075287518,0.5680139390449432,0.7509605460329354,0.404884983158008,0.8669878485457809,0.6259016688467216,0.8893095780832098,0.6780611044903827,0.7814485246884664,0.5464261629594044,0.8764188194900357,0.6527526777792076,0.8136978689449755,0.5367636681021206,0.8766006561840766,0.6545251106496168,0.8604540429264963,0.5639142327169525,0.7555693417992524,0.872420043908248,0.8299694387117222,0.0611991612039375,0.7971886089750203,0.9067612293646302,0.7576014545741787,0.05271318324951675,0.7047467426107981,0.883030343461117,0.8492452120812393,0.2717616782401534,0.7509605460329354,0.404884983158008,0.7509605460329354,True,True,True,True
9306,4,0.14658189152248427,0.7916666666666666,0.8239148027143781,0.6531418487581828,0.7338247334963309,0.8140750808277966,0.8239148027143781,0.6045664411516414,0.8310595812139763,0.5690932901687469,0.7972547295939365,0.5588474820554615,0.8750814158566713,0.6199041374412644,0.08325550367754087,0.08336687541084198,0.16671275542498465,0.10314285544982327,0.1944132373631774,0.06488936142994473,0.8197374413985417,0.5955230476919423,0.8901275304470055,0.6689449229121258,0.8017548202853032,0.5632048066186583,0.7155883708371439,0.8557402303696919,0.728128208714696,0.020448544328495726,0.6820809033287405,0.8549112299822251,0.7090430226312608,0.16587577853682048,0.7467973720691795,0.8702946011119347,0.8506310485856663,0.10113686448298165,0.08325550367754087,0.06488936142994473,0.7972547295939365,True,True,True,True
8901,4,0.1465730967252359,0.8333333333333334,0.9552611369892156,0.8539147799834191,0.8331040705651512,0.8494022545545445,0.9552611369892156,0.7846350391695918,0.9420407749293407,0.7429250062779766,0.9639360552840679,0.8116724436705662,0.9615084454080426,0.8012496108779381,0.41392159042826815,0.232655676890957,0.685915825545258,0.4605390795269183,0.8326290480314905,0.6225378788650595,0.7288909555866703,0.5095978095516984,0.8086553650992294,0.6000872446090022,0.8380565099520565,0.5890295366638324,0.8059468434703658,0.9012384878893782,0.834340003314972,0.042527183593731234,0.8009143438562739,0.912205612050621,0.7424307312036325,0.04879779332884752,0.7905886381881229,0.9337771290353967,0.6495108767013985,0.023319226090264957,0.41392159042826815,0.232655676890957,0.9420407749293407,True,True,True,True
8716,4,0.14654262779441593,0.8541666666666666,0.9061740031289355,0.856610262208852,0.8820659433319853,0.721864928856804,0.9061740031289355,0.6703757843670295,0.8899436798954089,0.6443633762270811,0.8963394259596359,0.6481849133306448,0.8152307974427216,0.5463098157191264,0.7599950998387972,0.46956375268078754,0.7475508553142286,0.44468716572362765,0.6636229094368407,0.3833431833753649,0.9218505641590282,0.7123592088662758,0.8747550412864188,0.6355180843802319,0.6417316510315663,0.3892864373060999,0.8212149475377317,0.9187031684498612,0.8093210607286956,0.10409667954626417,0.7640044956261892,0.8907543808869212,0.8010678952263536,0.1462710009978391,0.8050795654672669,0.905785979539424,0.8126751737193675,0.08184774341707025,0.6417316510315663,0.3833431833753649,0.8152307974427216,True,True,True,True
8853,4,0.14648752066021933,0.7916666666666666,0.8060669207755972,0.8335201493447556,0.5991209256108999,0.7065399807371182,0.8060669207755972,0.5123217156659894,0.8815344717327246,0.64869541416349,0.8691913794077176,0.6406558624148431,0.9117296387909047,0.7197151464402902,0.7015587051077905,0.4967791659228845,0.4887601285802097,0.2794893743467237,0.7978630045181664,0.5897366017066956,0.21635978159335578,0.13992943399407354,0.4665862258534291,0.3110823707237903,0.6593474192208375,0.4430508029897968,0.8091782594032886,0.8997682938567066,0.893499435632019,0.01911608336137011,0.826083397926787,0.9168438373424315,0.8012555670685477,0.03403786011340551,0.8002299718951629,0.9134081062189786,0.7819533420440722,0.1296304037913089,0.21635978159335578,0.13992943399407354,0.8060669207755972,True,True,True,True
5385,0,0.14606901755533697,0.8125,0.6002525888856246,0.5873954943910757,0.6115435608181666,0.4438151876053805,0.6002525888856246,0.32722607827773764,0.5927552123656984,0.3195558089801359,0.5504083388694749,0.37840474636236743,0.46865718085593344,0.24349134382606719,0.5829519843453681,0.3465733703153223,0.5779160314643552,0.37888928516173337,0.44360194408398457,0.23751846078950523,0.6421287525944217,0.40085741491460447,0.48694514249670284,0.2858486301767511,0.4077995607295555,0.21602376746652463,0.7791359169226205,0.9302693080485412,0.6391724114939822,0.039085360312980696,0.7649036818784346,0.9001441352715062,0.6887844514661943,0.02613171343351349,0.7969556511920641,0.9552898829452182,0.6373676634939898,0.12061745994933415,0.4077995607295555,0.21602376746652463,0.46865718085593344,True,True,True,True
2621,0,0.14599698671665015,0.7708333333333334,0.5877389132519482,0.5788088606918974,0.6948324181505074,0.7269478113400425,0.5877389132519482,0.41969205698008416,0.5894887000334581,0.4066463218673173,0.23288555800057786,0.08250641626648436,0.7639390740302534,0.5353930418342794,0.5762935822642492,0.3024036014763266,0.613391120622325,0.31505803435834545,0.7072588659459884,0.4287658595502387,0.7867671919625892,0.4831199380562001,0.8368663927398777,0.5636366023515624,0.6656392875399919,0.3767911398893786,0.7900136924007384,0.9517229081070887,0.9139337002524045,0.33813425911136347,0.7880447373230367,0.9432673738294749,0.8625711415917693,0.30853965597756816,0.8072423163967076,0.9219177238094627,0.8125200441131112,0.17527726821914896,0.23288555800057786,0.08250641626648436,0.23288555800057786,True,True,True,True
8777,4,0.14585425656655038,0.8333333333333334,0.9334346862074911,0.8533021700150482,0.9006953057971446,0.8128399142442607,0.9334346862074911,0.7413493099704813,0.8808957268092408,0.5953080899324552,0.9346106347793359,0.7240485337137049,0.9327132982760249,0.7185488006102901,0.7472952055792581,0.5313090052372785,0.851598669713107,0.616739111024843,0.8606173328571265,0.6347352621529117,0.8535561649365325,0.5756017176935957,0.8655700631285236,0.602717098666842,0.728550850972737,0.48055869660127215,0.79314215571364,0.8984634266826242,0.819521017110941,0.0886705663885142,0.7275810483966985,0.8613910412777591,0.7731533548806919,0.08141000120486781,0.7382905875731571,0.8712569714659062,0.7633222829424622,0.09564635784039599,0.728550850972737,0.48055869660127215,0.8808957268092408,True,True,True,True
8785,4,0.14506509701092382,0.65625,0.9241990569595944,0.8963606527942694,0.907451205385148,0.6902549137367973,0.9241990569595944,0.7091147309684049,0.9216360527547316,0.7106023075493457,0.9477346705944798,0.7639957921228615,0.8999478054371759,0.6689896469773784,0.7931990184833436,0.5761814359042391,0.8652047484749108,0.6313886003564175,0.7402004851418005,0.4943794039684859,0.846501209341799,0.5692253271369405,0.7175427207536582,0.43079445716961784,0.5776289997452764,0.37003769900301464,0.7882419794764737,0.891823215160433,0.839088672775183,0.06577032508690245,0.7332499557583688,0.8659209695433455,0.761832360912259,0.07572800862140291,0.7298956717124911,0.8667627461849853,0.749472292216806,0.0873208787724031,0.5776289997452764,0.37003769900301464,0.8999478054371759,True,True,True,True
3427,0,0.14501643152870627,0.71875,0.8763979639442088,0.875858316023522,0.6381916195237924,0.8469156763930046,0.8763979639442088,0.6543232641218794,0.879688734028084,0.6658189506575055,0.7147085287997477,0.41378809739599587,0.8621255169411342,0.6270941365466729,0.8725491378341217,0.6429401359305167,0.6502234359385037,0.31511620272061946,0.8231101540896043,0.5597234267123768,0.5948336942270611,0.16799990423767164,0.7667803755776147,0.4834835106998936,0.8789891427359487,0.6132093039238407,0.7314788185516354,0.9000596288320447,0.7823224389075615,0.25449257555050336,0.8069004610777761,0.9341777850986601,0.7015740141897833,0.10808866200038224,0.8069411196783018,0.9405053840613948,0.6765352812240392,0.08904517156031429,0.5948336942270611,0.16799990423767164,0.7147085287997477,True,True,True,True
8941,4,0.14495826670456488,0.6979166666666666,0.7228603956844024,0.6036169398369922,0.6188387913356281,0.7139446302776479,0.7228603956844024,0.44588258570393624,0.679121793146872,0.4501236580568765,0.7187015508265133,0.43451494290376824,0.776316131879276,0.5616334267016005,0.5284354239179065,0.3423238918535284,0.643942945389673,0.3922202379476727,0.6750847235855371,0.4572731602336647,0.571947788019411,0.35140343832018184,0.7090761063319335,0.47928430718205683,0.7131696374592745,0.49043057544348456,0.7780830267761754,0.8918718027622429,0.7886630803409365,0.08185502673849396,0.7626770169431751,0.8915838017124257,0.7246759146690013,0.06623002170848459,0.7151973479131273,0.9083127702851513,0.6635901628597278,0.2234850915941843,0.5284354239179065,0.3423238918535284,0.679121793146872,True,True,True,True
8917,4,0.14493968143004182,0.90625,0.9550116064957566,0.9084036975390404,0.7337235357642852,0.6834026838570839,0.9550116064957566,0.7766600429709565,0.9610636800972724,0.7912642038857644,0.9337509080333378,0.7423115513715324,0.9261568809539087,0.7096131445504983,0.7641412012400548,0.5357669642321434,0.5327448774211729,0.32185807559816504,0.38495745442740736,0.22277468297110659,0.6303520202685398,0.40507634806471915,0.6180245294319062,0.393780626851594,0.6666412715509995,0.43515269078131447,0.7983510996802634,0.8983035623423722,0.8059734725096257,0.008564166521585741,0.785176803777773,0.9005468483889881,0.7401568093221923,0.009102622353915468,0.7592753432431438,0.9160601906141691,0.6466683184487931,0.08555085502879235,0.38495745442740736,0.22277468297110659,0.9261568809539087,True,True,True,True
5318,2,0.14481331639727119,0.7395833333333334,0.6389320840122443,0.5386389998722352,0.6132653390803731,0.5549350260378112,0.6389320840122443,0.43692241716848945,0.6493994443881913,0.41615784104000686,0.7279172932321171,0.5129878950005149,0.7011697369919556,0.4808790360563049,0.3947258034764528,0.30731842934374864,0.5905906111158954,0.4775928968032771,0.4113927633786537,0.35239829609881157,0.5629078397561804,0.24901072294170168,0.3475275480302107,0.10043522555449724,0.606064532801265,0.39677078205639105,0.7424251351290125,0.9353959152429391,0.5714452194451479,0.008959584391394505,0.7272998213197293,0.9120165026228578,0.5897050234216564,0.02428147672266722,0.7082976003898062,0.863773660865265,0.6771424716509968,0.054553973523872826,0.3475275480302107,0.10043522555449724,0.6389320840122443,True,True,True,True
8944,4,0.1447930958108496,0.7604166666666666,0.7933546654697746,0.5987434192893698,0.6329376263387194,0.685426245103735,0.7933546654697746,0.5398072569627076,0.7568404645887472,0.5043762921816253,0.8064990062152103,0.5287982826402946,0.7467072206777507,0.5105676973226705,0.3478919567346441,0.19228995150060746,0.5062595040104816,0.30293788632497265,0.5168036286961207,0.34887674913348,0.5869567842289145,0.3404134342040146,0.6360615968781134,0.4094443953366489,0.7071975945381399,0.4709551989094487,0.772320930678067,0.8866654952774068,0.7854614805592608,0.060104219838473215,0.7584672525594724,0.8872456657658614,0.7239234547825141,0.04542548029845599,0.7122473095551084,0.9067172044330019,0.6687129855093749,0.2307439512408592,0.3478919567346441,0.19228995150060746,0.7467072206777507,True,True,True,True
8704,4,0.14456261845300053,0.8958333333333334,0.9156008628000315,0.8950669172630226,0.9022976047864325,0.721436966745512,0.9156008628000315,0.6871771074002846,0.9254202319110629,0.7187070090524481,0.9261923415483824,0.7122520513084141,0.8590479665706638,0.6045741790648785,0.783679591405489,0.5073865264932138,0.793752909443798,0.5266961449029497,0.6851427972341954,0.3948940431663972,0.9126644962457257,0.6727021908290602,0.8316241173365394,0.5481909941758456,0.6069714950511997,0.3728046468959113,0.8237964356430738,0.9154036276162401,0.8425853206420252,0.09415338538420975,0.773456269200235,0.8884576370465389,0.8214005001893014,0.10678971871202922,0.8011482301065751,0.901459960885617,0.7981740195626493,0.028527973961566554,0.6069714950511997,0.3728046468959113,0.8590479665706638,True,True,True,True
8732,4,0.1442565231187851,0.8333333333333334,0.8772135248861073,0.8817585570055422,0.9040949540777827,0.8214706864289414,0.8772135248861073,0.650608717928243,0.9156444638044801,0.6961308744129682,0.9177714214048674,0.7243858105234722,0.9209765894224983,0.711830028106788,0.8052264716602247,0.514692367708115,0.7903988441410893,0.5139899640432697,0.7491086743433919,0.4841150244309703,0.9336266036071268,0.7308703430351182,0.9352566164210389,0.7300278386906738,0.732075957723805,0.4948752659615825,0.8170473414398195,0.915643524032346,0.8219054594905773,0.11211109186212068,0.7338176891465238,0.8791732641460489,0.7934332404322821,0.17825988773769955,0.7866105083689765,0.8970593960140272,0.8130442591704786,0.10510237099720642,0.732075957723805,0.4841150244309703,0.8772135248861073,True,True,True,True
8919,4,0.14421167886619432,0.7708333333333334,0.9469890316021032,0.8995253314186175,0.7087889977203068,0.7788788302588705,0.9469890316021032,0.749189079510065,0.9545133599144684,0.7774468381129183,0.9316418298095034,0.7439479081797754,0.9483570189747407,0.7635183083281428,0.7538860757519956,0.5404411085378071,0.5663432557773067,0.360491590066481,0.6062586367339029,0.4073124189461531,0.5425838622916126,0.35158437930539943,0.7503023759752119,0.5232668372988636,0.7568611702758722,0.5192260554801733,0.7949981385880481,0.8965796402225521,0.8118373370066407,0.04093476174616358,0.7831608714636149,0.8986807650604761,0.746925790313447,0.037903478278333805,0.75132816147213,0.9079680801926129,0.6584424048512103,0.10399428119827568,0.5425838622916126,0.35158437930539943,0.9316418298095034,True,True,True,True
5342,2,0.14420932914800183,0.9479166666666666,0.6466563230186091,0.5403699710500675,0.6293680857619426,0.45298166420066033,0.6466563230186091,0.4553879670727279,0.41116482677632893,0.2663331724757816,0.5573849891310019,0.3608168930424587,0.3332350768004009,0.16082828742969202,0.6521087081277532,0.47237488967289953,0.6572395260549293,0.4768538828078347,0.5271121451653824,0.35721728206229686,0.6512428961662614,0.3961878750648925,0.4565358143856485,0.2397806703130243,0.4623122672505766,0.3049983237630213,0.7389571481220144,0.9336186474728022,0.5717981418847347,0.0421016926372941,0.7306181754917147,0.9072817806874334,0.6046391370651869,0.030813703720632527,0.7159121375784155,0.8752159011114605,0.6517745558293941,0.012833596474507894,0.3332350768004009,0.16082828742969202,0.3332350768004009,True,True,True,True
5321,2,0.14406515020760652,0.71875,0.5639975606068399,0.49868975201608934,0.597281551189575,0.5097704627050905,0.5639975606068399,0.4198553959694894,0.5827509526325766,0.398049190401226,0.6915048240458368,0.5028241423182678,0.63971155797039,0.45545966700385787,0.38329241717229345,0.3476113785445091,0.548816793693633,0.46236080601921703,0.31724566100391915,0.29476231515499596,0.5617960314618262,0.32078635804298505,0.3846197783455304,0.18124312152128574,0.551575501366562,0.36895509934942183,0.7056399602255365,0.9315784370355222,0.5304448911041757,0.03592078023309527,0.7036485236528349,0.9101780959507141,0.5571655655011993,0.012561689427091504,0.6827048355137173,0.858349251474,0.6317927335583978,0.05225654200400269,0.31724566100391915,0.18124312152128574,0.5639975606068399,True,True,True,True
8693,4,0.14367519838516943,0.7708333333333334,0.8971063706900805,0.8778341969394569,0.9096838683047768,0.7182507279401082,0.8971063706900805,0.656450971644279,0.9027284089593777,0.6449696301551937,0.9254349316685859,0.684446115016146,0.8499125581413147,0.592095749782614,0.7986926083776555,0.514926442585188,0.8256957397185005,0.5631043827755935,0.7074595221471818,0.4015412864982283,0.9233276229839018,0.6753334071903649,0.8587966683512578,0.573149413556753,0.5706649560551593,0.3334277646955376,0.8019902353450706,0.9185052068530403,0.780792784245592,0.15065479856500852,0.7517782194757348,0.8921966977559175,0.7679716662526961,0.16971997395372426,0.7836305667938207,0.9173452577052164,0.72089691822647,0.1389237379157075,0.5706649560551593,0.3334277646955376,0.8499125581413147,True,True,True,True
8660,4,0.1433748440015057,0.7083333333333334,0.7350273928027251,0.7094208031701514,0.7685748181355656,0.6438389698970413,0.7350273928027251,0.4887657986745464,0.8010036061469913,0.5999975178699591,0.8509016256800622,0.6378908433392232,0.8681609830565422,0.6956492051332652,0.5057662349212229,0.31093954682510927,0.589945961448786,0.3483293668959022,0.6317927373008774,0.40918747981693915,0.7488025585958566,0.4525709741326236,0.7276302725101664,0.4788612787355888,0.42839735604385953,0.2624174123881573,0.7995705129559274,0.9007363364884635,0.8030062440930533,0.04694958950955747,0.7460474699496724,0.8789565880618234,0.7821011607100139,0.1309054618421557,0.7789432147286701,0.916085938571921,0.7400815343805807,0.17115104973612744,0.42839735604385953,0.2624174123881573,0.7350273928027251,True,True,True,True
8808,4,0.1432610522186169,0.8125,0.942009488060962,0.8766605962575649,0.8831583679729074,0.8252843895964403,0.942009488060962,0.7442522235757238,0.9077815561259445,0.6823207595791021,0.918345357971485,0.7058075791813326,0.9132122768642803,0.6872215890658389,0.668830837226882,0.4508294479345688,0.8791784522310103,0.650368229861356,0.8945922012656061,0.6999416877649818,0.8398592052618704,0.6189635182354286,0.8359331808082,0.6262444887689241,0.7859175719197675,0.5374743657800999,0.8247516525414551,0.9103703684599149,0.8751422689507907,0.05274027145703129,0.7864868202328261,0.8985501144731807,0.795190317172668,0.10110509526693928,0.7860053674970628,0.8938224884034381,0.7822201837934782,0.02140558068348313,0.668830837226882,0.4508294479345688,0.9077815561259445,True,True,True,True
8916,4,0.14312642573122242,0.71875,0.9378845063752528,0.9020827406863854,0.7406272012198054,0.6915236474789361,0.9378845063752528,0.7450946907998315,0.9593230418806293,0.7875674642127166,0.9262353797619653,0.7194481990502766,0.9155539209222496,0.6948981908479349,0.7158618199890137,0.48983641445550186,0.5845681106566663,0.38157846475730894,0.48621093160413376,0.290372006275859,0.6590514295037364,0.4212783933164972,0.6241371219547367,0.3856725030432966,0.6825909590540862,0.44299853108252973,0.7991226221477269,0.898626540079219,0.8072939037695328,0.00808615679692243,0.7867831171541044,0.9016279024021615,0.7402401421531901,0.010185680038053863,0.7638154688665018,0.9204638528943797,0.6406193623971803,0.0715911779273638,0.48621093160413376,0.290372006275859,0.9155539209222496,True,True,True,True
3428,0,0.1429886838394246,0.7291666666666666,0.8702564913861034,0.8653049057107551,0.628210150253403,0.8519612928059435,0.8702564913861034,0.6485084214283838,0.8715732176065998,0.6518889966943056,0.7151508840084004,0.42650946148254143,0.8581507716385686,0.6286574982393893,0.8598505350281439,0.6204052388949018,0.6375154099415221,0.28470897686885366,0.8295340478500297,0.5685093190812982,0.5801184578204128,0.11044167242909264,0.7703329735937707,0.48820563792410177,0.8862598688905543,0.6295535440448953,0.7230884379381333,0.899918206834372,0.7829253318571692,0.27032759433403547,0.805649419806888,0.9355336904677607,0.7003450486332219,0.11941594929223175,0.8065461558747762,0.9413207073563777,0.6770609493095895,0.09851547340488225,0.5801184578204128,0.11044167242909264,0.7151508840084004,True,True,True,True
8733,4,0.14285481654457424,0.8229166666666666,0.7830588763095482,0.8535446517973733,0.8808383659223379,0.7583041157536097,0.7830588763095482,0.5266922811469412,0.8769017774762253,0.6483993638142241,0.8856046042368021,0.6712884456289223,0.8377436451040482,0.5847776083166172,0.8195748736983929,0.5148972397070501,0.7765162106543013,0.5076278046074205,0.7353038334490527,0.4518232945127303,0.9206906597945317,0.7088824921486382,0.9104572807505951,0.6935394204015517,0.6791224748452334,0.44539104795844475,0.8163258427862173,0.9168658851388725,0.8095310832222067,0.11312138985523879,0.7335879763373361,0.8813206191228562,0.7755044754621344,0.1787204551654116,0.7797755641000048,0.8969662786341305,0.7845034172878239,0.11011378535204912,0.6791224748452334,0.44539104795844475,0.7830588763095482,True,True,True,True
8680,4,0.14279293487823164,0.8333333333333334,0.8612392637815715,0.7942063745496903,0.8763642487709389,0.8531826931010567,0.8612392637815715,0.6142856842575712,0.8264085526240429,0.5202372534349988,0.8916681095991934,0.6067102536968458,0.8936375482980501,0.6378372771735878,0.7044986987574953,0.4191897654538267,0.8451953500763429,0.5884152609866682,0.8291873567236089,0.5613288212231395,0.8730232207093022,0.5505467254991169,0.8885766060710458,0.6150776332666046,0.8268670203047351,0.5901777610134378,0.7476379987225262,0.9196050730349773,0.7394521939203008,0.25608676610834946,0.7090747347618476,0.8950834547215015,0.7324610103904594,0.2562295782186902,0.7363845528013753,0.924548518745469,0.6589291215552028,0.21875042068381295,0.7044986987574953,0.4191897654538267,0.8264085526240429,True,True,True,True
8937,4,0.14266110753576153,0.7395833333333334,0.5034371374172306,0.7813574801596499,0.6639707147374281,0.5433285764176514,0.5034371374172306,0.24692473129083203,0.7259031754129822,0.4578162399271878,0.7312004861184532,0.5210402660034749,0.6214973338316243,0.38440017903665114,0.8029815221883428,0.578577567068014,0.6401707436502204,0.38074855320000855,0.42871019413228983,0.2855091524710298,0.6548576826638188,0.4485889346911712,0.562810762953886,0.37667014203925253,0.5416666348642454,0.3384341817190546,0.7805825782977229,0.8933629057717852,0.7865790039901829,0.07817865074035213,0.7571607181815118,0.8880470892191036,0.7272669219607313,0.07494432804009149,0.7118017048559273,0.9027436057472414,0.6647109451544635,0.21560325914217318,0.42871019413228983,0.24692473129083203,0.5034371374172306,True,True,True,True
8712,4,0.14264224187834518,0.6875,0.930073458911663,0.857538338762079,0.9044427905486075,0.7214921020221329,0.930073458911663,0.7166795875008496,0.8928510179088125,0.6547541311298246,0.8938934717085245,0.6517267291401692,0.8350074031042917,0.5835472368174716,0.7315363103428163,0.4667899285057431,0.8598387680117744,0.6064446384196026,0.7676745647321457,0.49557179324310996,0.9415399013637091,0.7421506184003257,0.8797894097089404,0.6336620250746364,0.5994040932567581,0.35044268797323685,0.8225673237045685,0.9148905957849003,0.8121836234248516,0.06252004782238797,0.7592157355929583,0.8844609726541789,0.7873338775139848,0.11671248410108248,0.8070080801162995,0.9043845060054491,0.8145107966811298,0.05315986229015633,0.5994040932567581,0.35044268797323685,0.8350074031042917,True,True,True,True
5339,2,0.14227444442242257,0.78125,0.6939496041154019,0.4961104780123726,0.7179670077213701,0.4302870328075885,0.6939496041154019,0.488771609540784,0.4328504579625121,0.2883482397042678,0.7201785575593951,0.5191244157635787,0.4467639697837117,0.27151580002459486,0.5656623100520193,0.38989060224145355,0.7301974364185362,0.5243482965427615,0.6137527092716122,0.42302600685169467,0.7114391409302705,0.46620710970777013,0.3981501987936442,0.2105656667443795,0.38590980043993794,0.20950417255120823,0.7386798820455258,0.9262194779104831,0.5881189765221524,0.06993346964223637,0.7269563688810753,0.9051247958642636,0.6070498679878361,0.0587014870230042,0.7185968849292379,0.8759512356855002,0.6590925130987247,0.040816379160197154,0.38590980043993794,0.20950417255120823,0.4328504579625121,True,True,True,True
8779,4,0.14202724153994786,0.7291666666666666,0.9046904988446937,0.7901261904540613,0.8938843324571059,0.7601870999395808,0.9046904988446937,0.6962888631156728,0.8172968183519762,0.5219308193139853,0.9112040794624294,0.6821905303472751,0.8832906764611139,0.642013213990553,0.6541990832350411,0.4332109770951905,0.8840179832709123,0.6575867371088294,0.8583203131126139,0.6361482739054669,0.8650480238871627,0.5749785163527346,0.83210220301459,0.556314378185097,0.6641832124532349,0.41758530401032146,0.7686324017325863,0.8891050622089832,0.8330445290178828,0.13686718573633047,0.7075368765717998,0.8543977917267036,0.7673294887152511,0.12197467174120262,0.7368886749507149,0.8686307372800711,0.7517480695286255,0.06300099028039315,0.6541990832350411,0.41758530401032146,0.8172968183519762,True,True,True,True
8945,4,0.14186998056807135,0.90625,0.7483391950321407,0.5829338373137861,0.6331762103644912,0.6708063565917992,0.7483391950321407,0.4951904857265019,0.7462948591186334,0.49084359575999525,0.8032842547352477,0.525853496322571,0.7925399382758801,0.5531070127519138,0.30896619119425295,0.18747650219450596,0.49459953254127953,0.32668214158562303,0.48977027122216255,0.32722545612054643,0.5889078943491144,0.33041352411586944,0.6511120206965566,0.4282567103173103,0.6764864801102024,0.44008267572342863,0.767637290031191,0.8836309449511981,0.7857211509212623,0.05983334419178001,0.7521179038695307,0.8827816704561099,0.723748832857311,0.043521608300049426,0.7022116619657124,0.9029531668683418,0.6694497670739856,0.2420514860031482,0.30896619119425295,0.18747650219450596,0.7462948591186334,True,True,True,True
9221,4,0.1418506467972107,0.8333333333333334,0.6394551425033826,0.5501864964846168,0.5418727901811642,0.5587818651933453,0.6394551425033826,0.37566298526153374,0.5769128071725214,0.33507235830910953,0.43255548288421863,0.3037489497630951,0.6912003957988682,0.4157854412833576,0.5318469329408709,0.3180879239175429,0.5171507708767334,0.3280367512012691,0.2799160250242564,0.16314186867285252,0.5736108497246752,0.40384634562179855,0.4145455535418944,0.2974498717777545,0.5936804328893328,0.3453271111046581,0.7159157935540332,0.8753163201988297,0.6570004804877082,0.05100059787507117,0.6656568972862233,0.9012423986284787,0.6038096384062162,0.24106994202089213,0.7867212927015345,0.9361472874392804,0.6394384229447234,0.040178362444714726,0.2799160250242564,0.16314186867285252,0.43255548288421863,True,True,True,True
8654,4,0.141830244108349,0.71875,0.7976391728031625,0.7306989906714806,0.8213709064040755,0.7674603237767581,0.7976391728031625,0.5158940092937,0.7846749629546919,0.5416035510651775,0.8604944789425606,0.6142063024392916,0.7978946326990173,0.5770434431504801,0.65933340663013,0.4165080660424252,0.7375833195962533,0.46736258250167206,0.7415880942232254,0.47619908117092924,0.8397387795913324,0.606861361528057,0.8312109312574967,0.6187501535537676,0.7504331233464955,0.5292106989199412,0.8064685147688284,0.9095100477234264,0.7943236063722982,0.08644128567938023,0.7479841402066388,0.8850308127336912,0.7834751876904392,0.15805649086163445,0.7474820808981425,0.9075036390526361,0.7251407635197711,0.2069409471878864,0.65933340663013,0.4165080660424252,0.7846749629546919,True,True,True,True
8903,4,0.14166873859074428,0.8854166666666666,0.9620819675984441,0.8686876522395168,0.8385581928482613,0.829064260901533,0.9620819675984441,0.8061960501411803,0.9405849831807462,0.7375269295637911,0.9539618440252106,0.7778705488908142,0.9432140094020024,0.7607945659536784,0.5807299058104569,0.39450619323569713,0.7898438934610434,0.5601259651464005,0.8469758856770508,0.6538463313149163,0.767555618736621,0.5347394215267476,0.7902739888714189,0.5851827375245271,0.8195224587610952,0.5768110041451311,0.8045983712280658,0.9015568327618453,0.8155584660305373,0.0284716067521903,0.7953682203771242,0.9101528593828678,0.7311229319146656,0.030956293970955208,0.7820500804831965,0.9317348582942524,0.6413732709618977,0.042070349169570566,0.5807299058104569,0.39450619323569713,0.9405849831807462,True,True,True,True
8999,4,0.14146434368100377,0.7916666666666666,0.944351497096586,0.7093705294160519,0.8278210020916683,0.7709997887161224,0.944351497096586,0.7510630380079925,0.902029109389197,0.6594836743432615,0.9081371239832516,0.6792396256362244,0.8957760732703829,0.6709911972142443,0.22766743983234738,0.1506567251804506,0.4751173048915017,0.31266112018671,0.5530196251736341,0.3566764104842034,0.8966150918720635,0.6495168575821567,0.902787986391261,0.6927470712758308,0.7459462775562452,0.48302077487370865,0.7172438864319837,0.8667514066159201,0.6998762580847893,0.07852897071403345,0.6656527591573735,0.8666092294413432,0.6121330625299799,0.14352936239545133,0.5579915574736096,0.9175953440188215,0.5753732489694875,0.4085017693369938,0.22766743983234738,0.1506567251804506,0.8957760732703829,True,True,True,True
8838,4,0.1412872892659353,0.7083333333333334,0.3728747213127853,0.7990026728143164,0.8554497918078123,0.7363136287484036,0.3728747213127853,0.1746342184936055,0.6130955223403409,0.3756726239812824,0.7637155546635773,0.5378126013900477,0.7442683354524098,0.47529311319664624,0.8843762323932277,0.7249892519498625,0.9305265362570053,0.7778462311151446,0.8213844088478621,0.6360480015995813,0.8291098285148691,0.6563074942851661,0.6659371190702146,0.5030366281303575,0.7396018107032838,0.5250724407135985,0.807058526767486,0.9009540523493561,0.8544217191594206,0.04994416527624642,0.7858829107205005,0.8967751695984446,0.7746224384369502,0.05832241728191753,0.7855297887921728,0.9068884356488734,0.7422496974071199,0.09905014786284419,0.3728747213127853,0.1746342184936055,0.3728747213127853,True,True,True,True
8827,4,0.14105478448539258,0.7708333333333334,0.8909788071299387,0.8855546952887775,0.8493089612957525,0.8864624544942117,0.8909788071299387,0.6460096669090036,0.894741308573583,0.628374737381999,0.8863071692856411,0.6252175207600179,0.9483253563241343,0.7551232256313039,0.8600288038797952,0.663339008966886,0.8109639792240474,0.5776969561761611,0.9070754724391903,0.7217214609593616,0.8106492150302314,0.5883296205377364,0.9319464816708586,0.7557392750412869,0.8336765975529048,0.587922484203047,0.802473403845133,0.9051921388255019,0.8595699122331234,0.12172927662278846,0.7556543487821346,0.8892091200581966,0.795406030263484,0.16198608198701203,0.7843457994087735,0.8937400975697054,0.7739298861783195,0.00843064893613392,0.8106492150302314,0.5776969561761611,0.8863071692856411,True,True,True,True
5328,2,0.14086014422140444,0.8125,0.5285273249110922,0.25957558543448334,0.37059384434927145,0.2836087142543926,0.5285273249110922,0.39488399051033085,0.31810988959677444,0.25216862587968336,0.46039415265418093,0.3204238541214214,0.34789011887535315,0.18967388997540213,0.1779741474146509,0.21413357481117212,0.22192306667457096,0.19223664704370047,0.20016087062675225,0.10987637357317381,0.3701800836200867,0.2076517927639694,0.23815776845280334,0.11975344208344607,0.3028608180070752,0.19927596567381023,0.7161461765264523,0.9328626694582416,0.5403269984594374,0.001526609256740651,0.7154766626991033,0.9091156037322579,0.5767865588400322,0.02391493615683341,0.693803067298572,0.8638390641546229,0.6359997306308148,0.022452161597266346,0.1779741474146509,0.10987637357317381,0.31810988959677444,True,True,True,True
8914,4,0.140835393816767,0.6666666666666666,0.9191728176064087,0.878529093709691,0.7348150494183887,0.7109672026101839,0.9191728176064087,0.7158231554253566,0.9470344450031115,0.7667238631543607,0.9221695497347334,0.706739952667301,0.9275479273776829,0.726558728034219,0.6399789134479492,0.44103547201249593,0.6144919974202114,0.4122796938589267,0.599797112554713,0.3867444170002111,0.6454351516750272,0.40265335223596976,0.6406641602540002,0.4102859319724814,0.6932564077451207,0.454020620716317,0.7980186003181774,0.8979780427847636,0.8071791808659702,0.01007629295075299,0.7857275154629649,0.9016756434796493,0.7364748527411573,0.0003864205629886037,0.7605739963267348,0.922807344185919,0.631382896196921,0.07791783666813337,0.599797112554713,0.3867444170002111,0.9191728176064087,True,True,True,True
8663,4,0.14057703374952787,0.8125,0.8150080932542328,0.7275414068519721,0.7791702559583497,0.6527218368782581,0.8150080932542328,0.5609632322705893,0.7976596344398879,0.5686849532092042,0.8624428393175037,0.658269949785232,0.8901997753868173,0.6983366277801123,0.5871103937774003,0.35267339582555535,0.5181504623493663,0.2739256022698183,0.5954786929802144,0.37022478724442254,0.7619059863524296,0.5039380718910006,0.756862607294673,0.46940388251254617,0.3443903070287422,0.197348459251933,0.7935971627577645,0.9006367146317711,0.7730255750173032,0.035562986815547974,0.7363263967707028,0.8740490317343943,0.7489082888280822,0.10943083463990388,0.7573120631539676,0.9042626665862277,0.690033840057244,0.12035330037719011,0.3443903070287422,0.197348459251933,0.7976596344398879,True,True,True,True
5389,0,0.14039514835256084,0.7916666666666666,0.6871188097843004,0.6453299445928031,0.6256834422481925,0.5750811602399227,0.6871188097843004,0.3751663839539141,0.6390049521353519,0.3111273941136872,0.4856441347384379,0.30616722715325695,0.577550625414668,0.33145684658146335,0.650207446734419,0.4108069182689874,0.6534200795588107,0.42764598028423395,0.6243753509876198,0.39498359325297383,0.6473530789035098,0.4031453512699592,0.6048060455457718,0.38094534496590804,0.5366547205758775,0.32938928759509867,0.7873670453959627,0.9311187310864312,0.6534734628409073,0.050280722000723345,0.773743943438455,0.9046918626063623,0.6994995979388853,0.05118161142779645,0.8240902276377344,0.9687101785306156,0.6471986384096209,0.10459212169235689,0.4856441347384379,0.30616722715325695,0.4856441347384379,True,True,True,True
8669,4,0.14038126872573875,0.8229166666666666,0.8500553463054091,0.7622763334069924,0.8337173922063308,0.6122528536806455,0.8500553463054091,0.5619392093798835,0.7913649175226268,0.4759384366786277,0.8707046287755771,0.629759358348088,0.8348696893851022,0.5748728589547596,0.6940768142845402,0.381774627916903,0.6855782122084996,0.397896619637889,0.6561498782445381,0.3822413323549233,0.8363857067568367,0.5568893599794795,0.7808881833445244,0.4984032651727607,0.32169100022179264,0.15643911814233835,0.7813521539725125,0.9137828228088486,0.7701966740065338,0.18174133035750206,0.7135299563109998,0.8810820487968875,0.7322576953704542,0.20156123691901937,0.7308388167779314,0.916219384286085,0.6519855844431738,0.19697624827429783,0.32169100022179264,0.15643911814233835,0.7913649175226268,True,True,True,True
9301,4,0.14033021600609147,0.65625,0.7902546051814083,0.719948936995419,0.669965891975858,0.7349579900843601,0.7902546051814083,0.52691559574946,0.8539930329999076,0.5872715146609941,0.6863674078242785,0.44284933907682733,0.6649692094203923,0.38540950356771975,0.2993860909121263,0.2233870215036211,0.05272262634637137,0.05893861479916929,0.012884655628548347,0.030159722134540656,0.7892507626239538,0.5556430638611539,0.8256547011092243,0.5935573403190155,0.7549852678161953,0.544216199336567,0.7080105480149468,0.8565516092187383,0.6971325793605638,0.015990126933255952,0.6867252922589528,0.8671557234467872,0.6762592686393787,0.16968293959479455,0.7533261954063494,0.879279362906454,0.7727861464452472,0.09200650778383429,0.012884655628548347,0.030159722134540656,0.6649692094203923,True,True,True,True
8930,4,0.1402681116600558,0.6666666666666666,0.5512625647510643,0.5886198377661767,0.6308661144235397,0.6828929885303494,0.5512625647510643,0.2857839699545659,0.43164741093690373,0.2360473950152805,0.6539539429066961,0.4451625069248123,0.4913661269668729,0.24147025650689768,0.6459343688067051,0.4782689425904538,0.6766530437200505,0.4872166932023072,0.45803968237040693,0.3300162828662855,0.6040628321315917,0.38834656644389254,0.6596678263086209,0.4387446192644774,0.7143433532809678,0.47072386573223146,0.7958846753505198,0.8955809700491938,0.8238684793257555,0.03221672295525943,0.7759879190242229,0.8892243096206943,0.7712390102486044,0.028485486273822105,0.7543106628368705,0.9075973515748299,0.6933047034444485,0.1533001979974039,0.43164741093690373,0.2360473950152805,0.43164741093690373,True,True,True,True
8761,4,0.14013202975028338,0.8229166666666666,0.857430374923515,0.786236509259318,0.8159073872405018,0.6698090866234571,0.857430374923515,0.5832160386992571,0.8209742349047967,0.5653174034807449,0.883145201909469,0.6380748780705829,0.8990541712721307,0.6758856609628705,0.6756423769689146,0.4419147969590653,0.7092235364568749,0.48320048667318993,0.7799921684056976,0.5528401061936234,0.7069458282250207,0.42705151110119244,0.739398596019821,0.43891153245844183,0.475770939769821,0.28884456891666743,0.7993205951881496,0.8989652752998919,0.8102236594311049,0.030706621759113067,0.7299811338064977,0.8616876058257626,0.7565309455303424,0.038294556045877094,0.7487522974618017,0.8838500884475594,0.7522999982574968,0.12301729617392666,0.475770939769821,0.28884456891666743,0.8209742349047967,True,True,True,True
8662,4,0.13979699464777293,0.8020833333333334,0.7866843502696258,0.7037725882093282,0.7957340621784232,0.637821106097737,0.7866843502696258,0.5195582013565361,0.7775505281090912,0.5669590463320915,0.8610321994863847,0.6544836513564144,0.8761501561288908,0.6841856628466033,0.5538944093093572,0.32041639125687704,0.6388244821983371,0.36593885853843067,0.6320251911803765,0.3795921421823769,0.784685230044374,0.5223778504453596,0.7343644167005865,0.45095889952217827,0.36573519795714715,0.20937046179285346,0.7928307454744179,0.9010175002030052,0.7835391127814025,0.07211531520054945,0.7325232843572653,0.8765632672575441,0.7612033693279182,0.15010653249483025,0.7599576260267099,0.907487022081932,0.7145994354324755,0.16238672401699467,0.36573519795714715,0.20937046179285346,0.7775505281090912,True,True,True,True
9217,4,0.13978934481673455,0.8020833333333334,0.5650415418144075,0.5147441053453508,0.4826112764964108,0.5343168170822489,0.5650415418144075,0.3544811860843152,0.5897237853507951,0.37866587245702255,0.4414169710829381,0.27004825237680186,0.48334765941828894,0.27313439423087427,0.4525556354917364,0.28704608744607396,0.37187021257104935,0.26165653191926963,0.3073644521213701,0.20858741737873943,0.5323583119566876,0.3906883755289352,0.3719280882581857,0.2741970881998166,0.5885879991022873,0.33109266046057595,0.718744618304671,0.8752303125805286,0.6609117673144957,0.03675653561191942,0.6766761452004573,0.9006125728017669,0.6144296941381071,0.22918599662270328,0.8039255945450344,0.9388059322101163,0.663125791319447,0.037834425149215006,0.3073644521213701,0.20858741737873943,0.4414169710829381,True,True,True,True
8893,4,0.13978012100354803,0.6875,0.9550883379889726,0.9194501596589582,0.8922880523670049,0.8257829458055659,0.9550883379889726,0.7946158114560031,0.9518346999712385,0.7748069820907629,0.9597384573334629,0.808411684722025,0.9331269829414167,0.7430878206773623,0.7579753426105138,0.5340035089086372,0.8621943055431359,0.6747364178541144,0.7849504303215575,0.5818212534809335,0.8240688717201481,0.6339988907665108,0.7501768257310253,0.5607536156166539,0.8197381547985045,0.5735865735771246,0.8072315043465966,0.9010663191735012,0.867559824759244,0.05971869082919627,0.8184764011027656,0.914211737397897,0.7834079623553644,0.01403823806388441,0.8000109075900665,0.9273604885771437,0.6889298421626237,0.05601245427872485,0.7501768257310253,0.5340035089086372,0.9331269829414167,True,True,True,True
8858,4,0.13968974792115088,0.6979166666666666,0.9218742659323762,0.8730621399523041,0.705612306076381,0.7272491534207093,0.9218742659323762,0.69774412338529,0.9119366207382593,0.7127908546412192,0.9282773919509323,0.7595452077365641,0.9483884530202182,0.7914248068966636,0.7751809416566603,0.5439612908339325,0.6905222865096166,0.46361951958343794,0.822509153489101,0.6071914145605585,0.16540536494638902,0.15389098965954728,0.4455805791807178,0.32399116434886066,0.6395232078712974,0.43047454412128106,0.8072481256636768,0.9006661748490061,0.856282627694492,0.04451442008435785,0.8136589619729923,0.9134277460418002,0.7703094083516003,0.014436990088141229,0.7874519087303906,0.9066062032014648,0.7395363272430313,0.08105896310846179,0.16540536494638902,0.15389098965954728,0.9119366207382593,True,True,True,True
9256,4,0.13958535495451688,0.78125,0.9123519571707928,0.7800811680845183,0.7570889170697286,0.7086942664497914,0.9123519571707928,0.7298863325791298,0.9050297255282682,0.7043562430847983,0.9304257636343753,0.7260319174361083,0.9112152983783292,0.7176204039012695,0.4779988793662593,0.2814244057556595,0.5196949230761647,0.27992708301682534,0.5149675789700563,0.3443733369636811,0.6680656929293364,0.39462909941615754,0.6075122779680666,0.34128305924332725,0.7077701805510821,0.43653194747979396,0.7156085917094595,0.8791910612115023,0.6569615752851016,0.08934419952988357,0.666410002151958,0.9084456423401661,0.6248901456289051,0.280106699705147,0.8025459732490237,0.938741150808835,0.662648160303975,0.04961487243715746,0.4779988793662593,0.27992708301682534,0.9050297255282682,True,True,True,True
8681,4,0.13956296844883168,0.71875,0.8741443472169692,0.8028083129774544,0.8805762688802972,0.8292599814540194,0.8741443472169692,0.6290162795216446,0.8453353419607429,0.5419111999271897,0.8998443075577826,0.6260447178386597,0.8918486517775434,0.6342984369003115,0.6661613229995604,0.3696573429059158,0.8449500108848071,0.5866169516905744,0.8129614130107682,0.5419639623348594,0.8743285483850367,0.5441471513433628,0.867242891054803,0.5644580617145167,0.7871538994551186,0.5372519939484446,0.7504979088518262,0.9209733024675835,0.7244848256710172,0.24307651777246228,0.7072126297733407,0.8971862106287721,0.711410560672245,0.2514316500608158,0.7296263481420835,0.9243061105029526,0.6399044367591951,0.20935884443405375,0.6661613229995604,0.3696573429059158,0.8453353419607429,True,True,True,True
9018,4,0.1393275830442175,0.7916666666666666,0.8915791379809366,0.8037421841637833,0.8881290347820127,0.8028619988046164,0.8915791379809366,0.6477142723690015,0.9129649655939722,0.6849310821402632,0.9339456769692791,0.727314784172455,0.9423469341878659,0.760126557388087,0.5915351470521325,0.44856149764444286,0.6002778170961958,0.4610663011898981,0.5953193643510908,0.439892349629203,0.9273931751281852,0.7216720521852149,0.9250956584086757,0.7253766884940922,0.7472147988295158,0.4843170663951011,0.7146993949168354,0.8700035231456501,0.7079773470291093,0.126310148531541,0.6575883289673545,0.8689598406200771,0.6232765032439272,0.19272408614086792,0.5073624143686731,0.9111180215250466,0.6027249082663129,0.47714497008103063,0.5915351470521325,0.439892349629203,0.8915791379809366,True,True,True,True
8826,4,0.13919134025833496,0.8125,0.9123859792108956,0.8862320724002187,0.8782202977799838,0.8871578987744879,0.9123859792108956,0.683851171205129,0.8938305558908543,0.6437685337702481,0.9037576819674606,0.6608963765972298,0.9498123923443001,0.7621079623950551,0.8659939884606691,0.6678848017528045,0.8635917312352049,0.6431058676839925,0.9143340556196755,0.7248422337231635,0.8515965974765488,0.6381579076677144,0.9314860164420753,0.7516228812237232,0.8338714824955833,0.5872237328381271,0.8054029218665162,0.9052322419207939,0.8614252840620262,0.11010649567391802,0.7588047119723283,0.8888367856774189,0.7973873270290245,0.15120554260328192,0.7858772884667111,0.8935885659066479,0.7827205789039021,0.018207858477801004,0.8338714824955833,0.5872237328381271,0.8938305558908543,True,True,True,True
8694,4,0.13905895279381483,0.6354166666666666,0.8863622519648958,0.877876296382673,0.9141152906282335,0.7284508427769272,0.8863622519648958,0.6291809811078115,0.9040909053558275,0.6485885970744574,0.9280541058298494,0.694507230733651,0.8578258988893873,0.6023471530780617,0.7822918774313485,0.4963866156982104,0.8316279635471007,0.5909719744251667,0.7100879273815761,0.3992321973141818,0.9283150306992396,0.6955646015264558,0.8655770907480875,0.5879094873100894,0.5841898703009079,0.3431165211428483,0.812092360122064,0.915697354193475,0.8033525155342911,0.11742198082773299,0.7625598298199889,0.892151251604767,0.794643681502553,0.15448721530510406,0.7969470466788978,0.9186259761992448,0.7517121384591254,0.13808116540637413,0.5841898703009079,0.3431165211428483,0.8578258988893873,True,True,True,True
8751,4,0.1389367424473762,0.75,0.8352705049336522,0.7262091967189324,0.8333087460730327,0.6163931802376447,0.8352705049336522,0.5813469048162354,0.7872407582386387,0.5344692292309619,0.8839650874339164,0.622702922558318,0.7666990431580454,0.5426725794705536,0.6121913969821582,0.3713898973626065,0.779327491804811,0.5095131353569264,0.6538834548999466,0.3935209042814152,0.7959646440781185,0.5414399704252189,0.6904456963242174,0.46633506895373367,0.5574086530108535,0.35183853900463946,0.8056448824698177,0.9013116716027142,0.8535994822483127,0.06664378353958196,0.7451619409948489,0.8658463880864699,0.8125100822345107,0.041027615646089526,0.7392697168410081,0.8786656670659548,0.8248929004580107,0.17289339840138115,0.5574086530108535,0.35183853900463946,0.7666990431580454,True,True,True,True
8731,4,0.13890076722550046,0.8229166666666666,0.9212949077140341,0.91925853331446,0.9205518443453422,0.830942036381494,0.9212949077140341,0.722148052001993,0.9459399090638454,0.7461294009144306,0.9315933615931864,0.7353882536015425,0.9293239125561212,0.718152617530224,0.8423158894671304,0.559131667013843,0.8061475554267035,0.5240334305694495,0.7324931253394313,0.46746634043451485,0.9479711972203367,0.7608935322491371,0.9422300923322051,0.7398787762171529,0.7373572660037824,0.49360698941877645,0.8219583239229171,0.9182461942129821,0.823552286956516,0.11068339167288156,0.7400128937354278,0.8835065468369943,0.7920934404827878,0.17948417355041882,0.8040309908479982,0.9070534083252493,0.8235587706350114,0.10836761593497075,0.7324931253394313,0.46746634043451485,0.9212949077140341,True,True,True,True
8700,4,0.13879407747000613,0.6458333333333334,0.9361289994935401,0.9116510868836583,0.9301261787101656,0.7546361206172135,0.9361289994935401,0.7330816706782854,0.9354697472409987,0.7307064273625028,0.9476575296210608,0.7521055839145664,0.8884148377262954,0.647360116628577,0.8229479038183158,0.539841477322738,0.8566204936033441,0.6026190562472498,0.7541968835626198,0.4528736193846228,0.9337384897065115,0.7072567125179062,0.8601480113168357,0.5778429567991561,0.6212805416152172,0.3830234378292082,0.8227782787743485,0.9170773336387825,0.8436222736477659,0.1133883206568758,0.770160711866708,0.8940426679504245,0.8195064968144449,0.15360969839692032,0.7984471520458275,0.9079736788060958,0.7901883599965622,0.10998030747267576,0.6212805416152172,0.3830234378292082,0.8884148377262954,True,True,True,True
8883,4,0.13870559998450518,0.8541666666666666,0.9223462228004335,0.9209044455302431,0.8160518859488174,0.7639592457312392,0.9223462228004335,0.7329490306881756,0.9472756967357997,0.7618215011380975,0.9402823299029115,0.7449259596490264,0.9211819821463945,0.7183523500709031,0.8144754894680849,0.6062969007503991,0.7515018823798914,0.49795153232439393,0.6806069005227806,0.45827972658213734,0.6267206031363846,0.4143399752994762,0.5943904846734765,0.4313442985992343,0.7571808147318073,0.532910765413515,0.79186516965894,0.8960346352479716,0.8076178351257137,0.05652758053522084,0.8030897237897945,0.916407292507629,0.7248301244530663,0.0032849127175989877,0.7690718825416603,0.9073988308213157,0.6744379292135225,0.005474847606504507,0.5943904846734765,0.4143399752994762,0.9211819821463945,True,True,True,True
8943,4,0.13863027260349353,0.7083333333333334,0.7668405010152304,0.5327112235004839,0.5946455421852048,0.7076069334400668,0.7668405010152304,0.5014985257841894,0.6664246063076431,0.4250312371077466,0.7476196077546284,0.4749174517544955,0.688626209774384,0.4557449499031053,0.3706752088503207,0.22032529349373897,0.5252094961971976,0.3080076917598924,0.5466420154126597,0.3582557466402876,0.5543624699359575,0.3370326545650454,0.6387545991606403,0.4182216971374797,0.7389292928035682,0.5053686814467133,0.7723287818605232,0.8880557453303743,0.7801799086183382,0.06838880615598805,0.7600143592753564,0.889775328584771,0.718881634064879,0.04981085480216842,0.7144834163864529,0.908672540268488,0.662578169716995,0.22503317496404474,0.3706752088503207,0.22032529349373897,0.6664246063076431,True,True,True,True
8991,4,0.13856104024306667,0.5625,0.9033203515972112,0.6991338458879784,0.8095475353874035,0.7105510801621031,0.9033203515972112,0.6657815560870641,0.8870331855619913,0.6363637449949567,0.9093356569633959,0.6881778808484083,0.8877654322868245,0.6466608655849932,0.1846429022827739,0.10098974900577373,0.3707653563526022,0.24757386482845845,0.35756973235860534,0.2152618910794134,0.8541327690378542,0.591826123062226,0.8338966104767322,0.5848240133228597,0.6795190204693978,0.4019383996454162,0.7453631160258708,0.8824405040248426,0.7116550458366885,0.06457905534466674,0.7003516630531127,0.8754996744882776,0.6382172735108673,0.09922237228751703,0.6238901041222373,0.9270778900401287,0.5921603936508315,0.3513026909822137,0.1846429022827739,0.10098974900577373,0.8870331855619913,True,True,True,True
8793,4,0.1385074670392007,0.7395833333333334,0.9186306809927236,0.9275139672209006,0.9257581141015423,0.7921447632989267,0.9186306809927236,0.6939046871269335,0.9461112629263465,0.7449632154264372,0.960524443188479,0.7855278234467122,0.9275842413093378,0.7095559219458312,0.8435106035367397,0.6313787012126992,0.8969596218439386,0.6769025332356053,0.8618036645579282,0.6551676825035675,0.8729766647257927,0.6206897253261889,0.8171173968470664,0.5864648077917448,0.7039518851375464,0.4549202544564884,0.8219743717226605,0.9074695995921548,0.8958985316900009,0.03732040794108252,0.7871344455749625,0.893965370443199,0.8250820262374506,0.08540914978921055,0.7725035116540984,0.8824250537547345,0.8182983033865815,0.045367650668382796,0.7039518851375464,0.4549202544564884,0.9186306809927236,True,True,True,True
5383,2,0.13824887102200514,0.84375,0.6003676523097399,0.4368446626991328,0.5203888087142909,0.37345115002705576,0.6003676523097399,0.39240740132410734,0.4756465656867507,0.2702703179046979,0.3566291737200048,0.3266390998672837,0.35734895499933483,0.2164000057974228,0.3907459796456575,0.15959068079487393,0.45763370734284414,0.2983839225579231,0.34323616430510984,0.12684108085000778,0.59122952914136,0.37012318621525386,0.4340707508485693,0.2132229650131814,0.3468581444465113,0.14441310170825428,0.7826789131623528,0.93806820239576,0.6288601289440733,0.04102933701580108,0.7691202484692894,0.90883493402984,0.67183072100064,0.026261984885829502,0.763639482139253,0.944628895945353,0.6154956546420538,0.14267297706597312,0.34323616430510984,0.12684108085000778,0.3566291737200048,True,True,True,True
9091,4,0.13823103079013319,0.8854166666666666,0.7290477448585635,0.7596949315098575,0.8447774990629708,0.7853451742130421,0.7290477448585635,0.4985606749544439,0.7591662687588175,0.4829091093033875,0.8132572497345271,0.5626093962147373,0.7815035352543711,0.5522799139065799,0.7606714227683402,0.49439117679049005,0.8542751433904128,0.5594744883305997,0.837920653299723,0.5586933871456059,0.8653416860898164,0.6572009223992512,0.8244639118784225,0.6064611624407301,0.7753758309793676,0.5109150476524056,0.7116940222812189,0.8739456042920646,0.6727617178863947,0.10775871580022467,0.6602244134955497,0.895400162678023,0.5956731910619089,0.22733407204841496,0.5027881779914737,0.9060229620469267,0.635976966833722,0.4951409801603201,0.7290477448585635,0.4829091093033875,0.7290477448585635,True,True,True,True
8832,4,0.13788270799803257,0.7916666666666666,0.3637254364595067,0.7852336099687766,0.8331417131722518,0.6674685155677107,0.3637254364595067,0.22410022868567203,0.5818009566130041,0.3486440522249925,0.8148223035077813,0.5889677536929574,0.5886161106683065,0.369498060227069,0.8854305149438384,0.694659103353332,0.9134181809045384,0.7163096271682499,0.7873641093072906,0.5634767856454328,0.7782746417579423,0.594925084123668,0.7004612284192278,0.5226699495405218,0.6526886765680295,0.4186914115016094,0.8127875088923253,0.9055600928577896,0.8467527568491375,0.06158952927120493,0.7785769848015978,0.8949323699580408,0.7794319834767978,0.09479779912952276,0.7863770577434215,0.9012359205643917,0.7477576281218029,0.047890923159115695,0.3637254364595067,0.22410022868567203,0.3637254364595067,True,True,True,True
8909,4,0.13779892699152238,0.875,0.967960988308041,0.895248073798052,0.7939989797655835,0.7573209527457483,0.967960988308041,0.818090456689072,0.9569236726519127,0.7851279526963246,0.9421408895745524,0.7596945424887345,0.9394820502919393,0.7468386310321906,0.6917200805670181,0.48616971661039343,0.7037391389705963,0.48056649083100444,0.6112916535214385,0.409002351014889,0.7253996443769556,0.4825524831737137,0.6693982936525036,0.45150131429727147,0.7550146280441059,0.49074353356818967,0.811806431013588,0.9044889799146539,0.8360794990148005,0.040174951107322186,0.807000504177807,0.9106438736248723,0.7688759771485618,0.046622139819914324,0.8004855024201041,0.9355838185629934,0.6630094939561535,0.023126104339757193,0.6112916535214385,0.409002351014889,0.9394820502919393,True,True,True,True
8786,4,0.13773718783885194,0.5416666666666666,0.916862824016343,0.8900818520358997,0.9127612537271942,0.6833554719665885,0.916862824016343,0.694988248046162,0.9161075465103486,0.6866784424504261,0.9487688788973607,0.7621964763429537,0.8915330791376862,0.6426580610587622,0.7655756240228918,0.5423007509901848,0.89016677461137,0.6661327376522844,0.766609459503157,0.5342298542851291,0.8546340234958373,0.5747755383019786,0.7030314995075944,0.42416538983426466,0.5731874873832048,0.3675196218479283,0.795714113602435,0.8961070596200846,0.8343796342029391,0.05902095941180391,0.7441295210285306,0.872377299454365,0.7638932235746613,0.07172054695334555,0.7368745131267185,0.8698453008764774,0.7596196037431265,0.08721599636327074,0.5731874873832048,0.3675196218479283,0.8915330791376862,True,True,True,True
9249,4,0.13759018979522739,0.8541666666666666,0.864412752954608,0.6612403754166939,0.64709284176829,0.7039364094732334,0.864412752954608,0.6172848314494055,0.8194581594894454,0.5736158435407868,0.8768565352851551,0.6476586569578904,0.9019551495806998,0.6940382871827444,0.4159371653183316,0.27031995438267375,0.47543589210786674,0.30843129113547363,0.5069654037800536,0.31129912493817447,0.5378050295081374,0.3465466108139066,0.6462948925234624,0.42063167354146025,0.6972938079529387,0.43049023386844143,0.7180759672145256,0.8782293433021847,0.6552668036740773,0.059148272544900175,0.6695062903919137,0.9157131264449334,0.6126564291492489,0.27781446646255264,0.7988567181350226,0.9400032455876826,0.6540479118509287,0.05457958123562588,0.4159371653183316,0.27031995438267375,0.8194581594894454,True,True,True,True
8675,4,0.13744095627232028,0.6666666666666666,0.8881262519374588,0.8146035127656258,0.8199340803486105,0.7081996520403342,0.8881262519374588,0.6446558930532482,0.8441303898716153,0.5727062438685141,0.8486091475853488,0.5713867488603399,0.8194976171498702,0.507384043248758,0.7275671742691571,0.46570170417178314,0.6987421305214963,0.44635923390975285,0.7149693608162504,0.4422915256491934,0.834957820856976,0.5585804912053329,0.8331611265276639,0.5300294070386111,0.5984297279881421,0.36631303062136833,0.7717775400319447,0.9169755974632761,0.7687026812099428,0.21698352153313294,0.717161882068901,0.8890529073799933,0.7540525064344434,0.23458065094218417,0.7422170373897121,0.9229269687981434,0.6780504565435387,0.22273896401671084,0.5984297279881421,0.36631303062136833,0.8194976171498702,True,True,True,True
8931,4,0.13725524909054898,0.5729166666666666,0.6024067527693804,0.540278817676859,0.6798426323626476,0.6549388076375106,0.6024067527693804,0.34455883509483154,0.5153850340582375,0.2356308399418202,0.6994019417366462,0.4753914281092515,0.49493323711818626,0.23506376517634375,0.5541162411711024,0.4038121776457456,0.7205286720572389,0.5148116380439243,0.42310741064291346,0.30568781184102345,0.6574100443964568,0.43782118336965337,0.6254876141108195,0.41619313034221095,0.68745515942539,0.4525828303764723,0.7958413552560986,0.8957758431209185,0.8215816698146923,0.03268379583677089,0.7754098080911525,0.8892638488826706,0.767595262076636,0.024023734578358002,0.7520640140143656,0.9064877477561507,0.6882850329148126,0.14847086600920206,0.42310741064291346,0.23506376517634375,0.49493323711818626,True,True,True,True
8870,4,0.1371957899510259,0.7395833333333334,0.9503671846565424,0.8840853150586475,0.7459617035190858,0.8093151515391623,0.9503671846565424,0.7857378915139132,0.9217737840560931,0.7190655776247836,0.9207219996906864,0.7240707103980956,0.9437294087674527,0.7671936515869294,0.730276630856915,0.47888986224793406,0.7736542220128773,0.5315442297939882,0.7765316077130557,0.5287927824377592,0.4212331050367124,0.2746777359318485,0.6009218859587253,0.41786845482277934,0.8065181947389024,0.5705701836348009,0.8099057975085471,0.902478391766753,0.8396747479937225,0.024842552730907404,0.8250437129383816,0.9198679649985603,0.7762899731438488,0.022332047536648643,0.7984467978445171,0.9084307959693598,0.7621131921721956,0.07342255811440947,0.4212331050367124,0.2746777359318485,0.9207219996906864,True,True,True,True
8750,4,0.13706851658506275,0.6875,0.8492798438111759,0.719614153936528,0.846065954238364,0.6206705124702894,0.8492798438111759,0.5884902261190867,0.7933731949648107,0.5597007918586796,0.8747293677274562,0.6169566767700365,0.7747378403385885,0.5535684189626742,0.5753138786328806,0.34054425019563805,0.8197698930935233,0.5655158449395308,0.7010519374273904,0.4458060829006887,0.8353513058100113,0.5874236233482482,0.7152258196346847,0.47209796268287296,0.5481539362880514,0.3517866948456958,0.8061115445306171,0.9011110641871363,0.848767772872113,0.05612294828469731,0.7403536005378888,0.8631770715166781,0.80460175891459,0.035916416967557874,0.7278705825275831,0.8728294955597913,0.8082683945914004,0.1726053592253905,0.5481539362880514,0.34054425019563805,0.7747378403385885,True,True,True,True
8653,4,0.13706121441999883,0.65625,0.773388326335295,0.7216197783529343,0.8505909339732255,0.7688337519615688,0.773388326335295,0.5010577989184608,0.7522618597355404,0.528620114169997,0.8533261838427473,0.6061503830410467,0.8116783767291345,0.5869879385859591,0.6841780985588367,0.4646241119393961,0.8179453534402391,0.5699519096541192,0.768069135372025,0.5113824883851414,0.8746950584678953,0.6510314843423812,0.8332114506305481,0.6110776526238573,0.7404849839926126,0.5192470822942697,0.8097681495848013,0.9106818316786973,0.8102153661537708,0.09736394748465536,0.7498232356546257,0.8866701647696111,0.799073373362243,0.16937398729757178,0.7389330906932827,0.9039083745138496,0.7374129415098604,0.22449171390454745,0.6841780985588367,0.4646241119393961,0.7522618597355404,True,True,True,True
8926,4,0.137023237455418,0.8229166666666666,0.7080755163330927,0.7805103222847282,0.6675567448205917,0.7740735518551832,0.7080755163330927,0.46174790627476436,0.8198757462011572,0.5825229867839441,0.8435110576975254,0.5954177973760282,0.8776004135125802,0.6349728847628433,0.739523176152466,0.5322061485722192,0.6561038233539163,0.42998542885355073,0.6533837230420532,0.44897959850733515,0.5826744852351876,0.37990411690522985,0.7327527370398553,0.4988109478252225,0.7816723346218998,0.5400800862065844,0.8030464566493507,0.9026932455625445,0.807795106083775,0.05294319652568616,0.7841217405417851,0.8981130023812506,0.7586388077261204,0.055065175290578625,0.7609453741939477,0.9173647119970573,0.6781482059504857,0.15293169670923953,0.5826744852351876,0.37990411690522985,0.7080755163330927,True,True,True,True
8969,4,0.13660255269585755,0.7708333333333334,0.9140324505166421,0.6646505752756848,0.7198105386723399,0.6844720976116426,0.9140324505166421,0.7012032831107544,0.8265646124900214,0.5402928288122126,0.8993206981191487,0.6590899684930289,0.9009880694660954,0.6704373256372408,0.2995180141318411,0.15428728758278054,0.4603288197316552,0.298656936149847,0.47420203883143375,0.31307478706777614,0.6518524327799011,0.3624076189235641,0.6773723542659356,0.36752097890827884,0.6516473222451498,0.41688640202503724,0.7392639660380071,0.8783481304941335,0.7160650185750593,0.07678322662140316,0.7172789526689709,0.8727643169227222,0.6736647977066298,0.06926746474742537,0.6481984296995841,0.9004318068971646,0.6405839275232613,0.30831491815576195,0.2995180141318411,0.15428728758278054,0.8265646124900214,True,True,True,True
8976,4,0.13639880711645608,0.71875,0.8600780546657947,0.7075877493705556,0.750700131917046,0.6297451302583772,0.8600780546657947,0.6288644090309363,0.8568622819592316,0.6314830934815842,0.8837080827032691,0.6546916077097498,0.8728100457950013,0.659549769641173,0.2408951341195399,0.1872931864693277,0.4264765886968255,0.2891017717541642,0.183722059857923,0.1583349959845286,0.7367179274435252,0.4470605452339913,0.7242715182908772,0.4658118090924196,0.5710718417632228,0.35289336567677887,0.715770248673996,0.8724527672317457,0.6662662310685427,0.053765180938548596,0.6757267198271166,0.8641756562132361,0.60641006976748,0.06804224723461408,0.5971301038390491,0.8985625722009529,0.5686859131358847,0.3185372539051162,0.183722059857923,0.1583349959845286,0.8568622819592316,True,True,True,True
8797,4,0.13601433745318636,0.6041666666666666,0.946225312092674,0.9014683929236766,0.8646470890328313,0.8194601313536497,0.946225312092674,0.7552020385155497,0.9311499827889351,0.7157835680461273,0.9348992034206575,0.7184733062653643,0.9351060558370979,0.7163539932040959,0.716311715992761,0.48783084501717344,0.7693187461409003,0.5480117605525008,0.8830828342606264,0.6914095730124037,0.7567187952635864,0.5034800082938192,0.8274853442504068,0.5904932620942198,0.7546452455652193,0.5105112000040857,0.8225236641773199,0.9069397021083869,0.9034785700571999,0.0019949055249651785,0.7874489574609087,0.8906643966888615,0.8245083949826574,0.038177133293027306,0.7654038341739077,0.8854816489884193,0.8044749979374848,0.11005380051072461,0.716311715992761,0.48783084501717344,0.9311499827889351,True,True,True,True
5335,2,0.1354404094299626,0.6770833333333334,0.651439057209018,0.2641623464003461,0.577916857185953,0.3668122769558294,0.651439057209018,0.4549316728059579,0.25116255896085093,0.15982181437827692,0.6343142771404258,0.43830096523399487,0.45230064581709895,0.29443834059281193,0.28120185518578533,0.24556824345474992,0.5889741047102758,0.3240268226345113,0.27779178884359,0.2304919545851174,0.5300880645300083,0.30325324766621975,0.3336904223367163,0.1696919852588682,0.3700445465178571,0.2599152110724341,0.7369359077444293,0.9291113274590349,0.5774466540850299,0.05141895145775703,0.7220072823655884,0.9053377248210202,0.5968340470636142,0.0495438636832791,0.7097098490168816,0.8704119029454065,0.6524407587766526,0.019889999545667274,0.25116255896085093,0.15982181437827692,0.25116255896085093,True,True,True,True
9209,4,0.13539021209890223,0.75,0.9006868095609977,0.817597955684328,0.7430467126047398,0.7561031319644973,0.9006868095609977,0.6664049389903772,0.9268876412039082,0.6831749155329727,0.8795996526495772,0.6201964030022602,0.8654641003313484,0.5893027906164789,0.17678180645115604,0.12336789170022344,0.36442860302917823,0.26493560549765993,0.5541934039788097,0.3726015814264412,0.7438030704136562,0.5443716426483739,0.781752396956876,0.5798142283796635,0.7502939566366807,0.4624567084691411,0.7097787588925306,0.8667709948864788,0.6665979234590963,0.03799921261412512,0.658221096216199,0.8871631860880702,0.604993845793398,0.2218510444676938,0.8148311249134734,0.9406763144799857,0.6777021596506488,0.029755631432913165,0.17678180645115604,0.12336789170022344,0.8654641003313484,True,True,True,True
8783,4,0.13513133252529022,0.7083333333333334,0.928585436414876,0.9111986268163881,0.8982909347106764,0.7095443070568505,0.928585436414876,0.7147312053295027,0.9354814423898977,0.7537123146509227,0.9359202764874047,0.7367058950364096,0.9064935753575515,0.6940476901886943,0.7887485791674446,0.5730269743601262,0.8466214518057316,0.608550694950878,0.7594150057428344,0.5068045463619649,0.850587351649177,0.5743729023251078,0.7951063799345132,0.5139113373314774,0.5905243323889413,0.37844972187602255,0.7796478159391306,0.8886296355777578,0.8222634693882243,0.07490223810562163,0.7108668888113698,0.8542833508419578,0.7413819909282224,0.07865391054501274,0.7145838704137668,0.8607010851589005,0.7283676134378442,0.09332920144410646,0.5905243323889413,0.37844972187602255,0.9064935753575515,True,True,True,True
5384,2,0.13500017907981895,0.625,0.5622494408462766,0.5532780136640658,0.4939945975199589,0.4162532580269189,0.5622494408462766,0.36811653790121635,0.573074689844393,0.3482523372360864,0.40718121955575926,0.3188438947747002,0.402067812362475,0.24505807461256246,0.5318026694568209,0.2793731776023973,0.34711881850647197,0.2206951269008427,0.39621752056948645,0.1416191994587226,0.5689991808953296,0.34966344241401626,0.46482404041254355,0.2277768331285387,0.3948596588237153,0.1482466631122572,0.7851820158165457,0.9375970422280733,0.6341318752822073,0.04260387574861553,0.7716224763134742,0.9081658061836307,0.6788488638242206,0.02358802990121783,0.7695417812107153,0.9490904528743471,0.6174478392508667,0.1457535020351309,0.34711881850647197,0.1416191994587226,0.402067812362475,True,True,True,True
8927,4,0.1349170198109986,0.84375,0.5329823397250526,0.7842687556155067,0.6231466729430355,0.739609549183643,0.5329823397250526,0.34584265762334976,0.7936995352773952,0.566871858378067,0.75725073576894,0.5333182310627516,0.7842962292653373,0.5523750827033912,0.7773146890132427,0.5624620466194264,0.6556018138257937,0.4206481532946923,0.6540716284651666,0.4398038449567243,0.5664800780178367,0.36825902355674556,0.7048020116858796,0.4690577516726385,0.7537839607853559,0.512973119723602,0.8001658663368859,0.900507979046165,0.8086166583388579,0.04800769904493769,0.7793684028218697,0.8942814316172678,0.7614633141700331,0.0522515434349377,0.7578916431446646,0.9162456648494893,0.6835755200253106,0.16576814808132928,0.5329823397250526,0.34584265762334976,0.5329823397250526,True,True,True,True
8735,4,0.13414686398019246,0.6875,0.35337883903442435,0.8115356338549294,0.8141683678598222,0.6148688058060758,0.35337883903442435,0.2730931760202111,0.7507457518724447,0.5507188336285449,0.7019559726851964,0.5094842502397605,0.5603776613405962,0.38958592971576833,0.8527548158440998,0.5540310487038745,0.8042687645889042,0.5217603468182586,0.7085914273875106,0.39455067718840653,0.8781803563256566,0.6516867831724455,0.7973175976411896,0.5440622953891188,0.5534294317641866,0.3518052717840633,0.818195621487116,0.9135628903572234,0.8024277199323071,0.06364359390663887,0.7476300661938482,0.8801887159972424,0.7698101138234238,0.12214202289621726,0.7784356098276864,0.8929383313320707,0.7717649753307073,0.06496361696968014,0.35337883903442435,0.2730931760202111,0.35337883903442435,True,True,True,True
1989,2,0.13404640162112436,0.7916666666666666,0.44475206530794,0.6820163138593318,0.6954771733549812,0.40624440682283036,0.44475206530794,0.18663886026582222,0.5287164675134017,0.25360491107244476,0.7121454042479762,0.4902730355049163,0.3600380720305383,0.2601720196951277,0.7360382219313977,0.49135216195205045,0.7303586090826204,0.5234565185810791,0.6141023220283353,0.4453243270145899,0.6664668135118093,0.4178317340483365,0.3884247268795741,0.2381397525247695,0.36072342507498345,0.2241470731316464,0.8541768261490503,0.9726801061384418,0.6913418153189711,0.1130421551776991,0.8339724411533438,0.9781702476177659,0.6708052753106711,0.16843801818448487,0.8222453879527892,0.9775648152020371,0.7003454818723892,0.2377751483996366,0.3600380720305383,0.18663886026582222,0.3600380720305383,True,True,True,True
8759,4,0.1339540494432472,0.8541666666666666,0.7765133575148482,0.7475040716272878,0.7517636943779749,0.6507609186904613,0.7765133575148482,0.5233395904746487,0.7726255843128731,0.5441772395516493,0.8091162288540947,0.5305521385228347,0.8439879090354352,0.6058125240803665,0.6683723235663082,0.45307428248635695,0.6568728091004327,0.4535140232022449,0.6613862108899795,0.4370947404179911,0.6702978338641179,0.3527713299213511,0.7049153812291393,0.4090567852425019,0.5189108020213796,0.3238552255458693,0.7992002356155586,0.8993156498153512,0.8099559714052132,0.03979007742748585,0.7473764854330897,0.871646724278246,0.7612901967791276,0.014593263865326724,0.7511149384008223,0.8894992610925686,0.7723673839008932,0.16240110969127447,0.5189108020213796,0.3238552255458693,0.7726255843128731,True,True,True,True
2620,0,0.13394887912096287,0.6770833333333334,0.5749082339027018,0.5575106695064893,0.7046047922501733,0.7226434652625965,0.5749082339027018,0.40555916561549477,0.5430245802331186,0.3689312282095444,0.31188865111223707,0.16714811935680474,0.7476942377030666,0.5278045799140152,0.5607675138596611,0.29391630341064856,0.6292570811852043,0.3415089293525154,0.7073921666790417,0.42860399996759335,0.7901044375663269,0.4994359210071173,0.8278247237933724,0.5542547708340874,0.6644035658791881,0.3777699220455727,0.7855886290329407,0.9523869946723031,0.9173873807382695,0.3467382090460607,0.7863037746666693,0.9446618553561134,0.8659035127915813,0.3160369753283198,0.809154726167781,0.9243037252391403,0.8160941781723952,0.1829572197175645,0.31188865111223707,0.16714811935680474,0.31188865111223707,True,True,True,True
5385,2,0.1338642151769293,0.8020833333333334,0.5671706598082387,0.5032949608705541,0.43021481036414777,0.4089642558385903,0.5671706598082387,0.3654649583038627,0.5176641069087251,0.33613665254367175,0.3340310158110976,0.23485570325731564,0.4112707689952214,0.2797666321999701,0.4880871339446865,0.21657153830427145,0.25691765291204927,0.15060881275109406,0.3974399359471604,0.2003940914685951,0.51674241144212,0.2952006375556878,0.48163026097601613,0.26823576281912154,0.36241373938347,0.1934412309622452,0.7906997885461293,0.9384038448192287,0.6418937770190027,0.04453950065377053,0.776527935934826,0.9086321345196802,0.6884663831056915,0.024727754675222872,0.7805791353086466,0.955963803141607,0.6251536870591984,0.1544419784445334,0.25691765291204927,0.15060881275109406,0.3340310158110976,True,True,True,True
8818,4,0.1337648540657568,0.65625,0.881780813542586,0.8728020525408677,0.9049447287843885,0.7922786909384825,0.881780813542586,0.6263019978193665,0.8899222992563492,0.6227860965932503,0.9157772567297426,0.6749430492232665,0.8837522582552982,0.6311986348308747,0.811382093088387,0.5849388134217072,0.8649843839597104,0.6362729257343953,0.8267494503677759,0.5827293604315702,0.9063717674524481,0.7073575099740932,0.888637079129225,0.6893808338570103,0.7153985547053672,0.4502217455556451,0.7934948038329557,0.9022846923508963,0.8334877958911208,0.1260549453821572,0.7450370500885176,0.8850539418473284,0.7689309249099425,0.15747658501611064,0.7503474224507313,0.8770475355449122,0.7413545832442093,0.021269223083879726,0.7153985547053672,0.4502217455556451,0.881780813542586,True,True,True,True
8736,4,0.13346643959023863,0.5833333333333334,0.3219657363694599,0.8048337807693616,0.8027572212557571,0.6298420491443193,0.3219657363694599,0.16350735262015714,0.6587831342611653,0.42279176953277753,0.5953947860370421,0.37806605746599686,0.5662139172218537,0.3727432922792261,0.868338537809082,0.60487424186025,0.8308729336221008,0.555598949742474,0.7193575155145963,0.40689807704189007,0.860973375283365,0.6344711503132663,0.7923065921609225,0.5250233110478182,0.577111703643644,0.36966290321227535,0.8148031402236302,0.9130283611394298,0.8007752563761698,0.07884724784246647,0.744265671639802,0.8785666867986355,0.7710941968886137,0.12674152999340843,0.7837165312949614,0.8955160764336972,0.7708628082478846,0.05190447559544459,0.3219657363694599,0.16350735262015714,0.3219657363694599,True,True,True,True
8912,4,0.1332183109552468,0.7083333333333334,0.9318199176831169,0.8763474227178086,0.8117570841966438,0.785568871067472,0.9318199176831169,0.7252646384250911,0.9392516496860384,0.752827672195447,0.9462232189406155,0.7555546509417289,0.9485898593465313,0.768599497735722,0.7164085399827121,0.48955676652973534,0.7195798272279572,0.48658389130795865,0.6781273116870361,0.44530558066109227,0.7420623713341528,0.4926061333132823,0.7371516867139307,0.5060538469148772,0.7686254921393776,0.5083425900830725,0.8047962109589387,0.9005963468201261,0.8213656309356745,0.00025021441942872674,0.795987090408187,0.905143523507732,0.7528827307175097,0.010693863600131156,0.7774129160033146,0.9268792083530857,0.6462969514709322,0.05445868155625431,0.6781273116870361,0.44530558066109227,0.9318199176831169,True,True,True,True
8809,4,0.13308023211951198,0.7708333333333334,0.9376748914613842,0.8645100544713497,0.8730436375011329,0.7981988260514928,0.9376748914613842,0.7375006374041894,0.8969481973407393,0.6561475066639539,0.9049206575293653,0.6790172567868487,0.8869994183679797,0.6480077861808204,0.6284148435888379,0.3964788310856664,0.8798529129988615,0.6549993571534154,0.875037725805649,0.6685906598498559,0.8313522455084162,0.6111181821247147,0.7968069304715069,0.5837680778103432,0.7629684577846281,0.5142417892901441,0.8263532346670501,0.9111928464623396,0.8741208007646702,0.050446329944606176,0.7915521617440493,0.9009672166347134,0.8007065409903595,0.10068545389375111,0.7966932671600092,0.9002110757560242,0.7858186916297919,0.024517263463228953,0.6284148435888379,0.3964788310856664,0.8869994183679797,True,True,True,True
8860,4,0.13305123995966905,0.59375,0.9182526257383661,0.8681566016665514,0.7485420153599155,0.7553278537004185,0.9182526257383661,0.6948948719416368,0.9092609589691574,0.6922605150977198,0.9388061047069852,0.7631578427387726,0.9411629227842696,0.7673784867367323,0.7726192233502136,0.5246486917893667,0.6744402364335182,0.4257117883133592,0.8046155212286645,0.5969252599731522,0.29204663670860487,0.177772105973666,0.4954812266661891,0.345384334599079,0.7207038428903176,0.49342345681714705,0.8083686715463478,0.9011917198157304,0.8579865229927032,0.04371676206639486,0.8191748263976999,0.9180501886710162,0.7643122172554732,0.0024410379395922166,0.7902355104035708,0.908658947085616,0.7393533220148095,0.08222637675681176,0.29204663670860487,0.177772105973666,0.9092609589691574,True,True,True,True
8829,4,0.13252863671743345,0.7083333333333334,0.8249817441476928,0.8843616327741024,0.8611212855706375,0.8322318283359929,0.8249817441476928,0.5698733060575965,0.8753538474113985,0.6193777156136819,0.9055001701649369,0.6630512439894313,0.923161543544281,0.71003294510418,0.897368417502537,0.714442543573407,0.8549810568385383,0.6274521219173057,0.8726413502680307,0.6740872537402705,0.8056625483731745,0.5894941791048496,0.8826728782793134,0.6882204584275244,0.7774082780761984,0.537293634168704,0.8116907225663998,0.9063881464820489,0.8703975039942998,0.09248471857600887,0.7640352893197857,0.8906545173233599,0.7968224042959439,0.14291855888418273,0.7861694145735041,0.8962530524401466,0.7660279628102544,0.01189728816422346,0.7774082780761984,0.537293634168704,0.8249817441476928,True,True,True,True
9255,4,0.1324950829838704,0.6875,0.9041531060707289,0.7430904756653306,0.7176136623296774,0.7391518153935115,0.9041531060707289,0.7145699866835395,0.8744122376037513,0.6582860689895889,0.9144149868500718,0.6933257809949491,0.9164603848181433,0.7197196738826694,0.5269493707704904,0.30346530731036947,0.4692590440583181,0.2488518412886086,0.5072701897411451,0.3250527792486442,0.6248178248507438,0.36682688395442653,0.6614417281641529,0.406351453966006,0.7405164099093368,0.4745757202379647,0.722832673380567,0.8820778486673745,0.6661643852004252,0.09279026900921863,0.6749256015289551,0.9147428730625758,0.6343733928539282,0.28848202172293774,0.8031444491519966,0.9370191600742458,0.6731548209648224,0.07236067813802874,0.4692590440583181,0.2488518412886086,0.8744122376037513,True,True,True,True
8839,4,0.13234533465129258,0.7604166666666666,0.4969803272269,0.8453297613805151,0.8332378186222635,0.6786962708555749,0.4969803272269,0.25888477787519826,0.7006599049141663,0.4749406357773115,0.7896775249776616,0.5757747995244509,0.7441825989370898,0.4837188938728336,0.9073904665246852,0.7365285048553385,0.9162324888399226,0.740171291500582,0.7852329462654627,0.5735192612826799,0.7926219182319576,0.6169312004597133,0.5672701497858517,0.424079532311212,0.6807658195605726,0.47694045408582453,0.8067613129801166,0.9000225759012899,0.8578059897749245,0.038692169850133434,0.7863339689620804,0.8964150088216915,0.7747149072418194,0.04914249031298244,0.7814605325055402,0.9057372616731394,0.7368166566870094,0.1018100382513271,0.4969803272269,0.25888477787519826,0.4969803272269,True,True,True,True
8862,4,0.13233957290563664,0.7083333333333334,0.9325501743472164,0.8843899370267374,0.7694765882645294,0.7727270464488543,0.9325501743472164,0.7386275191768668,0.9218513164147301,0.7192121605458424,0.9424386614023013,0.7761939579768863,0.9439033408813581,0.7852085053451798,0.7763801982837041,0.5346311401550111,0.7456890344388059,0.494793487324649,0.8026309847910097,0.5475363123872096,0.38656614746999063,0.23859294451800495,0.512472468491928,0.30569526094264843,0.7562278562118612,0.5117596978025412,0.8062377168679324,0.9019413998963456,0.8257135162520981,0.03807731259118064,0.809016745875216,0.9201673760681611,0.7370318115294635,0.0644408186326123,0.769656129818074,0.9080533660258404,0.7165393511717651,0.13500802882517002,0.38656614746999063,0.23859294451800495,0.9218513164147301,True,True,True,True
1990,2,0.132214387966801,0.75,0.46532775564510487,0.6300408388319274,0.684964158387874,0.22876692421217493,0.46532775564510487,0.18387937114863895,0.43602184199434746,0.20237716069780665,0.701320329923097,0.47151772354534893,0.21004763859894526,0.15903104416905844,0.6953671926716282,0.4609048817358514,0.7298326070216973,0.5145711086715005,0.45654883833131377,0.3433003249504004,0.6483409461286871,0.3955224896539077,0.20093331857642305,0.1352364215785008,0.18294011288991163,0.1079951146782705,0.8552886767957009,0.9738278209543387,0.6873740930765108,0.10486281444759099,0.836412346495332,0.9786000827863193,0.6683119938465634,0.15800973829537468,0.8260143050240428,0.9776348778241623,0.6992400898737372,0.22858694485088177,0.18294011288991163,0.1079951146782705,0.21004763859894526,True,True,True,True
8668,4,0.1319384726785663,0.7916666666666666,0.8389728584229889,0.707405567667897,0.8058555273625243,0.6271607271718287,0.8389728584229889,0.5379776654085624,0.7439419717788271,0.4039644795468036,0.8533454493897742,0.5887572703849773,0.8466338844703141,0.5907983966553735,0.6248109279915766,0.30917440993142664,0.6166407602622943,0.31653870925366645,0.6837860250190733,0.4219853299694213,0.8044339946517601,0.4991252077371292,0.7808698543198523,0.5042930266905562,0.30015478628220216,0.1433674459096831,0.7619091255999241,0.9162484025593409,0.7570778205565153,0.22861919302084305,0.6934477006744035,0.8839199012787625,0.726091404813738,0.25091205014076806,0.7105176134213327,0.913427354101378,0.6561960262175401,0.24013321668280055,0.30015478628220216,0.1433674459096831,0.7439419717788271,True,True,True,True
8648,4,0.13177386761374602,0.7291666666666666,0.42234774369556816,0.7792026218664911,0.7492975442036496,0.5542080328522967,0.42234774369556816,0.19376863557380108,0.7028650661916851,0.47178721125484235,0.6640815145149215,0.42820515966807504,0.586800082203395,0.3369735421438236,0.8423790568206315,0.6252405944414194,0.7716187676081101,0.5077383611516175,0.6595998187988081,0.3990603660691343,0.8023829581268171,0.5590098642931918,0.7248145838313511,0.4660250412154272,0.45346872791551196,0.2638183331340709,0.7579492810811901,0.9140999600811868,0.779446963054892,0.24392217269259037,0.6823898570158253,0.885099931608535,0.7726576282264902,0.29726883511015434,0.6376416209515344,0.8885650374467011,0.7041043407925357,0.34333723394205723,0.42234774369556816,0.19376863557380108,0.42234774369556816,True,True,True,True
8830,4,0.13156591212068022,0.6041666666666666,0.7259322450011738,0.8437674106628056,0.8302966755523687,0.8153271719325657,0.7259322450011738,0.48889278605257536,0.8101921063439053,0.5528924972414778,0.8718489449964737,0.6263534311487227,0.8702470235114029,0.6487275880195216,0.879092185135247,0.6877882556162144,0.8571684996196416,0.6297711312899105,0.8704349306550019,0.6757599058710085,0.7692649362140593,0.5568509348961447,0.8635884995746382,0.6754125853027106,0.7823585603814764,0.5424287194778747,0.8141381079181707,0.9060820362906301,0.8669766076890157,0.0729199151418056,0.7698365936347745,0.8907030965845382,0.7943318910861353,0.1192811945836194,0.7840676030774194,0.8960421312062794,0.7606928533764442,0.0224604276498384,0.7259322450011738,0.48889278605257536,0.7259322450011738,True,True,True,True
8749,4,0.1314910155423319,0.875,0.8053864174162373,0.7422569729609814,0.8327177012481637,0.7004477468224852,0.8053864174162373,0.535021850904699,0.7879091593592367,0.5595565341950447,0.8473025534291383,0.564728640400754,0.8152058491573906,0.596288293316168,0.6706014316345346,0.43440462564917315,0.8331728325822715,0.579377457358327,0.7765185767672712,0.5147395139825528,0.8166872625210877,0.5460069275257771,0.789235220724752,0.5644901003430662,0.6334516829203684,0.42284952044691815,0.8075884299920618,0.901354296770642,0.8425479839814803,0.03732232429766559,0.7441192330390001,0.8652245420379003,0.7986201762600587,0.007624537036821113,0.7371554376865481,0.8717948097346814,0.8024467299494071,0.13439343891677327,0.6334516829203684,0.42284952044691815,0.7879091593592367,True,True,True,True
8686,4,0.1313295412055413,0.7604166666666666,0.8359625538935443,0.8209395160159715,0.8079986927241655,0.6289933898655697,0.8359625538935443,0.5749622664319387,0.8569551937376187,0.5569573800404457,0.8327402903937484,0.5131968511820084,0.7968720198572521,0.5134716275421298,0.6591377002407761,0.32786538548134003,0.738898563415879,0.44492787856370564,0.6624482284604933,0.33363261439361924,0.8055513067112249,0.46281173224220973,0.7380579241503529,0.3758261746284446,0.4673135258012474,0.2504291149784781,0.7204600782842402,0.9128114714176474,0.737751837758714,0.28656383011575354,0.6613780453918183,0.8818659853564288,0.6971477553456877,0.28668579706456654,0.6914788842895507,0.9111144054221924,0.6236064918872266,0.23662158636323743,0.4673135258012474,0.2504291149784781,0.7968720198572521,True,True,True,True
9254,4,0.13102916402107648,0.6666666666666666,0.9112939882454187,0.6729711828423104,0.6750963953364608,0.6842109117299713,0.9112939882454187,0.7317883358310822,0.8567326581642306,0.6382231671506742,0.9062399923416928,0.6898213953783071,0.8951643665315666,0.6911054104851362,0.3082329338762224,0.16700835103582978,0.32224225871083456,0.1849136215895535,0.37445746384795087,0.2663679207803853,0.5796961151718498,0.36982944555799424,0.6028428024748703,0.38444111309676454,0.6889891088118456,0.4219540104405225,0.7251360495491768,0.8823518251538138,0.6649004228028019,0.07825331570398911,0.6831236935015329,0.9170495822681619,0.6347754286836769,0.27960247683960154,0.8062669187463702,0.9369925799702582,0.6777900348168336,0.06709856003624244,0.3082329338762224,0.16700835103582978,0.8567326581642306,True,True,True,True
8741,4,0.13083612951518014,0.7604166666666666,0.6524380097683176,0.7415450760874019,0.7540808876201716,0.709243078651246,0.6524380097683176,0.4068717765956269,0.601686385241749,0.3500464399655082,0.45716929559548736,0.20550461744512882,0.6147391959877766,0.36574707250391847,0.8157072767887648,0.5626478430009964,0.8228741447892342,0.5422587530736591,0.7370850116939477,0.4272394004727956,0.8033928704082194,0.5792263688861427,0.8422324307411532,0.6227079135503855,0.6823625128561459,0.4558280382565506,0.809868527864947,0.9050137856158145,0.8113849762897946,0.02037327548314357,0.742359100004965,0.8681831537099027,0.7728328525065385,0.047866569138963,0.7713871318517989,0.8894243010498422,0.7620358488565693,0.05882718499132896,0.45716929559548736,0.20550461744512882,0.45716929559548736,True,True,True,True
5322,2,0.13069707707382025,0.6770833333333334,0.6023485086465781,0.4439737952359788,0.595927484131008,0.4720409987594789,0.6023485086465781,0.4400579912564262,0.5372806188236185,0.3468006630265633,0.6574608305413923,0.47950353837206994,0.5501392564758273,0.38893516320401056,0.30143316994501757,0.3006663098124881,0.5603119722622216,0.46956700195066015,0.27887095785636373,0.28882684755237276,0.5761609789919477,0.3472496642852346,0.35702455672283706,0.1654565507549287,0.5276383103390787,0.3542033657193703,0.7011233310879528,0.9295653627014574,0.5276397504911251,0.03773903411176327,0.7050163833780145,0.9105105017338995,0.5585288957026997,0.011042617687859453,0.6766576135092723,0.8555684197058422,0.6263515525892761,0.052908743303415405,0.27887095785636373,0.1654565507549287,0.5372806188236185,True,True,True,True
8743,4,0.13066827152524094,0.7604166666666666,0.6560070888732801,0.7766542218310101,0.768096621694716,0.6042019268835367,0.6560070888732801,0.4244174485168335,0.6271032154693541,0.42076639954924033,0.5150559204793932,0.3114220284800676,0.6279924548522007,0.40916227343826417,0.8481650342780171,0.6336719805689922,0.8162364341391796,0.5726352502256391,0.7005283982678135,0.4390623730214983,0.8277152516843912,0.6041247269052755,0.7271406774054824,0.503522566923867,0.5525376289115795,0.3542154221090995,0.8066261244641871,0.9008915557647567,0.8306755407324801,0.007012989166077407,0.7422045582266019,0.8657072682426726,0.7874369378676682,0.033440565853109755,0.7657013420952062,0.8841489681995419,0.7851933935812496,0.07890405645511585,0.5150559204793932,0.3114220284800676,0.5150559204793932,True,True,True,True
9253,4,0.13063551519801583,0.8229166666666666,0.9031081098111763,0.6501001725939549,0.7007386944095206,0.6838145413790071,0.9031081098111763,0.7043394508743134,0.8326886370993879,0.5929999769857504,0.9098300724179393,0.6839137784400463,0.9014647573375656,0.6880563817958778,0.3548011205376985,0.2048849041730164,0.4328114267980736,0.2511862196996567,0.4051741228518011,0.2840344005224714,0.6135882290883652,0.3932144879985968,0.6335959758614529,0.4111557749779883,0.6772003778149103,0.407647321718802,0.7332796325254309,0.884154574688453,0.6776894214013691,0.07630085120907398,0.6910225202596026,0.9166876985844715,0.6493028892651952,0.27892504409211166,0.8130391645785758,0.935468054554883,0.6960770831616908,0.06894403041268982,0.3548011205376985,0.2048849041730164,0.8326886370993879,True,True,True,True
8705,4,0.13047897397565045,0.7604166666666666,0.9032040987384059,0.8458045384143547,0.8977267022044022,0.7018298227594528,0.9032040987384059,0.666533880850257,0.8848117159378807,0.6368385771117049,0.9123078584125531,0.6744427917111058,0.8287092965331548,0.5537383417464623,0.679990144544283,0.3968837519858146,0.8091301737695518,0.5328368690580483,0.7071889490606765,0.4051645879689194,0.9149499501164348,0.6771240960426902,0.811565997185535,0.5360613557420746,0.5861856359485853,0.35653458791185,0.8188873070757816,0.916195440274374,0.8321338628138669,0.11601908850970742,0.7713332686826126,0.8907529932125422,0.8095647707425816,0.1245636334034091,0.8058967087820057,0.9057710922626763,0.7918939367962371,0.039453216086754395,0.5861856359485853,0.35653458791185,0.8287092965331548,True,True,True,True
8933,4,0.1304114935568737,0.5625,0.4647573008281253,0.6428121226406087,0.6785333419597501,0.6219295715445681,0.4647573008281253,0.2515642123661904,0.5979259741937994,0.3435733840167188,0.6491154423810503,0.43482077177441747,0.5714761986620202,0.32643096847111963,0.6645622446472061,0.46867266963888166,0.6772216879778945,0.4693466704569417,0.4318709530069266,0.2922411743645348,0.6849517615135929,0.47525084814045626,0.5864611286356254,0.3884021524196375,0.6524759789494331,0.41901344948576236,0.7877474891089076,0.892065068242558,0.8153781776044684,0.046386610934125154,0.7710980462059648,0.8889570969952741,0.7566486223328627,0.040511006218141486,0.7450102824038354,0.9076259487637071,0.6813852839095285,0.16610160153268602,0.4318709530069266,0.2515642123661904,0.4647573008281253,True,True,True,True
8846,4,0.13039103961960935,0.71875,0.7866771094311483,0.7733329894134011,0.7820542458696353,0.7681808351917017,0.7866771094311483,0.5291205011447474,0.7434643279681546,0.48533201556245487,0.8616287928168649,0.6147460004427753,0.8173461873748437,0.5847049522166008,0.8023880613830827,0.5924783675779424,0.8848520397235098,0.676414218866795,0.8310928266708192,0.6312440573288833,0.6358171235328851,0.4756042551573648,0.6433591148147435,0.46325917240124204,0.7829018298239344,0.5730264332880253,0.80510232975563,0.897924758540794,0.8958021733255654,0.03408866199951648,0.8006430242281923,0.9003747765290033,0.8109416149762942,0.045093498379999424,0.7681721962007492,0.9037376511738141,0.773007327819188,0.17742358497113084,0.6358171235328851,0.46325917240124204,0.7434643279681546,True,True,True,True
3420,0,0.1301250458381168,0.8854166666666666,0.8617754447175823,0.8785020979936091,0.7084470703424903,0.8558471009838478,0.8617754447175823,0.5993379700035526,0.860228255577782,0.5717156875176407,0.7243032878890108,0.4189680271883707,0.8374584295535151,0.5169399416367464,0.8947473810922324,0.6739896838195516,0.764412675909241,0.45131248723901396,0.8622869615789553,0.6034126190946196,0.6690213982680449,0.3053233458895557,0.7899687603070499,0.5233764928969973,0.8806091674170367,0.6148618085830053,0.78099490441392,0.9023459741562782,0.7916585859846473,0.1448504565469693,0.8248901087410845,0.931257227449855,0.728644197134997,0.03602603063254147,0.8213664948528414,0.9421594244024503,0.6859074017782887,0.025155258665755614,0.6690213982680449,0.3053233458895557,0.7243032878890108,True,True,True,True
9216,4,0.13008234410351205,0.8125,0.5312378541201896,0.580800825204737,0.4373176875636542,0.4864309611582369,0.5312378541201896,0.3439831970860261,0.6495542782243033,0.45861465144678015,0.4687809807060517,0.2885494442093801,0.3383286892434937,0.22988987698782837,0.5210972427318039,0.34381079054539687,0.3058297672165021,0.22497404948767086,0.2910503867987886,0.20805141940550953,0.47493265017500086,0.35401486812952965,0.31555598851939304,0.23806738842889275,0.5476487844888347,0.28921080059009696,0.7160409038858868,0.8733962127079893,0.65941346386609,0.03148688115448896,0.6758057210184745,0.8998992629942882,0.6119304277240653,0.2260241412599543,0.8043766893342699,0.938645038311153,0.6641663749807084,0.036596201827624374,0.2910503867987886,0.20805141940550953,0.3383286892434937,True,True,True,True
8892,4,0.12994484153427346,0.6145833333333334,0.9569483795905107,0.9178460171578924,0.8786245087312627,0.8360437454301478,0.9569483795905107,0.8000461346245371,0.9529596639536049,0.773324469501256,0.9588129029605277,0.7965501264054377,0.9384012823298985,0.7463203356629321,0.7219411263918938,0.4816711955879759,0.8281839156550639,0.6187900294123823,0.7845274671047053,0.5744106726755323,0.7932336700989148,0.595270170617395,0.7595535512205209,0.5710296429563496,0.833240529596298,0.593003505676697,0.806557155306576,0.9013252845925718,0.8568330381375309,0.062052827048317945,0.8169663846508584,0.9146389473908271,0.7757944070863965,0.017894498064851192,0.7934310921699598,0.9241841486539818,0.6846719794104088,0.05761223166623104,0.7219411263918938,0.4816711955879759,0.9384012823298985,True,True,True,True
8890,4,0.12988820965662934,0.71875,0.952871075528018,0.9229475598025413,0.8787639674463497,0.8112364767919353,0.952871075528018,0.7897885965783106,0.9577413731246677,0.7821083311962609,0.9650392228882825,0.8011640531653274,0.938943492992834,0.753547273089303,0.757704131547315,0.523657299463361,0.820641138190919,0.5829728911684149,0.7691988956726756,0.5540415921607048,0.7788382716655591,0.5585299915430997,0.7422031919877958,0.5634280908566726,0.7994415579801983,0.5694945092233703,0.8096216269148777,0.9018883692659453,0.8600334267220316,0.04504628161074057,0.8143390960869648,0.9118063197648795,0.7818684879702191,0.012954865677088138,0.7889483994143724,0.9155059298772394,0.7009058454644311,0.05612051314833067,0.7422031919877958,0.523657299463361,0.938943492992834,True,True,True,True
9086,4,0.12974295894603977,0.6354166666666666,0.8283032403806727,0.8110682860451639,0.8501043651823509,0.7785080901613499,0.8283032403806727,0.5909022060397324,0.8287412685642784,0.5763381357144992,0.8765847760630064,0.6655776457641808,0.8166779995587553,0.5778144713845381,0.7877046519107587,0.5438838999698246,0.7951751853575625,0.5072214558167463,0.7910780055912093,0.5368619156451162,0.8548132937744498,0.6344805803945806,0.8139616264242399,0.5798966324333023,0.7666585222542848,0.516060267371685,0.712176299926459,0.8728251851922257,0.67881671319441,0.10958200934668472,0.6660347973613234,0.8920227221269311,0.610084195651962,0.22400983620934997,0.5000327874084107,0.9114293690628305,0.6363060103658874,0.5049533096051273,0.7666585222542848,0.5072214558167463,0.8166779995587553,True,True,True,True
8921,4,0.1296175105910151,0.7395833333333334,0.9284575033390565,0.8917967775269031,0.8132571974160376,0.8300812662123406,0.9284575033390565,0.7181425741604938,0.9470354359960484,0.7506374857689881,0.9495690628917721,0.760348201531607,0.9622426874926505,0.7908167320577435,0.7305276136655514,0.5121694039311937,0.6452194306643793,0.4410337347912813,0.7033181490331089,0.46174685497801404,0.7333089520735836,0.5093475904330997,0.8095453668953161,0.5870874136290012,0.8024047834211233,0.5507409626840574,0.7978455078676568,0.8960816494780113,0.8315999144468512,0.03096644169012304,0.786543390452205,0.8966262844461864,0.7693063911940617,0.034423077866981455,0.7613416426749291,0.9077827507204042,0.6785012827063982,0.10078634955149736,0.6452194306643793,0.4410337347912813,0.9284575033390565,True,True,True,True
9007,4,0.1294641527980395,0.5833333333333334,0.9097032041073961,0.7099503208062943,0.8955176292497038,0.7697574017580887,0.9097032041073961,0.6839470925675244,0.8937945620461759,0.6707829338731436,0.945864202901113,0.7645805275256793,0.9312950543022374,0.7323365608749111,0.20153813453591962,0.15161096673732055,0.6564615092854804,0.4537497065312195,0.5334068688998834,0.34434951319059615,0.9291055282271761,0.725768239936149,0.9001350029526779,0.6790119232638161,0.7216372911141973,0.466913754699965,0.7224849531650659,0.8743172866181544,0.6982415184546141,0.10460921747095395,0.6699913707474803,0.8736933260871523,0.6185426156856647,0.16806776098754694,0.540572629227063,0.9292118442326496,0.5744540148785733,0.44385685163931254,0.20153813453591962,0.15161096673732055,0.8937945620461759,True,True,True,True
8792,4,0.12945750489960434,0.7395833333333334,0.9244684331642448,0.9278664261216746,0.9267711850723497,0.8317505229253361,0.9244684331642448,0.7079477592181656,0.9431594839201848,0.746891902824758,0.9603056731721525,0.7859252898745419,0.9414179881368735,0.7424888553638131,0.8665199231595062,0.6633010575699785,0.9010568773879728,0.6920706899706377,0.8955264341591336,0.7057419178663793,0.8727013001413001,0.611555573084043,0.8582886723599245,0.6334401744192403,0.7496422297477394,0.5073184253594675,0.8223249293449997,0.9073971537811345,0.8928368059267069,0.02885587661918987,0.7887906813823978,0.8931307535987144,0.8297229300206679,0.0697947673576258,0.7712698943948622,0.8824725377839119,0.8256873026383507,0.06529412391156593,0.7496422297477394,0.5073184253594675,0.9244684331642448,True,True,True,True
5316,2,0.12927954426648716,0.7395833333333334,0.6238353204964364,0.4595239259293784,0.19805586995080593,0.3246371792905516,0.6238353204964364,0.4251179441353826,0.588346671090394,0.3677820106944266,0.4667215985051846,0.28549499492979746,0.3993878694568629,0.2134603960345931,0.2936289484009359,0.2336628646479293,0.019843996606300318,0.12349382986237611,0.32184903018486954,0.21705308743502838,0.1202231929487726,0.058471435305258,0.2634378576514562,0.13957952565493392,0.3380015430197886,0.2295470940770341,0.7544810517658536,0.9329901014660477,0.5929882032715268,0.019702459031691464,0.7370034434363985,0.9114639090198685,0.6089512414847326,0.04742467701689313,0.723644028975789,0.866489316841971,0.7056102410939802,0.03574395350194279,0.019843996606300318,0.058471435305258,0.3993878694568629,True,True,True,True
8780,4,0.12923358277442692,0.8125,0.8657164384926745,0.7791884687681361,0.8713568306990362,0.726438098713745,0.8657164384926745,0.6298829698691724,0.8038792820186925,0.5272599812246994,0.8798898194634257,0.6347640857492067,0.8474074333721425,0.6078803838307555,0.6250744055879633,0.39486948331092386,0.8869039581298941,0.6522994547813816,0.8365262485332166,0.5899289264372574,0.8460384981165705,0.5575009294270226,0.7961241868440054,0.5333714888773398,0.628215949711936,0.37913699928030775,0.7467705843596656,0.8846240215526986,0.8197449302810187,0.17770700229356357,0.695028295525647,0.8544550152437969,0.7491377406220214,0.1548332949202829,0.7380425599633846,0.8700605858427635,0.7353632274837957,0.02862664361716012,0.6250744055879633,0.37913699928030775,0.8038792820186925,True,True,True,True
8812,4,0.12919083069387732,0.7291666666666666,0.9380155373828751,0.8537563214339255,0.8818612430462236,0.760541244007711,0.9380155373828751,0.7430810098117209,0.873707196213613,0.6283028602371554,0.899733435699114,0.6546574198084705,0.8793045655143886,0.6231512312609044,0.7637355885090072,0.5560757897706228,0.911401890337828,0.7136451101142669,0.8308102401426449,0.5960561294286097,0.8445457400993925,0.6089762107025778,0.7649599493538397,0.5149346477326087,0.7038472014417682,0.4387199968674913,0.8198801779759674,0.9083859980949456,0.872217524553473,0.06306175608610334,0.7874278666265966,0.8978599946988628,0.8116932782930559,0.10630146018699313,0.7867127485882253,0.8936550046098103,0.7878245894699124,0.0265789749097224,0.7038472014417682,0.4387199968674913,0.873707196213613,True,True,True,True
8742,4,0.12915368855262524,0.8333333333333334,0.6089545919078165,0.7890939681139123,0.722045585887751,0.6671792062210404,0.6089545919078165,0.35983692789707433,0.6529561174161964,0.3915948018080089,0.4315099081425593,0.22071153494904383,0.654590096887514,0.3969163587057811,0.853496700354795,0.6342603828523241,0.7843362879141182,0.5160219713863655,0.7255220490382531,0.42170943998740795,0.7893530152980541,0.5705728393303029,0.807867955899783,0.5892408380336704,0.6245396828210341,0.4090757518609207,0.805448963135884,0.9018325944522627,0.8144816115575221,0.014928866934181407,0.7368606352659726,0.8647561937961445,0.7729811567031997,0.050199422401171326,0.7668892630059021,0.8863592297426354,0.765375914891503,0.0640816562807758,0.4315099081425593,0.22071153494904383,0.4315099081425593,True,True,True,True
8978,4,0.12903845215167678,0.8229166666666666,0.8532919949473261,0.7400578023911549,0.7582925547413022,0.6567104061687019,0.8532919949473261,0.6032508993253038,0.8832320114788643,0.6500754374684984,0.9069659793722296,0.6785435134498312,0.8884605201399018,0.6521537540336744,0.2226498035774005,0.15901810952961337,0.3568344368333053,0.2195064278586769,0.11570764118286503,0.09803108878493083,0.7246818581462451,0.4209993239877513,0.7416017338381107,0.4753459115349338,0.6057591585748103,0.37821276216081423,0.7169300300831444,0.8738319318663422,0.6652940347716483,0.056250871472735796,0.6791678752326564,0.8653520844866558,0.6104992068069952,0.0686758009137129,0.6010871757447598,0.9015311785944261,0.5737661937816816,0.3228643754950312,0.11570764118286503,0.09803108878493083,0.8532919949473261,True,True,True,True
8936,4,0.12899945240399258,0.7083333333333334,0.5393888544796084,0.7641668186505528,0.6679688905923189,0.5114362740877096,0.5393888544796084,0.2993889652350845,0.7001698166550518,0.4528261737963357,0.6479016837696743,0.4637429670635268,0.6298528680171263,0.3759742266542927,0.7876927562178077,0.5591657950224369,0.6393445508678757,0.40705927121010566,0.4602620420693684,0.2753516896494681,0.6811152469021213,0.46406137777819734,0.48361040402298316,0.30989001894499546,0.5159073464363819,0.31806885595592027,0.7839482748139952,0.8934523435048904,0.7922192860503633,0.06372349157723516,0.7624801791063613,0.8891517377432909,0.7322894634321511,0.05920186250017064,0.7218935767720203,0.9025942650151311,0.6675758871224367,0.1937761402208,0.4602620420693684,0.2753516896494681,0.5393888544796084,True,True,True,True
9212,4,0.1288438571304669,0.6770833333333334,0.8435343094671832,0.782935563713532,0.7555448298103119,0.6533300429733517,0.8435343094671832,0.5667914608753744,0.8861543281466436,0.611198258698315,0.8707794315470688,0.6126451920147681,0.7268573992072618,0.43853048860261634,0.4580017607187471,0.2778096975804386,0.5655840752819348,0.42400178004935973,0.5214582710323121,0.3959282606443615,0.7361466944771042,0.5456624331543212,0.6549571931124631,0.47111717223725036,0.65693220096783,0.3809808464183325,0.7073633104803544,0.8702323694279513,0.6564602758346499,0.06513492396993183,0.6512303233530824,0.8905505841753611,0.604020334902456,0.2444390228126463,0.8085932920545833,0.9432202517419939,0.6629631812507423,0.05027052497546243,0.4580017607187471,0.2778096975804386,0.7268573992072618,True,True,True,True
8726,4,0.1288115810342763,0.7083333333333334,0.9381961882817806,0.9183610355695206,0.926312843543363,0.7655803384418925,0.9381961882817806,0.740258863395661,0.9380690979519039,0.7388278679554344,0.9134735274263549,0.692894137745407,0.8805445548418811,0.6236590119164128,0.8546904527247787,0.6017396883692248,0.8636119945578759,0.6074816332712224,0.704800378199145,0.4622604696062823,0.9568138398845426,0.7847600898474274,0.9128153870342561,0.6840284259466883,0.6419427439448242,0.41365479511409864,0.8275078519226634,0.9148977270125591,0.8287969288205391,0.04600708120257751,0.7566295929517071,0.8806455414751614,0.8023633175586344,0.11304366495764394,0.7998316495119786,0.8967474091190238,0.8513757131214184,0.047599111882516185,0.6419427439448242,0.41365479511409864,0.8805445548418811,True,True,True,True
8920,4,0.1286830662035247,0.7916666666666666,0.9437347024051355,0.8883298049100972,0.744188234404422,0.8072989616341706,0.9437347024051355,0.7427719928338162,0.9481757021158363,0.757859909664159,0.9416208415783399,0.757631352655389,0.959872673220323,0.784324644446176,0.7234907411786631,0.5140150430610178,0.5374552548273606,0.34537310999057147,0.6480427267608766,0.4310809175226775,0.5938358697760219,0.3958738322552239,0.7708446971005486,0.5380750365933551,0.7826098540264589,0.5368740842396331,0.7971283041105024,0.897300537330474,0.8163987584786275,0.038403806603797455,0.7859959236789011,0.8997606790788732,0.7510296691611618,0.038110925289625286,0.756973105570749,0.9095656284491572,0.6640345406345283,0.10025473456114735,0.5374552548273606,0.34537310999057147,0.9416208415783399,True,True,True,True
8852,4,0.12859328241022425,0.7083333333333334,0.7843870154152786,0.7901235834038455,0.5623035482380595,0.6830751417728751,0.7843870154152786,0.5048021481218117,0.8401823055958018,0.5885218467687087,0.8625828100806334,0.6169138799644958,0.897981088077018,0.683115349523569,0.6836501376029214,0.4864556445463122,0.4702475883373146,0.25108330154253244,0.77630568784175,0.5539889314256368,0.08929168764852291,0.06650296549401047,0.36476749881687454,0.244179235368155,0.6580963650528016,0.4465279003992415,0.81289681832374,0.9016922860703485,0.8993325026557655,0.012107512431023072,0.8296964604836803,0.9183733898570611,0.8066251335900859,0.035007855335046176,0.79974016143966,0.9130002950587837,0.7838856519647578,0.13099155040104027,0.08929168764852291,0.06650296549401047,0.7843870154152786,True,True,True,True
5344,2,0.12857218234625517,0.6145833333333334,0.6284370400412602,0.5563675300430042,0.6707223364030226,0.5694109219825803,0.6284370400412602,0.41728268545017033,0.5044045309067442,0.33958210447820614,0.5516240526915429,0.33402141128622087,0.4906284920325019,0.32656764745078626,0.6143869064462741,0.43949822364538316,0.7007981771493816,0.5101216955033703,0.6474485536305699,0.44973669315073184,0.7041669812757935,0.4336024634701474,0.5918160619478543,0.3677569461271095,0.5577466651257813,0.3829831498172429,0.7425173931961289,0.9327307308808636,0.5782080307227971,0.04222414245493673,0.7332692510153282,0.9059501918544233,0.6113619826784568,0.02634930967283321,0.7166483287885514,0.8735275217797367,0.6584501100860861,0.011987889608138699,0.4906284920325019,0.32656764745078626,0.4906284920325019,True,True,True,True
8878,4,0.1285021120001135,0.75,0.9281113867625845,0.9132515167216183,0.8144771671584083,0.7652129430710141,0.9281113867625845,0.735399748751258,0.9451488909163361,0.7646541668072282,0.9308461207809248,0.7314013420053642,0.9326105960590771,0.7506713237750617,0.7465404748652542,0.522786552575564,0.8090018359538654,0.5901341932532933,0.756969884754424,0.5036718376078568,0.633413602510255,0.42916521898885585,0.6013157967193103,0.42022935047779597,0.7334766514288891,0.5000665600094165,0.7766598065245673,0.8891720675393298,0.7894282233470844,0.06339025724314644,0.7812318436023131,0.9103114120836154,0.6931990107249512,0.017240317387652165,0.7396068330939277,0.892648941127487,0.654262255179457,0.019674525783650552,0.6013157967193103,0.42022935047779597,0.9281113867625845,True,True,True,True
8817,4,0.12837972281580462,0.6458333333333334,0.8986771377425424,0.8564346981347527,0.911800487406726,0.7915375080330421,0.8986771377425424,0.6527424251088615,0.8788246703401189,0.6238610997463152,0.9262277852725818,0.6908150550370109,0.9006733861820679,0.6463750582656225,0.7737640676524673,0.5553047749058344,0.8835615799928946,0.6608728292953596,0.8362193682817809,0.5801976006965595,0.9048003530570857,0.7010512790209811,0.8719593374583195,0.6512695482990001,0.7082929435984137,0.4368733861031129,0.7953768711763979,0.9023352321435738,0.8347039012975609,0.11940688036791017,0.7468592820684299,0.8848210918767625,0.7682590611867064,0.14987453273644114,0.747899380565194,0.8761024063085289,0.7363984692743617,0.011783707037867545,0.7082929435984137,0.4368733861031129,0.8788246703401189,True,True,True,True
8831,4,0.1282658800080439,0.6875,0.5845967064076261,0.8305161652205431,0.8138540771150504,0.7426566138493329,0.5845967064076261,0.37685310564828234,0.727841920006858,0.47677421981483725,0.83226131746885,0.6060721951661658,0.7355281302744056,0.48571135796869747,0.8966026281822849,0.7040670907611928,0.8897619106544544,0.6734028175213941,0.814674626953101,0.5900279310346799,0.7347814387802518,0.5338967194505714,0.7785294978858767,0.5800016961377461,0.7260375049612511,0.4838070160312896,0.8140183992284791,0.9053214554418354,0.8584975734342333,0.058275745628709553,0.7747203255080524,0.8920547907407539,0.7871574130174743,0.10018964179124228,0.7872422472405143,0.8998728178346576,0.7560975036244674,0.04309872458592823,0.5845967064076261,0.37685310564828234,0.5845967064076261,True,True,True,True
8754,4,0.12812320615629183,0.6145833333333334,0.8028973235395293,0.7702504525938264,0.6924827671054756,0.6376598957373544,0.8028973235395293,0.583203487802204,0.8510748469576129,0.6203752377667158,0.8111399181217465,0.5289735527740297,0.8780946669977552,0.6695043423890501,0.5289238190912282,0.32579236269886724,0.5196970529077061,0.32417433878910296,0.5452054505495869,0.3120148164435036,0.5948251843827095,0.3737502978741919,0.6774534967799682,0.4284979663616353,0.5056452092072905,0.2988328900755004,0.8024698627014072,0.9037016400539956,0.8656433735908875,0.11295291004970906,0.7499755987839428,0.8716799644766283,0.8175496319459739,0.08318815291947448,0.7439322666861357,0.8889618429172245,0.8357036672203337,0.20852927419931097,0.5056452092072905,0.2988328900755004,0.8028973235395293,True,True,True,True
8874,4,0.12804892176338625,0.59375,0.9592140255897399,0.9176698941978143,0.8657296555652025,0.8069016260372819,0.9592140255897399,0.8041314556798418,0.9488843929265304,0.7705146951099312,0.9583441533874989,0.7875509522496936,0.9402089884407802,0.7523513424902655,0.74125510974605,0.5098901197004604,0.8675061671344609,0.624998285462818,0.8083763635558,0.5576870350746539,0.6881283620517684,0.43302600347202724,0.6401586430613198,0.4474632577129193,0.797812767665419,0.5557111965618442,0.7956341589829163,0.8984536302009084,0.7994248795588752,0.042167205083482144,0.800716996382498,0.9134883633874447,0.7298229505464235,0.003318100015238339,0.7675489146976252,0.8998671206538982,0.7039902675551453,0.06200143995458311,0.6401586430613198,0.43302600347202724,0.9402089884407802,True,True,True,True
8845,4,0.12769689518760072,0.7604166666666666,0.7858533273121071,0.8019689974839557,0.7884939083570555,0.7682732144780873,0.7858533273121071,0.5252096223006835,0.7453004946577503,0.4902360290735026,0.8579364667991578,0.6100221108611477,0.8460264044103833,0.6140370950740862,0.8426931684795259,0.6505956087724117,0.8944295488942976,0.6939522914049634,0.8259133473267631,0.6217142264845832,0.6525830701213359,0.4875884062001985,0.6331590187867658,0.4590005813947028,0.7808300899062234,0.5729200733192112,0.8039715293851133,0.8968729696633984,0.8993738735305871,0.020083321627080132,0.801545133803963,0.9004329282667841,0.8072350708901356,0.02341973278102341,0.7717251724522408,0.9038896422273014,0.767683177699414,0.16352098304001128,0.6331590187867658,0.4590005813947028,0.7453004946577503,True,True,True,True
5395,0,0.1274907143422966,0.5729166666666666,0.6717909319142802,0.7449913549101271,0.42794971360008116,0.6343030617528593,0.6717909319142802,0.31051340955672135,0.7656207188244355,0.4659338693086804,0.4707916926161483,0.2343733441788035,0.7239857400272647,0.34664864359231506,0.7238968963200607,0.4731592479885183,0.4359305397245773,0.2724625001466121,0.6746602989771635,0.399262996812183,0.40513408419556074,0.262827063132007,0.6155285091267744,0.37972201399986927,0.60070003338096,0.3369196367105345,0.7934423504171528,0.9326102526604717,0.6573788655874196,0.023816307860794507,0.7876277255216656,0.9130361204359643,0.699544175341086,0.020698335167265238,0.8283294227180261,0.9688729911924066,0.6584103377333799,0.11831479683993398,0.40513408419556074,0.2343733441788035,0.4707916926161483,True,True,True,True
8815,4,0.1271661378633447,0.65625,0.8920497030724577,0.8269376593021778,0.9096465828923076,0.7972035607090479,0.8920497030724577,0.6401968914549897,0.8410844201005282,0.572648100305088,0.9160407656506088,0.6691907891641318,0.8925754816756004,0.6354459581162001,0.7809395773314579,0.564546158331826,0.9009425605687204,0.6804787565126245,0.8434939830447399,0.6029995942323689,0.9055506544440601,0.6986964655431918,0.8606932481439821,0.6386098208666533,0.7229864171125904,0.4511432066156853,0.7944718129178783,0.9035320743352985,0.8543586790156062,0.1395721090601646,0.7557774679470384,0.888279395335249,0.7978699623769112,0.1583949199383281,0.7658822808285605,0.8828570053560993,0.7676561496532072,0.01682182876801924,0.7229864171125904,0.4511432066156853,0.8410844201005282,True,True,True,True
8968,4,0.12710866623736233,0.6666666666666666,0.9129344429236812,0.7374636722823191,0.6968907112517755,0.6906779971474623,0.9129344429236812,0.6985352101850547,0.8704817469793138,0.6074314701053238,0.8823699858051447,0.6372872135537786,0.9091998942393341,0.6850127303819191,0.4333356736234608,0.25039343171588513,0.4720020209117537,0.2922747392349134,0.4741037407695934,0.32058032030506933,0.6395540208301779,0.36988770156014683,0.6995375527276274,0.3961122614592496,0.6508717244296309,0.4210920293505177,0.7442545844051209,0.8805714699451875,0.7122473101736162,0.053089608338185365,0.7177750738583941,0.8713822750829707,0.6742004824337169,0.05149112659484798,0.6618269144849449,0.9018811472583493,0.6456655552172231,0.2931147551559057,0.4333356736234608,0.25039343171588513,0.8704817469793138,True,True,True,True
8959,4,0.1270521388284086,0.7395833333333334,0.9094168489599369,0.7248155257430644,0.7007267472372714,0.6045108376155335,0.9094168489599369,0.6552690826482754,0.8804047049008683,0.6368187650648767,0.8891735487577888,0.6340336010175447,0.8417531565907004,0.5864075651368408,0.3124299238757664,0.23579422759200486,0.39562006497227964,0.223456442652471,0.3772674027176345,0.22207156533278505,0.6581896067528377,0.38570874022518964,0.5924436755872726,0.35558530585760717,0.5905765048121139,0.38287959624050494,0.7528124347365398,0.8813213625083864,0.7357972207348784,0.05232239901020541,0.7220355455513312,0.8723051039394398,0.6819291966105803,0.051358180615935195,0.6613737885332003,0.902340099200074,0.6548309129665699,0.3026269466211288,0.3124299238757664,0.22207156533278505,0.8417531565907004,True,True,True,True
8722,4,0.12698449181320745,0.6145833333333334,0.8062462762838377,0.8502623692251646,0.8596297201983485,0.7375033002533973,0.8062462762838377,0.519589787607379,0.8862262275518358,0.6262743979078654,0.8681223058369923,0.595949637299527,0.8413760847561851,0.5682231843356629,0.7361709338680009,0.4133358005651905,0.7004015551894498,0.38931705353055635,0.636523568230579,0.3522119065241426,0.9065809677393823,0.6650879841670401,0.8711171493944938,0.6089907076103105,0.634299129867666,0.37665025183286094,0.7664592313182603,0.9160128888922051,0.7518421216082612,0.2137015219126528,0.7060649644044101,0.8832682310650759,0.7482566569700281,0.23636767643820378,0.7521918622885658,0.8924874096266924,0.7708405705994087,0.17188356701054175,0.634299129867666,0.3522119065241426,0.8062462762838377,True,True,True,True
9235,4,0.12677073368368993,0.65625,0.6711896283264314,0.6332771953410861,0.44316081042477595,0.49330308808154544,0.6711896283264314,0.4501297094649821,0.8223952248378421,0.5766598130287193,0.6871822077308825,0.4554397205631847,0.8211067612107277,0.5882074976381972,0.23411881545819868,0.10614756765344635,0.1277284432916641,0.09122244527719114,0.29333229707188635,0.1284139543762718,0.43775310330321604,0.282980780271311,0.5488620341795554,0.3590135833557132,0.4225242173602639,0.21048212743299,0.7058374226131121,0.8717097468370929,0.643744869151706,0.04552444024436919,0.6631136393902274,0.9171400477149395,0.5904522955905009,0.26703434300519385,0.7848581161683132,0.9357143914666589,0.6379892842192018,0.045420994528926235,0.1277284432916641,0.09122244527719114,0.6711896283264314,True,True,True,True
9008,4,0.12673562844568684,0.5520833333333334,0.8982521662649098,0.7183845457729174,0.8701176395462302,0.7653041404374592,0.8982521662649098,0.6640251732835725,0.8929023064165427,0.6533830400964189,0.9318128655136263,0.7344017204383729,0.9240286776590352,0.7084511620259164,0.3057010290408029,0.2159285459153566,0.580644374631432,0.38798918179697206,0.5029345520759496,0.3258976536748649,0.9135633405117852,0.6931254044585535,0.9017697394954862,0.6832170717134125,0.720690170262341,0.4663833770858088,0.7106356816372172,0.8670532016108168,0.6913038590504227,0.10128050837125423,0.6548044645014758,0.8673787145880011,0.6073890512658624,0.1730512784827039,0.5156374363037032,0.9235258851607621,0.5653481836866838,0.45713385176008553,0.3057010290408029,0.2159285459153566,0.8929023064165427,True,True,True,True
8866,4,0.12656480720791463,0.8020833333333334,0.9526609756988037,0.9008805018203729,0.725596293298116,0.835413062417012,0.9526609756988037,0.7754924922815402,0.9368122569894919,0.7526198666915921,0.9243491750141112,0.7274600797729694,0.9481566465684099,0.7949827234374114,0.7835391717894832,0.541434924934426,0.5659406382740921,0.2930016388168435,0.8134170828595162,0.5514218158367163,0.4113079146941241,0.263663339803183,0.6626867784111525,0.44176302046264737,0.837189172161874,0.6103635906864419,0.8132968075522433,0.9049112189125621,0.8383940293348415,0.033807840100440065,0.8226751722043513,0.9221592603578239,0.7662055984914968,0.058146234700289456,0.7933301764625651,0.9125347518803042,0.75326190154222,0.11841307390599026,0.4113079146941241,0.263663339803183,0.9243491750141112,True,True,True,True
8876,4,0.12621455924944622,0.8125,0.9373607444750978,0.8849951014855422,0.8491691547835489,0.8094007497694901,0.9373607444750978,0.7522377754324957,0.9183555227132689,0.7109587946141949,0.9414185217601163,0.7432586032200186,0.9353614282482586,0.7512375866366497,0.7340348123430143,0.5019751798905643,0.8736562027538446,0.6548231839330485,0.8285632333432085,0.5924747635268756,0.6816980130867814,0.44362668733117405,0.6483412819703332,0.46728649774540376,0.7951064109885562,0.5542423322989039,0.7825935559187225,0.8942005611760253,0.8007459610643216,0.09092483382859433,0.793987103703622,0.9141463311235979,0.7132930670089932,0.03652912943968775,0.759500265315805,0.8987509074478088,0.6795826422526513,0.014771589413460448,0.6483412819703332,0.44362668733117405,0.9183555227132689,True,True,True,True
8975,4,0.1260684728095829,0.625,0.87919770601698,0.7563726401689904,0.7238598631506514,0.6352700066021095,0.87919770601698,0.660565518040313,0.8852636877033822,0.6683993876298171,0.8757435801086237,0.6540580569592647,0.8747565428826612,0.668837983332309,0.27783624098643667,0.18837296747223242,0.34879695408031086,0.23326134628992212,0.23870698263128842,0.1840472082764899,0.7044457467790854,0.42595826200217957,0.721842405902591,0.4724814042147154,0.5801338444989312,0.3550346438697767,0.7177446761761708,0.8739840319531283,0.6639545785532851,0.0446210783984312,0.6763747249748355,0.8648781205204855,0.6040480800458748,0.06005937367493054,0.5982814147119633,0.898042162420557,0.5650895497634232,0.31199498152665095,0.23870698263128842,0.1840472082764899,0.8747565428826612,True,True,True,True
8787,4,0.12589858629123105,0.6770833333333334,0.9274707074996453,0.903483105003701,0.9064347931990786,0.7285304634668838,0.9274707074996453,0.7146229991117197,0.9323427058931164,0.7155279242314827,0.949591912478305,0.7648092494158745,0.9144956513656424,0.6796236381057976,0.7379411168810985,0.5129008515392306,0.8625798341170683,0.6259420024187992,0.7876443725020252,0.5577493287283204,0.8445935271555014,0.5542952495252982,0.7471169225777777,0.46638901586225556,0.6253716651029352,0.40776273548500885,0.805703827500941,0.9007732236862007,0.8403728026993745,0.04517036809351106,0.7591591488090518,0.8799393028828432,0.7716126176686692,0.05830400688976507,0.7506710048844529,0.8781105021649975,0.7718740155654232,0.09550318341809062,0.6253716651029352,0.40776273548500885,0.9144956513656424,True,True,True,True
8721,4,0.1257303987100513,0.71875,0.8276491526346416,0.8550066684257215,0.8813867389986726,0.7237434660923704,0.8276491526346416,0.5274621629335472,0.8826676686931979,0.6124900347954232,0.887115434146994,0.6251267982285786,0.8455122423315208,0.5766818175124658,0.7831061410607003,0.47188577213529337,0.7588778458764962,0.4654875410410517,0.6958190259035618,0.4127622317961611,0.9212946001993988,0.6991909766545752,0.8612065079259379,0.6042319603968964,0.6033654221622762,0.37202466890066255,0.78840231942751,0.9151691946647503,0.7720113368137219,0.16922813941931286,0.7221244270118652,0.882820376812332,0.7643307027134858,0.2078643496012533,0.7636634644448227,0.8924201190421588,0.7806071548165704,0.14229569725569927,0.6033654221622762,0.37202466890066255,0.8276491526346416,True,True,True,True
8951,4,0.12561896812742354,0.8125,0.8487012017290563,0.683921823900944,0.6750799648733833,0.6229145625965633,0.8487012017290563,0.5861386909323536,0.8370868083970258,0.5996474374964084,0.8954182686064869,0.6665433458531644,0.8950238828477741,0.6811363092370979,0.4503186259415549,0.27109237600117175,0.3222024051085701,0.19601151741279765,0.48863293717983913,0.29868062476082025,0.6109613648922714,0.3480632555090285,0.6412606211071977,0.39588894683454445,0.5643157792385898,0.35234455611077964,0.7596582852149382,0.8828868819890144,0.7550505611564072,0.05906637156054553,0.7366002461523514,0.8799303150500306,0.6988568692485423,0.06992510577231922,0.6756687004528148,0.902611596206139,0.6692599724895569,0.2908367460652354,0.3222024051085701,0.19601151741279765,0.8370868083970258,True,True,True,True
2237,0,0.1256066839807116,0.7604166666666666,0.21416807457055165,0.5887701380953845,0.6625705315619865,0.6401900282132107,0.21416807457055165,0.08076780018135021,0.5706834208223112,0.352993659133538,0.6468425303029115,0.4577327607301426,0.7225549358168313,0.4644661212561306,0.6051112778505334,0.3964723943984151,0.754034528015928,0.5296232718109918,0.7520896518544381,0.4847670518577706,0.5952252459136594,0.3827250344764488,0.5702725468094093,0.3441962369334869,0.6092271242173153,0.37158977427529416,0.8973864505318044,0.9588370155855005,0.8137672109181372,0.030605942215163242,0.879989822484787,0.9488260236073319,0.8236585895364995,0.06792727020746422,0.8869496685256344,0.9850783964191093,0.8996828685987512,0.27593003170059566,0.21416807457055165,0.08076780018135021,0.21416807457055165,True,True,True,True
8814,4,0.12532979157019494,0.7291666666666666,0.9173758344458952,0.8194723462995062,0.9048355211458692,0.805472461085715,0.9173758344458952,0.6842920879551904,0.8384259777868149,0.5683813999072254,0.9101076358664625,0.6573960031954416,0.8984115793306378,0.6418244098910759,0.7459518162043036,0.5312791491543511,0.9148460093238682,0.7166316180515638,0.8656636266305886,0.6394341691271288,0.8934286603689259,0.6763774561474614,0.857310822961961,0.6299116263057793,0.7388861933694275,0.4662202562897877,0.8085955239987129,0.9079393966216984,0.8637076350786062,0.11748180799534902,0.7700791553702092,0.8939010548394112,0.8012359833949817,0.14280449925335528,0.775187985336654,0.8876468483996673,0.774831608020788,0.0012898354404854546,0.7388861933694275,0.4662202562897877,0.8384259777868149,True,True,True,True
8763,4,0.1252815371820427,0.6666666666666666,0.8563144237710387,0.790892029723639,0.8093493342992328,0.6714071543102684,0.8563144237710387,0.5886184197335733,0.811139803686062,0.5416954816754979,0.8604713780030224,0.6109697003734733,0.885174552500209,0.6570135026576343,0.7256737624485889,0.498096675274853,0.7282180024501079,0.5126919910242893,0.7920014439168122,0.5850789375631194,0.7322417315843459,0.44615032463934756,0.7691268017671817,0.4873562954510713,0.4795253539121558,0.29653459877297383,0.7973840898540475,0.9004407322307737,0.7875678465386534,0.025867626133409975,0.7283994522640824,0.8646159654150789,0.7297774503122728,0.03130319842184016,0.745479068018627,0.8873929826768283,0.7202197693653385,0.11849200157209677,0.4795253539121558,0.29653459877297383,0.811139803686062,True,True,True,True
8847,4,0.1252394115058811,0.6979166666666666,0.7761076247831498,0.7621975745824165,0.7603448691054218,0.7319113495843543,0.7761076247831498,0.4966700142666741,0.7718727046659778,0.5132022674489856,0.8720718553888003,0.6087908532423132,0.7985610789242091,0.5475491308821258,0.7501492966230877,0.5373235762339363,0.8608348067423852,0.6345310657385754,0.7644475496772256,0.5462982415902693,0.5823626616933055,0.4268290856053305,0.5262611249507871,0.36651035345881056,0.763262958190298,0.5463394772466204,0.8064513008257812,0.8990826151001872,0.908554392940806,0.04252685474082487,0.8086249330893607,0.9044735181001854,0.8229806826951795,0.052974801866721585,0.7754336204459367,0.906310664524424,0.7871162189600749,0.17820798054905845,0.5262611249507871,0.36651035345881056,0.7718727046659778,True,True,True,True
8867,4,0.12514148394185604,0.78125,0.9581202241701825,0.90739515628468,0.7497705298811105,0.8354536794708022,0.9581202241701825,0.7955485321369735,0.93810301107945,0.7656087518638053,0.9310293290068691,0.7457670156897169,0.9502907700479174,0.7986178733893725,0.818795550592468,0.5983327392562092,0.6383642441060711,0.3659021243094558,0.8058638907182176,0.5574732496035077,0.4435870610998556,0.2878223474454048,0.6575597123735608,0.4519461144587146,0.8360202674928754,0.6082705254592717,0.8166302716370692,0.9056020950944814,0.8500642890737026,0.020010874664619736,0.8277444352912035,0.9215265859866205,0.7830106839417734,0.047751002813083594,0.8013704552478567,0.9121623834703079,0.7730546279277969,0.10638980645861273,0.4435870610998556,0.2878223474454048,0.9310293290068691,True,True,True,True
8727,4,0.12504274223169895,0.6875,0.9389178138222557,0.9095167449436201,0.9280454776497264,0.7658234707122407,0.9389178138222557,0.7420614503343769,0.9307479723691241,0.7226816182072064,0.9190775995958735,0.6980581859528985,0.8729596883805766,0.6035906814213602,0.8266443347614273,0.5656486110946706,0.8740245756429555,0.6294732977142783,0.7332708204483379,0.48149077754393943,0.9547850733080264,0.7735531716610451,0.9217192360033455,0.6978330056243772,0.6356395417493678,0.4117767036434907,0.8256376947221609,0.9122847958074441,0.8436761365481888,0.0438030343003357,0.7497632300222901,0.8773878562731815,0.8077030722965088,0.1232487370948822,0.7976600928192615,0.8957254913713356,0.8596045602249262,0.05795982579576536,0.6356395417493678,0.4117767036434907,0.8729596883805766,True,True,True,True
5338,2,0.12503821250441532,0.65625,0.6786360008936769,0.5017928970077101,0.6782443998919869,0.4482789042658323,0.6786360008936769,0.47981125266873015,0.4455821602201383,0.31230845684568775,0.6952518727664186,0.4927355691857197,0.47454585145809225,0.30770905125488734,0.5637848383811412,0.39074042303960843,0.69174783795863,0.47035263674534356,0.5823170484765614,0.4128052738244258,0.6615337462649509,0.4178072768521216,0.4386596002618197,0.25185970236285093,0.4091975673394106,0.26373449322450015,0.7372686451740063,0.9241661508646991,0.5913792054756245,0.07789273527535528,0.7243203005611727,0.9029119988603737,0.6098341738449412,0.0709589008446886,0.7201764668236867,0.8758054764929682,0.6654357064612689,0.05102279577011054,0.4091975673394106,0.25185970236285093,0.4455821602201383,True,True,True,True
9017,4,0.12494613173377639,0.6458333333333334,0.9023244247281222,0.8038705311261355,0.873406343453742,0.80294292992081,0.9023244247281222,0.6680563523979153,0.9135508323078304,0.6959952995199348,0.919162252399081,0.7074645250648399,0.9236051847714406,0.7320678711213404,0.5570605351160963,0.40580647703898765,0.585102423929954,0.4208657699711802,0.5815831143684602,0.40410990067812613,0.9213280944756665,0.7129186367103906,0.925496542084635,0.7289279546230316,0.7570591972094548,0.4886779254370732,0.7198057513046496,0.8641818475649458,0.7264968257631239,0.08970701827363002,0.6718988199771584,0.8684225497297449,0.6341408062840014,0.16544174077292478,0.5385421902342626,0.9117293719303732,0.6127625766992002,0.45091807765434744,0.5570605351160963,0.40410990067812613,0.9023244247281222,True,True,True,True
8913,4,0.12492280822085215,0.7291666666666666,0.923379397845011,0.8778025161630488,0.783640847665988,0.7230904924949362,0.923379397845011,0.7036185611558281,0.9410048050732046,0.7489042240753192,0.9331788061190505,0.7219351644516147,0.9244691220378656,0.7115447147761478,0.6900272445123645,0.47592158874521584,0.7010937259189435,0.4800745920298807,0.6123946452508213,0.3857200011096512,0.7102067809262138,0.46804477426844027,0.661450008532354,0.43559591611247306,0.7079111537133165,0.45976650410139985,0.8005088449425198,0.8984752100817903,0.8165157518092874,0.005612966120969521,0.7892588743527915,0.9026831944295259,0.7427605524084998,0.0016803933218981295,0.7677505633489936,0.9265139469917331,0.6347893395697187,0.07466112807665035,0.6123946452508213,0.3857200011096512,0.923379397845011,True,True,True,True
5380,0,0.12484072096751071,0.6041666666666666,0.6227085327311139,0.5751284141196962,0.6147017638983694,0.45802039753798196,0.6227085327311139,0.4005678226838274,0.5758344012036418,0.34299713360390105,0.5672519536275694,0.36759117404942987,0.4638152871756359,0.2636432622706286,0.5745385992521502,0.35680183885897254,0.5726870640622151,0.3697399172056821,0.46109546995164674,0.24090618045981693,0.6443542417596069,0.4120261749937295,0.4834380862689226,0.29365877078804214,0.43913031639238975,0.2416042034800523,0.7670007557282297,0.9308208715514549,0.6204517219458677,0.05565725613686943,0.7550662678124248,0.8994272227695511,0.6704481928544471,0.03836228754467994,0.7710648674313672,0.93769617697937,0.6218950010917669,0.09208078083056402,0.43913031639238975,0.24090618045981693,0.4638152871756359,True,True,True,True
8810,4,0.12472945909643542,0.71875,0.9400256547294935,0.8683658802326851,0.8739557465522768,0.8161871792104947,0.9400256547294935,0.7379397427005647,0.8940006442398668,0.6425963333309265,0.8907191870985779,0.6466371021288212,0.8944471146151827,0.6568531969769809,0.7243337845558158,0.47894398780835445,0.9053159035092438,0.6956766901290474,0.8874256000314285,0.6756367139159105,0.8386095646080117,0.6098430738872915,0.8100123098910041,0.5884885452012547,0.7815596646882477,0.5316032790902149,0.8241172475171659,0.9097537787733699,0.8726247762461576,0.04643412157663743,0.7952924746446786,0.901196482441571,0.8068838841440495,0.0892623051615438,0.795764318260107,0.9001035860918194,0.7866076471775014,0.03925327101279229,0.7243337845558158,0.47894398780835445,0.8907191870985779,True,True,True,True
8762,4,0.12466782839657942,0.7291666666666666,0.8540074011042712,0.7644144696772384,0.8177798843484858,0.6500324177641821,0.8540074011042712,0.5754873340807918,0.7909904368434251,0.5106872992083594,0.8698916959499141,0.6187514859813028,0.8801995104374072,0.6435750733994212,0.6785018831995463,0.4534934337948002,0.7309130927006949,0.5038156267395933,0.7736980660174999,0.5632723843772873,0.7433935173758154,0.4721167743121806,0.7338962954914816,0.4385426435932146,0.45267694853692897,0.269025912177013,0.7980127244606047,0.8995361001328699,0.7962566347124116,0.02204139297123064,0.7298804907548319,0.8637036418224482,0.7412132069368714,0.033159968396699345,0.750013095900478,0.8878781738402871,0.735759410734937,0.1231845671859233,0.45267694853692897,0.269025912177013,0.7909904368434251,True,True,True,True
5316,0,0.12448651456491026,0.5625,0.661617996423719,0.5361799583840146,0.4416642587063725,0.41238678825965835,0.661617996423719,0.42932737070603133,0.6063041541956333,0.3537427965373,0.5886870035150877,0.36012421123686367,0.45245943233910146,0.24375904661220504,0.43617681789864604,0.2770990953696816,0.3444613999412096,0.24349401304915907,0.39938997142074817,0.24459517606045533,0.3903725045798808,0.209400267889427,0.3969757511722648,0.2254892058071284,0.4136678112373414,0.2612589856254136,0.702667398336178,0.9201176117366628,0.5624735392181859,0.1266480891454767,0.6786044557503332,0.890535229028165,0.5781235938950272,0.12979795307843797,0.7179439950399801,0.8654211547996116,0.6915768209152314,0.028070050071372882,0.3444613999412096,0.209400267889427,0.45245943233910146,True,True,True,True
8756,4,0.12440809654095353,0.8020833333333334,0.7943966829605205,0.6602455708495991,0.6950794554332131,0.6543792066050174,0.7943966829605205,0.5995513385403497,0.7482426980627236,0.5212322779142617,0.78815388725058,0.5503488344138405,0.8624182124441888,0.6506891749773599,0.37995935026372585,0.18165916658574188,0.5362856727107569,0.3189811272197195,0.5956569594206106,0.3442353128457081,0.6093342892859108,0.33907583931600715,0.6962716024267266,0.4201230195336485,0.5292295685002969,0.3221917781456751,0.8025871136264775,0.9024386336958669,0.85610131768102,0.09829154137017995,0.7546823357068321,0.8744470426759011,0.7992086272926836,0.06568466783367335,0.7474992080339649,0.8891276029995683,0.811924436566899,0.19258337798097339,0.37995935026372585,0.18165916658574188,0.7482426980627236,True,True,True,True
8863,4,0.124232143556967,0.71875,0.9283340092784232,0.8660453899398309,0.7548753725438675,0.7606919192833271,0.9283340092784232,0.7161294701373255,0.9176993149282157,0.7019725520942032,0.9417969717922778,0.7679789105166016,0.9358929771418758,0.7618406263034838,0.7201115729140128,0.47017858792673095,0.6647978493204485,0.39956055319001893,0.7563945726922643,0.5026872365419294,0.37734063005019436,0.27080451212098156,0.49090844851049276,0.31721937536492495,0.7563863235130385,0.5208294881314267,0.8123422319175096,0.9037941052727745,0.8391256538082674,0.01787579910068056,0.8178278757059168,0.9219752761608384,0.7493585895703028,0.0491326129616815,0.7830456048901087,0.9101367723045526,0.7310923484822937,0.11509315231148935,0.37734063005019436,0.27080451212098156,0.9176993149282157,True,True,True,True
8788,4,0.12415672372819893,0.7708333333333334,0.9199287241409724,0.8995480573106985,0.8991519103036409,0.7545860583472761,0.9199287241409724,0.7139323812391261,0.9220589846179839,0.713164372427459,0.9398484593246015,0.7436101760874656,0.903985186833909,0.6776410654142158,0.78461553161155,0.5572248982459838,0.8522897703110933,0.6174353925100475,0.8337742525837847,0.6173376511853557,0.8383156571760764,0.5462235749050028,0.7898468268187402,0.5399620703092664,0.6565944276613687,0.42164788489628624,0.8037732512592508,0.901490926036225,0.8636294686757179,0.08648207047092553,0.7640861179214687,0.8827851114171077,0.800237917987576,0.09170275827451214,0.7715760993629516,0.8845071832584376,0.8011249138877714,0.06184056134465054,0.6565944276613687,0.42164788489628624,0.903985186833909,True,True,True,True
8816,4,0.12406264337528662,0.59375,0.9024769235776504,0.838112536984924,0.9166336394828738,0.800867287869653,0.9024769235776504,0.6512119960754598,0.8549363925603697,0.5821719953321318,0.9233697291240643,0.6764334087320043,0.9010412324724696,0.6423354545014666,0.7808812765210957,0.5555008511839139,0.903876675048396,0.6847884950595866,0.8518270633450367,0.6085942089015777,0.9138820553776333,0.7178610098209854,0.8762058099951607,0.6628035990675523,0.7164603976226668,0.4471946858704233,0.7954578716943026,0.9026055342939504,0.8414717770455561,0.12450519092977383,0.7516725141244739,0.8855250989551391,0.7800003362877754,0.14610513755180327,0.7542180559920494,0.8776238152615702,0.7511576777701398,0.0034381957802833464,0.7164603976226668,0.4471946858704233,0.8549363925603697,True,True,True,True
5375,0,0.12386127335018707,0.65625,0.7498706194199617,0.7025803153998205,0.6317023267825497,0.512255318564584,0.7498706194199617,0.5360054545037971,0.744341668843695,0.5315602812512245,0.6467722321611977,0.4485099221623038,0.6301539526460562,0.38372510328650855,0.6562975205310737,0.4383095907654826,0.5439174810383454,0.3587224987566954,0.49941476317268485,0.2999154483279358,0.6542074573263457,0.42758604441637793,0.5344511113176025,0.33013860733241684,0.4660460564662132,0.3063204449685737,0.7562113195549183,0.924658008244554,0.6180531114276038,0.06909811794640211,0.7422211798654259,0.8934105927635674,0.6614029696358551,0.046192750593062264,0.7396303846934007,0.9013068996095661,0.638001399094072,0.0582576689260108,0.4660460564662132,0.2999154483279358,0.6301539526460562,True,True,True,True
5390,2,0.12378780963722719,0.6354166666666666,0.6536134377083529,0.6583081117653942,0.5225322340774848,0.5657840701499103,0.6536134377083529,0.408386162006271,0.63082765027832,0.3439028521085926,0.434523268533482,0.2529490327851772,0.4916420908041991,0.36753242930865515,0.6818483603000329,0.4054985862490684,0.5367462968956513,0.3478536608674918,0.6316317267923408,0.3864726464434678,0.547985038464527,0.3378556990575836,0.5986606673611266,0.36409756376700686,0.5398398910869345,0.3342031117290304,0.803152417543309,0.9389196738548844,0.6602171622625593,0.027251540150663375,0.7930903952035935,0.9156800858559445,0.7027851424464698,0.0074409340968125135,0.8192314173899031,0.976254471450312,0.6356886015029546,0.1336273320238969,0.434523268533482,0.2529490327851772,0.434523268533482,True,True,True,True
8748,4,0.12374227761540486,0.8333333333333334,0.8176225501530273,0.7659121040848158,0.8147942523658507,0.6763336283386628,0.8176225501530273,0.5635954293331791,0.796934182027137,0.5740917257464864,0.8458023137374749,0.5692847927969542,0.8403444711469108,0.6361328545160545,0.7269406321343818,0.4981421326902654,0.8382191105479573,0.5847885890985168,0.7926860723423732,0.5269680200619109,0.750984383977257,0.4706988707557196,0.7511670277692536,0.5208700298396955,0.5804879702477732,0.3795010843550213,0.8096549964775714,0.9010367862200596,0.860229010091168,0.023388438417645242,0.7436057773138416,0.8640003331653151,0.8103000932273039,0.002661320449337317,0.7397615134462492,0.871125554073158,0.8072403079667179,0.12254343247574324,0.5804879702477732,0.3795010843550213,0.796934182027137,True,True,True,True
8628,4,0.12360165639068553,0.625,0.8667504619205297,0.8810273123859352,0.8572627799230407,0.7937492800174604,0.8667504619205297,0.6355786305104997,0.9370331760250387,0.7499130465176301,0.8973480610939548,0.6711705497876543,0.8944669831896978,0.6747976222146265,0.7226858582449748,0.4366004536682153,0.731023421169609,0.4865850832900749,0.5949635573539391,0.37640585056994624,0.8810454968370175,0.6416311386143085,0.8880731117696877,0.6710916903393417,0.7399379503630433,0.515317616268044,0.765702858432938,0.9157177121320409,0.8164577474004435,0.2509651953576097,0.6843250327851254,0.8919523832796118,0.7986891523333,0.3202436431945357,0.5783390084590797,0.9077262779497873,0.7529549229668587,0.47082248767262963,0.5949635573539391,0.37640585056994624,0.8667504619205297,True,True,True,True
8946,4,0.12324430690324142,0.7291666666666666,0.7205376040986893,0.6054983354080357,0.5584328248512774,0.6442009764076562,0.7205376040986893,0.4603986536001523,0.771969015106567,0.5084545627793686,0.7635858742935767,0.48250006588376493,0.8170034470310887,0.5726489587519126,0.2694432907806813,0.1424746119586462,0.3015847129631599,0.186010051185324,0.4865370759219828,0.31018588434508,0.5217672228052768,0.3013325444845987,0.6471877329172683,0.4172172976266423,0.6292915928042075,0.40508172153692923,0.7606618823867303,0.8784951175858805,0.7913813418883727,0.05918597231797445,0.7400964424661332,0.8742899522754246,0.7272143895007983,0.05152918608087847,0.6836078213560437,0.894660608156505,0.6776932777896246,0.26407377754027933,0.2694432907806813,0.1424746119586462,0.7205376040986893,True,True,True,True
8841,4,0.12323695202061245,0.75,0.6533139869139228,0.8915292395389924,0.7860953556537292,0.656386822018397,0.6533139869139228,0.40393102006086234,0.7792877399856433,0.5506759355102957,0.8169338767173915,0.5998099698801456,0.7937899266628555,0.5507753203711259,0.9325899144484657,0.7799286090219444,0.8949059122000833,0.6994424315513483,0.7724693494456649,0.5502399344829487,0.6864448868564212,0.5159938206055752,0.5581681635608449,0.4001742065800894,0.6415387872529061,0.4331159916416414,0.8107248355440879,0.900769030426027,0.8799133668285453,0.015001730782334797,0.7979035578751202,0.9003501294948717,0.7928062998384819,0.034075247748906315,0.7804805644239038,0.9009156028846828,0.7620812894631874,0.10905683157853707,0.5581681635608449,0.4001742065800894,0.6533139869139228,True,True,True,True
8725,4,0.123175973183255,0.7083333333333334,0.9259950881297534,0.913816183565503,0.910364521147192,0.7562574272546384,0.9259950881297534,0.7086027585637087,0.9350547620589209,0.7218469726223259,0.9018752995292838,0.6705045969842657,0.8768266038800304,0.6162327010566778,0.8460913053345259,0.5857379098735855,0.8199051150962415,0.5404285310465935,0.6584659338529226,0.40454958099546134,0.9476114255977006,0.762041527510566,0.9057080001831596,0.67202023303445,0.6348549358941629,0.4087411079533141,0.8193917283083072,0.916276234825898,0.8000009648738561,0.08155042486705143,0.7484938279733793,0.882725128391132,0.7799936545316188,0.14197206978280538,0.7944093807629864,0.8981009828892667,0.8224849722862598,0.08036301166685263,0.6348549358941629,0.40454958099546134,0.8768266038800304,True,True,True,True
9296,4,0.12308874504963814,0.625,0.8170326069293525,0.5993113055214763,0.8194134805226155,0.7863259412801936,0.8170326069293525,0.5643827158170839,0.7849224557599567,0.5528460069880268,0.880369427779574,0.6439293279933576,0.8652821709046579,0.6116528821841709,0.2113658720806616,0.13536425353822135,0.40393358839132687,0.263348094639541,0.36097747365089417,0.21419735270383689,0.8684104708134599,0.632747725606218,0.8640227649073395,0.6218086925813209,0.769512046313936,0.5274449537123288,0.7196438172889861,0.8633920594050067,0.7072173308950503,0.03756973688321908,0.6833416916053261,0.8678481542429588,0.6870356840919956,0.19267998820710874,0.7656951040931846,0.8886138331509738,0.7641570301626887,0.0919235800217621,0.2113658720806616,0.13536425353822135,0.7849224557599567,True,True,True,True
8729,4,0.12294354573596776,0.6979166666666666,0.938555934024834,0.913606817774437,0.9373766416975031,0.8124720333800264,0.938555934024834,0.7506826126539643,0.9351707541799037,0.7296593687621613,0.931709413458619,0.7230357283429356,0.8866253978690116,0.6433399830273732,0.8343311052845507,0.5859943284765108,0.8841438206887812,0.6500655930760719,0.7808796444648423,0.5466306082031556,0.9593656491341065,0.7883384494874781,0.9326072517645612,0.7201804843886268,0.7271397843988845,0.4789538567247723,0.832302677629416,0.9134426150405556,0.8761355473433436,0.02613266237006696,0.760541696517093,0.8805072621087248,0.8298770831799979,0.11039894515236365,0.8132754012635136,0.9028117508752892,0.8924063363151913,0.041053423764943794,0.7271397843988845,0.4789538567247723,0.8866253978690116,True,True,True,True
8950,4,0.12255993950129908,0.6458333333333334,0.8384055678651308,0.6093567627363621,0.6544808637090591,0.6136198716017242,0.8384055678651308,0.5816770105223554,0.7796375443646628,0.5337303272973462,0.8780188023224307,0.6429945372444126,0.8831671284640978,0.6646220655224536,0.3644207391027994,0.21581460605133507,0.2864398568446387,0.19668286562565684,0.5380420748653469,0.3538879675498269,0.5952480796660244,0.333163895902417,0.6378591969594765,0.3950564836113033,0.5484581752816812,0.34005901185347487,0.7603473632597808,0.8822379034791958,0.763491793888665,0.06241567537646038,0.7377612393796318,0.8793696594969387,0.7027633365452993,0.0658784134419717,0.6768046967064616,0.9008951123899798,0.6690677298950819,0.2847163001081204,0.2864398568446387,0.19668286562565684,0.7796375443646628,True,True,True,True
8795,4,0.12220933837140596,0.5208333333333334,0.9367741873947116,0.8994847583134326,0.8867499667254944,0.7525769479923777,0.9367741873947116,0.7336719645805883,0.9335495170064114,0.7147335003832638,0.9448691746855766,0.7390707426549477,0.9120830893466589,0.6677922164262937,0.662463278768957,0.4385169240521989,0.7898623574632077,0.5712798277836497,0.7826526438160235,0.574946701643386,0.8035913737748231,0.5506331276714338,0.7456704062533412,0.4977591424379373,0.6726260996014701,0.4291568554784596,0.822131969128929,0.906734268061049,0.9054755373356128,0.005786133790197943,0.7923327655572194,0.894101803713245,0.8302185073063646,0.05481053079700532,0.7655458884108447,0.8813049534600743,0.8090893355383908,0.07705476695577389,0.662463278768957,0.4291568554784596,0.9120830893466589,True,True,True,True
8935,4,0.12198074718428299,0.6770833333333334,0.519763199604642,0.7331022153817678,0.6594880528088765,0.5502546586777408,0.519763199604642,0.2838970831661676,0.6775487508962843,0.42965818319144244,0.577726932391871,0.40916035912200044,0.6372539814486591,0.40948040294343346,0.7549203757448993,0.5272171792156858,0.6130896515407795,0.39776562654563186,0.5037592473274524,0.31638384825301946,0.6873751584261119,0.47674667131781656,0.5376953627439647,0.3556770604064392,0.552476717315852,0.3434212409811954,0.7852314956794457,0.8928391025425655,0.803266555737311,0.0625054094330124,0.7626683442127427,0.8862656614396667,0.7465343851296636,0.057215809485881584,0.7284471475314398,0.9031219123391906,0.6791987858494789,0.19245902015449765,0.5037592473274524,0.2838970831661676,0.519763199604642,True,True,True,True
8758,4,0.12194081419216053,0.7395833333333334,0.7275223464023662,0.6572869804330884,0.6972513677517874,0.6213180456987486,0.7275223464023662,0.502339668480287,0.6993617929056613,0.48259701752840034,0.7508178832840312,0.4975088808952819,0.7889843509773851,0.5543262618566156,0.5150115062893776,0.33189475533069257,0.5852199153089244,0.39170009074490386,0.5361613016988975,0.3361165041171015,0.646934205222853,0.36135960585580973,0.6676191027841158,0.394439691364052,0.5297706866593925,0.33345787067029975,0.7830392216213681,0.894818485314261,0.8245946718919929,0.11282515706691781,0.7419409524872528,0.8698675972985206,0.7701486087291584,0.06917230414950526,0.730772164975604,0.8861839670385323,0.7804013571734792,0.20823039622179235,0.5150115062893776,0.33189475533069257,0.6993617929056613,True,True,True,True
8755,4,0.1218668029364869,0.6875,0.7855405928383851,0.7389758947478784,0.6911144286967044,0.6303955329607431,0.7855405928383851,0.5837040527407737,0.815147912497895,0.5810064335304657,0.8027591947160554,0.5434972916309345,0.8620278062274283,0.6501037109943533,0.5072242778297742,0.29084750032963946,0.49435454492989606,0.28947019281861375,0.5256709917821426,0.29221663789755226,0.587619661443504,0.33157159147913506,0.6499009505927797,0.39601216753476687,0.5007611700544765,0.29271897505173883,0.7997597700576858,0.9026410560452972,0.8702196663793957,0.11810994663031257,0.7532421246514167,0.8740658546944837,0.8165273035558682,0.08624563075455156,0.7426919122091891,0.8885546857974901,0.8290993956606851,0.2080927339390677,0.49435454492989606,0.28947019281861375,0.7855405928383851,True,True,True,True
8989,4,0.12180637611870661,0.6041666666666666,0.911998224796676,0.7768741605413886,0.8103921196977939,0.7457174998624325,0.911998224796676,0.6930091370228777,0.9079639824161769,0.6787426665582025,0.911033730094718,0.6912442937578283,0.8959080211618542,0.6564744263074105,0.4163226998273942,0.25074864365464855,0.30681824359011756,0.22130834900360374,0.4347705299278567,0.2847701409460348,0.8455659172099894,0.5948283540041033,0.8536499325194168,0.6184695111499341,0.7147782097622437,0.4507064107965302,0.7411900275453045,0.8820138214805222,0.7058871963479321,0.0757480406134298,0.6977485583487228,0.8752458258491199,0.6382640660646808,0.110210447994079,0.6094449291406331,0.9247596976477536,0.5906834740145608,0.3662357793224423,0.30681824359011756,0.22130834900360374,0.8959080211618542,True,True,True,True
8877,4,0.12170614246496331,0.7083333333333334,0.9219112497120836,0.8691837970437506,0.8073873493084051,0.7574084514313593,0.9219112497120836,0.7244261759238082,0.9055573835416231,0.6959432411525318,0.9222340509794459,0.7104552277138884,0.9224114382181081,0.7358917881096096,0.70360286084463,0.4861677488251416,0.8359856714817424,0.6136873790115005,0.7644674387101942,0.5264924253946668,0.6012643370612039,0.38520587423473096,0.5538222490248272,0.38453802259763903,0.7299745243476128,0.4968056296041997,0.774629042090462,0.8899930853754793,0.8026102874187278,0.09911052692298891,0.7890123191023186,0.9125472882839298,0.7080433574791335,0.043684969239115176,0.7532288544102671,0.8971726866418267,0.669818518987789,0.0002402003037277914,0.5538222490248272,0.38453802259763903,0.9055573835416231,True,True,True,True
8911,4,0.12165760889768391,0.6354166666666666,0.9400972731549119,0.8498481939388507,0.8239995742887433,0.7668995284901654,0.9400972731549119,0.7339861308617561,0.9293119811315452,0.7382771656047121,0.9503381935258706,0.7614078998636118,0.9437360864805142,0.7538433151682546,0.6311576532305758,0.415032396234168,0.7583665056809843,0.519847583916464,0.6496907319142775,0.4159201995070284,0.7537893011163811,0.5039563482610886,0.7076104258399092,0.4751595366410356,0.7514253173262456,0.4924552415360235,0.8106103898242639,0.9039647963824463,0.8232850830987393,0.005722511594783012,0.8049741445056879,0.9103615397740257,0.7565878219917542,0.01173167990805273,0.7903145150019274,0.9345625831621285,0.6506477058274743,0.049850268532792244,0.6311576532305758,0.415032396234168,0.9293119811315452,True,True,True,True
8632,4,0.12150987924488796,0.6770833333333334,0.9175795385393196,0.8590459358616265,0.8939054086259034,0.8627207645239178,0.9175795385393196,0.6685327375449783,0.8973398466983569,0.6511059869878599,0.8678936359101537,0.588869833665264,0.8989998273821603,0.6749876421034539,0.755421923844462,0.48741303346754694,0.7877113369752617,0.5142554182203984,0.7600098457937956,0.506538072337928,0.9431107994044734,0.7531397259988467,0.9523364189393297,0.7814478109795344,0.8134384616411857,0.5783174510950195,0.7856877498258288,0.9111999303238427,0.8517674811415017,0.2026458664284461,0.7017364548046126,0.8885169663952394,0.8250364130186956,0.289302893367132,0.6143072839149337,0.8932614738692927,0.7882751826736162,0.4154355009447122,0.755421923844462,0.48741303346754694,0.8678936359101537,True,True,True,True
9004,4,0.12111867280668723,0.5625,0.9528926272926828,0.7547354073850895,0.8858771260794467,0.7372194236480053,0.9528926272926828,0.7752950339386796,0.9215802828111335,0.7135708335262916,0.9389112028888777,0.7328764575853791,0.9112203942208695,0.6804746890061557,0.1912985777612315,0.13002020326163655,0.6810043414600391,0.48338848521957456,0.4118611850731154,0.26828627910869474,0.9235711838122711,0.718044451763952,0.8736551042395206,0.6333716007943053,0.7019339958188646,0.442531380071677,0.7206397345057451,0.8760424337873519,0.6974881418712834,0.12218418935636804,0.6698877905195896,0.8750145451314879,0.6243129395237611,0.18141490737473204,0.5447152654424929,0.9291897312141005,0.5849237342393983,0.4473915672855866,0.1912985777612315,0.13002020326163655,0.9112203942208695,True,True,True,True
8744,4,0.12110646039279727,0.7916666666666666,0.5916995963415219,0.782884189840093,0.7844870261093518,0.49387372234113025,0.5916995963415219,0.37822155861524476,0.6342025601261158,0.4299751490600868,0.6424047551644356,0.4017643783225471,0.554520980248495,0.3595100380970513,0.8528993475872737,0.637638113569168,0.8293968875197604,0.5883430666885157,0.6340899436991456,0.3664516992004925,0.81942420292491,0.5909750773869875,0.6382105642584155,0.4190847180054198,0.418476545669357,0.25858536727702786,0.8093695829528317,0.9019392085384142,0.8393142923263625,0.014243342848608962,0.7473492216965996,0.8681566404041647,0.7942809032032896,0.029817881116433145,0.765708559070515,0.8835399655053882,0.7939079470864748,0.08306872365035495,0.418476545669357,0.25858536727702786,0.554520980248495,True,True,True,True
1980,2,0.12098355741591282,0.7604166666666666,0.5252605456722265,0.7241719322121791,0.582475950536707,0.5078326792819301,0.5252605456722265,0.2508320412118257,0.680207496864378,0.3404533082085469,0.4059486046176878,0.28722059654302445,0.46539950585664647,0.1779525755100555,0.7485746882886928,0.48517430090038505,0.654040697539106,0.47675388751787484,0.7312805694473872,0.45941632965875234,0.5831408169254186,0.37430680838463226,0.5436549734996492,0.2492137290429004,0.42322296527203207,0.20086220693270107,0.8569622932761496,0.9731041202883838,0.6877527313474923,0.09243332989557378,0.8362898488405366,0.978535854404433,0.6701766362576995,0.161731759708514,0.8161601607961478,0.9774759596910202,0.6890324362966704,0.23685317137329284,0.4059486046176878,0.1779525755100555,0.4059486046176878,True,True,True,True
8649,4,0.1208591523525583,0.6354166666666666,0.526287520043925,0.7837216250515442,0.8061411997371721,0.6298525325949718,0.526287520043925,0.2842621600268017,0.7138677910316176,0.47626676708349147,0.7588832700828103,0.5185100053443727,0.6367945230458303,0.3809952127899966,0.840995957208295,0.6325483306167676,0.8157202213595159,0.5657132660088335,0.6801632579889711,0.41941137537885576,0.8403576096428484,0.6126308617187913,0.776489036989592,0.541423337357984,0.5664953680328154,0.3689924126002453,0.7661229625074377,0.9148415017488458,0.7907435177986993,0.23539690141154193,0.6882968495475088,0.8875331204709775,0.7832186843347474,0.2975511532476763,0.6466028255841993,0.8918844729251795,0.7181651095022472,0.3444948043625002,0.526287520043925,0.2842621600268017,0.526287520043925,True,True,True,True
8794,4,0.12069311612847593,0.6458333333333334,0.9225611271804157,0.9183543792848345,0.9058348617756293,0.7946478478717616,0.9225611271804157,0.713207710887618,0.9424192584415666,0.7388734669815904,0.9545374575142606,0.7720569174900648,0.9310959048392407,0.7200175456555269,0.7943191518369619,0.5717079423140996,0.8493143587477294,0.6289582272868376,0.8547283948950168,0.6500705482478611,0.8289695065278804,0.5661673507604723,0.8049643994851429,0.5660842419106029,0.7120102748018116,0.46855492665702825,0.8190912735812796,0.9053853383188533,0.9060080405432458,0.025118708235188768,0.7857018024057023,0.8912584294197173,0.8311507354905586,0.07090028728092365,0.7644093401611725,0.8788317583545744,0.81224249335511,0.05917591670816547,0.7120102748018116,0.46855492665702825,0.9225611271804157,True,True,True,True
8720,4,0.12062953275662865,0.6770833333333334,0.8672679681307278,0.845703030042416,0.895188582862849,0.7405260883900509,0.8672679681307278,0.5812674848054664,0.873474542344279,0.6027979048287968,0.9018025743652267,0.6421527931064096,0.8552030505967072,0.5771521685112583,0.7737109502536172,0.47869167364829246,0.7796785626061072,0.4842994732734206,0.6996397889609984,0.41972235632856125,0.929851140115485,0.7227883770756514,0.8772607075912089,0.638486073303106,0.6272002196845265,0.3889607877447018,0.7998818975427586,0.9165752637068253,0.7813294551553419,0.1481110656424199,0.7343008882033977,0.8834978012697026,0.7726966809703347,0.1843653665562105,0.7758471963309985,0.8945210584769119,0.7908649222351608,0.11651666467543442,0.6272002196845265,0.3889607877447018,0.8552030505967072,True,True,True,True
8961,4,0.12052028885502632,0.5625,0.9225976289117059,0.7696145838802663,0.6753363297432202,0.6252529480406595,0.9225976289117059,0.6815307034800296,0.890393253896314,0.6448112748739543,0.8676432878665785,0.6020824719476906,0.8361684772878581,0.568912362083013,0.4902305469747582,0.33127750785479204,0.39181789758529373,0.2558518366815057,0.4058595036769208,0.23549399222958878,0.6338351050749995,0.386881274724282,0.61471944741028,0.3563254458677171,0.6149520880657959,0.3994241929663749,0.7594200050154303,0.8845319098337963,0.7439990850208146,0.056808623015142716,0.728858654607324,0.8737672821301692,0.6974124273830615,0.05924165697332495,0.6725038455720299,0.9055955651230612,0.6741630038789411,0.30665689556002695,0.39181789758529373,0.23549399222958878,0.8361684772878581,True,True,True,True
8939,4,0.12040331562845866,0.7083333333333334,0.6916107089859674,0.7255368894091914,0.597489541871302,0.6452473356136965,0.6916107089859674,0.429299122173899,0.7477894766597588,0.517092614483639,0.6430934852948176,0.41361190956306815,0.7327355998681124,0.4898764216986391,0.7102583498609161,0.48908939409280805,0.6465972211222621,0.38205143186291535,0.6499800028836195,0.4398720078483551,0.5636525359080653,0.35398682748219035,0.6661168027242872,0.4337161014863672,0.6280436936337235,0.40395859542811297,0.779237849520095,0.8922669267736721,0.7901408894876828,0.08045303973312314,0.7576539317363906,0.8878797499682409,0.7277038764207678,0.07085342758525767,0.7096915053645241,0.9036764557955977,0.663066855006954,0.2214647859211443,0.5636525359080653,0.35398682748219035,0.6430934852948176,True,True,True,True
8764,4,0.12037302998496156,0.625,0.9010546606481087,0.8246838475848437,0.8439550634775719,0.672646963689743,0.9010546606481087,0.6785509750449419,0.8455869035301005,0.5977041549198292,0.8912146595529807,0.6605119522600287,0.8848309873186992,0.6579017845790855,0.7536272560537245,0.5427342907906373,0.7835631803630707,0.571566729852774,0.7830530783744507,0.5774402962281497,0.7646095410073953,0.4684518285988406,0.7508530361579211,0.43207599137528185,0.5154751471982757,0.32236701231340725,0.8005849404719314,0.9003863486477182,0.8008675742884519,0.014375322927442317,0.7302896664816283,0.8640828270653245,0.7381834214262617,0.02233394741880676,0.7421622417374176,0.8833675470611217,0.7280011212819467,0.11847892303684049,0.5154751471982757,0.32236701231340725,0.8455869035301005,True,True,True,True
9223,4,0.12023110422198931,0.59375,0.651462301398212,0.4881535907413401,0.5565081945154783,0.4752639056579404,0.651462301398212,0.4102713867587351,0.46229221098636986,0.3482843898958444,0.43040315578096866,0.3070920962677335,0.593702864300399,0.36856260257018725,0.5018067298309912,0.26982248015743604,0.5189732709346153,0.3596252032196855,0.3617189813721332,0.22124275287596806,0.5930849652922807,0.42221808828322316,0.3322625470347691,0.22678987751057245,0.5065071413634021,0.281721404848842,0.7086380453388031,0.8689003899857919,0.6598365702849052,0.05140196174012481,0.657787459200958,0.898612931844742,0.6071026178649204,0.25443953883198034,0.7851849860518127,0.9315763930402785,0.6492773246795556,0.05437670476215512,0.3322625470347691,0.22124275287596806,0.43040315578096866,True,True,True,True
8757,4,0.12018281892201958,0.8020833333333334,0.786267141031711,0.6879505849946703,0.6937888555985718,0.6463256563245068,0.786267141031711,0.5734488777073286,0.7446928183272142,0.5250489115498871,0.7793238783555616,0.5246296305535001,0.8374731047381931,0.6142732624995444,0.5236228713553956,0.3065413380986516,0.5458332764138497,0.3400730452377573,0.5978939521898432,0.3684155107691717,0.6006184092725272,0.31327125624330776,0.6905551667629519,0.4101379091043831,0.540247046783892,0.33671495436853627,0.7997511994276371,0.8997622048599567,0.846366351382965,0.08348478123752716,0.7527827860025679,0.8732338920921321,0.7887653209177771,0.051183051682841804,0.7491266435188202,0.8901833288749108,0.7942828001988799,0.18466944546311753,0.5236228713553956,0.3065413380986516,0.7446928183272142,True,True,True,True
2623,0,0.12001602875236225,0.5208333333333334,0.5105813587230907,0.5547081647854857,0.7023318799804218,0.7004048426062505,0.5105813587230907,0.35887829844488006,0.5378204225724204,0.3609848387990242,0.2533555544214753,0.14482463855723915,0.7165675442544652,0.47669714558554066,0.5584545722593799,0.2765225348785767,0.6333954593972402,0.3272237416861974,0.6661217313550908,0.38537390899278856,0.787703294575662,0.4805981363544932,0.8189221630985141,0.5363014835838723,0.642833336432241,0.3588502150132874,0.7785282412299535,0.9520812952080752,0.907894086029778,0.3549338558100166,0.7784467535836462,0.9424245973580166,0.857867357292583,0.32026152012736486,0.7987105646519801,0.9203010206820602,0.8060430941332322,0.1875860608819974,0.2533555544214753,0.14482463855723915,0.2533555544214753,True,True,True,True
