segment,mse,mae
1-96,0.30194997787475586,0.35631346702575684
97-192,0.36912333965301514,0.3972373902797699
193-336,0.4117748737335205,0.42142894864082336
337-720,0.44770434498786926,0.4433884620666504
