{
  "mse": 0.1957843005657196,
  "mae": 0.24375785887241364
}