segment,mse,mae
1-96,0.15261618793010712,0.20339132845401764
97-192,0.2389524132013321,0.28412434458732605
