segment_a,segment_b,cosine
0,1,0.04172409698367119
0,2,0.04343640059232712
0,3,0.8381982445716858
1,2,0.15245652198791504
1,3,0.03933801129460335
2,3,0.06666979193687439
