dataset,probe_row_index,future_step,target,full_iscf_bsca,fixed_scope_s144,scope_1_probability,scope_1_forecast,scope_48_probability,scope_48_forecast,scope_144_probability,scope_144_forecast,scope_360_probability,scope_360_forecast,scope_720_probability,scope_720_forecast
Weather,77,1,-0.09350552409887314,-0.10025392472743988,-0.11117368936538696,0.19278039038181305,-0.10148677974939346,0.19518506526947021,-0.09808304905891418,0.19682791829109192,-0.10184916853904724,0.20596984028816223,-0.10288563370704651,0.20923684537410736,-0.09705185890197754
Weather,77,2,-0.09350552409887314,-0.09709871560335159,-0.09763246774673462,0.19278134405612946,-0.09298659861087799,0.1951858252286911,-0.10111884027719498,0.1968282163143158,-0.10073655098676682,0.20596912503242493,-0.08938485383987427,0.2092355489730835,-0.10130859166383743
Weather,77,3,-0.09350552409887314,-0.09559152275323868,-0.09810188412666321,0.19278326630592346,-0.09263331443071365,0.19518736004829407,-0.09187768399715424,0.19682879745960236,-0.09466999769210815,0.20596769452095032,-0.09489643573760986,0.20923294126987457,-0.10333281010389328
Weather,77,4,-0.09350552409887314,-0.09757998585700989,-0.09925277531147003,0.1927861124277115,-0.0950758084654808,0.19518965482711792,-0.09416258335113525,0.1968296617269516,-0.10068011283874512,0.2059655338525772,-0.09817938506603241,0.20922903716564178,-0.09956899285316467
Weather,77,5,-0.09350552409887314,-0.09412427246570587,-0.10076992958784103,0.1927899420261383,-0.09174337238073349,0.19519270956516266,-0.08573323488235474,0.19683082401752472,-0.09564389288425446,0.20596268773078918,-0.09887868911027908,0.20922383666038513,-0.09803656488656998
Weather,77,6,-0.09350552409887314,-0.0947139710187912,-0.10388711839914322,0.19279469549655914,-0.09814660251140594,0.19519655406475067,-0.0917915627360344,0.19683228433132172,-0.09379644691944122,0.20595911145210266,-0.09380392730236053,0.20921733975410461,-0.0960364043712616
Weather,77,7,-0.09350552409887314,-0.10090669989585876,-0.10407809913158417,0.19280043244361877,-0.09886002540588379,0.19520112872123718,-0.10987697541713715,0.1968340277671814,-0.10033668577671051,0.20595486462116241,-0.09796909242868423,0.20920957624912262,-0.09785141050815582
Weather,77,8,-0.09350552409887314,-0.09755941480398178,-0.10303843021392822,0.19280707836151123,-0.09421159327030182,0.1952064484357834,-0.10813199728727341,0.19683605432510376,-0.08898571133613586,0.20594985783100128,-0.09571497142314911,0.20920050144195557,-0.10066230595111847
Weather,77,9,-0.09350552409887314,-0.09333356469869614,-0.09990055859088898,0.1928146630525589,-0.08777739107608795,0.19521252810955048,-0.08844836056232452,0.1968383640050888,-0.09737353771924973,0.20594419538974762,-0.09718187898397446,0.20919017493724823,-0.09542357176542282
Weather,77,10,-0.09350552409887314,-0.0934145450592041,-0.09831927716732025,0.19282323122024536,-0.09507574141025543,0.19521938264369965,-0.09027320146560669,0.19684098660945892,-0.0938195139169693,0.20593784749507904,-0.09409348666667938,0.2091785967350006,-0.09376545250415802
Weather,77,11,-0.09350552409887314,-0.09106124192476273,-0.10378922522068024,0.19283267855644226,-0.08849284052848816,0.19522693753242493,-0.08979929983615875,0.19684384763240814,-0.09453209489583969,0.20593078434467316,-0.09412316232919693,0.20916572213172913,-0.08832599222660065
Weather,77,12,-0.09350552409887314,-0.0920524150133133,-0.09661101549863815,0.19284304976463318,-0.08757048845291138,0.1952352374792099,-0.09588183462619781,0.19684700667858124,-0.09623975306749344,0.20592305064201355,-0.09093765914440155,0.20915162563323975,-0.08976680785417557
Weather,77,13,-0.09350552409887314,-0.0889635980129242,-0.09828878939151764,0.19285434484481812,-0.08270877599716187,0.19524426758289337,-0.07814976572990417,0.19685043394565582,-0.09026683866977692,0.20591463148593903,-0.09873174875974655,0.2091362625360489,-0.09398264437913895
Weather,77,14,-0.09350552409887314,-0.09326231479644775,-0.10295671224594116,0.19286654889583588,-0.0945485383272171,0.19525404274463654,-0.09402021020650864,0.19685417413711548,-0.09434489160776138,0.20590555667877197,-0.09226289391517639,0.20911970734596252,-0.09133341908454895
Weather,77,15,-0.09350552409887314,-0.09202206879854202,-0.09081235527992249,0.19287964701652527,-0.08458728343248367,0.19526450335979462,-0.0990339145064354,0.19685815274715424,-0.0872289165854454,0.20589579641819,-0.08965225517749786,0.20910193026065826,-0.09917818009853363
Weather,77,16,-0.09350552409887314,-0.08889316022396088,-0.08639337867498398,0.1928936392068863,-0.08450288325548172,0.1952756941318512,-0.09467723965644836,0.1968623846769333,-0.08083278685808182,0.2058853954076767,-0.09240607917308807,0.2090829312801361,-0.091671422123909
Weather,77,17,-0.09350552409887314,-0.0945872962474823,-0.10132844001054764,0.19290849566459656,-0.09135700017213821,0.1952875554561615,-0.09926328808069229,0.19686689972877502,-0.10217631608247757,0.20587430894374847,-0.08539864420890808,0.20906274020671844,-0.09510229527950287
Weather,77,18,-0.09350552409887314,-0.08696933835744858,-0.09391847997903824,0.19292424619197845,-0.08508617430925369,0.19530010223388672,-0.08648893982172012,0.19687165319919586,-0.08396188914775848,0.2058626115322113,-0.08842425048351288,0.20904137194156647,-0.09055569767951965
Weather,77,19,-0.09350552409887314,-0.090732142329216,-0.0834985002875328,0.1929408311843872,-0.08633776754140854,0.19531336426734924,-0.08862721174955368,0.19687668979167938,-0.08656956255435944,0.205850288271904,-0.09636092185974121,0.20901887118816376,-0.0951327383518219
Weather,77,20,-0.09350552409887314,-0.09031148254871368,-0.08113642781972885,0.1929582804441452,-0.08563456684350967,0.1953272521495819,-0.09758667647838593,0.1968819499015808,-0.0900154784321785,0.20583732426166534,-0.0861637145280838,0.20899520814418793,-0.09219405055046082
Weather,77,21,-0.09350552409887314,-0.09194949269294739,-0.10283324867486954,0.19297654926776886,-0.09204889833927155,0.1953417956829071,-0.09874466061592102,0.19688746333122253,-0.09073968976736069,0.20582374930381775,-0.09186355024576187,0.20897041261196136,-0.08673019707202911
Weather,77,22,-0.09350552409887314,-0.08777434378862381,-0.08871438354253769,0.19299565255641937,-0.08411137014627457,0.19535700976848602,-0.09455063939094543,0.19689323008060455,-0.087339386343956,0.2058095932006836,-0.08239860832691193,0.20894452929496765,-0.09052704274654388
Weather,77,23,-0.09350552409887314,-0.09227536618709564,-0.09075980633497238,0.19301556050777435,-0.08535924553871155,0.1953728348016739,-0.10123643279075623,0.19689923524856567,-0.092760369181633,0.20579484105110168,-0.08991061896085739,0.2089175581932068,-0.0921572893857956
Weather,77,24,-0.09350552409887314,-0.08528371155261993,-0.08950068801641464,0.1930362731218338,-0.10055342316627502,0.1953892856836319,-0.09165260195732117,0.1969054490327835,-0.0765821635723114,0.20577949285507202,-0.07672736793756485,0.20888949930667877,-0.08184687048196793
Weather,77,25,-0.09350552409887314,-0.08969984948635101,-0.08925854414701462,0.19305776059627533,-0.08617901802062988,0.19540633261203766,-0.0881659984588623,0.19691190123558044,-0.08624377846717834,0.205763578414917,-0.09583285450935364,0.2088603973388672,-0.09160560369491577
Weather,77,26,-0.09350552409887314,-0.09195764362812042,-0.08754265308380127,0.19308000802993774,-0.08169553428888321,0.19542400538921356,-0.08563331514596939,0.1969185769557953,-0.09857431799173355,0.20574712753295898,-0.09684177488088608,0.20883028209209442,-0.09631280601024628
Weather,77,27,-0.09350552409887314,-0.08665728569030762,-0.08567532151937485,0.19310301542282104,-0.08964803814888,0.19544222950935364,-0.08281923830509186,0.19692547619342804,-0.08426962047815323,0.2057301253080368,-0.0861537829041481,0.20879915356636047,-0.09023185819387436
Weather,77,28,-0.09350552409887314,-0.08782927691936493,-0.09479828923940659,0.19312678277492523,-0.07950577884912491,0.19546104967594147,-0.08392211049795151,0.1969325691461563,-0.09391888976097107,0.20571260154247284,-0.09048272669315338,0.20876705646514893,-0.0908282995223999
Weather,77,29,-0.09350552409887314,-0.09269621223211288,-0.08830945193767548,0.19315123558044434,-0.09216556698083878,0.19548039138317108,-0.08977623283863068,0.1969398707151413,-0.08987792581319809,0.2056945562362671,-0.09036912024021149,0.20873397588729858,-0.10087409615516663
Weather,77,30,-0.09350552409887314,-0.09122908860445023,-0.08128023892641068,0.19317638874053955,-0.09848088026046753,0.19550026953220367,-0.08773063868284225,0.1969473659992218,-0.09371521323919296,0.20567600429058075,-0.08212197571992874,0.20869998633861542,-0.09442292153835297
Weather,77,31,-0.09350552409887314,-0.09227393567562103,-0.0879608541727066,0.19320225715637207,-0.09429029375314713,0.19552068412303925,-0.09470542520284653,0.19695505499839783,-0.08478280901908875,0.2056569904088974,-0.08895337581634521,0.20866507291793823,-0.09847210347652435
Weather,77,32,-0.09350552409887314,-0.09103446453809738,-0.07533641159534454,0.19322876632213593,-0.08430343866348267,0.1955416053533554,-0.09943138062953949,0.19696293771266937,-0.08819951117038727,0.20563746988773346,-0.09008889645338058,0.2086292803287506,-0.09300688654184341
Weather,77,33,-0.09350552409887314,-0.0928814560174942,-0.08975288271903992,0.1932559311389923,-0.08918389678001404,0.19556298851966858,-0.09855002909898758,0.19697099924087524,-0.09081252664327621,0.2056175172328949,-0.0843803659081459,0.20859263837337494,-0.10132613778114319
Weather,77,34,-0.09350552409887314,-0.09176300466060638,-0.09285897016525269,0.19328372180461884,-0.09128258377313614,0.19558484852313995,-0.08536302298307419,0.19697917997837067,-0.08816715329885483,0.20559710264205933,-0.09665466099977493,0.20855513215065002,-0.09678418934345245
Weather,77,35,-0.09350552409887314,-0.090960793197155,-0.08091460913419724,0.1933121383190155,-0.10205244272947311,0.19560714066028595,-0.08179513365030289,0.1969875693321228,-0.08728937059640884,0.20557628571987152,-0.09207062423229218,0.20851685106754303,-0.09165035933256149
Weather,77,36,-0.09350552409887314,-0.09684689342975616,-0.08681914955377579,0.19334113597869873,-0.09746352583169937,0.19562990963459015,-0.10081066191196442,0.19699609279632568,-0.09388889372348785,0.20555506646633148,-0.09464892745018005,0.20847779512405396,-0.09751778095960617
Weather,77,37,-0.09350552409887314,-0.09201754629611969,-0.0863831490278244,0.19337068498134613,-0.09879760444164276,0.195653036236763,-0.09169670939445496,0.1970047652721405,-0.08555128425359726,0.20553342998027802,-0.08978421241044998,0.208437979221344,-0.09434255957603455
Weather,77,38,-0.09350552409887314,-0.09022572636604309,-0.08536654710769653,0.19340083003044128,-0.08709719032049179,0.19567662477493286,-0.09491830319166183,0.19701360166072845,-0.08521006256341934,0.20551146566867828,-0.09397759288549423,0.20839747786521912,-0.08976474404335022
Weather,77,39,-0.09350552409887314,-0.09449676424264908,-0.0855894461274147,0.19343148171901703,-0.09396357834339142,0.19570057094097137,-0.10091042518615723,0.19702257215976715,-0.08533185720443726,0.2054891288280487,-0.09423646330833435,0.20835627615451813,-0.09789076447486877
Weather,77,40,-0.09350552409887314,-0.09381856769323349,-0.09374085813760757,0.19346264004707336,-0.08966498076915741,0.19572487473487854,-0.09681195765733719,0.197031632065773,-0.09352391213178635,0.20546643435955048,-0.09081804752349854,0.20831440389156342,-0.09810173511505127
Weather,77,41,-0.09350552409887314,-0.09396135807037354,-0.09556960314512253,0.1934942752122879,-0.09717299789190292,0.19574949145317078,-0.08730755746364594,0.1970408409833908,-0.09811678528785706,0.20544341206550598,-0.08868910372257233,0.20827192068099976,-0.09850063920021057
Weather,77,42,-0.09350552409887314,-0.09253433346748352,-0.08810806274414062,0.19352641701698303,-0.08584722131490707,0.19577448070049286,-0.08053027838468552,0.19705016911029816,-0.09604962170124054,0.20542015135288239,-0.09772573411464691,0.20822885632514954,-0.10158742964267731
Weather,77,43,-0.09350552409887314,-0.09269727021455765,-0.08673686534166336,0.1935589760541916,-0.08722486346960068,0.19579970836639404,-0.09372994303703308,0.1970595419406891,-0.09551353007555008,0.20539654791355133,-0.08694396913051605,0.20818521082401276,-0.0998244658112526
Weather,77,44,-0.09350552409887314,-0.09255511313676834,-0.0978657677769661,0.19359195232391357,-0.09534600377082825,0.1958252489566803,-0.08544813096523285,0.19706907868385315,-0.08480175584554672,0.20537270605564117,-0.09987431764602661,0.2081410437822342,-0.09676482528448105
Weather,77,45,-0.09350552409887314,-0.09500579535961151,-0.08229920268058777,0.1936253011226654,-0.09572592377662659,0.19585102796554565,-0.0976364016532898,0.1970786303281784,-0.08311223983764648,0.20534862577915192,-0.09721323102712631,0.20809637010097504,-0.10094548016786575
Weather,77,46,-0.09350552409887314,-0.09041488170623779,-0.08827915042638779,0.19365905225276947,-0.08610542118549347,0.1958770453929901,-0.08710972219705582,0.1970883011817932,-0.09294869750738144,0.20532430708408356,-0.08481688052415848,0.20805124938488007,-0.10066234320402145
Weather,77,47,-0.09350552409887314,-0.09025214612483978,-0.09253109246492386,0.193693146109581,-0.08482736349105835,0.19590328633785248,-0.09453161060810089,0.1970980316400528,-0.09243398159742355,0.20529977977275848,-0.09291675686836243,0.20800568163394928,-0.08657582104206085
Weather,77,48,-0.09350552409887314,-0.09329324215650558,-0.08755362033843994,0.19372761249542236,-0.08163683116436005,0.19592973589897156,-0.08550619333982468,0.19710783660411835,-0.09781042486429214,0.20527510344982147,-0.09534939378499985,0.20795977115631104,-0.10517741739749908
Weather,77,49,-0.09350552409887314,-0.08960022777318954,-0.08526299893856049,0.19376231729984283,-0.08826330304145813,0.19595631957054138,-0.09866047650575638,0.1971176415681839,-0.07789469510316849,0.20525024831295013,-0.09293098747730255,0.20791344344615936,-0.09011659771203995
Weather,77,50,-0.09350552409887314,-0.09292380511760712,-0.09357492625713348,0.19379733502864838,-0.09451757371425629,0.19598308205604553,-0.0931394100189209,0.1971275359392166,-0.09306112676858902,0.20522525906562805,-0.08852685987949371,0.207866832613945,-0.09544544667005539
Weather,77,51,-0.09350552409887314,-0.09069310128688812,-0.08894292265176773,0.19383259117603302,-0.09050857275724411,0.19600994884967804,-0.09046176075935364,0.19713743031024933,-0.07866954058408737,0.20520010590553284,-0.09644044935703278,0.2078198790550232,-0.09681403636932373
Weather,77,52,-0.09350552409887314,-0.09051711857318878,-0.08475673198699951,0.19386808574199677,-0.09329984337091446,0.1960369497537613,-0.09294898808002472,0.19714738428592682,-0.08195269107818604,0.20517489314079285,-0.089472196996212,0.20777271687984467,-0.09478443115949631
Weather,77,53,-0.09350552409887314,-0.09199783205986023,-0.08354930579662323,0.19390377402305603,-0.08750716596841812,0.19606401026248932,-0.09114551544189453,0.1971573382616043,-0.08366787433624268,0.2051495909690857,-0.09336463361978531,0.20772531628608704,-0.103550486266613
Weather,77,54,-0.09350552409887314,-0.09511638432741165,-0.08514592051506042,0.19393964111804962,-0.09327790141105652,0.19609113037586212,-0.09718538820743561,0.1971672624349594,-0.08467236161231995,0.20512419939041138,-0.09972863644361496,0.2076777219772339,-0.100239597260952
Weather,77,55,-0.09350552409887314,-0.0899350494146347,-0.08452557027339935,0.19397565722465515,-0.10066390782594681,0.1961182951927185,-0.08936823904514313,0.1971772313117981,-0.08417484164237976,0.20509880781173706,-0.08708193153142929,0.20762999355793,-0.0887356773018837
Weather,77,56,-0.09350552409887314,-0.09233687818050385,-0.09328169375658035,0.19401182234287262,-0.09036712348461151,0.19614547491073608,-0.08750011026859283,0.1971871703863144,-0.09533727914094925,0.20507338643074036,-0.09589074552059174,0.20758214592933655,-0.09238707274198532
Weather,77,57,-0.09350552409887314,-0.08469324558973312,-0.07858294248580933,0.19404807686805725,-0.07061849534511566,0.19617265462875366,-0.09165064990520477,0.1971970945596695,-0.07803510129451752,0.20504797995090485,-0.0882878303527832,0.20753423869609833,-0.09405185282230377
Weather,77,58,-0.09350552409887314,-0.08719708025455475,-0.09057742357254028,0.19408440589904785,-0.085043765604496,0.19619978964328766,-0.07940354943275452,0.19720697402954102,-0.08599388599395752,0.20502258837223053,-0.08695264160633087,0.20748627185821533,-0.0979660153388977
Weather,77,59,-0.09350552409887314,-0.09056870639324188,-0.08248008042573929,0.19412079453468323,-0.09653021395206451,0.19622686505317688,-0.08532944321632385,0.19721683859825134,-0.08720466494560242,0.2049972414970398,-0.09106820821762085,0.20743831992149353,-0.09265068918466568
Weather,77,60,-0.09350552409887314,-0.08832244575023651,-0.08707953989505768,0.1941571980714798,-0.08721735328435898,0.19625386595726013,-0.09084083884954453,0.1972266435623169,-0.07981369644403458,0.20497196912765503,-0.09356266260147095,0.20739039778709412,-0.08988651633262634
Weather,77,61,-0.09350552409887314,-0.09368223696947098,-0.09105239808559418,0.19419358670711517,-0.09101460874080658,0.19628073275089264,-0.09324543178081512,0.19723635911941528,-0.09476681053638458,0.20494678616523743,-0.0912705510854721,0.20734252035617828,-0.09794630110263824
Weather,77,62,-0.09350552409887314,-0.09407489746809006,-0.08745917677879333,0.19422994554042816,-0.0934765487909317,0.19630751013755798,-0.09191979467868805,0.1972460150718689,-0.09248083829879761,0.204921692609787,-0.0945541262626648,0.207294762134552,-0.09771944582462311
Weather,77,63,-0.09350552409887314,-0.08930052071809769,-0.08382177352905273,0.19426628947257996,-0.08813241124153137,0.19633415341377258,-0.09524523466825485,0.19725565612316132,-0.08373059332370758,0.20489679276943207,-0.0834614485502243,0.20724718272686005,-0.0958380252122879
Weather,77,64,-0.09350552409887314,-0.08994466066360474,-0.09086549282073975,0.1943025439977646,-0.0774477943778038,0.19636060297489166,-0.09002547711133957,0.19726517796516418,-0.09769414365291595,0.2048720121383667,-0.09143273532390594,0.20719975233078003,-0.09273776412010193
Weather,77,65,-0.09350552409887314,-0.08794531971216202,-0.0828453078866005,0.19433864951133728,-0.0870012491941452,0.19638682901859283,-0.08995275944471359,0.1972745805978775,-0.08122414350509644,0.20484739542007446,-0.0912770926952362,0.20715251564979553,-0.09003385901451111
Weather,77,66,-0.09350552409887314,-0.08845503628253937,-0.09153565764427185,0.19437465071678162,-0.09348805993795395,0.1964128613471985,-0.09018806368112564,0.19728387892246246,-0.08143385499715805,0.20482297241687775,-0.08516153693199158,0.20710554718971252,-0.0920332819223404
Weather,77,67,-0.09350552409887314,-0.08613421022891998,-0.09020783752202988,0.1944105178117752,-0.08452153950929642,0.19643867015838623,-0.08028314262628555,0.19729308784008026,-0.07721499353647232,0.20479880273342133,-0.08912372589111328,0.2070588767528534,-0.09874098002910614
Weather,77,68,-0.09350552409887314,-0.08730877935886383,-0.0822000652551651,0.19444619119167328,-0.08570459485054016,0.1964641809463501,-0.08530943095684052,0.1973021924495697,-0.08364731073379517,0.2047748565673828,-0.09147892892360687,0.20701254904270172,-0.09007769823074341
Weather,77,69,-0.09350552409887314,-0.09085170924663544,-0.09917372465133667,0.19448164105415344,-0.08559054881334305,0.19648943841457367,-0.08994352072477341,0.1973111480474472,-0.09515318274497986,0.20475120842456818,-0.08985823392868042,0.2069665640592575,-0.09353973716497421
Weather,77,70,-0.09350552409887314,-0.09420288354158401,-0.0880160927772522,0.1945168524980545,-0.09415794163942337,0.19651436805725098,-0.09974446892738342,0.19731998443603516,-0.08124952763319016,0.20472781360149384,-0.0931469053030014,0.20692098140716553,-0.10237935185432434
Weather,77,71,-0.09350552409887314,-0.0911870151758194,-0.09222013503313065,0.19455184042453766,-0.08662693202495575,0.1965389847755432,-0.09959883242845535,0.19732865691184998,-0.08873023092746735,0.20470473170280457,-0.0857033059000969,0.20687583088874817,-0.09525348246097565
Weather,77,72,-0.09350552409887314,-0.09634625911712646,-0.09414821863174438,0.19458651542663574,-0.09297710657119751,0.1965632140636444,-0.09893058240413666,0.19733715057373047,-0.08843011409044266,0.20468196272850037,-0.10401437431573868,0.20683114230632782,-0.09702427685260773
Weather,77,73,-0.09350552409887314,-0.09128361195325851,-0.09485644847154617,0.19462087750434875,-0.08748477697372437,0.19658707082271576,-0.09666933864355087,0.1973455250263214,-0.08708418905735016,0.204659566283226,-0.08931785821914673,0.20678697526454926,-0.09569209069013596
Weather,77,74,-0.09350552409887314,-0.09494994580745697,-0.08368238061666489,0.1946549117565155,-0.09893589466810226,0.19661054015159607,-0.08140407502651215,0.19735370576381683,-0.09286297857761383,0.20463751256465912,-0.1019306555390358,0.20674332976341248,-0.09916161000728607
Weather,77,75,-0.09350552409887314,-0.08858255296945572,-0.08854401111602783,0.1946885883808136,-0.08825956284999847,0.19663360714912415,-0.0894671380519867,0.19736170768737793,-0.08923381567001343,0.20461587607860565,-0.09083924442529678,0.20670026540756226,-0.08518949896097183
Weather,77,76,-0.09350552409887314,-0.09083566069602966,-0.09406765550374985,0.19472187757492065,-0.08514215052127838,0.19665619730949402,-0.09214964509010315,0.1973695307970047,-0.0867067277431488,0.20459462702274323,-0.09460397809743881,0.2066577970981598,-0.09516260027885437
Weather,77,77,-0.09350552409887314,-0.08952467143535614,-0.09119296073913574,0.19475474953651428,-0.09209448099136353,0.19667832553386688,-0.08704616874456406,0.19737713038921356,-0.08433039486408234,0.20457381010055542,-0.0959433987736702,0.20661598443984985,-0.0880684107542038
Weather,77,78,-0.09350552409887314,-0.09320061653852463,-0.09542340040206909,0.19478720426559448,-0.09023439884185791,0.19669997692108154,-0.10177217423915863,0.1973845660686493,-0.08594239503145218,0.20455345511436462,-0.09187863767147064,0.20657484233379364,-0.09608011692762375
Weather,77,79,-0.09350552409887314,-0.0961570143699646,-0.08915631473064423,0.19481919705867767,-0.10083577036857605,0.19672110676765442,-0.09550009667873383,0.19739174842834473,-0.09271150827407837,0.20453354716300964,-0.09513576328754425,0.20653440058231354,-0.09667371213436127
Weather,77,80,-0.09350552409887314,-0.08797253668308258,-0.08995599299669266,0.19485069811344147,-0.09122424572706223,0.1967417150735855,-0.08679913729429245,0.19739873707294464,-0.08853565901517868,0.20451414585113525,-0.08727569133043289,0.20649470388889313,-0.08617399632930756
Weather,77,81,-0.09350552409887314,-0.0915323942899704,-0.09601189941167831,0.19488169252872467,-0.08276975899934769,0.19676178693771362,-0.09238560497760773,0.19740548729896545,-0.09789180755615234,0.20449526607990265,-0.09124235063791275,0.206455796957016,-0.0931972786784172
Weather,77,82,-0.09350552409887314,-0.08972366154193878,-0.09445075690746307,0.19491218030452728,-0.08511904627084732,0.19678127765655518,-0.08803185820579529,0.19741201400756836,-0.08267674595117569,0.20447687804698944,-0.09319385886192322,0.20641767978668213,-0.09898632764816284
Weather,77,83,-0.09350552409887314,-0.08628002554178238,-0.08288633078336716,0.19494208693504333,-0.09038960933685303,0.19680018723011017,-0.08034420013427734,0.19741827249526978,-0.06515073776245117,0.2044590413570404,-0.1001664474606514,0.20638039708137512,-0.09451310336589813
Weather,77,84,-0.09350552409887314,-0.09231014549732208,-0.09730694442987442,0.1949714571237564,-0.09112755954265594,0.1968184858560562,-0.09605817496776581,0.19742430746555328,-0.08896379917860031,0.20444180071353912,-0.09152014553546906,0.20634399354457855,-0.0938369482755661
Weather,77,85,-0.09350552409887314,-0.09823434799909592,-0.10367543250322342,0.19500021636486053,-0.10015267878770828,0.19683614373207092,-0.09994784742593765,0.1974300593137741,-0.09855034202337265,0.20442506670951843,-0.09538917988538742,0.20630846917629242,-0.09730313718318939
Weather,77,86,-0.09350552409887314,-0.0936347246170044,-0.09561839699745178,0.19502834975719452,-0.0949515700340271,0.1968531757593155,-0.09289276599884033,0.19743557274341583,-0.09992043673992157,0.20440900325775146,-0.08214709162712097,0.2062738984823227,-0.09846511483192444
Weather,77,87,-0.09350552409887314,-0.09347974509000778,-0.09443549066781998,0.19505587220191956,-0.08726785331964493,0.19686953723430634,-0.09574320912361145,0.19744081795215607,-0.0884813442826271,0.20439355075359344,-0.09998144209384918,0.20624028146266937,-0.09553580731153488
Weather,77,88,-0.09350552409887314,-0.09510371834039688,-0.09339505434036255,0.19508273899555206,-0.08919387310743332,0.19688521325588226,-0.08993825316429138,0.19744576513767242,-0.10326004028320312,0.20437869429588318,-0.09030108898878098,0.20620764791965485,-0.10257694125175476
Weather,77,89,-0.09350552409887314,-0.09730484336614609,-0.09774339199066162,0.19510887563228607,-0.10667668282985687,0.1969001740217209,-0.09210464358329773,0.1974504292011261,-0.08940586447715759,0.20436449348926544,-0.1044093668460846,0.2061759978532791,-0.09392490983009338
Weather,77,90,-0.09350552409887314,-0.10310899466276169,-0.09695195406675339,0.19513437151908875,-0.11657755076885223,0.1969144195318222,-0.10776512324810028,0.1974547952413559,-0.0975223109126091,0.20435096323490143,-0.09654174000024796,0.20614542067050934,-0.0977734625339508
Weather,77,91,-0.09350552409887314,-0.09347851574420929,-0.09861971437931061,0.19515912234783173,-0.09588433802127838,0.1969279646873474,-0.09137218445539474,0.1974589079618454,-0.09366808831691742,0.20433813333511353,-0.09127558767795563,0.20611591637134552,-0.0952153354883194
Weather,77,92,-0.09350552409887314,-0.09715564548969269,-0.08573485165834427,0.19518312811851501,-0.10406523197889328,0.19694072008132935,-0.10057011991739273,0.19746264815330505,-0.08761774003505707,0.20432595908641815,-0.09058404713869095,0.20608748495578766,-0.10300290584564209
Weather,77,93,-0.09350552409887314,-0.09497237205505371,-0.100551076233387,0.1952064037322998,-0.08732271939516068,0.1969527304172516,-0.09553578495979309,0.19746612012386322,-0.10107201337814331,0.20431451499462128,-0.09713127464056015,0.20606018602848053,-0.09369474649429321
Weather,77,94,-0.09350552409887314,-0.09707356989383698,-0.09687324613332748,0.1952289193868637,-0.09399678558111191,0.19696395099163055,-0.10402072966098785,0.1974692940711975,-0.09215384721755981,0.2043038010597229,-0.09602578729391098,0.20603404939174652,-0.09910185635089874
Weather,77,95,-0.09350552409887314,-0.09925618767738342,-0.0938246101140976,0.19525060057640076,-0.09995170682668686,0.19697436690330505,-0.10307900607585907,0.19747212529182434,-0.09507517516613007,0.20429383218288422,-0.09368165582418442,0.20600906014442444,-0.10447767376899719
Weather,77,96,-0.09350552409887314,-0.09821975231170654,-0.1051640510559082,0.19527150690555573,-0.10600878298282623,0.1969839632511139,-0.10958853363990784,0.1974746286869049,-0.09488577395677567,0.20428459346294403,-0.09123155474662781,0.20598526298999786,-0.09009061753749847
Weather,77,97,-0.09350552409887314,-0.10035243630409241,-0.09549759328365326,0.19529157876968384,-0.09509934484958649,0.19699276983737946,-0.10841083526611328,0.1974768191576004,-0.10605554282665253,0.20427612960338593,-0.09093482792377472,0.20596268773078918,-0.10149826109409332
Weather,77,98,-0.09350552409887314,-0.09764159470796585,-0.1004609614610672,0.1953108161687851,-0.10217323899269104,0.19700074195861816,-0.09838300943374634,0.19747868180274963,-0.09944300353527069,0.2042684406042099,-0.0858207643032074,0.2059413641691208,-0.1026320606470108
Weather,77,99,-0.09350552409887314,-0.09565119445323944,-0.10197605192661285,0.1953292042016983,-0.09274913370609283,0.19700783491134644,-0.09510928392410278,0.1974801868200302,-0.10486912727355957,0.20426154136657715,-0.09017157554626465,0.20592129230499268,-0.09551778435707092
Weather,77,100,-0.09350552409887314,-0.0956156924366951,-0.09796616435050964,0.1953466832637787,-0.09960347414016724,0.19701404869556427,-0.09840510785579681,0.19748131930828094,-0.09206855297088623,0.20425541698932648,-0.09112405776977539,0.20590245723724365,-0.09702111780643463
Weather,77,101,-0.09350552409887314,-0.10385838896036148,-0.10586010664701462,0.19536331295967102,-0.11565737426280975,0.19701942801475525,-0.09380125999450684,0.197482168674469,-0.10012300312519073,0.20425015687942505,-0.10921314358711243,0.20588497817516327,-0.10055713355541229
Weather,77,102,-0.09350552409887314,-0.09613111615180969,-0.0995519608259201,0.19537904858589172,-0.09987672418355942,0.1970238834619522,-0.10023602843284607,0.197482630610466,-0.09108411520719528,0.2042456716299057,-0.094752237200737,0.20586879551410675,-0.09485722333192825
Weather,77,103,-0.09350552409887314,-0.10001499950885773,-0.10374171286821365,0.19539384543895721,-0.10998377948999405,0.19702744483947754,-0.10160347819328308,0.19748273491859436,-0.09744508564472198,0.2042420357465744,-0.0956239178776741,0.20585393905639648,-0.0958545133471489
Weather,77,104,-0.09350552409887314,-0.09873682260513306,-0.10443083941936493,0.19540774822235107,-0.09825040400028229,0.19703011214733124,-0.10309486091136932,0.19748245179653168,-0.10205517709255219,0.20423923432826996,-0.09455259144306183,0.20584043860435486,-0.09599514305591583
Weather,77,105,-0.09350552409887314,-0.09367311000823975,-0.10433827340602875,0.19542068243026733,-0.09119242429733276,0.19703184068202972,-0.08448962867259979,0.19748185575008392,-0.09668675065040588,0.20423726737499237,-0.09574239701032639,0.20582829415798187,-0.09987466782331467
Weather,77,106,-0.09350552409887314,-0.09873343259096146,-0.08972664922475815,0.19543269276618958,-0.09879793226718903,0.19703266024589539,-0.09760832041501999,0.19748087227344513,-0.09515031427145004,0.20423617959022522,-0.09606629610061646,0.2058175653219223,-0.10583392530679703
Weather,77,107,-0.09350552409887314,-0.09654609858989716,-0.09383802115917206,0.1954437494277954,-0.10297936201095581,0.19703254103660583,-0.09165925532579422,0.1974795162677765,-0.09862259030342102,0.2042359560728073,-0.09494785219430923,0.20580823719501495,-0.09470885992050171
Weather,77,108,-0.09350552409887314,-0.0953579843044281,-0.08856143802404404,0.19545383751392365,-0.09953932464122772,0.19703148305416107,-0.10678419470787048,0.197477787733078,-0.08468370884656906,0.20423661172389984,-0.08886890858411789,0.20580029487609863,-0.09712988883256912
Weather,77,109,-0.09350552409887314,-0.09971006959676743,-0.09052078425884247,0.19546294212341309,-0.1057715117931366,0.1970294564962387,-0.10355739295482635,0.19747570157051086,-0.0974518358707428,0.2042381465435028,-0.0948825478553772,0.20579379796981812,-0.09722739458084106
Weather,77,110,-0.09350552409887314,-0.09444799274206161,-0.09529918432235718,0.19547104835510254,-0.0972064733505249,0.19702647626399994,-0.0871138721704483,0.1974732130765915,-0.09655854851007462,0.20424053072929382,-0.09167061746120453,0.2057887315750122,-0.09958086162805557
Weather,77,111,-0.09350552409887314,-0.09320539236068726,-0.09526272118091583,0.195478156208992,-0.09802332520484924,0.19702252745628357,-0.09316761046648026,0.19747035205364227,-0.09338455647230148,0.20424383878707886,-0.08825791627168655,0.2057851105928421,-0.09340342879295349
Weather,77,112,-0.09350552409887314,-0.09530708938837051,-0.09253431856632233,0.19548428058624268,-0.09021374583244324,0.1970176100730896,-0.09437552839517593,0.19746710360050201,-0.09528626501560211,0.20424804091453552,-0.1004459336400032,0.205782949924469,-0.09595690667629242
Weather,77,113,-0.09350552409887314,-0.09071328490972519,-0.08735375106334686,0.19548937678337097,-0.09096000343561172,0.19701172411441803,-0.08820883929729462,0.1974634975194931,-0.08508303016424179,0.20425312221050262,-0.09107901901006699,0.20578226447105408,-0.09791625291109085
Weather,77,114,-0.09350552409887314,-0.09330127388238907,-0.09518442302942276,0.19549347460269928,-0.08225545287132263,0.19700483977794647,-0.0942758098244667,0.19745948910713196,-0.09317702800035477,0.20425912737846375,-0.10184507817029953,0.20578305423259735,-0.09450051933526993
Weather,77,115,-0.09350552409887314,-0.08954191207885742,-0.08812764286994934,0.1954965591430664,-0.08169692754745483,0.1969970315694809,-0.09414725005626678,0.19745510816574097,-0.0789111852645874,0.2042660415172577,-0.09376673400402069,0.2057853639125824,-0.09859278053045273
Weather,77,116,-0.09350552409887314,-0.0874841958284378,-0.07980822771787643,0.19549857079982758,-0.08903959393501282,0.19698816537857056,-0.08389023691415787,0.19745030999183655,-0.08110323548316956,0.20427384972572327,-0.0893268808722496,0.20578911900520325,-0.09374012053012848
Weather,77,117,-0.09350552409887314,-0.09329488128423691,-0.09824270755052567,0.19549959897994995,-0.10577969253063202,0.19697833061218262,-0.0885375514626503,0.19744513928890228,-0.08203188329935074,0.20428256690502167,-0.09660462290048599,0.20579437911510468,-0.09350878745317459
Weather,77,118,-0.09350552409887314,-0.09556315839290619,-0.08120006322860718,0.19549956917762756,-0.11634238064289093,0.1969674974679947,-0.09629623591899872,0.19743958115577698,-0.08157027512788773,0.2042922079563141,-0.09147581458091736,0.20580114424228668,-0.09260416775941849
Weather,77,119,-0.09350552409887314,-0.0927501767873764,-0.08663710951805115,0.1954985111951828,-0.09863738715648651,0.19695569574832916,-0.08462551981210709,0.19743365049362183,-0.09311776608228683,0.20430275797843933,-0.09231407195329666,0.20580942928791046,-0.0950133353471756
Weather,77,120,-0.09350552409887314,-0.08823534846305847,-0.10071686655282974,0.19549638032913208,-0.08848842233419418,0.19694286584854126,-0.08610718697309494,0.19742730259895325,-0.08681389689445496,0.2043142169713974,-0.08888789266347885,0.20581920444965363,-0.09074707329273224
Weather,77,121,-0.09350552409887314,-0.09856800734996796,-0.09045484662055969,0.19549323618412018,-0.10718396306037903,0.19692903757095337,-0.09457283467054367,0.19742055237293243,-0.09770780056715012,0.2043265849351883,-0.09820672869682312,0.20583051443099976,-0.09539087861776352
Weather,77,122,-0.09350552409887314,-0.08286263048648834,-0.08815229684114456,0.1954890638589859,-0.09192259609699249,0.19691425561904907,-0.07806629687547684,0.19741345942020416,-0.07662872970104218,0.2043398767709732,-0.08371717482805252,0.20584332942962646,-0.08397695422172546
Weather,77,123,-0.09350552409887314,-0.08337521553039551,-0.07782904803752899,0.19548384845256805,-0.09195521473884583,0.1968984752893448,-0.08199461549520493,0.19740594923496246,-0.07048376649618149,0.20435409247875214,-0.08422789722681046,0.20585767924785614,-0.08806383609771729
Weather,77,124,-0.09350552409887314,-0.08781036734580994,-0.0812593549489975,0.19547757506370544,-0.09657739102840424,0.19688168168067932,-0.07990836352109909,0.19739806652069092,-0.08864115178585052,0.2043692171573639,-0.08711285144090652,0.2058735191822052,-0.0869387537240982
Weather,77,125,-0.09350552409887314,-0.08739960938692093,-0.09345236420631409,0.19547024369239807,-0.0895293653011322,0.19686391949653625,-0.09541752934455872,0.19738978147506714,-0.07681962102651596,0.2043852061033249,-0.0904352217912674,0.20589087903499603,-0.08484098315238953
Weather,77,126,-0.09350552409887314,-0.08774988353252411,-0.09259680658578873,0.19546188414096832,-0.09156759083271027,0.196845144033432,-0.09301647543907166,0.19738110899925232,-0.07605250179767609,0.2044021338224411,-0.09259991347789764,0.20590974390506744,-0.08548953384160995
Weather,77,127,-0.09350552409887314,-0.09335099905729294,-0.08774922043085098,0.1954524964094162,-0.09339801967144012,0.19682541489601135,-0.0937742292881012,0.19737207889556885,-0.08869984745979309,0.20441994071006775,-0.09260378777980804,0.20593012869358063,-0.09810145199298859
Weather,77,128,-0.09350552409887314,-0.09126696735620499,-0.08561478555202484,0.1954420506954193,-0.0994495376944542,0.19680467247962952,-0.09405762702226639,0.19736263155937195,-0.08827342092990875,0.20443865656852722,-0.08428595215082169,0.2059520035982132,-0.09063366055488586
Weather,77,129,-0.09350552409887314,-0.0899207815527916,-0.08945174515247345,0.19543057680130005,-0.09626665711402893,0.19678296148777008,-0.09900625050067902,0.1973528116941452,-0.0801476240158081,0.20445825159549713,-0.08468092232942581,0.20597538352012634,-0.08978506922721863
Weather,77,130,-0.09350552409887314,-0.08817736059427261,-0.10040697455406189,0.1954180896282196,-0.08754243701696396,0.19676031172275543,-0.08842924237251282,0.1973426342010498,-0.0858861431479454,0.20447875559329987,-0.09050387144088745,0.20600026845932007,-0.0884246751666069
Weather,77,131,-0.09350552409887314,-0.09286084026098251,-0.10014232993125916,0.1954045593738556,-0.09733371436595917,0.1967366635799408,-0.09279842674732208,0.19733205437660217,-0.09308291971683502,0.20450009405612946,-0.08780904114246368,0.20602662861347198,-0.09347983449697495
Weather,77,132,-0.09350552409887314,-0.0853244811296463,-0.08613073080778122,0.1953900307416916,-0.07025989890098572,0.19671206176280975,-0.07335826754570007,0.1973211020231247,-0.08932384848594666,0.20452234148979187,-0.09327977895736694,0.2060544788837433,-0.09930706024169922
Weather,77,133,-0.09350552409887314,-0.08549904078245163,-0.08789794892072678,0.1953744739294052,-0.0907679870724678,0.1966865211725235,-0.08395010232925415,0.19730979204177856,-0.0716540589928627,0.20454542338848114,-0.08862964808940887,0.20608380436897278,-0.09213049709796906
Weather,77,134,-0.09350552409887314,-0.08559483289718628,-0.09961628168821335,0.19535791873931885,-0.08275538682937622,0.19666002690792084,-0.08342330902814865,0.1972980946302414,-0.08350617438554764,0.20456938445568085,-0.0891338586807251,0.20611459016799927,-0.08884483575820923
Weather,77,135,-0.09350552409887314,-0.08988036215305328,-0.0881132110953331,0.1953403651714325,-0.08584180474281311,0.19663259387016296,-0.08931436389684677,0.19728605449199677,-0.08043134212493896,0.2045941799879074,-0.09856116771697998,0.20614682137966156,-0.09467452764511108
Weather,77,136,-0.09350552409887314,-0.09389486908912659,-0.10256044566631317,0.19532179832458496,-0.10198923945426941,0.19660423696041107,-0.10201481729745865,0.1972736120223999,-0.08667910844087601,0.20461982488632202,-0.09240777790546417,0.20618048310279846,-0.08686385303735733
Weather,77,137,-0.09350552409887314,-0.09159057587385178,-0.09998802095651627,0.19530227780342102,-0.08832340687513351,0.19657498598098755,-0.0896819457411766,0.19726084172725677,-0.08319780230522156,0.2046462893486023,-0.09444013237953186,0.20621559023857117,-0.1017046868801117
Weather,77,138,-0.09350552409887314,-0.09768491238355637,-0.09855864197015762,0.1952817589044571,-0.09931693226099014,0.1965447962284088,-0.10058964788913727,0.197247713804245,-0.10216917842626572,0.20467357337474823,-0.0906779021024704,0.20625212788581848,-0.09603656828403473
Weather,77,139,-0.09350552409887314,-0.0946909487247467,-0.10322883725166321,0.19526030123233795,-0.09098290652036667,0.19651372730731964,-0.08925164490938187,0.19723425805568695,-0.10367347300052643,0.20470169186592102,-0.09421329945325851,0.2062900811433792,-0.09526801109313965
Weather,77,140,-0.09350552409887314,-0.09110336005687714,-0.10310602188110352,0.19523786008358002,-0.09028376638889313,0.19648174941539764,-0.09624724835157394,0.19722041487693787,-0.08209167420864105,0.20473060011863708,-0.09175824373960495,0.20632939040660858,-0.09494452178478241
Weather,77,141,-0.09350552409887314,-0.09624321758747101,-0.10821989923715591,0.19521446526050568,-0.09572166949510574,0.19644887745380402,-0.09375718235969543,0.19720621407032013,-0.10204733163118362,0.20476026833057404,-0.09357712417840958,0.20637010037899017,-0.09620201587677002
Weather,77,142,-0.09350552409887314,-0.09452155232429504,-0.08714636415243149,0.1951901614665985,-0.09671956300735474,0.19641517102718353,-0.0903364047408104,0.19719171524047852,-0.09657038003206253,0.20479075610637665,-0.09639915823936462,0.2064121961593628,-0.09260531514883041
Weather,77,143,-0.09350552409887314,-0.0947461724281311,-0.09000356495380402,0.19516493380069733,-0.09693486988544464,0.196380615234375,-0.09696041792631149,0.19717687368392944,-0.09004443138837814,0.20482198894023895,-0.0918678343296051,0.20645561814308167,-0.09791698306798935
Weather,77,144,-0.09350552409887314,-0.09763167798519135,-0.09494266659021378,0.19513879716396332,-0.0981065183877945,0.19634519517421722,-0.0932801216840744,0.19716167449951172,-0.10561326891183853,0.20485396683216095,-0.09560862183570862,0.2065003663301468,-0.09570681303739548
Weather,77,145,-0.09350552409887314,-0.09758476912975311,-0.10849966108798981,0.19511175155639648,-0.09398474544286728,0.1963089555501938,-0.10206340998411179,0.19714617729187012,-0.10865475237369537,0.20488667488098145,-0.09752912074327469,0.20654642581939697,-0.08621788024902344
Weather,77,146,-0.09350552409887314,-0.09529735147953033,-0.0991906076669693,0.1950838416814804,-0.09721941500902176,0.19627192616462708,-0.09878967702388763,0.19713033735752106,-0.09986908733844757,0.20492012798786163,-0.08988664299249649,0.20659379661083221,-0.0911690890789032
Weather,77,147,-0.09350552409887314,-0.10264497250318527,-0.10668670386075974,0.1950550228357315,-0.10479427129030228,0.1962340623140335,-0.10069867968559265,0.19711419939994812,-0.11947056651115417,0.20495428144931793,-0.09624560177326202,0.20664243400096893,-0.09276177734136581
Weather,77,148,-0.09350552409887314,-0.1017388328909874,-0.10739777982234955,0.19502536952495575,-0.10671181231737137,0.19619542360305786,-0.11708606034517288,0.19709771871566772,-0.10896062850952148,0.20498913526535034,-0.08728460967540741,0.20669232308864594,-0.0899273008108139
Weather,77,149,-0.09350552409887314,-0.09892823547124863,-0.10445460677146912,0.19499486684799194,-0.10043235123157501,0.19615599513053894,-0.09430009871721268,0.19708096981048584,-0.10648400336503983,0.20502467453479767,-0.09396986663341522,0.20674346387386322,-0.09961523115634918
Weather,77,150,-0.09350552409887314,-0.09791926294565201,-0.10193512588739395,0.19496354460716248,-0.09175288677215576,0.19611583650112152,-0.10164846479892731,0.19706392288208008,-0.10299891978502274,0.20506088435649872,-0.09615781158208847,0.2067958265542984,-0.09710227698087692
Weather,77,151,-0.09350552409887314,-0.0972968339920044,-0.10407720506191254,0.19493141770362854,-0.09862066060304642,0.19607491791248322,-0.09232287108898163,0.19704657793045044,-0.10168156772851944,0.2050977498292923,-0.09595061093568802,0.2068493813276291,-0.09792206436395645
Weather,77,152,-0.09350552409887314,-0.09798814356327057,-0.10792459547519684,0.19489848613739014,-0.09293541312217712,0.1960332840681076,-0.09103071689605713,0.19702894985675812,-0.11171698570251465,0.20513524115085602,-0.09929583221673965,0.2069041132926941,-0.0949694961309433
Weather,77,153,-0.09350552409887314,-0.09854163229465485,-0.10054939240217209,0.19486474990844727,-0.10302992910146713,0.1959909051656723,-0.1073472797870636,0.19701102375984192,-0.10069950670003891,0.2051733285188675,-0.0896497517824173,0.20695997774600983,-0.09273766726255417
Weather,77,154,-0.09350552409887314,-0.09338048100471497,-0.09263882040977478,0.1948302537202835,-0.0859430730342865,0.19594787061214447,-0.0970158576965332,0.19699281454086304,-0.09441661834716797,0.20521202683448792,-0.08648200333118439,0.2070169746875763,-0.10279142111539841
Weather,77,155,-0.09350552409887314,-0.09731947630643845,-0.0953327938914299,0.19479502737522125,-0.10314522683620453,0.19590415060520172,-0.09927423298358917,0.19697436690330505,-0.09897936135530472,0.20525135099887848,-0.09422433376312256,0.2070751190185547,-0.0914788544178009
Weather,77,156,-0.09350552409887314,-0.10394485294818878,-0.10462753474712372,0.1947590708732605,-0.108192577958107,0.19585977494716644,-0.10304981470108032,0.19695565104484558,-0.11423908174037933,0.20529122650623322,-0.09655231237411499,0.20713430643081665,-0.0983356237411499
Weather,77,157,-0.09350552409887314,-0.09894096106290817,-0.10194215178489685,0.19472238421440125,-0.0993862897157669,0.19581474363803864,-0.1013413667678833,0.19693666696548462,-0.10356102883815765,0.20533162355422974,-0.09644666314125061,0.20719455182552338,-0.09433440119028091
Weather,77,158,-0.09350552409887314,-0.0993524044752121,-0.1007150337100029,0.19468502700328827,-0.09488837420940399,0.19576911628246307,-0.09821346402168274,0.19691744446754456,-0.1040295735001564,0.20537258684635162,-0.09574052691459656,0.20725585520267487,-0.10375667363405228
Weather,77,159,-0.09350552409887314,-0.09862961620092392,-0.10072596371173859,0.19464698433876038,-0.0952550545334816,0.19572284817695618,-0.10010753571987152,0.1968979835510254,-0.10596008598804474,0.2054140418767929,-0.09260466694831848,0.20731814205646515,-0.099410280585289
Weather,77,160,-0.09350552409887314,-0.10383575409650803,-0.10848715156316757,0.19460825622081757,-0.09756685793399811,0.1956760138273239,-0.10547040402889252,0.19687828421592712,-0.11481008678674698,0.20545601844787598,-0.10294173657894135,0.20738142728805542,-0.09864334017038345
Weather,77,161,-0.09350552409887314,-0.09839051961898804,-0.10606841742992401,0.1945689171552658,-0.10032904148101807,0.19562861323356628,-0.09599292278289795,0.19685836136341095,-0.10653357207775116,0.20549844205379486,-0.09279447793960571,0.2074456661939621,-0.09664937853813171
Weather,77,162,-0.09350552409887314,-0.10027167946100235,-0.09348221123218536,0.19452893733978271,-0.08958274871110916,0.1955806463956833,-0.10124458372592926,0.19683820009231567,-0.10911425948143005,0.20554132759571075,-0.10059032589197159,0.2075108140707016,-0.10067154467105865
Weather,77,163,-0.09350552409887314,-0.09968288242816925,-0.10327409952878952,0.19448839128017426,-0.09413383156061172,0.1955321878194809,-0.11250821501016617,0.19681787490844727,-0.10460682958364487,0.20558468997478485,-0.09079375118017197,0.2075769156217575,-0.09693598747253418
Weather,77,164,-0.09350552409887314,-0.09526175260543823,-0.09522449970245361,0.19444723427295685,-0.10841196775436401,0.19548317790031433,-0.08342637866735458,0.19679729640483856,-0.09841075539588928,0.20562843978405,-0.09483499079942703,0.20764382183551788,-0.09152764081954956
Weather,77,165,-0.09350552409887314,-0.09574995934963226,-0.09765861183404922,0.19440554082393646,-0.09194016456604004,0.19543369114398956,-0.10117141902446747,0.19677656888961792,-0.09865312278270721,0.20567260682582855,-0.0892808735370636,0.20771163702011108,-0.09786995500326157
Weather,77,166,-0.09350552409887314,-0.09815323352813721,-0.09817834198474884,0.1943632811307907,-0.10281086713075638,0.1953837275505066,-0.11181472986936569,0.19675560295581818,-0.0966433435678482,0.20571713149547577,-0.08991784602403641,0.20778022706508636,-0.0905333161354065
Weather,77,167,-0.09350552409887314,-0.09356603771448135,-0.0994873195886612,0.19432052969932556,-0.08609487861394882,0.1953333020210266,-0.09786806255578995,0.1967344880104065,-0.10450920462608337,0.20576204359531403,-0.08950483798980713,0.2078496217727661,-0.09017037600278854
Weather,77,168,-0.09350552409887314,-0.09598031640052795,-0.09973541647195816,0.19427727162837982,-0.09587480872869492,0.1952824592590332,-0.10222772508859634,0.19671319425106049,-0.09689845144748688,0.20580726861953735,-0.08609288185834885,0.20791977643966675,-0.09912953525781631
Weather,77,169,-0.09350552409887314,-0.08987636119127274,-0.08862335234880447,0.19423352181911469,-0.10276077687740326,0.19523122906684875,-0.08032892644405365,0.19669173657894135,-0.0881805270910263,0.20585283637046814,-0.0865587592124939,0.20799066126346588,-0.09169308841228485
Weather,77,170,-0.09350552409887314,-0.09725408256053925,-0.10089114308357239,0.19418932497501373,-0.10571863502264023,0.19517958164215088,-0.10196997225284576,0.19667012989521027,-0.10548130422830582,0.2058987021446228,-0.08446802198886871,0.2080622762441635,-0.08980636298656464
Weather,77,171,-0.09350552409887314,-0.08954896777868271,-0.09232521802186966,0.19414469599723816,-0.09097163379192352,0.19512759149074554,-0.09211328625679016,0.19664837419986725,-0.0893326923251152,0.20594485104084015,-0.08458469063043594,0.20813454687595367,-0.09093424677848816
Weather,77,172,-0.09350552409887314,-0.09102637320756912,-0.08538686484098434,0.19409963488578796,-0.09467072039842606,0.19507521390914917,-0.09768737107515335,0.1966264694929123,-0.08619896322488785,0.2059912383556366,-0.08782088756561279,0.20820744335651398,-0.0891183614730835
Weather,77,173,-0.09350552409887314,-0.10089204460382462,-0.09693105518817902,0.19405420124530792,-0.10282876342535019,0.1950225532054901,-0.10203251242637634,0.19660446047782898,-0.10160936415195465,0.20603789389133453,-0.09707513451576233,0.20828098058700562,-0.10111843049526215
Weather,77,174,-0.09350552409887314,-0.09257883578538895,-0.0932474359869957,0.19400836527347565,-0.09746701270341873,0.1949695348739624,-0.0972251147031784,0.19658225774765015,-0.08436979353427887,0.2060847282409668,-0.09762286394834518,0.20835505425930023,-0.08643559366464615
Weather,77,175,-0.09350552409887314,-0.09053315222263336,-0.10256655514240265,0.1939622014760971,-0.08727407455444336,0.19491629302501678,-0.08645804971456528,0.19655999541282654,-0.09369094669818878,0.20613178610801697,-0.0875198245048523,0.2084297239780426,-0.09737906605005264
Weather,77,176,-0.09350552409887314,-0.09403536468744278,-0.09429419040679932,0.1939156949520111,-0.10337239503860474,0.19486276805400848,-0.09323401004076004,0.19653761386871338,-0.08325161784887314,0.20617900788784027,-0.10126642137765884,0.20850491523742676,-0.08911499381065369
Weather,77,177,-0.09350552409887314,-0.09278754144906998,-0.10758891701698303,0.19386890530586243,-0.08975448459386826,0.19480900466442108,-0.09606014937162399,0.19651514291763306,-0.10417300462722778,0.2062263935804367,-0.07986834645271301,0.20858058333396912,-0.09459663927555084
Weather,77,178,-0.09350552409887314,-0.09598828107118607,-0.0982331708073616,0.19382181763648987,-0.10564719885587692,0.19475500285625458,-0.09123418480157852,0.19649258255958557,-0.09711243212223053,0.2062738984823227,-0.09065259993076324,0.2086566984653473,-0.09566956013441086
Weather,77,179,-0.09350552409887314,-0.09183002263307571,-0.09778637439012527,0.19377447664737701,-0.09355152398347855,0.19470080733299255,-0.09001259505748749,0.19646993279457092,-0.09470053017139435,0.20632152259349823,-0.0956101194024086,0.20873327553272247,-0.08548886328935623
Weather,77,180,-0.09350552409887314,-0.09206394851207733,-0.09598750621080399,0.19372688233852386,-0.08194081485271454,0.1946464478969574,-0.09175705909729004,0.1964472085237503,-0.09845690429210663,0.20636923611164093,-0.09736043959856033,0.2088102400302887,-0.09049290418624878
Weather,77,181,-0.09350552409887314,-0.09267836809158325,-0.09290682524442673,0.1936790496110916,-0.10663013160228729,0.1945919245481491,-0.08172070235013962,0.19642440974712372,-0.09987218677997589,0.2064169943332672,-0.08488422632217407,0.20888754725456238,-0.09088750183582306
Weather,77,182,-0.09350552409887314,-0.09366016089916229,-0.089869424700737,0.19363105297088623,-0.10332276672124863,0.19453726708889008,-0.09928235411643982,0.19640159606933594,-0.08292330801486969,0.20646484196186066,-0.08918572217226028,0.2089652270078659,-0.09398480504751205
Weather,77,183,-0.09350552409887314,-0.0998566597700119,-0.10747979581356049,0.19358287751674652,-0.11046674102544785,0.19448252022266388,-0.10066817700862885,0.1963787078857422,-0.09852655231952667,0.2065127044916153,-0.09453430771827698,0.20904318988323212,-0.09578372538089752
Weather,77,184,-0.09350552409887314,-0.09297609329223633,-0.09933307766914368,0.19353452324867249,-0.09169037640094757,0.19442765414714813,-0.0816153809428215,0.19635578989982605,-0.10719326138496399,0.20656052231788635,-0.08622466027736664,0.20912142097949982,-0.09804791212081909
Weather,77,185,-0.09350552409887314,-0.09661953896284103,-0.09238971024751663,0.1934860795736313,-0.09965386986732483,0.19437275826931,-0.08869605511426926,0.19633285701274872,-0.10344362258911133,0.20660839974880219,-0.09585729986429214,0.209199920296669,-0.09552345424890518
Weather,77,186,-0.09350552409887314,-0.09309161454439163,-0.09788373857736588,0.19343748688697815,-0.10077577084302902,0.1943177878856659,-0.08997546136379242,0.1963098794221878,-0.09618812054395676,0.20665618777275085,-0.08679141849279404,0.20927859842777252,-0.09219911694526672
Weather,77,187,-0.09350552409887314,-0.09599398821592331,-0.10257229208946228,0.19338883459568024,-0.10512647032737732,0.1942627876996994,-0.09901925176382065,0.19628693163394928,-0.10532277077436447,0.20670394599437714,-0.08591482043266296,0.20935748517513275,-0.08595599234104156
Weather,77,188,-0.09350552409887314,-0.09905867278575897,-0.09978334605693817,0.19334012269973755,-0.11216941475868225,0.1942078173160553,-0.09035665541887283,0.19626396894454956,-0.10243193805217743,0.20675161480903625,-0.10149089992046356,0.20943652093410492,-0.08946269005537033
Weather,77,189,-0.09350552409887314,-0.09246204793453217,-0.0988585501909256,0.19329135119915009,-0.0869223102927208,0.19415283203125,-0.08404868841171265,0.19624097645282745,-0.10511929541826248,0.2067991942167282,-0.08878068625926971,0.20951566100120544,-0.09714757651090622
Weather,77,190,-0.09350552409887314,-0.09798186272382736,-0.0918937623500824,0.19324256479740143,-0.09753042459487915,0.19409789144992828,-0.10028114169836044,0.19621802866458893,-0.10564877092838287,0.20684662461280823,-0.09390713274478912,0.20959487557411194,-0.0931125283241272
Weather,77,191,-0.09350552409887314,-0.09435124695301056,-0.09994576871395111,0.19319376349449158,-0.09732835739850998,0.19404302537441254,-0.10416890680789948,0.1961950957775116,-0.09574654698371887,0.2068939208984375,-0.08175499737262726,0.2096741497516632,-0.09364602714776993
Weather,77,192,-0.09350552409887314,-0.09385484457015991,-0.09570178389549255,0.1931450068950653,-0.09316836297512054,0.19398823380470276,-0.0957658663392067,0.19617223739624023,-0.09810872375965118,0.20694106817245483,-0.08738125115633011,0.20975345373153687,-0.09512792527675629
Weather,77,193,-0.09350552409887314,-0.0946243554353714,-0.10269781947135925,0.19309626519680023,-0.09927316009998322,0.19393353164196014,-0.10457024723291397,0.19614936411380768,-0.09274687618017197,0.20698802173137665,-0.08371511846780777,0.20983274281024933,-0.09367044270038605
Weather,77,194,-0.09350552409887314,-0.08907672017812729,-0.09226998686790466,0.19304761290550232,-0.09551256150007248,0.19387896358966827,-0.08141037821769714,0.19612658023834229,-0.0983157828450203,0.20703478157520294,-0.0785747542977333,0.2099120169878006,-0.09196443110704422
Weather,77,195,-0.09350552409887314,-0.09796406328678131,-0.09872658550739288,0.19299905002117157,-0.10596172511577606,0.19382455945014954,-0.09479296207427979,0.19610384106636047,-0.09969079494476318,0.20708130300045013,-0.09185042232275009,0.2099912166595459,-0.09795691072940826
Weather,77,196,-0.09350552409887314,-0.09441716969013214,-0.10212527215480804,0.19295059144496918,-0.08730995655059814,0.19377030432224274,-0.08608011901378632,0.19608116149902344,-0.1053546667098999,0.20712757110595703,-0.09489138424396515,0.21007029712200165,-0.09795863181352615
Weather,77,197,-0.09350552409887314,-0.09791110455989838,-0.10459811240434647,0.19290225207805634,-0.10674416273832321,0.19371624290943146,-0.10198109596967697,0.19605860114097595,-0.10217088460922241,0.20717361569404602,-0.08532726019620895,0.21014928817749023,-0.09448276460170746
Weather,77,198,-0.09350552409887314,-0.0905505120754242,-0.09469181299209595,0.19285407662391663,-0.08609389513731003,0.1936623603105545,-0.08443848788738251,0.19603610038757324,-0.08978745341300964,0.20721933245658875,-0.0913250595331192,0.2102280706167221,-0.1002173125743866
Weather,77,199,-0.09350552409887314,-0.10037156939506531,-0.10618628561496735,0.19280605018138885,-0.0975801944732666,0.19360874593257904,-0.09170295298099518,0.1960137039422989,-0.10234059393405914,0.20726478099822998,-0.1036088764667511,0.21030670404434204,-0.10588529706001282
Weather,77,200,-0.09350552409887314,-0.093708835542202,-0.09790617227554321,0.1927582174539566,-0.08909530937671661,0.1935553401708603,-0.09806457906961441,0.1959913969039917,-0.09436692297458649,0.20730987191200256,-0.08700989186763763,0.21038511395454407,-0.0999164804816246
Weather,77,201,-0.09350552409887314,-0.09620530158281326,-0.10096083581447601,0.19271062314510345,-0.09488742053508759,0.1935022473335266,-0.09648941457271576,0.19596923887729645,-0.10070095211267471,0.20735464990139008,-0.0984133705496788,0.2104632705450058,-0.090789295732975
Weather,77,202,-0.09350552409887314,-0.09568822383880615,-0.09519970417022705,0.19266323745250702,-0.09388814121484756,0.19344940781593323,-0.09565103054046631,0.19594717025756836,-0.09802563488483429,0.20739905536174774,-0.09330159425735474,0.21054115891456604,-0.09754526615142822
Weather,77,203,-0.09350552409887314,-0.0941881611943245,-0.09809621423482895,0.19261609017848969,-0.09360558539628983,0.19339685142040253,-0.09462077915668488,0.19592523574829102,-0.0918109118938446,0.20744305849075317,-0.09041410684585571,0.21061871945858002,-0.10025224834680557
Weather,77,204,-0.09350552409887314,-0.09451140463352203,-0.09710533916950226,0.19256921112537384,-0.09823080897331238,0.19334466755390167,-0.08423087745904922,0.1959034502506256,-0.10631809383630753,0.20748668909072876,-0.08972062170505524,0.21069596707820892,-0.09428591281175613
Weather,77,205,-0.09350552409887314,-0.09285344183444977,-0.09956865757703781,0.19252264499664307,-0.09001266956329346,0.19329281151294708,-0.09602198004722595,0.19588179886341095,-0.10374156385660172,0.20752988755702972,-0.08519455045461655,0.21077284216880798,-0.08996467292308807
Weather,77,206,-0.09350552409887314,-0.09038269519805908,-0.09796984493732452,0.19247639179229736,-0.08464919030666351,0.19324131309986115,-0.08255120366811752,0.19586031138896942,-0.09998880326747894,0.20757265388965607,-0.08993345499038696,0.2108493447303772,-0.09431309252977371
Weather,77,207,-0.09350552409887314,-0.09111203998327255,-0.09899666905403137,0.19243042171001434,-0.08000263571739197,0.19319020211696625,-0.0838911235332489,0.19583900272846222,-0.10159440338611603,0.2076149582862854,-0.09299647808074951,0.2109254002571106,-0.09627360850572586
Weather,77,208,-0.09350552409887314,-0.09586945921182632,-0.0916832983493805,0.19238482415676117,-0.09721681475639343,0.1931394636631012,-0.0987083911895752,0.19581784307956696,-0.08783921599388123,0.20765680074691772,-0.09317100048065186,0.21100103855133057,-0.10215047001838684
Weather,77,209,-0.09350552409887314,-0.0935191661119461,-0.0974302887916565,0.19233959913253784,-0.10336069762706757,0.19308918714523315,-0.09160534292459488,0.1957968771457672,-0.09466399997472763,0.20769813656806946,-0.08618377149105072,0.21107620000839233,-0.09245802462100983
Weather,77,210,-0.09350552409887314,-0.09318728744983673,-0.10400709509849548,0.19229474663734436,-0.09063762426376343,0.19303934276103973,-0.0935131162405014,0.195776104927063,-0.10098785161972046,0.2077389806509018,-0.08968903124332428,0.2111508548259735,-0.09142053872346878
Weather,77,211,-0.09350552409887314,-0.09530508518218994,-0.09384575486183167,0.1922503113746643,-0.1021793931722641,0.19298991560935974,-0.0923793613910675,0.19575552642345428,-0.09360502660274506,0.20777931809425354,-0.09088143706321716,0.2112249881029129,-0.09764847904443741
Weather,77,212,-0.09350552409887314,-0.0876438319683075,-0.10145696997642517,0.1922062635421753,-0.08435841649770737,0.19294099509716034,-0.08407077938318253,0.1957351416349411,-0.09833800792694092,0.2078191041946411,-0.08484143763780594,0.21129858493804932,-0.0867447555065155
Weather,77,213,-0.09350552409887314,-0.09225118160247803,-0.10132050514221191,0.1921626627445221,-0.09137161076068878,0.19289253652095795,-0.08543820679187775,0.19571495056152344,-0.09387701004743576,0.20785830914974213,-0.0945218950510025,0.21137157082557678,-0.09552980959415436
Weather,77,214,-0.09350552409887314,-0.0943526029586792,-0.09337595105171204,0.1921195089817047,-0.09411481022834778,0.19284458458423615,-0.0973418653011322,0.19569498300552368,-0.09796947985887527,0.20789693295955658,-0.08972682803869247,0.2114439606666565,-0.09304306656122208
Weather,77,215,-0.09350552409887314,-0.09151644259691238,-0.09425850957632065,0.19207683205604553,-0.09174925088882446,0.19279718399047852,-0.09538070112466812,0.19567528367042542,-0.08599656820297241,0.20793499052524567,-0.09358464181423187,0.21151575446128845,-0.09085605293512344
Weather,77,216,-0.09350552409887314,-0.09215082973241806,-0.10549222677946091,0.19203464686870575,-0.08194245398044586,0.19275030493736267,-0.08774048089981079,0.19565577805042267,-0.09939127415418625,0.2079724222421646,-0.09421937167644501,0.2115868777036667,-0.09670507907867432
Weather,77,217,-0.09350552409887314,-0.09546472877264023,-0.10444803535938263,0.19199293851852417,-0.09630974382162094,0.192703977227211,-0.0894370973110199,0.1956365406513214,-0.10392346978187561,0.2080092579126358,-0.09497643262147903,0.2116573303937912,-0.09284748136997223
Weather,77,218,-0.09350552409887314,-0.09171675145626068,-0.0973680168390274,0.19195178151130676,-0.08882962912321091,0.1926582306623459,-0.08433851599693298,0.19561754167079926,-0.09590312838554382,0.20804545283317566,-0.09294997900724411,0.2117270678281784,-0.09596829116344452
Weather,77,219,-0.09350552409887314,-0.09466857463121414,-0.10355927050113678,0.19191110134124756,-0.08157622069120407,0.19261303544044495,-0.094599649310112,0.1955987811088562,-0.10455919057130814,0.2080809772014618,-0.08948252350091934,0.21179607510566711,-0.10255526006221771
Weather,77,220,-0.09350552409887314,-0.09194225072860718,-0.08858246356248856,0.19187100231647491,-0.0928000956773758,0.19256845116615295,-0.09448698908090591,0.19558030366897583,-0.09664145857095718,0.2081158459186554,-0.08857310563325882,0.21186435222625732,-0.08782391250133514
Weather,77,221,-0.09350552409887314,-0.09405699372291565,-0.093700110912323,0.19183149933815002,-0.10034845769405365,0.1925245225429535,-0.09494330734014511,0.19556210935115814,-0.1044638454914093,0.20815004408359528,-0.08760646730661392,0.21193188428878784,-0.08428949862718582
Weather,77,222,-0.09350552409887314,-0.09495265036821365,-0.10212971270084381,0.1917925477027893,-0.10258494317531586,0.19248118996620178,-0.0972738116979599,0.19554418325424194,-0.1038249135017395,0.20818352699279785,-0.08369245380163193,0.2119985967874527,-0.08881424367427826
Weather,77,223,-0.09350552409887314,-0.09354116022586823,-0.10132315009832382,0.19175416231155396,-0.09257174283266068,0.1924384981393814,-0.09839996695518494,0.19552652537822723,-0.09251658618450165,0.20821630954742432,-0.09462223201990128,0.2120644897222519,-0.08989181369543076
Weather,77,224,-0.09350552409887314,-0.09807703644037247,-0.10145096480846405,0.19171640276908875,-0.09334111213684082,0.19239647686481476,-0.10318582504987717,0.1955091804265976,-0.09667399525642395,0.20824837684631348,-0.0982399433851242,0.21212957799434662,-0.0988568514585495
Weather,77,225,-0.09350552409887314,-0.09234365820884705,-0.09299544990062714,0.19167928397655487,-0.08907607942819595,0.19235514104366302,-0.09064702689647675,0.19549213349819183,-0.08927948772907257,0.20827971398830414,-0.09785612672567368,0.2121937870979309,-0.0942455604672432
Weather,77,226,-0.09350552409887314,-0.09560804069042206,-0.10406018793582916,0.19164274632930756,-0.08962889015674591,0.19231444597244263,-0.09711521863937378,0.19547536969184875,-0.10007078945636749,0.20831027626991272,-0.09423677623271942,0.21225710213184357,-0.09687678515911102
Weather,77,227,-0.09350552409887314,-0.09746821969747543,-0.0972248837351799,0.19160687923431396,-0.09856949001550674,0.19227446615695953,-0.10612868517637253,0.19545891880989075,-0.10055673122406006,0.2083400934934616,-0.0885654091835022,0.21231955289840698,-0.09452427178621292
Weather,77,228,-0.09350552409887314,-0.09275922179222107,-0.10355782508850098,0.1915716975927353,-0.09000986814498901,0.19223523139953613,-0.10179764032363892,0.1954428255558014,-0.09223221242427826,0.2083691507577896,-0.08890876919031143,0.21238110959529877,-0.09132084995508194
Weather,77,229,-0.09350552409887314,-0.0978836715221405,-0.09085813164710999,0.19153715670108795,-0.10662201046943665,0.19219669699668884,-0.10254770517349243,0.1954270303249359,-0.09333890676498413,0.20839743316173553,-0.0922059714794159,0.21244171261787415,-0.0955359935760498
Weather,77,230,-0.09350552409887314,-0.09448173642158508,-0.09677714109420776,0.19150330126285553,-0.09704160690307617,0.19215889275074005,-0.08595746010541916,0.1954115480184555,-0.09264661371707916,0.208424910902977,-0.09692026674747467,0.21250136196613312,-0.09917885810136795
Weather,77,231,-0.09350552409887314,-0.09862785786390305,-0.09952852874994278,0.19147014617919922,-0.10214358568191528,0.19212181866168976,-0.0972861796617508,0.19539640843868256,-0.10304102301597595,0.20845156908035278,-0.09895041584968567,0.2125600427389145,-0.09230047464370728
Weather,77,232,-0.09350552409887314,-0.09289434552192688,-0.09333488345146179,0.19143769145011902,-0.10137395560741425,0.19208553433418274,-0.08879147469997406,0.19538164138793945,-0.08463788777589798,0.2084774225950241,-0.09058240801095963,0.21261775493621826,-0.09882013499736786
Weather,77,233,-0.09350552409887314,-0.09459251165390015,-0.10088139772415161,0.19140595197677612,-0.09744905680418015,0.1920499950647354,-0.09096881747245789,0.19536717236042023,-0.09751128405332565,0.20850244164466858,-0.08788733184337616,0.21267443895339966,-0.09918630868196487
Weather,77,234,-0.09350552409887314,-0.09341030567884445,-0.08878166973590851,0.19137494266033173,-0.10070664435625076,0.19201524555683136,-0.10438824445009232,0.19535307586193085,-0.09233704954385757,0.20852665603160858,-0.08307244628667831,0.21273012459278107,-0.08805664628744125
Weather,77,235,-0.09350552409887314,-0.09775959700345993,-0.10069694370031357,0.19134464859962463,-0.10871434956789017,0.1919812709093094,-0.10134926438331604,0.19533933699131012,-0.08840785920619965,0.20854997634887695,-0.09422050416469574,0.21278472244739532,-0.09672360122203827
Weather,77,236,-0.09350552409887314,-0.09963008761405945,-0.09928897023200989,0.19131511449813843,-0.1047218069434166,0.19194813072681427,-0.0941450446844101,0.19532597064971924,-0.10615070164203644,0.20857249200344086,-0.09643696248531342,0.21283835172653198,-0.0971449539065361
Weather,77,237,-0.09350552409887314,-0.10166115313768387,-0.10747683793306351,0.19128632545471191,-0.100393146276474,0.19191575050354004,-0.09809435904026031,0.195312961935997,-0.11366449296474457,0.20859408378601074,-0.09414565563201904,0.2128908485174179,-0.10236741602420807
Weather,77,238,-0.09350552409887314,-0.10086672008037567,-0.10168898850679398,0.19125832617282867,-0.09491686522960663,0.19188423454761505,-0.10237941145896912,0.19530032575130463,-0.1063508614897728,0.20861484110355377,-0.09601844847202301,0.21294230222702026,-0.10456757247447968
Weather,77,239,-0.09350552409887314,-0.09904077649116516,-0.10915003716945648,0.19123107194900513,-0.10554040968418121,0.19185350835323334,-0.09638519585132599,0.1952880620956421,-0.1023465245962143,0.20863471925258636,-0.09434987604618073,0.21299263834953308,-0.0971611887216568
Weather,77,240,-0.09350552409887314,-0.10194171965122223,-0.09909060597419739,0.19120459258556366,-0.10887812077999115,0.19182364642620087,-0.09243061393499374,0.1952761858701706,-0.10482501983642578,0.20865368843078613,-0.09948056936264038,0.21304188668727875,-0.1040477603673935
Weather,77,241,-0.09350552409887314,-0.09926126897335052,-0.10372371226549149,0.19117893278598785,-0.09637535363435745,0.19179458916187286,-0.1033368855714798,0.19526469707489014,-0.10504403710365295,0.20867177844047546,-0.09463779628276825,0.21309001743793488,-0.09741068631410599
Weather,77,242,-0.09350552409887314,-0.10048414766788483,-0.09635400772094727,0.19115403294563293,-0.10968858003616333,0.1917663961648941,-0.1103658378124237,0.19525359570980072,-0.09118328988552094,0.20868894457817078,-0.09454625099897385,0.21313698589801788,-0.09767262637615204
Weather,77,243,-0.09350552409887314,-0.09695412218570709,-0.09632119536399841,0.19112998247146606,-0.09915152937173843,0.1917390674352646,-0.10596579313278198,0.19524289667606354,-0.0876988023519516,0.20870521664619446,-0.09554477035999298,0.21318283677101135,-0.09673503786325455
Weather,77,244,-0.09350552409887314,-0.10129658877849579,-0.10420068353414536,0.19110669195652008,-0.10886923968791962,0.1917126178741455,-0.10181790590286255,0.1952325850725174,-0.10364191234111786,0.20872056484222412,-0.09643326699733734,0.2132275253534317,-0.09665394574403763
Weather,77,245,-0.09350552409887314,-0.10130757093429565,-0.10711151361465454,0.19108423590660095,-0.11063674092292786,0.19168701767921448,-0.09834493696689606,0.1952226758003235,-0.09964402765035629,0.20873500406742096,-0.10167957842350006,0.21327105164527893,-0.09677040576934814
Weather,77,246,-0.09350552409887314,-0.09831143170595169,-0.09359781444072723,0.19106261432170868,-0.10845142602920532,0.19166229665279388,-0.1055951863527298,0.1952131688594818,-0.08305922895669937,0.20874850451946259,-0.10070429742336273,0.21331338584423065,-0.09430103749036789
Weather,77,247,-0.09350552409887314,-0.09538081288337708,-0.09615636616945267,0.19104181230068207,-0.10352614521980286,0.19163845479488373,-0.09965811669826508,0.19520407915115356,-0.0940539687871933,0.208761066198349,-0.0843607634305954,0.21335455775260925,-0.09624215215444565
Weather,77,248,-0.09350552409887314,-0.09613649547100067,-0.10472391545772552,0.1910218596458435,-0.09335957467556,0.1916155368089676,-0.10412123054265976,0.19519542157649994,-0.09587043523788452,0.2087727040052414,-0.09197311848402023,0.21339455246925354,-0.09576904028654099
Weather,77,249,-0.09350552409887314,-0.0993441492319107,-0.10225144028663635,0.1910027116537094,-0.10210255533456802,0.1915934681892395,-0.09737393260002136,0.19518712162971497,-0.09858696162700653,0.208783358335495,-0.10505397617816925,0.21343329548835754,-0.09375127404928207
Weather,77,250,-0.09350552409887314,-0.09983617812395096,-0.10250770300626755,0.19098442792892456,-0.10794169455766678,0.19157232344150543,-0.09888796508312225,0.1951793134212494,-0.09427835792303085,0.20879310369491577,-0.09614633023738861,0.21347086131572723,-0.10212597995996475
Weather,77,251,-0.09350552409887314,-0.0978076159954071,-0.10389985144138336,0.19096697866916656,-0.0942884236574173,0.1915520578622818,-0.10744044184684753,0.19517189264297485,-0.09652677923440933,0.20880188047885895,-0.09571758657693863,0.21350719034671783,-0.09552784264087677
Weather,77,252,-0.09350552409887314,-0.10428420454263687,-0.12008771300315857,0.1909503936767578,-0.10902068018913269,0.19153273105621338,-0.09813271462917328,0.19516488909721375,-0.10590198636054993,0.2088097184896469,-0.10517053306102753,0.21354231238365173,-0.10322105884552002
Weather,77,253,-0.09350552409887314,-0.09396886080503464,-0.09910035133361816,0.1909346580505371,-0.10177191346883774,0.19151431322097778,-0.1029273122549057,0.19515831768512726,-0.09746351838111877,0.20881658792495728,-0.08672408759593964,0.21357618272304535,-0.08284997940063477
Weather,77,254,-0.09350552409887314,-0.09544055163860321,-0.10495299100875854,0.19091975688934326,-0.09861689060926437,0.19149677455425262,-0.10666412115097046,0.1951521784067154,-0.09751524031162262,0.20882247388362885,-0.08774613589048386,0.21360881626605988,-0.08816641569137573
Weather,77,255,-0.09350552409887314,-0.10079202055931091,-0.11012858152389526,0.19090573489665985,-0.10899026691913605,0.19148017466068268,-0.11577299237251282,0.19514647126197815,-0.10421303659677505,0.208827406167984,-0.08391638845205307,0.2136402130126953,-0.09340968728065491
Weather,77,256,-0.09350552409887314,-0.09731432795524597,-0.10989655554294586,0.19089257717132568,-0.09288351237773895,0.19146448373794556,-0.0951385647058487,0.19514119625091553,-0.10225113481283188,0.20883136987686157,-0.0978846326470375,0.21367037296295166,-0.0981563851237297
Weather,77,257,-0.09350552409887314,-0.09493358433246613,-0.09904809296131134,0.19088026881217957,-0.10360570251941681,0.19144973158836365,-0.10516577214002609,0.19513635337352753,-0.09160938858985901,0.20883436501026154,-0.08444367349147797,0.21369926631450653,-0.09130719304084778
Weather,77,258,-0.09350552409887314,-0.09707920253276825,-0.09787774085998535,0.1908688247203827,-0.09904952347278595,0.19143590331077576,-0.10053712874650955,0.19513195753097534,-0.10268767178058624,0.2088364213705063,-0.09015381336212158,0.2137269228696823,-0.09386873245239258
Weather,77,259,-0.09350552409887314,-0.09530839323997498,-0.08865544945001602,0.19085827469825745,-0.0976586788892746,0.1914229840040207,-0.09819860756397247,0.19512800872325897,-0.08960236608982086,0.20883746445178986,-0.10026083886623383,0.21375329792499542,-0.09099187701940536
Weather,77,260,-0.09350552409887314,-0.08779347687959671,-0.09118129312992096,0.19084854423999786,-0.07651929557323456,0.19141100347042084,-0.09583444893360138,0.19512449204921722,-0.08540412038564682,0.2088375687599182,-0.09011125564575195,0.21377842128276825,-0.09057538211345673
Weather,77,261,-0.09350552409887314,-0.09239406883716583,-0.09444496035575867,0.1908397227525711,-0.09727667272090912,0.191399946808815,-0.09847086668014526,0.1951214075088501,-0.09217514842748642,0.20883668959140778,-0.08388277888298035,0.2138022929430008,-0.09110921621322632
Weather,77,262,-0.09350552409887314,-0.09862173348665237,-0.09622698277235031,0.1908317357301712,-0.10378670692443848,0.191389799118042,-0.09976480901241302,0.1951187700033188,-0.10310253500938416,0.20883479714393616,-0.09357091784477234,0.21382486820220947,-0.09383314847946167
Weather,77,263,-0.09350552409887314,-0.09097129106521606,-0.08969240635633469,0.19082462787628174,-0.10177403688430786,0.1913806051015854,-0.09183697402477264,0.1951165646314621,-0.08766025304794312,0.2088319957256317,-0.08674924820661545,0.21384622156620026,-0.08770084381103516
Weather,77,264,-0.09350552409887314,-0.09145674854516983,-0.10064931958913803,0.19081838428974152,-0.08892055600881577,0.19137230515480042,-0.08801457285881042,0.19511480629444122,-0.09904766082763672,0.2088281661272049,-0.08611272275447845,0.21386626362800598,-0.09509254992008209
Weather,77,265,-0.09350552409887314,-0.08994370698928833,-0.08626575022935867,0.19081301987171173,-0.09586780518293381,0.19136497378349304,-0.09001792222261429,0.19511350989341736,-0.08794216066598892,0.20882339775562286,-0.08797300606966019,0.21388505399227142,-0.08834217488765717
Weather,77,266,-0.09350552409887314,-0.09439774602651596,-0.0883498340845108,0.1908085197210312,-0.1059664934873581,0.1913585513830185,-0.09827607125043869,0.1951126605272293,-0.09401799738407135,0.20881767570972443,-0.08499123156070709,0.21390259265899658,-0.09013773500919342
Weather,77,267,-0.09350552409887314,-0.09356887638568878,-0.09480461478233337,0.1908048540353775,-0.09896186739206314,0.19135303795337677,-0.09064970165491104,0.19511225819587708,-0.09681934863328934,0.2088109701871872,-0.09406161308288574,0.21391887962818146,-0.08792417496442795
Weather,77,268,-0.09350552409887314,-0.08964899927377701,-0.08238928020000458,0.19080209732055664,-0.08883313834667206,0.19134846329689026,-0.08658622205257416,0.19511230289936066,-0.09217484295368195,0.20880331099033356,-0.09036880731582642,0.21393388509750366,-0.0901099145412445
Weather,77,269,-0.09350552409887314,-0.09480582177639008,-0.1020374447107315,0.19080014526844025,-0.0898967981338501,0.19134479761123657,-0.09559790045022964,0.19511274993419647,-0.10623273253440857,0.20879465341567993,-0.0914837047457695,0.2139476239681244,-0.0912964716553688
Weather,77,270,-0.09350552409887314,-0.09538420289754868,-0.09104345738887787,0.1907990723848343,-0.11452533304691315,0.1913420706987381,-0.10675197839736938,0.19511368870735168,-0.08093710243701935,0.2087850719690323,-0.08531104028224945,0.21396012604236603,-0.09115307778120041
Weather,77,271,-0.09350552409887314,-0.08548062294721603,-0.08450949937105179,0.1907988339662552,-0.09217134863138199,0.19134022295475006,-0.08046220242977142,0.19511505961418152,-0.07985090464353561,0.20877450704574585,-0.08653145283460617,0.213971346616745,-0.08811042457818985
Weather,77,272,-0.09350552409887314,-0.09100170433521271,-0.09663853049278259,0.19079947471618652,-0.08360258489847183,0.19133931398391724,-0.09436056017875671,0.19511687755584717,-0.09315840154886246,0.2087630182504654,-0.09030923992395401,0.21398134529590607,-0.09330479055643082
Weather,77,273,-0.09350552409887314,-0.09061339497566223,-0.09792956709861755,0.19080094993114471,-0.09719301760196686,0.19133931398391724,-0.09184281527996063,0.19511914253234863,-0.09149674326181412,0.20875056087970734,-0.08994755148887634,0.21399007737636566,-0.08349155634641647
Weather,77,274,-0.09350552409887314,-0.09559590369462967,-0.08968370407819748,0.19080324470996857,-0.08420304208993912,0.19134019315242767,-0.10062327235937119,0.19512182474136353,-0.09897276759147644,0.20873714983463287,-0.09723612666130066,0.21399757266044617,-0.09657993167638779
Weather,77,275,-0.09350552409887314,-0.09342344105243683,-0.0916389524936676,0.19080640375614166,-0.10153839737176895,0.19134199619293213,-0.08132725954055786,0.19512498378753662,-0.09969107806682587,0.2087228000164032,-0.09139750152826309,0.21400383114814758,-0.09326459467411041
Weather,77,276,-0.09350552409887314,-0.0934382900595665,-0.09386739134788513,0.19081036746501923,-0.09588426351547241,0.19134467840194702,-0.09026391804218292,0.19512856006622314,-0.10694444179534912,0.2087075412273407,-0.08202718943357468,0.2140088528394699,-0.09290950000286102
Weather,77,277,-0.09350552409887314,-0.09156449139118195,-0.09536206722259521,0.19081515073776245,-0.09921963512897491,0.19134823977947235,-0.0875183567404747,0.19513258337974548,-0.09028324484825134,0.2086913138628006,-0.08774993568658829,0.21401265263557434,-0.09324468672275543
Weather,77,278,-0.09350552409887314,-0.09207715094089508,-0.09746173024177551,0.19082078337669373,-0.09799983352422714,0.1913527101278305,-0.08423728495836258,0.19513703882694244,-0.09901370853185654,0.20867417752742767,-0.08750909566879272,0.21401523053646088,-0.0919354185461998
Weather,77,279,-0.09350552409887314,-0.0947449803352356,-0.10451434552669525,0.19082723557949066,-0.08835061639547348,0.1913580745458603,-0.09284194558858871,0.19514194130897522,-0.09833261370658875,0.20865611732006073,-0.09948621690273285,0.2140166312456131,-0.09425434470176697
Weather,77,280,-0.09350552409887314,-0.09691381454467773,-0.09240451455116272,0.19083447754383087,-0.09292332828044891,0.19136428833007812,-0.10516269505023956,0.19514727592468262,-0.09056543558835983,0.20863716304302216,-0.09175646305084229,0.21401681005954742,-0.10391264408826828
Weather,77,281,-0.09350552409887314,-0.09870705753564835,-0.09936270862817764,0.19084253907203674,-0.0991126298904419,0.1913713812828064,-0.10155646502971649,0.19515302777290344,-0.10658249258995056,0.20861726999282837,-0.09302966296672821,0.21401578187942505,-0.09415034204721451
Weather,77,282,-0.09350552409887314,-0.09226228296756744,-0.09429292380809784,0.1908513754606247,-0.0942886546254158,0.1913793385028839,-0.10611546784639359,0.19515922665596008,-0.09175577759742737,0.20859648287296295,-0.09025562554597855,0.21401357650756836,-0.08048489689826965
Weather,77,283,-0.09350552409887314,-0.0921219140291214,-0.09211736172437668,0.19086101651191711,-0.09640686213970184,0.19138815999031067,-0.09279885143041611,0.19516585767269135,-0.09237366914749146,0.2085748016834259,-0.08886625617742538,0.21401019394397736,-0.09063847362995148
Weather,77,284,-0.09350552409887314,-0.09868693351745605,-0.10125821828842163,0.1908714324235916,-0.10828551650047302,0.1913978010416031,-0.10676760226488113,0.19517287611961365,-0.10309921205043793,0.20855222642421722,-0.08738626539707184,0.21400563418865204,-0.08988764137029648
Weather,77,285,-0.09350552409887314,-0.09778255224227905,-0.09643802791833878,0.1908826380968094,-0.10339079797267914,0.19140829145908356,-0.0990116223692894,0.19518035650253296,-0.10265893489122391,0.2085288166999817,-0.08915860205888748,0.2139999270439148,-0.09563674032688141
Weather,77,286,-0.09350552409887314,-0.09806449711322784,-0.10028883814811707,0.19089458882808685,-0.09791015088558197,0.19141964614391327,-0.09381285309791565,0.1951882392168045,-0.11152245104312897,0.20850446820259094,-0.09193018078804016,0.21399307250976562,-0.0957069918513298
Weather,77,287,-0.09350552409887314,-0.10297799110412598,-0.11335161328315735,0.1909073144197464,-0.10959477722644806,0.19143180549144745,-0.10414963960647583,0.19519652426242828,-0.1105792373418808,0.20847928524017334,-0.09648165851831436,0.21398508548736572,-0.09542198479175568
Weather,77,288,-0.09350552409887314,-0.09722960740327835,-0.09329986572265625,0.19092078506946564,-0.09340503066778183,0.1914447695016861,-0.10598762333393097,0.19520524144172668,-0.09871566295623779,0.2084532529115677,-0.09442239999771118,0.2139759510755539,-0.09418532997369766
Weather,77,289,-0.09350552409887314,-0.0992099866271019,-0.09876704216003418,0.19093498587608337,-0.11532698571681976,0.1914585381746292,-0.08259984850883484,0.19521436095237732,-0.103480264544487,0.208426371216774,-0.09430748969316483,0.21396571397781372,-0.1005702093243599
Weather,77,290,-0.09350552409887314,-0.09485594928264618,-0.0940110832452774,0.1909499615430832,-0.09484032541513443,0.19147314131259918,-0.09266144037246704,0.19522389769554138,-0.09568534046411514,0.20839865505695343,-0.09917094558477402,0.2139544039964676,-0.09187409281730652
Weather,77,291,-0.09350552409887314,-0.10459327697753906,-0.09547607600688934,0.19096559286117554,-0.11495206505060196,0.19148850440979004,-0.12391982972621918,0.1952338069677353,-0.10368219017982483,0.20837008953094482,-0.08765576779842377,0.21394196152687073,-0.09537655860185623
Weather,77,292,-0.09350552409887314,-0.09938313066959381,-0.10148364305496216,0.19098198413848877,-0.10335171967744827,0.19150467216968536,-0.09526367485523224,0.19524413347244263,-0.10532698035240173,0.20834073424339294,-0.09459707140922546,0.2139284759759903,-0.09876421093940735
Weather,77,293,-0.09350552409887314,-0.10110227763652802,-0.0969950407743454,0.1909990757703781,-0.10803727805614471,0.19152159988880157,-0.10196380317211151,0.1952548623085022,-0.10493866354227066,0.2083105593919754,-0.092994824051857,0.2139139175415039,-0.09853214025497437
Weather,77,294,-0.09350552409887314,-0.09658268094062805,-0.09692040830850601,0.19101688265800476,-0.10629063844680786,0.19153928756713867,-0.09987163543701172,0.1952659636735916,-0.10572943091392517,0.2082795649766922,-0.07940468192100525,0.21389833092689514,-0.09334482252597809
Weather,77,295,-0.09350552409887314,-0.10809621214866638,-0.1133861169219017,0.19103533029556274,-0.11858092993497849,0.19155772030353546,-0.1140303686261177,0.19527745246887207,-0.12022624909877777,0.20824779570102692,-0.08808251470327377,0.2138816863298416,-0.10182829201221466
Weather,77,296,-0.09350552409887314,-0.09351755678653717,-0.09904433786869049,0.19105447828769684,-0.0944226086139679,0.19157691299915314,-0.09874510765075684,0.19528935849666595,-0.09541408717632294,0.20821526646614075,-0.08858703821897507,0.2138640284538269,-0.09109474718570709
Weather,77,297,-0.09350552409887314,-0.09539807587862015,-0.10205625742673874,0.19107429683208466,-0.0915101021528244,0.19159682095050812,-0.08971703797578812,0.1953015923500061,-0.10015926510095596,0.2081819474697113,-0.09515287727117538,0.2138453722000122,-0.09985242784023285
Weather,77,298,-0.09350552409887314,-0.09761111438274384,-0.08914735913276672,0.19109474122524261,-0.10145024955272675,0.1916174739599228,-0.11618536710739136,0.1953142285346985,-0.09579509496688843,0.20814786851406097,-0.08922158926725388,0.21382571756839752,-0.08736053109169006
Weather,77,299,-0.09350552409887314,-0.09551646560430527,-0.11633647233247757,0.1911158412694931,-0.0929439514875412,0.19163881242275238,-0.08654886484146118,0.19532722234725952,-0.11198490858078003,0.20811305940151215,-0.09472429007291794,0.21380509436130524,-0.09157977253198624
Weather,77,300,-0.09350552409887314,-0.10057531297206879,-0.1057673841714859,0.19113758206367493,-0.09910356998443604,0.19166085124015808,-0.09569118916988373,0.19534055888652802,-0.11732335388660431,0.20807750523090363,-0.08771689236164093,0.21378351747989655,-0.10348187386989594
Weather,77,301,-0.09350552409887314,-0.09822651743888855,-0.10120011866092682,0.1911599189043045,-0.10959858447313309,0.1916835755109787,-0.10141920298337936,0.19535429775714874,-0.09778692573308945,0.2080412358045578,-0.08794212341308594,0.21376101672649384,-0.09560484439134598
Weather,77,302,-0.09350552409887314,-0.09417817741632462,-0.10348766297101974,0.19118288159370422,-0.10070959478616714,0.19170698523521423,-0.09458857029676437,0.19536834955215454,-0.10086621344089508,0.20800425112247467,-0.08406716585159302,0.21373754739761353,-0.0916944369673729
Weather,77,303,-0.09350552409887314,-0.10274205356836319,-0.109470896422863,0.1912064403295517,-0.1143251359462738,0.1917310506105423,-0.09738434851169586,0.195382758975029,-0.10930052399635315,0.20796659588813782,-0.09644807875156403,0.21371321380138397,-0.09731423854827881
Weather,77,304,-0.09350552409887314,-0.09759669005870819,-0.09036995470523834,0.19123055040836334,-0.08901239931583405,0.1917557418346405,-0.11169032752513885,0.1953974962234497,-0.09623230248689651,0.20792819559574127,-0.09671206772327423,0.2136879563331604,-0.09474009275436401
Weather,77,305,-0.09350552409887314,-0.09979245811700821,-0.1020723506808281,0.19125524163246155,-0.10175453126430511,0.19178110361099243,-0.11124725639820099,0.19541259109973907,-0.10477302968502045,0.20788916945457458,-0.08624812215566635,0.21366184949874878,-0.0963776558637619
Weather,77,306,-0.09350552409887314,-0.09927138686180115,-0.1041782796382904,0.1912805140018463,-0.10551704466342926,0.1918070763349533,-0.10577446222305298,0.1954280287027359,-0.10470109432935715,0.20784945785999298,-0.08642274141311646,0.2136348932981491,-0.09537436813116074
Weather,77,307,-0.09350552409887314,-0.09690690040588379,-0.10209695249795914,0.19130633771419525,-0.09854388982057571,0.19183366000652313,-0.09110983461141586,0.1954437792301178,-0.09819759428501129,0.20780913531780243,-0.09901328384876251,0.21360710263252258,-0.09741681814193726
Weather,77,308,-0.09350552409887314,-0.09323111921548843,-0.10715728998184204,0.19133268296718597,-0.0923515260219574,0.1918608546257019,-0.09115058183670044,0.19545982778072357,-0.10013174265623093,0.20776815712451935,-0.0906810387969017,0.2135784924030304,-0.09205355495214462
Weather,77,309,-0.09350552409887314,-0.09941477328538895,-0.10507240146398544,0.1913595199584961,-0.09642191976308823,0.19188863039016724,-0.107495978474617,0.1954762041568756,-0.10522286593914032,0.20772655308246613,-0.09217055141925812,0.21354909241199493,-0.09656528383493423
Weather,77,310,-0.09350552409887314,-0.09909273684024811,-0.09693017601966858,0.1913868933916092,-0.10928165167570114,0.19191697239875793,-0.10036653280258179,0.19549287855625153,-0.09975755959749222,0.20768436789512634,-0.09162220358848572,0.2135189175605774,-0.09547270834445953
Weather,77,311,-0.09350552409887314,-0.09751874208450317,-0.09398259967565536,0.1914147436618805,-0.10784632712602615,0.1919458657503128,-0.10183187574148178,0.19550985097885132,-0.09700078517198563,0.2076415717601776,-0.08922374248504639,0.21348795294761658,-0.09292321652173996
Weather,77,312,-0.09350552409887314,-0.0951957255601883,-0.09768079966306686,0.1914430856704712,-0.10331004112958908,0.19197532534599304,-0.10175089538097382,0.19552713632583618,-0.09260661900043488,0.20759819447994232,-0.08815935999155045,0.21345627307891846,-0.09123760461807251
Weather,77,313,-0.09350552409887314,-0.09337691962718964,-0.0996580421924591,0.1914718598127365,-0.1026548445224762,0.19200527667999268,-0.09279800206422806,0.19554466009140015,-0.090885229408741,0.20755425095558167,-0.08937711268663406,0.21342386305332184,-0.09174686670303345
Weather,77,314,-0.09350552409887314,-0.09770260751247406,-0.10261769592761993,0.19150112569332123,-0.09258019924163818,0.1920357644557953,-0.10547880083322525,0.19556252658367157,-0.10225608199834824,0.20750978589057922,-0.08983856439590454,0.2133907973766327,-0.09877582639455795
Weather,77,315,-0.09350552409887314,-0.09733261168003082,-0.10172510147094727,0.19153080880641937,-0.11387801915407181,0.19206677377223969,-0.09140738844871521,0.1955806463956833,-0.10150130838155746,0.20746475458145142,-0.08701683580875397,0.21335701644420624,-0.09402327984571457
Weather,77,316,-0.09350552409887314,-0.09437260776758194,-0.09214995056390762,0.19156092405319214,-0.09906123578548431,0.1920982301235199,-0.09288859367370605,0.1955990046262741,-0.10065296292304993,0.20741921663284302,-0.08462146669626236,0.21332256495952606,-0.09522140026092529
Weather,77,317,-0.09350552409887314,-0.09275700151920319,-0.09230931103229523,0.19159144163131714,-0.09255509078502655,0.1921301931142807,-0.09517287462949753,0.1956176459789276,-0.09693355113267899,0.20737315714359283,-0.08886973559856415,0.21328750252723694,-0.0907110944390297
Weather,77,318,-0.09350552409887314,-0.09252427518367767,-0.09778910130262375,0.19162236154079437,-0.0986635684967041,0.19216258823871613,-0.09092774987220764,0.1956365406513214,-0.09192322939634323,0.20732663571834564,-0.08298683166503906,0.21325182914733887,-0.09827016294002533
Weather,77,319,-0.09350552409887314,-0.09710761159658432,-0.10164797306060791,0.19165365397930145,-0.1008642315864563,0.19219543039798737,-0.10680238902568817,0.1956556737422943,-0.09705811738967896,0.20727962255477905,-0.08862657099962234,0.21321555972099304,-0.09328223764896393
Weather,77,320,-0.09350552409887314,-0.10227712243795395,-0.10189056396484375,0.19168533384799957,-0.10923922806978226,0.19222871959209442,-0.09399420022964478,0.1956750601530075,-0.1079644113779068,0.20723217725753784,-0.09741110354661942,0.21317873895168304,-0.1029958426952362
Weather,77,321,-0.09350552409887314,-0.096615731716156,-0.10141979157924652,0.19171731173992157,-0.09631508588790894,0.1922624111175537,-0.09868048876523972,0.19569465517997742,-0.1007145345211029,0.20718424022197723,-0.08883938938379288,0.2131413221359253,-0.09881938993930817
Weather,77,322,-0.09350552409887314,-0.09723145514726639,-0.1058560386300087,0.1917496770620346,-0.10615479946136475,0.19229650497436523,-0.09545206278562546,0.19571447372436523,-0.10807543992996216,0.20713591575622559,-0.08721479773521423,0.21310341358184814,-0.09058495610952377
Weather,77,323,-0.09350552409887314,-0.09774579107761383,-0.10443715751171112,0.1917823702096939,-0.09563862532377243,0.1923309713602066,-0.09944567084312439,0.19573454558849335,-0.10122900456190109,0.20708715915679932,-0.09598727524280548,0.2130650132894516,-0.09661729633808136
Weather,77,324,-0.09350552409887314,-0.09932979941368103,-0.09457138180732727,0.1918153315782547,-0.10839052498340607,0.19236581027507782,-0.10871689021587372,0.1957547813653946,-0.09337268024682999,0.2070380002260208,-0.09293866157531738,0.21302609145641327,-0.09438016265630722
Weather,77,325,-0.09350552409887314,-0.09447645395994186,-0.09463566541671753,0.19184860587120056,-0.10216642916202545,0.1924009770154953,-0.10244613140821457,0.19577524065971375,-0.09350678324699402,0.20698845386505127,-0.08753731846809387,0.21298672258853912,-0.0879853144288063
Weather,77,326,-0.09350552409887314,-0.0960555225610733,-0.10631062835454941,0.1918821483850479,-0.0994042232632637,0.19243650138378143,-0.10139069706201553,0.19579586386680603,-0.10252951830625534,0.20693854987621307,-0.08545499294996262,0.21294690668582916,-0.0925656408071518
Weather,77,327,-0.09350552409887314,-0.10155360400676727,-0.10519035905599594,0.19191595911979675,-0.09528924524784088,0.19247233867645264,-0.11269800364971161,0.19581671059131622,-0.10799375176429749,0.20688830316066742,-0.09366650134325027,0.21290668845176697,-0.09886650741100311
Weather,77,328,-0.09350552409887314,-0.0995287075638771,-0.10377290844917297,0.1919499933719635,-0.11570344865322113,0.19250847399234772,-0.1087488904595375,0.19583770632743835,-0.10487250238656998,0.2068377137184143,-0.0885780081152916,0.21286606788635254,-0.0823291689157486
Weather,77,329,-0.09350552409887314,-0.09688198566436768,-0.09668033570051193,0.19198429584503174,-0.09405609220266342,0.19254490733146667,-0.09888509660959244,0.195858895778656,-0.09808815270662308,0.20678678154945374,-0.09805983304977417,0.21282508969306946,-0.09536448121070862
Weather,77,330,-0.09350552409887314,-0.09376250207424164,-0.09908675402402878,0.1920187920331955,-0.0945647731423378,0.19258157908916473,-0.10128422826528549,0.1958802193403244,-0.1047561764717102,0.20673558115959167,-0.0773450955748558,0.21278375387191772,-0.0920613631606102
Weather,77,331,-0.09350552409887314,-0.1023343876004219,-0.10390457510948181,0.19205349683761597,-0.1172584593296051,0.19261854887008667,-0.10422399640083313,0.19590172171592712,-0.11662422865629196,0.20668408274650574,-0.08144888281822205,0.21274209022521973,-0.09428287297487259
Weather,77,332,-0.09350552409887314,-0.10251522809267044,-0.09878027439117432,0.19208839535713196,-0.10956232249736786,0.1926557421684265,-0.10380193591117859,0.1959233582019806,-0.09879012405872345,0.2066323161125183,-0.10575518012046814,0.21270014345645905,-0.0952693521976471
Weather,77,333,-0.09350552409887314,-0.09916422516107559,-0.10539069026708603,0.19212347269058228,-0.1015232652425766,0.19269317388534546,-0.11211372911930084,0.195945143699646,-0.09715284407138824,0.20658032596111298,-0.08889569342136383,0.21265791356563568,-0.09712757170200348
Weather,77,334,-0.09350552409887314,-0.09708463400602341,-0.10101881623268127,0.19215869903564453,-0.09813780337572098,0.19273079931735992,-0.10234454274177551,0.19596706330776215,-0.10389860719442368,0.20652806758880615,-0.09051761031150818,0.21261544525623322,-0.09146338701248169
Weather,77,335,-0.09350552409887314,-0.09902343899011612,-0.10204491764307022,0.19219402968883514,-0.11086834967136383,0.19276860356330872,-0.11648425459861755,0.19598907232284546,-0.10375641286373138,0.20647557079792023,-0.07736116647720337,0.21257270872592926,-0.08915717154741287
Weather,77,336,-0.09350552409887314,-0.09764853864908218,-0.1004130020737648,0.1922295242547989,-0.10737597942352295,0.19280660152435303,-0.09498995542526245,0.19601120054721832,-0.10181687772274017,0.20642289519309998,-0.09145247936248779,0.21252977848052979,-0.09343573451042175
Weather,77,337,-0.09350552409887314,-0.098261758685112,-0.10436401516199112,0.1922651082277298,-0.09682534635066986,0.19284474849700928,-0.1040942445397377,0.19603344798088074,-0.10028941184282303,0.2063700407743454,-0.09441515803337097,0.21248666942119598,-0.09613335132598877
Weather,77,338,-0.09350552409887314,-0.09680571407079697,-0.10418711602687836,0.19230079650878906,-0.10372137278318405,0.19288302958011627,-0.09653158485889435,0.19605578482151031,-0.10762092471122742,0.2063169926404953,-0.08362248539924622,0.21244339644908905,-0.09361674636602402
Weather,77,339,-0.09350552409887314,-0.09861614555120468,-0.1103522777557373,0.1923365443944931,-0.10141041874885559,0.1929214596748352,-0.10021454095840454,0.19607821106910706,-0.10673973709344864,0.20626381039619446,-0.08769306540489197,0.21239997446537018,-0.09774218499660492
Weather,77,340,-0.09350552409887314,-0.09820230305194855,-0.10445156693458557,0.1923723965883255,-0.09884949773550034,0.1929599791765213,-0.10512623190879822,0.19610071182250977,-0.10230737924575806,0.2062104493379593,-0.08631408214569092,0.21235644817352295,-0.09907782822847366
Weather,77,341,-0.09350552409887314,-0.09794914722442627,-0.10538162291049957,0.1924082636833191,-0.09512484073638916,0.19299858808517456,-0.10781855136156082,0.19612327218055725,-0.09847945719957352,0.20615701377391815,-0.091144859790802,0.21231283247470856,-0.09765423834323883
Weather,77,342,-0.09350552409887314,-0.1007138267159462,-0.10199058800935745,0.19244419038295746,-0.11124753952026367,0.19303730130195618,-0.09805570542812347,0.1961459368467331,-0.10466734319925308,0.20610344409942627,-0.09496626257896423,0.2122691571712494,-0.09550860524177551
Weather,77,343,-0.09350552409887314,-0.09827972948551178,-0.09937804192304611,0.19248008728027344,-0.09380297362804413,0.19307604432106018,-0.09879031032323837,0.19616860151290894,-0.1003575474023819,0.20604978501796722,-0.09908884763717651,0.21222540736198425,-0.0991692841053009
Weather,77,344,-0.09350552409887314,-0.0968959778547287,-0.10131523013114929,0.19251605868339539,-0.10670799016952515,0.19311487674713135,-0.10151508450508118,0.19619135558605194,-0.0994279533624649,0.2059960663318634,-0.08605140447616577,0.21218165755271912,-0.09197662025690079
Weather,77,345,-0.09350552409887314,-0.10239819437265396,-0.10955344885587692,0.19255195558071136,-0.11571946740150452,0.19315369427204132,-0.09653899818658829,0.19621412456035614,-0.10820115357637405,0.2059422731399536,-0.08805228769779205,0.21213789284229279,-0.10420124977827072
Weather,77,346,-0.09350552409887314,-0.09824743866920471,-0.11249946057796478,0.19258788228034973,-0.09883135557174683,0.19319255650043488,-0.10926467180252075,0.19623693823814392,-0.10698895156383514,0.20588846504688263,-0.08944303542375565,0.21209417283535004,-0.08814069628715515
Weather,77,347,-0.09350552409887314,-0.1035478413105011,-0.10219146311283112,0.19262373447418213,-0.10766597092151642,0.19323138892650604,-0.11427676677703857,0.1962597668170929,-0.10264091193675995,0.20583461225032806,-0.09621141850948334,0.21205049753189087,-0.09799101203680038
Weather,77,348,-0.09350552409887314,-0.09850780665874481,-0.10897646844387054,0.19265952706336975,-0.10134446620941162,0.19327020645141602,-0.09478449076414108,0.19628256559371948,-0.10271891206502914,0.2057807445526123,-0.09426794201135635,0.21200686693191528,-0.09954085946083069
Weather,77,349,-0.09350552409887314,-0.09846609830856323,-0.10008560121059418,0.1926952600479126,-0.09873392432928085,0.1933090090751648,-0.09255808591842651,0.19630543887615204,-0.09870801120996475,0.20572690665721893,-0.09577544033527374,0.21196337044239044,-0.10599812120199203
Weather,77,350,-0.09350552409887314,-0.09767203032970428,-0.1033036932349205,0.19273094832897186,-0.09621401131153107,0.1933477818965912,-0.10309368371963501,0.196328267455101,-0.09891463071107864,0.20567309856414795,-0.09372391551733017,0.21191997826099396,-0.09673204272985458
Weather,77,351,-0.09350552409887314,-0.09529004245996475,-0.1044267788529396,0.19276650249958038,-0.09973827004432678,0.19338645040988922,-0.09988412261009216,0.1963510811328888,-0.09523215144872665,0.20561929047107697,-0.08391503989696503,0.21187670528888702,-0.09814257174730301
Weather,77,352,-0.09350552409887314,-0.09702493995428085,-0.10335905104875565,0.19280190765857697,-0.09451832622289658,0.1934250444173813,-0.10419442504644394,0.1963738650083542,-0.08946336805820465,0.20556554198265076,-0.10290133208036423,0.21183358132839203,-0.09406711161136627
Weather,77,353,-0.09350552409887314,-0.10102180391550064,-0.10773105174303055,0.19283725321292877,-0.10228422284126282,0.19346356391906738,-0.09854977577924728,0.19639664888381958,-0.10473877191543579,0.2055118978023529,-0.09984302520751953,0.21179068088531494,-0.09982751309871674
Weather,77,354,-0.09350552409887314,-0.09831954538822174,-0.09785665571689606,0.19287241995334625,-0.10534783452749252,0.19350194931030273,-0.1037837490439415,0.1964193880558014,-0.08716858923435211,0.20545831322669983,-0.09186722338199615,0.21174795925617218,-0.10352878272533417
Weather,77,355,-0.09350552409887314,-0.10001194477081299,-0.11015178263187408,0.1929074376821518,-0.08938878774642944,0.19354021549224854,-0.11264733225107193,0.19644203782081604,-0.10501411557197571,0.2054048478603363,-0.09468819200992584,0.21170546114444733,-0.09866439551115036
Weather,77,356,-0.09350552409887314,-0.09271544218063354,-0.10487910360097885,0.1929423063993454,-0.09758621454238892,0.1935783475637436,-0.09414885938167572,0.1964646726846695,-0.09759168326854706,0.20535150170326233,-0.08479252457618713,0.21166321635246277,-0.09012508392333984
Weather,77,357,-0.09350552409887314,-0.09452146291732788,-0.09560249000787735,0.1929769665002823,-0.09385411441326141,0.19361630082130432,-0.10171213001012802,0.1964872032403946,-0.08996355533599854,0.20529823005199432,-0.08970165252685547,0.2116212248802185,-0.09745891392230988
Weather,77,358,-0.09350552409887314,-0.09434910118579865,-0.10181418061256409,0.19301143288612366,-0.08873268216848373,0.1936541050672531,-0.09767591208219528,0.1965097039937973,-0.09440824389457703,0.20524518191814423,-0.09447650611400604,0.2115795612335205,-0.09624912589788437
Weather,77,359,-0.09350552409887314,-0.09414591640233994,-0.09574642777442932,0.1930457204580307,-0.10047541558742523,0.19369171559810638,-0.09620106220245361,0.19653211534023285,-0.08978386223316193,0.20519226789474487,-0.0896432101726532,0.2115381956100464,-0.0949082300066948
Weather,77,360,-0.09350552409887314,-0.0974361002445221,-0.10495249927043915,0.19307975471019745,-0.0919574424624443,0.19372911751270294,-0.10500447452068329,0.19655439257621765,-0.10326200723648071,0.20513951778411865,-0.09015285223722458,0.21149714291095734,-0.0971551164984703
Weather,77,361,-0.09350552409887314,-0.09703175723552704,-0.10937129706144333,0.19311358034610748,-0.10142545402050018,0.19376631081104279,-0.09143528342247009,0.19657661020755768,-0.09889909625053406,0.20508697628974915,-0.09946393221616745,0.21145646274089813,-0.09405262768268585
Weather,77,362,-0.09350552409887314,-0.10085757076740265,-0.10339637845754623,0.19314715266227722,-0.10525749623775482,0.19380329549312592,-0.10482220351696014,0.19659873843193054,-0.09363531321287155,0.20503464341163635,-0.09375128149986267,0.21141617000102997,-0.10681138187646866
Weather,77,363,-0.09350552409887314,-0.09582162648439407,-0.09805873781442642,0.19318047165870667,-0.10426103323698044,0.19384004175662994,-0.09042520821094513,0.19662074744701385,-0.09464144706726074,0.20498251914978027,-0.0971142128109932,0.21137627959251404,-0.09290170669555664
Weather,77,364,-0.09350552409887314,-0.09656597673892975,-0.10540753602981567,0.19321347773075104,-0.09450764209032059,0.1938764750957489,-0.09560305625200272,0.19664262235164642,-0.10239515453577042,0.2049306184053421,-0.09539561718702316,0.21133676171302795,-0.0950421690940857
Weather,77,365,-0.09350552409887314,-0.09908188134431839,-0.09772186726331711,0.1932462453842163,-0.10030559450387955,0.19391268491744995,-0.09932799637317657,0.19666434824466705,-0.09715884923934937,0.20487898588180542,-0.1030905544757843,0.21129772067070007,-0.09563978016376495
Weather,77,366,-0.09350552409887314,-0.10126440227031708,-0.10858114808797836,0.1932787001132965,-0.10297548770904541,0.19394859671592712,-0.098932184278965,0.19668595492839813,-0.10892252624034882,0.20482765138149261,-0.09731452167034149,0.211259126663208,-0.09853986650705338
Weather,77,367,-0.09350552409887314,-0.09867126494646072,-0.10203224420547485,0.19331084191799164,-0.09826186299324036,0.19398421049118042,-0.09740398824214935,0.19670739769935608,-0.09604767709970474,0.20477652549743652,-0.10048763453960419,0.21122099459171295,-0.10089218616485596
Weather,77,368,-0.09350552409887314,-0.09883449226617813,-0.10346611589193344,0.1933426558971405,-0.10112113505601883,0.19401949644088745,-0.10364556312561035,0.1967286914587021,-0.09958948940038681,0.2047257125377655,-0.09900577366352081,0.2111833393573761,-0.09145161509513855
Weather,77,369,-0.09350552409887314,-0.102558933198452,-0.10113140940666199,0.1933741718530655,-0.11293304711580276,0.194054514169693,-0.10023792088031769,0.19674986600875854,-0.10295623540878296,0.20467525720596313,-0.09686724841594696,0.2111462652683258,-0.1003381609916687
Weather,77,370,-0.09350552409887314,-0.10148032009601593,-0.10587887465953827,0.19340530037879944,-0.10245615988969803,0.1940891295671463,-0.10934386402368546,0.1967708319425583,-0.1044590026140213,0.20462505519390106,-0.09546349942684174,0.21110966801643372,-0.09641238301992416
Weather,77,371,-0.09350552409887314,-0.09939219802618027,-0.10644888877868652,0.19343610107898712,-0.10241472721099854,0.19412343204021454,-0.099217489361763,0.1967916339635849,-0.10315468907356262,0.20457522571086884,-0.09332554787397385,0.21107365190982819,-0.09915485978126526
Weather,77,372,-0.09350552409887314,-0.1001071110367775,-0.11083574593067169,0.19346651434898376,-0.10054183006286621,0.19415736198425293,-0.10662414133548737,0.1968122124671936,-0.1042466014623642,0.20452569425106049,-0.09540141373872757,0.21103815734386444,-0.09441288560628891
Weather,77,373,-0.09350552409887314,-0.09926584362983704,-0.10980112105607986,0.19349659979343414,-0.09928561747074127,0.19419090449810028,-0.09731559455394745,0.19683264195919037,-0.11519362032413483,0.20447655022144318,-0.09383778274059296,0.21100328862667084,-0.09144464135169983
Weather,77,374,-0.09350552409887314,-0.098637655377388,-0.10430437326431274,0.1935262829065323,-0.09648089110851288,0.19422407448291779,-0.10439761728048325,0.19685286283493042,-0.10510516166687012,0.20442776381969452,-0.08918413519859314,0.21096903085708618,-0.09843897074460983
Weather,77,375,-0.09350552409887314,-0.10872504115104675,-0.10423146188259125,0.193555548787117,-0.12017463147640228,0.19425685703754425,-0.11534620821475983,0.19687286019325256,-0.10625407099723816,0.2043793648481369,-0.10048479586839676,0.21093538403511047,-0.10241154581308365
Weather,77,376,-0.09350552409887314,-0.09833540767431259,-0.11141625046730042,0.1935844123363495,-0.0967177078127861,0.1942892223596573,-0.09792351722717285,0.1968926638364792,-0.1098429411649704,0.20433136820793152,-0.08998662978410721,0.2109023630619049,-0.09754525125026703
Weather,77,377,-0.09350552409887314,-0.10026758164167404,-0.10443431884050369,0.19361284375190735,-0.09861552715301514,0.19432112574577332,-0.1059354692697525,0.19691219925880432,-0.100648432970047,0.20428374409675598,-0.09668279439210892,0.21087001264095306,-0.09967853128910065
Weather,77,378,-0.09350552409887314,-0.10079041123390198,-0.10724594444036484,0.19364088773727417,-0.10213440656661987,0.1943526566028595,-0.10360758751630783,0.19693154096603394,-0.10521715879440308,0.20423656702041626,-0.0993473157286644,0.21083833277225494,-0.09422227740287781
Weather,77,379,-0.09350552409887314,-0.10056643933057785,-0.1116083562374115,0.19366848468780518,-0.10606274008750916,0.19438372552394867,-0.09612078964710236,0.19695064425468445,-0.10371464490890503,0.20418982207775116,-0.10402633249759674,0.21080735325813293,-0.0933237299323082
Weather,77,380,-0.09350552409887314,-0.09960911422967911,-0.11100432276725769,0.19369561970233917,-0.09831301122903824,0.19441433250904083,-0.09738507866859436,0.19696949422359467,-0.1023327112197876,0.2041434794664383,-0.09778808802366257,0.21077705919742584,-0.10207009315490723
Weather,77,381,-0.09350552409887314,-0.10169407725334167,-0.10102032124996185,0.19372230768203735,-0.10787814855575562,0.194444477558136,-0.10764253884553909,0.19698810577392578,-0.09762013703584671,0.20409761369228363,-0.09290985763072968,0.21074748039245605,-0.10283628106117249
Weather,77,382,-0.09350552409887314,-0.10166648775339127,-0.11043815314769745,0.19374853372573853,-0.10230282694101334,0.19447413086891174,-0.11158138513565063,0.1970064491033554,-0.10960907489061356,0.20405220985412598,-0.09959837049245834,0.21071866154670715,-0.08650779724121094
Weather,77,383,-0.09350552409887314,-0.0976283848285675,-0.10907017439603806,0.1937742978334427,-0.0909244567155838,0.19450333714485168,-0.10149526596069336,0.19702452421188354,-0.11155909299850464,0.20400725305080414,-0.08458877354860306,0.21069057285785675,-0.09982311725616455
Weather,77,384,-0.09350552409887314,-0.09979448467493057,-0.1033242791891098,0.19379957020282745,-0.10504908114671707,0.19453202188014984,-0.09703897684812546,0.1970423310995102,-0.10033238679170609,0.2039628028869629,-0.09726442396640778,0.21066324412822723,-0.09945148974657059
Weather,77,385,-0.09350552409887314,-0.09764419496059418,-0.10700710117816925,0.1938243806362152,-0.10191015899181366,0.1945601999759674,-0.10062601417303085,0.19705986976623535,-0.09504188597202301,0.20391884446144104,-0.09741433709859848,0.21063672006130219,-0.09362159669399261
Weather,77,386,-0.09350552409887314,-0.09763488173484802,-0.10905736684799194,0.19384866952896118,-0.09836459159851074,0.19458787143230438,-0.10146617889404297,0.19707712531089783,-0.10498609393835068,0.2038753777742386,-0.09031035751104355,0.21061097085475922,-0.09363488852977753
Weather,77,387,-0.09350552409887314,-0.10193927586078644,-0.10204973071813583,0.19387245178222656,-0.10687088966369629,0.19461500644683838,-0.102488674223423,0.19709406793117523,-0.10696740448474884,0.20383240282535553,-0.09267136454582214,0.21058601140975952,-0.10115605592727661
Weather,77,388,-0.09350552409887314,-0.10335369408130646,-0.10860443115234375,0.19389578700065613,-0.10355626791715622,0.19464163482189178,-0.11113898456096649,0.19711072742938995,-0.10397181659936905,0.20378997921943665,-0.1006815955042839,0.21056191623210907,-0.09797801077365875
Weather,77,389,-0.09350552409887314,-0.09857998788356781,-0.10611340403556824,0.19391854107379913,-0.10161703824996948,0.1946677267551422,-0.09444199502468109,0.1971270740032196,-0.09955760836601257,0.20374807715415955,-0.09733124077320099,0.2105386108160019,-0.09990186989307404
Weather,77,390,-0.09350552409887314,-0.10117049515247345,-0.1060560867190361,0.19394077360630035,-0.11034557968378067,0.19469323754310608,-0.09994673728942871,0.19714312255382538,-0.100571408867836,0.20370671153068542,-0.09270327538251877,0.21051616966724396,-0.1026039645075798
Weather,77,391,-0.09350552409887314,-0.10087747126817703,-0.10328637808561325,0.19396249949932098,-0.09417904913425446,0.19471821188926697,-0.10825595259666443,0.1971588432788849,-0.09478817135095596,0.20366589725017548,-0.09557121247053146,0.21049457788467407,-0.1110619455575943
Weather,77,392,-0.09350552409887314,-0.09793461859226227,-0.10656057298183441,0.19398368895053864,-0.10285346210002899,0.1947426050901413,-0.0970102995634079,0.19717423617839813,-0.09879239648580551,0.2036256045103073,-0.09434397518634796,0.21047383546829224,-0.09692662954330444
Weather,77,393,-0.09350552409887314,-0.10325168818235397,-0.0969615951180458,0.19400432705879211,-0.10573054850101471,0.19476643204689026,-0.1074608862400055,0.19718928635120392,-0.0937371551990509,0.20358587801456451,-0.1073765978217125,0.21045397222042084,-0.10199570655822754
Weather,77,394,-0.09350552409887314,-0.09811195731163025,-0.0983302965760231,0.1940244436264038,-0.09130239486694336,0.19478969275951385,-0.11427859216928482,0.19720405340194702,-0.09925737977027893,0.20354677736759186,-0.09635929763317108,0.21043503284454346,-0.09004765748977661
Weather,77,395,-0.09350552409887314,-0.09881062805652618,-0.10240300744771957,0.19404397904872894,-0.10819803178310394,0.1948123574256897,-0.09808278828859329,0.19721846282482147,-0.10448157042264938,0.20350821316242218,-0.09148778766393661,0.2104169875383377,-0.09259472787380219
Weather,77,396,-0.09350552409887314,-0.09735271334648132,-0.1115405410528183,0.1940629631280899,-0.08994941413402557,0.19483442604541779,-0.1021546795964241,0.19723249971866608,-0.10175895690917969,0.20347024500370026,-0.09844280034303665,0.2103998363018036,-0.09454978257417679
Weather,77,397,-0.09350552409887314,-0.09550275653600693,-0.11014316976070404,0.1940813958644867,-0.10039535164833069,0.1948559284210205,-0.0957169458270073,0.1972462385892868,-0.09995466470718384,0.2034328728914261,-0.08926157653331757,0.21038362383842468,-0.09265195578336716
Weather,77,398,-0.09350552409887314,-0.10071143507957458,-0.10251163691282272,0.19409924745559692,-0.10993996262550354,0.1948767900466919,-0.10679338872432709,0.1972595751285553,-0.10064404457807541,0.20339608192443848,-0.09485641866922379,0.2103683352470398,-0.09228669852018356
Weather,77,399,-0.09350552409887314,-0.09489139914512634,-0.09621110558509827,0.1941165179014206,-0.09244481474161148,0.19489702582359314,-0.10030382126569748,0.19727253913879395,-0.09446760267019272,0.20335990190505981,-0.09383060783147812,0.21035398542881012,-0.09355736523866653
Weather,77,400,-0.09350552409887314,-0.09555814415216446,-0.103936105966568,0.1941332221031189,-0.09901672601699829,0.19491668045520782,-0.09541267901659012,0.19728517532348633,-0.0929524227976799,0.2033243626356125,-0.09521155059337616,0.21034058928489685,-0.09527987241744995
Weather,77,401,-0.09350552409887314,-0.08886008709669113,-0.0956367775797844,0.19414934515953064,-0.09175813943147659,0.19493567943572998,-0.08016697317361832,0.19729742407798767,-0.08975094556808472,0.20328941941261292,-0.08921298384666443,0.2103281319141388,-0.09306512773036957
Weather,77,402,-0.09350552409887314,-0.0956716537475586,-0.09190620481967926,0.19416488707065582,-0.10137677937746048,0.19495408236980438,-0.09169454872608185,0.19730930030345917,-0.0883985087275505,0.20325510203838348,-0.09480619430541992,0.21031665802001953,-0.10175100713968277
Weather,77,403,-0.09350552409887314,-0.09286221861839294,-0.09385313093662262,0.19417983293533325,-0.09927075356245041,0.19497182965278625,-0.0887877494096756,0.19732078909873962,-0.09124375879764557,0.2032214105129242,-0.09010960161685944,0.21030616760253906,-0.09490088373422623
Weather,77,404,-0.09350552409887314,-0.09432414174079895,-0.09513087570667267,0.19419418275356293,-0.08733850717544556,0.1949889361858368,-0.10139698535203934,0.19733190536499023,-0.09415965527296066,0.20318835973739624,-0.09152598679065704,0.210296630859375,-0.09707478433847427
Weather,77,405,-0.09350552409887314,-0.09770650416612625,-0.10600540041923523,0.19420793652534485,-0.09646578133106232,0.195005401968956,-0.10432133823633194,0.19734260439872742,-0.0974518209695816,0.20315596461296082,-0.09712842106819153,0.21028809249401093,-0.09351573884487152
Weather,77,406,-0.09350552409887314,-0.09063512086868286,-0.08773789554834366,0.19422109425067902,-0.09024558961391449,0.19502121210098267,-0.09159320592880249,0.19735293090343475,-0.08525196462869644,0.20312418043613434,-0.097025565803051,0.21028053760528564,-0.08898560702800751
Weather,77,407,-0.09350552409887314,-0.08824458718299866,-0.10229774564504623,0.19423368573188782,-0.0902610644698143,0.1950363963842392,-0.08233564347028732,0.19736286997795105,-0.09309279918670654,0.20309308171272278,-0.0822816714644432,0.21027402579784393,-0.09307145327329636
Weather,77,408,-0.09350552409887314,-0.09181240200996399,-0.09569462388753891,0.19424563646316528,-0.096684530377388,0.1950509250164032,-0.0844455286860466,0.19737237691879272,-0.09126797318458557,0.20306260883808136,-0.0934157520532608,0.21026849746704102,-0.09310788661241531
Weather,77,409,-0.09350552409887314,-0.09312931448221207,-0.09214870631694794,0.1942569762468338,-0.09349742531776428,0.1950647532939911,-0.09203486144542694,0.19738148152828217,-0.08770939707756042,0.20303280651569366,-0.08859255164861679,0.21026396751403809,-0.10327314585447311
Weather,77,410,-0.09350552409887314,-0.09337566047906876,-0.09921254962682724,0.19426771998405457,-0.08524730056524277,0.19507794082164764,-0.09513483941555023,0.19739016890525818,-0.0999012440443039,0.2030036747455597,-0.0954044833779335,0.21026046574115753,-0.09116867184638977
Weather,77,411,-0.09350552409887314,-0.09415526688098907,-0.09520882368087769,0.19427785277366638,-0.09416284412145615,0.19509047269821167,-0.09653092175722122,0.19739848375320435,-0.09853463619947433,0.20297521352767944,-0.09001412987709045,0.21025800704956055,-0.09183017164468765
Weather,77,412,-0.09350552409887314,-0.09599357098340988,-0.09949856251478195,0.19428740441799164,-0.09863574057817459,0.19510231912136078,-0.09192308783531189,0.1974063515663147,-0.10426794737577438,0.20294742286205292,-0.08892802894115448,0.21025656163692474,-0.09638041257858276
Weather,77,413,-0.09350552409887314,-0.09189413487911224,-0.09246763586997986,0.19429628551006317,-0.09847225248813629,0.19511350989341736,-0.08989804983139038,0.19741377234458923,-0.08962632715702057,0.20292028784751892,-0.07886995375156403,0.21025614440441132,-0.10236672312021255
Weather,77,414,-0.09350552409887314,-0.09318920224905014,-0.09574314951896667,0.19430457055568695,-0.08246173709630966,0.19512401521205902,-0.09005074948072433,0.19742077589035034,-0.09485161304473877,0.20289383828639984,-0.0954890251159668,0.21025678515434265,-0.10223516076803207
Weather,77,415,-0.09350552409887314,-0.09163250029087067,-0.08444343507289886,0.19431227445602417,-0.09297642111778259,0.19513386487960815,-0.09384984523057938,0.19742737710475922,-0.08957487344741821,0.20286807417869568,-0.08816131949424744,0.21025846898555756,-0.0936138927936554
Weather,77,416,-0.09350552409887314,-0.09413790702819824,-0.0967089980840683,0.19431932270526886,-0.10046626627445221,0.19514301419258118,-0.09027376025915146,0.19743351638317108,-0.08899636566638947,0.20284296572208405,-0.08938715606927872,0.21026116609573364,-0.10128669440746307
Weather,77,417,-0.09350552409887314,-0.09505843371152878,-0.08570080995559692,0.194325789809227,-0.09014160186052322,0.19515150785446167,-0.09584736824035645,0.1974392533302307,-0.0913398489356041,0.2028185874223709,-0.09289321303367615,0.21026496589183807,-0.10445060580968857
Weather,77,418,-0.09350552409887314,-0.09181820601224899,-0.08352028578519821,0.1943316012620926,-0.0938669815659523,0.19515928626060486,-0.08397066593170166,0.19744449853897095,-0.08249959349632263,0.2027948498725891,-0.09502246230840683,0.2102697491645813,-0.10286818444728851
Weather,77,419,-0.09350552409887314,-0.09382160007953644,-0.08957255631685257,0.19433680176734924,-0.09712760150432587,0.19516637921333313,-0.0841040089726448,0.19744932651519775,-0.08679117262363434,0.2027718424797058,-0.09260548651218414,0.21027562022209167,-0.10755984485149384
Weather,77,420,-0.09350552409887314,-0.09617553651332855,-0.09659332036972046,0.19434140622615814,-0.0980357751250267,0.19517280161380768,-0.0911138728260994,0.19745370745658875,-0.09552250802516937,0.20274947583675385,-0.08986586332321167,0.21028254926204681,-0.10585110634565353
Weather,77,421,-0.09350552409887314,-0.09117340296506882,-0.09131449460983276,0.1943453997373581,-0.07425403594970703,0.1951785534620285,-0.08948767930269241,0.19745762646198273,-0.08866316825151443,0.20272786915302277,-0.09972377866506577,0.2102905511856079,-0.10248862206935883
Weather,77,422,-0.09350552409887314,-0.09338399767875671,-0.09769358485937119,0.1943487673997879,-0.09700749814510345,0.1951836198568344,-0.09614662826061249,0.19746112823486328,-0.08166796714067459,0.20270690321922302,-0.0973622053861618,0.21029959619045258,-0.09463749825954437
Weather,77,423,-0.09350552409887314,-0.0990799218416214,-0.10695496201515198,0.19435149431228638,-0.08888810127973557,0.1951879858970642,-0.10768402367830276,0.19746412336826324,-0.103863924741745,0.2026866376399994,-0.09417900443077087,0.210309699177742,-0.10074441879987717
Weather,77,424,-0.09350552409887314,-0.09186848253011703,-0.09928179532289505,0.1943536251783371,-0.08911527693271637,0.19519168138504028,-0.07549624890089035,0.19746671617031097,-0.10010819882154465,0.20266710221767426,-0.09538446366786957,0.21032090485095978,-0.09848301112651825
Weather,77,425,-0.09350552409887314,-0.0964449793100357,-0.10102564841508865,0.19435514509677887,-0.10191929340362549,0.19519466161727905,-0.08802521228790283,0.1974688172340393,-0.10043896734714508,0.20264823734760284,-0.09917237609624863,0.21033313870429993,-0.0928228422999382
Weather,77,426,-0.09350552409887314,-0.09732703864574432,-0.09510161727666855,0.1943560391664505,-0.09747546911239624,0.1951969861984253,-0.10355519503355026,0.19747047126293182,-0.09086299687623978,0.20263008773326874,-0.09266232699155807,0.21034644544124603,-0.10197224467992783
Weather,77,427,-0.09350552409887314,-0.09856041520833969,-0.1051778569817543,0.19435633718967438,-0.09868861734867096,0.19519861042499542,-0.09794329106807709,0.19747164845466614,-0.1067967414855957,0.20261260867118835,-0.09383921325206757,0.2103608399629593,-0.09583023935556412
Weather,77,428,-0.09350552409887314,-0.09481379389762878,-0.09191259741783142,0.19435599446296692,-0.09659850597381592,0.19519953429698944,-0.0917559340596199,0.19747236371040344,-0.08851774036884308,0.20259584486484528,-0.09806689620018005,0.21037626266479492,-0.09877932071685791
Weather,77,429,-0.09350552409887314,-0.0996556356549263,-0.09946826100349426,0.1943550556898117,-0.09821134805679321,0.19519978761672974,-0.09164143353700638,0.19747260212898254,-0.09875467419624329,0.20257976651191711,-0.10639446973800659,0.2103927731513977,-0.10278235375881195
Weather,77,430,-0.09350552409887314,-0.0983690693974495,-0.10180743038654327,0.19435350596904755,-0.0927540510892868,0.19519935548305511,-0.09690940380096436,0.19747237861156464,-0.09807735681533813,0.20256440341472626,-0.10628560185432434,0.21041035652160645,-0.09756217896938324
Weather,77,431,-0.09350552409887314,-0.09949071705341339,-0.094313845038414,0.19435136020183563,-0.0942782461643219,0.19519823789596558,-0.10449531674385071,0.19747167825698853,-0.09962552040815353,0.2025497406721115,-0.09934176504611969,0.21042899787425995,-0.09967941045761108
Weather,77,432,-0.09350552409887314,-0.09663007408380508,-0.10845652967691422,0.19434858858585358,-0.09671585261821747,0.19519641995429993,-0.08305230736732483,0.1974705010652542,-0.1035291999578476,0.2025357484817505,-0.10021504759788513,0.21044869720935822,-0.09922074526548386
Weather,77,433,-0.09350552409887314,-0.09779104590415955,-0.10365064442157745,0.19434523582458496,-0.09908518195152283,0.19519394636154175,-0.09859184920787811,0.19746887683868408,-0.0969371646642685,0.20252250134944916,-0.09906031936407089,0.21046948432922363,-0.09543316066265106
Weather,77,434,-0.09350552409887314,-0.10391571372747421,-0.1143355667591095,0.1943412572145462,-0.10273061692714691,0.19519077241420746,-0.09835761785507202,0.19746673107147217,-0.10868094861507416,0.20250990986824036,-0.10766835510730743,0.21049129962921143,-0.1020832508802414
Weather,77,435,-0.09350552409887314,-0.10579460859298706,-0.11413601040840149,0.1943366825580597,-0.10380243510007858,0.19518691301345825,-0.1015215516090393,0.19746413826942444,-0.11583460867404938,0.20249804854393005,-0.10649450868368149,0.21051420271396637,-0.10150475800037384
Weather,77,436,-0.09350552409887314,-0.1027756929397583,-0.10055017471313477,0.19433152675628662,-0.12771064043045044,0.19518239796161652,-0.0968317836523056,0.19746103882789612,-0.08755709230899811,0.20248685777187347,-0.10206880420446396,0.21053817868232727,-0.10022373497486115
Weather,77,437,-0.09350552409887314,-0.09796900302171707,-0.10196185111999512,0.1943257451057434,-0.10205467790365219,0.19517721235752106,-0.09685708582401276,0.1974574774503708,-0.09852441400289536,0.2024763822555542,-0.10058428347110748,0.21056318283081055,-0.0921933650970459
Weather,77,438,-0.09350552409887314,-0.10390529036521912,-0.10967382043600082,0.19431939721107483,-0.11311115324497223,0.19517134130001068,-0.10429221391677856,0.19745343923568726,-0.1070840060710907,0.20246660709381104,-0.10075537860393524,0.21058927476406097,-0.0951000452041626
Weather,77,439,-0.09350552409887314,-0.1030220240354538,-0.10575202107429504,0.1943124234676361,-0.11211495846509933,0.195164754986763,-0.09768464416265488,0.19744887948036194,-0.10474570095539093,0.2024574875831604,-0.10420145094394684,0.21061637997627258,-0.09682916104793549
Weather,77,440,-0.09350552409887314,-0.1027301549911499,-0.10414507240056992,0.1943049132823944,-0.10304655879735947,0.19515757262706757,-0.09934164583683014,0.197443887591362,-0.10349394381046295,0.20244911313056946,-0.10531245172023773,0.21064460277557373,-0.10237989574670792
Weather,77,441,-0.09350552409887314,-0.10224953293800354,-0.11537879705429077,0.19429677724838257,-0.11949695646762848,0.19514966011047363,-0.09623844176530838,0.19743837416172028,-0.11045808345079422,0.20244137942790985,-0.0912468209862709,0.21067382395267487,-0.09479091316461563
Weather,77,442,-0.09350552409887314,-0.10096763074398041,-0.10994432866573334,0.19428807497024536,-0.10924611240625381,0.19514112174510956,-0.10035238415002823,0.19743238389492035,-0.104988232254982,0.20243436098098755,-0.09943895041942596,0.21070411801338196,-0.09160525351762772
Weather,77,443,-0.09350552409887314,-0.1065613180398941,-0.11724318563938141,0.1942787766456604,-0.11474347114562988,0.19513189792633057,-0.10729110985994339,0.19742587208747864,-0.1230531558394432,0.20242802798748016,-0.09207785874605179,0.21073544025421143,-0.09680458903312683
Weather,77,444,-0.09350552409887314,-0.10371773689985275,-0.10483495146036148,0.19426891207695007,-0.10687310993671417,0.19512200355529785,-0.1068161129951477,0.19741889834403992,-0.1070236787199974,0.2024223655462265,-0.10332825779914856,0.21076782047748566,-0.0952184796333313
Weather,77,445,-0.09350552409887314,-0.10292257368564606,-0.10856278240680695,0.19425846636295319,-0.10308601707220078,0.1951114535331726,-0.1014331579208374,0.1974114626646042,-0.11279244720935822,0.20241740345954895,-0.09788689017295837,0.21080122888088226,-0.09974296391010284
Weather,77,446,-0.09350552409887314,-0.10947363078594208,-0.10547570884227753,0.19424745440483093,-0.11358623206615448,0.19510027766227722,-0.11482096463441849,0.19740350544452667,-0.10086703300476074,0.20241312682628632,-0.10555236041545868,0.21083568036556244,-0.1125592589378357
Weather,77,447,-0.09350552409887314,-0.10222683846950531,-0.11019247770309448,0.19423586130142212,-0.10914476215839386,0.1950884312391281,-0.10723291337490082,0.19739507138729095,-0.10311344265937805,0.2024095207452774,-0.09767518937587738,0.21087118983268738,-0.09476233273744583
Weather,77,448,-0.09350552409887314,-0.10245544463396072,-0.10623124241828918,0.19422371685504913,-0.1083790510892868,0.19507591426372528,-0.10263091325759888,0.19738611578941345,-0.10740877687931061,0.20240658521652222,-0.10042931139469147,0.2109076976776123,-0.09414683282375336
Weather,77,449,-0.09350552409887314,-0.10339513421058655,-0.10032930225133896,0.1942109912633896,-0.10526777058839798,0.19506274163722992,-0.11930438876152039,0.19737669825553894,-0.10430309921503067,0.20240433514118195,-0.0970635637640953,0.2109452486038208,-0.09218530356884003
Weather,77,450,-0.09350552409887314,-0.10124851763248444,-0.11213690042495728,0.19419768452644348,-0.10149224102497101,0.19504894316196442,-0.1002240777015686,0.19736677408218384,-0.10867112874984741,0.2024027556180954,-0.0968765914440155,0.21098379790782928,-0.09922179579734802
Weather,77,451,-0.09350552409887314,-0.10363589227199554,-0.11416696757078171,0.19418387115001678,-0.11131715774536133,0.19503450393676758,-0.10278470814228058,0.19735637307167053,-0.10897693037986755,0.20240187644958496,-0.09775964915752411,0.21102342009544373,-0.097995325922966
Weather,77,452,-0.09350552409887314,-0.1005605161190033,-0.11023551225662231,0.19416947662830353,-0.11420653015375137,0.1950194239616394,-0.0876464694738388,0.19734546542167664,-0.10585708916187286,0.20240162312984467,-0.10182610899209976,0.21106402575969696,-0.09377315640449524
Weather,77,453,-0.09350552409887314,-0.10083910077810287,-0.11162789165973663,0.1941545307636261,-0.10319259762763977,0.1950037032365799,-0.10630133748054504,0.19733408093452454,-0.10851948708295822,0.2024020403623581,-0.08669213205575943,0.21110564470291138,-0.10001332312822342
Weather,77,454,-0.09350552409887314,-0.10426399111747742,-0.11059214174747467,0.1941390335559845,-0.11316253244876862,0.19498734176158905,-0.10606124997138977,0.19732218980789185,-0.10724052786827087,0.20240315794944763,-0.09652011096477509,0.21114829182624817,-0.09906409680843353
Weather,77,455,-0.09350552409887314,-0.10141447931528091,-0.10877521336078644,0.19412299990653992,-0.10198256373405457,0.19497036933898926,-0.09970013797283173,0.19730979204177856,-0.09636639803647995,0.2024049013853073,-0.10325740277767181,0.21119192242622375,-0.10542499274015427
Weather,77,456,-0.09350552409887314,-0.10414595901966095,-0.1102215051651001,0.19410640001296997,-0.11700168997049332,0.19495277106761932,-0.10723687708377838,0.19729691743850708,-0.10336931049823761,0.2024073451757431,-0.09634558856487274,0.21123656630516052,-0.09767982363700867
Weather,77,457,-0.09350552409887314,-0.10309264808893204,-0.10611771047115326,0.19408929347991943,-0.11449238657951355,0.19493450224399567,-0.11050987988710403,0.1972835510969162,-0.0999256893992424,0.20241039991378784,-0.09523413330316544,0.21128219366073608,-0.09626288712024689
Weather,77,458,-0.09350552409887314,-0.09997142106294632,-0.10448970645666122,0.19407165050506592,-0.10786169022321701,0.19491566717624664,-0.09580905735492706,0.19726970791816711,-0.09998677670955658,0.2024141550064087,-0.09705296158790588,0.21132886409759521,-0.09934557974338531
Weather,77,459,-0.09350552409887314,-0.0976676270365715,-0.10949413478374481,0.19405345618724823,-0.09723696857690811,0.19489619135856628,-0.10694997012615204,0.19725535809993744,-0.09212051331996918,0.20241853594779968,-0.09981004893779755,0.21137647330760956,-0.09262926876544952
Weather,77,460,-0.09350552409887314,-0.09755738079547882,-0.11639782786369324,0.19403472542762756,-0.1039547547698021,0.19487608969211578,-0.09246759861707687,0.19724050164222717,-0.10651727020740509,0.2024235725402832,-0.09141911566257477,0.2114250808954239,-0.09389573335647583
Weather,77,461,-0.09350552409887314,-0.10118423402309418,-0.11602193117141724,0.1940154731273651,-0.10183407366275787,0.19485540688037872,-0.1030326634645462,0.1972251832485199,-0.10510709881782532,0.20242926478385925,-0.09821920096874237,0.2114746868610382,-0.09806454181671143
Weather,77,462,-0.09350552409887314,-0.09939642995595932,-0.11234277486801147,0.19399568438529968,-0.10678950697183609,0.19483408331871033,-0.09686923772096634,0.19720934331417084,-0.09736298024654388,0.20243558287620544,-0.09899239242076874,0.21152526140213013,-0.09722631424665451
Weather,77,463,-0.09350552409887314,-0.09633684158325195,-0.12232919037342072,0.19397540390491486,-0.10344266146421432,0.19481216371059418,-0.08283324539661407,0.19719304144382477,-0.1016126498579979,0.20244257152080536,-0.09444044530391693,0.21157681941986084,-0.09915316104888916
Weather,77,464,-0.09350552409887314,-0.098723866045475,-0.1124870628118515,0.19395458698272705,-0.09553787857294083,0.19478966295719147,-0.08996086567640305,0.1971762478351593,-0.11167192459106445,0.20245017111301422,-0.09749401360750198,0.21162934601306915,-0.098822221159935
Weather,77,465,-0.09350552409887314,-0.09527664631605148,-0.1179421991109848,0.19393326342105865,-0.09138938039541245,0.1947665512561798,-0.09614028036594391,0.19715894758701324,-0.10878415405750275,0.2024584263563156,-0.08856850862503052,0.21168284118175507,-0.09187842160463333
Weather,77,466,-0.09350552409887314,-0.0976371318101883,-0.10089148581027985,0.19391141831874847,-0.10615257918834686,0.1947428286075592,-0.09616341441869736,0.1971411556005478,-0.09407368302345276,0.20246732234954834,-0.09559492766857147,0.21173729002475739,-0.09646464139223099
Weather,77,467,-0.09350552409887314,-0.10048811882734299,-0.1115783229470253,0.1938890516757965,-0.11870746314525604,0.19471852481365204,-0.08961820602416992,0.19712288677692413,-0.10266859829425812,0.2024768441915512,-0.0890030711889267,0.2117926925420761,-0.10275295376777649
Weather,77,468,-0.09350552409887314,-0.09730219095945358,-0.1066693663597107,0.19386620819568634,-0.10440433770418167,0.1946936398744583,-0.10161934792995453,0.19710414111614227,-0.09979871660470963,0.20248699188232422,-0.08992567658424377,0.21184906363487244,-0.09156310558319092
Weather,77,469,-0.09350552409887314,-0.102818563580513,-0.11502915620803833,0.1938428282737732,-0.11034351587295532,0.19466815888881683,-0.08745525777339935,0.19708487391471863,-0.10780937969684601,0.20249778032302856,-0.10149919986724854,0.21190637350082397,-0.10666763782501221
Weather,77,470,-0.09350552409887314,-0.1013144925236702,-0.11569765210151672,0.19381895661354065,-0.11025212705135345,0.19464211165905,-0.10214472562074661,0.19706517457962036,-0.09461834281682968,0.20250917971134186,-0.10328885912895203,0.2119646519422531,-0.09671875834465027
Weather,77,471,-0.09350552409887314,-0.09525473415851593,-0.10797649621963501,0.1937945932149887,-0.09054437279701233,0.194615438580513,-0.08979633450508118,0.19704493880271912,-0.09745446592569351,0.2025211900472641,-0.09746617078781128,0.21202383935451508,-0.10041367262601852
Weather,77,472,-0.09350552409887314,-0.09674447774887085,-0.11495508998632431,0.19376970827579498,-0.09053574502468109,0.19458819925785065,-0.09745188057422638,0.19702419638633728,-0.105817511677742,0.20253384113311768,-0.10259539633989334,0.21208396553993225,-0.08775180578231812
Weather,77,473,-0.09350552409887314,-0.0963519737124443,-0.10097847878932953,0.19374436140060425,-0.09689731895923615,0.1945604383945465,-0.08440670371055603,0.1970030516386032,-0.09489108622074127,0.2025471031665802,-0.1074240431189537,0.21214506030082703,-0.09759451448917389
Weather,77,474,-0.09350552409887314,-0.09637361764907837,-0.10337312519550323,0.19371849298477173,-0.09164134413003922,0.19453206658363342,-0.09532959759235382,0.19698140025138855,-0.09395628422498703,0.20256100594997406,-0.09849375486373901,0.21220707893371582,-0.10187078267335892
Weather,77,475,-0.09350552409887314,-0.09997893124818802,-0.10693805664777756,0.1936921328306198,-0.10632886737585068,0.19450314342975616,-0.09755432605743408,0.1969592422246933,-0.10373541712760925,0.2025754749774933,-0.09965676069259644,0.21226999163627625,-0.09322833269834518
Weather,77,476,-0.09350552409887314,-0.09970568120479584,-0.11510945856571198,0.1936652958393097,-0.09828627854585648,0.19447363913059235,-0.0992586612701416,0.19693663716316223,-0.10752598941326141,0.20259059965610504,-0.09597988426685333,0.21233387291431427,-0.09771129488945007
Weather,77,477,-0.09350552409887314,-0.10348094254732132,-0.11074386537075043,0.19363796710968018,-0.10503971576690674,0.19444356858730316,-0.09963943809270859,0.19691351056098938,-0.10431724786758423,0.20260630548000336,-0.10899875313043594,0.21239864826202393,-0.09953784942626953
Weather,77,478,-0.09350552409887314,-0.09481264650821686,-0.10994021594524384,0.19361016154289246,-0.0902995839715004,0.1944129467010498,-0.09360967576503754,0.1968899369239807,-0.10418662428855896,0.20262263715267181,-0.09687845408916473,0.2124643325805664,-0.0893690288066864
Weather,77,479,-0.09350552409887314,-0.09821852296590805,-0.11042195558547974,0.19358186423778534,-0.08794202655553818,0.19438178837299347,-0.11338374763727188,0.19686585664749146,-0.10423782467842102,0.20263954997062683,-0.09745629131793976,0.2125309407711029,-0.0888596922159195
Weather,77,480,-0.09350552409887314,-0.09617115557193756,-0.10414516925811768,0.19355309009552002,-0.09208227694034576,0.19435004889965057,-0.09367408603429794,0.19684134423732758,-0.09382890164852142,0.202657088637352,-0.10280347615480423,0.21259845793247223,-0.09802291542291641
Weather,77,481,-0.09350552409887314,-0.09725777804851532,-0.09990043938159943,0.1935238093137741,-0.09118415415287018,0.1943177580833435,-0.1035051941871643,0.1968163251876831,-0.0973750501871109,0.2026752084493637,-0.0992673933506012,0.21266686916351318,-0.09505258500576019
Weather,77,482,-0.09350552409887314,-0.09590238332748413,-0.10006621479988098,0.1934940665960312,-0.09638422727584839,0.19428491592407227,-0.10225482285022736,0.19679082930088043,-0.08879563212394714,0.20269392430782318,-0.09772493690252304,0.21273617446422577,-0.09450019896030426
Weather,77,483,-0.09350552409887314,-0.10115228593349457,-0.10792946815490723,0.19346387684345245,-0.10442540794610977,0.19425155222415924,-0.09931935369968414,0.19676487147808075,-0.09708930552005768,0.2027132362127304,-0.10456746816635132,0.21280640363693237,-0.10035330057144165
Weather,77,484,-0.09350552409887314,-0.10267586261034012,-0.1129692792892456,0.19343319535255432,-0.11949118971824646,0.19421765208244324,-0.09408774971961975,0.19673848152160645,-0.10358826071023941,0.20273318886756897,-0.09670417755842209,0.2128775417804718,-0.10007564723491669
Weather,77,485,-0.09350552409887314,-0.1015017032623291,-0.10848754644393921,0.19340205192565918,-0.11678360402584076,0.19418317079544067,-0.09890945255756378,0.19671157002449036,-0.10177253931760788,0.2027536779642105,-0.09942662715911865,0.21294954419136047,-0.09171191602945328
Weather,77,486,-0.09350552409887314,-0.0951860174536705,-0.10525301098823547,0.19337040185928345,-0.09000874310731888,0.19414816796779633,-0.10326303541660309,0.19668421149253845,-0.09885804355144501,0.202774778008461,-0.09267096221446991,0.21302244067192078,-0.09152797609567642
Weather,77,487,-0.09350552409887314,-0.10244034975767136,-0.10832267999649048,0.1933383047580719,-0.09880432486534119,0.194112628698349,-0.10316810011863708,0.19665639102458954,-0.11055158078670502,0.20279648900032043,-0.09479261934757233,0.2130962312221527,-0.10486895591020584
Weather,77,488,-0.09350552409887314,-0.1011645719408989,-0.10711558163166046,0.19330571591854095,-0.11024689674377441,0.1940765380859375,-0.09772596508264542,0.19662807881832123,-0.10122473537921906,0.20281875133514404,-0.10137896239757538,0.2131708711385727,-0.0957997739315033
Weather,77,489,-0.09350552409887314,-0.10058271884918213,-0.09975826740264893,0.193272665143013,-0.10518568754196167,0.1940399408340454,-0.11083434522151947,0.1965993493795395,-0.09651877731084824,0.2028416097164154,-0.09698856621980667,0.2132464349269867,-0.09424807131290436
Weather,77,490,-0.09350552409887314,-0.09619439393281937,-0.11313676089048386,0.19323915243148804,-0.08418112993240356,0.19400282204151154,-0.09394164383411407,0.19657012820243835,-0.11308006942272186,0.20286504924297333,-0.09584374725818634,0.21332284808158875,-0.09389922022819519
Weather,77,491,-0.09350552409887314,-0.10098113119602203,-0.10013355314731598,0.19320517778396606,-0.08759087324142456,0.1939651370048523,-0.10932451486587524,0.1965404599905014,-0.09493671357631683,0.2028890997171402,-0.1080249473452568,0.21340015530586243,-0.1043906956911087
Weather,77,492,-0.09350552409887314,-0.0987420454621315,-0.10056193917989731,0.1931707262992859,-0.09560010582208633,0.19392693042755127,-0.09991730004549026,0.19651031494140625,-0.10426552593708038,0.20291368663311005,-0.09913310408592224,0.21347831189632416,-0.09506131708621979
Weather,77,493,-0.09350552409887314,-0.10206875950098038,-0.11070063710212708,0.1931358128786087,-0.11210878193378448,0.19388821721076965,-0.0893823429942131,0.19647973775863647,-0.10615218430757523,0.20293888449668884,-0.10038092732429504,0.21355734765529633,-0.10235381126403809
Weather,77,494,-0.09350552409887314,-0.09760948270559311,-0.106247678399086,0.1931004375219345,-0.09467509388923645,0.19384898245334625,-0.10236069560050964,0.1964486837387085,-0.09871208667755127,0.202964648604393,-0.08883036673069,0.21363726258277893,-0.1032773032784462
Weather,77,495,-0.09350552409887314,-0.1010100468993187,-0.10619284212589264,0.1930645853281021,-0.10880306363105774,0.19380921125411987,-0.09578382968902588,0.1964171826839447,-0.09913966059684753,0.20299097895622253,-0.0987842008471489,0.2137180119752884,-0.10254262387752533
Weather,77,496,-0.09350552409887314,-0.09826540946960449,-0.10740571469068527,0.1930282562971115,-0.09693343192338943,0.1937689185142517,-0.10451583564281464,0.1963852345943451,-0.09661762416362762,0.20301790535449982,-0.0971515029668808,0.2137996256351471,-0.09637446701526642
Weather,77,497,-0.09350552409887314,-0.09814053773880005,-0.1037692278623581,0.1929914802312851,-0.10539105534553528,0.19372811913490295,-0.09705367684364319,0.19635286927223206,-0.09317397326231003,0.20304539799690247,-0.09984850138425827,0.21388213336467743,-0.0955207571387291
Weather,77,498,-0.09350552409887314,-0.09919991344213486,-0.10462947189807892,0.19295424222946167,-0.10248157382011414,0.19368678331375122,-0.10184919834136963,0.19631999731063843,-0.09572882950305939,0.20307345688343048,-0.09459709376096725,0.21396547555923462,-0.10139566659927368
Weather,77,499,-0.09350552409887314,-0.09873694181442261,-0.09840630739927292,0.19291652739048004,-0.08638116717338562,0.1936449408531189,-0.10235005617141724,0.19628670811653137,-0.09341035783290863,0.20310208201408386,-0.10038593411445618,0.21404966711997986,-0.10992403328418732
Weather,77,500,-0.09350552409887314,-0.09957383573055267,-0.10101626068353653,0.1928783506155014,-0.10291913151741028,0.19360262155532837,-0.10003314912319183,0.1962529867887497,-0.10105153173208237,0.203131303191185,-0.09539390355348587,0.21413472294807434,-0.09875618666410446
Weather,77,501,-0.09350552409887314,-0.09642861783504486,-0.10394465923309326,0.19283971190452576,-0.09436307847499847,0.19355975091457367,-0.0909997969865799,0.196218803524971,-0.09761226922273636,0.2031610906124115,-0.0962989404797554,0.21422062814235687,-0.10223204642534256
Weather,77,502,-0.09350552409887314,-0.09822198003530502,-0.11005115509033203,0.1928006261587143,-0.10549290478229523,0.19351637363433838,-0.08749111741781235,0.1961842030286789,-0.10368901491165161,0.20319142937660217,-0.09625024348497391,0.21430738270282745,-0.09823528677225113
Weather,77,503,-0.09350552409887314,-0.09824548661708832,-0.102719247341156,0.19276103377342224,-0.10607476532459259,0.1934724897146225,-0.0844399482011795,0.19614914059638977,-0.09365756809711456,0.2032223343849182,-0.10418467223644257,0.2143949717283249,-0.10223228484392166
Weather,77,504,-0.09350552409887314,-0.10085167735815048,-0.11152400076389313,0.19272099435329437,-0.10819220542907715,0.19342809915542603,-0.0963139533996582,0.19611366093158722,-0.09824556112289429,0.2032538205385208,-0.09625418484210968,0.21448342502117157,-0.10508792102336884
Weather,77,505,-0.09350552409887314,-0.09828095138072968,-0.09874746203422546,0.1926804780960083,-0.09959946572780609,0.19338320195674896,-0.09667248278856277,0.19607773423194885,-0.09551484882831573,0.20328585803508759,-0.1015041321516037,0.2145726978778839,-0.09802064299583435
Weather,77,506,-0.09350552409887314,-0.09513477236032486,-0.10322710871696472,0.1926395297050476,-0.09378495067358017,0.1933377981185913,-0.09090055525302887,0.19604139029979706,-0.0998898521065712,0.20331847667694092,-0.09217409044504166,0.2146628350019455,-0.09862131625413895
Weather,77,507,-0.09350552409887314,-0.09777455776929855,-0.10294509679079056,0.19259807467460632,-0.09581401199102402,0.19329187273979187,-0.10065774619579315,0.19600458443164825,-0.09604895859956741,0.20335164666175842,-0.09966050088405609,0.21475379168987274,-0.0967269167304039
Weather,77,508,-0.09350552409887314,-0.09827962517738342,-0.10546683520078659,0.19255617260932922,-0.09801236540079117,0.19324544072151184,-0.10034346580505371,0.1959673911333084,-0.10225003212690353,0.2033853828907013,-0.09550627321004868,0.21484561264514923,-0.09566668421030045
Weather,77,509,-0.09350552409887314,-0.09556704759597778,-0.09761014580726624,0.19251377880573273,-0.1035228967666626,0.1931985318660736,-0.09150368720293045,0.19592975080013275,-0.08997276425361633,0.20341968536376953,-0.0898066833615303,0.2149382382631302,-0.10264480113983154
Weather,77,510,-0.09350552409887314,-0.0943489521741867,-0.09544046223163605,0.1924709528684616,-0.09277860820293427,0.1931511014699936,-0.09777550399303436,0.19589170813560486,-0.0906088724732399,0.20345455408096313,-0.09679257869720459,0.2150317281484604,-0.09377176314592361
Weather,77,511,-0.09350552409887314,-0.09584079682826996,-0.09797041863203049,0.1924276202917099,-0.09698093682527542,0.19310317933559418,-0.098072350025177,0.19585323333740234,-0.09419962018728256,0.2034899741411209,-0.10295068472623825,0.21512602269649506,-0.0875866636633873
Weather,77,512,-0.09350552409887314,-0.10141788423061371,-0.10059821605682373,0.1923838108778,-0.09453365206718445,0.19305475056171417,-0.10420723259449005,0.195814311504364,-0.10019929707050323,0.20352594554424286,-0.10864800214767456,0.21522116661071777,-0.09934104979038239
Weather,77,513,-0.09350552409887314,-0.09439770132303238,-0.101592518389225,0.19233955442905426,-0.09007993340492249,0.19300581514835358,-0.08921484649181366,0.19577501714229584,-0.09405598044395447,0.20356249809265137,-0.09683291614055634,0.21531713008880615,-0.10090893507003784
Weather,77,514,-0.09350552409887314,-0.09488809108734131,-0.09433979541063309,0.19229482114315033,-0.08609013259410858,0.19295638799667358,-0.09121528267860413,0.19573530554771423,-0.08953602612018585,0.20359960198402405,-0.10688956081867218,0.2154139280319214,-0.09955161809921265
Weather,77,515,-0.09350552409887314,-0.09904494136571884,-0.10252678394317627,0.1922496110200882,-0.09879700094461441,0.192906454205513,-0.09941640496253967,0.195695161819458,-0.09100742638111115,0.2036372572183609,-0.10261883586645126,0.21551156044006348,-0.10285510867834091
Weather,77,516,-0.09350552409887314,-0.09485360234975815,-0.10067623853683472,0.19220392405986786,-0.09188476949930191,0.19285602867603302,-0.0966549888253212,0.19565463066101074,-0.10068084299564362,0.20367547869682312,-0.09213978052139282,0.21561002731323242,-0.09316454827785492
Weather,77,517,-0.09350552409887314,-0.10023073107004166,-0.09739384055137634,0.19215776026248932,-0.1039823368191719,0.19280511140823364,-0.09938683360815048,0.19561368227005005,-0.09961669147014618,0.2037142515182495,-0.09687952697277069,0.21570928394794464,-0.10136468708515167
Weather,77,518,-0.09350552409887314,-0.09530907869338989,-0.09614992141723633,0.192111074924469,-0.0934893861413002,0.19275367259979248,-0.1034739539027214,0.19557231664657593,-0.09016722440719604,0.20375356078147888,-0.09669850766658783,0.21580937504768372,-0.09298422932624817
Weather,77,519,-0.09350552409887314,-0.09919436275959015,-0.10602223873138428,0.19206394255161285,-0.10443685203790665,0.19270174205303192,-0.10488543659448624,0.19553056359291077,-0.09935324639081955,0.20379343628883362,-0.09688202291727066,0.21591027081012726,-0.0914902463555336
Weather,77,520,-0.09350552409887314,-0.09837088733911514,-0.0982760339975357,0.1920163631439209,-0.10137312859296799,0.19264931976795197,-0.09450218826532364,0.19548842310905457,-0.09530739486217499,0.20383389294147491,-0.09130982309579849,0.21601203083992004,-0.108587846159935
Weather,77,521,-0.09350552409887314,-0.09468602389097214,-0.09286608546972275,0.19196824729442596,-0.1011941209435463,0.19259639084339142,-0.09325101971626282,0.19544588029384613,-0.08501826226711273,0.203874871134758,-0.09113488346338272,0.2161145657300949,-0.10227710753679276
Weather,77,522,-0.09350552409887314,-0.10062029212713242,-0.104896679520607,0.19191966950893402,-0.09030314534902573,0.19254299998283386,-0.1034160628914833,0.19540296494960785,-0.10716342180967331,0.20391643047332764,-0.09870219975709915,0.21621794998645782,-0.10318410396575928
Weather,77,523,-0.09350552409887314,-0.09918338805437088,-0.10295233130455017,0.19187059998512268,-0.1025155633687973,0.19248908758163452,-0.09363441914319992,0.19535963237285614,-0.10051463544368744,0.20395854115486145,-0.10255113244056702,0.2163221389055252,-0.0967879667878151
Weather,77,524,-0.09350552409887314,-0.10166177898645401,-0.10102353245019913,0.19182106852531433,-0.10253438353538513,0.19243468344211578,-0.10958103835582733,0.19531592726707458,-0.09520386159420013,0.20400117337703705,-0.09935053437948227,0.21642711758613586,-0.10185356438159943
Weather,77,525,-0.09350552409887314,-0.09989694505929947,-0.10935667157173157,0.1917710304260254,-0.0958070158958435,0.19237978756427765,-0.10391504317522049,0.19527184963226318,-0.10447557270526886,0.2040443867444992,-0.09812057018280029,0.21653293073177338,-0.09749415516853333
Weather,77,526,-0.09350552409887314,-0.09489627182483673,-0.10711981356143951,0.19172051548957825,-0.09042199701070786,0.19232439994812012,-0.0924076959490776,0.19522735476493835,-0.09716475009918213,0.20408815145492554,-0.09473530948162079,0.21663956344127655,-0.09917250275611877
Weather,77,527,-0.09350552409887314,-0.09934980422258377,-0.10969355702400208,0.1916695088148117,-0.09776966273784637,0.1922685205936432,-0.09496918320655823,0.19518253207206726,-0.10478340089321136,0.20413245260715485,-0.09729379415512085,0.216746985912323,-0.10167638957500458
Weather,77,528,-0.09350552409887314,-0.09854070842266083,-0.1034962609410286,0.19161801040172577,-0.09536166489124298,0.19221214950084686,-0.09324135631322861,0.19513730704784393,-0.10461410880088806,0.20417730510234833,-0.10492817312479019,0.2168552279472351,-0.09456773847341537
Weather,77,529,-0.09350552409887314,-0.09566228836774826,-0.10027064383029938,0.19156600534915924,-0.08815450221300125,0.19215530157089233,-0.10464253276586533,0.19509172439575195,-0.09336481243371964,0.20422270894050598,-0.0953187569975853,0.2169642597436905,-0.09672702848911285
Weather,77,530,-0.09350552409887314,-0.09884926676750183,-0.11127158999443054,0.19151350855827332,-0.09589783847332001,0.19209791719913483,-0.09426623582839966,0.19504575431346893,-0.09674672782421112,0.2042686492204666,-0.10553489625453949,0.21707409620285034,-0.10110682249069214
Weather,77,531,-0.09350552409887314,-0.0944015309214592,-0.1184627041220665,0.1914605349302292,-0.10435066372156143,0.1920401006937027,-0.07996292412281036,0.19499944150447845,-0.10568007826805115,0.2043151557445526,-0.09162367135286331,0.21718475222587585,-0.09088459610939026
Weather,77,532,-0.09350552409887314,-0.09922772645950317,-0.11074956506490707,0.19140708446502686,-0.0886416882276535,0.19198177754878998,-0.1038442924618721,0.19495275616645813,-0.10742859542369843,0.20436221361160278,-0.09493190050125122,0.21729618310928345,-0.10115627944469452
Weather,77,533,-0.09350552409887314,-0.10068519413471222,-0.11730124056339264,0.19135309755802155,-0.09559742361307144,0.19192293286323547,-0.09984919428825378,0.19490572810173035,-0.10804814100265503,0.20440977811813354,-0.09816572815179825,0.2174084186553955,-0.10166919976472855
Weather,77,534,-0.09350552409887314,-0.0985012799501419,-0.10769554227590561,0.19129860401153564,-0.08874668180942535,0.19186364114284515,-0.10713674128055573,0.1948583424091339,-0.09804335981607437,0.20445790886878967,-0.10073558986186981,0.21752142906188965,-0.09777317941188812
Weather,77,535,-0.09350552409887314,-0.09654439240694046,-0.10576238483190536,0.19124366343021393,-0.09880217164754868,0.19180385768413544,-0.09966354072093964,0.19481061398983002,-0.09236378222703934,0.20450660586357117,-0.10078567266464233,0.21763527393341064,-0.09156820178031921
Weather,77,536,-0.09350552409887314,-0.09657049179077148,-0.1001027300953865,0.19118821620941162,-0.09062279015779495,0.19174358248710632,-0.094467394053936,0.19476254284381866,-0.0940636619925499,0.20455580949783325,-0.1014111191034317,0.21774989366531372,-0.10133948177099228
Weather,77,537,-0.09350552409887314,-0.09366443753242493,-0.104618139564991,0.19113224744796753,-0.09268045425415039,0.191682830452919,-0.08012896031141281,0.19471411406993866,-0.09553791582584381,0.20460554957389832,-0.09989793598651886,0.21786527335643768,-0.09890799969434738
Weather,77,538,-0.09350552409887314,-0.09400877356529236,-0.11143013834953308,0.19107575714588165,-0.08470786362886429,0.1916215717792511,-0.09166647493839264,0.19466532766819,-0.09765150398015976,0.20465582609176636,-0.09384366124868393,0.21798144280910492,-0.10112263262271881
Weather,77,539,-0.09350552409887314,-0.0939040333032608,-0.10235099494457245,0.19101881980895996,-0.07941297441720963,0.19155988097190857,-0.09560820460319519,0.19461625814437866,-0.09617293626070023,0.20470666885375977,-0.10665453970432281,0.21809841692447662,-0.09110680222511292
Weather,77,540,-0.09350552409887314,-0.09265385568141937,-0.10322114080190659,0.19096136093139648,-0.0867743045091629,0.19149766862392426,-0.09885425865650177,0.19456683099269867,-0.0889851450920105,0.20475803315639496,-0.10302215814590454,0.2182161659002304,-0.08590009808540344
Weather,77,541,-0.09350552409887314,-0.09533657878637314,-0.10511601716279984,0.19090338051319122,-0.08641139417886734,0.19143499433994293,-0.09954682737588882,0.1945170760154724,-0.1023411750793457,0.20480993390083313,-0.09926985949277878,0.21833465993404388,-0.08951877802610397
Weather,77,542,-0.09350552409887314,-0.09372551739215851,-0.1075582504272461,0.19084492325782776,-0.09983307123184204,0.1913718283176422,-0.08079446852207184,0.1944669932126999,-0.09891225397586823,0.2048623412847519,-0.09123975038528442,0.21845392882823944,-0.09743170440196991
Weather,77,543,-0.09350552409887314,-0.09069391340017319,-0.10064442455768585,0.1907859444618225,-0.08922067284584045,0.1913081854581833,-0.08246399462223053,0.1944165974855423,-0.08182859420776367,0.20491531491279602,-0.08969224989414215,0.21857398748397827,-0.10800772160291672
Weather,77,544,-0.09350552409887314,-0.08881471306085587,-0.09988628327846527,0.19072647392749786,-0.08614818751811981,0.19124409556388855,-0.08229921013116837,0.19436590373516083,-0.08785626292228699,0.20496878027915955,-0.09453660249710083,0.2186947911977768,-0.09232696890830994
Weather,77,545,-0.09350552409887314,-0.09431427717208862,-0.10079457610845566,0.19066649675369263,-0.09693647921085358,0.19117949903011322,-0.08510608226060867,0.1943148672580719,-0.0920848399400711,0.20502276718616486,-0.09542018920183182,0.218816339969635,-0.10101822018623352
Weather,77,546,-0.09350552409887314,-0.08976469188928604,-0.09915848076343536,0.190606027841568,-0.0874439924955368,0.19111447036266327,-0.08172227442264557,0.1942635476589203,-0.09417758882045746,0.20507730543613434,-0.0881505236029625,0.2189386636018753,-0.09640181064605713
Weather,77,547,-0.09350552409887314,-0.09059251844882965,-0.09793416410684586,0.19054503738880157,-0.08558331429958344,0.19104893505573273,-0.07908981293439865,0.1942119151353836,-0.08697240799665451,0.20513233542442322,-0.09853306412696838,0.2190617322921753,-0.1007552295923233
Weather,77,548,-0.09350552409887314,-0.08691848069429398,-0.10633030533790588,0.19048357009887695,-0.07493404299020767,0.19098296761512756,-0.07427864521741867,0.19416001439094543,-0.09534318745136261,0.20518791675567627,-0.09147290140390396,0.21918554604053497,-0.09662064909934998
Weather,77,549,-0.09350552409887314,-0.09446707367897034,-0.1069352924823761,0.19042158126831055,-0.09459853917360306,0.190916508436203,-0.08676692843437195,0.1941078007221222,-0.10202653706073761,0.20524398982524872,-0.0994618684053421,0.21931010484695435,-0.08969093859195709
Weather,77,550,-0.09350552409887314,-0.09259667992591858,-0.10735249519348145,0.19035911560058594,-0.09044580906629562,0.19084958732128143,-0.07921835035085678,0.19405530393123627,-0.10162698477506638,0.20530056953430176,-0.09966488182544708,0.21943539381027222,-0.09149934351444244
Weather,77,551,-0.09350552409887314,-0.08765766769647598,-0.1031389832496643,0.19029614329338074,-0.07354529947042465,0.19078223407268524,-0.08369173109531403,0.19400253891944885,-0.09369798749685287,0.20535768568515778,-0.0969468504190445,0.2195614129304886,-0.08930967003107071
Weather,77,552,-0.09350552409887314,-0.08613097667694092,-0.0860367864370346,0.19023267924785614,-0.07885073870420456,0.19071441888809204,-0.08350837975740433,0.19394946098327637,-0.08425945043563843,0.2054152935743332,-0.08480259776115417,0.21968816220760345,-0.0976061299443245
Weather,77,553,-0.09350552409887314,-0.09048884361982346,-0.10729261487722397,0.19016869366168976,-0.08875521272420883,0.19064612686634064,-0.08696895837783813,0.1938961297273636,-0.09648682922124863,0.205473393201828,-0.08617451786994934,0.21981561183929443,-0.09378355741500854
Weather,77,554,-0.09350552409887314,-0.08325150609016418,-0.09778091311454773,0.19010423123836517,-0.07661546766757965,0.1905774176120758,-0.08102405816316605,0.1938425451517105,-0.08098810911178589,0.2055319994688034,-0.07995104044675827,0.2199437916278839,-0.09599629044532776
Weather,77,555,-0.09350552409887314,-0.08716495335102081,-0.09313751757144928,0.1900392770767212,-0.09533330798149109,0.19050826132297516,-0.07496200501918793,0.19378869235515594,-0.08089906722307205,0.2055911272764206,-0.08914893865585327,0.2200727015733719,-0.09433905780315399
Weather,77,556,-0.09350552409887314,-0.08770306408405304,-0.09054239094257355,0.1899738311767578,-0.08910980820655823,0.19043861329555511,-0.08122123032808304,0.1937345713376999,-0.08607764542102814,0.2056507170200348,-0.08820948749780655,0.2202022671699524,-0.09305223822593689
Weather,77,557,-0.09350552409887314,-0.08590658754110336,-0.09499999135732651,0.18990787863731384,-0.08288910984992981,0.19036854803562164,-0.07655911892652512,0.19368021190166473,-0.08386591076850891,0.2057107836008072,-0.08631975948810577,0.220332533121109,-0.09799174219369888
Weather,77,558,-0.09350552409887314,-0.0862111821770668,-0.09854239970445633,0.18984146416187286,-0.08653327077627182,0.19029806554317474,-0.06871988624334335,0.19362559914588928,-0.09872506558895111,0.205771341919899,-0.08389462530612946,0.22046349942684174,-0.09220348298549652
Weather,77,559,-0.09350552409887314,-0.09201095253229141,-0.0995328351855278,0.1897745579481125,-0.09202621877193451,0.19022713601589203,-0.09076745063066483,0.19357076287269592,-0.0906597226858139,0.20583242177963257,-0.09183552861213684,0.22059518098831177,-0.09441949427127838
Weather,77,560,-0.09350552409887314,-0.08925372362136841,-0.09107641875743866,0.18970715999603271,-0.09149760752916336,0.19015580415725708,-0.08595862984657288,0.19351565837860107,-0.08341030031442642,0.20589391887187958,-0.08806892484426498,0.22072747349739075,-0.09639210999011993
Weather,77,561,-0.09350552409887314,-0.08947817236185074,-0.0961044579744339,0.18963927030563354,-0.08213572204113007,0.19008401036262512,-0.08297422528266907,0.1934603452682495,-0.09143652766942978,0.2059558928012848,-0.08815416693687439,0.22086043655872345,-0.1008995771408081
Weather,77,562,-0.09350552409887314,-0.08712556213140488,-0.09209562838077545,0.18957093358039856,-0.08465507626533508,0.19001181423664093,-0.08263859152793884,0.19340479373931885,-0.090354323387146,0.2060183584690094,-0.08900664746761322,0.22099407017230988,-0.08852339535951614
Weather,77,563,-0.09350552409887314,-0.09100689738988876,-0.09406627714633942,0.18950212001800537,-0.08045171201229095,0.1899392157793045,-0.08310001343488693,0.19334904849529266,-0.09619968384504318,0.2060813158750534,-0.094496950507164,0.22112838923931122,-0.09905111789703369
Weather,77,564,-0.09350552409887314,-0.08876553177833557,-0.09385872632265091,0.1894327998161316,-0.10076580196619034,0.18986615538597107,-0.0724560022354126,0.19329306483268738,-0.08165097236633301,0.20614467561244965,-0.0863262414932251,0.22126328945159912,-0.10097461938858032
Weather,77,565,-0.09350552409887314,-0.09420637786388397,-0.09871582686901093,0.1893630474805832,-0.09337933361530304,0.18979273736476898,-0.09019723534584045,0.19323688745498657,-0.09004203975200653,0.2062084972858429,-0.09645045548677444,0.22139883041381836,-0.09989508986473083
Weather,77,566,-0.09350552409887314,-0.09465961158275604,-0.10406715422868729,0.1892928183078766,-0.09042465686798096,0.18971888720989227,-0.0908828154206276,0.19318050146102905,-0.09849409013986588,0.20627278089523315,-0.09146972000598907,0.22153499722480774,-0.10113903880119324
Weather,77,567,-0.09350552409887314,-0.09089240431785583,-0.0813574269413948,0.18922212719917297,-0.08514681458473206,0.18964463472366333,-0.07978453487157822,0.193123921751976,-0.08703538030385971,0.20633748173713684,-0.09996692091226578,0.22167177498340607,-0.1002134457230568
Weather,77,568,-0.09350552409887314,-0.09279432892799377,-0.10116952657699585,0.18915098905563354,-0.09091201424598694,0.18957002460956573,-0.08638162165880203,0.19306716322898865,-0.09385544061660767,0.20640264451503754,-0.1003459170460701,0.22180916368961334,-0.09192946553230286
Weather,77,569,-0.09350552409887314,-0.090019091963768,-0.0901670902967453,0.1890794038772583,-0.09256505221128464,0.1894950270652771,-0.07792013883590698,0.19301022589206696,-0.0904877632856369,0.20646822452545166,-0.09552879631519318,0.22194714844226837,-0.092647023499012
Weather,77,570,-0.09350552409887314,-0.09392822533845901,-0.09591594338417053,0.18900737166404724,-0.09936077892780304,0.18941962718963623,-0.08930652588605881,0.19295309484004974,-0.08741898089647293,0.2065342217683792,-0.1007230207324028,0.22208571434020996,-0.09258311241865158
Weather,77,571,-0.09350552409887314,-0.09304222464561462,-0.09772370010614395,0.18893490731716156,-0.08475616574287415,0.1893438845872879,-0.08683031797409058,0.1928957998752594,-0.09205038845539093,0.2066006362438202,-0.09870889037847519,0.22222483158111572,-0.10097245126962662
Weather,77,572,-0.09350552409887314,-0.09250211715698242,-0.1076899841427803,0.18886199593544006,-0.09608417749404907,0.18926773965358734,-0.08754429221153259,0.19283834099769592,-0.09431047737598419,0.2066674530506134,-0.09199424833059311,0.22236450016498566,-0.09258341789245605
Weather,77,573,-0.09350552409887314,-0.09349989145994186,-0.10858850926160812,0.18878863751888275,-0.08894463628530502,0.18919125199317932,-0.09186270833015442,0.1927807331085205,-0.09168685972690582,0.20673468708992004,-0.09169824421405792,0.22250472009181976,-0.10200173407793045
Weather,77,574,-0.09350552409887314,-0.09508650749921799,-0.10611101984977722,0.188714861869812,-0.0927034318447113,0.18911440670490265,-0.08589836955070496,0.19272296130657196,-0.09558272361755371,0.20680229365825653,-0.09678131341934204,0.22264549136161804,-0.10290706902742386
Weather,77,575,-0.09350552409887314,-0.09538260102272034,-0.10230700671672821,0.18864066898822784,-0.09690049290657043,0.18903721868991852,-0.08888605237007141,0.19266505539417267,-0.09179666638374329,0.20687030255794525,-0.09677054733037949,0.2227867692708969,-0.10142204910516739
Weather,77,576,-0.09350552409887314,-0.09997439384460449,-0.10540907084941864,0.18856607377529144,-0.09194520860910416,0.18895965814590454,-0.09404261410236359,0.19260700047016144,-0.10322387516498566,0.206938698887825,-0.10148049145936966,0.22292855381965637,-0.10758832097053528
Weather,77,577,-0.09350552409887314,-0.09259927272796631,-0.09750598669052124,0.1884910762310028,-0.09700550884008408,0.1888817995786667,-0.0821416899561882,0.19254882633686066,-0.08956894278526306,0.20700745284557343,-0.09522919356822968,0.22307085990905762,-0.09790602326393127
Weather,77,578,-0.09350552409887314,-0.096156045794487,-0.10046253353357315,0.18841564655303955,-0.09216746687889099,0.18880359828472137,-0.09175655245780945,0.19249053299427032,-0.09689399600028992,0.20707659423351288,-0.10268143564462662,0.22321361303329468,-0.09655410051345825
Weather,77,579,-0.09350552409887314,-0.09315992891788483,-0.09388454258441925,0.18833984434604645,-0.09109707921743393,0.188725084066391,-0.09164190292358398,0.19243213534355164,-0.09019036591053009,0.2071460634469986,-0.09675715118646622,0.22335685789585114,-0.09540431201457977
Weather,77,580,-0.09350552409887314,-0.09741895645856857,-0.09294959157705307,0.1882636547088623,-0.09761101007461548,0.18864627182483673,-0.09029106050729752,0.1923736035823822,-0.09753484278917313,0.20721589028835297,-0.10318329185247421,0.2235005646944046,-0.0978294312953949
Weather,77,581,-0.09350552409887314,-0.10213257372379303,-0.10509908199310303,0.18818709254264832,-0.11292245239019394,0.1885671317577362,-0.09643450379371643,0.1923149675130844,-0.10434647649526596,0.2072860449552536,-0.10194434970617294,0.2236446887254715,-0.0961284264922142
Weather,77,582,-0.09350552409887314,-0.09800665080547333,-0.10571417212486267,0.18811015784740448,-0.09920193254947662,0.1884877234697342,-0.09294179081916809,0.19225627183914185,-0.1027679592370987,0.20735657215118408,-0.0994367003440857,0.2237892597913742,-0.09585239738225937
Weather,77,583,-0.09350552409887314,-0.10131773352622986,-0.12342807650566101,0.188032865524292,-0.10375092923641205,0.1884080171585083,-0.0899500921368599,0.19219745695590973,-0.10736773908138275,0.20742738246917725,-0.10786352306604385,0.22393423318862915,-0.09758298844099045
Weather,77,584,-0.09350552409887314,-0.1010163426399231,-0.11302268505096436,0.18795523047447205,-0.10135553032159805,0.18832804262638092,-0.08624578267335892,0.19213859736919403,-0.11110047996044159,0.20749856531620026,-0.1031581237912178,0.2240796536207199,-0.10251577198505402
Weather,77,585,-0.09350552409887314,-0.10079437494277954,-0.11526124179363251,0.18787722289562225,-0.1036653220653534,0.18824777007102966,-0.09125006198883057,0.19207963347434998,-0.10900507122278214,0.20756998658180237,-0.10068582743406296,0.22422538697719574,-0.0994686409831047
Weather,77,586,-0.09350552409887314,-0.09762109071016312,-0.10083579272031784,0.1877988874912262,-0.10738226771354675,0.1881672739982605,-0.09089212119579315,0.19202060997486115,-0.09373921900987625,0.20764172077178955,-0.09906873106956482,0.2243715077638626,-0.0970766544342041
Weather,77,587,-0.09350552409887314,-0.09437983483076096,-0.10502395778894424,0.18772023916244507,-0.09029991179704666,0.18808652460575104,-0.09050407260656357,0.19196152687072754,-0.0955963283777237,0.2077137529850006,-0.1032569631934166,0.22451798617839813,-0.09178511798381805
Weather,77,588,-0.09350552409887314,-0.09819070249795914,-0.11592350900173187,0.1876412332057953,-0.09725838899612427,0.1880055069923401,-0.09151313453912735,0.19190241396427155,-0.10642249882221222,0.20778606832027435,-0.10317911952733994,0.2246648073196411,-0.09291231632232666
Weather,77,589,-0.09350552409887314,-0.09943871200084686,-0.11245687305927277,0.18756192922592163,-0.1006811261177063,0.18792426586151123,-0.09263978898525238,0.19184322655200958,-0.10062019526958466,0.2078586220741272,-0.10647830367088318,0.22481189668178558,-0.09656855463981628
Weather,77,590,-0.09350552409887314,-0.10460227727890015,-0.11052128672599792,0.18748235702514648,-0.10519693046808243,0.18784283101558685,-0.10150408744812012,0.19178402423858643,-0.10746245086193085,0.20793145895004272,-0.10432673245668411,0.2249593436717987,-0.10451001673936844
Weather,77,591,-0.09350552409887314,-0.10057976841926575,-0.10954250395298004,0.18740245699882507,-0.10656385868787766,0.18776114284992218,-0.095698282122612,0.19172479212284088,-0.10224227607250214,0.20800451934337616,-0.10069908201694489,0.22510702908039093,-0.09814342856407166
Weather,77,592,-0.09350552409887314,-0.0955820232629776,-0.10769644379615784,0.18732230365276337,-0.09823930263519287,0.18767929077148438,-0.09055209159851074,0.19166553020477295,-0.09754888713359833,0.2080778330564499,-0.09616725146770477,0.22525499761104584,-0.09534893184900284
Weather,77,593,-0.09350552409887314,-0.09910479187965393,-0.10384932160377502,0.18724185228347778,-0.11787073314189911,0.18759725987911224,-0.09603507816791534,0.1916062980890274,-0.08864741772413254,0.20815137028694153,-0.1003069281578064,0.22540321946144104,-0.09385010600090027
Weather,77,594,-0.09350552409887314,-0.09547317773103714,-0.1046469584107399,0.1871611475944519,-0.09325538575649261,0.1875150054693222,-0.09707072377204895,0.19154702126979828,-0.09653772413730621,0.20822511613368988,-0.09574809670448303,0.22555164992809296,-0.09482750296592712
Weather,77,595,-0.09350552409887314,-0.09856697916984558,-0.10652697831392288,0.18708021938800812,-0.10732832551002502,0.18743261694908142,-0.09426330775022507,0.19148777425289154,-0.10025693476200104,0.20829907059669495,-0.09358610212802887,0.22570031881332397,-0.09804185479879379
Weather,77,596,-0.09350552409887314,-0.10177534073591232,-0.10987994074821472,0.18699902296066284,-0.11187712848186493,0.1873500645160675,-0.09652209281921387,0.1914285272359848,-0.09616731107234955,0.20837320387363434,-0.10497704148292542,0.22584913671016693,-0.09956839680671692
Weather,77,597,-0.09350552409887314,-0.0962761715054512,-0.10197553783655167,0.18691763281822205,-0.10948660969734192,0.18726737797260284,-0.08518867939710617,0.19136931002140045,-0.09382448345422745,0.20844753086566925,-0.09222181886434555,0.2259981632232666,-0.10035301744937897
Weather,77,598,-0.09350552409887314,-0.0956961065530777,-0.10369422286748886,0.18683603405952454,-0.09932966530323029,0.18718454241752625,-0.10002326965332031,0.19131013751029968,-0.09337089955806732,0.2085220366716385,-0.09469469636678696,0.2261473387479782,-0.09200291335582733
Weather,77,599,-0.09350552409887314,-0.09849575161933899,-0.11530910432338715,0.18675418198108673,-0.10659853368997574,0.1871015578508377,-0.0961400642991066,0.19125095009803772,-0.10022285580635071,0.20859664678573608,-0.09351131319999695,0.2262965887784958,-0.09689146280288696
Weather,77,600,-0.09350552409887314,-0.10064448416233063,-0.1101522147655487,0.1866721659898758,-0.11275423318147659,0.187018483877182,-0.09745926409959793,0.19119183719158173,-0.10081101208925247,0.2086714506149292,-0.09392109513282776,0.2264459729194641,-0.09934739768505096
Weather,77,601,-0.09350552409887314,-0.09549306333065033,-0.10714716464281082,0.18658998608589172,-0.09639228880405426,0.18693533539772034,-0.09281285852193832,0.1911328136920929,-0.101534403860569,0.20874638855457306,-0.09676859527826309,0.22659550607204437,-0.09069277346134186
Weather,77,602,-0.09350552409887314,-0.10044825077056885,-0.10978209972381592,0.18650759756565094,-0.10281725227832794,0.18685206770896912,-0.09900441765785217,0.19107380509376526,-0.10600543767213821,0.2088214010000229,-0.10016464442014694,0.22674502432346344,-0.09526769816875458
Weather,77,603,-0.09350552409887314,-0.09954813122749329,-0.09834669530391693,0.186425119638443,-0.1100144162774086,0.1867687702178955,-0.09370791167020798,0.19101491570472717,-0.10019305348396301,0.20889659225940704,-0.10025534778833389,0.22689466178417206,-0.09456195682287216
Weather,77,604,-0.09350552409887314,-0.09513770788908005,-0.10354065895080566,0.18634246289730072,-0.09253708273172379,0.18668538331985474,-0.10350076109170914,0.19095607101917267,-0.09350766986608505,0.20897182822227478,-0.09149931371212006,0.22704428434371948,-0.09511539340019226
Weather,77,605,-0.09350552409887314,-0.09602825343608856,-0.09659360349178314,0.1862596720457077,-0.10268417000770569,0.1866019368171692,-0.09810154139995575,0.19089730083942413,-0.09712817519903183,0.20904716849327087,-0.08971739560365677,0.2271939069032669,-0.09375129640102386
Weather,77,606,-0.09350552409887314,-0.09747041761875153,-0.1012551411986351,0.18617677688598633,-0.10477527976036072,0.18651844561100006,-0.10417911410331726,0.19083863496780396,-0.09614069014787674,0.20912255346775055,-0.09722400456666946,0.22734349966049194,-0.08732721954584122
Weather,77,607,-0.09350552409887314,-0.09941720962524414,-0.10135527700185776,0.1860937774181366,-0.11450998485088348,0.18643496930599213,-0.10195185244083405,0.19078008830547333,-0.0984564870595932,0.20919804275035858,-0.09223948419094086,0.22749310731887817,-0.09240002185106277
Weather,77,608,-0.09350552409887314,-0.09444692730903625,-0.09207911044359207,0.1860107034444809,-0.10222313553094864,0.1863514631986618,-0.10118474066257477,0.19072167575359344,-0.09011989831924438,0.2092735320329666,-0.09008833020925522,0.22764262557029724,-0.09020932018756866
Weather,77,609,-0.09350552409887314,-0.0957217663526535,-0.10099296271800995,0.18592754006385803,-0.09993293881416321,0.18626795709133148,-0.09878997504711151,0.19066335260868073,-0.09472522139549255,0.20934906601905823,-0.08859524875879288,0.22779205441474915,-0.0971592590212822
Weather,77,610,-0.09350552409887314,-0.094659723341465,-0.09501701593399048,0.1858443319797516,-0.10022732615470886,0.18618448078632355,-0.1037202998995781,0.19060517847537994,-0.09362807124853134,0.20942462980747223,-0.08702002465724945,0.2279413938522339,-0.0906013622879982
Weather,77,611,-0.09350552409887314,-0.09676601737737656,-0.10481783747673035,0.18576107919216156,-0.10384289920330048,0.186101034283638,-0.1020164042711258,0.1905471235513687,-0.09569661319255829,0.20950020849704742,-0.09369289129972458,0.2280905842781067,-0.09043467044830322
Weather,77,612,-0.09350552409887314,-0.09865197539329529,-0.10551145672798157,0.18567779660224915,-0.11254595220088959,0.18601761758327484,-0.10022107511758804,0.19048921763896942,-0.09500241279602051,0.20957575738430023,-0.09506387263536453,0.22823962569236755,-0.09241074323654175
Weather,77,613,-0.09350552409887314,-0.09916709363460541,-0.10242768377065659,0.18559448421001434,-0.10482720285654068,0.18593427538871765,-0.09668837487697601,0.19043146073818207,-0.10511982440948486,0.20965126156806946,-0.10022900998592377,0.2283884733915329,-0.09064731001853943
Weather,77,614,-0.09350552409887314,-0.09488079696893692,-0.10469130426645279,0.18551120162010193,-0.09904473274946213,0.18585102260112762,-0.09862154722213745,0.19037391245365143,-0.10208409279584885,0.20972678065299988,-0.08842971175909042,0.2285371571779251,-0.0883784070611
Weather,77,615,-0.09350552409887314,-0.0933796837925911,-0.10201612114906311,0.18542788922786713,-0.1004970371723175,0.18576781451702118,-0.09510648250579834,0.19031646847724915,-0.09714122861623764,0.20980221033096313,-0.08740686625242233,0.22868558764457703,-0.08855509012937546
Weather,77,616,-0.09350552409887314,-0.09734053164720535,-0.10346315801143646,0.1853446364402771,-0.09869328141212463,0.18568472564220428,-0.09706446528434753,0.19025929272174835,-0.10013166815042496,0.2098775953054428,-0.10326968878507614,0.22883377969264984,-0.0887102484703064
Weather,77,617,-0.09350552409887314,-0.09694293886423111,-0.10091227293014526,0.18526141345500946,-0.10396312177181244,0.18560174107551575,-0.09295061230659485,0.1902022510766983,-0.10067380219697952,0.20995289087295532,-0.09374085068702698,0.22898170351982117,-0.0943361222743988
Weather,77,618,-0.09350552409887314,-0.09541593492031097,-0.10702960193157196,0.1851782649755478,-0.09253156185150146,0.18551890552043915,-0.09210355579853058,0.19014541804790497,-0.09772862493991852,0.21002811193466187,-0.10213262587785721,0.22912932932376862,-0.0923529788851738
Weather,77,619,-0.09350552409887314,-0.0986781045794487,-0.1086687296628952,0.1850951761007309,-0.0950181782245636,0.1854361891746521,-0.09185563772916794,0.19008879363536835,-0.10965356230735779,0.21010321378707886,-0.10027697682380676,0.2292766273021698,-0.09658598899841309
Weather,77,620,-0.09350552409887314,-0.09785151481628418,-0.1027119904756546,0.18501219153404236,-0.09146654605865479,0.18535365164279938,-0.10089845955371857,0.19003239274024963,-0.10021716356277466,0.2101781815290451,-0.10096417367458344,0.22942358255386353,-0.09572780132293701
Weather,77,621,-0.09350552409887314,-0.10111600160598755,-0.11347650736570358,0.18492931127548218,-0.10721516609191895,0.1852712780237198,-0.10114549845457077,0.18997621536254883,-0.10068690031766891,0.210253044962883,-0.10324238985776901,0.2295701801776886,-0.09458668529987335
Weather,77,622,-0.09350552409887314,-0.09773434698581696,-0.10261912643909454,0.18484653532505035,-0.10302948206663132,0.18518909811973572,-0.0914526879787445,0.18992024660110474,-0.09323655068874359,0.21032774448394775,-0.10020546615123749,0.22971634566783905,-0.09999357908964157
Weather,77,623,-0.09350552409887314,-0.09922893345355988,-0.10445523262023926,0.18476390838623047,-0.10031386464834213,0.18510711193084717,-0.08965419232845306,0.18986454606056213,-0.09896811097860336,0.21040226519107819,-0.11407044529914856,0.22986210882663727,-0.09269776195287704
Weather,77,624,-0.09350552409887314,-0.09978887438774109,-0.11257025599479675,0.18468143045902252,-0.10920499265193939,0.18502534925937653,-0.08982491493225098,0.18980909883975983,-0.10296106338500977,0.21047662198543549,-0.09907461702823639,0.23000743985176086,-0.09827949106693268
Weather,77,625,-0.09350552409887314,-0.09646572917699814,-0.10059618949890137,0.1845991462469101,-0.10192621499300003,0.18494382500648499,-0.0936710387468338,0.18975390493869781,-0.09595002233982086,0.21055081486701965,-0.09879057109355927,0.23015230894088745,-0.09263010323047638
Weather,77,626,-0.09350552409887314,-0.10098377615213394,-0.10580673813819885,0.184517040848732,-0.11007281392812729,0.18486253917217255,-0.10542275756597519,0.1896989941596985,-0.09552892297506332,0.21062476933002472,-0.09695339947938919,0.23029667139053345,-0.09831760823726654
Weather,77,627,-0.09350552409887314,-0.10138911008834839,-0.1183115541934967,0.18443512916564941,-0.10433082282543182,0.1847815215587616,-0.09126939624547958,0.18964433670043945,-0.11504769325256348,0.21069851517677307,-0.10333649069070816,0.23044051229953766,-0.09412820637226105
Weather,77,628,-0.09350552409887314,-0.10035036504268646,-0.11271898448467255,0.18435341119766235,-0.10612592846155167,0.18470077216625214,-0.09322099387645721,0.1895899623632431,-0.10522633790969849,0.21077199280261993,-0.10199536383152008,0.2305837869644165,-0.09593071788549423
Weather,77,629,-0.09350552409887314,-0.0999281108379364,-0.09856988489627838,0.18427197635173798,-0.10560110211372375,0.18462033569812775,-0.09455202519893646,0.18953590095043182,-0.10404880344867706,0.21084527671337128,-0.09942521154880524,0.23072652518749237,-0.09677360951900482
Weather,77,630,-0.09350552409887314,-0.1004670113325119,-0.10254086554050446,0.1841907799243927,-0.10339149087667465,0.18454019725322723,-0.10074979066848755,0.18948213756084442,-0.1053035780787468,0.21091824769973755,-0.0993255004286766,0.2308686524629593,-0.0949811115860939
Weather,77,631,-0.09350552409887314,-0.10076969861984253,-0.1121818944811821,0.1841098517179489,-0.10104361176490784,0.1844603717327118,-0.09908133745193481,0.1894286721944809,-0.09746652841567993,0.21099098026752472,-0.1020599901676178,0.23101015388965607,-0.10342967510223389
Weather,77,632,-0.09350552409887314,-0.0993356928229332,-0.1104782223701477,0.18402919173240662,-0.10348165780305862,0.1843808889389038,-0.0971294492483139,0.18937553465366364,-0.09834523499011993,0.21106338500976562,-0.09522617608308792,0.2311510145664215,-0.10235858708620071
Weather,77,633,-0.09350552409887314,-0.09827640652656555,-0.11350031197071075,0.1839488446712494,-0.10398690402507782,0.18430176377296448,-0.0850735753774643,0.18932271003723145,-0.10780152678489685,0.21113549172878265,-0.10045210272073746,0.23129117488861084,-0.09447243064641953
Weather,77,634,-0.09350552409887314,-0.10205882787704468,-0.11345253884792328,0.18386882543563843,-0.10785677284002304,0.1842229962348938,-0.08971696346998215,0.1892702430486679,-0.11324995756149292,0.2112072855234146,-0.09342683851718903,0.23143066465854645,-0.106002077460289
Weather,77,635,-0.09350552409887314,-0.09989762306213379,-0.11265319585800171,0.18378913402557373,-0.09362137317657471,0.18414461612701416,-0.09497654438018799,0.18921811878681183,-0.11818549036979675,0.21127872169017792,-0.10219331085681915,0.23156939446926117,-0.09175436198711395
Weather,77,636,-0.09350552409887314,-0.09873273968696594,-0.11061612516641617,0.18370980024337769,-0.10924099385738373,0.18406666815280914,-0.09280717372894287,0.1891663521528244,-0.10093960911035538,0.21134983003139496,-0.09839984774589539,0.23170743882656097,-0.09361042082309723
Weather,77,637,-0.09350552409887314,-0.09982743859291077,-0.11149495840072632,0.1836308240890503,-0.10371284931898117,0.18398909270763397,-0.09745752066373825,0.18911491334438324,-0.1100296899676323,0.21142053604125977,-0.09137449413537979,0.23184463381767273,-0.0980171263217926
Weather,77,638,-0.09350552409887314,-0.10078825801610947,-0.11223888397216797,0.18355225026607513,-0.10339523106813431,0.1839119791984558,-0.09960130602121353,0.18906386196613312,-0.10466769337654114,0.21149089932441711,-0.10641313344240189,0.2319810688495636,-0.09137675166130066
Weather,77,639,-0.09350552409887314,-0.09848807007074356,-0.1080932691693306,0.18347403407096863,-0.0973263680934906,0.18383528292179108,-0.09925946593284607,0.18901318311691284,-0.10443171858787537,0.21156083047389984,-0.10602762550115585,0.2321166694164276,-0.08708358556032181
Weather,77,640,-0.09350552409887314,-0.09510280191898346,-0.10818234086036682,0.18339627981185913,-0.10056675970554352,0.18375903367996216,-0.08821786195039749,0.1889628916978836,-0.1024850457906723,0.21163037419319153,-0.09233242273330688,0.2322513908147812,-0.09275373071432114
Weather,77,641,-0.09350552409887314,-0.10271570086479187,-0.11777282506227493,0.18331895768642426,-0.10816432535648346,0.18368332087993622,-0.09560000151395798,0.1889130026102066,-0.1087932139635086,0.2116994857788086,-0.10765469074249268,0.23238526284694672,-0.09460199624300003
Weather,77,642,-0.09350552409887314,-0.10022423416376114,-0.11424640566110611,0.1832420825958252,-0.10139098763465881,0.1836080402135849,-0.09970742464065552,0.18886348605155945,-0.10808397829532623,0.21176816523075104,-0.10228763520717621,0.23251821100711823,-0.09144948422908783
Weather,77,643,-0.09350552409887314,-0.0986088216304779,-0.12044452130794525,0.18316568434238434,-0.10177537053823471,0.18353329598903656,-0.08175098896026611,0.1888144165277481,-0.11579036712646484,0.21183636784553528,-0.10335227102041245,0.23265023529529572,-0.09115134179592133
Weather,77,644,-0.09350552409887314,-0.09963155537843704,-0.11459533870220184,0.1830897480249405,-0.1013784259557724,0.1834590584039688,-0.09420891106128693,0.1887657344341278,-0.10632927715778351,0.2119041234254837,-0.0967254638671875,0.232781320810318,-0.09974545985460281
Weather,77,645,-0.09350552409887314,-0.10055308043956757,-0.10401812195777893,0.18301433324813843,-0.1039566919207573,0.18338535726070404,-0.09811930358409882,0.18871746957302094,-0.0986836776137352,0.21197138726711273,-0.10320780426263809,0.23291140794754028,-0.09889353066682816
Weather,77,646,-0.09350552409887314,-0.09880711138248444,-0.1102127730846405,0.18293942511081696,-0.08945152908563614,0.18331220746040344,-0.09201889485120773,0.18866966664791107,-0.11112891137599945,0.21203817427158356,-0.09952385723590851,0.23304049670696259,-0.10086314380168915
Weather,77,647,-0.09350552409887314,-0.09868466854095459,-0.1098947823047638,0.18286505341529846,-0.09193576127290726,0.1832396388053894,-0.10035650432109833,0.18862228095531464,-0.10720230638980865,0.2121044248342514,-0.10066970437765121,0.2331685572862625,-0.09396767616271973
Weather,77,648,-0.09350552409887314,-0.09721231460571289,-0.10371746122837067,0.18279126286506653,-0.0985826626420021,0.18316765129566193,-0.09404556453227997,0.1885753571987152,-0.09848037362098694,0.21217018365859985,-0.09510210156440735,0.23329557478427887,-0.09951905906200409
Weather,77,649,-0.09350552409887314,-0.09627092629671097,-0.11025600135326385,0.18271800875663757,-0.09726247936487198,0.18309623003005981,-0.09371545165777206,0.1885288804769516,-0.09727247804403305,0.21223537623882294,-0.0993700623512268,0.23342148959636688,-0.09387249499559402
Weather,77,650,-0.09350552409887314,-0.09523242712020874,-0.10129794478416443,0.18264535069465637,-0.09873698651790619,0.18302541971206665,-0.08729519695043564,0.1884828507900238,-0.1007918044924736,0.21230003237724304,-0.09343185275793076,0.23354631662368774,-0.0958620086312294
Weather,77,651,-0.09350552409887314,-0.09504549205303192,-0.10769332945346832,0.18257327377796173,-0.09130613505840302,0.18295526504516602,-0.09174312651157379,0.1884373277425766,-0.09815772622823715,0.2123641073703766,-0.09882031381130219,0.23366999626159668,-0.09461236745119095
Weather,77,652,-0.09350552409887314,-0.09768754243850708,-0.1016676127910614,0.18250185251235962,-0.1028958261013031,0.18288572132587433,-0.08994365483522415,0.1883922517299652,-0.0879952609539032,0.21242763102054596,-0.10803984105587006,0.23379255831241608,-0.09808343648910522
Weather,77,653,-0.09350552409887314,-0.09930160641670227,-0.11386041343212128,0.18243105709552765,-0.10310225933790207,0.18281684815883636,-0.0896671786904335,0.1883476823568344,-0.10037894546985626,0.21249054372310638,-0.10023999214172363,0.23391392827033997,-0.10214736312627792
Weather,77,654,-0.09350552409887314,-0.09606853872537613,-0.10466263443231583,0.18236087262630463,-0.09965542703866959,0.18274861574172974,-0.09094883501529694,0.18830356001853943,-0.09236250072717667,0.21255284547805786,-0.10355274379253387,0.23403404653072357,-0.09345602989196777
Weather,77,655,-0.09350552409887314,-0.09820159524679184,-0.11318740248680115,0.18229138851165771,-0.10552643239498138,0.1826810985803604,-0.08917362242937088,0.18825997412204742,-0.10191202163696289,0.2126145362854004,-0.09896867722272873,0.23415300250053406,-0.09586282074451447
Weather,77,656,-0.09350552409887314,-0.09702517092227936,-0.10119635611772537,0.18222258985042572,-0.10139113664627075,0.1826142817735672,-0.09119423478841782,0.188216894865036,-0.09169785678386688,0.21267560124397278,-0.10358914732933044,0.23427070677280426,-0.09649556130170822
Weather,77,657,-0.09350552409887314,-0.09704215824604034,-0.11208406090736389,0.18215447664260864,-0.08926611393690109,0.1825481504201889,-0.09305287897586823,0.188174307346344,-0.10087130218744278,0.21273602545261383,-0.10323786735534668,0.2343871146440506,-0.09749473631381989
Weather,77,658,-0.09350552409887314,-0.093711256980896,-0.10697314143180847,0.18208704888820648,-0.09543467313051224,0.1824827343225479,-0.0961930975317955,0.18813222646713257,-0.0869334265589714,0.21279576420783997,-0.10092873871326447,0.23450222611427307,-0.08932995051145554
Weather,77,659,-0.09350552409887314,-0.09417175501585007,-0.09288737177848816,0.182020366191864,-0.08322951942682266,0.1824180632829666,-0.0965985581278801,0.18809069693088531,-0.08700618892908096,0.21285486221313477,-0.10497090220451355,0.23461602628231049,-0.09672120213508606
Weather,77,660,-0.09350552409887314,-0.09503701329231262,-0.1079929918050766,0.18195441365242004,-0.09300665557384491,0.182354137301445,-0.07747501134872437,0.18804967403411865,-0.0985819473862648,0.21291323006153107,-0.10002676397562027,0.23472847044467926,-0.1028883308172226
Weather,77,661,-0.09350552409887314,-0.09889876842498779,-0.10691706091165543,0.18188925087451935,-0.09156887233257294,0.18229098618030548,-0.10034645348787308,0.18800921738147736,-0.09512154757976532,0.21297095715999603,-0.10682794451713562,0.23483960330486298,-0.09928539395332336
Weather,77,662,-0.09350552409887314,-0.09980545192956924,-0.10496094822883606,0.18182483315467834,-0.09433479607105255,0.18222859501838684,-0.10096338391304016,0.18796929717063904,-0.09754874557256699,0.2130279690027237,-0.1045040413737297,0.23494932055473328,-0.10068630427122116
Weather,77,663,-0.09350552409887314,-0.09488344192504883,-0.10445690155029297,0.18176120519638062,-0.09103209525346756,0.18216699361801147,-0.08888863027095795,0.1879299134016037,-0.09463050216436386,0.21308422088623047,-0.09862301498651505,0.23505760729312897,-0.0993197113275528
Weather,77,664,-0.09350552409887314,-0.09301535785198212,-0.0987427681684494,0.18169839680194855,-0.08013275265693665,0.18210622668266296,-0.09708807617425919,0.18789111077785492,-0.08156253397464752,0.21313977241516113,-0.1029004454612732,0.23516452312469482,-0.10000645369291306
Weather,77,665,-0.09350552409887314,-0.09924865514039993,-0.1062464714050293,0.18163639307022095,-0.0898861363530159,0.18204624950885773,-0.10066837817430496,0.1878528594970703,-0.09438818693161011,0.2131945937871933,-0.1077786237001419,0.2352699339389801,-0.1015295460820198
Weather,77,666,-0.09350552409887314,-0.09994489699602127,-0.10912010073661804,0.181575208902359,-0.10458923131227493,0.18198710680007935,-0.09354890882968903,0.18781517446041107,-0.09676710516214371,0.21324864029884338,-0.10105021297931671,0.23537389934062958,-0.10284164547920227
Weather,77,667,-0.09350552409887314,-0.09702695906162262,-0.1053251177072525,0.1815148890018463,-0.08816271275281906,0.181928813457489,-0.09723932296037674,0.18777808547019958,-0.09258371591567993,0.21330192685127258,-0.10374443233013153,0.23547635972499847,-0.10115411132574081
Weather,77,668,-0.09350552409887314,-0.09808723628520966,-0.10412835329771042,0.18145541846752167,-0.09946509450674057,0.18187133967876434,-0.09600716829299927,0.18774154782295227,-0.09582919627428055,0.21335440874099731,-0.09564198553562164,0.2355773001909256,-0.10264591127634048
Weather,77,669,-0.09350552409887314,-0.09607268124818802,-0.10814881324768066,0.18139681220054626,-0.08759453147649765,0.1818147748708725,-0.10403521358966827,0.18770559132099152,-0.09778270125389099,0.21340611577033997,-0.09194152057170868,0.23567670583724976,-0.09883426129817963
Weather,77,670,-0.09350552409887314,-0.09477757662534714,-0.10547022521495819,0.1813390702009201,-0.07740747183561325,0.1817590296268463,-0.09118250012397766,0.1876702606678009,-0.09964638948440552,0.21345701813697815,-0.10164063423871994,0.23577456176280975,-0.10081987828016281
Weather,77,671,-0.09350552409887314,-0.09305218607187271,-0.1130770742893219,0.18128228187561035,-0.07111094146966934,0.18170423805713654,-0.0875425860285759,0.18763552606105804,-0.09597274661064148,0.21350714564323425,-0.10486637055873871,0.2358708679676056,-0.10114246606826782
Weather,77,672,-0.09350552409887314,-0.09570099413394928,-0.10861120373010635,0.18122637271881104,-0.08799052238464355,0.181650310754776,-0.09922710061073303,0.18760138750076294,-0.09097987413406372,0.2135564088821411,-0.10084410756826401,0.2359655648469925,-0.09800711274147034
Weather,77,673,-0.09350552409887314,-0.0954103171825409,-0.10115236788988113,0.18117140233516693,-0.09922328591346741,0.18159732222557068,-0.08354891836643219,0.1875678449869156,-0.09299971163272858,0.2136048525571823,-0.09747850149869919,0.23605863749980927,-0.10165271162986755
Weather,77,674,-0.09350552409887314,-0.09550908952951431,-0.09971365332603455,0.18111734092235565,-0.08938656002283096,0.1815452128648758,-0.08723174780607224,0.18753492832183838,-0.08635978400707245,0.21365246176719666,-0.1075834408402443,0.23615007102489471,-0.10290993005037308
Weather,77,675,-0.09350552409887314,-0.09914875775575638,-0.11180524528026581,0.18106424808502197,-0.08459636569023132,0.1814940720796585,-0.09013338387012482,0.18750262260437012,-0.10488453507423401,0.21369917690753937,-0.09915027022361755,0.23623985052108765,-0.11267466843128204
Weather,77,676,-0.09350552409887314,-0.0964803546667099,-0.11471433937549591,0.1810121089220047,-0.09382560849189758,0.18144387006759644,-0.09439724683761597,0.1874709576368332,-0.0969623476266861,0.21374507248401642,-0.09364351630210876,0.23632800579071045,-0.10229647904634476
Weather,77,677,-0.09350552409887314,-0.09227932244539261,-0.10403619706630707,0.18096095323562622,-0.08236872404813766,0.18139462172985077,-0.08764179795980453,0.1874399185180664,-0.08830743283033371,0.21379008889198303,-0.10144594311714172,0.23641443252563477,-0.09828323870897293
Weather,77,678,-0.09350552409887314,-0.09703055769205093,-0.10751157999038696,0.18091078102588654,-0.08707834780216217,0.1813463270664215,-0.09790807962417603,0.18740952014923096,-0.09409283101558685,0.21383418142795563,-0.10290440917015076,0.23649916052818298,-0.10098767280578613
Weather,77,679,-0.09350552409887314,-0.09770935773849487,-0.10044938325881958,0.18086162209510803,-0.09404964745044708,0.18129903078079224,-0.09973685443401337,0.18737977743148804,-0.09341730922460556,0.21387743949890137,-0.10534299910068512,0.2365821897983551,-0.09545180201530457
Weather,77,680,-0.09350552409887314,-0.0953141450881958,-0.11588577926158905,0.18081346154212952,-0.09163565188646317,0.18125270307064056,-0.0969695970416069,0.18735064566135406,-0.09252604842185974,0.2139197587966919,-0.09647119790315628,0.23666344583034515,-0.09801798313856125
Weather,77,681,-0.09350552409887314,-0.09441085159778595,-0.09783326834440231,0.18076631426811218,-0.09109227359294891,0.18120735883712769,-0.08738401532173157,0.18732216954231262,-0.09564376622438431,0.2139611840248108,-0.08993910998106003,0.23674295842647552,-0.10538909584283829
Weather,77,682,-0.09350552409887314,-0.09485328942537308,-0.1162644699215889,0.1807202398777008,-0.0912390947341919,0.18116304278373718,-0.10174326598644257,0.1872943490743637,-0.09538726508617401,0.21400168538093567,-0.09368065744638443,0.23682069778442383,-0.09297794848680496
Weather,77,683,-0.09350552409887314,-0.09379887580871582,-0.10021175444126129,0.18067514896392822,-0.08389565348625183,0.18111974000930786,-0.08495381474494934,0.18726716935634613,-0.10175608843564987,0.21404123306274414,-0.09235348552465439,0.23689664900302887,-0.10313006490468979
Weather,77,684,-0.09350552409887314,-0.08832083642482758,-0.0967302918434143,0.18063116073608398,-0.07724126428365707,0.18107746541500092,-0.08624627441167831,0.18724068999290466,-0.08925486356019974,0.2140798717737198,-0.09321120381355286,0.23697079718112946,-0.09319552034139633
Weather,77,685,-0.09350552409887314,-0.0939251258969307,-0.10198472440242767,0.1805882453918457,-0.08559516072273254,0.18103623390197754,-0.08813109993934631,0.18721486628055573,-0.10158037394285202,0.21411757171154022,-0.09258048236370087,0.23704314231872559,-0.09986480325460434
Weather,77,686,-0.09350552409887314,-0.0926143005490303,-0.10783764719963074,0.1805463433265686,-0.08118966966867447,0.18099600076675415,-0.08883500099182129,0.18718969821929932,-0.09672167152166367,0.21415428817272186,-0.09565852582454681,0.23711363971233368,-0.09820622205734253
Weather,77,687,-0.09350552409887314,-0.09201277047395706,-0.10586191713809967,0.18050557374954224,-0.08436957001686096,0.1809568703174591,-0.09634553641080856,0.18716523051261902,-0.08781144767999649,0.21419008076190948,-0.09013297408819199,0.23718228936195374,-0.09953681379556656
Weather,77,688,-0.09350552409887314,-0.09189031273126602,-0.09870395064353943,0.18046587705612183,-0.0815570279955864,0.18091876804828644,-0.091436006128788,0.18714141845703125,-0.0968313217163086,0.21422487497329712,-0.09178319573402405,0.23724907636642456,-0.09629613161087036
Weather,77,689,-0.09350552409887314,-0.09518130123615265,-0.1027965098619461,0.18042728304862976,-0.09354783594608307,0.18088173866271973,-0.1006501242518425,0.1871182769536972,-0.09235607832670212,0.21425870060920715,-0.0926324874162674,0.23731395602226257,-0.09678369760513306
Weather,77,690,-0.09350552409887314,-0.08692500740289688,-0.09580951929092407,0.18038980662822723,-0.0744914561510086,0.18084579706192017,-0.08185476064682007,0.18709583580493927,-0.09014729410409927,0.2142915278673172,-0.08651059865951538,0.23737697303295135,-0.09807077050209045
Weather,77,691,-0.09350552409887314,-0.09089422225952148,-0.09246852248907089,0.18035343289375305,-0.08753497898578644,0.18081091344356537,-0.08423024415969849,0.18707409501075745,-0.09402117133140564,0.21432340145111084,-0.0899999812245369,0.23743809759616852,-0.0968640148639679
Weather,77,692,-0.09350552409887314,-0.08508609235286713,-0.09516988694667816,0.180318221449852,-0.06398512423038483,0.1807771623134613,-0.08542082458734512,0.18705305457115173,-0.08973493427038193,0.2143542766571045,-0.0919446051120758,0.23749729990959167,-0.09100044518709183
Weather,77,693,-0.09350552409887314,-0.09029798209667206,-0.10519781708717346,0.18028414249420166,-0.0784834623336792,0.1807444840669632,-0.08620414137840271,0.18703268468379974,-0.10158488899469376,0.21438413858413696,-0.09343131631612778,0.23755457997322083,-0.09066486358642578
Weather,77,694,-0.09350552409887314,-0.0919734314084053,-0.09586132317781448,0.18025118112564087,-0.08159992843866348,0.18071290850639343,-0.09216699749231339,0.18701300024986267,-0.09417784214019775,0.21441295742988586,-0.08708640187978745,0.2376098930835724,-0.102370485663414
Weather,77,695,-0.09350552409887314,-0.08589813113212585,-0.0943870097398758,0.1802193969488144,-0.06883353739976883,0.1806824505329132,-0.08741097152233124,0.1869940459728241,-0.09216240793466568,0.21444080770015717,-0.08859089761972427,0.23766328394412994,-0.09032963216304779
Weather,77,696,-0.09350552409887314,-0.091004379093647,-0.10003673285245895,0.18018877506256104,-0.07821058481931686,0.18065311014652252,-0.09735110402107239,0.18697580695152283,-0.09682518243789673,0.2144676297903061,-0.09554823487997055,0.2377147078514099,-0.08720101416110992
Weather,77,697,-0.09350552409887314,-0.08920249342918396,-0.10482841730117798,0.1801593154668808,-0.07361963391304016,0.18062488734722137,-0.09000429511070251,0.18695825338363647,-0.09859657287597656,0.21449339389801025,-0.09833171963691711,0.2377641350030899,-0.08477840572595596
Weather,77,698,-0.09350552409887314,-0.08479610085487366,-0.09296222031116486,0.18013101816177368,-0.0654166042804718,0.18059779703617096,-0.09449155628681183,0.18694142997264862,-0.08663639426231384,0.21451814472675323,-0.0895170271396637,0.2378116250038147,-0.0864071324467659
Weather,77,699,-0.09350552409887314,-0.09182970970869064,-0.08087585121393204,0.18010392785072327,-0.08133243024349213,0.18057182431221008,-0.09634296596050262,0.18692529201507568,-0.09008418023586273,0.21454186737537384,-0.10133656859397888,0.23785708844661713,-0.08914868533611298
Weather,77,700,-0.09350552409887314,-0.08975552022457123,-0.09681204706430435,0.18007801473140717,-0.07776030153036118,0.18054702877998352,-0.0879262238740921,0.18690989911556244,-0.09983191639184952,0.21456453204154968,-0.09427187591791153,0.23790057003498077,-0.08823354542255402
Weather,77,701,-0.09350552409887314,-0.0879492536187172,-0.08964600414037704,0.18005327880382538,-0.08126897364854813,0.1805233508348465,-0.08732559531927109,0.1868951916694641,-0.08237840980291367,0.21458613872528076,-0.09399925917387009,0.23794199526309967,-0.09239700436592102
Weather,77,702,-0.09350552409887314,-0.09055867791175842,-0.09381641447544098,0.18002977967262268,-0.07549430429935455,0.1805008500814438,-0.099149689078331,0.18688122928142548,-0.09088927507400513,0.21460671722888947,-0.09487518668174744,0.23798145353794098,-0.09128651022911072
Weather,77,703,-0.09350552409887314,-0.08922729641199112,-0.09260676801204681,0.1800074428319931,-0.06836887449026108,0.18047946691513062,-0.09966912865638733,0.18686798214912415,-0.0917677953839302,0.2146262228488922,-0.09796629101037979,0.23801885545253754,-0.08720971643924713
Weather,77,704,-0.09350552409887314,-0.08898648619651794,-0.08726180344820023,0.17998634278774261,-0.08372631669044495,0.18045930564403534,-0.08925475925207138,0.1868554651737213,-0.09318099915981293,0.2146446853876114,-0.09293954074382782,0.23805424571037292,-0.08590345829725266
Weather,77,705,-0.09350552409887314,-0.08921557664871216,-0.08251655101776123,0.17996646463871002,-0.0851215347647667,0.1804402619600296,-0.09855480492115021,0.18684367835521698,-0.08277027308940887,0.21466206014156342,-0.09281443059444427,0.23808757960796356,-0.0870455652475357
Weather,77,706,-0.09350552409887314,-0.08592711389064789,-0.09839676320552826,0.17994779348373413,-0.06885964423418045,0.18042241036891937,-0.09181993454694748,0.18683259189128876,-0.08891792595386505,0.21467837691307068,-0.08919630944728851,0.23811885714530945,-0.08906611055135727
Weather,77,707,-0.09350552409887314,-0.09301063418388367,-0.09305834770202637,0.17993032932281494,-0.08425095677375793,0.18040573596954346,-0.09842701256275177,0.18682226538658142,-0.09947557002305984,0.21469362080097198,-0.09566919505596161,0.23814807832241058,-0.08805748075246811
Weather,77,708,-0.09350552409887314,-0.09283695369958878,-0.1009177416563034,0.17991411685943604,-0.08474786579608917,0.18039020895957947,-0.0965605080127716,0.1868126541376114,-0.09357151389122009,0.21470777690410614,-0.09856730699539185,0.23817522823810577,-0.09038527309894562
Weather,77,709,-0.09350552409887314,-0.09476679563522339,-0.0963805690407753,0.1798991560935974,-0.08189040422439575,0.18037588894367218,-0.10033567994832993,0.18680380284786224,-0.09929291903972626,0.21472088992595673,-0.10595184564590454,0.2382003366947174,-0.0866425484418869
Weather,77,710,-0.09350552409887314,-0.09423065185546875,-0.0963200107216835,0.1798853874206543,-0.08656853437423706,0.18036270141601562,-0.10249792039394379,0.1867956519126892,-0.09342622756958008,0.21473287045955658,-0.09110911190509796,0.2382233440876007,-0.09720165282487869
Weather,77,711,-0.09350552409887314,-0.09201974421739578,-0.0945792868733406,0.17987288534641266,-0.08190903067588806,0.18035078048706055,-0.09132105112075806,0.18678826093673706,-0.09727615118026733,0.21474379301071167,-0.09423977136611938,0.23824428021907806,-0.0940600037574768
Weather,77,712,-0.09350552409887314,-0.09180974215269089,-0.08976878970861435,0.1798616200685501,-0.0818663164973259,0.1803400069475174,-0.09936752170324326,0.18678158521652222,-0.09016852080821991,0.214753657579422,-0.09526056051254272,0.23826314508914948,-0.09177175164222717
Weather,77,713,-0.09350552409887314,-0.09641328454017639,-0.09543264657258987,0.17985160648822784,-0.08877518028020859,0.18033041059970856,-0.10152094811201096,0.18677565455436707,-0.09793440997600555,0.2147623896598816,-0.10007572919130325,0.23827993869781494,-0.09381967037916183
Weather,77,714,-0.09350552409887314,-0.09754949808120728,-0.0895288735628128,0.17984282970428467,-0.10539852827787399,0.18032203614711761,-0.10798746347427368,0.1867704540491104,-0.09140396863222122,0.21477006375789642,-0.0926455408334732,0.23829461634159088,-0.09296372532844543
Weather,77,715,-0.09350552409887314,-0.09431934356689453,-0.10048022866249084,0.17983530461788177,-0.0950901210308075,0.180314838886261,-0.08630476891994476,0.18676602840423584,-0.10013727843761444,0.21477662026882172,-0.09730596840381622,0.23830722272396088,-0.09255056083202362
Weather,77,716,-0.09350552409887314,-0.09714999794960022,-0.10018117725849152,0.17982903122901917,-0.10125463455915451,0.18030884861946106,-0.08250980079174042,0.18676231801509857,-0.1022215336561203,0.21478208899497986,-0.09612799435853958,0.23831771314144135,-0.10207603126764297
Weather,77,717,-0.09350552409887314,-0.0992787778377533,-0.10338659584522247,0.17982399463653564,-0.09962160140275955,0.18030402064323425,-0.09883388131856918,0.1867593377828598,-0.09880483895540237,0.21478645503520966,-0.09750908613204956,0.23832610249519348,-0.10132297873497009
Weather,77,718,-0.09350552409887314,-0.09393839538097382,-0.09838251769542694,0.179820254445076,-0.0895669087767601,0.18030044436454773,-0.08880243450403214,0.18675711750984192,-0.09684838354587555,0.21478977799415588,-0.09616129100322723,0.23833242058753967,-0.09683847427368164
Weather,77,719,-0.09350552409887314,-0.09737315773963928,-0.10743938386440277,0.17981773614883423,-0.0941486582159996,0.18029804527759552,-0.09878096729516983,0.18675564229488373,-0.09717673063278198,0.21479195356369019,-0.10213004052639008,0.23833660781383514,-0.09460790455341339
Weather,77,720,-0.09350552409887314,-0.09699196368455887,-0.10589849948883057,0.17981648445129395,-0.09917206317186356,0.18029683828353882,-0.09566842764616013,0.18675489723682404,-0.09969782829284668,0.21479305624961853,-0.09782786667346954,0.23833872377872467,-0.093474842607975
