dataset,probe_row_index,full_mse,fixed_scope_s144_mse,mse_gain_percent,full_mae,fixed_scope_s144_mae,mae_gain_percent
Weather,0,0.15632479332421662,0.15904454210545063,1.7100547715939554,0.32606196555102035,0.3315699964192592,1.661197010502164
Weather,1,0.25253241178340663,0.2513319933682619,-0.47762260548573726,0.4283048658418314,0.4292436180267638,0.21869915952340557
Weather,2,0.2537658767266851,0.2518645350076129,-0.7549064893216193,0.4250337477915713,0.42363253556993896,-0.330761238568994
Weather,3,0.2435334858617712,0.2633531413902038,7.525885365865574,0.4491058115656617,0.46771212546316543,3.978155126741323
Weather,4,0.13230225147614832,0.13176786862006953,-0.4055486832071285,0.3004656934548014,0.29332577702168944,-2.4341251238154946
Weather,5,0.6637560520778572,0.6855111534633475,3.1735590698384595,0.6519416034808576,0.6644316173900734,1.879804269140185
Weather,6,0.44047012288525633,0.45081043316918035,2.293715833334207,0.614444044945089,0.6211743860285626,1.0834865755659342
Weather,7,0.5659450351561266,0.5950302564061318,4.888023917586035,0.5290947544375538,0.5476544263604511,3.3889385403564414
Weather,8,0.4432793852559178,0.47491447774883055,6.66121880361872,0.6169513799935683,0.6384159285846788,3.3621574321768244
Weather,9,0.4399064893745191,0.45732356601224305,3.808480019867965,0.6153067986998293,0.6260660135911571,1.7185431979628187
Weather,10,0.27535031134237675,0.28003140082230377,1.671630205105976,0.45036157130711624,0.45561833713961986,1.1537652030218295
Weather,11,0.0006287871752266887,0.0006253212058262359,-0.5542702483395323,0.01655607777371794,0.016663937794985234,0.647266105972585
Weather,12,0.5777087353810054,0.5682380854071791,-1.6666693446005059,0.5312252650330467,0.5238298318641884,-1.4118006877423614
Weather,13,1.345906802340672,1.403020934972286,4.070796893186929,0.9361775710994658,0.9576065657295152,2.237766051000767
Weather,14,2.6171723452008394e-05,7.603693481186635e-05,65.58024923444964,0.0041080797815488445,0.007016465833617582,41.45086887096289
Weather,15,0.0008839744224301425,0.0016326061546228096,45.85501102472738,0.016970235409422052,0.02752610644739535,38.348580312825696
Weather,16,0.061951139790239224,0.06953972090497652,10.912584945669854,0.12214655011581878,0.13016749753151088,6.162020141587495
Weather,17,0.07246077916915776,0.07495456054247203,3.3270575602950805,0.1275362943999173,0.13231511720627068,3.6116982754914653
Weather,18,0.029971167809084234,0.03184253882109875,5.876952910471293,0.1045616841991432,0.1070344038734523,2.3102101612418102
Weather,19,0.3680318761703559,0.3788691926278945,2.8604374988552976,0.5494166894083415,0.5555021305275861,1.0954847488100465
Weather,20,0.0042299679886938085,0.0043022183530149905,1.6793746479778044,0.04770222112454374,0.048089364890883085,0.8050506951335127
Weather,21,0.15860281384769762,0.16079657580468362,1.3643088766086198,0.3279860043949965,0.3332813454429723,1.588850117289833
Weather,22,0.25227667779707885,0.2513966328057253,-0.3500623622248997,0.42740585788657576,0.4290401569224842,0.3809198298898911
Weather,23,0.2527418938732651,0.25076735578614856,-0.7873983760471697,0.423524781206571,0.4228326910162448,-0.16367944225475894
Weather,24,0.23680794107921496,0.25626683372415165,7.593215384977384,0.44029302782437296,0.45942785618988435,4.16492559336734
Weather,25,0.13234566085709626,0.13447998550914114,1.5870946475524454,0.2991888236144506,0.2967607615819563,-0.8181883681491149
Weather,26,0.661925231292843,0.6838311527073897,3.2034108606807266,0.6509520778139833,0.6632773110660815,1.8582323029092978
Weather,27,0.4319549461059922,0.4422220475619012,2.3217072763591267,0.6076921087676763,0.6147337896632962,1.1454846006556336
Weather,28,0.5682990147325572,0.5976132010610281,4.905210640666115,0.5288639115654709,0.5490019310750843,3.6681145128539248
Weather,29,0.4354441521892288,0.46865997431510886,7.087403223290209,0.6107004927949876,0.6341864110552706,3.703314648638248
Weather,30,0.4302361294166929,0.44909064292967427,4.198375942545273,0.6077228787044684,0.6202981808533271,2.0272995370644513
Weather,31,0.2752950910010249,0.280351608484477,1.8036341973518846,0.4501337073653607,0.4558006465966173,1.2432933725677309
Weather,32,0.000643419461686252,0.0006504268137126243,1.0773467327360742,0.016689703271660822,0.017027088418106157,1.9814611762194623
Weather,33,0.5685363923362304,0.5810267009971729,2.1496961567353594,0.528255949436708,0.5325573540171818,0.807688514303217
Weather,34,1.3085679517380169,1.364893158524613,4.126711782150114,0.9048935328212286,0.9277539894964826,2.4640644970614387
Weather,35,2.2075878366364314e-05,7.603680169724741e-05,70.96685042821379,0.0037740673455927106,0.0070555838963223825,46.509496576748425
Weather,36,0.0009829996369203268,0.0017121616460995016,42.587217792215384,0.018487908494555286,0.028018400807761485,34.01511877353871
Weather,37,0.06150669376851704,0.06775801181414134,9.225946686233241,0.12249809813737456,0.12794794940855353,4.259428381909372
Weather,38,0.07241104741757029,0.07390655689371577,2.0235139330007654,0.12791079718785012,0.13116551281273636,2.481380627492357
Weather,39,0.030856503003452693,0.03231185559869436,4.50408238176353,0.10755465772235766,0.10791927314389291,0.3378594118671408
Weather,40,0.3662622099569141,0.3783652165575572,3.198763012826259,0.5487518526605628,0.5558151681265574,1.2708029343283944
Weather,41,0.004273085588891767,0.0043331827220780056,1.3869051235720424,0.04804398135976145,0.04822045235683214,0.365967112387913
Weather,42,0.16051529784246565,0.1621884099002188,1.031585462106983,0.3293477169600212,0.3342461639239142,1.4655207725908486
Weather,43,0.24986160623614787,0.24935549726197587,-0.2029668404062791,0.42418129917479946,0.4265959957245892,0.5660382596157076
Weather,44,0.2497583626413306,0.24845343761776822,-0.5252191461202244,0.42001563921027507,0.42078148838223167,0.18200638409760905
Weather,45,0.23981454227546475,0.2595420175032709,7.600879201594984,0.4433295529041465,0.4636461863206932,4.381926135912218
Weather,46,0.13186488548636016,0.1365216278664977,3.410992421428863,0.2959648838738859,0.29871519381865963,0.9207131078988017
Weather,47,0.6516982560042263,0.6741827900912997,3.3350798058829842,0.6457288792659205,0.6580857090255854,1.8776930710076376
Weather,48,0.43644601912347963,0.44967319309188114,2.941508226775443,0.6114140094244956,0.621411736359975,1.6088732076485692
Weather,49,0.5574579515485355,0.5871880963189855,5.063138193165844,0.5243586008268822,0.5434067544773118,3.5053214730007283
Weather,50,0.441590283478995,0.47553296755299435,7.137819329049299,0.6157179946144525,0.640111280094263,3.810788254851296
Weather,51,0.4385542728230369,0.4585472174230965,4.360062353537815,0.6145277006758584,0.6285120063771804,2.224986246790935
Weather,52,0.27535590413816874,0.27941122547225994,1.4513809626785428,0.4496866787797545,0.45421462834225773,0.9968744465647993
Weather,53,0.0006263968736272302,0.0006274074925831097,0.16107856023819958,0.016644130965333816,0.01678281937843672,0.8263713621389308
Weather,54,0.5556722738927413,0.5516741593151789,-0.7247239171987765,0.5288257300215466,0.5195951366676228,-1.7764972576770894
Weather,55,1.1614195697229714,1.218943935313614,4.719196997017135,0.8572905124155215,0.8788715184837403,2.455535947444422
Weather,56,1.7269236043928774e-05,5.109156476722922e-05,66.199437964747,0.003340327874239948,0.005599494143906567,40.34589931887096
Weather,57,0.0008001445565235666,0.001374230439033284,41.77508125300759,0.015304173829240932,0.0245038914701177,37.54390461652081
Weather,58,0.060290226432025126,0.06825283347189029,11.666339161061405,0.1216151034899263,0.1272053851099271,4.394689434861463
Weather,59,0.07199340993733325,0.07495274423630337,3.94826677678436,0.12718704801114755,0.12964119855588857,1.8930329031808737
Weather,60,0.03003736418494643,0.03186497949394987,5.735498148839053,0.10216978094669887,0.1043056447382292,2.047697223760615
Weather,61,0.3642817413840377,0.3776244178050621,3.5333192960822286,0.5478847475196946,0.5559589810661337,1.4523074222050631
Weather,62,0.00412699888440589,0.004291630202671706,3.8361021451318518,0.047107854558614944,0.04799340418347937,1.845148598917794
Weather,63,0.16208925429109475,0.16386838226724088,1.0857054616214363,0.33237808274829556,0.33725189031101765,1.4451535195925562
Weather,64,0.24974633270880323,0.24852067618166265,-0.49318090791152014,0.42412409671103685,0.4260463006270584,0.45117253997803347
Weather,65,0.24933875037294942,0.24889536472837692,-0.17814138284831868,0.41979163920687923,0.421592529639343,0.4271637436280909
Weather,66,0.24660736027503868,0.26653847037617767,7.47776111756375,0.45152439405889405,0.4723260706203291,4.404092396194686
Weather,67,0.12813249570271007,0.13513544626011825,5.182171481439747,0.2884171262137695,0.29444788066903127,2.048156855997379
Weather,68,0.6494235314275535,0.6723522400685851,3.4102226890316714,0.6454216301303758,0.6575207683999906,1.8401149972885043
Weather,69,0.44335604803708356,0.4579829316046946,3.1937617230321065,0.6169560797189155,0.6283527676106637,1.813740382665067
Weather,70,0.5567188526241583,0.5853653423614763,4.893779604674328,0.5247628306491404,0.5432716871650579,3.4069245560176036
Weather,71,0.4510654528327169,0.48524694308113214,7.044143345113294,0.6235579044726264,0.6480691753599482,3.7821997742305666
Weather,72,0.4532633603630077,0.4741087103915114,4.396744791145048,0.6262427901228269,0.6408440852744712,2.278447361403147
Weather,73,0.27667583705277893,0.28046000469215193,1.3492717592751633,0.45089711005833427,0.45500482041526186,0.9027839206579543
Weather,74,0.0006372623465888807,0.0006387415922060164,0.23158748939877213,0.016654051482277686,0.01687117808411737,1.2869676365048157
Weather,75,0.5517489435169289,0.550055216529274,-0.30791944822229833,0.5195212395120001,0.514106232081354,-1.0532857010356698
Weather,76,1.2335911634129382,1.2281413325917416,-0.44374622664117885,0.8820661697759634,0.8836979331878562,0.1846517175847995
Weather,77,2.416643226275314e-05,0.00011227969499407703,78.47657827710704,0.00402940810761518,0.008833490922633145,54.38487294653757
Weather,78,0.0006895121396447561,0.0011413255520738553,39.586725418363564,0.013383028149190877,0.02180565246898267,38.625876165698365
Weather,79,0.060120748400555285,0.06835426601596914,12.04536029030041,0.12507713534610554,0.12868284838946742,2.8020152557153097
Weather,80,0.0709771369751093,0.07309765578929026,2.900939559940914,0.1269354346969875,0.12835862592085304,1.1087616540419174
Weather,81,0.02868602603184842,0.03174121368637406,9.62530193304227,0.0990008048622662,0.10321237952577778,4.080493718740119
Weather,82,0.3629703647020795,0.37757047564954005,3.866857153580075,0.5475864134888979,0.5567021238635385,1.6374484637092974
Weather,83,0.004009140437079959,0.004215138529851661,4.887101368384965,0.04623991620095088,0.04760707417543825,2.871753826856107
Weather,84,0.1634774528501607,0.16505778306224173,0.9574405900539149,0.33379154762563606,0.3383423190408697,1.3450198686744619
Weather,85,0.25312926591129226,0.2498939844063232,-1.2946616192683273,0.4285800615008662,0.42882213845991324,0.05645160017074855
Weather,86,0.2522742975448408,0.25093928373646984,-0.532006702375454,0.42330494355798387,0.4246363830791476,0.313548149480057
Weather,87,0.24803960180809706,0.267610595560162,7.313235752530259,0.4527329228317184,0.4735015884368396,4.386187103127644
Weather,88,0.12686103412682803,0.1362893928908962,6.917896223674468,0.2861580817526879,0.2958075523596361,3.262077161308088
Weather,89,0.6569894824975109,0.6758840654012586,2.7955360794798962,0.6509773235294334,0.6615337514129351,1.5957504603438346
Weather,90,0.4466240852400344,0.4566421145182551,2.1938469886399887,0.6193313672815243,0.6277307774962133,1.3380593266736405
Weather,91,0.5576761449423998,0.588334581021245,5.211054571299818,0.5242235176717966,0.545098456540533,3.8295721843021084
Weather,92,0.45764094841206354,0.486486147910725,5.92929513461806,0.6287587369753358,0.6493492791079916,3.1709501796846387
Weather,93,0.4593505971454007,0.4773232778296579,3.765305720260949,0.6306956592119403,0.6432944516340892,1.9584798827575132
Weather,94,0.27754249350945676,0.28170752951956146,1.4784965163011343,0.45128761733916084,0.4561462902115535,1.0651567220111096
Weather,95,0.0006195868946669691,0.000609723889202096,-1.617618341603787,0.016468760172766553,0.016629457834430164,0.966343360460598
Weather,96,0.5609208277783613,0.5498608533804515,-2.011413311188618,0.5304516922665142,0.525887910171433,-0.8678241136202389
Weather,97,1.2020904357483957,1.2679951033570456,5.197549062623806,0.8730337111424685,0.8957408638169606,2.535013595085035
Weather,98,2.083065576492446e-05,7.558298295507047e-05,72.44001896920763,0.0035651598643097614,0.007017991784960031,49.19971448313593
Weather,99,0.0007147565284258608,0.0010811750913473023,33.89076994595116,0.01466355322756701,0.02099226490697927,30.147826866019408
Weather,100,0.062223067538674195,0.06916845460007641,10.041263899214746,0.12875964646745058,0.13064469212873114,1.4428796383270777
Weather,101,0.07604419432661297,0.07684582313473634,1.043165100486789,0.13345740990982147,0.13323961088915187,-0.16346416746202647
Weather,102,0.030322629625909682,0.03254105847792866,6.8173223483915,0.10275739662271614,0.10434176452690735,1.5184407809996725
Weather,103,0.36279320730191805,0.37812144085884464,4.05378587421831,0.5481687748279203,0.5580884125981053,1.777431236030412
Weather,104,0.003953601515154957,0.004176181730132599,5.32975405192854,0.045868754866003454,0.04738751621838067,3.2049819732651885
Weather,105,0.16461714762765717,0.16622821509735444,0.9691901394439718,0.33367966796892384,0.338288101579787,1.3622807273865167
Weather,106,0.2564958621923174,0.25217987909366746,-1.711470048348645,0.4327168166643888,0.43132007222868396,-0.32383014972795393
Weather,107,0.2551748461744327,0.25343703294172576,-0.6856982235530382,0.42627425265058666,0.4274241666814002,0.269033461477317
Weather,108,0.25612584082866047,0.2746194655321516,6.7342730667888375,0.46156225799641104,0.48133496119698976,4.107888434159804
Weather,109,0.12370573166331733,0.13546208653778508,8.678704997791755,0.2831312687614829,0.29496364835973105,4.011470452052999
Weather,110,0.6651393910085746,0.6814320227924003,2.3909401435320228,0.6557670510340056,0.66468050998503,1.3410140386431997
Weather,111,0.45886941392132996,0.4663879239611893,1.6120721943231475,0.6285709183753675,0.6356517958234892,1.1139553910877242
Weather,112,0.559889828193337,0.5869926618581048,4.61723551687593,0.5264773038616921,0.5457250761870657,3.527008958403761
Weather,113,0.46991615641480516,0.49726603890686916,5.5000503457237375,0.637913113735461,0.6576937375240959,3.0075736866675236
Weather,114,0.47022217018939566,0.4852618682207389,3.09929524990039,0.6386465515941382,0.649308920196361,1.6421102915078296
Weather,115,0.28102043719541325,0.28584821140349626,1.6889293042551998,0.45405337204259316,0.45936680128935325,1.156685514026336
Weather,116,0.0006007207395455434,0.0006116309406785455,1.7837882957487892,0.016731703014769058,0.01690033457399396,0.9978001233442428
Weather,117,0.562660048870015,0.5697839301121752,1.2502776694242208,0.5503829737486942,0.5482617184502386,-0.3869056012977963
Weather,118,1.3775225929207535,1.3964650585467986,1.356458259382239,0.9386086967512003,0.9422700157308402,0.3885636726750951
Weather,119,1.3795251486279729e-05,4.4205377391710026e-05,68.7928204660757,0.0030191301678617797,0.005315020131982035,43.196260919224216
Weather,120,0.00071035048476625,0.0010464143256479982,32.115753066897156,0.014667370304879215,0.02067817427838842,29.06834951957695
Weather,121,0.061575913106259546,0.0644982544861854,4.530884445177939,0.1296420847557278,0.12932003881368373,-0.24903019284432665
Weather,122,0.07242792331170772,0.0698184623036063,-3.737494241500404,0.13069419960713982,0.12760395484267772,-2.4217468559434887
Weather,123,0.027207261439791564,0.02989688405943737,8.996330902908221,0.0959863665060968,0.1003661905738732,4.363844082089265
Weather,124,0.3637185215596381,0.37966703026105436,4.200656741368954,0.5498038372081484,0.5603456243683468,1.8813008796279398
Weather,125,0.004043090331250252,0.0042403368538505536,4.651671067622526,0.04647940943769855,0.04789549643951937,2.956618277480429
Weather,126,0.16511469980980792,0.16684291701609827,1.0358349261680666,0.33843335437381433,0.3428552107109378,1.2897153664237357
Weather,127,0.26346397112958975,0.25608707335103154,-2.8806209083604637,0.44201247133379284,0.43697545377395325,-1.1527003442269408
Weather,128,0.2625177478907628,0.2584647037746749,-1.5681228643201113,0.435935555868006,0.43293846658004137,-0.6922668044814413
Weather,129,0.2649521118588845,0.28384225390879997,6.655155034100371,0.47224583424168587,0.4923019115829245,4.073938546521438
Weather,130,0.12186334204734442,0.13181499503949318,7.549712374655961,0.2812772483475985,0.2911319872616635,3.384972914435466
Weather,131,0.682961881283301,0.6922825441771013,1.3463668804302333,0.668871779889418,0.6733592004665601,0.6664229989035209
Weather,132,0.47670725518893703,0.4852687122870388,1.7642713987786627,0.642667566497241,0.6508940958405017,1.2638813895888532
Weather,133,0.5631327254575144,0.5819479810228573,3.2331507589857766,0.5296734500818678,0.5440322249112393,2.639324321590345
Weather,134,0.49098800931567604,0.5200217547722433,5.583179009363434,0.6541920402669348,0.6751378386242626,3.1024477016440564
Weather,135,0.48812323608302305,0.5037315466719745,3.098537443618843,0.6524010932279958,0.6637187758667602,1.705192477640021
Weather,136,0.28663112801848306,0.29112016165609217,1.5419865158333212,0.45975040597461175,0.464345036613991,0.9894863252729815
Weather,137,0.0005868946955820384,0.0005947018678826077,1.3127875868905807,0.017730459085891603,0.017757550231251824,0.15256127679448783
Weather,138,0.5761327851776485,0.5736523550289178,-0.4323925679004221,0.5720632159444197,0.5668857395217654,-0.9133192214399543
Weather,139,1.4272153270521895,1.5038979532183885,5.09892483077697,0.9706057348259693,0.9967431353997098,2.6222804698081985
Weather,140,1.5857500831830622e-05,3.915904869351777e-05,59.50488747584001,0.0031961263053947027,0.005008806308938398,36.189860252908986
Weather,141,0.0007084984806537119,0.0010101237780388355,29.860231383794552,0.014762810917778148,0.02026812265523606,27.16241573580408
Weather,142,0.06114981925985905,0.06629230227011393,7.757285286761303,0.13332399003362905,0.1329860960547295,-0.25408218522370385
Weather,143,0.069797176245244,0.06981771438432846,0.02941680240548913,0.12943725561635297,0.12783226557867744,-1.2555437630788921
Weather,144,0.026368701340191147,0.029365386426332817,10.204820882092847,0.09342183333743985,0.09869316264391981,5.341129177812104
Weather,145,0.3664596017960991,0.3831422657784456,4.35416957939936,0.5530930514180606,0.5645584372226343,2.0308589950365565
Weather,146,0.004184989846170417,0.004393573237511044,4.747465902236554,0.047488447737952,0.04870053707064573,2.4888623526583524
Weather,147,0.16562014953650303,0.16788404339346438,1.3484866168344167,0.3429430667155733,0.34752593614264493,1.318712921958886
Weather,148,0.26693475891977597,0.25877573672718185,-3.1529316835433816,0.4476213959983498,0.4412923563174748,-1.434205598685186
Weather,149,0.26514266789704966,0.26130209219711914,-1.4697837539828384,0.4413039823153263,0.43733802341222244,-0.9068406337414802
Weather,150,0.27671594514160985,0.2918530306561398,5.186543884947499,0.48575642137018604,0.5014928599525269,3.1379187699363316
Weather,151,0.12117311634732451,0.13101248053813963,7.510249520045333,0.2798899374080874,0.29021294162375855,3.5570447540738033
Weather,152,0.6927330526890343,0.7006280368152338,1.1268438759725963,0.6762093800994787,0.6795758922631244,0.4953842833409722
Weather,153,0.49205728054322306,0.498281607209594,1.2491584229302686,0.6548009918472316,0.6612770391511731,0.9793243860779193
Weather,154,0.566612652943125,0.5806248175453723,2.413290679079927,0.5318165340706602,0.5442550228979801,2.285415532058669
Weather,155,0.5103624598253574,0.5368338039854126,4.931012906328538,0.6689980052269271,0.6877179222660036,2.722034199340785
Weather,156,0.5066956662041434,0.5190796371584688,2.385755492570929,0.666289436734385,0.6751326601124472,1.3098497377669915
Weather,157,0.29045708372256634,0.2959276286161578,1.8486090397078763,0.4641108166595384,0.46959225483773887,1.1672761042650703
Weather,158,0.0005887438688458765,0.0005944303329871427,0.9566241535304,0.01742788201509029,0.01745044999801798,0.1293260800165899
Weather,159,0.5768083010595999,0.5711158347352346,-0.9967271047569977,0.5569134935926235,0.5482067638783822,-1.588220045415732
Weather,160,1.3451545707352321,1.3807660032206501,2.579106988610233,0.9364061273139871,0.9449439810404834,0.9035301454690691
Weather,161,2.5310427305303944e-05,7.885887560714892e-05,67.9041488856716,0.004100591358211305,0.007332121280746328,44.07360160586554
Weather,162,0.0007120661701594098,0.001083218543201052,34.26384965169065,0.014047417862133846,0.020967032315416467,33.002355074326964
Weather,163,0.06354301954349008,0.07008537718970029,9.334839746245484,0.13051788457410618,0.13316047847684886,1.9845181790948005
Weather,164,0.07460959752837847,0.07328365820325898,-1.809324694793306,0.13374309145033295,0.13155838805007786,-1.6606340596264217
Weather,165,0.028249280304642205,0.03037832096825933,7.0084211232136395,0.09803436409500944,0.10116169283606319,3.0914159830457897
Weather,166,0.37087301371399045,0.38831949511406505,4.492816255580953,0.5579839783634978,0.5704419036116127,2.183907803623938
Weather,167,0.0041417584609921,0.004395465255623063,5.7720122871270325,0.04718150601776061,0.048637750553077945,2.994062263895506
Weather,168,0.1662016695125238,0.16841335336212301,1.3132473200290986,0.3449862050772127,0.34960500716438725,1.321148722850735
Weather,169,0.26592850858604355,0.25978547579507405,-2.3646559809276244,0.4476333135745436,0.4436931989265658,-0.8880268296900238
Weather,170,0.2634488579836091,0.26057835856755107,-1.1015878033147997,0.44069221606607445,0.438195794084782,-0.5697046879481129
Weather,171,0.28062816250830225,0.29011586468522255,3.2703148403188886,0.4897131622164226,0.4996104529661049,1.98100153648182
Weather,172,0.11833881856261565,0.1286719949137145,8.030633517439542,0.27519378572889963,0.28640506703652335,3.914484273490183
Weather,173,0.686878995724131,0.7002106459748739,1.9039485228308406,0.6747596639669307,0.6796051142318498,0.7129802533042846
Weather,174,0.4886361748358084,0.4902432548487072,0.3278127739655966,0.6527833701512362,0.6555118830344225,0.4162415592766664
Weather,175,0.566738626846631,0.5804143979342907,2.3562081051628154,0.5323610739957075,0.5438955377651534,2.12071307237426
Weather,176,0.49863830651991475,0.5219033468628473,4.457729670211616,0.6610888418081837,0.6776997594641418,2.4510732701295925
Weather,177,0.4987141381303951,0.5071656260477154,1.6664157591242537,0.6609117957039012,0.6671209031095108,0.93073195228456
Weather,178,0.2926780884668979,0.2989193953141902,2.0879564675728517,0.4674433428807889,0.4737350718494175,1.3281112888826745
Weather,179,0.0005926339018240367,0.0005933307620264878,0.11744885771150078,0.01751487330191392,0.01739911540990862,-0.6653090647319782
Weather,180,0.5793813250893525,0.5737384501071844,-0.9835274210947342,0.5581313481330047,0.555372849663844,-0.4966930722001114
Weather,181,1.374670524195253,1.4146878544874109,2.8287038844097125,0.9446294604738998,0.9538723941028769,0.9689905784169527
Weather,182,2.6007620564905747e-05,5.8937500383959916e-05,55.87254227703246,0.004187670308682653,0.006130532309826877,31.691571024426903
Weather,183,0.0007105905538052278,0.0009933824077267342,28.467572177833308,0.014836888191186719,0.019699846032179065,24.685258113433278
Weather,184,0.06440363424934373,0.07027428046220877,8.35390440749099,0.1310552595131513,0.1339580341656175,2.1669283746560333
Weather,185,0.07920197244733407,0.07650536548114319,-3.524729212430902,0.1384758349959207,0.13589329077722645,-1.9004206932687235
Weather,186,0.03232854972350064,0.03321807297620844,2.6778291845673876,0.10547667903851511,0.10689764672295293,1.3292787334416714
Weather,187,0.3763446475820744,0.3947273241330952,4.657057018130939,0.5639020719389212,0.5774578185976781,2.34748690245051
Weather,188,0.0038986467069936567,0.004148945412092045,6.032827146119972,0.045327111579717895,0.04712728779965498,3.819817146256955
Weather,189,0.16706309956150894,0.16925551158551114,1.2953268129732634,0.34515597201987275,0.34999203759038616,1.3817644549312043
Weather,190,0.26827013988314,0.26229606204113676,-2.2776086669064566,0.45321687710432645,0.4487978064772,-0.9846462178176734
Weather,191,0.26460011978135806,0.2609117771023307,-1.4136359500478821,0.444535494734171,0.44024897372841626,-0.9736583754989093
Weather,192,0.27507956414782514,0.28432757892771504,3.2525915406331496,0.48262285881113104,0.4928035014325158,2.0658624769894964
Weather,193,0.11880928267669225,0.13047164680940695,8.938619552914126,0.2721669972780445,0.28675218627581167,5.086339248949424
Weather,194,0.685395420554298,0.6987941470843011,1.9174068051240667,0.6779377521269554,0.6814055121291959,0.5089128192410304
Weather,195,0.47769585358754385,0.48106881666608914,0.7011394132591364,0.6445583648242367,0.6481940341583039,0.560892131441511
Weather,196,0.5726655153327121,0.5801728717201609,1.2939861123099503,0.5353374671488483,0.5438922516037968,1.57288220777602
Weather,197,0.4834343797517239,0.5093857111189966,5.094632770570637,0.6501624490095613,0.66895720646846,2.809560503596253
Weather,198,0.48228512273263074,0.4940989918518974,2.390992354586255,0.6488988149497245,0.6575684416211314,1.3184371576642755
Weather,199,0.2951870465266664,0.3029862246472414,2.574103205403276,0.47104637013973033,0.4790994593885747,1.6808804708570693
Weather,200,0.0005871967950426897,0.0005875778699975857,0.06485522589501612,0.017114965622578086,0.017043319364963987,-0.42037736945410875
Weather,201,0.5682893952429173,0.5690563640365719,0.13477905566578888,0.5516688154786,0.5463705101343496,-0.9697275467791334
Weather,202,1.2671092529535433,1.3627848794055262,7.020596419716552,0.9079012840000158,0.9406737682846344,3.483937300003689
Weather,203,1.389430256103828e-05,4.7379226107013146e-05,70.6742728771975,0.0029759656120505597,0.0055670200226207575,46.54293320379366
Weather,204,0.0006906945976187441,0.0009326364815356826,25.94171348718378,0.014559910643017954,0.018793747750007445,22.52790216888919
Weather,205,0.06484333711036686,0.06920045394774797,6.296370310910241,0.12929926513590748,0.13187065314139343,1.949931955466147
Weather,206,0.07863055180854815,0.07489426998214298,-4.9887418988075,0.13463317158440682,0.13230377825561845,-1.760640065991048
Weather,207,0.030322387004655473,0.030833589281633707,1.6579395681408273,0.10034530747086845,0.1027139606174185,2.306067385885971
Weather,208,0.38114578263065124,0.4006034134391865,4.857080632811184,0.5694634067843759,0.584278003163086,2.535538955515833
Weather,209,0.0038115091775040508,0.004071184298293191,6.378368105271151,0.04482011173857043,0.046744940940394976,4.117727315730099
Weather,210,0.16769888876284433,0.16943828972295585,1.0265690021751102,0.3448696179781109,0.3495254300793426,1.3320381581891918
Weather,211,0.2725153194488512,0.2636108953296795,-3.377866498285498,0.4581883209660494,0.45036682892241514,-1.7366936331320395
Weather,212,0.26880294270387456,0.2630936663688949,-2.1700546477521123,0.44872704826217763,0.4420243573316839,-1.5163623495671346
Weather,213,0.2801645966091209,0.29148800425742694,3.88469078758582,0.4881136395363784,0.5003687141996731,2.449208816521714
Weather,214,0.11646761453224845,0.12534955079740076,7.085734419190663,0.2691320156919472,0.27985384335819014,3.8312240195035825
Weather,215,0.693152071520625,0.7021310578114348,1.2788191308325874,0.6831759866063496,0.6843115238002307,0.16593863385130536
Weather,216,0.4871569825568659,0.49433733125211415,1.4525200184782812,0.652010896769611,0.6581252202896091,0.9290516958622949
Weather,217,0.5797349771286872,0.5753860740318457,-0.7558234884566812,0.5389983225238717,0.5412334982376907,0.4129780808277737
Weather,218,0.4915473777443493,0.5193533487723253,5.353960091661142,0.6565369654718476,0.6762337162948421,2.9127135113751983
Weather,219,0.49347117329558693,0.5085764022858956,2.97010024893316,0.6575033821165561,0.66787573190199,1.5530358852679524
Weather,220,0.2960625779772602,0.3054983592038934,3.0886520147676575,0.4716656850328339,0.48208575139942694,2.161454956166005
Weather,221,0.0005827343533159557,0.000591768356419976,1.5266113853524284,0.01659761859004397,0.016681029140403956,0.5000324000271238
Weather,222,0.5598278727767269,0.5582376222598044,-0.28486982129310956,0.5291100613134606,0.5276819256944792,-0.2706432700157016
Weather,223,1.2866451563222552,1.4016419919817957,8.204437104295467,0.9076235741392844,0.9459741806730866,4.054085969504439
Weather,224,2.202545298784459e-05,7.647296952154318e-05,71.19838143379563,0.0037655136754943266,0.007208494645439916,47.76282898571083
Weather,225,0.0007526170053469882,0.0010075509703890346,25.30233928945665,0.015491389824698368,0.01966867648685972,21.23827022602217
Weather,226,0.06260193442824814,0.06881462130832813,9.028149486202452,0.12721076213961674,0.13143566757337086,3.2144284057412826
Weather,227,0.0749984186295946,0.07314379141395311,-2.5355907586815287,0.13081199524215462,0.12983832827934647,-0.7499071928231481
Weather,228,0.03059291900634745,0.03165520116377297,3.3557902599627814,0.1009261659721637,0.10365216610047759,2.629949986449278
Weather,229,0.3850192972252912,0.40534912538403317,5.015387202200377,0.5740876312864001,0.5900633071010816,2.7074511535327135
Weather,230,0.003728831186875762,0.004023644991492643,7.327033205966678,0.04443999420927867,0.046622850751919034,4.681945671351979
Weather,231,0.16839664704581447,0.17009925949305177,1.000952298270789,0.34559356514881884,0.35034375036031834,1.3558641210565552
Weather,232,0.2678649645633305,0.2608123820491459,-2.7040827044996703,0.45154598522155237,0.4457871471868,-1.2918358169575506
Weather,233,0.2638507843556971,0.26075400382977065,-1.1876253021787238,0.4410901880810141,0.4380743950262614,-0.6884202977834171
Weather,234,0.2814406853063511,0.2952849991802889,4.688458239453281,0.4899029769743922,0.5043603128769771,2.866469770414177
Weather,235,0.11326193544236192,0.12087594981918315,6.299031683482894,0.2665361139263647,0.27327703777506634,2.4666996918526527
Weather,236,0.6811524179462078,0.6954297138719383,2.053017816313726,0.6761900164130363,0.6808410893344747,0.6831363433110138
Weather,237,0.4884135152654838,0.5019024020096335,2.687551741163178,0.6540392380298322,0.6639607984663194,1.4942991302204816
Weather,238,0.5733358784503632,0.5710497646855198,-0.400335295839288,0.536987407271388,0.5378828972442231,0.16648418780797727
Weather,239,0.4921628015822391,0.5245449147364982,6.173372812226404,0.6579142406440547,0.6803228399263591,3.2938184590024977
Weather,240,0.4940819334827481,0.515293600814466,4.116423588065327,0.6585506183819638,0.67260396298435,2.0893936663755808
Weather,241,0.2960053171942225,0.3070929515974335,3.6105141279001733,0.4708008139304487,0.48272729217367466,2.4706451109325456
Weather,242,0.0005900509747289253,0.0006010270948392038,1.826227170875715,0.01651807634095045,0.01648846429326214,-0.17959251487362973
Weather,243,0.5613009890991069,0.557137655675416,-0.7472719499893995,0.5327018737568626,0.5245729661736227,-1.5496238097312511
Weather,244,1.2705630195305573,1.2842752357396892,1.067700741051369,0.8966516158067962,0.9000221564191735,0.3744952930700417
Weather,245,1.7414243595677744e-05,3.9419364176426465e-05,55.823124092671705,0.0033387911609477467,0.00499845188524988,33.203495050131195
Weather,246,0.0006970776050692413,0.001010322662628258,31.00445720421034,0.014175902400165797,0.01992158278202017,28.84148536149459
Weather,247,0.0679619605124922,0.07660189371782974,11.279007327369145,0.13006066858975424,0.13986838047082226,7.0121008394130895
Weather,248,0.08336311075460251,0.08044159027638885,-3.6318532094848233,0.14083808022406225,0.1410789476951777,0.17073239845528784
Weather,249,0.034055308962329625,0.0342263141610113,0.4996307749564125,0.10782006294595906,0.10849882531005682,0.6255942054285544
Weather,250,0.38882477116523484,0.40930938409096423,5.0046770784949635,0.5784565788569226,0.5948797355488448,2.760752419439861
Weather,251,0.0037479342062248515,0.004042303953180226,7.282226927140981,0.04457452802115666,0.046727585993216456,4.607680722844012
Weather,252,0.16974155229692545,0.17078010483194037,0.6081226709849652,0.34475038186647,0.3490934731490496,1.2441055524189815
Weather,253,0.26363714551253226,0.25692788397066124,-2.6113403645348003,0.4453070195107203,0.4399638091084651,-1.2144658927930012
Weather,254,0.2594015342414315,0.25680634036903116,-1.0105645634258937,0.4351349428748815,0.4330219572791571,-0.4879626910841021
Weather,255,0.2780793426526648,0.2924830376110126,4.924625741033205,0.48572008015956575,0.5011275932415932,3.0745688902026744
ETTm1,0,0.3586653385998914,0.3536058326765766,-1.430832145787165,0.4298244371728894,0.4330433425419162,0.7433217539224105
ETTm1,1,0.21094742954033632,0.19692367222834725,-7.121417731702418,0.3565728760117458,0.34313113138907486,-3.917378341118636
ETTm1,2,0.39014917289238804,0.3921862176541886,0.5194075339987407,0.4319991249785138,0.4414192650363677,2.1340573019797406
ETTm1,3,0.2187203972992336,0.20597874896662346,-6.185904320971854,0.3682268286026859,0.35459635485442254,-3.8439407404115262
ETTm1,4,0.3447584585686197,0.33869179658182436,-1.791204288979494,0.36860808727344396,0.3597411873527259,-2.4647997595071183
ETTm1,5,0.11738722936097232,0.11924817994464426,1.560569381046997,0.2601063796215587,0.26168434305323496,0.6030026150075236
ETTm1,6,0.08856513711373751,0.08923068176847324,0.7458697407049024,0.20403328869207243,0.20598451348357938,0.9472677137266885
ETTm1,7,0.35757838238504164,0.3538961689642733,-1.040478463371013,0.4299499837814235,0.4323991742635068,0.5664188619820896
ETTm1,8,0.21660031762056833,0.20163622468005357,-7.421331640313662,0.36292066500625675,0.34856203970137156,-4.119388708301929
ETTm1,9,0.38588875475676,0.3903103762194486,1.1328475316276445,0.4322722447402258,0.44113416126282473,2.0088937336501274
ETTm1,10,0.21889973041896368,0.2098265879873867,-4.324114745707245,0.366124855706908,0.3592939257731713,-1.9012094120536769
ETTm1,11,0.3471594638454627,0.34259389217799596,-1.3326482963376005,0.3706758763427691,0.36254636375847943,-2.242337366181773
ETTm1,12,0.12132683028279517,0.12591508284067227,3.6439260923831323,0.2663810748192999,0.2722085075245963,2.1407974197021895
ETTm1,13,0.08886082667690114,0.08964085732928857,0.8701731282221633,0.20549358365565745,0.20734199424300137,0.8914791208083066
ETTm1,14,0.3621735130102642,0.3711502619000032,2.418629275319652,0.4310161949164467,0.4442962171642446,2.9890018718949887
ETTm1,15,0.21421152647422684,0.19864248357649855,-7.837720621194581,0.35828573439115036,0.34353643983809484,-4.293371195209074
ETTm1,16,0.3930489999619583,0.4116476979634503,4.518110533231587,0.43070833400383385,0.45079095305021233,4.454973843306376
ETTm1,17,0.22759564909898983,0.21130528480217967,-7.709397477711415,0.3759090106125869,0.35849947756117523,-4.856222711912008
ETTm1,18,0.3464585025166279,0.3445129751994863,-0.5647181549592023,0.36932376224738417,0.36346708281602735,-1.6113369568383265
ETTm1,19,0.11720064910710884,0.12063919309709219,2.850271045178458,0.2620038282540109,0.2651543898714913,1.1881989278047915
ETTm1,20,0.08936971367204499,0.0896843735675981,0.3508525320923862,0.20621570624126534,0.20822796672711977,0.9663737861357841
ETTm1,21,0.3581410647348855,0.36546225836642726,2.003269411256481,0.4260648036922147,0.4390658324716949,2.9610659308859577
ETTm1,22,0.21530530458668712,0.206075064295257,-4.4790670443297165,0.35846022641182773,0.3495634926379555,-2.5450980898301707
ETTm1,23,0.39303520429283767,0.4065521801884428,3.324782538206982,0.4304735914998067,0.4466653675034953,3.625035022121318
ETTm1,24,0.2191191418862145,0.2106859150738607,-4.002748266013584,0.36483248205299285,0.3557021278972065,-2.566853960014795
ETTm1,25,0.3535973416951739,0.3535418170920783,-0.0157052434566986,0.37408186797143167,0.37065661347248047,-0.9241045146508661
ETTm1,26,0.12555674296149377,0.12876579555531562,2.49216228578597,0.26859238743782043,0.27270433240466646,1.507839985741152
ETTm1,27,0.08878632982909627,0.08931414500011867,0.5909648141643077,0.20457771979401715,0.20615717510097764,0.7661413221183598
ETTm1,28,0.3578124355522046,0.3651391977965384,2.006566889708842,0.4247158541787131,0.4415970596513944,3.8227622000036994
ETTm1,29,0.21679718003044404,0.20561728571951443,-5.437234652625591,0.35891449169980155,0.35049186331840854,-2.4030881349566102
ETTm1,30,0.3898819967935939,0.401953626548935,3.003239418184839,0.42726889414479957,0.44650707721787813,4.308595329092864
ETTm1,31,0.2093554678031769,0.2000090429859667,-4.673001119187388,0.35441860711887585,0.3470815130903955,-2.1139397380031206
ETTm1,32,0.35011341177919947,0.3575329579734967,2.0752062233231214,0.3706375249322769,0.374809693421816,1.1131431664558609
ETTm1,33,0.12178524235235663,0.1303547349468831,6.573978764958834,0.2643851816654205,0.2747289846340815,3.7650934365145967
ETTm1,34,0.08827801586885209,0.08855443719354475,0.31214847437685544,0.20490309928880177,0.20519126307659058,0.14043667526002462
ETTm1,35,0.3612429160237252,0.34901772900093564,-3.5027409804608527,0.4291882168013318,0.43030632718032896,0.2598405620302684
ETTm1,36,0.2245474536660481,0.2158608168064352,-4.02418418874154,0.36514079438056796,0.3587407370304896,-1.7840341755038611
ETTm1,37,0.39583177074008535,0.38684895002448894,-2.3220486226026393,0.43295521176187324,0.4353634708444588,0.55316057590095
ETTm1,38,0.21015559631517886,0.20989365742459068,-0.12479600089025257,0.3549775320111722,0.3558953680518445,0.25789491043294493
ETTm1,39,0.3574445690998565,0.3626055355012762,1.4233005004419066,0.37426917626613027,0.37777077093487604,0.9269098983175218
ETTm1,40,0.1324221461021634,0.13650039057973168,2.9877163429698137,0.27671844296985204,0.28205063276820713,1.8905080077367364
ETTm1,41,0.08947524282426962,0.09019078362884074,0.7933635519963558,0.20609863677398405,0.2075542275651565,0.7013062601750768
ETTm1,42,0.34103483998544054,0.34463928332618704,1.0458596901546597,0.4175904767099483,0.42813004780748287,2.4617686031403916
ETTm1,43,0.21660830175796175,0.21260351586372572,-1.8836875194495895,0.35796380989874405,0.353511035338872,-1.259585731348852
ETTm1,44,0.37733710812117516,0.38531904744589596,2.0715143405521816,0.423988617293071,0.43601804631632857,2.758929160131657
ETTm1,45,0.21272122237249566,0.21424572362443076,0.7115667123454567,0.35602072318045735,0.35890960178609627,0.8049042408624754
ETTm1,46,0.35424839594171575,0.35226597855879904,-0.5627615221393893,0.37556977483371967,0.3693494754093182,-1.684122988805677
ETTm1,47,0.12628365679926776,0.12978749598929426,2.6996739272291093,0.27167702913284303,0.2764220716224776,1.7165932017596306
ETTm1,48,0.0900962289914054,0.09153028366575361,1.5667543209906638,0.2072258943135643,0.20967864506593387,1.169766597641971
ETTm1,49,0.3447799242363949,0.34913617523548524,1.2477226102829688,0.4222095800230616,0.4315418370892682,2.1625381977219855
ETTm1,50,0.21676305309907776,0.21295099316211924,-1.790111368044385,0.35556409530496846,0.35341891912329526,-0.6069783097618573
ETTm1,51,0.3805168880237774,0.38789635425500013,1.9024324797782202,0.4278897732638547,0.4386476381824145,2.4525072021671437
ETTm1,52,0.21170628666463884,0.21760219580791557,2.709489727981071,0.3525545029596995,0.358575023563915,1.6790128170046397
ETTm1,53,0.3606121754974439,0.35817350566923967,-0.6808627074879893,0.37746415042525366,0.37540192325799987,-0.5493384661848153
ETTm1,54,0.12696932022718996,0.1314572883778247,3.4140124187985332,0.2714282696445783,0.2775034243861834,2.189217936694987
ETTm1,55,0.09281481528622679,0.09352301411246065,0.7572455111233508,0.21223483512617855,0.21356378192107917,0.622271615039912
ETTm1,56,0.3502471170617385,0.3617293871455652,3.174270737148058,0.4299969687931783,0.4424451463315765,2.8134962359987847
ETTm1,57,0.219653596370118,0.22061694561736012,0.4366614924099978,0.35927748273695925,0.36223187351909775,0.8156076254241419
ETTm1,58,0.3910903901174189,0.3985973629660547,1.883347343990101,0.43639807102865436,0.44959468685685555,2.9352250402378104
ETTm1,59,0.21425622128807964,0.21799216638350613,1.713797865953573,0.3589119150865978,0.3638057265618247,1.3451716446236959
ETTm1,60,0.3540698062172012,0.3527650394007835,-0.3698685160621306,0.37523799369325084,0.37091396220073675,-1.1657774937504097
ETTm1,61,0.12696794740733003,0.13447666327105745,5.583657179679201,0.27110875099897386,0.2804944111241235,3.34611306069707
ETTm1,62,0.09365521176302755,0.09451122132900147,0.9057226792087305,0.21289070652823688,0.21464836836094037,0.818856367800523
ETTm1,63,0.3595273654609544,0.36582474639374385,1.7214201594802692,0.43261944603776403,0.44253042973869017,2.2396163144709558
ETTm1,64,0.22575047125796227,0.22510985490638952,-0.2845794342673935,0.3640915805991325,0.36451136963183267,0.11516486663342738
ETTm1,65,0.400611754939554,0.40584266064788316,1.2888999150504818,0.4411845936944398,0.45256751545045215,2.51518753940672
ETTm1,66,0.211218281377158,0.21567353711657156,2.0657405627865617,0.35427534666184024,0.3594784838089254,1.4474126773748117
ETTm1,67,0.3452676587495297,0.3406525089998653,-1.3547969346282418,0.3723616044383056,0.36393127522072366,-2.316461868375832
ETTm1,68,0.12424162355401215,0.13182502302411148,5.7526251815729115,0.2684124090605312,0.2759127217862341,2.7183642266099755
ETTm1,69,0.09287888441067847,0.09323263510285415,0.37942796724067746,0.21079811989717806,0.21261116719364914,0.8527526189721417
ETTm1,70,0.37958139674592545,0.37289645705357816,-1.7927066792664088,0.44343818199801416,0.4390016187063237,-1.0106029460129065
ETTm1,71,0.22504865475500446,0.22552565538305794,0.21150614870990372,0.363797955846207,0.36639373355752064,0.7084667322527026
ETTm1,72,0.4212611007457548,0.4125104169217008,-2.12132432663269,0.45332521518252583,0.45209886664912724,-0.2712567148172829
ETTm1,73,0.20364964393098378,0.2088517790477354,2.490826336491297,0.3477092806359805,0.35501472633137987,2.0577866644833995
ETTm1,74,0.34605878795097317,0.34657543344069996,0.1490715843871826,0.3740643310648415,0.37246457677780803,-0.42950508230150086
ETTm1,75,0.11989697286116287,0.12891549430604773,6.99568464863869,0.26410678144958283,0.2738898378279474,3.5718946186349974
ETTm1,76,0.092492362770297,0.09254780425507263,0.059905780825250554,0.2093275738789493,0.2101563990646456,0.39438493873381625
ETTm1,77,0.36312396596577434,0.37495833854839644,3.1561833318435775,0.4397399069666992,0.44074809935959314,0.2287457153777547
ETTm1,78,0.21605970968689017,0.22049646158192715,2.0121646684060135,0.35588913074203044,0.35872352275247166,0.7901327430922407
ETTm1,79,0.40309152275802296,0.41372862705191754,2.5710341509822006,0.44667368807907526,0.4499722467567254,0.7330582500199194
ETTm1,80,0.20822315735939795,0.21740091532713027,4.221582026884407,0.3504004927565499,0.36074787954114274,2.86831534470953
ETTm1,81,0.3465180598480006,0.3498096712066821,0.9409720855706931,0.37382240207807627,0.37697807205840944,0.8370964292703561
ETTm1,82,0.122076757626903,0.12999148296807336,6.088649164125829,0.26719775216446984,0.27719613280561234,3.6069697437496377
ETTm1,83,0.09321962987598381,0.09395935378055162,0.7872807493924256,0.21102114541378494,0.21281388780852367,0.8423991559948018
ETTm1,84,0.36602639119994174,0.38147762263380464,4.050363774206264,0.44309618055801064,0.45324158568433226,2.238410032698887
ETTm1,85,0.22584814655674051,0.23213761775571978,2.709371819951098,0.3637283764249231,0.36957276973019665,1.5813917539271576
ETTm1,86,0.40735383493710997,0.42201968193653383,3.475157114029911,0.45141586012905466,0.4618236510277105,2.2536288203289425
ETTm1,87,0.2114848368741521,0.22192394521298434,4.703912562843835,0.35340455631893647,0.3631142960919533,2.6740174863723807
ETTm1,88,0.34185634095616324,0.3454549865581508,1.0417118704354897,0.3677530497202598,0.37215926838010394,1.1839604798835375
ETTm1,89,0.12220645849905952,0.1253421412333964,2.5016987132029356,0.26789437383413317,0.2712957421938578,1.2537492598369508
ETTm1,90,0.09438936075153569,0.09500002835254902,0.6428078092220342,0.21383633050783019,0.21490382959988588,0.4967333965351834
ETTm1,91,0.37236090526282606,0.38145854965838455,2.384962770845192,0.44976071223597197,0.45414928523597253,0.9663282851409295
ETTm1,92,0.2218422104452066,0.22936158708288817,3.27839405600388,0.36054865838830463,0.3701077467723129,2.5827852746592015
ETTm1,93,0.41101584161585236,0.4218283046432325,2.563237911814606,0.4537908392841928,0.46062194329893424,1.4830174971295744
ETTm1,94,0.2154506015787276,0.22713882325645252,5.1458493577420015,0.35729877588714265,0.36876156651738307,3.1084558888541522
ETTm1,95,0.34250993310869504,0.3466923238555542,1.206369584520053,0.3680827791120262,0.3718697893889233,1.0183699738341525
ETTm1,96,0.12164948622912806,0.1255194451787114,3.0831549199993455,0.26712629430823853,0.271230100426409,1.5130349145315156
ETTm1,97,0.09337567932833508,0.09431420695158212,0.995107368849363,0.21120348250001875,0.212923891926443,0.8079926638850835
ETTm1,98,0.3586242897338435,0.37127441645470494,3.407217454317839,0.43565012234127304,0.44150131147115546,1.3252937143913086
ETTm1,99,0.22496217196864482,0.2330809548325405,3.483245926175605,0.36489005888320714,0.37231607572563613,1.9945463885640302
ETTm1,100,0.39805124425251187,0.4096612925544341,2.834060359847044,0.4414530569642213,0.45127918994532795,2.1773955458254246
ETTm1,101,0.21047256202232623,0.22374255594206582,5.9309208585136695,0.35473549470577076,0.3654381000378635,2.928705389772935
ETTm1,102,0.3404576499320994,0.34549653539628783,1.458447465589996,0.366268215966799,0.36918308901270697,0.7895467405354682
ETTm1,103,0.12328438735188134,0.12672516307474663,2.715147993801205,0.2686876252293587,0.2728810767332713,1.5367322476565495
ETTm1,104,0.0938135014918122,0.09389001712203636,0.08149495821766681,0.21189134841293303,0.21345047073361154,0.7304375180433821
ETTm1,105,0.35531843965061854,0.3774056180289212,5.852371380600402,0.43663001810491553,0.45306843830654137,3.628242184131964
ETTm1,106,0.22306727856963338,0.2325999267127516,4.098302298646261,0.3637579941721116,0.3711063581583504,1.9801234402735033
ETTm1,107,0.39620101619169446,0.4136637488363754,4.221480053256573,0.4429830484389741,0.4573126408465517,3.1334345757535678
ETTm1,108,0.2093129227710162,0.2236657326213482,6.417080382460903,0.35431997405636745,0.3669856258713278,3.4512664589760242
ETTm1,109,0.3454006671403356,0.3422769953473622,-0.9126151729254616,0.3697732125092039,0.3685515232164309,-0.3314839895684177
ETTm1,110,0.12620919236061076,0.13119267378258923,3.798597344114675,0.27211037228504814,0.2777457430958748,2.028967482277987
ETTm1,111,0.09428419030031102,0.09322484547384244,-1.1363331535538077,0.21344113803287554,0.2137181923013284,0.12963532279097784
ETTm1,112,0.3526131512423125,0.3735603992248365,5.60745947000565,0.4312311212561326,0.4443483640210211,2.952017792118611
ETTm1,113,0.21490290064559778,0.22135250167632817,2.9137240292686157,0.35509597529372616,0.3608975004521199,1.6075271098097845
ETTm1,114,0.4005237300407959,0.4153646853098989,3.5729939963553563,0.4419290016081909,0.4528267437695629,2.4066030355569548
ETTm1,115,0.2116236252890495,0.22240025492618162,4.845601296954033,0.3569368755451352,0.36706873398054285,2.7602074209743797
ETTm1,116,0.34959923147269445,0.3441861067170537,-1.5727319174131427,0.3737946443673637,0.3713381065812428,-0.6615366811494947
ETTm1,117,0.12530096753162917,0.13071765555103543,4.143807503716625,0.27078489081727136,0.2773346766829491,2.3616901946832587
ETTm1,118,0.09334186725109794,0.09300345937200931,-0.3638659049606091,0.21213039221992303,0.2132440919483391,0.5222652211559887
ETTm1,119,0.3439747724107376,0.3691819564555929,6.827848329008824,0.4252971533197625,0.4414770941505493,3.664955904885354
ETTm1,120,0.2308248863342419,0.23429894035183135,1.4827442293903261,0.36952433013486574,0.37271482629779107,0.8560153602197166
ETTm1,121,0.3946235343784794,0.4100777693313502,3.768610763287559,0.4377744587642762,0.4512078961913681,2.977216830752108
ETTm1,122,0.21206211217710272,0.22787693396391914,6.9400713410162265,0.3551817253031509,0.3721190363459755,4.551584140693416
ETTm1,123,0.35702623017545393,0.348277879427807,-2.511888140016171,0.3797073052248581,0.37430592807326724,-1.4430380997154866
ETTm1,124,0.13123860728386702,0.1377696472751223,4.740550709412049,0.2772019512123532,0.285500677757793,2.9067274412847737
ETTm1,125,0.09126091760074932,0.09122986871542754,-0.03403368409816576,0.20809007794208204,0.2091852414745113,0.5235376667635132
ETTm1,126,0.35283454411433274,0.3708905160981595,4.868275461389278,0.4312503237843177,0.4424948485079868,2.5411651144829417
ETTm1,127,0.2085160927202389,0.21656194153969585,3.7152644468613314,0.35069054330362837,0.3581637549666791,2.08653487669237
ETTm1,128,0.39978881651112536,0.41004732981805964,2.5017876135142845,0.4430995880613207,0.44855336071923374,1.2158581643816386
ETTm1,129,0.20888206102970083,0.21595514339257824,3.2752553385679097,0.3571712597810094,0.3633486370510784,1.7001239691455374
ETTm1,130,0.3528785035409422,0.3475668917884261,-1.5282271925225344,0.375014178328436,0.36977073660366133,-1.418025064107446
ETTm1,131,0.12605155227074416,0.13450920766444285,6.287789171130812,0.2712511657012833,0.28071902791659037,3.372718367391973
ETTm1,132,0.0901254362116513,0.090367073760416,0.26739556644861623,0.20574572001609745,0.20704934897237562,0.6296223401562582
ETTm1,133,0.3535239771909475,0.3712865393510174,4.7840576690761765,0.42940976981157697,0.44221534556676895,2.895778240978862
ETTm1,134,0.20397004332185176,0.2080815680135485,1.975919698677504,0.34628247091313824,0.34910719774585836,0.8091287865042668
ETTm1,135,0.4015148764836435,0.4105245398995886,2.1946710952160893,0.4393082794099529,0.4479172721505165,1.9220050834902194
ETTm1,136,0.2060649806520239,0.21885852319686722,5.845576566070175,0.3522467226766619,0.36576667009503583,3.696331165128054
ETTm1,137,0.3538203452409022,0.34936732849948177,-1.274594496441891,0.3774792610586802,0.37069071003999043,-1.8313248308697547
ETTm1,138,0.12251803932662994,0.12900304523639064,5.027017693944589,0.2668295022514131,0.27511908577548133,3.0130892230549104
ETTm1,139,0.090218226644741,0.08986184602239387,-0.3965872482280304,0.20600712711327812,0.20605145349400117,0.02151228732989166
ETTm1,140,0.35425575635994305,0.3733149560083194,5.10539407586756,0.4307892954523494,0.4450500944988259,3.204313227376273
ETTm1,141,0.20884721839486073,0.21696752081723,3.742635022875008,0.34925055580291275,0.35764195879585003,2.3463139004132563
ETTm1,142,0.3993208908962135,0.41338426826357527,3.4020107795671937,0.4392266227850794,0.4510581250819895,2.6230549099984555
ETTm1,143,0.20835008803804833,0.21767856418885476,4.285436274153836,0.3553398128605396,0.3649035931933516,2.620906045105564
ETTm1,144,0.3497756476591609,0.343953846329231,-1.692611201200911,0.37375852567395973,0.3693304848433602,-1.1989372695507572
ETTm1,145,0.1246225520447689,0.12831816609935737,2.88003964436878,0.269933312634627,0.2751967782775561,1.9126189179513324
ETTm1,146,0.0901304478008617,0.09009654056676042,-0.03763433522306539,0.20524221484989136,0.20556183399554964,0.15548564606852255
ETTm1,147,0.3633628941145318,0.3672934410022769,1.0701380555610611,0.43502899495231556,0.44500383178464187,2.2415170656673347
ETTm1,148,0.21084282627927056,0.21212534077756456,0.6046022099918987,0.35248138456372546,0.3552925352278786,0.7912214261271031
ETTm1,149,0.40757806220857223,0.4096616569533867,0.5086135618134103,0.44161624659965226,0.4500306801133168,1.8697466385060273
ETTm1,150,0.2180089824839756,0.22238747577300041,1.9688578566780957,0.3654762646784851,0.36725129233479187,0.48332781758835286
ETTm1,151,0.35169756270669883,0.3404754848960484,-3.2960017118638305,0.3736530200351909,0.3648067481023544,-2.4249200374863897
ETTm1,152,0.11961800704005755,0.12168184915981241,1.696096939687596,0.2656888314419322,0.2698016226291656,1.5243760015803576
ETTm1,153,0.09059801019640612,0.09031201083527082,-0.3166792085462037,0.20571781637069458,0.20695160273591884,0.5961714472917761
ETTm1,154,0.3603518951544598,0.3626756185684512,0.6407167438394589,0.43777595233049293,0.44430499836356224,1.4694964173522023
ETTm1,155,0.2023265052027078,0.20590919995928114,1.7399391369019999,0.34461457456539696,0.3488824337268145,1.223294367626257
ETTm1,156,0.40593095372581395,0.40972404222642833,0.9257666403960219,0.44575000060592884,0.4533849764873998,1.6839940177601203
ETTm1,157,0.21710724872952922,0.22810706205883927,4.82221516073566,0.3597148743606845,0.3699451315714719,2.7653444626587724
ETTm1,158,0.3580414794308839,0.3414749333823846,-4.8514676859012695,0.37850142142981186,0.36602774732616833,-3.407849321469119
ETTm1,159,0.11784103318695487,0.1183742006284235,0.45040848313075627,0.26311030073298347,0.26603053957223893,1.0977081217634
ETTm1,160,0.09109256990594888,0.09083217872167693,-0.28667283768435653,0.2066460913887972,0.20650933829989906,-0.0662212614809367
ETTm1,161,0.36194528707595186,0.36459304647605395,0.7262232304466048,0.439500570072495,0.4467681743595878,1.6267059079377029
ETTm1,162,0.20252850817482096,0.2103112890158932,3.7006006085028016,0.3445136145054777,0.3513962491971648,1.9586534311085717
ETTm1,163,0.40508621340539364,0.40708671899842597,0.49142000946487924,0.4468452793947007,0.4533332990624735,1.4311809172612058
ETTm1,164,0.21674017071559587,0.22689903747886325,4.477263048863189,0.36170337730436586,0.3683008010234011,1.7913139750722615
ETTm1,165,0.3618262499057835,0.34861577682291434,-3.789407697856329,0.38058929797261953,0.3721988756209612,-2.2542847120803597
ETTm1,166,0.12269442009691485,0.12408799185653184,1.1230512628717624,0.26962091144588257,0.27260129898786545,1.0933137710820464
ETTm1,167,0.09040356413276977,0.08980560738711457,-0.6658345319993867,0.20537182537761206,0.2047713648333835,-0.2932346252207312
ETTm1,168,0.37426288244339684,0.37250621193619377,-0.4715815336534499,0.4441994831874682,0.44798447134251346,0.8448927132903614
ETTm1,169,0.22261173880998403,0.22616968602372747,1.5731317827315643,0.360590260316773,0.36431099987562954,1.0213085962616422
ETTm1,170,0.4145893431512049,0.4085924932040144,-1.4676848074632087,0.4512063876609318,0.4553478536131378,0.9095169592529954
ETTm1,171,0.2284613317045981,0.23397986708512716,2.358551378491596,0.36956855394010846,0.37110445717828244,0.41387356267621483
ETTm1,172,0.36548432471469,0.35294503038837377,-3.552761264981756,0.38098830302737446,0.3734207847200903,-2.0265391260844297
ETTm1,173,0.12241087192881307,0.12353013462492966,0.906064499577346,0.2700422936015659,0.2720009525616964,0.7200926841188933
ETTm1,174,0.0902649349699597,0.08930762762378597,-1.071921146765258,0.20552374269528728,0.20460084902458928,-0.4510703035191658
ETTm1,175,0.35299997427775104,0.3530385987926631,0.010940592627586435,0.4342770375702659,0.43345565680291553,-0.1894959160087407
ETTm1,176,0.20397880267406127,0.20837476116334866,2.109640565270438,0.34447694116970523,0.3444063287370631,-0.020502652463167508
ETTm1,177,0.39076264271789224,0.38865507613752603,-0.5422717236350825,0.44052480035849534,0.44040291299914114,-0.027676329051537846
ETTm1,178,0.20447156688141663,0.2134628984320284,4.212128485398047,0.3476661937007318,0.35233323134857025,1.3246089873427924
ETTm1,179,0.3662286510958492,0.35753480279418504,-2.431608960504121,0.3816368341310105,0.378059589646485,-0.9462118095907872
ETTm1,180,0.12248788926879767,0.12082820360274156,-1.3735912780039454,0.27022061811553105,0.2675864237878058,-0.9844274946527811
ETTm1,181,0.08897756718851425,0.0896065046785751,0.7018882081349926,0.20350176725252014,0.20454647241082663,0.5107422024899168
ETTm1,182,0.3522266056697379,0.3475985631539255,-1.3314331549071958,0.43532696695668466,0.43529744163032674,-0.006782793449769355
ETTm1,183,0.19676159235509327,0.19970657917777934,1.4746568865237202,0.33591764870280816,0.33755294275082026,0.48445557449021226
ETTm1,184,0.38760758707309145,0.3832026487070262,-1.149506241913534,0.4406616975799099,0.44285223826041653,0.4946436963063242
ETTm1,185,0.20369137360473707,0.21085040549097617,3.395313312093905,0.34655855147284453,0.35457955346274606,2.2621163323068623
ETTm1,186,0.3705458908289987,0.35952669936620557,-3.064916036060295,0.3826158184105427,0.38055479072144305,-0.5415850067719373
ETTm1,187,0.12812571960428062,0.12404714458931052,-3.28792333630352,0.2768812234203021,0.2718667834997177,-1.8444474370991242
ETTm1,188,0.08768036591754572,0.08790049861762617,0.25043396060589346,0.20060302139285746,0.20080973920024311,0.10294212233377734
ETTm1,189,0.3530833388331388,0.3554417843818984,0.6635251263046745,0.43355524440897475,0.43741947119091895,0.8834144423025917
ETTm1,190,0.20195163126482732,0.204503411758504,1.2477936048764104,0.3423842685103106,0.3445879505934297,0.6395122288298392
ETTm1,191,0.3825587952274829,0.38496986668671895,0.6263013466449217,0.43531559949818377,0.4421388963036912,1.543247351126672
ETTm1,192,0.20944302904004705,0.21705554140113273,3.5071725476094895,0.3528689443075564,0.35785835724155834,1.394242395919246
ETTm1,193,0.3727262043932401,0.36190099936334696,-2.991206172112471,0.3838403680342405,0.3847875080818388,0.24614625675345053
ETTm1,194,0.12348441323320077,0.12003941500387186,-2.8698892186518816,0.2705659112996525,0.26658049954308405,-1.4950124871847037
ETTm1,195,0.08685705059056302,0.08711336816646617,0.2942344915574262,0.20113874305582916,0.20081116573807473,-0.1631270435338742
ETTm1,196,0.3501924736649959,0.3468222309852606,-0.9717493224586636,0.4330213068153373,0.4329845248925267,-0.008494973999295073
ETTm1,197,0.1961653489832916,0.19896755229509552,1.4083720081392348,0.33860558042587297,0.3423650486640529,1.0980876268911732
ETTm1,198,0.38226886214356054,0.3789460467877564,-0.8768571103910251,0.4376410361741566,0.4434878350442482,1.3183673616454987
ETTm1,199,0.20436151148947376,0.21400851170019175,4.507764730513447,0.35015226580758785,0.36054995863297434,2.8838424679923307
ETTm1,200,0.37576661783459514,0.36317045530466413,-3.4683885613338434,0.3879941574087651,0.3861291830557295,-0.48299233388075596
ETTm1,201,0.13516576557781287,0.1335972365373415,-1.17407296821813,0.2838418987062242,0.28444738106595147,0.21286269448438072
ETTm1,202,0.08699268808371582,0.08710748415596947,0.13178669245928495,0.2017366403933718,0.2012908020794081,-0.2214896604107184
ETTm1,203,0.3505786186513598,0.3565877814993957,1.6851847314476927,0.4333186906843265,0.4364643257813037,0.7207084087218956
ETTm1,204,0.19064682625156001,0.18603669143115495,-2.4780782677545625,0.3334866081351518,0.3313691164793757,-0.6390129769102557
ETTm1,205,0.3841859222169761,0.3910279078260667,1.749743553376756,0.4391729120837731,0.449401903204206,2.2761343571312933
ETTm1,206,0.20600139362130976,0.21203987407726935,2.847804207693082,0.3500790970115405,0.35746262387320815,2.0655381482027586
ETTm1,207,0.3700046424964529,0.3583127510799876,-3.263040843850749,0.3844012219827467,0.3833711321061451,-0.2686926036768926
ETTm1,208,0.12682213903031028,0.12330088093010401,-2.8558255818159,0.2741950745383898,0.2707662938369645,-1.2663247898536019
ETTm1,209,0.08710692897805107,0.08689232509082398,-0.24697680376578363,0.202232205206787,0.20180353433437023,-0.21241990326418214
ETTm1,210,0.3643461147820885,0.3588677745815646,-1.5265623130724342,0.442931788746177,0.4381306640050348,-1.0958202964508827
ETTm1,211,0.19667284563535614,0.19685871373002303,0.09441700148554018,0.3390732445560085,0.3380019436499828,-0.3169511081673186
ETTm1,212,0.3954963886286518,0.39389371805724216,-0.4068789366111973,0.4451452047758115,0.44811435864410465,0.6625884243649696
ETTm1,213,0.20594718900873973,0.21701689540094943,5.100850038315158,0.35071583455687183,0.361479214951396,2.977593164235296
ETTm1,214,0.3618453636792633,0.3504782131430962,-3.243325864459948,0.3810561474357706,0.3798402875894681,-0.32009765315274213
ETTm1,215,0.13109877466305034,0.12497260699671195,-4.902008378923846,0.2782518572277493,0.27196041693290074,-2.313366175049225
ETTm1,216,0.08768129519718916,0.08685936197659933,-0.9462805181682903,0.20480402633677133,0.2034150487031891,-0.6828293395386591
ETTm1,217,0.3761931499708719,0.3718323733175438,-1.1727802542905477,0.4546034743184767,0.4496720688213827,-1.0966670689641642
ETTm1,218,0.19555902946462836,0.1965222531997196,0.4901346892824172,0.34248143749233956,0.3395600407862932,-0.8603476131294773
ETTm1,219,0.4009211517560206,0.3997968253168373,-0.2812244540191848,0.4519684099217152,0.45377939104801046,0.3990884473869015
ETTm1,220,0.21285846978114423,0.22314183737908205,4.608444439967588,0.3614015403177796,0.36985638891217404,2.285981491157132
ETTm1,221,0.36084735778658933,0.34989789560623713,-3.1293306755620907,0.38162577153222327,0.3778971462284163,-0.986677285346112
ETTm1,222,0.1265011959362281,0.124241521087503,-1.8187759043400828,0.2737278059124947,0.271662631796466,-0.7601980818532125
ETTm1,223,0.08713191777159954,0.0862706713456775,-0.9983073186843765,0.2023570808905384,0.20133628570086634,-0.5070100434795368
ETTm1,224,0.37301159711674614,0.37170512115651594,-0.35148182951186113,0.44586038823892726,0.4446507740872524,-0.2720368932580574
ETTm1,225,0.201837868820256,0.20050176682746634,-0.666379161605788,0.34876377161255934,0.34499521273990263,-1.0923510627081885
ETTm1,226,0.39969313961450426,0.4038184297393113,1.0215705428477289,0.44247370708811407,0.4528354172892351,2.288184582192872
ETTm1,227,0.2158575800302331,0.22461245031741114,3.897767142830288,0.3668507216763424,0.37302922635378005,1.656305790790225
ETTm1,228,0.3526713254291227,0.3460166131444557,-1.9232349060329068,0.37237499049095074,0.3732514518798174,0.23481794496779787
ETTm1,229,0.11971130742711637,0.1159769535977937,-3.219910261027685,0.26556710882319345,0.26014837159050835,-2.082941053813156
ETTm1,230,0.08820683194456937,0.08627504283138353,-2.2391053655705964,0.2035376252205525,0.20109866300934098,-1.2128187103353443
ETTm1,231,0.35543354456645926,0.35752088423811856,0.5838371305518143,0.43488090743550045,0.4334260648223183,-0.335661080691706
ETTm1,232,0.19978165630462397,0.20390480551290813,2.0220951624522385,0.34582943968707697,0.34564450887782083,-0.05350318159444676
ETTm1,233,0.38353279124992523,0.39326964879691667,2.4758731259272757,0.43291477254566013,0.44258760299093813,2.185517709920142
ETTm1,234,0.21110887015886778,0.2309504956457776,8.591289415261567,0.35900015597839635,0.3757511536830053,4.45800300023579
ETTm1,235,0.35501491757153886,0.3504323564434513,-1.3076877873368014,0.37251402643548015,0.3743948181567248,0.5023551689375553
ETTm1,236,0.12405279114997744,0.11875505557678866,-4.461061087006269,0.2691291082236502,0.2629876451359855,-2.335266770607835
ETTm1,237,0.08820884695773185,0.08620646763853866,-2.3227715669653763,0.2045441568117692,0.20199345267610624,-1.2627657490230573
ETTm1,238,0.3563443295173844,0.35502300185543445,-0.3721808601257808,0.43687008245776976,0.42988875930540316,-1.6239836472223053
ETTm1,239,0.19363715808994064,0.20525158158532153,5.658628014300031,0.33810205157432294,0.34692493956794757,2.543169137569773
ETTm1,240,0.3877990897266179,0.39139196558315126,0.917973840157951,0.4378418382399509,0.4420833640511975,0.9594402676404352
ETTm1,241,0.1912594526276819,0.20657341154665715,7.413325269847905,0.3371049961754276,0.3524858734525171,4.363544310708785
ETTm1,242,0.3511917333278713,0.3509547296793032,-0.06753111684366575,0.3705208445339748,0.37603324173703895,1.4659334843909777
ETTm1,243,0.12758162742833998,0.1229554260375399,-3.762502835285727,0.2747119971447521,0.26830011953910193,-2.389815411437298
ETTm1,244,0.08671017771016332,0.08534264513815655,-1.60240237432639,0.20624176559892174,0.20307486020157942,-1.5594768324344723
ETTm1,245,0.35153614728289334,0.3459484522948572,-1.6151813806276696,0.4345325383878339,0.42287140109919064,-2.757608402538429
ETTm1,246,0.1942255602965302,0.2107620488270032,7.8460465831049095,0.33541769763040874,0.34442451091534976,2.6150326122273713
ETTm1,247,0.3833275994013291,0.38456214924224863,0.3210273926729709,0.43690802481853297,0.43437183434661064,-0.5838754429686511
ETTm1,248,0.19343398053207245,0.21308374369900535,9.221615326361764,0.33960501522330255,0.35552718834886843,4.478468496182045
ETTm1,249,0.35650468040840605,0.3525469060135598,-1.1226234941610893,0.37454078205159425,0.37561338265982663,0.285559742476957
ETTm1,250,0.12639548302750342,0.12068154307922072,-4.734725627871546,0.2710531171825197,0.2646121131049262,-2.434130471963473
ETTm1,251,0.08627230253308926,0.08579816353997646,-0.5526213773700189,0.20521127552751245,0.2032650812645443,-0.9574661082270385
ETTm1,252,0.3426495011504524,0.33456727350537235,-2.4157257105274708,0.4283083942825518,0.4221297870859012,-1.4636747715207488
ETTm1,253,0.195585779718526,0.20727397098101913,5.63900580819357,0.3410978706450098,0.3479431457429503,1.9673544892870536
ETTm1,254,0.37392545368816,0.37432347154304246,0.10632992188327252,0.43012178467146844,0.43426954412393065,0.9551117522711957
ETTm1,255,0.19750674609390076,0.2205466389989011,10.446721387177943,0.3437068868318521,0.3643220214684132,5.658492603184145
ETTh1,0,0.7886801192647707,0.8059491620958384,2.142696294411465,0.698944910382852,0.7008949788804684,0.2782254911757517
ETTh1,1,0.7188656832993678,0.7121252419709292,-0.9465247025626166,0.6823653505908118,0.6757892496340597,-0.9730993738525817
ETTh1,2,0.7293217856984848,0.7203834238465314,-1.2407783905168823,0.689145422950484,0.683832764228282,-0.7768944397096014
ETTh1,3,0.7998373249055077,0.7592049269915242,-5.351967099976047,0.7227421815711649,0.7039007320583752,-2.6767196928028074
ETTh1,4,4.3720510954896685,4.461173349466515,1.9977312468143378,1.40426347551143,1.4315552446629025,1.9064419101687573
ETTh1,5,1.958599949152893,2.0713913155359553,5.445198381257024,0.972785223601386,1.0193116864344727,4.564498126754057
ETTh1,6,0.11043112113534757,0.10327331729054838,-6.930932435007855,0.27085371569943767,0.2559890577042501,-5.806755229499308
ETTh1,7,0.8002173498505811,0.8257044810933484,3.0867134460768235,0.7064418930974271,0.7079639680217952,0.21499327552235092
ETTh1,8,0.7215526660893162,0.7263310420996173,0.6578785338002539,0.6796929070156895,0.6830062594419967,0.48511303966878644
ETTh1,9,0.7418986638951496,0.7335744650819953,-1.1347448976735897,0.6978888663138302,0.6876598306270252,-1.4875139176702983
ETTh1,10,0.8229181742788104,0.7887901562295083,-4.326628290144652,0.733810358623628,0.7167096030068124,-2.3860089979362287
ETTh1,11,4.4471569629416,4.508126472689966,1.3524356540952627,1.4107821981370863,1.4343227727907812,1.6412327197379537
ETTh1,12,2.008855622403159,2.117230220576311,5.118696923929826,0.9811029740454008,1.0308906155276216,4.829575585644354
ETTh1,13,0.10895085477232223,0.104910554884601,-3.8511853189275915,0.2695115578816816,0.2614975626622456,-3.064653887343099
ETTh1,14,0.8298607195938265,0.8521977517442596,2.6211090213174346,0.7209165886717124,0.7170142724592653,-0.5442452629377434
ETTh1,15,0.713170785271969,0.7013722928667723,-1.6822010970766792,0.6775852834961067,0.6741618416867116,-0.5078071165864108
ETTh1,16,0.7662032072344926,0.7526004849091211,-1.8074293862585127,0.7127002921071834,0.6907130747839498,-3.1832635179392046
ETTh1,17,0.8255653005822476,0.7789602525521445,-5.982981529212664,0.7349583978710548,0.7120886108108809,-3.211649043808072
ETTh1,18,4.535473993665645,4.560504247009022,0.5488483726288061,1.428920336605774,1.446585601190519,1.2211696680933757
ETTh1,19,1.9829523820717876,2.0806743689321623,4.69664971701109,0.9782299576482425,1.0207034758343878,4.161200504527014
ETTh1,20,0.11140830279313817,0.10572577745248285,-5.374777540140823,0.27222977155308603,0.2626850785884825,-3.633511661907552
ETTh1,21,0.8127881606765593,0.847070089812883,4.047118361114192,0.710052452608943,0.710569073109784,0.07270517679302155
ETTh1,22,0.7242524129228747,0.7299698964180575,0.783249216609945,0.6842845495997204,0.6851630394605712,0.1282161777936026
ETTh1,23,0.7584723041531473,0.7533181467804337,-0.6841939749814335,0.7023202372908902,0.6849307974992876,-2.5388608389478433
ETTh1,24,0.839941184028367,0.8212426763918308,-2.2768553284017137,0.7437619502860697,0.7344871789113515,-1.2627547002883257
ETTh1,25,4.510478777906783,4.562752099678124,1.145653338804628,1.4133632243714398,1.4398794158361852,1.8415563951476142
ETTh1,26,1.9414323080161466,2.0270884533432802,4.225575119125207,0.9693373334852772,1.0077334214364075,3.810143350847804
ETTh1,27,0.10924660577133266,0.1055716782991014,-3.4809785459880698,0.2717460274376208,0.26389469371287205,-2.9751768079472205
ETTh1,28,0.806813908043597,0.8092609142914647,0.30237543969489644,0.7048539405999085,0.691688065820684,-1.9034410784004563
ETTh1,29,0.7202099656074399,0.7157052610676734,-0.6294077722785578,0.6802784761543282,0.6802109133917839,-0.009932619605805645
ETTh1,30,0.7541430894921266,0.7243488715576533,-4.113241437154904,0.6974212843834215,0.6686323039012172,-4.305652047355701
ETTh1,31,0.8356538865578552,0.8026537202979207,-4.111382707811515,0.7445734631629926,0.7293217761025719,-2.091215093278071
ETTh1,32,4.5343458020818925,4.6072155159270025,1.5816432635547788,1.4218694874085487,1.4479930876081601,1.8041246483271018
ETTh1,33,1.927861133498024,2.0423318519216336,5.604902960109243,0.9684766487063219,1.014476960643919,4.53438705087983
ETTh1,34,0.10845384425976946,0.10774050260623433,-0.6620923759212703,0.2705768533506974,0.26625973171871414,-1.6213948703831913
ETTh1,35,0.7847814507418631,0.7938303624523114,1.1399049643924282,0.6934328025362144,0.681489168961222,-1.7525786349910442
ETTh1,36,0.6993071791396296,0.7066515166460984,1.0393153249463616,0.6707984861762574,0.6769255751718043,0.9051348065837024
ETTh1,37,0.7341815044036264,0.7094207198769619,-3.490282117917123,0.6825187094186226,0.6595080568468095,-3.489063148345742
ETTh1,38,0.8134216943605007,0.7828785664629089,-3.9013876744113043,0.7328816801102624,0.7170511689295785,-2.2077240602390837
ETTh1,39,4.580047382228027,4.698929119710601,2.5299751167537385,1.431182199323343,1.4685512674196313,2.5446212825752403
ETTh1,40,1.9636608115006933,2.1056761174703222,6.7444040795903915,0.9769900268926802,1.0215554853228646,4.362509826482831
ETTh1,41,0.11205001767140041,0.11036728408534249,-1.5246670242938363,0.27544987111048413,0.2711690483863802,-1.578654625067811
ETTh1,42,0.7455102760506198,0.7730028153924362,3.5565898072258695,0.6765792938363221,0.6747376016599851,-0.2729493912605563
ETTh1,43,0.7121621933401912,0.7308291310522546,2.554213689482598,0.6759579598722566,0.6897157912608236,1.9947102216432122
ETTh1,44,0.6960628126240176,0.6952363406676175,-0.1188764033258713,0.6652949153149772,0.6562067052362384,-1.3849614772630254
ETTh1,45,0.8478443415085289,0.8242017677532564,-2.8685419857471732,0.7505075669014736,0.7389042088865406,-1.5703467209123256
ETTh1,46,4.575993902001816,4.6965966178614025,2.5678746903859735,1.428528942152237,1.4644237872368346,2.4511241484492916
ETTh1,47,1.9151164721115845,2.0277415756567474,5.554213855317619,0.9678885415972521,1.0089489077476577,4.069617979176692
ETTh1,48,0.11401506626550441,0.11393045843288974,-0.07426269829723364,0.2791601749179083,0.27819769834071245,-0.345968562262179
ETTh1,49,0.7638996774161417,0.7783006901440104,1.850314783249646,0.6906451403939475,0.679310413211998,-1.6685637319109043
ETTh1,50,0.7124287624236136,0.7351424007074415,3.089692318382142,0.6747032009867123,0.6872236767085269,1.8218923686945248
ETTh1,51,0.7067085734766747,0.6972053115953042,-1.3630507001769268,0.6781065576593391,0.657138689132666,-3.1907828398215052
ETTh1,52,0.8663847923858864,0.86287366649891,-0.4069107707531223,0.7583314578664916,0.7544749919633129,-0.5111456236797572
ETTh1,53,4.611192135222608,4.738541855794641,2.687529717951107,1.4315047442602615,1.4681597331073135,2.4966621833084104
ETTh1,54,1.8910983754761177,2.0220920642464217,6.478126841327662,0.9622738122888324,1.0131668760492984,5.023166959318334
ETTh1,55,0.11200563091936047,0.1116218128476882,-0.34385579474148686,0.2744298044013299,0.27302209855891607,-0.5156014292777367
ETTh1,56,0.721387488026139,0.7378295594658387,2.2284376152675733,0.666666447195328,0.6614816146437079,-0.7838211126113834
ETTh1,57,0.7169597011521393,0.7303609314239291,1.8348777563529441,0.6775635031491725,0.6818852406383181,0.6337924963884023
ETTh1,58,0.6655521256301149,0.6652878003544097,-0.03973096689348282,0.6512337050801661,0.6444701400287967,-1.049476869644763
ETTh1,59,0.8285987983314712,0.8117766561226588,-2.0722623743778343,0.7405263745740942,0.7284547929235689,-1.6571490458697458
ETTh1,60,4.687133964885179,4.819870527865391,2.753944576162674,1.4498713225126267,1.4859213555335171,2.426106394301513
ETTh1,61,1.9323780478929118,2.0700429089302514,6.6503385240686415,0.9625792305450886,1.0203863536266402,5.665219147246966
ETTh1,62,0.11137055802180226,0.11334451617847709,1.7415559422094542,0.27484317959913623,0.2749870125556804,0.05230536351787296
ETTh1,63,0.7096941018347818,0.7344329332808188,3.368426213612875,0.6626001646638744,0.6578330036977099,-0.7246764664235513
ETTh1,64,0.7365374140043467,0.759329615353828,3.0016215472987664,0.6872212248931949,0.6993589781095377,1.7355540711227875
ETTh1,65,0.660627535213352,0.6796632546473457,2.800757478623825,0.6512212858653381,0.6487555698920106,-0.3800685632245128
ETTh1,66,0.9023618650004632,0.8828614015197254,-2.208779707343698,0.7761879612792756,0.762326303020705,-1.818336610404753
ETTh1,67,4.701949807597988,4.806210653579001,2.1692941382703093,1.4479214447446995,1.4729103985604726,1.6965698551789457
ETTh1,68,1.9102696746933354,2.059330957126031,7.23833543689952,0.9653678711865925,1.0255875307600946,5.871723062864406
ETTh1,69,0.11248045843116725,0.1152604456062786,2.4119177749907283,0.2775412823219085,0.2786826160830161,0.40954609123074937
ETTh1,70,0.7352441222941519,0.7324887647187714,-0.3761638004698078,0.6745205587241798,0.6601617382270181,-2.175045850994776
ETTh1,71,0.7598789280705646,0.7729144393897703,1.6865400172233216,0.697699687226365,0.7083320017309032,1.5010354577453362
ETTh1,72,0.6931383482100019,0.6730102542168258,-2.9907559159850963,0.666666568566062,0.6462526801417374,-3.158809093038864
ETTh1,73,0.8948679535890821,0.8672883277438931,-3.179983514471232,0.7742348192151338,0.7582189448177814,-2.112302060877867
ETTh1,74,4.726000006635797,4.819455945354019,1.9391387695599525,1.4515256044454872,1.4725713424798514,1.4291829147593391
ETTh1,75,1.9151850507163806,2.059718841375774,7.017161165688675,0.9631366059960177,1.0226486945266111,5.819406884212749
ETTh1,76,0.11150052684837722,0.11560672241334156,3.551865738640188,0.27666145218956645,0.2784733713646549,0.6506615574082197
ETTh1,77,0.7553438591471526,0.7582014678483532,0.3768930584254817,0.6906665711560183,0.6848116492697348,-0.8549682080506346
ETTh1,78,0.7504611825400501,0.7560564685689867,0.7400619215026276,0.6949779813126143,0.6936095280184721,-0.1972944774925026
ETTh1,79,0.706278187848164,0.6927382640074473,-1.954551169497851,0.6766363366312969,0.6639415556370901,-1.912032902056471
ETTh1,80,0.9302499659360819,0.9124030473602122,-1.9560345208737402,0.7914412510059062,0.7757415634784491,-2.023829618856467
ETTh1,81,4.746492520991053,4.8215304915035375,1.5563101933030588,1.4557348126131626,1.472080490629499,1.11037936582847
ETTh1,82,1.8739573805079752,2.008880666911715,6.716341524216056,0.951037113280553,1.006971097070103,5.554676192027381
ETTh1,83,0.11146505766163829,0.11587764069280457,3.807967615481729,0.2772120636826407,0.28027831335041103,1.0940017552970134
ETTh1,84,0.7628118672732419,0.8006824673987852,4.729790106254646,0.6843797364530878,0.7082336905619336,3.368090847234251
ETTh1,85,0.7685824036175262,0.7803774372190945,1.5114524125146889,0.7022482196852151,0.7043477016087207,0.29807464675620166
ETTh1,86,0.6975513453242276,0.7094263597860385,1.6738896571861834,0.6633456880186309,0.6726310653599082,1.3804562143303547
ETTh1,87,0.9726877300220931,0.9590489391024818,-1.4221162615929737,0.8142088128556982,0.7981516954176187,-2.0117876752335886
ETTh1,88,4.832836428439074,4.888394371500689,1.1365274329239345,1.477247931342572,1.493982744936107,1.1201477159129245
ETTh1,89,1.8854013633862605,2.017556608593744,6.550262066728186,0.9545762677935676,1.0123446669791722,5.706396355895766
ETTh1,90,0.11021562905533698,0.11787343599677552,6.496635036284192,0.2750711578296937,0.2832923234327205,2.9020078989112554
ETTh1,91,0.7288995459789953,0.7599125300235019,4.081125500529311,0.664660564949736,0.6770094416828619,1.8240331630279694
ETTh1,92,0.7375167943522994,0.7477573718953391,1.3695053941204045,0.6890601949378227,0.6884423194841172,-0.08974977804509625
ETTh1,93,0.6729835619902599,0.6705792067905241,-0.35854902379740533,0.6484630369078432,0.6456542819311532,-0.4350246029948249
ETTh1,94,0.9335683791023759,0.9025825162328478,-3.433022722272007,0.7957854356922326,0.7751649326334397,-2.660143950106159
ETTh1,95,4.825956416177993,4.8344332193195365,0.175342232625494,1.4643436150625349,1.475414164059071,0.7503350087191459
ETTh1,96,1.8601164832922426,1.9780839645833481,5.963724665042394,0.94748579072766,1.0031026554552631,5.544483849697425
ETTh1,97,0.11139838751441583,0.11528131756183926,3.3682214339201577,0.2763871433772793,0.2809529495726262,1.625114170288003
ETTh1,98,0.7458488282148459,0.7710128509525807,3.263761778632458,0.6753014514377962,0.6798733574752178,0.6724643622453299
ETTh1,99,0.7424869562162228,0.7512472506768876,1.1661000360096552,0.6909715108832137,0.6942755391174513,0.475895814857254
ETTh1,100,0.694790275364956,0.6859376054388161,-1.2905940505297901,0.6619723307811203,0.6502297720753833,-1.8059091124445732
ETTh1,101,0.9115921392621996,0.8886203708668071,-2.585104860131062,0.7834773339222819,0.7697145335738443,-1.7880395585797018
ETTh1,102,4.915156785391206,5.005091164932714,1.7968579707721866,1.4765318386774096,1.5019906017825835,1.6950014916843756
ETTh1,103,1.862495572295174,1.9863698806835475,6.236215600779551,0.9463728337600413,1.0054174162395713,5.872643692643252
ETTh1,104,0.11050559141724157,0.1142202047420605,3.252150819732383,0.27538453528767504,0.27846744258584094,1.1070979320017138
ETTh1,105,0.705822768747417,0.7381728713144339,4.382456173092947,0.6556342784729269,0.6646435110001928,1.3554984556620937
ETTh1,106,0.7309146294000368,0.7455716665468862,1.965879043490674,0.6886430471980324,0.6930194288259373,0.631494795942305
ETTh1,107,0.6415992495920846,0.6365345008186711,-0.7956754530821953,0.6387633392808817,0.6275545785347478,-1.786101341544627
ETTh1,108,0.8677891424571772,0.8504061706554078,-2.0440787474968984,0.7612492807722042,0.7490049744537424,-1.6347429905110789
ETTh1,109,4.937677177487407,5.014934043438946,1.5405360326246869,1.4799881210343706,1.5032710779820466,1.5488195900722357
ETTh1,110,1.8273980400105163,1.9562227120597848,6.5853786102720315,0.9414717943252374,1.0020135897677391,6.0420134078755305
ETTh1,111,0.10682482771040497,0.11123850973357745,3.9677644313498077,0.2697946222644532,0.27399140391401794,1.5317201888865546
ETTh1,112,0.7237852224712229,0.7933810777925561,8.772058884360016,0.6639161126584643,0.6965486813750532,4.68489419176979
ETTh1,113,0.7495596104203973,0.7758234648825273,3.3852874591910886,0.6951765259106953,0.7011327705242567,0.849517361612939
ETTh1,114,0.6634177324851287,0.6860432019541963,3.297965697294121,0.644414567617706,0.6553103511519213,1.6626905885222762
ETTh1,115,0.9221251493225123,0.9217629811707653,-0.03929081110276877,0.7908618017402963,0.7888974281540464,-0.24900240717559063
ETTh1,116,4.958184752038614,5.055205820503755,1.9192308267969334,1.4852107137441635,1.5149860018657313,1.9653837121200488
ETTh1,117,1.8335058642055941,1.968412928077775,6.8535957038202495,0.9417258159930093,1.0004730340455554,5.871944175745884
ETTh1,118,0.10797454696135067,0.1133086509271358,4.7075875691215066,0.27169644974282064,0.2777058818005672,2.163955627724948
ETTh1,119,0.730002960352097,0.7997337934213925,8.71925553764279,0.663053444840221,0.6982655071705166,5.042789879881152
ETTh1,120,0.7593441125738635,0.7775808260215926,2.3453141895274476,0.6978762104874476,0.700084224035446,0.31539255880826467
ETTh1,121,0.6705048386093148,0.7086682390454128,5.385227999988359,0.6445092455367558,0.6703454397707699,3.854161257940229
ETTh1,122,0.9229871647996036,0.9276505588358175,0.5027102061002708,0.7907458828754897,0.7896786889263442,-0.1351428073355418
ETTh1,123,4.966823648494901,5.082782566192177,2.2814062216347657,1.4865598754853837,1.5233817634379698,2.417114923936495
ETTh1,124,1.8178128101594848,1.9534735439869375,6.944590278431733,0.9385518398498082,0.996059882056175,5.773552699226526
ETTh1,125,0.10764741492486868,0.11380243940832066,5.408517177182722,0.27208556603646783,0.27834188496700435,2.247710196860299
ETTh1,126,0.7549284818485129,0.7851203379112925,3.8455068102172745,0.68099465649575,0.694210142430125,1.9036722638642865
ETTh1,127,0.7589760102847111,0.7649914492794049,0.7863406839854411,0.7010994333799722,0.6962735612721492,-0.6931000078483032
ETTh1,128,0.6954315287567132,0.6951068793971762,-0.04670495562043207,0.6621840029581411,0.6618461416322842,-0.051048318423922254
ETTh1,129,0.9196575806704794,0.9319209766306888,1.3159265933198632,0.7908549206117136,0.7924017413201606,0.19520662661215088
ETTh1,130,5.007034655705451,5.121686886488354,2.238563842810662,1.5012909781653434,1.5376110536201546,2.362110715144713
ETTh1,131,1.8154793210723925,1.969906256774147,7.839303782639834,0.9385233688633889,0.9987737341007838,6.032433891710171
ETTh1,132,0.10701664316814541,0.11264419537406659,4.995865243862157,0.27084973658751954,0.27705865442759303,2.241012053170185
ETTh1,133,0.7536738249984,0.7857479204722653,4.081982864757379,0.6826628397581064,0.689523185365316,0.9949405259773721
ETTh1,134,0.7634063812268643,0.7608000193403811,-0.3425817324167467,0.6993926831805665,0.6944308805020734,-0.7145135416365309
ETTh1,135,0.6963456307115775,0.6974548618773047,0.15903984993974807,0.6610159479639454,0.6603481146804471,-0.10113351861714061
ETTh1,136,0.9284727460100293,0.9076269510700724,-2.2967360009946955,0.7942255280387245,0.7801670936446398,-1.801977359543471
ETTh1,137,5.021538098343636,5.2026667000978355,3.4814569565025844,1.5025983724018765,1.544802868925035,2.7320312107218494
ETTh1,138,1.8078634911475535,1.9610544855611634,7.811664364326605,0.9348335928335372,0.992450300267794,5.805500529216431
ETTh1,139,0.10513333216382155,0.1117980876394427,5.96142171690404,0.26739398366157224,0.2750301239484947,2.7764741466474687
ETTh1,140,0.7578107618319562,0.7432702096972352,-1.9562942177709384,0.6830789310236772,0.6782188484445214,-0.7165950327541478
ETTh1,141,0.7602738376244902,0.7553220847777229,-0.6555816315399419,0.6994528913766973,0.6957918030753111,-0.5261758309317075
ETTh1,142,0.694590401518054,0.6595011555316584,-5.320573844652059,0.6622393999675599,0.6480337792192585,-2.1921111528192343
ETTh1,143,0.9600624833801816,0.9431439682243641,-1.7938422686061022,0.8103498708762344,0.8007315934216928,-1.2011862069087083
ETTh1,144,5.114248083731997,5.234380984579259,2.2950736906843225,1.5223578245896432,1.5505909782886091,1.8207995592833224
ETTh1,145,1.8316584392445476,1.9783596079137684,7.4152933613480405,0.9407337187013278,0.9934758688788861,5.308850655534945
ETTh1,146,0.10751695374648773,0.11182034612643592,3.8484878012113435,0.2696052894193498,0.27555914894166766,2.1606466507044617
ETTh1,147,0.7576184734196714,0.7549241246602798,-0.3569032531056065,0.6788864730443391,0.6760804943585147,-0.4150361841879251
ETTh1,148,0.7502813492112659,0.7355309828364635,-2.005403812891726,0.6972153295297175,0.6877598291676905,-1.3748259146612025
ETTh1,149,0.6919657221894083,0.6749224534346274,-2.5252188111462357,0.6579726830682678,0.6468468044200563,-1.7200175640021453
ETTh1,150,0.9255296787214188,0.9051351744082224,-2.2531998412867194,0.792317606777053,0.7850608574322703,-0.9243550071414396
ETTh1,151,5.078386804633224,5.146643593200933,1.3262388842678101,1.505759618193325,1.5272840776635954,1.409329134315209
ETTh1,152,1.8515217879906074,1.9832827439827656,6.643579005157884,0.9428833105446149,0.9928726057159818,5.034814626124014
ETTh1,153,0.1106293210286472,0.11247174780260565,1.638124071115185,0.27378901123593097,0.276233167759104,0.8848164552435365
ETTh1,154,0.7371590402492596,0.723441982688626,-1.8960826007988922,0.6686490644079943,0.6615421242598031,-1.074298958081191
ETTh1,155,0.7675522687791425,0.7494870633636213,-2.41034252605328,0.7061016157243608,0.6936418655587153,-1.7962800090806799
ETTh1,156,0.6859981487830917,0.6369618136153524,-7.698473302412333,0.6557656738066322,0.6298497181552294,-4.114625267644512
ETTh1,157,0.962875661267893,0.9253466345643935,-4.055672253151526,0.8117268013450182,0.792766293499719,-2.3916894551099936
ETTh1,158,5.168089972592836,5.2301539438245435,1.186656681587531,1.5234556058939133,1.5425632284126347,1.238692986243684
ETTh1,159,1.857475555995485,1.9923364322113173,6.768981083488428,0.9445935492662506,0.991069733346295,4.689496865484933
ETTh1,160,0.10821638170785967,0.10592451664977352,-2.1636776173960963,0.2678045314726963,0.26568847328017,-0.7964433557849193
ETTh1,161,0.7718907243726698,0.7750994353539173,0.41397410898414666,0.6960133883170784,0.6955724169965833,-0.06339689581123768
ETTh1,162,0.7527631973898303,0.7467754924586671,-0.8018079050036039,0.6952203415670536,0.6940782055595062,-0.16455436842693125
ETTh1,163,0.727326393849452,0.6871290874417543,-5.8500370807115765,0.686988672925832,0.6626949389091654,-3.6659000379051445
ETTh1,164,0.9342224727504531,0.908304207810076,-2.8534784621185545,0.7950226963800863,0.782376332704492,-1.6164041711076202
ETTh1,165,5.212750091603089,5.271625325007914,1.1168326611818988,1.5311689601072835,1.5495891207673897,1.188712569883309
ETTh1,166,1.8719005503395485,2.0307749925812706,7.823340489326221,0.9478037134589007,1.0032841397604595,5.529881725709838
ETTh1,167,0.10740067366946637,0.10344038326978497,-3.828572820880304,0.26778395100296215,0.261495413381878,-2.4048366813610706
ETTh1,168,0.7721541350519838,0.7876897247644438,1.972298130092507,0.6934299937501136,0.6928576656668964,-0.0826039909172807
ETTh1,169,0.7737902112442552,0.7814417727196034,0.9791595154580646,0.7048064038364423,0.7088870893336005,0.5756467508802041
ETTh1,170,0.7391707949595807,0.7077768151412577,-4.43557617976755,0.6875391915634584,0.6680503018366936,-2.9172787847237562
ETTh1,171,0.9413686523176024,0.9034676322579167,-4.195061196045803,0.79805770569122,0.780381553443941,-2.2650653605626014
ETTh1,172,5.247136538549724,5.253608651482636,0.123193662913681,1.5378111880427847,1.5498657761503838,0.7777827146774428
ETTh1,173,1.8596850505172673,2.003081191888007,7.158778283749029,0.9457678251744558,1.00023283866855,5.445233488494012
ETTh1,174,0.10517571296185571,0.0998043481810569,-5.381894555390024,0.2638719306059001,0.25541834250616374,-3.3097028258776446
ETTh1,175,0.7871308111006365,0.7993668912641456,1.5307214118111059,0.7010190035992613,0.6953271381246547,-0.8185881382334498
ETTh1,176,0.7596260641333594,0.7602283337953673,0.07922220670216965,0.7004636788119872,0.6986532136125283,-0.2591364591450964
ETTh1,177,0.7520849444498613,0.7168453544747473,-4.915926392650621,0.6960684481296792,0.66883090400386,-4.072411122567079
ETTh1,178,0.9368357326108645,0.899932577113068,-4.10065780885272,0.7995531345192931,0.7842852680525134,-1.9467236079407522
ETTh1,179,5.284704143291777,5.340160265759317,1.0384729990805681,1.5476428491166896,1.5692605188064692,1.3775704818102068
ETTh1,180,1.8271232848882553,1.9743234951144613,7.4557290429080405,0.9410353083525681,0.9956033781119105,5.480904440363265
ETTh1,181,0.10575194323397044,0.10353728975959596,-2.1389911591434374,0.2652150370015685,0.26153411756483064,-1.4074337493751363
ETTh1,182,0.7680651438464278,0.7810286883412257,1.6598038827908324,0.6878909409201394,0.6787281344903426,-1.3499965544638985
ETTh1,183,0.7875245950275188,0.796327066612679,1.1053839501654934,0.7140379335524307,0.7179930727980617,0.5508603627911818
ETTh1,184,0.7565010763091227,0.72658743834579,-4.117004559208536,0.6951722809461192,0.6735935344865235,-3.203526363424054
ETTh1,185,0.9485637514323516,0.9433587708972003,-0.5517498427667112,0.8036994023657624,0.8027354075260519,-0.12008874040843422
ETTh1,186,5.344433608062943,5.3518643551659375,0.13884408516113178,1.5532212695055123,1.564426387499811,0.7162445023831484
ETTh1,187,1.8257014009382828,1.9670490765993298,7.1857727060583265,0.9457534493619784,0.9964817182005693,5.090737533067363
ETTh1,188,0.1026907781151892,0.1022113535917939,-0.4690521224383788,0.2622557519045788,0.26003889612135633,-0.8525093039111636
ETTh1,189,0.7758539587293445,0.7929400622989173,2.154778700427403,0.6875033356611513,0.6882926730594288,0.11468048828253537
ETTh1,190,0.7813062227398544,0.8043105902701685,2.8601348544455836,0.706311897894678,0.7208068947074935,2.0109403668645056
ETTh1,191,0.7623723654750063,0.7404432874114905,-2.9616148105248588,0.6973296088979826,0.6807593977298692,-2.4340774763257262
ETTh1,192,0.9450144235713935,0.9380877535925893,-0.7383818786970805,0.8003505778698632,0.7963908241950978,-0.49721236790585754
ETTh1,193,5.347026330201549,5.386994782396332,0.7419433990430473,1.5505323509220035,1.5659609419086742,0.9852474971607877
ETTh1,194,1.8455412701394462,1.9909183833444766,7.302012700330599,0.9496060923517992,1.0032248031710171,5.344635683820682
ETTh1,195,0.10299834453260052,0.1054802629736987,2.352969523518379,0.26359747916673465,0.26760325217522524,1.4969074463518208
ETTh1,196,0.7619881758504566,0.8021575634108908,5.007667993508421,0.6883971407078207,0.6933962533560892,0.7209604355478563
ETTh1,197,0.8015632938001689,0.8152414039625029,1.6777987594657455,0.7183327214559541,0.7250781719960894,0.9303066621858935
ETTh1,198,0.7408545021655868,0.740059184410215,-0.10746677726938902,0.688969788812877,0.6776975226291041,-1.6633181924647584
ETTh1,199,0.9631598013161854,0.9590579970724292,-0.4276909484386892,0.8052560439946925,0.8053219628205018,0.008185400231534554
ETTh1,200,5.405282496840816,5.4508957408134915,0.8368027227368686,1.5635551618515617,1.5798845625016837,1.0335818855185885
ETTh1,201,1.8771635774239144,2.0141357947438863,6.800545309676552,0.9569730173330754,1.0063459292002437,4.9061570613601635
ETTh1,202,0.10730649061569275,0.10775616392997851,0.41730634971189756,0.26991362372937144,0.2725209412413986,0.9567402417407561
ETTh1,203,0.7971084061758081,0.8192902536537097,2.7074467661465866,0.70569339829704,0.6991316759958863,-0.9385531404805515
ETTh1,204,0.8040267681847582,0.8280490087176895,2.90106506740851,0.7189123566857436,0.7312783251335431,1.691007106704721
ETTh1,205,0.7768800112972641,0.7540131623327196,-3.032685648855312,0.7053035440738313,0.6881594871494194,-2.4912912260249676
ETTh1,206,0.9658735029454022,0.9510262314112294,-1.561184228550759,0.8078958250678423,0.7967717540135103,-1.3961427470662287
ETTh1,207,5.3994137226348595,5.5024995305179445,1.8734360141486757,1.5659409878723738,1.5942886021557368,1.7780729439470615
ETTh1,208,1.8552563309643988,1.9939906163972927,6.957619774738788,0.9531803264334384,0.9977814028608716,4.470024827036412
ETTh1,209,0.10693233660229043,0.10805033416984523,1.0347007032828002,0.2692533518850622,0.2708267021500635,0.5809435526521635
ETTh1,210,0.7909246293764585,0.775183115594788,-2.0306832624433744,0.7073399415912314,0.6798059839858777,-4.050267025293749
ETTh1,211,0.8195324600511747,0.851478530656082,3.7518351261648566,0.7291265029615412,0.7425906506315287,1.8131318591928196
ETTh1,212,0.7776919721449477,0.7264477755306138,-7.054078536740506,0.7120036925459216,0.6733055850814303,-5.747480538099356
ETTh1,213,1.0279942706987923,1.0276494638417466,-0.03355296423322435,0.8446466832207483,0.8423851954228465,-0.26846243383546436
ETTh1,214,5.514214010423189,5.6163808183123445,1.8190861908088174,1.5900119681997846,1.6122631196036108,1.3801191091747362
ETTh1,215,1.8632790240202448,2.0027241440289463,6.962772203273842,0.9533728412404242,1.0038861684449432,5.031778382081503
ETTh1,216,0.10645390863636274,0.10576429762316988,-0.6520262779505118,0.26757043539449415,0.2654862481780583,-0.785045263451081
ETTh1,217,0.8074209580613958,0.7972543017972201,-1.275208705836691,0.7166547925418449,0.6946419720020559,-3.168944784079918
ETTh1,218,0.8310412456853099,0.8603674581490129,3.408568302524505,0.733776439136515,0.7449608799509911,1.5013460593007122
ETTh1,219,0.7911083358030839,0.7502959206268661,-5.4395091395564785,0.7234699924772333,0.6874419429248924,-5.240886146552344
ETTh1,220,1.042827157321532,1.0155035440186586,-2.690646769655323,0.846166742116313,0.8305098309174355,-1.8852168410314816
ETTh1,221,5.503949173297495,5.644416137768264,2.4886004334596774,1.5865602370817213,1.6128508364988698,1.6300701107747437
ETTh1,222,1.8581184423877488,2.0163035686284903,7.845303093340282,0.9508064082875434,1.0054368170547403,5.433499931624508
ETTh1,223,0.10504245123451197,0.1062036738296595,1.0933921146739438,0.2671775975410128,0.26780383572816696,0.2338421275600557
ETTh1,224,0.8262815149518652,0.8291442695188512,0.3452661584029617,0.7265624327015959,0.7082782459859219,-2.5814977121346496
ETTh1,225,0.8316121926963288,0.857479301598513,3.0166452827447583,0.7355438893117632,0.7403287835419178,0.6463201670023516
ETTh1,226,0.7978305235948606,0.7727114741033227,-3.2507669852692116,0.7284229069726684,0.6991408409563721,-4.188292873327309
ETTh1,227,1.0320393315760772,1.0309969771226384,-0.10110160132068169,0.8473343707303381,0.841231594834163,-0.7254572859187743
ETTh1,228,5.583160576324453,5.700320473447505,2.0553212344602465,1.5991682413292843,1.62594145558671,1.6466284296666023
ETTh1,229,1.837365526383283,1.9753593650003662,6.9857586959655595,0.9569297845941037,1.005637180386111,4.843436255340748
ETTh1,230,0.10637151268172242,0.1113604646299463,4.4800028132087055,0.26993423102636976,0.27582214024959184,2.1346760698376492
ETTh1,231,0.7827621798479457,0.7999160114066968,2.1444540819460642,0.7033701848756108,0.6979968944978383,-0.7698158000599953
ETTh1,232,0.8186076031289833,0.8497366527827247,3.6633761238614038,0.7272015342902806,0.732778258357818,0.7610384183661554
ETTh1,233,0.7644167468424612,0.7565214934929364,-1.0436257816115182,0.7065764001273136,0.6916298278309922,-2.161065311945123
ETTh1,234,1.0255557893664542,1.0143214491324433,-1.107571987521288,0.8443039746844281,0.8312133853215427,-1.574877112670837
ETTh1,235,5.551335041937386,5.691101065200909,2.4558696403784444,1.5902717373903013,1.6184198327052097,1.739233216628257
ETTh1,236,1.813152313950589,1.9706250629298478,7.991005084708229,0.9524951424811863,1.0088956745910562,5.590323512164053
ETTh1,237,0.10860755951231799,0.11138513015117453,2.4936637727915385,0.27499651342740333,0.2775280977434401,0.9121902742896677
ETTh1,238,0.7784148233399562,0.7413417895972305,-5.000801824873158,0.6964961097834425,0.6655090670773967,-4.656141326838166
ETTh1,239,0.7984090478962045,0.8296037605580696,3.7601942210195176,0.7149528892012313,0.7259311883348144,1.5123057543189122
ETTh1,240,0.7651010161127595,0.7213231061820689,-6.069112379111932,0.7038384631289065,0.6732377882776847,-4.545299652520435
ETTh1,241,1.0098455751911868,1.0021102829095787,-0.7719003001495033,0.8333608093353784,0.8261278953708825,-0.8755198807623763
ETTh1,242,5.648023466949281,5.778713648524319,2.261579125112243,1.5997005356682672,1.623982169199735,1.4951908950720325
ETTh1,243,1.8076914693150312,1.9663202112354294,8.067289397423858,0.9558720753372957,1.0083404814979682,5.2034414092674925
ETTh1,244,0.10778539292498115,0.11242062015289803,4.123111242059256,0.27191197125454586,0.2790229603172823,2.5485318680048406
ETTh1,245,0.7697040587044967,0.7796309633689128,1.2732825055485701,0.6925909856541289,0.692792669036943,0.029111650834077615
ETTh1,246,0.8354880340415036,0.8688879343352542,3.8439825176423157,0.7346842549793008,0.7411796481245094,0.8763588101271622
ETTh1,247,0.7387483611605578,0.7246145669719694,-1.9505258150758573,0.692906966822112,0.6765097154886461,-2.423801308104201
ETTh1,248,1.050513329085745,1.0676163424285954,1.6019812233245538,0.857591280061024,0.860839659481927,0.3773501121983502
ETTh1,249,5.608573400492599,5.6869879908476255,1.3788422004974061,1.5909487168770284,1.611380725638527,1.267981454438847
ETTh1,250,1.7866054056121117,1.9289151119458385,7.377707056800887,0.9544486640176425,1.0000192864021906,4.556974350814709
ETTh1,251,0.11279976482863244,0.12072417865512731,6.564065222702857,0.28010816388769955,0.2892311485733242,3.15421929160298
ETTh1,252,0.7551492556698278,0.7597179848006621,0.6013717224336927,0.6898453690680779,0.6827638931986358,-1.0371778502033162
ETTh1,253,0.8810874599892434,0.9096534471955023,3.1403153909138677,0.7607072088815686,0.7628902143333107,0.2861493581550041
ETTh1,254,0.7234480490242194,0.7042083817317157,-2.7320985934861386,0.6852950698655655,0.6684252746286802,-2.523811692527153
ETTh1,255,1.0887838173286333,1.098967180072066,0.9266302877912053,0.8770096465627527,0.8756228389935535,-0.15837955652152508
ETTh2,0,1.04782192943531,0.9942773579385569,-5.385275151771277,0.8604166353328361,0.8313229240891006,-3.4996883161395003
ETTh2,1,1.0046536807805948,0.9493742380512015,-5.822724118032368,0.8783646556057243,0.8481254416026383,-3.565417628074604
ETTh2,2,0.10295279824340682,0.10253891387180333,-0.4036363912737907,0.26216037564995026,0.25372691920525137,-3.3238319651359833
ETTh2,3,0.7512176782188213,0.7208821998375761,-4.2081047899476856,0.7446488676683253,0.7277917411087805,-2.316201958250192
ETTh2,4,0.21099313143565424,0.17983945867158133,-17.323046340439127,0.36177971926000385,0.3263068323334058,-10.871021814938109
ETTh2,5,0.03269972412345213,0.027503223475219413,-18.894151272540103,0.15262945832995076,0.13615381892757594,-12.100754523190181
ETTh2,6,0.4294598108851978,0.43045867574399466,0.2320466319026886,0.526904046556188,0.5267336428372397,-0.032351022431472275
ETTh2,7,0.9666594693216171,0.9063872450729161,-6.649721140311525,0.814260896253917,0.7827086901913086,-4.031155710676521
ETTh2,8,0.875167233347811,0.8299927756203371,-5.4427531244124925,0.8101722122713303,0.7816205301865314,-3.6528828225616183
ETTh2,9,0.10551565950086893,0.10276950810238927,-2.67214609584748,0.26415766848594,0.25248561331051556,-4.622859505689843
ETTh2,10,0.7003441539369409,0.6685406745598172,-4.757149502992296,0.7151856754052763,0.693995128330102,-3.0534143843578874
ETTh2,11,0.2134294272895513,0.18089670595041255,-17.98414247966275,0.36517580615149603,0.3301636220680343,-10.604494784784935
ETTh2,12,0.03245508450453895,0.027527359737061562,-17.90118926968112,0.15200542779186638,0.1371699847966536,-10.815371174098653
ETTh2,13,0.4498808101082957,0.4444965056583061,-1.2113266091969317,0.542433308540947,0.5365543715034922,-1.0956833733329348
ETTh2,14,0.9411734630020843,0.8880919088467526,-5.977033866265222,0.7988714604974828,0.7735327564412728,-3.2757118357577535
ETTh2,15,0.8774148637092615,0.8536156593577248,-2.788046832393356,0.8097555357781756,0.796526379409867,-1.660856025648495
ETTh2,16,0.10203347436805241,0.10069568807604412,-1.3285437714055905,0.2624480812115103,0.25064578045502356,-4.708757009617635
ETTh2,17,0.693751756092247,0.6784443799492326,-2.2562462886286876,0.7077895858150441,0.6976103991968557,-1.4591506419496443
ETTh2,18,0.17269983133611733,0.1636682447396473,-5.518227809454959,0.32652176751030815,0.32032103455728955,-1.9357870024328956
ETTh2,19,0.03547413873890024,0.03063930367347772,-15.77984642519045,0.1595707925030082,0.14493645012585654,-10.097075210855403
ETTh2,20,0.4544718146974956,0.45529666245495093,0.18116709949240012,0.5480941535905004,0.5458433661816848,-0.4123504192348086
ETTh2,21,0.9926734599807405,0.9529384885783003,-4.169730982502475,0.8310445217027639,0.8124908736415415,-2.2835515650860074
ETTh2,22,0.9443553244575793,0.9141085090939229,-3.308886752803278,0.8516533212348197,0.8331492388232922,-2.220980533771119
ETTh2,23,0.10229138922267611,0.10506273643565386,2.637802237975286,0.2638212971935799,0.25901724752847155,-1.8547219194661029
ETTh2,24,0.8033137170934513,0.7547564882718683,-6.433496044898187,0.7778813866678522,0.7505719571620122,-3.638482525925925
ETTh2,25,0.15773840098536807,0.15268577171797873,-3.309168372755711,0.3164389356970787,0.30941080583466424,-2.271455854121008
ETTh2,26,0.030926836641490287,0.027539482076638692,-12.29999371602211,0.14786918446706193,0.13787497785783165,-7.248745758302645
ETTh2,27,0.4645368246866034,0.4629184513712584,-0.34960224863602396,0.5577289405589302,0.5527908253379994,-0.8933062913827169
ETTh2,28,1.0430374819738941,0.9884271669674108,-5.524971068332021,0.8623308509821073,0.8332695452108358,-3.48762365531051
ETTh2,29,1.0052591774784643,0.9697675371077067,-3.659809079257282,0.8775538242861836,0.8568082791572023,-2.421258714888658
ETTh2,30,0.10410363505212396,0.11237752373286235,7.362583198048234,0.2675388394444275,0.26745630770747086,-0.030858025994633814
ETTh2,31,0.7753447336251922,0.7565125473454147,-2.4893422251698487,0.7603756539963393,0.747265378639309,-1.7544336632994795
ETTh2,32,0.20224617908933398,0.17340049344257485,-16.635296171352575,0.3564338973826832,0.32759754674302205,-8.802370752269802
ETTh2,33,0.03066681046241879,0.028346823168433677,-8.184293810279925,0.14760383731530358,0.14006616835572963,-5.381505789770971
ETTh2,34,0.47378948024356754,0.46787887728460603,-1.2632762977598897,0.566237113562723,0.5569469919428229,-1.6680441324394115
ETTh2,35,0.88163655374792,0.8558467760379164,-3.0133638908351887,0.7777724152405022,0.7587676338618621,-2.504690570670819
ETTh2,36,0.8441053672479604,0.8362714077788447,-0.9367723679472507,0.7988297619261883,0.7869155122510468,-1.5140443274602102
ETTh2,37,0.10342761478579997,0.1068119060583708,3.1684588333452113,0.26621910701538176,0.26083731588215514,-2.063275001517837
ETTh2,38,0.6377874201748797,0.6253195352354259,-1.9938422257605786,0.6830700107015825,0.6682891739305988,-2.2117426628429273
ETTh2,39,0.20546988464143073,0.1767195791797565,-16.268885199432177,0.35817753424247106,0.32742497507068846,-9.392246014569709
ETTh2,40,0.030775260018430343,0.026822953331342356,-14.734793138791899,0.1479400125261034,0.1364163324476168,-8.447434315030879
ETTh2,41,0.45990505201855564,0.45773289510780474,-0.47454682282323535,0.5567868528473708,0.552059440045721,-0.8563231526768691
ETTh2,42,0.8440643310622058,0.8488238432818701,0.5607184879800566,0.7563232994922954,0.7535192498083537,-0.37212714667273916
ETTh2,43,0.7878280244130811,0.8057114894423765,2.2195866961848,0.7638488019687227,0.7701702245174804,0.8207825163220388
ETTh2,44,0.10715623583142878,0.10681189882361812,-0.3223770119275472,0.2735167236148199,0.2627494996649653,-4.097904644379525
ETTh2,45,0.619598285511569,0.6236939554327263,0.656679431551595,0.6700076065802326,0.6700605741482124,0.007904892486343056
ETTh2,46,0.1705099606249359,0.16010247636480104,-6.500514230911024,0.32660140345493954,0.31807237846983805,-2.6814730113103113
ETTh2,47,0.03365217241896978,0.03018821541839381,-11.47453386219499,0.154613254001985,0.14430029511891512,-7.1468730362409625
ETTh2,48,0.45890295964556393,0.4583028618762667,-0.1309391276415974,0.5577501787700587,0.5553876909323865,-0.42537634093151794
ETTh2,49,0.8906551306202108,0.866319812066962,-2.8090455988980536,0.7795496164277816,0.7689105601127569,-1.3836532968755877
ETTh2,50,0.9287688696921614,0.9046454037099386,-2.6666211847529215,0.8419587170679329,0.8279494028719556,-1.692049556093932
ETTh2,51,0.10073572341681857,0.11059396603797603,8.913906404054915,0.2640311117313104,0.26668399721416386,0.994767406580846
ETTh2,52,0.7410901097966729,0.7173371847899896,-3.3112635884946133,0.745252278866893,0.7305591654892649,-2.011214706722345
ETTh2,53,0.173630493516112,0.15866604917491406,-9.431409188679735,0.32990684376822577,0.3121497485372755,-5.688646335343687
ETTh2,54,0.028188676789830877,0.027194402789761266,-3.6561714840965602,0.14005763802205265,0.13656465717520203,-2.557748775636288
ETTh2,55,0.44700872410666465,0.4530084101310354,1.3244094127601929,0.5524599329671926,0.5568883500786291,0.7952073536483972
ETTh2,56,0.8895963639723959,0.86774519286708,-2.518155247062615,0.776435943462679,0.7592002208215288,-2.2702473166432178
ETTh2,57,0.8607943789900522,0.8548354177668168,-0.6970887143168012,0.8031305815791712,0.7938422791840922,-1.1700438032382727
ETTh2,58,0.10064885947279395,0.1100861960910997,8.572679367080738,0.26293607570470257,0.2639500213505623,0.3841430436988124
ETTh2,59,0.6332036969067676,0.6289666701267309,-0.6736488563349402,0.6781716579765392,0.6698796159827098,-1.2378406203128003
ETTh2,60,0.20279117421056148,0.1882011639840264,-7.7523485602742666,0.3548669179280599,0.3367126714852121,-5.391613675473186
ETTh2,61,0.035721570463847004,0.032102275110555585,-11.274264334309919,0.16189264316603336,0.15098280358070043,-7.2258822373116205
ETTh2,62,0.44200315491980735,0.45246206855439297,2.3115558985975633,0.5516850062749452,0.5568152412151297,0.92135318153089
ETTh2,63,0.9109699879763403,0.8816058250559992,-3.330758722978715,0.7947288767512267,0.7751650064536888,-2.523833007767068
ETTh2,64,0.9271190322110532,0.8992190151005178,-3.102694298275776,0.843278193160788,0.8251086350297555,-2.2020807151505877
ETTh2,65,0.10158783675356922,0.11176595636987416,9.106636713796679,0.2675893331829381,0.2669650398922386,-0.23384833120902881
ETTh2,66,0.7104521966224391,0.690815675228436,-2.8425124238111343,0.7294831389858801,0.7144033816190333,-2.1108183072526905
ETTh2,67,0.21372293163106473,0.19849966043807138,-7.669167372577327,0.3671123911937078,0.3493870165612962,-5.07327799609344
ETTh2,68,0.03746662279405898,0.03177124144711824,-17.926215934685604,0.16545120617310102,0.14927996002984906,-10.832831238713132
ETTh2,69,0.4349960224947474,0.4449575739565941,2.2387643328032083,0.5490426031044788,0.5532007468864322,0.7516518741806711
ETTh2,70,0.9542747059533797,0.9524079095224048,-0.19600807724402414,0.8191857061840386,0.8109553541962264,-1.014895819507802
ETTh2,71,0.943985503899408,0.9405822820387104,-0.36182074930447966,0.8489934523253598,0.8408488744843958,-0.9686137530906752
ETTh2,72,0.10504428467936062,0.1181733815530533,11.110028926267496,0.2728701509823117,0.2767850596719654,1.4144219685461024
ETTh2,73,0.7639961834396093,0.7318961526860219,-4.385872317511422,0.7601937307691615,0.7353763939909792,-3.374780178011364
ETTh2,74,0.21322249494481965,0.21404811610786673,0.38571755643530803,0.36472860607835983,0.3587577074766159,-1.664326222770593
ETTh2,75,0.04229541197009141,0.03737406317083081,-13.167818486221073,0.1763791986802567,0.16269849140986076,-8.408625766499755
ETTh2,76,0.41433935446764303,0.4326212910950298,4.225852264716887,0.5332614564854238,0.5426651518998875,1.7328725424031932
ETTh2,77,0.9908881130306023,0.9831786483003333,-0.7841367124476026,0.842992833792232,0.8295605212838079,-1.6192082631459626
ETTh2,78,0.950018981574992,0.9690904256419669,1.9679736340745684,0.855923163660595,0.8598044664676612,0.45141691610556495
ETTh2,79,0.10479834106900003,0.1211310382385382,13.483494740113498,0.2735340769328306,0.2781772305855864,1.669135048537789
ETTh2,80,0.7925977447518103,0.8090409184086296,2.03242793815209,0.7792870925881693,0.782201056910627,0.37253392803720836
ETTh2,81,0.19127129647390098,0.19384598166510594,1.3282117942754492,0.34646853539678785,0.3454679942793316,-0.2896190483704361
ETTh2,82,0.04372683446217601,0.03764487841189441,-16.156131476200834,0.18047267444684015,0.16309394280768982,-10.655657310119873
ETTh2,83,0.40847185837467037,0.43143804949814046,5.323172388291886,0.5296815705589122,0.5422853221702907,2.3241919144956347
ETTh2,84,0.9944730675707926,0.9804385708931701,-1.4314508929240894,0.8444915865418605,0.8302644839277491,-1.713562712788457
ETTh2,85,0.9811393268046227,0.9652671172280053,-1.6443333967698213,0.8731358885118324,0.8576784119191062,-1.8022462006638604
ETTh2,86,0.10235723212286467,0.1134607595101018,9.786226916847449,0.26928486224787773,0.2702190773506623,0.34572507313103107
ETTh2,87,0.754515678669061,0.7490412331423373,-0.7308603698300582,0.7556659299990214,0.7480981388957136,-1.0116040543128135
ETTh2,88,0.2214273342773995,0.2213504443646177,-0.03473673296771655,0.3742732788125674,0.3662165214618047,-2.199998328476003
ETTh2,89,0.04655724037491166,0.039329438943137084,-18.377585915284996,0.18729479062797813,0.16751886023557744,-11.805196360929338
ETTh2,90,0.4206377407445328,0.4445411926506564,5.377106171780163,0.5393424685837493,0.5506337636667821,2.050599841143358
ETTh2,91,0.9368323267679254,0.9337733482124267,-0.3275932603296728,0.8124306289246306,0.8018990254624643,-1.3133328670767008
ETTh2,92,0.9328896051677636,0.9449214106269334,1.2733128198658221,0.8495115471564026,0.8472600016510115,-0.2657443406986905
ETTh2,93,0.09954817805712592,0.10634333679578142,6.389830283118469,0.2636730085789976,0.2603406911085282,-1.279983338862795
ETTh2,94,0.7190727513570712,0.7128932817846492,-0.86681551507294,0.7351577431988617,0.7269875321967346,-1.1238447208907736
ETTh2,95,0.24987601466552567,0.250794460270951,0.3662144707793981,0.40372450169589785,0.38532483296261894,-4.775105874129816
ETTh2,96,0.04495517311506722,0.03741907003218591,-20.139739112701488,0.18330251652514562,0.16407446185055757,-11.719102691375186
ETTh2,97,0.4417366740318559,0.4611373741704782,4.207141130887824,0.5534787169554167,0.5606492684326239,1.2789727697769848
ETTh2,98,0.8872172198238333,0.9006510914349912,1.4915733449846817,0.7790965531823328,0.7795397262166565,0.05685060291596325
ETTh2,99,0.8790497766691648,0.8876231975058029,0.965885170726623,0.8148251940987797,0.8141525383805857,-0.08262035509120289
ETTh2,100,0.09932637857006713,0.1119426106958848,11.270267905482639,0.25988428228204913,0.26975588359410824,3.659457276903196
ETTh2,101,0.6936158572951013,0.676951771303584,-2.4616356286989065,0.7147059341106796,0.70397955292105,-1.5236779456338267
ETTh2,102,0.2299019378177677,0.22245535845920417,-3.347448859016422,0.3801717440287272,0.3632259637117386,-4.665354905751462
ETTh2,103,0.045897075009879065,0.04148734203058342,-10.62910459784312,0.18616541185280464,0.17475136475404723,-6.531592537100945
ETTh2,104,0.4703182912009415,0.47948789636160993,1.912374687713308,0.5734292555807365,0.5722244758779804,-0.2105431965152473
ETTh2,105,0.9635059876369506,0.9707064847118441,0.7417790226291661,0.8255007389079159,0.8220062304262279,-0.4251194641038179
ETTh2,106,0.9649708602689018,0.9836835431254621,1.9023071990311506,0.8672526490331317,0.8687868448569336,0.17659059099295155
ETTh2,107,0.09656551662204695,0.11096188085286826,12.974153033608372,0.255842888531495,0.2710120729549089,5.597235672204821
ETTh2,108,0.7429814104385596,0.7431396945329101,0.02129937285209447,0.7478959877829766,0.7438918302640862,-0.5382714738873906
ETTh2,109,0.2858462820651063,0.2625780498187359,-8.861453675367404,0.4390318289399147,0.40157429658704336,-9.327671783582952
ETTh2,110,0.04935687748350944,0.0437253996955126,-12.879191104512156,0.19397365011973305,0.17955452314539191,-8.030500553119143
ETTh2,111,0.4917418724693136,0.49045789135342566,-0.2617923247895535,0.5871889723050926,0.5804171380690403,-1.166718518784815
ETTh2,112,1.0087883039001961,0.9917467125521001,-1.718341097823479,0.8441572097000769,0.8278156895164608,-1.9740529674137295
ETTh2,113,0.9738769495293359,0.9651216087414686,-0.907174879162058,0.8669831834707616,0.8559777594249075,-1.2857137845787237
ETTh2,114,0.09257185594127036,0.11033451740001905,16.09891616632532,0.2534734116644055,0.2682995180822521,5.525953428399891
ETTh2,115,0.7488484965099009,0.714319591481642,-4.8338174453033025,0.7460937823670166,0.7252617608940152,-2.872345213309226
ETTh2,116,0.270600896765809,0.2564952643641425,-5.4993734237685405,0.42386220147212345,0.3972565897636943,-6.697336782822233
ETTh2,117,0.048089906710294235,0.041286054211251734,-16.479783861709507,0.19097462240606547,0.17376581980497577,-9.903445119646555
ETTh2,118,0.5108672471882554,0.502736640085977,-1.617269650544655,0.5971777981975013,0.5884838191378448,-1.4773522698370178
ETTh2,119,1.0105068185144568,0.9849011559701866,-2.599820539254734,0.8452823970440982,0.8284014085488808,-2.0377788257009444
ETTh2,120,0.9928724952349899,0.9677358417180961,-2.5974705527354156,0.8756128414611642,0.8608291242659712,-1.7173811594489294
ETTh2,121,0.09488290639753581,0.10746068253454476,11.70453773450177,0.2556552769936388,0.26411330431874375,3.202423803269447
ETTh2,122,0.7184795321685199,0.6876475382636427,-4.48369145372499,0.7287885828962317,0.7114382533948326,-2.4387681458801302
ETTh2,123,0.2885283306994134,0.2823100419920391,-2.2026452419109104,0.4422490171260304,0.4209318194124434,-5.064287547409111
ETTh2,124,0.04566028008024062,0.040889613761852156,-11.667183618249876,0.18600657241638854,0.17367885519666337,-7.097995438630691
ETTh2,125,0.5181706481089327,0.5101459237708309,-1.5730252784900502,0.6021269670998056,0.5944490257857574,-1.29160634150242
ETTh2,126,1.0261569406295676,1.0198520551109387,-0.6182156997215753,0.853517012626657,0.841098907421757,-1.4764143783001222
ETTh2,127,1.098324756358381,1.0547022057808666,-4.136006385349086,0.9292381015062953,0.9025927322580376,-2.952092155849551
ETTh2,128,0.09791638391126564,0.1172962300862968,16.522138998647343,0.25920404791346907,0.2771760898331801,6.483979888210269
ETTh2,129,0.8269950106704768,0.7768655988250985,-6.452777922100298,0.7877117499026807,0.7602248369628797,-3.6156294300528256
ETTh2,130,0.30723414320199,0.3005045878931452,-2.2394184914200737,0.4565032670895259,0.4342505764630106,-5.12438942689827
ETTh2,131,0.05232520968489921,0.044893532964476804,-16.554002836673423,0.20037298446016696,0.18241270261221668,-9.845960062403812
ETTh2,132,0.5241291539658016,0.516422663101187,-1.4922836302992797,0.604907402748035,0.5985219494543141,-1.0668703628233898
ETTh2,133,1.0279920491841241,1.0234872713705543,-0.44014009158486933,0.8540351572938056,0.8469630440050322,-0.8349966788788746
ETTh2,134,0.9958849375176542,0.9812927569479594,-1.4870364084903425,0.8773951631013511,0.8680201020065902,-1.080051150093038
ETTh2,135,0.09518975074024223,0.11614501891254889,18.042330500703496,0.25583843840455905,0.2765823302530205,7.500078486389457
ETTh2,136,0.7689378853663074,0.7612865272946059,-1.0050562826708898,0.7573663882506986,0.7499579367806695,-0.9878489321456123
ETTh2,137,0.2924053067716065,0.27148425815434396,-7.706173742629491,0.44653565453158484,0.4153143965535694,-7.5174995707109735
ETTh2,138,0.04980293492200385,0.041371905171081524,-20.37863549202833,0.19346372172359325,0.17351924552026,-11.494100348081881
ETTh2,139,0.5281481340839101,0.525782690105657,-0.4498900444550146,0.6075323500773973,0.6037643277603719,-0.6240882648702663
ETTh2,140,0.9807423460040467,1.0026627478404722,2.1862188341630735,0.8288815125797151,0.8306061422633421,0.2076350746609547
ETTh2,141,0.932431553300937,0.9423897720982602,1.0566985224331327,0.8447012984478433,0.8457975846585921,0.1296156705379317
ETTh2,142,0.09575059311924838,0.11827266281375673,19.042498206008702,0.2574575965732543,0.2792828652708623,7.814753932877626
ETTh2,143,0.7512356540218323,0.75083434243131,-0.053448752653330114,0.7489101295492017,0.7446831932139402,-0.5676153797722601
ETTh2,144,0.23760440510877293,0.24096726905702198,1.3955687680774915,0.3883474604951011,0.3874870154592726,-0.22205777264785087
ETTh2,145,0.04770341326100742,0.04103911714662684,-16.238887621704936,0.1891971676516631,0.17231899184051952,-9.794727575219492
ETTh2,146,0.5184480201349322,0.5195426560883957,0.21069221951955422,0.6010879778820607,0.5997806906079253,-0.21796088046955756
ETTh2,147,0.9346367742147241,0.94446922512171,1.041055721611136,0.8038465796219599,0.8013106213649734,-0.31647630636252827
ETTh2,148,0.8712826702662083,0.90215512796996,3.422078614486319,0.8150013676508227,0.8260194150498137,1.3338726909132743
ETTh2,149,0.09412127787023501,0.11437362325229425,17.70718178384979,0.25229872392988506,0.27435141778357014,8.038119150921236
ETTh2,150,0.6706150840768538,0.7032615232553739,4.642147778453867,0.7038840867284711,0.7174998325227837,1.8976653620166823
ETTh2,151,0.24674092898344285,0.23006458688696907,-7.248548036933162,0.3934781904021899,0.37547168102529316,-4.795703720644582
ETTh2,152,0.04918989740247145,0.04131156638664695,-19.070521175810445,0.19303458161949594,0.1733863564728785,-11.332048003264232
ETTh2,153,0.504589044805091,0.5051013649501102,0.10142917453207065,0.5924043398557438,0.5900848188954922,-0.39308263591549303
ETTh2,154,0.9522024056531334,0.9475521199059693,-0.49076833342165466,0.8117187350134676,0.8045563474271653,-0.8902282120085656
ETTh2,155,0.8825150499222016,0.8886022253760701,0.6850281577105338,0.8210051258793101,0.8188906525960192,-0.25821192079645916
ETTh2,156,0.09501560365051534,0.11091731274939336,14.336543777260767,0.2513185625705066,0.26970307681767736,6.816575644629708
ETTh2,157,0.633228274085208,0.6585623170247873,3.8468710226287923,0.6788945271277852,0.6855336463441037,0.9684600094721009
ETTh2,158,0.24890660474121087,0.23098415720611337,-7.759167447620584,0.39840765015946494,0.3767066010170513,-5.7607297254213465
ETTh2,159,0.04778596433074921,0.039474045211755626,-21.05666919720263,0.18877044101472065,0.1691671085857605,-11.588146533238223
ETTh2,160,0.5072887287124617,0.5041795377056897,-0.616683299151848,0.5953197550235523,0.5881052296815648,-1.2267405521787138
ETTh2,161,1.0510692670828232,1.0197577082245701,-3.070490039518063,0.8631091443175036,0.841844500350352,-2.525958648931236
ETTh2,162,0.9479729556949501,0.9335045640367566,-1.5499004735046777,0.8532578096595697,0.8418013773418755,-1.3609424534169394
ETTh2,163,0.0948397398576089,0.1167962283867441,18.798970508218197,0.2536707814540326,0.2724778569009181,6.90223993273859
ETTh2,164,0.751124465402046,0.7355787465534569,-2.1133996762995615,0.7500859164083118,0.7356993093517505,-1.9555009599285578
ETTh2,165,0.2535979360030176,0.2371276995260048,-6.945724396574175,0.40277335560984084,0.38266678435934914,-5.254328850138798
ETTh2,166,0.05536549950115495,0.04362513030564952,-26.91194069392851,0.20501384853398325,0.17826794138786176,-15.00320637457174
ETTh2,167,0.49576049155906904,0.49746805727382715,0.34325132835980116,0.5868692067969177,0.5818136859892143,-0.868924353181518
ETTh2,168,0.9973278355526869,0.9523353090579392,-4.724441703128159,0.8371349984547123,0.8114143337614628,-3.169855845905084
ETTh2,169,0.862498534364016,0.8730712387737829,1.2109784333997877,0.8117780997495477,0.8109389702867096,-0.10347627794252806
ETTh2,170,0.09859102064417513,0.11125370828465099,11.381811748762043,0.2592284767852915,0.27015450022784837,4.044361072401857
ETTh2,171,0.6792646727561278,0.6880024605387146,1.2700227519164724,0.7113719184459316,0.7083248863847176,-0.43017436204536835
ETTh2,172,0.22159467219219459,0.21423812656243504,-3.4338171957528,0.3736373346712854,0.3641896987954775,-2.5941524175601423
ETTh2,173,0.05199915913515533,0.04244543400194697,-22.508251730374887,0.19894561644436584,0.17647904861563196,-12.73044477798928
ETTh2,174,0.4839462731213297,0.4839890460135488,0.008837574439216388,0.5779651484348708,0.5718737074277467,-1.0651724197153674
ETTh2,175,1.1532705743354978,1.0716250676814132,-7.618850017267169,0.9253557658831899,0.8847417758544907,-4.590490823096258
ETTh2,176,1.034360984445745,0.9948420154992473,-3.97238640214303,0.9096248273194457,0.8884235589014781,-2.3863919642318687
ETTh2,177,0.10063452200276557,0.11835868326945559,14.974956443490642,0.26659355291404707,0.2806861437666359,5.0207647101759
ETTh2,178,0.8123974666709043,0.7847188131129984,-3.527206573282473,0.7939346341820459,0.7753897278592276,-2.39168841893469
ETTh2,179,0.27305579209088654,0.24312738197925468,-12.309765304092963,0.4217770694030656,0.3879521681202783,-8.718832903209979
ETTh2,180,0.052407691221890935,0.041276210343157385,-26.968272489625214,0.20021961056724347,0.17302111850391763,-15.71975276689128
ETTh2,181,0.48838626519401596,0.48672086575035084,-0.3421672586601895,0.5816720619590746,0.5761528693346514,-0.957938928742449
ETTh2,182,1.1242676917830985,1.050265606213955,-7.046035320142447,0.9077901086847608,0.8689480733514453,-4.470006496879119
ETTh2,183,0.9719005590731483,0.9617359619471605,-1.0569010131853933,0.8719658710036634,0.8640224961745036,-0.9193481494208179
ETTh2,184,0.10086532892872598,0.11695568621538428,13.757652840432645,0.2632085939652623,0.2801109736077099,6.034172608360242
ETTh2,185,0.8244524760215894,0.8098609211483203,-1.8017358897351696,0.7965734234613289,0.7899322132570281,-0.8407316593556661
ETTh2,186,0.2795184552085983,0.24523748023822817,-13.978685043195261,0.432586006489065,0.3938763302233484,-9.827875730376128
ETTh2,187,0.05210695817452105,0.041930257681690834,-24.270541264223976,0.19869298604511035,0.1758054772314305,-13.01865514892389
ETTh2,188,0.49262074985450854,0.4921765067924928,-0.09026092385247364,0.5860287437215448,0.5806714270470871,-0.9226072482507881
ETTh2,189,1.0451198505949566,0.9695607080399236,-7.793131665554433,0.8638103270463439,0.8270210774175616,-4.448405322831626
ETTh2,190,0.9552609471976445,0.9352666005441967,-2.137823230489983,0.8606767731899809,0.8480709554912108,-1.486410732161993
ETTh2,191,0.09514452702379893,0.1125418323281164,15.458523239248075,0.25552480903796904,0.27274344438822784,6.313125284782095
ETTh2,192,0.7696816656071664,0.7391869304172377,-4.125442961053956,0.7631895050804208,0.7441268992083173,-2.56174126918196
ETTh2,193,0.265179962540114,0.23736265791224267,-11.719326398070539,0.4160474063621627,0.3850097621480624,-8.061521360116641
ETTh2,194,0.05478576392422397,0.04618406051904941,-18.62483139962681,0.20495018761010012,0.18544513150312317,-10.517966122312817
ETTh2,195,0.48871443000031806,0.48746819703153876,-0.25565421013479217,0.583470364432368,0.5777376315866908,-0.9922727086225824
ETTh2,196,1.0661878725588592,1.0266856645522537,-3.847546466311348,0.8803884989452652,0.8548160395455651,-2.991574586421525
ETTh2,197,0.9959395453006632,0.9853939982527458,-1.0701858410560956,0.8827335533349672,0.8737247054128804,-1.0310854055373921
ETTh2,198,0.09795978041832755,0.11748218513888209,16.61733197886645,0.26171744030208277,0.27643731465440297,5.3248507245567485
ETTh2,199,0.768628852177778,0.7592174146140135,-1.2396235100256863,0.7616229572970445,0.7518048683585625,-1.3059358021873597
ETTh2,200,0.2991653741773187,0.2689445790216384,-11.236811415056952,0.4482479343811671,0.4181492398182551,-7.19807468166011
ETTh2,201,0.05795204708520317,0.04793956975635351,-20.885622002318225,0.21139600462564784,0.188898727202387,-11.90970302259217
ETTh2,202,0.4831903264773754,0.4771527478579869,-1.2653345593192453,0.5792598521750835,0.572475344956749,-1.185117800810624
ETTh2,203,0.9483241583886605,0.9138150818542994,-3.776374150483028,0.817039453277054,0.7953066473593935,-2.73263224817981
ETTh2,204,0.8567714638670326,0.8657739559190882,1.0398201505725297,0.8083943371738618,0.8096594569764825,0.15625332251969487
ETTh2,205,0.09149370344938315,0.10726237074790386,14.70102440265974,0.2523678193428269,0.2603212046918796,3.055219938178456
ETTh2,206,0.6198380753528688,0.6559782520593498,5.5093559265149485,0.671581200460787,0.6883282448588741,2.43300264418479
ETTh2,207,0.31610307536244925,0.26797406132146817,-17.96032563884769,0.4686945213211907,0.41900015274683633,-11.860226839673771
ETTh2,208,0.0541165818905872,0.04419275772183161,-22.455770312458085,0.20408011367770895,0.18176629962917004,-12.276100737079629
ETTh2,209,0.4827370304997343,0.47465083402625985,-1.7036094522120035,0.581097192172375,0.573761719196207,-1.278487694585896
ETTh2,210,0.9687020499225142,0.9186349429600121,-5.450163565646278,0.8236439439545696,0.7947528663996815,-3.635227852120617
ETTh2,211,0.899678194109227,0.8930561517800916,-0.7415034671600431,0.8300518141464434,0.8229492462783431,-0.8630626858485495
ETTh2,212,0.09207164890020654,0.10950017046397965,15.916433271221498,0.25047022209716185,0.26386586077828217,5.076685040501026
ETTh2,213,0.6310737148290549,0.6525484430668772,3.2909017661423485,0.6747541448563829,0.6834940583978703,1.278710975480022
ETTh2,214,0.29941404376367864,0.25811534194004965,-16.00009573751765,0.44896643194887376,0.404663361940119,-10.948129772942139
ETTh2,215,0.06217696234798235,0.0494279563043197,-25.793107781291084,0.22067901757772132,0.19365713384953173,-13.953466722886196
ETTh2,216,0.47137022014459656,0.46515300974128654,-1.3365946845679824,0.5753488645992345,0.5702505998520387,-0.8940393484055257
ETTh2,217,1.028038855762525,0.9368485540687388,-9.733729245537742,0.8553347800315048,0.8024579181413477,-6.589362593945162
ETTh2,218,0.9795107695726953,0.9087414765999277,-7.787615597513194,0.8750417972009422,0.8340486748997743,-4.914955629669212
ETTh2,219,0.0913108021527102,0.10315826859592635,11.484747276656012,0.2503100960402258,0.2559581719820724,2.2066402092612902
ETTh2,220,0.6520561569256439,0.6253035714497875,-4.278335627258545,0.691097511637943,0.6719487702328479,-2.84973233874057
ETTh2,221,0.2982823100217055,0.26723668342150364,-11.617277314894167,0.4537536387642225,0.41662365595499673,-8.912115833680959
ETTh2,222,0.06700728117530717,0.05456509697301278,-22.802459617084782,0.230864218236982,0.20354523260515028,-13.42157970598446
ETTh2,223,0.46333850444408914,0.4647926289772253,0.31285447368989994,0.5739961385106047,0.5722829678199357,-0.2993572737618226
ETTh2,224,0.9918061186911006,0.9113622888788455,-8.826767444066263,0.8412279260836335,0.7988167606475246,-5.309248318942408
ETTh2,225,0.9530805933793369,0.8952991987483323,-6.453864217882196,0.8626132701032071,0.8318259077793401,-3.7011785802701938
ETTh2,226,0.09184478983401936,0.10159647430344086,9.598447718073253,0.25069910182210153,0.256180114010931,2.1395150868718833
ETTh2,227,0.6219138248939735,0.6050297546008503,-2.7906181745163865,0.6771302647911297,0.6636066849133284,-2.0378908448710935
ETTh2,228,0.3395767973763161,0.26462006288150725,-28.326172127157754,0.4908710476424959,0.4167759646972021,-17.778156424909415
ETTh2,229,0.07393268287793851,0.05722044952113207,-29.20674950418636,0.2448640212575103,0.21068489505075075,-16.22286505092182
ETTh2,230,0.45860383606860544,0.46902306697876067,2.2214751562799058,0.5747494370780057,0.576331622670922,0.27452694432830693
ETTh2,231,0.9440452752560263,0.9266157942038832,-1.880982513050942,0.8177570718211226,0.8014366265981354,-2.0363987221625584
ETTh2,232,0.8199870483644572,0.8424315449515147,2.6642516797432205,0.793075316070786,0.799263119079276,0.7741884819630146
ETTh2,233,0.0910234603025024,0.1026509277145113,11.327191746719285,0.24904852461800653,0.25689696059723954,3.055091022091816
ETTh2,234,0.5699633632590538,0.5941039034274707,4.063353233188098,0.6437072413743914,0.6555300222363762,1.803545293265256
ETTh2,235,0.30709175828931473,0.25507816859561583,-20.391235353487986,0.45620495859119625,0.40398225039243696,-12.926980863151547
ETTh2,236,0.07217880986655835,0.05843275217084351,-23.524576859779984,0.24210641239963782,0.21330159650743655,-13.504266430184463
ETTh2,237,0.4521529489436487,0.46609075048839216,2.9903621837890477,0.5728682769876388,0.5748767120763659,0.3493679682158301
ETTh2,238,0.9168468364707237,0.878226872756252,-4.397492824748776,0.7972242229074861,0.7757197222336092,-2.7721998110292687
ETTh2,239,0.8305663249966424,0.8112079591961394,-2.3863629025146667,0.7944865691035778,0.7824120895600775,-1.5432378544009249
ETTh2,240,0.08800916095555741,0.10160494496799323,13.38102591042065,0.24510378928292387,0.2525587454525521,2.951771143885717
ETTh2,241,0.5340855402519304,0.5277377521454286,-1.2028300193980759,0.6170823468273738,0.6088875869854948,-1.3458575962190251
ETTh2,242,0.3109703080293167,0.27032113663220103,-15.037363301865266,0.46320997178554535,0.41766084829966227,-10.905768082241362
ETTh2,243,0.07124478432279638,0.056525746333193155,-26.0395287889545,0.2402878644316742,0.20966596372292973,-14.605089049747159
ETTh2,244,0.44524059878242095,0.4662262527396332,4.501173804327103,0.5692741167007221,0.5748524547658033,0.9703947541380433
ETTh2,245,0.9163309234619399,0.906828266247611,-1.047900420401556,0.8021006817075734,0.7921346347649685,-1.2581253874301224
ETTh2,246,0.855024667573201,0.8820352890225662,3.062306212180841,0.812510858494271,0.8225086624190833,1.2155256694084815
ETTh2,247,0.0910952868894204,0.10605923379848282,14.109046778043467,0.24999278057010896,0.2579497436646812,3.084695096621539
ETTh2,248,0.5037731568479166,0.5421016403796006,7.070350037097279,0.5984255714700946,0.619950300084828,3.472008741956926
ETTh2,249,0.2982120056269635,0.2773749561579896,-7.512231730504649,0.44903235187133156,0.42163167811102337,-6.498722743762411
ETTh2,250,0.07056157210360946,0.05994854553142018,-17.703559741289784,0.23875317632143075,0.2158522934048152,-10.60951568101554
ETTh2,251,0.44831836194344354,0.47437827252952125,5.493487390794434,0.5715815374213788,0.5788369909135832,1.253453667629813
ETTh2,252,0.8867702963633589,0.8998777387282003,1.4565803553898542,0.7830002313971313,0.781100068683736,-0.24326751329023147
ETTh2,253,0.888969894016525,0.8992820314554617,1.1467078267144704,0.8281942932840644,0.8247524285352685,-0.41732095956461157
ETTh2,254,0.09038326585973751,0.10678877861556657,15.362581133068261,0.24994005878203704,0.25873619846113594,3.3996556073000126
ETTh2,255,0.5418233271683252,0.5803721678513356,6.642089820696722,0.6209400972018355,0.6421143479344512,3.29758255686528
ETTm2,0,0.15227072099289923,0.1567494021018603,2.8572237271123355,0.30395339020049306,0.30840664883079527,1.4439567522895584
ETTm2,1,0.14811853468785818,0.15793778025502345,6.217160676381576,0.29478981719326436,0.30373617395008395,2.9454367059650397
ETTm2,2,0.06158790462947288,0.0611348576053182,-0.7410617148722567,0.21120089132855355,0.20824636241316816,-1.418766158096678
ETTm2,3,0.3174802214671856,0.3327611440420597,4.592159525975988,0.484746193623222,0.49717544434824956,2.499972769435772
ETTm2,4,0.13517362837636135,0.14046335853639963,3.765914623682803,0.27092450683315594,0.27400291288892425,1.1234939159264492
ETTm2,5,0.013914672766585411,0.0192608997470923,27.756891166592442,0.08818465817215232,0.10658885085657756,17.266526973997788
ETTm2,6,0.14500769122270243,0.1369656193594459,-5.871598946412465,0.28281232008400065,0.27914933005037407,-1.3121973221162921
ETTm2,7,0.15573902977177284,0.15714754284732324,0.8962997766492861,0.30729600775197874,0.30932624758570454,0.6563425669731711
ETTm2,8,0.1501057973137261,0.15294268978884798,1.8548728801869954,0.29825284047336836,0.3000253230009952,0.5907776416662573
ETTm2,9,0.06359374501004424,0.062060423178731464,-2.4706918721724938,0.2138979790494179,0.21015286948220616,-1.7820882372147901
ETTm2,10,0.3370286796105173,0.33621275962440433,-0.24267966124321447,0.49981807455705063,0.5011917459222281,0.2740810031996572
ETTm2,11,0.1465680725864233,0.15269064479720373,4.0097886932838245,0.27811782782276473,0.28621138574348554,2.8278252801496118
ETTm2,12,0.015619699989433682,0.022645319785424924,31.024599619534193,0.09432658100203196,0.11723520385631774,19.540736997704496
ETTm2,13,0.14455317878273868,0.13621164845045064,-6.12394786142128,0.2828305553800116,0.27887662211950454,-1.417807355258605
ETTm2,14,0.14610550334801986,0.1430945376875379,-2.1041793132989564,0.29438671068637634,0.2922207310841057,-0.7412135320567861
ETTm2,15,0.14089756522038985,0.13596162946360674,-3.630388791496742,0.2873628724870893,0.2826037845768345,-1.6840142170710766
ETTm2,16,0.06014523988842883,0.059823164918572994,-0.5383783527571945,0.20828559334182095,0.2061329143297674,-1.0443160031249203
ETTm2,17,0.31757322241639474,0.33550213451572863,5.343904033639872,0.4840923909912817,0.5006642449789473,3.309973530936382
ETTm2,18,0.12963638447004144,0.13912310246350726,6.818937922947939,0.2618256685634454,0.2774126826888985,5.618709993491175
ETTm2,19,0.016170830580843787,0.022571709866751267,28.357972540379613,0.09574686033560688,0.116200870930657,17.60228682559193
ETTm2,20,0.14474421238979912,0.13659248267654128,-5.967919722611379,0.28304254401785633,0.2797177101744132,-1.1886390180192654
ETTm2,21,0.15027705638238634,0.14961142012753065,-0.4449100571923538,0.30046513408047354,0.30423339158749313,1.2386074675619207
ETTm2,22,0.1439711869463994,0.1545380863997567,6.837731525950825,0.29020570563023085,0.30522711919491285,4.921388900273173
ETTm2,23,0.060513541098809576,0.06106326860207408,0.9002588886076011,0.2098522801955874,0.20926856501751495,-0.27893113235788825
ETTm2,24,0.31930934112479503,0.3246062741739834,1.6318024236183784,0.4851764156185608,0.4906455571569192,1.1146827803862642
ETTm2,25,0.13010440479865626,0.13877148168565057,6.245574942139219,0.2657916707297166,0.2779443294637733,4.372335552771419
ETTm2,26,0.016095872638466777,0.023301392625208434,30.923130229334106,0.09549536765359032,0.11912149369212179,19.833638167428386
ETTm2,27,0.1456069986053637,0.13748994044900453,-5.903746943122578,0.28333194700276687,0.2798520765939934,-1.2434677816673902
ETTm2,28,0.15104895471208257,0.1491041269370281,-1.3043420158825276,0.3006912087859948,0.30049406406404966,-0.06560686067433658
ETTm2,29,0.14494171296865258,0.1597177177167059,9.251324749244025,0.2898989187851031,0.308091092946577,5.904803669422672
ETTm2,30,0.05901263102554732,0.059555185280546416,0.911010942948612,0.2068110186782481,0.20600573219461593,-0.3909048913607001
ETTm2,31,0.3226451705836675,0.33489695276378,3.658373741236856,0.48970743624829793,0.5012932004678684,2.311175218167175
ETTm2,32,0.12636427248478116,0.13434343606658955,5.939377326818845,0.2653865513702234,0.27518504766954316,3.5606935704901876
ETTm2,33,0.013874266323136533,0.020257977580065895,31.51208570400934,0.08861932930756464,0.10951837673071875,19.08268552458571
ETTm2,34,0.14567089572106148,0.13760965984804827,-5.858045054333117,0.2832414479460567,0.2797626882532818,-1.243468067344782
ETTm2,35,0.15964597581109075,0.15532745028263925,-2.7802719484504217,0.3087708795281489,0.30638010117367637,-0.7803308195649739
ETTm2,36,0.1540194726269764,0.16250635969712662,5.222495344777746,0.30220182998390455,0.31024268613998884,2.5917955572548363
ETTm2,37,0.060629967182968175,0.06441092893726649,5.870062451638935,0.20978260391804926,0.21530914455340988,2.5667932715183404
ETTm2,38,0.3243727063489314,0.3501872194469249,7.371631991242897,0.49035331699091733,0.5121562576762193,4.257087628730215
ETTm2,39,0.13570629454014174,0.14487646346978064,6.3296471421333935,0.2819588024583128,0.2889352559215493,2.414538662298353
ETTm2,40,0.012729624830836277,0.018423528741004797,30.905609833016072,0.08512790774629038,0.1031697209956797,17.487508035564844
ETTm2,41,0.14628923540047684,0.13802688511157044,-5.9860441552584085,0.28335928459030885,0.2800125288207912,-1.1952164367829354
ETTm2,42,0.15205903351748565,0.14565545862075177,-4.396385111392968,0.30184916659814515,0.2963698041567113,-1.848826150499631
ETTm2,43,0.14655580377395847,0.1495565204724946,2.0064098101881176,0.29438619664223453,0.2979662821201297,1.201506912937153
ETTm2,44,0.05996975731105333,0.06411101982458865,6.459517450925055,0.2081182231474587,0.21580478358288627,3.5618118874901175
ETTm2,45,0.3470504842025931,0.3734778062761668,7.076008702383802,0.5083388341396736,0.5268337448890735,3.510578228677069
ETTm2,46,0.12436134082157813,0.13384738120578762,7.087206562244878,0.26331564692987336,0.27269804088605776,3.440579890379437
ETTm2,47,0.015060474219973157,0.021511500361726534,29.988731763364605,0.09317866839377933,0.1144825924841118,18.6088763610844
ETTm2,48,0.14677297273950685,0.1383454861889667,-6.091623791056698,0.28320360363254116,0.27996862412223383,-1.1554793043148066
ETTm2,49,0.1511912692881749,0.15291700895573837,1.1285465752622676,0.3012541996567355,0.3025267185067706,0.4206302360056237
ETTm2,50,0.14654463584023844,0.1563495537724327,6.271151848930348,0.291591171184296,0.30394987291009684,4.066032865049537
ETTm2,51,0.06019306446294854,0.06425917588643157,6.327674401970656,0.20910393866502597,0.21666662556118454,3.4904715373540296
ETTm2,52,0.33807105430878537,0.3689123325737546,8.360056181858141,0.5016900064514226,0.5277009989147903,4.9291156387535615
ETTm2,53,0.11956407436550862,0.12342802803228675,3.130531799282566,0.255937545084291,0.2600623057120376,1.5860663145522738
ETTm2,54,0.014249626978952,0.02035419122190458,29.99168169542903,0.08937494752010228,0.10977464606274023,18.58325148320568
ETTm2,55,0.14817053928342705,0.13999339667067903,-5.841091656618603,0.2837779991897858,0.2807121459549914,-1.0921697828087509
ETTm2,56,0.16700265671886588,0.17268899517043698,3.2928203942346848,0.317689988559707,0.32494182106974123,2.2317325871322096
ETTm2,57,0.1559646779984212,0.16701995119496568,6.619133293626365,0.3045513420973697,0.31546701831199847,3.4601640047940245
ETTm2,58,0.0662897287264052,0.07157975843301385,7.3903989373744405,0.22091029188801864,0.22969319542765637,3.823754344696717
ETTm2,59,0.3620293655192577,0.401980989869276,9.938685001748604,0.5212396938521933,0.5515603183445313,5.49724544784934
ETTm2,60,0.12339108939964771,0.13258602196649102,6.9350693462748145,0.2658875078790718,0.2780871786177158,4.386995042088876
ETTm2,61,0.015103384750798619,0.020467231220598774,26.206996012249256,0.09322988888468697,0.11162228883153552,16.47735424473067
ETTm2,62,0.14836674384003803,0.13951299224931774,-6.34618428576038,0.28391413065190946,0.2804631985465272,-1.2304402585673953
ETTm2,63,0.1700191781384095,0.17147619585641105,0.8496909502363899,0.31975539629282945,0.3227466058445215,0.9267981436597948
ETTm2,64,0.16241386638819255,0.17643354982208212,7.946155052725063,0.31251557188807055,0.32818841475657085,4.775562501231313
ETTm2,65,0.06491927481898051,0.07140116747747428,9.078132595715177,0.21836562301238396,0.22815841191861383,4.292100748721482
ETTm2,66,0.3618288439939156,0.40422664398610614,10.488620832635611,0.5216725830001653,0.5516705365295315,5.437657359422958
ETTm2,67,0.124263801531114,0.13585446534668963,8.531676736570414,0.2638077243334717,0.2816488965517945,6.334543623905809
ETTm2,68,0.014966219543305244,0.019342721334755248,22.62609131211672,0.09232112130266615,0.10784571784768357,14.395190513677754
ETTm2,69,0.14916786641542756,0.1396240616292167,-6.835358228981499,0.28405416315524945,0.2799457746816592,-1.4675658092221973
ETTm2,70,0.17027763770655072,0.16598531439771888,-2.5859657069100472,0.32293951027548046,0.32029144458097614,-0.826767539160677
ETTm2,71,0.1621748584949869,0.1645541490642106,1.445901293133168,0.31276281563849706,0.31706269934851056,1.3561619575083252
ETTm2,72,0.06406277143109378,0.06848285815376579,6.4542965084014305,0.2172743245928157,0.22495845773256506,3.4158009515180825
ETTm2,73,0.34785964834964744,0.38992515642701525,10.788098019328864,0.5118911403270128,0.5462747614559097,6.294199101796149
ETTm2,74,0.12498974644430318,0.1341064225613352,6.798090608123116,0.2620754461321566,0.2717379617194335,3.555821029250716
ETTm2,75,0.016492191969414056,0.022271647250203863,25.949833058427703,0.09758636507839481,0.11786833044671867,17.20730690886653
ETTm2,76,0.14924984283398635,0.13968362469803447,-6.848489331968549,0.28417648670470547,0.2802039331601312,-1.4177365391598646
ETTm2,77,0.1713402703947509,0.16841911708128737,-1.7344547127946421,0.3217397211785687,0.32308356791359577,0.4159440059750949
ETTm2,78,0.15451603606813108,0.16127322876189415,4.189903523131837,0.3028810139008177,0.3105810746227184,2.4792433767107167
ETTm2,79,0.06583141186100931,0.07009267273737506,6.079466954173574,0.2209144384465617,0.22637792444580151,2.41343585626339
ETTm2,80,0.3452906937433045,0.3813987832448084,9.467279678846591,0.5099548570126191,0.5361754206694767,4.890295721523033
ETTm2,81,0.12803846071466501,0.1395176483209037,8.227767414653853,0.2743165427611934,0.28871413908070986,4.986799872482741
ETTm2,82,0.014758399786032743,0.01966416081507047,24.947726349338982,0.09202583071374748,0.10921660619593847,15.740074775213328
ETTm2,83,0.14992924926312906,0.1403817207190333,-6.8011194728155875,0.28451441258916427,0.28055813533460927,-1.4101452627051856
ETTm2,84,0.16530715327443382,0.1578948584251756,-4.694449789681294,0.3144410706687874,0.31038073326603305,-1.3081795896377901
ETTm2,85,0.1636964186488335,0.15896712671368904,-2.975012528006652,0.31498484579302993,0.30929177172559624,-1.8406807383432713
ETTm2,86,0.064344545111879,0.06604351799876075,2.5725051274731237,0.21691288357910202,0.21783876157985813,0.4250290416825971
ETTm2,87,0.34260059852824515,0.37492785898964326,8.622261506123793,0.5046892959689204,0.5289110618940969,4.5795536660615985
ETTm2,88,0.13329167115798077,0.14188254391403718,6.054918751147703,0.28442034266061256,0.2893635550306903,1.7083051006729018
ETTm2,89,0.013902171758948232,0.018034257407752614,22.91242470027111,0.08988089567994595,0.10351076912872183,13.167589772061605
ETTm2,90,0.149331869349719,0.13983633834805095,-6.79046027223181,0.2840763921280288,0.2801380583550781,-1.4058545975780405
ETTm2,91,0.1685094055392942,0.1709298511586072,1.4160461750282924,0.31790386575416457,0.3241098660193125,1.9147828917920553
ETTm2,92,0.1600160125520542,0.16016446483805866,0.09268740488382532,0.30668921839937363,0.3061976389843039,-0.16054317619833758
ETTm2,93,0.06659111028073715,0.0714330557092331,6.778298058821667,0.22268540962391448,0.22886568882915728,2.700395693587882
ETTm2,94,0.32505541503105223,0.36413319441665204,10.731726737575551,0.4909015998774622,0.5226529145031236,6.075028713050758
ETTm2,95,0.12645797659381686,0.13492389147540884,6.274585463713058,0.2719637707703643,0.2760280116564698,1.4724016094292662
ETTm2,96,0.01563002129957208,0.020321246410733126,23.085321718668148,0.09446961357478156,0.11096590057131835,14.866086709163897
ETTm2,97,0.1484873416981253,0.13934793636774365,-6.558694422472446,0.2837525806234529,0.2794066922273487,-1.555398820787009
ETTm2,98,0.17400379172825786,0.17518177088557985,0.6724324976092305,0.3258522972509834,0.32929167309193874,1.044477015972113
ETTm2,99,0.16282717807241182,0.16526141321485943,1.4729603814308556,0.3123485728774944,0.31517730165764485,0.8975039653150841
ETTm2,100,0.0650807968425919,0.07053426618643951,7.731659572997826,0.21940696489582479,0.2275215061557295,3.5664941732368054
ETTm2,101,0.3549478121208045,0.3974856728746156,10.70173434080715,0.515696141808035,0.5454965232987888,5.462982845526044
ETTm2,102,0.12858520679091923,0.1387835684255222,7.34839271702103,0.273777373549011,0.2825377031332917,3.1005878108055067
ETTm2,103,0.013128304986911369,0.017049418715286035,22.998518564501587,0.08803979706135578,0.10089409508962288,12.740386854997604
ETTm2,104,0.14754966823341747,0.1382034994547463,-6.76261369324552,0.28369734922113515,0.2784358060763528,-1.8896790678349427
ETTm2,105,0.1625658207418121,0.16714295876668117,2.7384569823598706,0.313178870872879,0.32281556022288793,2.9851997665029817
ETTm2,106,0.15923388278899572,0.16209279565005433,1.7637507266089567,0.3068736567356003,0.3138358461864603,2.2184175375312467
ETTm2,107,0.060648613478620994,0.06318023883041717,4.00698920843167,0.2105722669273948,0.21382683030949717,1.522055664105223
ETTm2,108,0.3339002118221384,0.37194271657535183,10.228054767005066,0.4999570306429329,0.5275658560800366,5.23324720865089
ETTm2,109,0.134075938891848,0.14158807966285297,5.305630805144585,0.2802423029310174,0.28931246772408487,3.1350756724793625
ETTm2,110,0.013883386004788525,0.01864143464169529,25.524047522954262,0.08879773883058482,0.10563440729876877,15.938621608927406
ETTm2,111,0.14637409546402427,0.1371320641743162,-6.739511539737355,0.2838681978225294,0.2780079804930008,-2.107931333171267
ETTm2,112,0.16904021889480372,0.17175197882091642,1.5788813291870203,0.3182460277076138,0.325650419878851,2.273724128466293
ETTm2,113,0.16156714203508277,0.17088241830615927,5.451278348827503,0.3112374853847238,0.3229588144859816,3.6293572355080017
ETTm2,114,0.06503906280990349,0.06855208049375515,5.124596742431014,0.2190293313904274,0.22318017852905744,1.8598637056335217
ETTm2,115,0.3544051116614912,0.3977963503171332,10.90790265447368,0.5158106361114834,0.547835037263576,5.8456285147539635
ETTm2,116,0.13153612378479487,0.13857035417727256,5.0762880951280716,0.27617895694242584,0.2820140120883783,2.0690656832057854
ETTm2,117,0.015229809137883264,0.021224922250001423,28.24563049750515,0.09373384499210968,0.11365829937276431,17.530135934295952
ETTm2,118,0.14512841234040028,0.13595453384704778,-6.747754733706295,0.2837997397356149,0.27781049018829235,-2.155875950999259
ETTm2,119,0.15580936597273476,0.15749361645689003,1.069408730363552,0.30273073026328345,0.3071488591577185,1.4384324612341708
ETTm2,120,0.14968955196562292,0.15347404316953117,2.465883562947391,0.29550845586668906,0.30346055371143543,2.620471671684923
ETTm2,121,0.05899659078083265,0.062177540930390386,5.115915010403684,0.20709510337664042,0.21185036030183255,2.2446300862632977
ETTm2,122,0.30865249840613074,0.3516330647732661,12.22312992518191,0.47896309467938003,0.5137449445112401,6.77025637010411
ETTm2,123,0.12850458835333026,0.13202911116032406,2.6695043055420933,0.2743587998052438,0.27380604586667484,-0.20187791574117242
ETTm2,124,0.015000792924154535,0.020086811598737174,25.3201890682461,0.09283403572432386,0.10955616133610925,15.263519100932434
ETTm2,125,0.14496857776624753,0.13560029803343177,-6.9087456802683755,0.28371749078958397,0.2772718776172648,-2.3246544971345586
ETTm2,126,0.16434563573467503,0.1569201881348676,-4.731989993171246,0.3127878198652373,0.3092413906467199,-1.1468158292461117
ETTm2,127,0.1551469003067378,0.152062740654519,-2.028215221522219,0.30250427521015,0.3054094002983119,0.9512232057442447
ETTm2,128,0.05919516800222835,0.05957641200068591,0.6399244023845775,0.20810311529474146,0.20688363023618878,-0.5894545920140986
ETTm2,129,0.3109358125474972,0.33993777425407434,8.531550155088286,0.48308453534134765,0.50488536396038,4.317975955576146
ETTm2,130,0.13553195534173335,0.1352884808605423,-0.17996689713888536,0.2845280706054635,0.27881543197565606,-2.04889614227171
ETTm2,131,0.01423361524714264,0.018803470489180327,24.303254256533233,0.09142418833151977,0.1057055356737692,13.51050089403533
ETTm2,132,0.14496115301331522,0.13475213549241946,-7.576145256317716,0.283786016345645,0.27719623861937887,-2.377296950019086
ETTm2,133,0.16801422724437948,0.1651177653245725,-1.7541794573790321,0.31879753417063816,0.31571215255017804,-0.9772767996220062
ETTm2,134,0.15758285664289082,0.16145179407258115,2.3963421725441063,0.30587858964249287,0.3119303173579586,1.9400896221706565
ETTm2,135,0.05845653878582369,0.06009609146193894,2.7282184851466393,0.2062310999331708,0.20789350727261788,0.7996437028055496
ETTm2,136,0.3001097323682587,0.3304823367954925,9.190386609384454,0.47369323068996894,0.4959246403240185,4.482820135640852
ETTm2,137,0.13678984169186797,0.13908706799971082,1.6516462248292012,0.28836977374222544,0.2907076866262489,0.8042143333585888
ETTm2,138,0.015515130908977456,0.02111568337132019,26.523188304431265,0.09472707585858492,0.11346469243483928,16.51405047170514
ETTm2,139,0.14453557904113046,0.1341577466510022,-7.735544647395686,0.2840337274544355,0.27718172993821405,-2.4720235052103963
ETTm2,140,0.16988975516237867,0.16494787924031556,-2.996022710218175,0.3185357614983028,0.31872911437142953,0.06066369980289741
ETTm2,141,0.17016646730521046,0.16717277980810608,-1.7907744912423946,0.32010203840909524,0.31931432875571775,-0.24668785032196383
ETTm2,142,0.061106137018255964,0.06355142512924479,3.8477313545932823,0.21146468264256935,0.21369023615597044,1.0414858223923158
ETTm2,143,0.31023556499226346,0.3514665320781904,11.73112183459742,0.48244074776949775,0.5138983700514979,6.121370316634344
ETTm2,144,0.14452340958733098,0.14138252018009798,-2.2215542651468025,0.30080613469084105,0.29407945829961035,-2.287366968820214
ETTm2,145,0.015370303376749887,0.021576235681611485,28.762812922694632,0.094450194836827,0.11432353545096703,17.383420251785022
ETTm2,146,0.14466557553023332,0.13354909873547122,-8.323887543996971,0.283986639453926,0.27650473868577846,-2.705885187975026
ETTm2,147,0.16283377539776867,0.15865622196173568,-2.6330851600894167,0.31122476305851404,0.311060851485753,-0.05269437538607433
ETTm2,148,0.16937077607959494,0.15850846622052858,-6.852826298851393,0.3218178608027908,0.30768532352392663,-4.593178874118499
ETTm2,149,0.059422529681977074,0.05999368773138492,0.9520302401898426,0.20785675123022682,0.20768980600870338,-0.08038200079807682
ETTm2,150,0.307691503592664,0.3325055038287151,7.462733684201994,0.47726912572850577,0.4970387794659473,3.977487180916432
ETTm2,151,0.13630729110677112,0.13782630255501999,1.1021201469454518,0.2881273295316431,0.28542843220962416,-0.9455600835297384
ETTm2,152,0.019169571395849443,0.02549508931889483,24.810730583938142,0.10682710667153716,0.12751511073891178,16.2239627503704
ETTm2,153,0.14494429092723407,0.13316105506559192,-8.84886039378256,0.28372714583141107,0.27609214664229914,-2.765380791147136
ETTm2,154,0.16961328714976334,0.1631167666125471,-3.982742345946263,0.3167783493428336,0.3138223480892419,-0.9419345918446472
ETTm2,155,0.17107548105025253,0.1658469497724493,-3.1526243231950013,0.32333778375630373,0.3173294436691018,-1.8934076894128882
ETTm2,156,0.0585317670914361,0.06025615754146201,2.861766366100204,0.2059271086804074,0.2074584102847843,0.7381246208697114
ETTm2,157,0.3049960381566268,0.34426527239169397,11.4066789142728,0.47550534342751943,0.5063156869844534,6.085204221191749
ETTm2,158,0.14031308873630657,0.14137768490619607,0.7530157044202914,0.2960002391702599,0.297325085517433,0.44558848603959433
ETTm2,159,0.014934730888947215,0.02023303166642842,26.186390971118733,0.09311185394633664,0.11134730624358377,16.377093359901483
ETTm2,160,0.1454644975057349,0.13388194184531635,-8.651320335494331,0.283367242389876,0.27649996841015917,-2.483643676056383
ETTm2,161,0.18053653060058236,0.17966875121638767,-0.4829884876027003,0.3289080139294836,0.32984918203243674,0.28533285944622583
ETTm2,162,0.1737021280995406,0.17251112197792473,-0.6903938180683126,0.32223983875656914,0.32235037797104776,0.03429163482741451
ETTm2,163,0.05709136324255465,0.06027538219816273,5.282453365687883,0.2028951441217133,0.20724094818138433,2.096981362904898
ETTm2,164,0.30663091173504814,0.3485420265840097,12.024694772026187,0.4774795578986717,0.5079546623617515,5.999571757326687
ETTm2,165,0.12876365831029668,0.14036704362329822,8.266459856589583,0.27430707207984395,0.2885769104792012,4.944899567904178
ETTm2,166,0.019205825096378554,0.024062026499203117,20.1820133602853,0.10727582624402,0.12340908076213156,13.072988161388274
ETTm2,167,0.14536431741533226,0.13309273495742424,-9.22032480723583,0.2833495845966455,0.2761744493566867,-2.5980445536045567
ETTm2,168,0.1750102476262832,0.16975297072072673,-3.0970161424777696,0.3224133535023106,0.32121433152545553,-0.373277858170548
ETTm2,169,0.17651607072283781,0.17806943490928523,0.872336225045445,0.32692659651317324,0.3286601807598749,0.5274701190431881
ETTm2,170,0.05593772319216222,0.06068158185367252,7.8176252440973535,0.20078972813672508,0.20756907789760184,3.266069218759628
ETTm2,171,0.3180424765855686,0.3604514369660915,11.765512918322031,0.4860747266987649,0.5163734401718506,5.8675971914826235
ETTm2,172,0.13628915168460598,0.15106124784536384,9.778878680970216,0.287014998578363,0.3046342045896583,5.783725447058164
ETTm2,173,0.019955085042035525,0.024721422776715643,19.280191830906215,0.10892760567690453,0.12468260210330805,12.636082469107782
ETTm2,174,0.14449856360006982,0.1312642819524291,-10.082165118182653,0.2832657057947169,0.2750566899931679,-2.98448141790439
ETTm2,175,0.17212355516854605,0.16111787437037112,-6.830825469355143,0.32176429575968846,0.3128946522916926,-2.8347059954630414
ETTm2,176,0.1703801245312789,0.16863844971513944,-1.032786306492654,0.32076927072549655,0.32204721177695317,0.3968179213244396
ETTm2,177,0.05596183636494187,0.05710614343327747,2.003824806822406,0.20128581978897273,0.20251652055833094,0.6077038880409452
ETTm2,178,0.3048324435994172,0.3240972303591703,5.944138041045136,0.47512349056778475,0.4896627593048227,2.9692412708043125
ETTm2,179,0.13298979569699768,0.1438944706110918,7.578244575892391,0.2838575786186589,0.2926995475259092,3.0208344980333917
ETTm2,180,0.01758666192472842,0.022731237447590234,22.632184168254323,0.10242581246226716,0.1190006316827041,13.92834557772013
ETTm2,181,0.14409354971333396,0.13094731942941273,-10.039327525912217,0.2826761670151932,0.2751550129045629,-2.7334243455121108
ETTm2,182,0.17258017191770475,0.1654651088893108,-4.300038283692568,0.3217761514546712,0.3171436063990566,-1.4607089539700688
ETTm2,183,0.16768358639365474,0.17166408199700198,2.318770215085967,0.31850553002700005,0.32458999575917713,1.8745080907211091
ETTm2,184,0.0549113882304564,0.05589323543681254,1.7566476491884526,0.19924751016931422,0.20038188519679856,0.5661065751378931
ETTm2,185,0.2798633276071837,0.3019685838451636,7.320382788334879,0.4529244827843892,0.4722917855109295,4.100707088434448
ETTm2,186,0.152515807347474,0.15485672767019587,1.5116684679708707,0.30887463829583595,0.309309880518251,0.14071397321216564
ETTm2,187,0.014452079337869728,0.017650049998795266,18.118762616218202,0.092771771812113,0.10387102598647793,10.685611380992658
ETTm2,188,0.14481710083593335,0.13158987170314848,-10.051859585838011,0.28275783100786306,0.27529705648517444,-2.7100814726983478
ETTm2,189,0.1732108644652146,0.16327248807137318,-6.086987778061515,0.3194991175958421,0.31210279622464443,-2.3698350225205815
ETTm2,190,0.17693290876320308,0.1725274926051321,-2.553457475994148,0.32917063576557365,0.32022208580617895,-2.7944824407929807
ETTm2,191,0.05462835559481601,0.05386815445122129,-1.4112255215335046,0.19804327903625057,0.19536132766657424,-1.3728159005213432
ETTm2,192,0.2816981567116695,0.2970526201205655,5.168937208048884,0.454224802847279,0.46784765818803054,2.9118143699837495
ETTm2,193,0.13885405438538775,0.1378107345748711,-0.7570671571667853,0.28999408524897363,0.28736760028534464,-0.9139808945131598
ETTm2,194,0.018337810905245427,0.023349413800709654,21.46350627145899,0.1051174790061648,0.12037275317448398,12.673361509149991
ETTm2,195,0.144024370288355,0.13063053934867178,-10.253215677180316,0.2820514642271317,0.2741663277304421,-2.8760411834534945
ETTm2,196,0.17428085290649784,0.16371894649054436,-6.451242597363941,0.32237404308010204,0.31351762277837325,-2.824855656675293
ETTm2,197,0.1811714545532553,0.17026366219394454,-6.406412395197918,0.33560446890769524,0.32070390338776633,-4.646206473487317
ETTm2,198,0.05672377465278381,0.057105311272493034,0.668128079870926,0.20281831743919207,0.2026716642257573,-0.0723599986189527
ETTm2,199,0.28082354141936927,0.3117111655313736,9.909052843631784,0.4545804161280911,0.4819358449209378,5.676155671162909
ETTm2,200,0.1567908997040872,0.16131540484082546,2.804757016977226,0.3147707694934474,0.3178395989040534,0.9655277130941698
ETTm2,201,0.015555709918347095,0.019267166054864445,19.263113869204997,0.09567682488834382,0.10842896422901604,11.760823716565298
ETTm2,202,0.14398984248115035,0.13006144192868965,-10.709092830215882,0.28111022517809436,0.2730553843236218,-2.949892701960442
ETTm2,203,0.17749891091029302,0.16536121686057925,-7.340109295366036,0.32594563675876187,0.3165659050192011,-2.9629633484982616
ETTm2,204,0.17384070160888193,0.16868846820580344,-3.054289044105055,0.3245685037729951,0.3170827260952339,-2.3608279674979515
ETTm2,205,0.0554140429270361,0.0562259508906884,1.4440093067181274,0.20018913979434325,0.20207607907242264,0.9337766680454698
ETTm2,206,0.28248327836618653,0.31141227750770606,9.289614196666882,0.455203038354456,0.48093403448324856,5.350213185980868
ETTm2,207,0.14769584345797115,0.15612205994094408,5.397197863108064,0.3011370691160361,0.3107881288561556,3.1053501868426756
ETTm2,208,0.013219917687628794,0.016540188673041873,20.073960769411556,0.08919876529123738,0.10054936821688898,11.28858701644738
ETTm2,209,0.14381986358684545,0.12941234150060804,-11.133035627958032,0.2806736976477421,0.27209422449167403,-3.1531257865161266
ETTm2,210,0.17161874926411622,0.17189799006730447,0.16244564760700161,0.32108427708800363,0.3208101553266816,-0.0854467219227779
ETTm2,211,0.17035628374677084,0.1747269027047861,2.501400122338202,0.32261210130398266,0.32332030990962973,0.21904241210365819
ETTm2,212,0.05290693147679754,0.05384912319229602,1.7496881279457315,0.19450114958918777,0.19580728090574365,0.6670494123171126
ETTm2,213,0.27598053098733594,0.3113103202462339,11.348736923001306,0.45161687820218505,0.48217085572088964,6.336753280748085
ETTm2,214,0.17291148362019634,0.18497806954080748,6.523252162034895,0.336143755995565,0.34564714108904204,2.7494470411456033
ETTm2,215,0.014006030920775094,0.016519728013292365,15.21633461818899,0.09121527714564258,0.10032787136022105,9.08281426789198
ETTm2,216,0.1429807169998608,0.12897333881457881,-10.860677341555059,0.2807641337884383,0.2722388912561453,-3.131529992998579
ETTm2,217,0.18206394488706446,0.17911737603438402,-1.6450491392386202,0.3300717878304163,0.3285767044089476,-0.45501808296424934
ETTm2,218,0.1694216211207318,0.1734797360373793,2.3392443459638934,0.3180913822609,0.32025489224405546,0.6755587613339926
ETTm2,219,0.06136987514533565,0.06283235529842436,2.3275908505142175,0.2129699926585292,0.21408713774237387,0.521817936203625
ETTm2,220,0.3235987797044121,0.35909782982795063,9.885620901843572,0.49051199266040285,0.5176189647276058,5.236858367712217
ETTm2,221,0.19101827391574505,0.19063690815885334,-0.2000482281080258,0.3589174403912491,0.3565535122321712,-0.6629939344248141
ETTm2,222,0.014502141541947273,0.019174485885537298,24.36750779907077,0.09335585734095528,0.10894132704383487,14.306296908434433
ETTm2,223,0.1434669519534979,0.12925413613349887,-10.9960239920829,0.2804372791356097,0.27217919546593394,-3.0340613122685625
ETTm2,224,0.17125945349835006,0.1669960957635637,-2.55296850821142,0.31865487566877465,0.3178840320188707,-0.24249209531171717
ETTm2,225,0.16425094431105774,0.16750385168004314,1.9419895938864296,0.31275918774384387,0.31751001966573916,1.4962777952320256
ETTm2,226,0.05684852338845604,0.05829160225262141,2.475620515475655,0.2047282504093649,0.20611877519740018,0.6746230597884996
ETTm2,227,0.28819724372396355,0.3235066525590893,10.914585080650355,0.4618278464367096,0.4910218092108456,5.945553176355973
ETTm2,228,0.14969910502077444,0.1515198303207767,1.201641591168418,0.3069915307064851,0.30771453984909586,0.23496099435708143
ETTm2,229,0.017344832869324443,0.02145955592579978,19.17431595836708,0.10172640082439305,0.11562180465617632,12.017978678938567
ETTm2,230,0.14422995927776827,0.1295007984000181,-11.373799281339497,0.2798389642344167,0.27138138982053434,-3.116490198342403
ETTm2,231,0.17825812002833602,0.16667302675490744,-6.95079071820328,0.32715904816610014,0.31702237481497125,-3.1974630677235685
ETTm2,232,0.17251675917237966,0.16957985498491646,-1.7318709157549577,0.31916833512562637,0.31796340939149054,-0.37895106749603175
ETTm2,233,0.055882726198898496,0.05673930001406223,1.5096658135568148,0.20201316040939774,0.20265500416874904,0.3167174489394051
ETTm2,234,0.30047523891268946,0.322997435246206,6.972871569815689,0.47122468924951844,0.49139370517934566,4.104451424029958
ETTm2,235,0.1664017763359284,0.15981073512248978,-4.12427939111024,0.32756311355365647,0.3166882985995875,-3.4339175151585817
ETTm2,236,0.0195078833100389,0.023367122195635796,16.515678966739316,0.10900731229339726,0.1214874853050181,10.272805450114408
ETTm2,237,0.14554079792319133,0.1302209526550072,-11.764500992993671,0.27992425525250536,0.271372994630494,-3.1511096502637908
ETTm2,238,0.17395766885688174,0.16652106671621425,-4.465862660693241,0.32117510943401917,0.3171212935658534,-1.2783171456520193
ETTm2,239,0.17164287279468698,0.16984198441517181,-1.0603316875484519,0.31996171206313495,0.3192700009469667,-0.21665396501913256
ETTm2,240,0.05353218233486993,0.05556883728827895,3.6651026956769033,0.1976557981191743,0.20015702268004437,1.249631178251654
ETTm2,241,0.28418473990803206,0.30175090333297533,5.8214120424883715,0.45626197507501476,0.47092601055046546,3.113872486743704
ETTm2,242,0.15464467101210339,0.1524872959924018,-1.4147900031023497,0.3157351642019219,0.31077045160863137,-1.5975497566103287
ETTm2,243,0.01907193308315889,0.02379088015993758,19.835109273195858,0.10728593515555582,0.12251875232193722,12.433049535433392
ETTm2,244,0.1455784508064315,0.13086279387036892,-11.245103746325125,0.2794891734659258,0.27122051307621103,-3.048685475862701
ETTm2,245,0.1867862084937737,0.18582644592155026,-0.5164833064872898,0.3341084312485893,0.334450082588915,0.10215316368919745
ETTm2,246,0.1818771905605264,0.17749884501327443,-2.4666895984165604,0.3281776688462641,0.325430332940434,-0.8442162969279698
ETTm2,247,0.05820093909343497,0.061562399850557635,5.460249706448406,0.2068206108144093,0.21136886947994452,2.1518110385535114
ETTm2,248,0.31158113887314776,0.3350787165378366,7.0125545147942985,0.48008289061512593,0.4978063595843398,3.5603138907290477
ETTm2,249,0.1535506985357141,0.16006257437196963,4.068331314678583,0.3114136170181963,0.3169046747187773,1.7327159043815916
ETTm2,250,0.022176661808589765,0.026357461608571223,15.861921235320695,0.11718941932453567,0.1303112668017598,10.06961853665821
ETTm2,251,0.14578208491087233,0.13173130012975845,-10.666246189989412,0.2791036527759085,0.2711942481653144,-2.916508983543292
ETTm2,252,0.1738985502188732,0.17404100617406884,0.08185194876036964,0.3231962458793229,0.3223907952345649,-0.24983673748252672
ETTm2,253,0.17431024473593865,0.1691714177557306,-3.0376449215718435,0.323517819316799,0.31519696889315835,-2.6398890994605884
ETTm2,254,0.05957808177640875,0.061992154919477294,3.8941591015899157,0.20959806656153684,0.21319858641569833,1.6888103784802453
ETTm2,255,0.33172253826642906,0.35774066865994647,7.272902600360815,0.49520161259376133,0.515964396620014,4.024073010127405
