{
  "mse": 0.1495135873556137,
  "mae": 0.20226888358592987
}