segment,mse,mae
1-96,0.1495135873556137,0.20226888358592987
