{
  "mse": 0.36617177724838257,
  "mae": 0.3922448456287384
}