segment,mse,mae
1-96,0.30158281326293945,0.35417869687080383
97-192,0.3708268404006958,0.39538565278053284
193-336,0.4061276316642761,0.4155283570289612
