target_horizon,mse,mae
96,0.1488749384880066,0.19803059101104736
192,0.1922532618045807,0.23979492485523224
336,0.24450425803661346,0.2801787555217743
720,0.32015663385391235,0.33315563201904297
