{
  "mse": 0.3875158727169037,
  "mae": 0.4178065359592438
}