segment,mse,mae
1-96,0.2798166573047638,0.3424745798110962
97-192,0.40205636620521545,0.42669034004211426
193-336,0.44962164759635925,0.4621053636074066
