segment,mse,mae
1-96,0.31024670600891113,0.36451756954193115
