{
  "mse": 0.31024670600891113,
  "mae": 0.36451756954193115
}