{
  "mse": 0.3246890604496002,
  "mae": 0.3691631257534027
}