segment,mse,mae
1-96,0.287821501493454,0.3453419804573059
97-192,0.36155661940574646,0.39298415184020996
