segment,mse,mae
1-96,0.2944665849208832,0.3498425781726837
97-192,0.3575834035873413,0.39217567443847656
