{
  "mse": 0.32602500915527344,
  "mae": 0.37100911140441895
}