segment_a,segment_b,cosine
0,1,-0.3461448550224304
0,2,0.7134624123573303
0,3,-0.4437083899974823
1,2,-0.17242799699306488
1,3,0.9751377105712891
2,3,-0.15259645879268646
