segment_a,segment_b,cosine
0,1,-0.05132608860731125
0,2,0.09590695053339005
0,3,0.023596856743097305
1,2,-0.04163593798875809
1,3,0.12117041647434235
2,3,0.025402724742889404
