segment,mse,mae
1-96,0.3047723174095154,0.3613974153995514
97-192,0.43266624212265015,0.4480005204677582
