{
  "mse": 0.36871927976608276,
  "mae": 0.4046989679336548
}