{
  "mse": 0.20388908684253693,
  "mae": 0.24964451789855957
}