segment,mse,mae
1-96,0.15757077932357788,0.20689576864242554
97-192,0.25020742416381836,0.2923932671546936
