segment_a,segment_b,cosine
0,1,0.17989349365234375
0,2,-0.0985657125711441
0,3,0.7503510117530823
1,2,0.38099056482315063
1,3,0.34307754039764404
2,3,0.24767135083675385
