{
  "mse": 0.41007283329963684,
  "mae": 0.42133307456970215
}