segment,mse,mae
1-96,0.28454476594924927,0.3501635491847992
97-192,0.3508554995059967,0.3917748034000397
193-336,0.40084269642829895,0.41820478439331055
337-720,0.45972052216529846,0.44768819212913513
