{
  "mse": 0.295085608959198,
  "mae": 0.3496450185775757
}