segment,mse,mae
1-96,0.295085608959198,0.3496450185775757
