{
  "mse": 0.19435086846351624,
  "mae": 0.2414572536945343
}