segment,mse,mae
1-96,0.15095458924770355,0.20008721947669983
97-192,0.23774713277816772,0.2828272581100464
