segment_a,segment_b,cosine
0,1,0.018065089359879494
0,2,0.008297819644212723
0,3,0.8472015261650085
1,2,0.11293026059865952
1,3,0.08668025583028793
2,3,0.1231718510389328
