{
  "mse": 0.30888018012046814,
  "mae": 0.36423516273498535
}