segment,mse,mae
1-96,0.30888018012046814,0.36423516273498535
