segment,mse,mae
1-96,0.3041790723800659,0.3596230745315552
97-192,0.45050108432769775,0.4542715549468994
