segment,mse,mae
1-96,0.14898328483104706,0.1976671665906906
97-192,0.23583491146564484,0.2821427881717682
