{
  "mse": 0.19240911304950714,
  "mae": 0.23990498483181
}