segment_a,segment_b,cosine
0,1,-0.10776443779468536
0,2,0.05350580811500549
0,3,0.8422426581382751
1,2,0.14970390498638153
1,3,-0.005947574507445097
2,3,0.14522020518779755
