{
  "mse": 0.342502236366272,
  "mae": 0.38169386982917786
}