segment,mse,mae
1-96,0.31375595927238464,0.364534467458725
97-192,0.3712485432624817,0.39885327219963074
