segment_a,segment_b,cosine
0,1,-0.4429377019405365
0,2,0.8110321164131165
0,3,-0.4917023181915283
1,2,-0.36395180225372314
1,3,0.9846099615097046
2,3,-0.3301224410533905
