segment,mse,mae
1-96,0.3082932233810425,0.3582191467285156
97-192,0.37303611636161804,0.3966049253940582
193-336,0.4142201840877533,0.418748140335083
337-720,0.44732382893562317,0.44085270166397095
