{
  "mse": 0.41226068139076233,
  "mae": 0.4195142984390259
}