segment,mse,mae
1-96,0.2975756824016571,0.3525770306587219
97-192,0.36398425698280334,0.39386242628097534
193-336,0.41186854243278503,0.4190369248390198
