{
  "mse": 0.3655322194099426,
  "mae": 0.3928556740283966
}