segment_a,segment_b,cosine
0,1,0.052284594625234604
0,2,0.10511277616024017
0,3,0.0699915736913681
1,2,0.006536036729812622
1,3,0.167646586894989
2,3,0.07357938587665558
