{
  "mse": 0.3308938443660736,
  "mae": 0.37154725193977356
}