segment,mse,mae
1-96,0.29521700739860535,0.3506603240966797
97-192,0.36657071113586426,0.3924342095851898
