segment,mse,mae
1-96,0.1627051681280136,0.21588456630706787
97-192,0.24617856740951538,0.28914353251457214
