{
  "mse": 0.2044418752193451,
  "mae": 0.2525140345096588
}