segment_a,segment_b,cosine
0,1,0.02005862444639206
0,2,-0.11200988292694092
0,3,0.06577888876199722
1,2,-0.014970902353525162
1,3,-0.10793498158454895
2,3,-0.16409310698509216
