{
  "mse": 0.3794071674346924,
  "mae": 0.41050970554351807
}