segment,mse,mae
1-96,0.3111036419868469,0.36442121863365173
97-192,0.44771072268486023,0.4565981328487396
