segment,mse,mae
1-96,0.2980927526950836,0.3521495759487152
