{
  "mse": 0.2980927526950836,
  "mae": 0.3521495759487152
}