{
  "mse": 0.3939119279384613,
  "mae": 0.4085543751716614
}