segment,mse,mae
1-96,0.32537731528282166,0.36440509557724
97-192,0.4624464809894562,0.45270365476608276
