segment_a,segment_b,cosine
0,1,0.7718578577041626
0,2,0.5226534008979797
0,3,0.39177513122558594
1,2,0.91312175989151
1,3,0.8299643993377686
2,3,0.9786789417266846
