{
  "mse": 0.4140654504299164,
  "mae": 0.44487687945365906
}