segment,mse,mae
1-96,0.2612234950065613,0.3262980282306671
97-192,0.3553696274757385,0.39683717489242554
193-336,0.36503490805625916,0.4189358353614807
337-720,0.4853363633155823,0.4962594509124756
