dataset,atom_idx,total_energy,max_stage_share,normalized_entropy,share_early_0_96,share_mid_96_192,share_late_192_336,share_tail_336_720,energy_rank
ETTh2,0,2.0159137661709385,0.5208559518279101,0.8704895261157182,0.1416513822170459,0.12716568734346864,0.2103269786115754,0.5208559518279101,193
ETTh2,1,2.2219861247521573,0.5079888346404557,0.8831995496999215,0.13110469822137058,0.153531260004022,0.20737520713415158,0.5079888346404557,81
ETTh2,2,1.8259022007680121,0.5222131829679686,0.8706815804950019,0.11503129797552372,0.1740295883088417,0.18872593074766592,0.5222131829679686,248
ETTh2,3,2.2244208344058216,0.630916056510256,0.7649574840102882,0.10407073189184661,0.11971850490051564,0.14529470669738184,0.630916056510256,79
ETTh2,4,2.0388284707848836,0.6600742461480544,0.7130197869907205,0.08598546199528803,0.076298713368072,0.17764157848858542,0.6600742461480544,180
ETTh2,5,2.276863296126457,0.5532021616770034,0.8470916918781645,0.13735490475773135,0.1320624957967904,0.17738043776847479,0.5532021616770034,56
ETTh2,6,2.3714425170617464,0.5075421162553485,0.8704435383716553,0.11357343976557106,0.1366509020711147,0.24223354190796575,0.5075421162553485,26
ETTh2,7,2.0284941419246723,0.5481701448507568,0.8524384994549657,0.12627844945232627,0.15842322329590422,0.16712818240101254,0.5481701448507568,186
ETTh2,8,2.059875645352917,0.6302151818535301,0.7622688662921581,0.1047468551960695,0.10392681845768474,0.1611111444927156,0.6302151818535301,173
ETTh2,9,2.3398122524970786,0.5979068957399082,0.7884125332176326,0.10187418895526018,0.10071785258593817,0.19950106271889337,0.5979068957399082,35
ETTh2,10,2.1043156177149527,0.5904277961483259,0.8058037780913804,0.0996517620820123,0.13875533310439228,0.17116510866526938,0.5904277961483259,145
ETTh2,11,2.2811965783012225,0.47862221075003764,0.8883433879185695,0.12447523049786564,0.13240970449950576,0.26449285425259084,0.47862221075003764,50
ETTh2,12,1.9070744098474313,0.5673437553018228,0.8355503167035994,0.13151509330118832,0.1450899520991052,0.1560511992978837,0.5673437553018228,229
ETTh2,13,2.3485428357861955,0.6592980768282295,0.7250662321132513,0.10061577576070732,0.08647460947464741,0.15361153793641583,0.6592980768282295,32
ETTh2,14,2.0143579058402556,0.6353964499613426,0.7557028628326736,0.1161143947692229,0.09143145174735413,0.15705770352208048,0.6353964499613426,196
ETTh2,15,2.154802471694497,0.5087456016356466,0.8754848511797446,0.1184537364586449,0.1454369536325467,0.2273637082731618,0.5087456016356466,115
ETTh2,16,1.9684439533867562,0.5917635033995335,0.7936534797725507,0.10684995628441009,0.09699933120979758,0.20438720910625877,0.5917635033995335,214
ETTh2,17,2.2466121139321396,0.5449908522512616,0.8496130938477352,0.10978497292981262,0.15411113110935118,0.19111304370957455,0.5449908522512616,66
ETTh2,18,2.0904952490971223,0.6077910375952815,0.7903905766197857,0.11446489439890103,0.11736566834628434,0.160378399659533,0.6077910375952815,157
ETTh2,19,1.6931718228828085,0.508975702898788,0.8644408913505252,0.11384685001216037,0.12488161728827107,0.25229582980078047,0.508975702898788,256
ETTh2,20,2.0434400715820518,0.5504909216430531,0.8342387435615831,0.10000219989579563,0.12913757792773428,0.2203693005334171,0.5504909216430531,177
ETTh2,21,2.4550693622136066,0.5727234252798609,0.8118614281145338,0.09827964090480716,0.1143661835344397,0.21463075028089243,0.5727234252798609,15
ETTh2,22,2.219494825282677,0.5659459484114404,0.8280577992501708,0.1351212745344206,0.10592533408447818,0.19300744296966088,0.5659459484114404,82
ETTh2,23,1.9045205148848883,0.5043530029530962,0.8640697887644874,0.08940611052256217,0.1565542431791624,0.24968664334517926,0.5043530029530962,231
ETTh2,24,2.1285345911967095,0.5040981906481034,0.8698762502349493,0.11580954747657879,0.12864717933315772,0.25144508254216014,0.5040981906481034,129
ETTh2,25,2.0909743002989076,0.5064695108794096,0.8694400234680187,0.09884595887236955,0.1565438980160051,0.23814063223221574,0.5064695108794096,156
ETTh2,26,1.9431996276840204,0.5793477612491309,0.8210322187871042,0.1444824746143907,0.11365145875350117,0.1625183053829772,0.5793477612491309,221
ETTh2,27,2.2402909652425738,0.6280704294968144,0.7669981052152556,0.09982815605348008,0.12115114472064244,0.15095026972906314,0.6280704294968144,71
ETTh2,28,2.1252765121244934,0.5478168669855108,0.8260607104345008,0.08152481393970028,0.13528830703617262,0.2353700120386165,0.5478168669855108,133
ETTh2,29,2.080875991978789,0.551989095404424,0.8428472138858256,0.12089884272085058,0.1291861071184272,0.19792595475629812,0.551989095404424,166
ETTh2,30,2.3242762433825703,0.49591035706833414,0.8933324614040051,0.14475212382436012,0.14689915731225947,0.21243836179504627,0.49591035706833414,40
ETTh2,31,2.1216218446909267,0.5597742646032251,0.8425176253985768,0.13973423018288056,0.13580013649901057,0.16469136871488385,0.5597742646032251,135
ETTh2,32,2.1300904108190384,0.561495625595115,0.8283795335491286,0.13123182418077142,0.10189987169703325,0.20537267852708022,0.561495625595115,128
ETTh2,33,2.3704167734431816,0.5872649517158681,0.775667671412044,0.07923494415467068,0.09115030533475933,0.2423497987947018,0.5872649517158681,27
ETTh2,34,2.1756858115613484,0.5061362153226601,0.8851488705129245,0.17545310257040114,0.12359960660390205,0.19481107550303675,0.5061362153226601,104
ETTh2,35,2.4569468138528894,0.6029048885069852,0.7951843277292815,0.1015938449782126,0.1439848384361464,0.1515164280786557,0.6029048885069852,14
ETTh2,36,2.009532222301638,0.5325538211686939,0.8675408259834821,0.13617280180236088,0.16518756055776657,0.1660858164711787,0.5325538211686939,198
ETTh2,37,2.1957860806159353,0.5115260825617151,0.8829152310175448,0.13930295882640548,0.1520096482434079,0.1971613103684717,0.5115260825617151,92
ETTh2,38,2.1117471014090783,0.5236149969750338,0.8521830696472339,0.09231393315536818,0.1461083836562957,0.2379626862133024,0.5236149969750338,142
ETTh2,39,2.4373737374448554,0.5141678016474,0.8611698972421653,0.13207587973688648,0.10699940798112192,0.24675691063459176,0.5141678016474,18
ETTh2,40,2.2228230356598533,0.5484219545731649,0.8328751533219281,0.0989597547231929,0.1240821931339904,0.22853609756965176,0.5484219545731649,80
ETTh2,41,1.9111598072304714,0.5589054497123327,0.8377335302745174,0.1141112114541659,0.13906146865966246,0.18792187017383902,0.5589054497123327,228
ETTh2,42,2.1557333478677023,0.5380181706139703,0.8598396177163893,0.12657805743023962,0.14933119972444783,0.18607257223134233,0.5380181706139703,114
ETTh2,43,1.9351189880487496,0.5698614433936214,0.8085620172756453,0.0887015910264996,0.11575828882005555,0.22567867675982342,0.5698614433936214,222
ETTh2,44,1.8821625812597942,0.535851631864455,0.8588017011327487,0.11116841227071074,0.1704017837451183,0.18257817211971603,0.535851631864455,235
ETTh2,45,2.0276575361622244,0.5204458227212999,0.8652699977126548,0.10462590637168723,0.15932455056189632,0.21560372034511652,0.5204458227212999,187
ETTh2,46,1.8552373108022642,0.5108104558733368,0.8490082825421867,0.10652149944482985,0.10799856185230243,0.2746694828295309,0.5108104558733368,241
ETTh2,47,2.1602047542773386,0.6175215656619822,0.7790323318469122,0.09885480424031667,0.13380721646917487,0.14981641362852618,0.6175215656619822,110
ETTh2,48,2.1458404800339186,0.5523790847174391,0.8480069674403833,0.1408075242016823,0.13039003007686684,0.17642336100401174,0.5523790847174391,120
ETTh2,49,2.199621064241974,0.5662829908519239,0.8301775173413878,0.11231489147403977,0.1344302955973827,0.18697182207665358,0.5662829908519239,90
ETTh2,50,1.9843567182316757,0.6285099722071303,0.7585704900742625,0.104424606870701,0.09080184260061401,0.1762635783215546,0.6285099722071303,205
ETTh2,51,2.127964009689175,0.5516421150766894,0.8399242058146862,0.12296826743498289,0.11814862489631371,0.20724099259201392,0.5516421150766894,130
ETTh2,52,2.276923614066703,0.6231204488053359,0.762634525483127,0.10187379482516284,0.09129673805908364,0.1837090183104176,0.6231204488053359,55
ETTh2,53,2.476754186038265,0.5311934793144238,0.8595269960668149,0.1212182515885211,0.13547140277219336,0.2121168663248617,0.5311934793144238,12
ETTh2,54,2.4547783152931473,0.5652505395790615,0.82965233731493,0.11703096340466886,0.123554167983232,0.1941643290330378,0.5652505395790615,16
ETTh2,55,2.0609964013122295,0.5545153198450352,0.845601512737964,0.12056012650406059,0.15584465440129902,0.1690798992496053,0.5545153198450352,172
ETTh2,56,2.2848028194179717,0.5988419665184841,0.7859574442805553,0.07929993685480873,0.128826217997657,0.19303187862905008,0.5988419665184841,49
ETTh2,57,2.1678539625699766,0.5313018812920712,0.8654013818530112,0.15011174724164045,0.12791482385560335,0.19067154761068494,0.5313018812920712,107
ETTh2,58,1.952950474389914,0.4865634652855574,0.8969394663431564,0.15181923682681103,0.1349460225868008,0.22667127530083078,0.4865634652855574,217
ETTh2,59,2.202422274414448,0.5418588649014471,0.844842202777535,0.11111670129991416,0.12670897601695216,0.22031545778168654,0.5418588649014471,89
ETTh2,60,2.252615119761135,0.5819889806343049,0.8109976977076527,0.11689734738853588,0.10868566344715379,0.1924280085300053,0.5819889806343049,62
ETTh2,61,2.1313671550326694,0.6019307346672184,0.793926309392709,0.13645056224905153,0.0969787401979089,0.16463996288582108,0.6019307346672184,127
ETTh2,62,2.087398630097044,0.5853146636770951,0.8026873611146191,0.12902253079532391,0.08890864944544855,0.19675415608213254,0.5853146636770951,158
ETTh2,63,2.1866017583876998,0.5353396809354558,0.8514331691114245,0.10966294659551035,0.1349867603582551,0.22001061211077877,0.5353396809354558,98
ETTh2,64,1.9739932959281283,0.507648495227335,0.8766162902225194,0.13552930877151995,0.12733886900338334,0.22948332699776158,0.507648495227335,209
ETTh2,65,1.8231872470228856,0.5268368417392024,0.8660926199538082,0.12961084692414326,0.1372574861481401,0.20629482518851425,0.5268368417392024,249
ETTh2,66,2.528291897186424,0.5939640733077254,0.8049534017345418,0.11259371603718901,0.12722959197527303,0.16621261867981268,0.5939640733077254,6
ETTh2,67,2.0472154683352968,0.48901316355552865,0.9010691141805071,0.154432353046898,0.1516104554402625,0.20494402795731087,0.48901316355552865,175
ETTh2,68,2.036049310241569,0.5763520169895301,0.8159560806167275,0.12469030938759654,0.10372765747716393,0.19523001614570934,0.5763520169895301,184
ETTh2,69,2.023220547363225,0.608868141873535,0.7862250969200156,0.09547750187403195,0.13235568890118346,0.16329866735124976,0.608868141873535,190
ETTh2,70,2.4016042623079468,0.5388563053605081,0.8618782056252161,0.14075333570482573,0.14696563554124842,0.1734247233934178,0.5388563053605081,22
ETTh2,71,2.0829159765294123,0.5075796688027621,0.8544302007743431,0.10024233906170789,0.1213699748353164,0.2708080173002136,0.5075796688027621,164
ETTh2,72,2.244006274236356,0.6035986478003605,0.7808101238269011,0.07549830941517759,0.13355788747249656,0.1873451553119653,0.6035986478003605,69
ETTh2,73,2.059483427776425,0.5757216807682176,0.8174674512111378,0.09675859236395082,0.14088555551746298,0.18663417135036853,0.5757216807682176,174
ETTh2,74,2.0966723290774256,0.59942870581037,0.7963697470212187,0.10666939164272111,0.11964667210703278,0.17425523043987598,0.59942870581037,148
ETTh2,75,2.1518846714935576,0.5321062823033084,0.8630947406229806,0.1415652700617324,0.12808490935751685,0.1982435382774423,0.5321062823033084,118
ETTh2,76,1.9176011975597989,0.4994164980138446,0.8756370064498102,0.1152648034689825,0.1367693691392155,0.24854932937795746,0.4994164980138446,225
ETTh2,77,2.1819108473271323,0.5726810705325092,0.8256007012969234,0.11642528292599663,0.1312284857422101,0.1796651607992841,0.5726810705325092,100
ETTh2,78,2.0859932898764986,0.5937016195285235,0.7903275545468745,0.09985530706219232,0.10005996251994043,0.20638311088934366,0.5937016195285235,161
ETTh2,79,2.2948943758344456,0.6058977567530702,0.789939186366624,0.10183743601445652,0.12446562400262601,0.16779918322984735,0.6058977567530702,47
ETTh2,80,2.1534816919856983,0.5833755155854596,0.8110978660972981,0.11326799886290775,0.11531992574982111,0.18803655980181147,0.5833755155854596,117
ETTh2,81,2.2771020806691764,0.5887133115310461,0.8109712883614841,0.1184279132901211,0.12561514225104906,0.16724363292778371,0.5887133115310461,54
ETTh2,82,2.0267419241023914,0.5186975047768327,0.8577536662220676,0.11242638069885837,0.12329473884278021,0.24558137568152863,0.5186975047768327,189
ETTh2,83,2.2400795899416766,0.5478640331683687,0.8511946093363619,0.1269711605106869,0.14291025061155402,0.1822545557093903,0.5478640331683687,72
ETTh2,84,2.4784731347251716,0.6378361540415586,0.7532520545045027,0.08775937352014354,0.12453670222612911,0.1498677702121688,0.6378361540415586,11
ETTh2,85,1.877492405032017,0.5183586985635917,0.8772829387635869,0.1597220157345659,0.13146744787302114,0.19045183782882114,0.5183586985635917,237
ETTh2,86,2.1048950687821066,0.6312289003029466,0.7622250762300532,0.10437226204313335,0.10759145626512605,0.15680738138879394,0.6312289003029466,144
ETTh2,87,2.5232926797026303,0.5099100604235646,0.8867946048050199,0.1440178516364461,0.16638207811379502,0.17969000982619426,0.5099100604235646,7
ETTh2,88,1.870949439143875,0.47547920183976283,0.8961256356718171,0.12190292493518956,0.15023038504296896,0.2523874881820787,0.47547920183976283,238
ETTh2,89,2.1421908883861143,0.5550715779179365,0.8337145831871351,0.09080289306423041,0.1587578930940157,0.1953676359238175,0.5550715779179365,125
ETTh2,90,2.800650962762623,0.7196042910600429,0.6393056801055989,0.06491916532560738,0.07830508307115555,0.13717146054319415,0.7196042910600429,2
ETTh2,91,1.984275880180672,0.4628909209253278,0.9099372887773836,0.1455387151257418,0.14346273039801954,0.24810763355091087,0.4628909209253278,206
ETTh2,92,2.1792075127519333,0.5884362773154591,0.7880624668264501,0.1106085940528026,0.08125132635014813,0.21970380228159014,0.5884362773154591,102
ETTh2,93,1.962838177908989,0.6065053679351723,0.7905645918082348,0.12244981486299511,0.10667182104526829,0.16437299615656423,0.6065053679351723,215
ETTh2,94,2.3422885739713957,0.5819018346022548,0.8150279479599086,0.11978344758246123,0.11694370938590658,0.18137100842937753,0.5819018346022548,33
ETTh2,95,2.4764244282027286,0.4804828379388708,0.905247419167905,0.13763446503417298,0.1690967525375543,0.21278594448940186,0.4804828379388708,13
ETTh2,96,1.972818243522494,0.5393605028440527,0.8482789117377829,0.11629464256004587,0.125098548919897,0.21924630567600437,0.5393605028440527,210
ETTh2,97,2.206428680499003,0.5609188231251249,0.8332127605549355,0.10562532551086562,0.1409096710237195,0.19254618034029003,0.5609188231251249,87
ETTh2,98,1.8311727425697948,0.5715670804595034,0.8110624236361977,0.11538932587694298,0.09471562722595313,0.2183279664376004,0.5715670804595034,245
ETTh2,99,2.1914615578265098,0.5724161528908112,0.8205701453648313,0.10266753484426253,0.1314044349908505,0.19351187727407584,0.5724161528908112,97
ETTh2,100,2.183055031645579,0.5519422596137156,0.8420220307919165,0.10387663005293918,0.15532088078618086,0.18886022954716455,0.5519422596137156,99
ETTh2,101,2.3675485491541894,0.5599298510125335,0.8370967972408443,0.1225505786631627,0.12830482539314067,0.18921474493116322,0.5599298510125335,29
ETTh2,102,2.079959199821385,0.5330652487460307,0.8570719076709254,0.11038118935319197,0.1475838482725701,0.2089697136282074,0.5330652487460307,167
ETTh2,103,2.0222457667784335,0.5117923688073539,0.8356705748059737,0.08061250808020862,0.11982255103403727,0.28777257207840007,0.5117923688073539,191
ETTh2,104,2.2365826578606227,0.5354912930491564,0.8573238363039261,0.13729673881049534,0.12158102991946793,0.2056309382208803,0.5354912930491564,75
ETTh2,105,2.121091321278007,0.4772712053536667,0.8983629807715904,0.13209803048125848,0.14525180531152368,0.2453789588535512,0.4772712053536667,138
ETTh2,106,2.2378081201880833,0.601300235203348,0.8006346313004158,0.13276545682525304,0.12417317156715822,0.14176113640424082,0.601300235203348,73
ETTh2,107,2.12105521040521,0.6020971822547817,0.7989400170056568,0.13084891141524727,0.11843694745931027,0.14861695887066076,0.6020971822547817,139
ETTh2,108,2.3401339640950063,0.6440322414682356,0.7439928986411481,0.11459413231347862,0.08512587047747293,0.15624775574081287,0.6440322414682356,34
ETTh2,109,2.032483897082833,0.5276831423885898,0.8684434257240436,0.12376568933305789,0.16134923567688803,0.18720193260146428,0.5276831423885898,185
ETTh2,110,1.8266698046534753,0.5833344163466598,0.8096570729674818,0.11068747173705956,0.11397640323700486,0.1920017086792757,0.5833344163466598,247
ETTh2,111,2.0671262104690142,0.5620489916635327,0.8363214237393757,0.14140215921696106,0.11602762311721285,0.18052122600229334,0.5620489916635327,170
ETTh2,112,2.236048695946228,0.5606428182052015,0.8313448070928977,0.09603610346373984,0.15329926659133603,0.19002181173972266,0.5606428182052015,76
ETTh2,113,1.9472797188750515,0.504501042384629,0.87367709910585,0.1068493284186724,0.15121256699826474,0.23743706219843377,0.504501042384629,218
ETTh2,114,2.2643770971514137,0.4911340129176902,0.8721019192970818,0.11596944125081071,0.12134582782927503,0.2715507180022239,0.4911340129176902,60
ETTh2,115,2.0704479498589254,0.5264207932365458,0.8726389727933765,0.15817838747606158,0.13869768857277526,0.17670313071461746,0.5264207932365458,168
ETTh2,116,1.9840548004130814,0.5773648796878024,0.812056950268858,0.10997125433586456,0.10927832519409261,0.20338554078224053,0.5773648796878024,207
ETTh2,117,2.1185727234649656,0.5611230274048993,0.8349542456990962,0.11410229431465328,0.1346063163473739,0.19016836193307335,0.5611230274048993,140
ETTh2,118,2.3295856743978556,0.5850961687358442,0.799433440322814,0.10658296600525323,0.09863324285960698,0.20968762239929553,0.5850961687358442,38
ETTh2,119,1.861774770818853,0.5351457184243067,0.8624705313866204,0.12180783105470445,0.16580744629128444,0.17723900422970443,0.5351457184243067,240
ETTh2,120,2.1455460524139567,0.5667096068578383,0.8233162440437807,0.0920789364624938,0.14622173121079468,0.1949897254688732,0.5667096068578383,122
ETTh2,121,2.2487522074171173,0.5866475171722746,0.8020418828382705,0.1217535084895048,0.09391443485141453,0.19768453948680606,0.5866475171722746,63
ETTh2,122,2.276329122088067,0.6341878749934586,0.7473743554826722,0.07014375781882866,0.12256700372842394,0.17310136345928887,0.6341878749934586,57
ETTh2,123,2.173858615085723,0.5077015730590747,0.883316615732349,0.14266727843926688,0.1394919639757672,0.21013918452589123,0.5077015730590747,105
ETTh2,124,2.0413621977371266,0.5330715390110885,0.8658054338174774,0.13016431835467682,0.15972394764342854,0.17704019499080634,0.5330715390110885,178
ETTh2,125,2.0951445352409634,0.5372033828007934,0.8584971530872086,0.11589969687462312,0.18765058667852202,0.1592463336460614,0.5372033828007934,150
ETTh2,126,1.8888693455755363,0.5506147016682226,0.8306869041773319,0.0974362819347648,0.12437614164812202,0.22757287474889062,0.5506147016682226,234
ETTh2,127,1.9059685378319369,0.5534449577869166,0.8314630784125286,0.09661095247668332,0.13223443860844028,0.21770965112795976,0.5534449577869166,230
ETTh2,128,2.279249136191177,0.5964129063876423,0.7917455388661421,0.09462612847458275,0.11387243491039671,0.19508853022737827,0.5964129063876423,52
ETTh2,129,2.227632107092751,0.5181699272516249,0.8753717869530869,0.15145402354749626,0.1291791441161728,0.20119690508470606,0.5181699272516249,77
ETTh2,130,1.8309142156799993,0.5562648938539683,0.844037580745042,0.16440265469788684,0.11973093049026645,0.15960152095787844,0.5562648938539683,246
ETTh2,131,2.313446605328698,0.5810183387109191,0.8205663174294293,0.12247015176371048,0.13554894712665017,0.16096256239872025,0.5810183387109191,42
ETTh2,132,2.139548900527917,0.5162021806222964,0.8708080528918271,0.10652755227468723,0.169409145907629,0.2078611211953873,0.5162021806222964,126
ETTh2,133,1.945427142721874,0.5458939541128434,0.8336100459378513,0.11691186908640039,0.10320918612086473,0.2339849906798915,0.5458939541128434,219
ETTh2,134,2.333382973061869,0.5898515640240075,0.8031388079655425,0.10784581223189901,0.11373750278835404,0.18856512095573938,0.5898515640240075,36
ETTh2,135,2.087304566976594,0.49783225539111337,0.8840095728368739,0.15534289281130756,0.1170297704303611,0.22979508136721788,0.49783225539111337,159
ETTh2,136,2.246028857007576,0.575459666308713,0.825078695077792,0.11608370426297597,0.1433117523077507,0.16514487712056033,0.575459666308713,67
ETTh2,137,2.1591943882118203,0.5508564755524807,0.8462526364035484,0.13090283266155403,0.12723905069961536,0.19100164108634976,0.5508564755524807,112
ETTh2,138,2.2750893689178193,0.5777329900973479,0.8128964091327647,0.11795125354758951,0.10454597410718339,0.1997697822478792,0.5777329900973479,58
ETTh2,139,1.9537720399958882,0.5288412209823607,0.8570209619234744,0.11300538162519405,0.1344984141243741,0.22365498326807112,0.5288412209823607,216
ETTh2,140,1.914313271682064,0.5416145476232322,0.8569782771674703,0.1472663275228081,0.1274910932175768,0.18362803163638286,0.5416145476232322,227
ETTh2,141,2.2481691702612494,0.5532278076505469,0.830328707008018,0.1157095272499686,0.10663996374689304,0.22442270135259143,0.5532278076505469,64
ETTh2,142,1.91520747045613,0.5989937006890758,0.7994569659256684,0.11198062579437139,0.12384761502424182,0.16517805849231104,0.5989937006890758,226
ETTh2,143,1.9699630224337314,0.5339358548361507,0.8417734670931364,0.09951872853724998,0.12378149765063541,0.24276391897596392,0.5339358548361507,212
ETTh2,144,2.5479047645130324,0.6144195081147297,0.781205525436181,0.09732077681528235,0.12997612755565913,0.15828358751432886,0.6144195081147297,4
ETTh2,145,2.4439061644083506,0.5753126473245722,0.8226098257799631,0.11631621414576138,0.1280392736933247,0.18033186483634173,0.5753126473245722,17
ETTh2,146,2.2171674471735123,0.5955910388570448,0.8026439270548207,0.11430706942288571,0.12118997426385969,0.16891191745620987,0.5955910388570448,84
ETTh2,147,1.8900175280907057,0.613978471648994,0.772843060997284,0.10612385480385668,0.09227168853829183,0.18762598500885758,0.613978471648994,233
ETTh2,148,2.1643142200443557,0.6004304794425148,0.7908471647481846,0.08847635929893335,0.1326594086216913,0.17843375263686057,0.6004304794425148,108
ETTh2,149,1.9450292201922632,0.5696635131359208,0.8232263617135835,0.12362406622664333,0.10929148945320859,0.19742093118422727,0.5696635131359208,220
ETTh2,150,2.0855715800362145,0.4803815838665241,0.9023107419426678,0.1437284056463013,0.14816480479120092,0.22772520569597374,0.4803815838665241,162
ETTh2,151,2.531722489569333,0.6274498085268424,0.7580969249394113,0.10195801939977095,0.08986427750933931,0.1807278945640474,0.6274498085268424,5
ETTh2,152,2.245120149004249,0.5526253731951584,0.8405635709918337,0.16229092686555363,0.09988848848346008,0.18519521145582785,0.5526253731951584,68
ETTh2,153,2.202646397656978,0.5044188610582738,0.8775937356217547,0.12579626146477843,0.13510788250809153,0.23467699496885613,0.5044188610582738,88
ETTh2,154,2.1021176988941925,0.541198901146733,0.849603553316161,0.12020456338275788,0.12732005599068835,0.21127647947982076,0.541198901146733,147
ETTh2,155,2.3017188949720215,0.5613585090551805,0.8272705634069722,0.10909833507332015,0.1184074892016357,0.21113566666986364,0.5613585090551805,46
ETTh2,156,2.3764931385896864,0.5281586894065973,0.8651401238439688,0.16321720572872506,0.11443039975101134,0.19419370511366635,0.5281586894065973,25
ETTh2,157,2.518480943104305,0.5627143850897702,0.8286133464794982,0.10758361203913228,0.12637487811192155,0.20332712475917608,0.5627143850897702,8
ETTh2,158,2.1793858651043996,0.5509347737072179,0.8458162334802226,0.12154221262448464,0.13627718253981938,0.19124583112847798,0.5509347737072179,101
ETTh2,159,2.125168559472568,0.577259962501855,0.8212447122762899,0.11476341275116053,0.13137775647508773,0.17659886827189683,0.577259962501855,134
ETTh2,160,2.411434865573418,0.5351052066481456,0.8611227308018591,0.11624160632807315,0.1722331148719808,0.17642007215180047,0.5351052066481456,20
ETTh2,161,2.2188096172817815,0.5562089142750728,0.840878683778206,0.12119258551232769,0.1332179444616704,0.18938055575092924,0.5562089142750728,83
ETTh2,162,1.9697930349213981,0.5909209987865858,0.8039295752697454,0.09671840752605175,0.137301016099468,0.17505957758789445,0.5909209987865858,213
ETTh2,163,2.2469699163667594,0.5877436636625546,0.8097423883981878,0.12387939268325128,0.11250393179634102,0.17587301185785303,0.5877436636625546,65
ETTh2,164,2.1573348132868078,0.5567144794134746,0.8371159674301921,0.11535956256221185,0.12868505989487955,0.199240898129434,0.5567144794134746,113
ETTh2,165,2.1933807572999546,0.5462205678441807,0.8498590950119448,0.11287555978043534,0.15416375085202,0.186740121523364,0.5462205678441807,94
ETTh2,166,2.091994797690996,0.5458015824510292,0.845393668177225,0.11110980271713146,0.13583416501996384,0.2072544498118755,0.5458015824510292,154
ETTh2,167,2.0682224122700763,0.5997109895609913,0.78313603577831,0.09629506541376252,0.09877686482456086,0.20521708020068538,0.5997109895609913,169
ETTh2,168,1.7616164665392469,0.5618560490972079,0.8399876765942548,0.13814000422022407,0.1325665534800367,0.16743739320253145,0.5618560490972079,252
ETTh2,169,1.8143279128914234,0.49011725118346633,0.8990952389930577,0.14535927230508564,0.15543877499442238,0.20908470151702566,0.49011725118346633,250
ETTh2,170,3.1757669026459596,0.664899098365736,0.7141746828876261,0.09237089495582028,0.08166185704190224,0.16106814963654156,0.664899098365736,1
ETTh2,171,2.0146098158361543,0.580786123312947,0.822282798972729,0.14788448470650176,0.12916399015918803,0.14216540182136342,0.580786123312947,195
ETTh2,172,2.0371789866080645,0.5439079747246375,0.8349478779970746,0.12262132538877732,0.09886595644767937,0.234604743438906,0.5439079747246375,182
ETTh2,173,2.064504339987143,0.5073861641822278,0.8803358420006667,0.12271124534679233,0.15297124318540764,0.2169313472855722,0.5073861641822278,171
ETTh2,174,2.004554581582935,0.5719005951600767,0.8186893596403702,0.10718270263303942,0.11835416753591146,0.2025625346709724,0.5719005951600767,201
ETTh2,175,2.1265430154150744,0.5155438267885236,0.8762857741128501,0.1319475861314847,0.14407284065149084,0.2084357464285008,0.5155438267885236,131
ETTh2,176,2.324355134519223,0.5970810582806065,0.8016087753135611,0.13079496957054138,0.10881281127782957,0.16331116087102265,0.5970810582806065,39
ETTh2,177,2.2925475792471555,0.5902150004481735,0.8031521278390493,0.12488193581605689,0.10006529905641912,0.1848377646793505,0.5902150004481735,48
ETTh2,178,2.0385251675463207,0.5068299336324223,0.8821041414480775,0.12283196517154485,0.15898003265029273,0.21135806854574027,0.5068299336324223,181
ETTh2,179,2.0949220526600705,0.508267055212588,0.8864608754960878,0.16655350506973143,0.1361863417548498,0.1889930979628307,0.508267055212588,152
ETTh2,180,2.014818611706147,0.5578216205785566,0.8367891923965571,0.13911569717773395,0.10945240464314422,0.19361027760056534,0.5578216205785566,194
ETTh2,181,2.2095771026320823,0.5691885670238348,0.8154703270684591,0.08990978773438843,0.1293097360250754,0.2115919092167014,0.5691885670238348,86
ETTh2,182,2.1779517813234204,0.5394376868835954,0.8422638828516312,0.10111065267421233,0.12995523927910263,0.22949642116308955,0.5394376868835954,103
ETTh2,183,2.307396471567275,0.5723531564987137,0.8217106184262667,0.10189522790743473,0.13704950981493177,0.18870210577891994,0.5723531564987137,44
ETTh2,184,2.280477584958893,0.6072055231730017,0.7813752589202415,0.08876359497745785,0.11860709009813,0.18542379175141044,0.6072055231730017,51
ETTh2,185,1.996227602547743,0.5324415775028775,0.8570939178623931,0.14349348777647758,0.11188745944684733,0.21217747527379757,0.5324415775028775,203
ETTh2,186,2.121560684832178,0.5475873593385912,0.8333950518828576,0.11286323962838284,0.10828939523670629,0.2312600057963197,0.5475873593385912,136
ETTh2,187,2.007814528979434,0.5234211405204983,0.8642555745610105,0.12651393146552495,0.12876509740052855,0.22129983061344824,0.5234211405204983,200
ETTh2,188,2.422747164164501,0.604707970919893,0.7801784266165208,0.09067620969616802,0.10726316009012266,0.19735265929381618,0.604707970919893,19
ETTh2,189,2.1600813043460168,0.5180705432475294,0.8492922604858557,0.08935413985070473,0.13679035775147327,0.25578495915029265,0.5180705432475294,111
ETTh2,190,2.1025948036094233,0.5365222527260181,0.8510728698205625,0.10320423084385438,0.14699880036673138,0.21327471606339618,0.5365222527260181,146
ETTh2,191,2.1945233509353894,0.5644733897316359,0.8251476213656662,0.09655709461308962,0.13694702196155145,0.20202249369372294,0.5644733897316359,93
ETTh2,192,2.1503209748611356,0.5714472816643779,0.8190196321480977,0.10361027878831115,0.12283111972135441,0.2021113198259565,0.5714472816643779,119
ETTh2,193,2.197130437335466,0.5270653486668457,0.8655460002262341,0.12932466693408148,0.13626617647549957,0.2073438079235732,0.5270653486668457,91
ETTh2,194,2.192592947488105,0.5337929777103324,0.8560384482977265,0.12640647835290184,0.1247982754923205,0.21500226844444528,0.5337929777103324,95
ETTh2,195,2.1050176060964803,0.5164202661126102,0.8553690170351983,0.09406130394311925,0.14094153960678057,0.24857689033749003,0.5164202661126102,143
ETTh2,196,2.367776381622499,0.5695455057810634,0.8253292535379275,0.09690424176326247,0.16993199965720357,0.16361825279847048,0.5695455057810634,28
ETTh2,197,2.044777393420644,0.560847632551386,0.8417615455227697,0.1428358178675837,0.1348998825753879,0.16141666700564242,0.560847632551386,176
ETTh2,198,2.3665569316310213,0.5469520044833474,0.8454243055656337,0.14319690591610124,0.10847677048875015,0.2013743191118012,0.5469520044833474,30
ETTh2,199,1.7365682211072007,0.5948369188047267,0.7953033164638169,0.10859251860985775,0.10371499575503237,0.19285556683038327,0.5948369188047267,255
ETTh2,200,1.758582940295164,0.5890531396380639,0.8038018632594229,0.09149959939612112,0.1409012428576107,0.17854601810820425,0.5890531396380639,253
ETTh2,201,1.879688887268597,0.5222635393559543,0.869315710350625,0.130316992399751,0.13704673600479342,0.21037273223950131,0.5222635393559543,236
ETTh2,202,2.3313488796240325,0.5627003797910797,0.8154675362536367,0.08543499745132846,0.1254876879600154,0.22637693479757642,0.5627003797910797,37
ETTh2,203,2.3063423990218004,0.5421148636896302,0.8454059176327583,0.10246451350158141,0.14155681041805343,0.21386381239073504,0.5421148636896302,45
ETTh2,204,2.6338368161329786,0.5849884330672772,0.8066043908995307,0.11419150253741861,0.10632922408642839,0.19449084030887573,0.5849884330672772,3
ETTh2,205,1.8458050969029607,0.5359991202991022,0.851837902859924,0.1201879532927416,0.1242385574997355,0.2195743689084208,0.5359991202991022,243
ETTh2,206,2.1915418184952253,0.6109425260025351,0.7831638615045537,0.10919641766809574,0.1075693406747432,0.17229171565462598,0.6109425260025351,96
ETTh2,207,2.400072381611488,0.6190640411789906,0.7749441981388541,0.12599332905550606,0.09433252031284776,0.16061010945265564,0.6190640411789906,23
ETTh2,208,2.2376275468273015,0.6202593084447869,0.7773223631199657,0.15027157218532994,0.10894805058785725,0.1205210687820258,0.6202593084447869,74
ETTh2,209,2.272592407721027,0.6285211090504594,0.7585889211678631,0.09420607885795233,0.10045527050013292,0.1768175415914554,0.6285211090504594,59
ETTh2,210,1.8337965122703457,0.5033566086121775,0.8817235679132914,0.14435494384191463,0.12624338019716708,0.22604506734874086,0.5033566086121775,244
ETTh2,211,2.036389688280323,0.5366652753087326,0.855371097572979,0.14494468095128052,0.11360228738148333,0.20478775635850358,0.5366652753087326,183
ETTh2,212,1.9198541779880829,0.5659761916719596,0.8240416714722469,0.11305461186943289,0.11432066797668156,0.20664852848192597,0.5659761916719596,224
ETTh2,213,2.114714719045916,0.5933615488831839,0.7987887977764903,0.16123367204914152,0.08552629543068539,0.15987848363698912,0.5933615488831839,141
ETTh2,214,1.7696938858128486,0.5040633259412769,0.8791926089571157,0.11579987905618588,0.15291181900450432,0.22722497599803293,0.5040633259412769,251
ETTh2,215,1.8690499212187337,0.5608914134530676,0.8370216934262663,0.12272892243331036,0.13066467092417555,0.18571499318944654,0.5608914134530676,239
ETTh2,216,2.2781638455025908,0.5314772359984717,0.8429386301196629,0.0919783989413973,0.13438591371032235,0.24215845134980876,0.5314772359984717,53
ETTh2,217,2.0160385008406,0.5609124608559255,0.828428125279514,0.10413463069500407,0.12683739401711489,0.20811551443195545,0.5609124608559255,192
ETTh2,218,2.214053521586243,0.5507006566900626,0.8509184583263201,0.15245920119955816,0.13145539875362103,0.16538474335675815,0.5507006566900626,85
ETTh2,219,2.5067854431238548,0.5725788842627118,0.8224732106487601,0.09744456650503128,0.1745812104832794,0.1553953387489776,0.5725788842627118,9
ETTh2,220,2.0816132495775035,0.6158573778587483,0.7803364744711258,0.12555885329314298,0.1009419148030301,0.15764185404507877,0.6158573778587483,165
ETTh2,221,2.0397238529450217,0.5834190083841109,0.8090029279410142,0.10249858647858577,0.12222071255358395,0.1918616925837193,0.5834190083841109,179
ETTh2,222,2.3131354347998316,0.5972087784584211,0.7949426756722502,0.10552707455009713,0.1106649242918042,0.1865992226996774,0.5972087784584211,43
ETTh2,223,1.9819423338579396,0.5721308912052482,0.8130196285921719,0.10144340122715015,0.11218173624662116,0.21424397132098055,0.5721308912052482,208
ETTh2,224,2.262377277293089,0.5346758629924738,0.8641511645821376,0.13111030308508873,0.15344703151758302,0.18076680240485454,0.5346758629924738,61
ETTh2,225,1.7497226113538025,0.5431968189349282,0.8505719203339166,0.11302410957578514,0.1452903766605889,0.1984886948286977,0.5431968189349282,254
ETTh2,226,2.397110536095306,0.5240517853175218,0.8620239910036938,0.1038812225509774,0.15684869703267043,0.21521829509883036,0.5240517853175218,24
ETTh2,227,2.0272582801184766,0.5617245996456468,0.8401872623933581,0.13700398289463567,0.13406238872239779,0.1672090287373199,0.5617245996456468,188
ETTh2,228,1.9981229203098385,0.5221241130781351,0.8538698458249295,0.08451522190512607,0.16839112979173995,0.2249695352249989,0.5221241130781351,202
ETTh2,229,2.314415125044149,0.6614157724720643,0.7194098144806026,0.08024027862783208,0.09871081929041443,0.1596331296096892,0.6614157724720643,41
ETTh2,230,2.121293550443847,0.4835330381474879,0.8966721078486354,0.1130861203832592,0.19064384123429204,0.2127370002349609,0.4835330381474879,137
ETTh2,231,1.927091559601384,0.584194890522017,0.8152981886975363,0.12062536394458373,0.12434329663192487,0.1708364489014744,0.584194890522017,223
ETTh2,232,2.1538232120286334,0.5698980188121543,0.8287743057875404,0.13529642606294381,0.1163531032255607,0.17845245189934125,0.5698980188121543,116
ETTh2,233,1.8978944433440827,0.5857764244131926,0.8136459553582394,0.10761156121002088,0.1475456493557274,0.15906636502105917,0.5857764244131926,232
ETTh2,234,2.011641940359549,0.5539588222341019,0.8307339774412765,0.13615185528164986,0.09368553278680157,0.2162037896974467,0.5539588222341019,197
ETTh2,235,2.126534453583924,0.485854474633443,0.8988218145582795,0.1370197303832531,0.15448405670065818,0.2226417382826457,0.485854474633443,132
ETTh2,236,2.1455617658396164,0.5671251625144987,0.8231034905825322,0.1153366194472869,0.11184421698482047,0.20569400105339394,0.5671251625144987,121
ETTh2,237,2.480271715063272,0.5161535899478629,0.8515501453176401,0.12359640133387874,0.10015599117181316,0.2600940175464453,0.5161535899478629,10
ETTh2,238,2.1623601167968554,0.5204460332339317,0.8610951285271565,0.10299785847512877,0.14713964455424414,0.22941646373669541,0.5204460332339317,109
ETTh2,239,2.364748213776757,0.5865070290866669,0.8148497256524141,0.12441759217234455,0.12862506291471656,0.16045031582627198,0.5865070290866669,31
ETTh2,240,2.1730128745661426,0.5681346197540267,0.8314098832813757,0.12995082455727922,0.12448105348334235,0.17743350220535167,0.5681346197540267,106
ETTh2,241,1.8458256685979757,0.5740052969281862,0.8152878172405051,0.08618105124171954,0.1515440161809518,0.18826963564914248,0.5740052969281862,242
ETTh2,242,2.0911121296214388,0.5447957032700262,0.8428998183645283,0.10865398143524158,0.12985453599988356,0.2166957792948486,0.5447957032700262,155
ETTh2,243,2.0936473371756223,0.560678598716835,0.8190899176916273,0.09428913617389356,0.11746320139487855,0.22756906371439284,0.560678598716835,153
ETTh2,244,2.225116546867911,0.5821096017812011,0.8102104083769418,0.11972663288308881,0.10473177304042974,0.19343199229528044,0.5821096017812011,78
ETTh2,245,2.0949564940758463,0.4977883246040816,0.8813278923883574,0.11251192779565905,0.1539814481451023,0.23571829945515702,0.4977883246040816,151
ETTh2,246,2.2403136802443795,0.49160773314812617,0.8894744082525543,0.12579615866025917,0.1486772102203625,0.23391889797125212,0.49160773314812617,70
ETTh2,247,2.0089198566453454,0.5427980885913753,0.8484029600353634,0.14132222032326508,0.1096256561707363,0.20625403491462313,0.5427980885913753,199
ETTh2,248,2.0954540837892024,0.5206395257294213,0.8700108014806022,0.13944950063754621,0.12724656359971828,0.21266441003331418,0.5206395257294213,149
ETTh2,249,2.145497784835033,0.5546295271257414,0.8389632945526659,0.1260963028317325,0.11833437054254894,0.20093979949997712,0.5546295271257414,123
ETTh2,250,2.1432663658255335,0.549586260360981,0.8499994731436973,0.13919014417258876,0.13042181472103284,0.1808017807453974,0.549586260360981,124
ETTh2,251,2.0866872405958468,0.5433002277996962,0.8534448979478979,0.11369617112700682,0.16421380892667847,0.17878979214661853,0.5433002277996962,160
ETTh2,252,1.9706229164278555,0.5318424650389858,0.8554361937319329,0.11329346437451533,0.13495129433906006,0.21991277624743885,0.5318424650389858,211
ETTh2,253,1.9947896456715377,0.6364632134426164,0.7520093723054302,0.10001810591737177,0.0967002822303748,0.16681839840963703,0.6364632134426164,204
ETTh2,254,2.0844912942377727,0.5637358718705107,0.8219888710670135,0.098768699514981,0.12262668761699962,0.2148687409975086,0.5637358718705107,163
ETTh2,255,2.4033992309825942,0.6258935684810324,0.7657726373399362,0.0880175127405247,0.12648165822549143,0.15960726055295157,0.6258935684810324,21
ETTm1,0,2.5216519343963437,0.5164581605435932,0.8769284216921417,0.12878723513394547,0.1540542579280318,0.20070034639442955,0.5164581605435932,54
ETTm1,1,2.4943892343671363,0.48762469602842173,0.9028821957464142,0.14886655721168807,0.16308349334085795,0.2004252534190322,0.48762469602842173,69
ETTm1,2,2.335156239028527,0.49916248266800745,0.8948306248702269,0.1731778246068338,0.14282705136071525,0.1848326413644436,0.49916248266800745,187
ETTm1,3,2.5365073614442326,0.4973011457633926,0.8933048217162012,0.14750002216645788,0.14734627482339838,0.20785255724675106,0.4973011457633926,48
ETTm1,4,2.436389229869291,0.5137142060979977,0.8814410141572102,0.13912867077146962,0.15248756016331091,0.19466956296722177,0.5137142060979977,110
ETTm1,5,2.5606990149945297,0.4824640909011903,0.8968823948632519,0.13554770943422562,0.1442254260221561,0.2377627736424281,0.4824640909011903,37
ETTm1,6,2.434900701599772,0.5080975074493509,0.8855563389459375,0.13502507396284152,0.16041469035904368,0.19646272822876404,0.5080975074493509,112
ETTm1,7,2.4120981746790857,0.5048962517221967,0.8862264398242586,0.12912421335904944,0.16230353467539207,0.20367600024336177,0.5048962517221967,135
ETTm1,8,2.3513080866234475,0.5371280887181243,0.8640950256708132,0.1471967902308378,0.14683347847114467,0.16884164257989312,0.5371280887181243,177
ETTm1,9,2.5771294984000486,0.5234380876655749,0.8717332768651399,0.13232974635714412,0.14692857659683214,0.19730358938044873,0.5234380876655749,26
ETTm1,10,2.5436851369474334,0.4697958932716913,0.914979623530513,0.15766952880917534,0.15968499399961625,0.21284958391951708,0.4697958932716913,43
ETTm1,11,2.438311045995679,0.5159056224151234,0.8784808517951587,0.18345956297811813,0.1246108137854134,0.17602400082134514,0.5159056224151234,108
ETTm1,12,2.6307261128682375,0.4822833198646392,0.8886827234521747,0.16269082684758895,0.10689580612495057,0.24813004716282142,0.4822833198646392,13
ETTm1,13,2.516665080783351,0.5576367382673638,0.8404841829736243,0.13201041150790765,0.12456234243972795,0.18579050778500059,0.5576367382673638,56
ETTm1,14,2.3594485287373494,0.4862313563916772,0.9015839576441008,0.18153987955249656,0.1324226889442483,0.1998060751115779,0.4862313563916772,171
ETTm1,15,2.441798819682125,0.495189201717124,0.8888164161647639,0.12132936705620377,0.16041406893802676,0.2230673622886455,0.495189201717124,105
ETTm1,16,2.1770186748138305,0.5497142386068361,0.8505695786320449,0.12626205462732237,0.15047323887255787,0.1735504678932837,0.5497142386068361,234
ETTm1,17,2.631390910536034,0.4967374676992839,0.8903474715684624,0.1615077897971363,0.1266905294178472,0.21506421308573254,0.4967374676992839,12
ETTm1,18,2.164154061245488,0.5203073582970832,0.8649413170258691,0.13851525944779772,0.11558238417631864,0.22559499807880054,0.5203073582970832,237
ETTm1,19,2.0755588221535497,0.503304419197568,0.8884268447677778,0.15299410618105166,0.13865030274511092,0.20505117187626948,0.503304419197568,252
ETTm1,20,2.434007565387759,0.4915793695372779,0.8990629781785479,0.13690606746788198,0.17794894734399289,0.19356561565084734,0.4915793695372779,113
ETTm1,21,2.4330341431181215,0.49437578297292356,0.8863455656556541,0.18732123057254238,0.10572159609777079,0.21258139035676327,0.49437578297292356,115
ETTm1,22,2.714145851655818,0.5193147481107314,0.8733704364538661,0.14570165947739877,0.12940856886403554,0.20557502354783422,0.5193147481107314,6
ETTm1,23,2.4471951880327674,0.5194171183495848,0.8784552136628511,0.1452519035780028,0.15178219586341787,0.18354878220899445,0.5194171183495848,94
ETTm1,24,2.4967137664347057,0.5302705860633404,0.8678547309636099,0.1713196874322698,0.12727168046113976,0.17113804604325009,0.5302705860633404,67
ETTm1,25,2.180842104221214,0.5229787492118666,0.8740434830769559,0.14790838368659423,0.1393300569384335,0.18978281016310564,0.5229787492118666,233
ETTm1,26,2.2537007034741636,0.4514137437815725,0.9304845076608735,0.16718453758113308,0.19610561667921514,0.1852961019580794,0.4514137437815725,211
ETTm1,27,2.4740220951938197,0.5186929205305666,0.87779644184363,0.14078084996407236,0.14970892088247584,0.19081730862288512,0.5186929205305666,81
ETTm1,28,2.021839825370844,0.5206957432203653,0.8701222765029684,0.1291823432436087,0.13764191565563125,0.2124799978803947,0.5206957432203653,255
ETTm1,29,2.267457279112473,0.5186765903976558,0.8780221518818331,0.16783298730723067,0.13243214272310327,0.18105827957201015,0.5186765903976558,205
ETTm1,30,2.3585312762164286,0.5292255398712236,0.860490715800825,0.14308583344593892,0.11495369195240535,0.21273493473043215,0.5292255398712236,172
ETTm1,31,2.662917446715862,0.5012659408954256,0.8936436246698302,0.14658284268591107,0.16743151070652665,0.18471970571213675,0.5012659408954256,9
ETTm1,32,2.402554226117438,0.5124689760564072,0.877739828611706,0.13484352555976445,0.13894719531275654,0.21374030307107167,0.5124689760564072,141
ETTm1,33,2.2689459246323844,0.5171046898567909,0.8738069350448997,0.12404200441323329,0.1493060339552953,0.2095472717746805,0.5171046898567909,204
ETTm1,34,2.509495812763273,0.5071262505242294,0.8804398219799511,0.14831510356478717,0.12563386740399626,0.21892477850698708,0.5071262505242294,58
ETTm1,35,2.208683685977954,0.4693873871808998,0.9184929828480372,0.16797220543221142,0.1711661334797732,0.19147427390711552,0.4693873871808998,223
ETTm1,36,2.413044130745213,0.5131437530531031,0.8696906169537786,0.13583967518207676,0.11875058497831806,0.2322659867865021,0.5131437530531031,133
ETTm1,37,2.3066969838203395,0.48949485163163375,0.8984995761559698,0.139222608703553,0.15905414183940061,0.21222839782541256,0.48949485163163375,190
ETTm1,38,2.478619684362699,0.5256495618703649,0.8711674751131558,0.1372673708948771,0.1455309276661613,0.1915521395685966,0.5256495618703649,78
ETTm1,39,2.151754089473323,0.5633518941380614,0.8391721948830979,0.14463150904235544,0.1314121512517778,0.16060444556780537,0.5633518941380614,241
ETTm1,40,2.44084838264338,0.5230627209747474,0.8649811352737972,0.1264103247048192,0.13017805584290204,0.22034889847753147,0.5230627209747474,106
ETTm1,41,2.4765782466781143,0.531777001938186,0.8682123104432647,0.16328422127550957,0.1364983112315821,0.16844046555472242,0.531777001938186,79
ETTm1,42,2.605478567915661,0.5032559644330071,0.881533338887139,0.13163146482673146,0.1372535050048186,0.22785906573544285,0.5032559644330071,19
ETTm1,43,2.181556503754672,0.5677047850975312,0.8282768558178891,0.11612589392316848,0.12634834200627448,0.18982097897302583,0.5677047850975312,232
ETTm1,44,2.4123881555279625,0.5095985048096603,0.8713432921546628,0.10196983432752252,0.1632460857257073,0.22518557513710988,0.5095985048096603,134
ETTm1,45,1.9598201657985705,0.5014521025989659,0.8805457773855063,0.1545617211722187,0.11457524214457641,0.229410934084239,0.5014521025989659,256
ETTm1,46,2.470121851787442,0.4842097366354422,0.8994244528839099,0.12306967468070537,0.17976899488872056,0.21295159379513184,0.4842097366354422,82
ETTm1,47,2.2925918397668097,0.5133824167330064,0.8778991451448038,0.16940109815174642,0.11874190207930584,0.1984745830359413,0.5133824167330064,197
ETTm1,48,2.2523134840969288,0.5202479633794276,0.8707692775361109,0.13990997048135093,0.1282475469236831,0.21159451921553835,0.5202479633794276,212
ETTm1,49,2.159383929009304,0.5330094972563585,0.8513297028259749,0.11141440776297303,0.1285412377706202,0.22703485721004812,0.5330094972563585,239
ETTm1,50,2.446044509842463,0.46081972015052497,0.9177235274211403,0.14234784383560878,0.1698707022080281,0.22696173380583815,0.46081972015052497,96
ETTm1,51,2.420686924031547,0.5166972060923676,0.873192003388961,0.1194380296137487,0.15324264866473286,0.21062211562915067,0.5166972060923676,125
ETTm1,52,2.2556350323716794,0.4890611916156612,0.902755859202608,0.16243233332324747,0.15352957903075562,0.19497689603033566,0.4890611916156612,209
ETTm1,53,2.2673811680800084,0.507214973171037,0.8864135799972643,0.1612138185442272,0.13553706669630144,0.19603414158843432,0.507214973171037,206
ETTm1,54,2.298967195766293,0.4913230746444897,0.8961348704912916,0.144615461864325,0.1472127915962688,0.21684867189491663,0.4913230746444897,192
ETTm1,55,2.181594744190976,0.5036993418094093,0.8920294373446649,0.18240366955293766,0.1484396454653013,0.1654573431723518,0.5036993418094093,231
ETTm1,56,2.4902594995528817,0.4717123605234229,0.9158411133696072,0.16896072071948465,0.16032522185057776,0.19900169690651456,0.4717123605234229,73
ETTm1,57,2.3510614990402976,0.5228634958003409,0.8671158232884077,0.1404743506920153,0.12265533109040216,0.21400682241724162,0.5228634958003409,178
ETTm1,58,2.4564524724613364,0.5428131793242882,0.852735651517272,0.12138831285850876,0.13991627369210302,0.19588223412509997,0.5428131793242882,89
ETTm1,59,2.1680843953781594,0.5257410970928609,0.8739873793661536,0.14293080884000964,0.16092053141761203,0.17040756264951748,0.5257410970928609,236
ETTm1,60,2.3886743188708306,0.5458114170937123,0.8494686533367005,0.11653353964517504,0.14286001817641114,0.19479502508470153,0.5458114170937123,150
ETTm1,61,2.3455011933341425,0.5649801889000546,0.8325171680798482,0.15576202585859616,0.10659194188981058,0.17266584335153862,0.5649801889000546,181
ETTm1,62,2.4989668464940613,0.5102008235214682,0.8860698954960637,0.16202393068128035,0.1429678505453261,0.18480739525192527,0.5102008235214682,64
ETTm1,63,2.445666795261001,0.44123983840334113,0.9035873973713999,0.15419640242341118,0.11053190986273076,0.29403184931051696,0.44123983840334113,97
ETTm1,64,2.147425537436117,0.45651251613004246,0.9197025771612963,0.15482982764340986,0.1537994783375837,0.23485817788896396,0.45651251613004246,243
ETTm1,65,2.715957442129286,0.5209295772283823,0.8744151515960794,0.1238041681137281,0.18112280837958447,0.1741434462783051,0.5209295772283823,5
ETTm1,66,2.3903386685608004,0.539005061910972,0.855922778246822,0.11834306166780571,0.14644344362782222,0.19620843279340025,0.539005061910972,147
ETTm1,67,2.403726126661476,0.5575286832557617,0.8333313816667499,0.11344103627260667,0.12181983603472987,0.20721044443690184,0.5575286832557617,139
ETTm1,68,2.4022094622992363,0.46553048482744586,0.9110448113262333,0.17259757933173714,0.12948112389145477,0.23239081194936226,0.46553048482744586,142
ETTm1,69,2.5697988359007207,0.5429270790426731,0.847684134359578,0.13195526003282698,0.11459697734232503,0.2105206835821748,0.5429270790426731,30
ETTm1,70,2.563996336195408,0.48075633296161313,0.905833379591379,0.15583822639567005,0.1493517707635653,0.21405366987915153,0.48075633296161313,35
ETTm1,71,2.445194699289603,0.45796496168027717,0.9164663599165351,0.14915370981881734,0.15156898899632998,0.24131233950457567,0.45796496168027717,99
ETTm1,72,2.2909577044180525,0.5091445934647527,0.8811321396827007,0.1377227627124463,0.1401480525367447,0.21298459128605632,0.5091445934647527,198
ETTm1,73,2.5670725573637823,0.49955208227066444,0.8911617897300311,0.12750953807191354,0.17952935081800248,0.19340902883941957,0.49955208227066444,32
ETTm1,74,2.6391250960855266,0.489480763987666,0.884912466013788,0.10861135802711867,0.15861128296394328,0.2432965950212721,0.489480763987666,11
ETTm1,75,2.4035220817102148,0.5045423403081684,0.8799395195484544,0.11935560511997828,0.15063546161185828,0.22546659295999505,0.5045423403081684,140
ETTm1,76,2.353776486372152,0.5428100321857668,0.8573882037141711,0.12778211364395275,0.1609239363079211,0.16848391786235917,0.5428100321857668,175
ETTm1,77,2.4182198053497985,0.5160694244590279,0.8771286443293732,0.12012460448657422,0.18414695506767698,0.1796590159867209,0.5160694244590279,129
ETTm1,78,2.4093290844242308,0.532816882791084,0.863862943394499,0.14808923989334846,0.12771652747134427,0.1913773498442234,0.532816882791084,137
ETTm1,79,2.4213548179677438,0.4820631017609911,0.9085704175152629,0.15360653547434538,0.17403261184538096,0.19029775091928255,0.4820631017609911,124
ETTm1,80,2.3714971401707725,0.489678269182279,0.8970229982799679,0.1389694751308482,0.15346346097160027,0.21788879471527267,0.489678269182279,162
ETTm1,81,2.3713003193744995,0.5284479388292185,0.8593923130153799,0.1369582841593062,0.11564334232992317,0.21895043468155212,0.5284479388292185,163
ETTm1,82,2.415230130680989,0.5478523514497986,0.8466378324447965,0.12775806770673626,0.12435772839280072,0.20003185245066424,0.5478523514497986,131
ETTm1,83,2.2076716338914277,0.5147139176346002,0.8833069220809123,0.15312740995882732,0.15330790124678878,0.17885077115978373,0.5147139176346002,224
ETTm1,84,2.38918838988485,0.5053751283932997,0.8846375911943795,0.13240463549719986,0.1506631963455161,0.21155703976398435,0.5053751283932997,149
ETTm1,85,2.3660875813818514,0.5011886592338535,0.8882429187286632,0.19283270366173344,0.12115871886277157,0.1848199182416415,0.5011886592338535,167
ETTm1,86,2.336642909736085,0.4987607795634488,0.8939409581360707,0.14920094846348067,0.15275524477715907,0.19928302719591143,0.4987607795634488,186
ETTm1,87,2.4205039245944864,0.5279453662351716,0.8656058820037158,0.15546298226633368,0.11835424915319488,0.19823740234529988,0.5279453662351716,126
ETTm1,88,2.227358900830712,0.5451171602227408,0.8471436906092833,0.14133544956407249,0.11045752638147065,0.20308986383171598,0.5451171602227408,221
ETTm1,89,2.4256289893552054,0.5283350291295492,0.8712547007416779,0.14334897184710715,0.1515484886466939,0.1767675103766498,0.5283350291295492,118
ETTm1,90,2.3970613205726896,0.5311635346807027,0.8505471554878584,0.14132699588461553,0.09929522984210147,0.22821423959258044,0.5311635346807027,146
ETTm1,91,2.245075305124957,0.5174533729358708,0.8794949258859035,0.17377469030115877,0.13414488087989296,0.1746270558830775,0.5174533729358708,216
ETTm1,92,2.466918799566761,0.4730379901737844,0.9053014892855992,0.1282160800166231,0.1664492396451544,0.23229669016443805,0.4730379901737844,84
ETTm1,93,2.3487138740703086,0.5109553981061455,0.8853551997753528,0.15264858843214293,0.14848923845753903,0.1879067750041726,0.5109553981061455,179
ETTm1,94,2.248593845623561,0.5288554148003554,0.8576658203689289,0.1515093519958458,0.10393184608729245,0.21570338711650647,0.5288554148003554,214
ETTm1,95,2.2066458294789517,0.507623268402581,0.8854498645680461,0.15056472209967425,0.1400124203793866,0.2017995891183582,0.507623268402581,225
ETTm1,96,2.1587817983062534,0.5302958333701256,0.862299311406199,0.11035628468980165,0.1658333491375435,0.19351453280252923,0.5302958333701256,240
ETTm1,97,2.0788726381423674,0.513832510754681,0.8772002926123048,0.15538303049092753,0.12372983525793674,0.2070546234964547,0.513832510754681,251
ETTm1,98,2.6123346195649093,0.5241139518612796,0.8752455770867023,0.16028844984279747,0.14275171620829938,0.17284588208762353,0.5241139518612796,17
ETTm1,99,2.356557063791575,0.513325673109597,0.8736180210754064,0.14380295490878187,0.12148818383979947,0.22138318814182167,0.513325673109597,174
ETTm1,100,2.3709324027629894,0.5090132219790716,0.8886720001927972,0.1678005252017786,0.15407758424148946,0.1691086685776603,0.5090132219790716,165
ETTm1,101,2.5655699340637828,0.48682500935837664,0.8977593780318959,0.1940695543927092,0.12031922477118472,0.19878621147772957,0.48682500935837664,33
ETTm1,102,2.5029396055879034,0.5497440769883778,0.8512779222795201,0.1337130589414843,0.14361601523045886,0.17292684883967913,0.5497440769883778,61
ETTm1,103,2.499773738561546,0.5135619194366225,0.8760148452129294,0.12520089459896236,0.1473260389213429,0.2139111470430722,0.5135619194366225,63
ETTm1,104,2.263355678830447,0.5086517958656879,0.8875119651641975,0.15619608747843694,0.14848299066919987,0.1866691259866753,0.5086517958656879,208
ETTm1,105,2.106789051513139,0.5300482691937983,0.8557868526846185,0.1532953170203156,0.10103742935107905,0.215618984434807,0.5300482691937983,247
ETTm1,106,2.3643981504464406,0.5638106830084482,0.8308945095861555,0.12088485804586807,0.11991484955660915,0.19538960938907454,0.5638106830084482,168
ETTm1,107,2.1206573468289194,0.5314495666059154,0.8620259510248279,0.11342959102949343,0.16057710047447063,0.19454374189012064,0.5314495666059154,246
ETTm1,108,2.4930204370476132,0.4994756957673035,0.8754180539923756,0.12035579241900343,0.13023866491207306,0.24992984690161998,0.4994756957673035,70
ETTm1,109,2.2035798783360585,0.5671444424084864,0.8338309525264286,0.1258036462076499,0.13650415298509938,0.1705477583987643,0.5671444424084864,227
ETTm1,110,2.383849963394061,0.4938272055264589,0.8961142344491253,0.1704820907098582,0.13401222715755692,0.20167847660612598,0.4938272055264589,151
ETTm1,111,2.419710129983355,0.5413697841680445,0.8606968618538117,0.1610714049891846,0.15203659357500884,0.14552221726776216,0.5413697841680445,128
ETTm1,112,2.548719103010529,0.5185291506036649,0.8754543444758185,0.15550457981090887,0.12779802563259418,0.19816824395283206,0.5185291506036649,39
ETTm1,113,2.4926170422176352,0.5041719412736159,0.881800175933247,0.1456582721817199,0.12657772696585556,0.2235920595788088,0.5041719412736159,71
ETTm1,114,2.4802494871500937,0.571912939974215,0.8280677172093244,0.1462253806153446,0.11430912371711092,0.16755255569332947,0.571912939974215,77
ETTm1,115,2.5977804236043647,0.5863408698034684,0.7993044214271356,0.10848078859405605,0.0984387165023001,0.2067396251001754,0.5863408698034684,22
ETTm1,116,2.3720839567836385,0.5148984945678334,0.881208318495105,0.14396421634938314,0.1497821508287567,0.1913551382540267,0.5148984945678334,161
ETTm1,117,2.56448163631228,0.5493587409369646,0.8436280157873766,0.10118966736171309,0.1616224934424355,0.187829098258887,0.5493587409369646,34
ETTm1,118,2.2276785221713453,0.5302436004613598,0.8678622239132536,0.1383018740706785,0.14480205525147583,0.18665247021648598,0.5302436004613598,220
ETTm1,119,2.360297175950135,0.46051493881108296,0.9207936433422532,0.14449093727294937,0.18482947856842583,0.21016464534754187,0.46051493881108296,169
ETTm1,120,2.5710377054226727,0.46972959693058136,0.9143417505988073,0.13947007771245176,0.2014075257663947,0.18939279959057206,0.46972959693058136,28
ETTm1,121,2.3785269179046695,0.5224770846999922,0.8733291326078422,0.14652322002316884,0.13598198605319828,0.19501770922364078,0.5224770846999922,157
ETTm1,122,2.2978139327868248,0.4713287823387518,0.9008455979865558,0.1260508772016006,0.15216504784896365,0.25045529261068394,0.4713287823387518,193
ETTm1,123,2.2456790649064247,0.5002726507494061,0.8876999976451738,0.12047780039379775,0.17320515069360984,0.20604439816318643,0.5002726507494061,215
ETTm1,124,2.4003157713084566,0.44395818762619815,0.9315994710140973,0.15654659120788114,0.17611970430140628,0.2233755168645144,0.44395818762619815,144
ETTm1,125,2.509326620628589,0.529459017614368,0.8665075879798442,0.1338959186964658,0.14076963732742923,0.1958754263617369,0.529459017614368,59
ETTm1,126,2.4905318138148207,0.5348334783004756,0.861742176154885,0.11994512064658448,0.1601753779631454,0.18504602308979468,0.5348334783004756,72
ETTm1,127,2.2547238652284047,0.5110041425059195,0.8688917805195403,0.13022411323186955,0.11940672966415829,0.23936501459805257,0.5110041425059195,210
ETTm1,128,2.3730699528248245,0.5037972688445989,0.8815548623079084,0.15119752258277852,0.12162788618248722,0.22337732239013558,0.5037972688445989,160
ETTm1,129,2.1854382466384505,0.5219541686247194,0.8692300152443813,0.12161216599738266,0.14744330338238557,0.20899036199551227,0.5219541686247194,230
ETTm1,130,2.398606385997188,0.5222499746038515,0.8765009641859987,0.16899847547367924,0.13923562446468038,0.1695159254577889,0.5222499746038515,145
ETTm1,131,2.453317234180166,0.4890614909099219,0.9039206725501117,0.15493938123131618,0.1743824262543635,0.18161670160439833,0.4890614909099219,91
ETTm1,132,2.40487791759755,0.5315868211187325,0.8565400213226421,0.13274412129783467,0.1170089937966879,0.21866006378674507,0.5315868211187325,138
ETTm1,133,2.383780119572015,0.5040532808412557,0.8859622682123699,0.1500555550453399,0.13434361473761192,0.21154754937579257,0.5040532808412557,152
ETTm1,134,2.192249615262531,0.5486037661425979,0.8435605694297442,0.1148109510721598,0.1311538989960966,0.20543138378914585,0.5486037661425979,229
ETTm1,135,2.3471222009243924,0.5789666108863615,0.8200704216206965,0.1177476032630379,0.12863229682747626,0.17465348902312444,0.5789666108863615,180
ETTm1,136,2.3810333940679933,0.5118487394001237,0.8807517474178826,0.1317332866153103,0.15296969120419657,0.2034482827803695,0.5118487394001237,155
ETTm1,137,2.1419528830549917,0.5083342435622096,0.881572539959374,0.1767297782942637,0.11742767378236445,0.19750830436116243,0.5083342435622096,244
ETTm1,138,2.264280472899805,0.5736018695587418,0.8164435478308529,0.1634181834066987,0.0853354193262946,0.17764452770826483,0.5736018695587418,207
ETTm1,139,2.5700128463446545,0.5407674285143642,0.8513182782135352,0.12585202922550023,0.1252616579633213,0.20811888429681424,0.5407674285143642,29
ETTm1,140,2.3799943314374747,0.5457329296206446,0.8548214655344658,0.1518559265192537,0.129989949327265,0.1724211945328366,0.5457329296206446,156
ETTm1,141,2.2377686675121895,0.5148543447790034,0.8807528702420093,0.15138609082224697,0.14043062510174018,0.19332893929700948,0.5148543447790034,219
ETTm1,142,2.5265667943406873,0.5111435275597037,0.8770765810632914,0.17476993608687033,0.111430786881986,0.20265574947144,0.5111435275597037,51
ETTm1,143,2.1927683620234886,0.5158588514361689,0.8723345409781965,0.17246970793658467,0.10843364841568776,0.20323779221155852,0.5158588514361689,228
ETTm1,144,2.171120732141927,0.5572599156682464,0.845021261907857,0.14663276021977847,0.13305382044835684,0.16305350366361818,0.5572599156682464,235
ETTm1,145,2.536467364421015,0.5195738716897196,0.8689646496363792,0.10799420326018438,0.16737239433667306,0.205059530713423,0.5195738716897196,49
ETTm1,146,2.442156314364735,0.5420086501867089,0.852498615081015,0.11498950315235734,0.14658154258813372,0.19642030407280006,0.5420086501867089,104
ETTm1,147,2.4107834824948142,0.5791230981445523,0.8222148076961716,0.1274291713837973,0.12868576168078824,0.16476196879086208,0.5791230981445523,136
ETTm1,148,2.4360332850794375,0.5105631405045623,0.8840713233765122,0.13478897989065514,0.16260425461554207,0.19204362498924046,0.5105631405045623,111
ETTm1,149,2.2965568781411143,0.5493569449395826,0.8496906255545641,0.11810453899872235,0.16302445451831243,0.1695140615433826,0.5493569449395826,195
ETTm1,150,2.2698570708018933,0.5556045127565681,0.8441594584171539,0.13763270979857342,0.12761097164076446,0.17915180580409412,0.5556045127565681,203
ETTm1,151,2.4629888811646783,0.5397909914322292,0.8621006940819482,0.14475975123200271,0.16114785440510648,0.15430140293066172,0.5397909914322292,85
ETTm1,152,2.4975770981565315,0.5136054506679393,0.8803596481641419,0.16411286205542125,0.1284453391348521,0.1938363481417875,0.5136054506679393,65
ETTm1,153,2.495964025019748,0.5221655369273791,0.8734013747762871,0.14151398826020975,0.13978306733747745,0.19653740747493387,0.5221655369273791,68
ETTm1,154,2.545030564151967,0.47905162271315105,0.9113454047970365,0.1789954966638895,0.15743428492113662,0.18451859570182283,0.47905162271315105,42
ETTm1,155,2.4299034277311238,0.5600229470741153,0.8387402398060855,0.14410613412434242,0.11700677621937848,0.17886414258216377,0.5600229470741153,116
ETTm1,156,2.1608099748307956,0.5526833501010256,0.8489707720563755,0.1423001633476039,0.1357047991694854,0.16931168738188507,0.5526833501010256,238
ETTm1,157,2.056503315336225,0.5425056958008021,0.856291144337218,0.14736308563861988,0.12747276828137816,0.1826584502791998,0.5425056958008021,254
ETTm1,158,2.509240310360976,0.4994338396752597,0.8782775062958551,0.17333061578754394,0.10007791960112132,0.2271576249360751,0.4994338396752597,60
ETTm1,159,2.370999738170375,0.5364436519953935,0.8574126128626455,0.13762077520146004,0.12337174411447678,0.20256382868866968,0.5364436519953935,164
ETTm1,160,2.4150161305711926,0.5059781210719154,0.8768995188183196,0.12929554867147727,0.131752947948795,0.23297338230781248,0.5059781210719154,132
ETTm1,161,2.2521162925507214,0.5177106472016051,0.8730955549542896,0.16908305326912018,0.11410104763167947,0.19910525189759518,0.5177106472016051,213
ETTm1,162,2.2895951956836544,0.5051304354397341,0.8836204584604503,0.1363960367585687,0.1415694467522307,0.2169040810494665,0.5051304354397341,199
ETTm1,163,2.438335073132193,0.5019369496979055,0.8936736167134967,0.1567904258164429,0.15735656018814662,0.18391606429750496,0.5019369496979055,107
ETTm1,164,2.358224435430432,0.5161964878987317,0.8761233695372309,0.13066286755365134,0.14676782880359673,0.20637281574402025,0.5161964878987317,173
ETTm1,165,2.4967757159102595,0.4887785670462587,0.8953644377297425,0.14108983485979423,0.14356946975264487,0.22656212834130227,0.4887785670462587,66
ETTm1,166,2.5181573465553697,0.5276281251447195,0.8566256468173377,0.11221096518437505,0.13253955918292584,0.22762135048797952,0.5276281251447195,55
ETTm1,167,2.599885854930468,0.5346387325945404,0.8447932448776113,0.08667197513574072,0.15624476696225686,0.22244452530746195,0.5346387325945404,21
ETTm1,168,2.3392106603156053,0.5169265566018155,0.8737122519573626,0.1328110047572769,0.13731427600479984,0.21294816263610783,0.5169265566018155,184
ETTm1,169,2.529406717657176,0.5576547605948159,0.8435560805435611,0.1346425009951756,0.1355338580227774,0.17216888038723113,0.5576547605948159,50
ETTm1,170,2.489042354594164,0.4760046200689243,0.9025475315818356,0.12954219402028957,0.15949632842769865,0.23495685748308745,0.4760046200689243,74
ETTm1,171,2.5461545543665016,0.531214515966435,0.8598360764051114,0.13689212455229866,0.12089940397765402,0.2109939555036124,0.531214515966435,41
ETTm1,172,2.4453585946178404,0.5026211107566992,0.8859874119067767,0.1604366437192949,0.12529413756818306,0.21164810795582287,0.5026211107566992,98
ETTm1,173,2.3128871520264265,0.5330313462360978,0.8461469204746768,0.11331734903425977,0.11531629748928214,0.23833500724036025,0.5330313462360978,188
ETTm1,174,2.4574769796428706,0.511136906392697,0.8769207376462566,0.17060312140170317,0.11222593562435075,0.20603403658124894,0.511136906392697,88
ETTm1,175,2.243740449455908,0.5274644997331204,0.8686625726704991,0.14513879997001136,0.13295015791902567,0.1944465423778427,0.5274644997331204,217
ETTm1,176,2.241060777955679,0.49989885613924495,0.8872718092311461,0.13064454466695616,0.15032123853401128,0.2191353606597876,0.49989885613924495,218
ETTm1,177,2.548329998110199,0.46682346720881335,0.9091609563356859,0.16670569357016277,0.12979317588140105,0.2366776633396229,0.46682346720881335,40
ETTm1,178,2.353378551886027,0.5233085794820155,0.873606609339074,0.1848289709994968,0.13073238323949737,0.16113006627899018,0.5233085794820155,176
ETTm1,179,2.090811289873155,0.5520886230433689,0.8440318867145583,0.14756399885488466,0.11221417307256626,0.18813320502918024,0.5520886230433689,248
ETTm1,180,2.7366986030133416,0.49531385628279334,0.8829552485343583,0.1115165079583493,0.15674981455148707,0.23641982120737032,0.49531385628279334,3
ETTm1,181,2.4154321924832667,0.523141055836368,0.8639990391499548,0.10899929738900757,0.15181522283048351,0.2160444239441408,0.523141055836368,130
ETTm1,182,2.4426865486842555,0.5388219117023865,0.8498892891896812,0.12599508455776562,0.11831072000339064,0.21687228373645728,0.5388219117023865,103
ETTm1,183,2.28783744705049,0.557282363031019,0.843713477640615,0.14219841598092875,0.12849958036792025,0.17201964062013195,0.557282363031019,200
ETTm1,184,2.47506998219153,0.5573139300187108,0.8417869776544274,0.11412452857636445,0.16435147427093263,0.16421006713399217,0.5573139300187108,80
ETTm1,185,2.3816079216510238,0.49954443279606514,0.880675953270302,0.15411816012962443,0.11300837684160135,0.2333290302327091,0.49954443279606514,154
ETTm1,186,2.8253121460778328,0.5173928610778282,0.8765747294036413,0.15827471803732449,0.12738500954892962,0.19694741133591767,0.5173928610778282,1
ETTm1,187,2.423580901322765,0.5403501470325114,0.8524429961741772,0.14684204124688752,0.11175148414555174,0.20105632757504938,0.5403501470325114,121
ETTm1,188,2.677499818728201,0.5220601372665393,0.8669123868435243,0.13775776244499088,0.12300543856308169,0.21717666172538816,0.5220601372665393,8
ETTm1,189,2.444535468568577,0.5667151134099018,0.8347144823273623,0.14822528589500564,0.12190047016533717,0.16315913052975559,0.5667151134099018,101
ETTm1,190,2.4227143182085764,0.5295156846233693,0.8614894206908313,0.11835717354667478,0.14214018951672708,0.20998695231322884,0.5295156846233693,122
ETTm1,191,2.5754339861669795,0.5155958258741208,0.8696324669106648,0.1258355951293578,0.13109840694378833,0.22747017205273298,0.5155958258741208,27
ETTm1,192,2.342508613433955,0.5585277141806736,0.822471356520464,0.0812581714654829,0.14579694274604163,0.21441717160780205,0.5585277141806736,182
ETTm1,193,2.4470743648524644,0.5169864926587875,0.8716363908829693,0.1209362839376283,0.14551879515990143,0.21655842824368274,0.5169864926587875,95
ETTm1,194,2.4335118194150045,0.5178285579724671,0.8815296754672334,0.15872602069935782,0.15675660754012277,0.1666888137880523,0.5178285579724671,114
ETTm1,195,2.543159663038935,0.4881264193273218,0.9005802024740582,0.14011816089240645,0.16427698730723922,0.20747843247303246,0.4881264193273218,44
ETTm1,196,2.60326063303087,0.5753525535822251,0.8226645317305589,0.12319530713577949,0.1207834854410494,0.18066865384094585,0.5753525535822251,20
ETTm1,197,2.4482238761232296,0.5348693735295276,0.8613688095523732,0.12215381959276014,0.1523064781992982,0.19067032867841413,0.5348693735295276,93
ETTm1,198,2.4810653423841886,0.5271043664135289,0.8636053967565286,0.11438427744172996,0.15063026555696216,0.20788109058777898,0.5271043664135289,76
ETTm1,199,2.584883777145434,0.4752487276680059,0.907990144684762,0.14512302424507104,0.15686487180246636,0.22276337628445667,0.4752487276680059,24
ETTm1,200,2.5264374044511904,0.49047716195852986,0.8950891068901822,0.13832889946452032,0.14882160209613096,0.2223723364808189,0.49047716195852986,52
ETTm1,201,2.090144476893292,0.49024195033137424,0.8957497573791583,0.14190655785507542,0.14657339119782295,0.22127810061572742,0.49024195033137424,249
ETTm1,202,2.1500877645570107,0.5692462982645595,0.8254090643943306,0.12821304449287874,0.11029427371947051,0.1922463835230911,0.5692462982645595,242
ETTm1,203,2.4564073985643686,0.5032652051283084,0.8811187628383905,0.15473804256190568,0.11781814898547842,0.2241786033243075,0.5032652051283084,90
ETTm1,204,2.2220820920203828,0.49459605473555807,0.8958263099649396,0.19472607791310276,0.13221745687545666,0.17846041047588243,0.49459605473555807,222
ETTm1,205,2.6057660117586297,0.5061030094861985,0.8772910569017642,0.14463208047675893,0.1196215617162238,0.2296433483208189,0.5061030094861985,18
ETTm1,206,2.082802842270686,0.49240788789594175,0.8973965189349347,0.1358296237253208,0.16920158555233725,0.20256090282640032,0.49240788789594175,250
ETTm1,207,2.623045681215319,0.5773195038131891,0.8173118932988439,0.11855568861266355,0.11379574494714294,0.19032906262700436,0.5773195038131891,15
ETTm1,208,2.483175213068309,0.5409295587206945,0.8564873700868348,0.11675344941168314,0.16868637360779498,0.17363061825982753,0.5409295587206945,75
ETTm1,209,2.1234001196438825,0.5161727026248937,0.87003540975239,0.1419312506999764,0.11864978905857554,0.22324625761655445,0.5161727026248937,245
ETTm1,210,2.2928464078719912,0.5141989640499633,0.8776482899069222,0.1387447326234998,0.13826716648731327,0.20878913683922354,0.5141989640499633,196
ETTm1,211,2.459019102855424,0.4748684168338985,0.911086337839214,0.16376722320719012,0.15006112587241893,0.21130323408649243,0.4748684168338985,87
ETTm1,212,2.3818727775337405,0.5011269825275501,0.8930696974370363,0.163360446837941,0.1449272727336086,0.19058529790090029,0.5011269825275501,153
ETTm1,213,2.7761314896797744,0.5264137171707406,0.8694400651855986,0.15532020133848806,0.12657570812882374,0.19169037336194775,0.5264137171707406,2
ETTm1,214,2.3749485810873576,0.5523331490329584,0.8486807282412414,0.13435530360859813,0.13978766905899512,0.17352387829944851,0.5523331490329584,159
ETTm1,215,2.2845103066141803,0.4663792374407619,0.9178276347386166,0.15724039364215914,0.1647995051590189,0.2115808637580602,0.4663792374407619,202
ETTm1,216,2.524654983331475,0.5127097368767992,0.8746875950741075,0.1500667898837489,0.1188986313542098,0.21832484188524195,0.5127097368767992,53
ETTm1,217,2.5800532295500025,0.5044931320665443,0.8895342237949032,0.13839406773128937,0.16543197369157864,0.1916808265105877,0.5044931320665443,25
ETTm1,218,2.5682199959381213,0.49910253485657535,0.8870838217955617,0.14460592742723474,0.1333673790062943,0.2229241587098956,0.49910253485657535,31
ETTm1,219,2.4627620987043093,0.5194104486692798,0.8689770678481913,0.13948936621614716,0.12260482801636385,0.21849535709820914,0.5194104486692798,86
ETTm1,220,2.3079896444109194,0.49710369822068906,0.8914554303734583,0.1555757767560582,0.13399508127038331,0.21332544375286946,0.49710369822068906,189
ETTm1,221,2.424946711874532,0.540928124689089,0.8539118956068243,0.1499715576519998,0.11484443934508473,0.19425587831382637,0.540928124689089,119
ETTm1,222,2.7269643873824294,0.5199181177014195,0.8734550159031763,0.14481416792979557,0.13159547621935208,0.2036722381494328,0.5199181177014195,4
ETTm1,223,2.3009165557075586,0.5358408933168378,0.8612671204105339,0.14258120750582948,0.13030955544427397,0.19126834373305873,0.5358408933168378,191
ETTm1,224,2.2065278736941445,0.5189042392830379,0.8740479640204808,0.1328418518714051,0.1429187454791734,0.2053351633663837,0.5189042392830379,226
ETTm1,225,2.2855054178460392,0.45624300741354995,0.9254370234237914,0.16219007677267167,0.17017358763041598,0.21139332818336246,0.45624300741354995,201
ETTm1,226,2.3901926304778804,0.5442307683318126,0.8521292222420692,0.12282529422730885,0.13975452699744742,0.19318941044343105,0.5442307683318126,148
ETTm1,227,2.3602611040109625,0.5131717460966455,0.8814335118001233,0.14414529068170714,0.1447000807070488,0.19798288251459864,0.5131717460966455,170
ETTm1,228,2.5898746766450653,0.5354981789898451,0.8485885733191639,0.10835672015584367,0.1295128246042416,0.22663227625006951,0.5354981789898451,23
ETTm1,229,2.4505427033741447,0.5255244424233242,0.8603031700200958,0.11984646745309856,0.12928321633466353,0.22534587378891363,0.5255244424233242,92
ETTm1,230,2.4222852173240277,0.5171116980793886,0.8638341830019968,0.12097798393852961,0.12480240420347213,0.2371079137786096,0.5171116980793886,123
ETTm1,231,2.539640167080508,0.5066976644997085,0.8871332162535758,0.15543204823195939,0.1405132447414685,0.19735704252686365,0.5066976644997085,46
ETTm1,232,2.5378200784229383,0.4828876750082816,0.9044217299940991,0.20133874218878747,0.13506017892957783,0.1807134038733531,0.4828876750082816,47
ETTm1,233,2.297691948625444,0.5260353134096358,0.8679691600879796,0.11643578982140423,0.16845087559199706,0.18907802117696287,0.5260353134096358,194
ETTm1,234,2.3682209042795392,0.522311648852217,0.8757959181759851,0.15418878497413177,0.1408260868999775,0.18267347927367383,0.522311648852217,166
ETTm1,235,2.6207689100795504,0.5011980812160743,0.8865823977150786,0.1391650179937683,0.14052793421906157,0.21910896657109574,0.5011980812160743,16
ETTm1,236,2.5421997927590483,0.5396582720498287,0.8572042961509933,0.1265203000081002,0.14198785642574172,0.19183357151632932,0.5396582720498287,45
ETTm1,237,2.560436571510598,0.507579630764235,0.8881229054736602,0.14044158294597336,0.17041817717224234,0.18156060911754918,0.507579630764235,38
ETTm1,238,2.377412467932416,0.4977450288925563,0.8887833124279235,0.1369026880131444,0.14345293540599793,0.22189934768830152,0.4977450288925563,158
ETTm1,239,2.074099680145032,0.49706078717723073,0.8961433730194215,0.15296097672488665,0.1546613365637775,0.19531689953410505,0.49706078717723073,253
ETTm1,240,2.4006400060149478,0.5127026349915856,0.8781084690280067,0.1301144279908077,0.14635901195791953,0.21082392505968708,0.5127026349915856,143
ETTm1,241,2.4381979210815343,0.5307022609993269,0.8677810953211779,0.146454967463889,0.13819243034131484,0.18465034119546936,0.5307022609993269,109
ETTm1,242,2.501922347220471,0.48296688628534024,0.9045048636695961,0.16132795708716322,0.14489778512766244,0.2108073714998341,0.48296688628534024,62
ETTm1,243,2.51466904779737,0.48831365822968553,0.8982539580954311,0.13199437950023435,0.16625210769566512,0.21343985457441486,0.48831365822968553,57
ETTm1,244,2.4236778824759737,0.5162104180262483,0.8674858623413146,0.2048985957288595,0.09720269469470877,0.18168829155018326,0.5162104180262483,120
ETTm1,245,2.444076194902988,0.5136898978161779,0.8749741707512869,0.14616383281790624,0.12358460466748715,0.2165616646984287,0.5136898978161779,102
ETTm1,246,2.339086345791338,0.5315129189920513,0.8566948992007841,0.1351514179300952,0.11538058707024729,0.21795507600760616,0.5315129189920513,185
ETTm1,247,2.652301020212838,0.5148031282224755,0.8753460592700728,0.12280815908499873,0.15146855346957533,0.21092015922295046,0.5148031282224755,10
ETTm1,248,2.5610480002267124,0.5141649383802311,0.8786224625251139,0.13775641519473772,0.14269629403360234,0.20538235239142877,0.5141649383802311,36
ETTm1,249,2.6864475721535843,0.49053874403540565,0.9003446567065311,0.15534213219254964,0.15190423693112903,0.20221488684091576,0.49053874403540565,7
ETTm1,250,2.4672747473356935,0.5279784718331872,0.8701211368331924,0.14473516000410153,0.141021382677554,0.1862649854851572,0.5279784718331872,83
ETTm1,251,2.419918098232178,0.5512231688441561,0.8439956433478404,0.10559791004524141,0.16151699841259876,0.1816619226980036,0.5512231688441561,127
ETTm1,252,2.341159354660827,0.5406028188167787,0.8605388380983229,0.1702029817348769,0.13945622606330504,0.1497379733850392,0.5406028188167787,183
ETTm1,253,2.4451700178980458,0.47170200172252025,0.9098369429875951,0.1412034535087331,0.16173772190280233,0.22535682286594422,0.47170200172252025,100
ETTm1,254,2.429089399851205,0.5279045640630413,0.8677215907291035,0.11918745513150093,0.17396073253425168,0.17894724827120617,0.5279045640630413,117
ETTm1,255,2.623823511826176,0.5418847417529293,0.8537736505794211,0.13101980684587128,0.12989746066606098,0.19719799073513838,0.5418847417529293,14
Weather,0,1.95253438769511,0.5791682832493337,0.816100883666058,0.10825929313466301,0.12626250256466698,0.1863099210513363,0.5791682832493337,231
Weather,1,2.398053504582209,0.5530867722399865,0.8253541126664156,0.09668905172992247,0.11726569154990936,0.2329584844801818,0.5530867722399865,32
Weather,2,2.277404810466172,0.5624295732803173,0.8343313794480803,0.14731314191304704,0.10837032461714079,0.18188696018949477,0.5624295732803173,86
Weather,3,2.467656033185789,0.5136857888220775,0.880753756481763,0.13457179457424248,0.15518451745722991,0.1965578991464502,0.5136857888220775,16
Weather,4,2.129159116380699,0.5488866671350775,0.8391795683679449,0.11964045097957944,0.11511665259169403,0.21635622929364906,0.5488866671350775,172
Weather,5,2.335413096338056,0.5663681115904748,0.8227599944023594,0.0961309852471085,0.1343335612612464,0.20316734190117014,0.5663681115904748,54
Weather,6,2.1570215499714194,0.536636941078866,0.8621215599680484,0.14150238305762536,0.13712061701495645,0.18474005884855227,0.536636941078866,150
Weather,7,2.002574057027647,0.5702880987093655,0.8310439162263374,0.13140656380864071,0.1298495208289215,0.16845581665307238,0.5702880987093655,223
Weather,8,1.8754700239996898,0.4944431011061465,0.8934392232696684,0.1502817858833382,0.1391224745104614,0.21615263850005387,0.4944431011061465,245
Weather,9,2.290461457447166,0.525860095064867,0.8697935685271624,0.12369590200444712,0.16150160529059174,0.1889423976400942,0.525860095064867,77
Weather,10,2.1828215176405337,0.4867352085343469,0.8971244721616326,0.15852262027815295,0.13094501233035305,0.22379715885714713,0.4867352085343469,138
Weather,11,1.747359520444099,0.5463884158272924,0.8475697747837028,0.1102370552707074,0.14753296485828624,0.195841564043714,0.5463884158272924,252
Weather,12,2.298525951260868,0.5210816358148025,0.8689543375914134,0.12822408373207073,0.13587223708426832,0.2148220433688586,0.5210816358148025,71
Weather,13,2.3929408482532732,0.495620700462078,0.8900011849695841,0.13561906578553123,0.14487092022657214,0.22388931352581848,0.495620700462078,34
Weather,14,2.3179249207767754,0.514984575228971,0.8810891127011092,0.14889240495726686,0.14446200267034212,0.19166101714342007,0.514984575228971,61
Weather,15,1.7938593324884522,0.5252976728888372,0.8634439156387635,0.12482783484157202,0.13152945576015343,0.2183450365094373,0.5252976728888372,250
Weather,16,2.092896768172254,0.5587278605623575,0.8436206046111021,0.13006391564906003,0.1564348431946442,0.15477338059393836,0.5587278605623575,192
Weather,17,1.8209936711958612,0.4975678652939937,0.8928662995414036,0.15663084369071997,0.13871187080945968,0.2070894202058266,0.4975678652939937,249
Weather,18,2.413530294064465,0.5357035412664528,0.8526595220835037,0.12383622261184844,0.12205066346772862,0.21840957265397012,0.5357035412664528,26
Weather,19,2.207513178819565,0.53664793954358,0.8529723492362228,0.13235355587588488,0.11671171131918301,0.21428679326135217,0.53664793954358,123
Weather,20,2.107325233355338,0.5514218229886722,0.8437449391523383,0.11929806671186077,0.13273947299437927,0.19654063730508775,0.5514218229886722,186
Weather,21,2.4113908513058426,0.4841601938931585,0.8945868692577207,0.1432979167831119,0.13291507191543345,0.23962681740829622,0.4841601938931585,28
Weather,22,2.205689504658447,0.5246217659542949,0.8732561935239457,0.14524243076736218,0.14374780747850655,0.18638799579983628,0.5246217659542949,125
Weather,23,2.136768453072423,0.5261424719962204,0.8719029721998989,0.13097105950103852,0.1676882471165362,0.17519822138620467,0.5261424719962204,165
Weather,24,2.4972292111494174,0.48990805198078424,0.9010880848849595,0.16309994788502052,0.14736718255478323,0.19962481757941195,0.48990805198078424,13
Weather,25,2.045108549124955,0.5122646366378463,0.8827890911806794,0.14531983758405792,0.1468666550505424,0.19554887072755342,0.5122646366378463,210
Weather,26,2.207708724872303,0.5180528267725767,0.8722632503131161,0.12044040028401194,0.1512908083395077,0.21021596460390374,0.5180528267725767,122
Weather,27,2.117993629889017,0.5027230191137741,0.8846663242150492,0.12913345146056832,0.14904998470862585,0.21909354471703169,0.5027230191137741,178
Weather,28,2.3175644158214266,0.5602302249000419,0.8403375700744974,0.12524646986351046,0.14111153825216388,0.17341176698428373,0.5602302249000419,63
Weather,29,2.5248262876177803,0.49979219014524434,0.894403761255292,0.1885133975929094,0.14552977522228694,0.16616463703955936,0.49979219014524434,9
Weather,30,2.2802475808003324,0.5340653040276244,0.8645723016697412,0.13624131036381185,0.14515158254680963,0.1845418030617542,0.5340653040276244,84
Weather,31,2.35700354572774,0.5410669886314012,0.848985577659848,0.12335503304008738,0.12218437297531023,0.2133936053532012,0.5410669886314012,46
Weather,32,2.298008489668616,0.5384072436150109,0.8590877939623031,0.13569394395567122,0.1353041055375225,0.19059470689179542,0.5384072436150109,72
Weather,33,2.320423654770014,0.5173557349452123,0.8779544219334294,0.1541003423571735,0.13439467231288602,0.19414925038472827,0.5173557349452123,60
Weather,34,2.316897227830041,0.5119728014107495,0.8847586170077257,0.15402480480519112,0.148165190867286,0.18583720291677328,0.5119728014107495,64
Weather,35,2.2463333602537214,0.500504943382815,0.893734085614107,0.14460889961984016,0.1662311204222865,0.18865503657505828,0.500504943382815,102
Weather,36,2.2923266857897033,0.5353056828495926,0.8643667099700878,0.1651058806131228,0.1308389917768049,0.16874944476047973,0.5353056828495926,76
Weather,37,2.1150471565707107,0.5223963604482819,0.8694644976751661,0.12388569338008525,0.14609817259080513,0.2076197735808277,0.5223963604482819,183
Weather,38,2.1578999010003383,0.5215360382745978,0.8711515288718041,0.13398920431326444,0.13752609702657315,0.2069486603855646,0.5215360382745978,148
Weather,39,1.8840508284590447,0.5660015331287939,0.8336312361105812,0.11412680695013382,0.15089389753451354,0.16897776238655882,0.5660015331287939,244
Weather,40,2.145931941199906,0.5857544035145428,0.8125872425867421,0.13452881755512464,0.10890442325236879,0.17081235567796382,0.5857544035145428,156
Weather,41,2.0493512466321966,0.5482759890775138,0.8489908446166128,0.1466268934342438,0.11837873977069265,0.18671837771754968,0.5482759890775138,208
Weather,42,2.034542344942727,0.51966962664817,0.8641875482090937,0.122061021832591,0.1277533541934969,0.2305159973257422,0.51966962664817,214
Weather,43,2.5338664446175683,0.5653387647757241,0.835761241755419,0.12052583760936669,0.14989755663052387,0.16423784098438524,0.5653387647757241,8
Weather,44,2.317666402813634,0.5336846846859492,0.8545840996984967,0.1210853448886382,0.12639659032175854,0.21883338010365416,0.5336846846859492,62
Weather,45,2.0113678705884706,0.5409705290323668,0.8544622710470763,0.11797276594284509,0.14701068172688186,0.19404602329790638,0.5409705290323668,220
Weather,46,2.4615526355405706,0.4931359630960215,0.8776632847494135,0.12127648516458467,0.12755674642555034,0.25803080531384337,0.4931359630960215,17
Weather,47,2.0004437428819664,0.5837351615566417,0.8157783263003083,0.12128170004086064,0.1239486960987037,0.17103444230379397,0.5837351615566417,224
Weather,48,2.2564589911389126,0.5285494909373508,0.8647435456440412,0.1255065168075184,0.14165309253340186,0.204290899721729,0.5285494909373508,98
Weather,49,1.970284565933187,0.51548221164889,0.8795238338279779,0.1714157550890904,0.1280050626188422,0.1850969706431776,0.51548221164889,230
Weather,50,2.296411478993509,0.530567529114625,0.86600846945745,0.14303252793653648,0.13311127442111773,0.19328866852772073,0.530567529114625,74
Weather,51,2.065600689339587,0.515099569380088,0.8778913428462098,0.13230999268948473,0.1489323978310157,0.2036580400994116,0.515099569380088,203
Weather,52,1.9482278356960498,0.5004476619617783,0.8899440719386023,0.140320875313985,0.14955643501091556,0.20967502771332136,0.5004476619617783,232
Weather,53,2.134627582518703,0.523697271746628,0.8721427573962406,0.12952486369047161,0.15447845683756398,0.19229940772533646,0.523697271746628,168
Weather,54,2.2285733968237915,0.5325125585705783,0.8597127564292829,0.1397659684105673,0.12063448288904362,0.20708699012981086,0.5325125585705783,112
Weather,55,1.6543790978472779,0.5165805206680945,0.8685779011000582,0.13595275804550816,0.12055164855176667,0.2269150727346308,0.5165805206680945,256
Weather,56,2.2206829942617174,0.5394346765308192,0.8548987767465488,0.11762938638034372,0.14441128609178966,0.19852465099704728,0.5394346765308192,116
Weather,57,2.187295999109301,0.5191093336567507,0.8755649791130898,0.14867049278439512,0.13386893803461633,0.1983512355242378,0.5191093336567507,136
Weather,58,1.6977537401949467,0.49383822396884797,0.8963595612723563,0.15811846476145466,0.14173935965195755,0.20630395161773996,0.49383822396884797,253
Weather,59,2.356056903855495,0.5300666158839348,0.8662734289498815,0.1464306862997703,0.1301912506655922,0.1933114471507026,0.5300666158839348,47
Weather,60,2.006319585178529,0.5081630993581371,0.8827698233267932,0.11943223575449198,0.18581276040841954,0.18659190447895135,0.5081630993581371,222
Weather,61,2.2293380190556507,0.5106173601147904,0.8668361445147594,0.10287428776890857,0.1477872728059603,0.23872107931034078,0.5106173601147904,111
Weather,62,2.2639559591334253,0.5848020024366061,0.8066820609082138,0.09564724359755926,0.12895869784797523,0.19059205611785954,0.5848020024366061,92
Weather,63,1.6640469134493434,0.5225039220680328,0.8720087092614593,0.1591905711170813,0.12393872022498159,0.19436678658990436,0.5225039220680328,255
Weather,64,2.256795432341743,0.5022128009470499,0.8897455751412969,0.1680366530507035,0.13213906612653845,0.1976114798757082,0.5022128009470499,97
Weather,65,2.352153050059936,0.5272645260008126,0.8660722106223072,0.14707127706690493,0.12298643180141786,0.20267776513086447,0.5272645260008126,49
Weather,66,2.500530282308114,0.49314689925652316,0.8978820591194561,0.18161720681295226,0.13576165655397937,0.18947423737654517,0.49314689925652316,11
Weather,67,2.4974846458179583,0.5359335297486004,0.8622430101469714,0.13274935087274156,0.14464094640705524,0.18667617297160277,0.5359335297486004,12
Weather,68,2.2597775728679963,0.4759342725239116,0.9002502650530547,0.11560697829359975,0.17704951824609488,0.23140923093639362,0.4759342725239116,95
Weather,69,2.3898148250444,0.5898714267887923,0.8095766992465794,0.14942384122059457,0.10676441734438015,0.15394031464623298,0.5898714267887923,36
Weather,70,1.9334900254494491,0.48079846053796044,0.904204743063771,0.14249347400842538,0.15734204096828405,0.21936602448533019,0.48079846053796044,233
Weather,71,2.1658415151217874,0.5284327064003181,0.8720677880580175,0.15608762309850766,0.1476125700603846,0.16786710044078954,0.5284327064003181,145
Weather,72,2.5825600791728753,0.5359535111831678,0.8584514351428001,0.11756167699334552,0.1493809493530731,0.19710386247041348,0.5359535111831678,3
Weather,73,2.177038264636324,0.5127608411915561,0.8685000244061782,0.1292581238291596,0.12144554879805552,0.23653548618122872,0.5127608411915561,141
Weather,74,2.1794601571287635,0.5814295936208901,0.8051273432846339,0.10094679422314484,0.11027881212855713,0.20734480002740793,0.5814295936208901,140
Weather,75,2.324919687866104,0.5238216760396914,0.8614220264948816,0.12150067311809498,0.12765509579802067,0.22702255504419303,0.5238216760396914,57
Weather,76,2.245400375292342,0.5280451939646049,0.861629923546427,0.12454690754147313,0.1316828133903619,0.21572508510356003,0.5280451939646049,104
Weather,77,2.3477380756325195,0.5430376945097437,0.8573757586939098,0.1391562131050627,0.14100212876675644,0.1768039636184371,0.5430376945097437,51
Weather,78,2.3798375190747665,0.5343243605554825,0.8611638872400972,0.1401282359984189,0.12810954009786332,0.1974378633482354,0.5343243605554825,39
Weather,79,2.288783164200736,0.5628156664855689,0.8380109461813208,0.1212282632019716,0.1481388910092992,0.1678171793031604,0.5628156664855689,78
Weather,80,2.5916213407602045,0.5381980442907038,0.859765848161525,0.12470090165086738,0.15340586593939468,0.18369518811903404,0.5381980442907038,2
Weather,81,1.9907357206583107,0.5247471444378371,0.8695169553512533,0.1636802142757734,0.11955582547048167,0.19201681581590774,0.5247471444378371,226
Weather,82,1.8958419063714307,0.5238652483582075,0.8679858320168649,0.11763163847150783,0.1545487875514608,0.20395432561882404,0.5238652483582075,240
Weather,83,2.3538331332687403,0.5525572247052499,0.8340450039229628,0.108064888116143,0.1213282513683335,0.2180496358102736,0.5525572247052499,48
Weather,84,2.1706589157222003,0.5002799761877642,0.8844603241058723,0.13776033528389484,0.13432859775193626,0.22763109077640464,0.5002799761877642,144
Weather,85,2.4504153249952427,0.5008232392104344,0.8897710729594979,0.17410694587517503,0.12707978215644478,0.19799003275794588,0.5008232392104344,20
Weather,86,2.476838701276103,0.5012795166422128,0.8904598318976982,0.1355789318660147,0.1615447908921524,0.20159676059962015,0.5012795166422128,15
Weather,87,2.4166637899522385,0.6035870163528438,0.7943648884163094,0.10481865109655053,0.131503395584881,0.16009093696572457,0.6035870163528438,24
Weather,88,2.1283185540724965,0.5465923370490465,0.8454612280668411,0.10905015070554411,0.14131407796710643,0.2030434342783029,0.5465923370490465,173
Weather,89,2.2414334158709712,0.48894836464796654,0.8959637251012388,0.14142376318413136,0.14538202409233833,0.2242458480755638,0.48894836464796654,107
Weather,90,2.115720739069327,0.500376521367972,0.8830294690231478,0.14285978731662105,0.12650272780622254,0.23026096350918449,0.500376521367972,180
Weather,91,1.8231572338843849,0.5170702636018304,0.84918942334279,0.08287778027583834,0.1473711082892384,0.2526808478330929,0.5170702636018304,248
Weather,92,2.513083768719456,0.5090497604942918,0.8737227776597047,0.1307766007773561,0.1268686278477217,0.23330501088063035,0.5090497604942918,10
Weather,93,2.1320281553741207,0.5319163147492052,0.8511848076884665,0.17114864334592614,0.08926600155323323,0.2076690403516355,0.5319163147492052,171
Weather,94,2.280358158481587,0.5521748332365454,0.8393771588817227,0.12925441642121613,0.11242582551122679,0.2061449248310117,0.5521748332365454,83
Weather,95,2.057317333325616,0.5149305140410921,0.8774215463288976,0.1293013558607232,0.15065494255240977,0.20511318754577493,0.5149305140410921,205
Weather,96,2.1907529863482296,0.5487893155259659,0.8504677691887249,0.1511922903565957,0.12247510406952156,0.17754329004791689,0.5487893155259659,133
Weather,97,2.242078546285539,0.4931037944292571,0.8907746278653639,0.11361605221931177,0.1867645065797741,0.20651564677165696,0.4931037944292571,105
Weather,98,2.326319358093399,0.47426628142729954,0.9107711355809938,0.17562635937209792,0.14065875404170938,0.20944860515889308,0.47426628142729954,56
Weather,99,1.6673868602943622,0.5280128894795029,0.8626055864715674,0.11373131645430022,0.15017334780920702,0.20808244625698985,0.5280128894795029,254
Weather,100,2.255137919961986,0.4878997745171862,0.8988909805059713,0.14042665069875823,0.15493258686008599,0.21674098792396956,0.4878997745171862,100
Weather,101,2.395646174902251,0.5525286934911875,0.8474920695089957,0.12915292052911806,0.14013050079478095,0.17818788518491357,0.5525286934911875,33
Weather,102,2.2398345652960243,0.5180626299918513,0.8753227187642998,0.14606921306386458,0.13259171334091505,0.20327644360336913,0.5180626299918513,108
Weather,103,2.5340915792048455,0.5054125515110884,0.887724793496228,0.1437979953594294,0.14984667750243516,0.20094277562704707,0.5054125515110884,7
Weather,104,2.2553638810557235,0.5696896759920337,0.826805298169216,0.13477523028283814,0.11039699920378426,0.185138094521344,0.5696896759920337,99
Weather,105,2.082263332720739,0.5263740023391151,0.8684204800998515,0.12795808724383056,0.14727753627693643,0.1983903741401178,0.5263740023391151,195
Weather,106,2.0408919989364334,0.4673864381672235,0.9137207718966461,0.14464188618678367,0.16374410124483801,0.22422757440115498,0.4673864381672235,212
Weather,107,2.1417367815525177,0.5313905389242805,0.8660993059106926,0.14779688620561393,0.13220432851191785,0.18860824635818776,0.5313905389242805,160
Weather,108,2.421464865973126,0.551773826576245,0.845678770486686,0.12869091395886564,0.1298550979472917,0.18968016151759773,0.551773826576245,22
Weather,109,2.084561707151847,0.50675960068776,0.8880662335321499,0.1390361251465364,0.1652654220062141,0.18893885215948933,0.50675960068776,194
Weather,110,1.7592249314494741,0.5566920529482081,0.8331348392158688,0.12001807778848106,0.1132581506113043,0.21003171865200648,0.5566920529482081,251
Weather,111,2.2168617660309504,0.5373517774604885,0.860419881487349,0.14168042293341593,0.13207704819489566,0.18889075141119993,0.5373517774604885,120
Weather,112,2.4120376644957697,0.4744691950796783,0.9053689662996776,0.12595994711078365,0.17488005664342787,0.22469080116611023,0.4744691950796783,27
Weather,113,2.3701371080349434,0.4645591486057425,0.9113847891671667,0.12946647138563996,0.1719682504531767,0.23400612955544084,0.4645591486057425,42
Weather,114,2.0746461228910817,0.5361027973199747,0.8621310795555028,0.13965535158053627,0.1370042442277185,0.18723760687177063,0.5361027973199747,199
Weather,115,2.32453471738835,0.5388343084065653,0.8617560031808017,0.13573792270262425,0.1535965510372567,0.17183121785355382,0.5388343084065653,58
Weather,116,2.1282116030207696,0.5608052532656188,0.8363581123041542,0.1413017186749818,0.11319322569099571,0.18469980236840358,0.5608052532656188,174
Weather,117,2.1345465533316377,0.5465209653027985,0.847066624126959,0.12071962698796336,0.1301590820144067,0.20260032569483136,0.5465209653027985,169
Weather,118,2.4150098831642413,0.510679469978155,0.8777795756012355,0.14536338069758248,0.12652804062282166,0.21742910870144078,0.510679469978155,25
Weather,119,2.2661721302621243,0.5669526220054016,0.8234692822883573,0.10936416183186154,0.1186540038741147,0.20502921228862206,0.5669526220054016,90
Weather,120,1.989628360003922,0.5416175059680997,0.8598634006350003,0.1490127633470059,0.14124323101600578,0.16812649966888857,0.5416175059680997,227
Weather,121,2.347862514056703,0.5155185561842925,0.8786720357294977,0.12830015287280855,0.16174670468043312,0.19443458626246565,0.5155185561842925,50
Weather,122,2.067256399547097,0.5288884805372602,0.8676812202494976,0.13782637750300905,0.13967786504267268,0.19360727691705812,0.5288884805372602,202
Weather,123,2.1445932170012165,0.5559108269024143,0.8454573866035887,0.12811283831518033,0.14784785999363,0.1681284747887753,0.5559108269024143,159
Weather,124,2.1113023376424875,0.5690518383286235,0.8243324723172415,0.11406255690582286,0.11983421513517377,0.19705138963037996,0.5690518383286235,184
Weather,125,2.0196819270592745,0.4903397338389204,0.8935100363783031,0.14769355585381203,0.13466898090278126,0.22729772940448634,0.4903397338389204,218
Weather,126,2.019834117219475,0.5291135364715664,0.8605655227975907,0.14991853317805068,0.11095735306562883,0.210010577284754,0.5291135364715664,217
Weather,127,2.3375084754413664,0.5477798489138926,0.8482747235683562,0.119761432588062,0.13905020963309514,0.19340850886495023,0.5477798489138926,53
Weather,128,2.1531211250092746,0.5274169807060257,0.8680546275025849,0.1223454199964349,0.1901693057114517,0.16006829358608782,0.5274169807060257,152
Weather,129,2.28152537065208,0.5288990546495044,0.8583915181560119,0.14300859436652202,0.11006928286610408,0.2180230681178695,0.5288990546495044,82
Weather,130,2.1276840510350916,0.5021837249531931,0.8744083195165512,0.12640243252743127,0.12464712336046237,0.24676671915891324,0.5021837249531931,175
Weather,131,2.575791115521361,0.5075442040085894,0.8883229968401527,0.15343250588526633,0.1509201123446878,0.1881031777614564,0.5075442040085894,4
Weather,132,2.305752694078855,0.5499890302297658,0.835375544680852,0.09515543616461614,0.13947733625301023,0.21537819735260785,0.5499890302297658,68
Weather,133,2.120211827373485,0.5607840362933922,0.839757838632311,0.11889640725564687,0.1561780505064733,0.1641415059444876,0.5607840362933922,177
Weather,134,2.5481341788863188,0.5134505752306932,0.8730628724630698,0.1347103162338585,0.12769624475066366,0.22414286378478465,0.5134505752306932,6
Weather,135,2.3141788806628485,0.5147828077908222,0.8784814101073084,0.12298392665784447,0.17033933770419718,0.19189392784713602,0.5147828077908222,65
Weather,136,1.8925199965600275,0.5317532252475168,0.8509887583415074,0.12251267184713752,0.11437800332179132,0.23135609958355444,0.5317532252475168,242
Weather,137,2.362286307656445,0.5085595197448767,0.8807819429608872,0.15207022141396315,0.1262542185830636,0.21311604025809663,0.5085595197448767,45
Weather,138,2.345232019940544,0.4785627064480234,0.9093032338096061,0.1421046223268991,0.1871578366574314,0.19217483456764606,0.4785627064480234,52
Weather,139,2.187716692975437,0.5426457444827828,0.8529622992755665,0.12752227660647145,0.13265504158510763,0.19717693732563826,0.5426457444827828,135
Weather,140,2.391730980014163,0.4686081923721589,0.9142465597534378,0.15335345551928437,0.1580391615323991,0.21999919057615763,0.4686081923721589,35
Weather,141,2.053774431068328,0.5633615722008966,0.8301498384213238,0.10719087807267245,0.13345893389924535,0.19598861582718563,0.5633615722008966,207
Weather,142,2.103388012617476,0.5121568200460521,0.8738550071944025,0.12560774592297586,0.13715280298791208,0.22508263104305992,0.5121568200460521,187
Weather,143,2.225911813367241,0.5125364460667694,0.8731296011880428,0.12560350993090366,0.1357765640292797,0.22608347997304742,0.5125364460667694,114
Weather,144,2.1934784193453867,0.5245926535536104,0.8618084632484087,0.10916524931626352,0.14683828038610494,0.219403816744021,0.5245926535536104,129
Weather,145,2.2110226601609133,0.5072486281594292,0.8746208956261287,0.1185390310134884,0.14034643436727615,0.2338659064598062,0.5072486281594292,121
Weather,146,2.1251740572655704,0.5087873151031432,0.8864883903915016,0.17679556481874628,0.13574370999079072,0.17867341008731993,0.5087873151031432,176
Weather,147,2.0114873071061634,0.5325090709130617,0.8590610196408657,0.15586561563385057,0.10993289028290341,0.2016924231701843,0.5325090709130617,219
Weather,148,2.054234169047705,0.520153841012104,0.8652843366211136,0.1324197485777609,0.120936251924623,0.22649015848551218,0.520153841012104,206
Weather,149,2.13667303045333,0.5400566266095741,0.8477877698596024,0.13027035233116877,0.11193814119619756,0.21773487986305967,0.5400566266095741,166
Weather,150,2.262122552694513,0.5337507750286857,0.845314827087187,0.12960154471484092,0.1007331595883613,0.2359145206681121,0.5337507750286857,93
Weather,151,2.274353087537299,0.508804716923389,0.8698324853724049,0.10930956617718421,0.14286951755331032,0.23901619934611654,0.508804716923389,88
Weather,152,1.851147861266131,0.5028720098419461,0.8722662601818616,0.11992521806000032,0.12768379913016373,0.2495189729678899,0.5028720098419461,246
Weather,153,2.6711822799786598,0.5214177596216123,0.8660061597014572,0.14857943080368227,0.11265681071703242,0.2173459988576729,0.5214177596216123,1
Weather,154,1.9797381349725294,0.4860168717021503,0.8949451154057116,0.14900468653154753,0.13133507594533214,0.23364336582097006,0.4860168717021503,228
Weather,155,2.1381698471446784,0.5204392020819721,0.846026869151028,0.1125770458463222,0.10445816954455966,0.26252558252714603,0.5204392020819721,164
Weather,156,2.140334648942682,0.4821208682547646,0.9031005075782189,0.1875087571224304,0.12778096297505312,0.2025894116477519,0.4821208682547646,162
Weather,157,2.2832751751866085,0.4620665917971046,0.9190293250422645,0.1677924426235494,0.15011941182272812,0.220021553756618,0.4620665917971046,80
Weather,158,2.1012289010174525,0.5445002158465426,0.85709181742233,0.13938452101817825,0.14799650599381836,0.1681187571414609,0.5445002158465426,189
Weather,159,2.21988005444088,0.5502305342246657,0.8398627961388797,0.11916824451396553,0.11925732613927123,0.21134389512209756,0.5502305342246657,117
Weather,160,2.203463140265434,0.5520208442773014,0.845929274415755,0.12673449675156304,0.13368968626974845,0.18755497270138702,0.5520208442773014,126
Weather,161,2.0702420806792046,0.4972872818212447,0.8905297055913168,0.16535956847055866,0.1261068427681262,0.21124630694007038,0.4972872818212447,201
Weather,162,2.2687164847965793,0.5456790667288718,0.8502502474453428,0.14344353356425021,0.11806653019208714,0.19281086951479073,0.5456790667288718,89
Weather,163,1.8957919607490943,0.5095377876153695,0.8849563939425604,0.1612432038043351,0.1361081629290678,0.1931108456512276,0.5095377876153695,241
Weather,164,2.3834868797122466,0.5187682800519838,0.8754426229865488,0.15132494917944356,0.13080989344940927,0.19909687731916334,0.5187682800519838,38
Weather,165,1.9722636496627461,0.5396893154990933,0.8565353777549012,0.12303851369782477,0.14405612533611528,0.19321604546696666,0.5396893154990933,229
Weather,166,2.0288209413663725,0.5247534470126312,0.8741260781203107,0.14671697303837303,0.148164973125023,0.18036460682397287,0.5247534470126312,216
Weather,167,1.9217462610511094,0.5580118927546577,0.8413094708393158,0.13559274295953977,0.12570368590570413,0.18069167838009834,0.5580118927546577,235
Weather,168,2.40135629995775,0.5696708489383632,0.8294140854596381,0.12148507598497334,0.13035261467544634,0.1784914604012171,0.5696708489383632,31
Weather,169,2.275282026531059,0.5331404377559495,0.8596863160499841,0.11379695816139732,0.1529033722032945,0.2001592318793587,0.5331404377559495,87
Weather,170,2.1832831734677116,0.5367799612300723,0.8548252239607284,0.11969762377070857,0.13441329331768784,0.20910912168153112,0.5367799612300723,137
Weather,171,2.094963071548391,0.5801024914707439,0.8201004874160589,0.11857596867597582,0.13272227955671587,0.16859926029656433,0.5801024914707439,191
Weather,172,2.1918531858079398,0.5177852574336225,0.876119905594496,0.13426767676236,0.14652092871845748,0.20142613708556026,0.5177852574336225,131
Weather,173,1.997779298746014,0.5255206292946458,0.864758452793036,0.10865843582334253,0.16425483824305592,0.20156609663895572,0.5255206292946458,225
Weather,174,2.569284342226717,0.5099673308865809,0.8718312582217982,0.10836741098525197,0.15240021646964014,0.2292650416585271,0.5099673308865809,5
Weather,175,2.4042062953395327,0.5449577074012779,0.8492974683971085,0.1216048912464264,0.1326936659146719,0.20074373543762386,0.5449577074012779,30
Weather,176,2.1912557478569554,0.5187974549877284,0.8770885899076355,0.17463207808799924,0.12779522983092226,0.17877523709335003,0.5187974549877284,132
Weather,177,2.092716758468944,0.47746567288190905,0.9132587324796337,0.1769650932261624,0.1683255299334664,0.1772437039584621,0.47746567288190905,193
Weather,178,2.146615656816742,0.5413566093751097,0.8609938439212088,0.15359947139499494,0.15228897897666782,0.1527549402532276,0.5413566093751097,155
Weather,179,2.1401530101619253,0.5307620711759242,0.8566591121146562,0.11740532818723362,0.1311509201461654,0.22068168049067677,0.5307620711759242,163
Weather,180,2.073776028895227,0.5042067288213372,0.889751440631915,0.16523771278832644,0.1385571833733281,0.19199837501700834,0.5042067288213372,200
Weather,181,2.4206043579064422,0.5582579641131962,0.836408774900092,0.14605558453906303,0.10578590796450524,0.1899005433832356,0.5582579641131962,23
Weather,182,2.2212088780741066,0.5326715638436109,0.8590031139891193,0.13754226571685962,0.1207596219141789,0.20902654852535066,0.5326715638436109,115
Weather,183,2.257173337665322,0.5081628797971757,0.8874145069551933,0.1741416314389508,0.13830689007658842,0.1793885986872851,0.5081628797971757,96
Weather,184,2.2977476510496224,0.5354916673997865,0.8501385544379918,0.11238835472167241,0.12819971014078918,0.22392026773775198,0.5354916673997865,73
Weather,185,2.246899807856993,0.5309621459922813,0.8642938944910765,0.14432772095432492,0.12724882473813873,0.19746130831525516,0.5309621459922813,101
Weather,186,1.9189572215460347,0.5116896266358084,0.8737850102402213,0.1157057532422597,0.1498211440587264,0.22278347606320553,0.5116896266358084,237
Weather,187,2.1647480189315043,0.5778941655512695,0.8219391714604434,0.13456010440715074,0.11693036985198633,0.17061536018959347,0.5778941655512695,146
Weather,188,2.324283552260719,0.4877819978221049,0.893804135801679,0.11893603070185307,0.16879764606981154,0.22448432540623056,0.4877819978221049,59
Weather,189,2.0808107584638265,0.515550991245093,0.8758207332551657,0.14000707145373428,0.1340184910388212,0.21042344626235163,0.515550991245093,196
Weather,190,2.3054131391328028,0.48052170874447875,0.9075043667008948,0.14599754716036537,0.1687517874773466,0.20472895661780932,0.48052170874447875,69
Weather,191,2.1455803101265403,0.5648533908726319,0.8310398821503215,0.14899379457786532,0.10433386505308852,0.18181894949641414,0.5648533908726319,157
Weather,192,2.1349090041614343,0.5442865734888915,0.8557060034821543,0.1310419652460382,0.14722915829553418,0.17744230296953598,0.5442865734888915,167
Weather,193,2.2354730956779285,0.5121373500810953,0.8649327149154541,0.11196211859700238,0.1316111658388447,0.24428936548305763,0.5121373500810953,110
Weather,194,1.9016399832469386,0.5375760588311798,0.8458757100368707,0.1297951114142174,0.10552448000974826,0.22710434974485463,0.5375760588311798,239
Weather,195,2.374348088382389,0.49033204412811326,0.8875029107166984,0.1082115383970958,0.17108927188800727,0.23036714558678362,0.49033204412811326,41
Weather,196,1.9204239640354166,0.5638676210928668,0.8313816665360578,0.10211967454302437,0.15223708226513852,0.1817756220989703,0.5638676210928668,236
Weather,197,2.1900976090521276,0.5328220312350576,0.8594258594652888,0.12899279417851345,0.1296894288622094,0.2084957457242195,0.5328220312350576,134
Weather,198,2.149574644536324,0.5570858994364553,0.843549835178724,0.1493276832519417,0.12327762830713453,0.17030878900446855,0.5570858994364553,154
Weather,199,2.1959539898836775,0.4927465161475251,0.896575353761992,0.16386288868402715,0.13647126047337446,0.2069193346950732,0.4927465161475251,128
Weather,200,2.406337963440923,0.5545566189631838,0.8453141641203515,0.12160132987221944,0.1497111345735595,0.17413091659103733,0.5545566189631838,29
Weather,201,2.2649747504981512,0.5163428064521081,0.8709211561262082,0.11651880526190082,0.1483945613425321,0.21874382694345906,0.5163428064521081,91
Weather,202,2.048923516280856,0.4857531620012114,0.9037784049318718,0.1769172902474743,0.14068099893103334,0.1966485488202809,0.4857531620012114,209
Weather,203,2.242075909019018,0.499910160761272,0.8903430800329403,0.1735297547934697,0.12714011669963457,0.19941996774562376,0.499910160761272,106
Weather,204,2.157626449454265,0.5051012338492364,0.8874093371664997,0.1392289492907278,0.15297510298869466,0.20269471387134105,0.5051012338492364,149
Weather,205,2.3791822599084247,0.5303039802501928,0.8616198616467323,0.12010868887598065,0.14196775250416743,0.20761957836965925,0.5303039802501928,40
Weather,206,2.207139850537814,0.4897954753742417,0.8950446970157764,0.13129420826996882,0.1565918783622537,0.22231843799353593,0.4897954753742417,124
Weather,207,2.486891946118986,0.5398937183167165,0.8545696623460998,0.1110352619415718,0.15842477619012232,0.19064624355158927,0.5398937183167165,14
Weather,208,2.3122195129460907,0.52079218246156,0.876668955077075,0.1406817329950644,0.15239956390093742,0.18612652064243826,0.52079218246156,66
Weather,209,2.3299598234259777,0.5409885805137258,0.8586402637545013,0.1330638870469082,0.1461734006509134,0.17977413178845258,0.5409885805137258,55
Weather,210,2.2389455739218924,0.4892873496936997,0.8871055742928935,0.1304365611304721,0.13387902238018357,0.24639706679564466,0.4892873496936997,109
Weather,211,2.309896052132743,0.5236793741320398,0.8716795476318837,0.1492980594137466,0.13105838683259832,0.19596417962161522,0.5236793741320398,67
Weather,212,2.3877945131349643,0.5311503420541167,0.8651510612849183,0.17826710218385963,0.11932719550393889,0.17125536025808472,0.5311503420541167,37
Weather,213,2.182361358146027,0.4890850295613359,0.8855568323781602,0.12881678076638775,0.1319089010095384,0.2501892886627378,0.4890850295613359,139
Weather,214,2.0086268044917532,0.5730545825936828,0.8243977043193023,0.11828302831987084,0.1253273171659562,0.1833350719204902,0.5730545825936828,221
Weather,215,2.303934075778171,0.5028951028790362,0.882317438585057,0.1193430406102604,0.1558349908431452,0.22192686566755823,0.5028951028790362,70
Weather,216,2.043357318711698,0.5131178437890789,0.8757214096740733,0.1466382546131236,0.1242240285327976,0.21601987306499987,0.5131178437890789,211
Weather,217,1.9066984849949193,0.4957749948025244,0.8973965786045057,0.14394911777646402,0.18792551979399433,0.17235036762701728,0.4957749948025244,238
Weather,218,2.176415117881748,0.48656343862802476,0.8995200382429903,0.1676857407983994,0.13190739180586009,0.21384342876771578,0.48656343862802476,142
Weather,219,2.1112125300531206,0.48709552984579935,0.9016435967256984,0.14029175542807684,0.16662088457487703,0.20599183015124675,0.48709552984579935,185
Weather,220,2.282303710295616,0.5217585056191572,0.8746026511086347,0.13867689119343796,0.14697260869386508,0.19259199449353995,0.5217585056191572,81
Weather,221,2.1152164517117384,0.5249488747035704,0.8728956811275794,0.14303155005965307,0.14535041839349103,0.18666915684328542,0.5249488747035704,182
Weather,222,1.8265990331216828,0.4869298007665095,0.9021802467127136,0.14899631226959711,0.15646145773781323,0.20761242922608017,0.4869298007665095,247
Weather,223,2.102382131656322,0.5238829543859925,0.8747430015381948,0.13712732042570602,0.16417579582440195,0.1748139293638995,0.5238829543859925,188
Weather,224,2.080411798059103,0.5053077060825009,0.8814473542370326,0.13749697331777425,0.13430902146718823,0.22288629913253674,0.5053077060825009,197
Weather,225,2.447311632534375,0.5702729533777691,0.8125881664385436,0.10076722052037648,0.10938229083807167,0.21957753526378262,0.5702729533777691,21
Weather,226,2.0343419174327435,0.5162292584514706,0.8791252678888624,0.1718852054545241,0.12851153667881776,0.18337399941518762,0.5162292584514706,215
Weather,227,2.2019221418040615,0.5235558435118526,0.8718314189135471,0.13280271104870736,0.1471480775410942,0.19649336789834587,0.5235558435118526,127
Weather,228,2.155073453283551,0.5357042725986838,0.8570777362081679,0.1272304307749204,0.1303736524806479,0.20669164414574775,0.5357042725986838,151
Weather,229,2.2950111624744505,0.5319945783084566,0.8666711564085612,0.13884023186567446,0.1449417927506818,0.18422339707518692,0.5319945783084566,75
Weather,230,2.1756779061932843,0.5259188100788147,0.8710693010314206,0.12703169336463382,0.1658120873412428,0.18123740921530868,0.5259188100788147,143
Weather,231,2.278774987651781,0.5017749172327953,0.8846630581622439,0.14441758360929696,0.13123433635759732,0.22257316280031036,0.5017749172327953,85
Weather,232,2.4566652857524787,0.5515119079453038,0.842324850043766,0.15478653116583463,0.10398673607706078,0.18971482481180088,0.5515119079453038,18
Weather,233,2.261467701344394,0.5959573499688121,0.7976417091923758,0.10745408212400806,0.11307258100782835,0.1835159868993515,0.5959573499688121,94
Weather,234,2.1452126951826136,0.5226849300252886,0.873553693123702,0.14259251251040111,0.1409359820959866,0.1937865753683235,0.5226849300252886,158
Weather,235,2.191984327047397,0.5765777478603853,0.8158358401285354,0.14601043398352706,0.09286937478557547,0.18454244337051204,0.5765777478603853,130
Weather,236,2.058694806973045,0.46464427268350383,0.9183268275454204,0.16509039853640897,0.15489204686539507,0.21537328191469227,0.46464427268350383,204
Weather,237,1.9275920445278998,0.5538583995120704,0.84197022408176,0.14456905377686624,0.1118566933364463,0.18971585337461702,0.5538583995120704,234
Weather,238,2.2284708560092943,0.5105099993765648,0.8781853150722627,0.1583373683057741,0.11921725786396209,0.21193537445369884,0.5105099993765648,113
Weather,239,2.2190170826470537,0.5269112827116433,0.8728860729628019,0.14678790534136937,0.15180719163630702,0.17449362031068028,0.5269112827116433,118
Weather,240,2.453680991941947,0.5265621150799977,0.8663898299714833,0.12002512078209808,0.1512631377775856,0.20214962636031855,0.5265621150799977,19
Weather,241,2.1413787848863297,0.5410420826996384,0.8611035816329259,0.15139362880128532,0.1477611554270768,0.15980313307199953,0.5410420826996384,161
Weather,242,2.2182532837909656,0.4809058274825789,0.8804455328272499,0.11408662156197064,0.13078248449289004,0.2742250664625605,0.4809058274825789,119
Weather,243,2.3672039557396305,0.5485271880799926,0.8455877974744191,0.1470947962263531,0.10950725614414024,0.19487075954951413,0.5485271880799926,43
Weather,244,2.362351525100455,0.5240684123759853,0.866344698644318,0.13450426595626058,0.12759386652527038,0.21383345514248353,0.5240684123759853,44
Weather,245,2.1161954049326654,0.4998813383512657,0.8898527948993519,0.14481333728409035,0.14306482015296174,0.21224050421168222,0.4998813383512657,179
Weather,246,1.8898229397772883,0.5115394177903156,0.8790025519690834,0.12314466881225572,0.15797355944390842,0.2073423539535202,0.5115394177903156,243
Weather,247,2.1635947799767994,0.5142737639389487,0.8815509546125532,0.1405324855570882,0.15354576524123406,0.191647985262729,0.5142737639389487,147
Weather,248,2.115426771020041,0.5115958870919513,0.8777607208701164,0.12481793328765234,0.14981696644617862,0.21376921317421788,0.5115958870919513,181
Weather,249,2.0765263380151424,0.5432771927311991,0.84833357595203,0.12180470316249661,0.12599033379382102,0.20892777031248327,0.5432771927311991,198
Weather,250,2.0975563403839854,0.4994813606821897,0.8942580427001979,0.14046721623491035,0.17582180066919734,0.1842296224137026,0.4994813606821897,190
Weather,251,2.0396790260829354,0.5947579110194489,0.8017591304393544,0.11255400701071215,0.1170510463029011,0.17563703566693786,0.5947579110194489,213
Weather,252,2.153013869852119,0.5343705274782189,0.8638275772006462,0.14605843901398366,0.1333290346028932,0.18624199890490437,0.5343705274782189,153
Weather,253,2.132730952304034,0.5354388432735957,0.8642248849092989,0.13502769752117635,0.15201931716829625,0.17751414203693164,0.5354388432735957,170
Weather,254,2.2865910638782987,0.5463128026098869,0.8504693162856028,0.12068961745847404,0.14250641775697812,0.1904911621746609,0.5463128026098869,79
Weather,255,2.2458776546149,0.539572471519852,0.8499824893202501,0.1101755795716554,0.1382649711647336,0.21198697774375896,0.539572471519852,103
