segment,mse,mae
1-96,0.26478105783462524,0.3250194489955902
97-192,0.35603123903274536,0.3936326801776886
193-336,0.37918317317962646,0.4234992265701294
337-720,0.5010690093040466,0.4997919499874115
