{
  "mse": 0.42584842443466187,
  "mae": 0.44707587361335754
}