segment,mse,mae
1-96,0.15691855549812317,0.21095505356788635
97-192,0.2432960867881775,0.2891472280025482
193-336,0.3194507360458374,0.3389677405357361
