{
  "mse": 0.25125449895858765,
  "mae": 0.28815823793411255
}