{
  "mse": 0.32162752747535706,
  "mae": 0.3711831867694855
}