{
  "mse": 0.32312721014022827,
  "mae": 0.33546921610832214
}