{
  "mse": 0.4398943781852722,
  "mae": 0.4418357312679291
}