segment,mse,mae
1-96,0.34221765398979187,0.3918900787830353
97-192,0.38710904121398926,0.4174090325832367
193-336,0.4275653064250946,0.4347352385520935
337-720,0.48213326930999756,0.46309152245521545
