segment,mse,mae
1-96,0.29374390840530396,0.35131213068962097
97-192,0.35962292551994324,0.391627699136734
193-336,0.4080162048339844,0.4164922535419464
