segment,mse,mae
1-96,0.2543378472328186,0.3262273371219635
97-192,0.3411703407764435,0.3901240825653076
193-336,0.35521161556243896,0.41422906517982483
337-720,0.48179948329925537,0.4977897107601166
