target_horizon,mse,mae
96,0.295085608959198,0.3496450185775757
192,0.3260450065135956,0.37100785970687866
336,0.3558019995689392,0.38998177647590637
720,0.4112277328968048,0.4216635525226593
