{
  "mse": 0.14832469820976257,
  "mae": 0.19751101732254028
}