segment,mse,mae
1-96,0.14832469820976257,0.19751101732254028
