{
  "mse": 0.28876325488090515,
  "mae": 0.34322261810302734
}