segment,mse,mae
1-96,0.28876325488090515,0.34322261810302734
