segment,mse,mae
1-96,0.15583397448062897,0.21158607304096222
97-192,0.2377239465713501,0.2885253429412842
193-336,0.31567803025245667,0.339535653591156
337-720,0.3892815113067627,0.38456982374191284
