{
  "mse": 0.32322680950164795,
  "mae": 0.3396925628185272
}