segment,mse,mae
1-96,0.14816604554653168,0.197761669754982
