{
  "mse": 0.14816604554653168,
  "mae": 0.197761669754982
}