{
  "mse": 0.37926289439201355,
  "mae": 0.41659340262413025
}