segment,mse,mae
1-96,0.27981263399124146,0.3459596335887909
97-192,0.3791183531284332,0.4161534309387207
193-336,0.4456593692302704,0.4639759063720703
