segment,mse,mae
1-96,0.3085342347621918,0.3665304183959961
