{
  "mse": 0.3085342347621918,
  "mae": 0.3665304183959961
}