{
  "mse": 0.14918281137943268,
  "mae": 0.19883133471012115
}