segment,mse,mae
1-96,0.14918281137943268,0.19883133471012115
