segment,mse,mae
1-96,0.2868218719959259,0.34133297204971313
