{
  "mse": 0.2868218719959259,
  "mae": 0.34133297204971313
}