segment,mse,mae
1-96,0.30530932545661926,0.3615581691265106
97-192,0.4279078245162964,0.44291025400161743
