{
  "mse": 0.36660856008529663,
  "mae": 0.4022342562675476
}