segment_a,segment_b,cosine
0,1,0.8899331092834473
0,2,0.7600509524345398
0,3,0.6855674386024475
1,2,0.9658722281455994
1,3,0.9293152093887329
2,3,0.990146815776825
