segment,mse,mae
1-96,0.25138571858406067,0.325320303440094
97-192,0.33292335271835327,0.385468453168869
193-336,0.36705005168914795,0.42173704504966736
337-720,0.4909665584564209,0.4991081655025482
