{
  "mse": 0.41316670179367065,
  "mae": 0.4453102648258209
}