{
  "mse": 0.4229736030101776,
  "mae": 0.44286271929740906
}