segment,mse,mae
1-96,0.36865395307540894,0.4100238084793091
97-192,0.4772932529449463,0.47570163011550903
