segment_a,segment_b,cosine
0,1,0.16175641119480133
0,2,-0.18869243562221527
0,3,-0.15916404128074646
1,2,0.044406063854694366
1,3,-0.18659770488739014
2,3,0.07080095261335373
