segment,mse,mae
1-96,0.15354138612747192,0.2040555626153946
97-192,0.2438506931066513,0.2894735634326935
193-336,0.32024121284484863,0.34092363715171814
