{
  "mse": 0.25078684091567993,
  "mae": 0.28711846470832825
}