segment,mse,mae
1-96,0.14853712916374207,0.19802692532539368
