{
  "mse": 0.14853712916374207,
  "mae": 0.19802692532539368
}