{
  "mse": 0.32664790749549866,
  "mae": 0.34054994583129883
}