segment,mse,mae
1-96,0.3191708028316498,0.36537808179855347
