{
  "mse": 0.3191708028316498,
  "mae": 0.36537808179855347
}