scope,residual_mse_norm,residual_mae_norm,max_abs_residual_norm
all,0.187530055642128,0.3239646852016449,5.058829307556152
1-96,0.187530055642128,0.3239646852016449,5.058829307556152
