{
  "mse": 0.4106070399284363,
  "mae": 0.42123308777809143
}