segment,mse,mae
1-96,0.2841739356517792,0.3501632809638977
97-192,0.3520488142967224,0.3932366371154785
193-336,0.40565091371536255,0.42062100768089294
337-720,0.4712492525577545,0.4518813490867615
