{
  "mse": 0.41729286313056946,
  "mae": 0.4242476224899292
}