pool_index,origin,channel,full_r2,full_corr,full_amplitude_ratio,full_bias_sigma,tail_r2,tail_corr,tail_amplitude_ratio,tail_bias_sigma,last192_r2,last192_corr,last192_amplitude_ratio,last192_bias_sigma,gain_h96,gain_h192,gain_h336,gain_h720,min_gain,visibility96,visible_net,tail_visible_net,accuracy_eligible,fit_eligible,audited_eligible
0,10409,0,0.6553692771780276,0.8581860859044854,1.06362536623345,0.19725309366382762,0.6645057211723375,0.8727763162821833,1.0733804019323707,0.23872741340535622,0.7560433288078419,0.89518318438018,1.0578482741082003,0.13729411266683145,0.7870720783717324,0.7683458020800729,0.4688518324019363,0.50841069070768,0.4688518324019363,0.05247682942053237,0.24305555555555552,0.2421875,True,True,False
1,10410,0,0.6638416104012221,0.8558130024741692,1.0463021386143823,0.17968910321771303,0.6724064958357194,0.8733346573623482,1.0629536781706488,0.233134199254833,0.7672703865346089,0.8970603735683143,1.0423850996362676,0.12777969825128538,0.779533902430264,0.7820040535200544,0.5326309700866785,0.5650857073803719,0.5326309700866785,0.06531974179318031,0.2875,0.28125,True,True,False
2,10408,0,0.6409903786494326,0.8611324240508337,1.0788821336047483,0.23052925430716537,0.6486850335425238,0.8734673296743592,1.0883766228751541,0.26091021091913064,0.7409641886271666,0.8927573101555576,1.0712741519262934,0.15550936760601416,0.7169833128632941,0.7753351964925927,0.46718498641469897,0.48220240131783054,0.46718498641469897,0.062378185210105117,0.26111111111111107,0.27604166666666663,True,True,False
3,10703,0,0.6202010233961202,0.8499113656898836,0.6296695508493024,0.23160710077294683,0.5761450593505508,0.8864789461173203,0.5390672040464832,0.2983369639016092,0.5119765920568067,0.9356939733397572,0.4540062945664357,0.362661825679937,0.45984675861425695,0.322735645088816,0.3076245267870358,0.21336042553671652,0.21336042553671652,0.11126529168777612,0.12916666666666665,0.22135416666666669,True,True,True
4,10705,0,0.6240194230202298,0.8507784166120449,0.6350765825568802,0.23081856497670727,0.5806267075075479,0.8870597247128076,0.5445194063655233,0.29818514048583106,0.518071361721486,0.9372492708065475,0.45329703891482637,0.3551831515611916,0.41902239250570006,0.40144375152678324,0.17641438831512157,0.3559345888631724,0.17641438831512157,0.08645413226264081,0.030555555555555558,0.046875,True,True,True
5,10699,0,0.6100013946548742,0.8436496905729921,0.6374481962809835,0.24336053398358085,0.5675967679483871,0.8888640516611328,0.5388844594992611,0.31622273709723686,0.5079644069282863,0.9348089486413235,0.45880942325265317,0.3732664133850924,0.6654940500600599,0.43558347647994333,0.0034634251003907712,0.20497296852804658,0.0034634251003907712,0.1312178521350695,0.015277777777777779,0.05729166666666667,True,True,True
6,10411,0,0.6583116532881459,0.8545628576463548,1.0412193874138251,0.1926794339718785,0.6678986799042126,0.8713939930417687,1.0579463276299765,0.23796436217373948,0.7692735935855927,0.8971156508460792,1.0336503754161017,0.13000448605329137,0.7756971069005257,0.7827059604516305,0.5480720751819725,0.5523822328924539,0.5480720751819725,0.06832660497928633,0.27222222222222225,0.2578125,True,True,False
7,10698,0,0.6131913217718716,0.8372389215144829,0.6489893185421034,0.22877888212770883,0.5728418731136162,0.8849177648317856,0.544213888847956,0.30685248294719925,0.515094224258883,0.9312719849330389,0.46219050008254803,0.3635049466413049,0.5930437297508602,0.20400289017363749,-0.12181153480030327,0.21717092957092943,-0.12181153480030327,0.08957553063574578,0.02083333333333333,0.057291666666666664,False,True,False
8,10706,0,0.6269697075294713,0.8454684571474274,0.6424600710017045,0.21595091955416423,0.5847489082056214,0.8841083667980415,0.5465724130339001,0.2880419690829964,0.5226737127850606,0.9362599187216751,0.4545070636806101,0.3490316737481568,0.31650481323600277,0.3901386664328883,0.16167626677364322,0.37116117465353526,0.16167626677364322,0.07292047384720192,0.0736111111111111,0.08854166666666669,True,True,False
9,10704,0,0.623672629775682,0.8469484253254403,0.640528592258535,0.2259200254563374,0.5806142447021575,0.8855424467196793,0.5476777258927745,0.29902944781522195,0.5191838578316806,0.9346097260353156,0.46009481165330224,0.3593703913751903,0.4293878321049599,0.3312466604319718,0.3134103047395176,0.28798081617523674,0.28798081617523674,0.07333762251571548,0.037500000000000006,0.09895833333333334,True,True,False
10,10412,0,0.6507828106535432,0.852399680687532,1.0530410764660625,0.18853497098073366,0.6585830857089399,0.8691397578481446,1.07235986860251,0.2356319578248553,0.7666210281124438,0.8966343449731136,1.0450673274311033,0.1236922398194263,0.741464649923191,0.778162682028147,0.5447233492515935,0.5487997061333225,0.5447233492515935,0.05796342183148415,0.30694444444444446,0.28125,True,True,False
11,10696,0,0.6094034298838392,0.8411379104248154,0.6466315209594918,0.24551337830584627,0.5705396870792254,0.8891465893165085,0.5414439643838466,0.3148727597441404,0.5116674611281524,0.9324125540175874,0.46217105459073804,0.369592535068332,0.6080348005890303,0.3586170423098626,0.21562292069554867,0.1720485373656071,0.1720485373656071,0.10837484268915389,0.006944444444444434,0.036458333333333336,True,True,True
12,10707,0,0.6316769599491848,0.8487279474505401,0.6411134617016554,0.21344412416754005,0.5907257338370137,0.8858577443199407,0.5471966572156179,0.28165027501481016,0.5277809474325552,0.9382516908932415,0.45145990742961867,0.33995447869351136,0.3155123208862547,0.3272298760546424,0.10493429582564728,0.38714847851449863,0.10493429582564728,0.06635184898100677,0.07638888888888888,0.13541666666666666,True,True,False
13,10701,0,0.6118706773799363,0.8450293259910079,0.6301208483534162,0.23668170745618203,0.5681342820526913,0.8879980767817216,0.5350551465306225,0.3095764692303226,0.5067906221375522,0.9359675488262295,0.45236182860435387,0.36792681023120544,0.4898352376258196,0.3037539056574109,0.07102165511579317,0.25386204398959333,0.07102165511579317,0.09059252615447042,0.06944444444444445,0.171875,True,True,True
14,10697,0,0.6050086378839714,0.8379962028854029,0.6454244819209475,0.24524504164441266,0.5649773743055333,0.8851471314249825,0.5420696266317073,0.3174994419981906,0.5049072895989105,0.9298878729477728,0.460506351774225,0.37345033704259695,0.6201954306985369,0.37254728625294176,0.004970328490087161,0.2154519411005862,0.004970328490087161,0.09293140712606345,0.048611111111111105,0.08072916666666667,True,True,True
15,10695,0,0.5974807844252115,0.8347424809004718,0.6453562144027681,0.25188701248123857,0.5575668977145738,0.8852101909680825,0.5388566056299934,0.32568294152845356,0.4968574504543757,0.9306499579996734,0.45838252982822375,0.3823811843680893,0.6956103308614283,0.4004065863021612,0.16160771314973033,0.15492059939665692,0.15492059939665692,0.12158046901233548,0.034722222222222224,0.049479166666666664,True,True,True
16,10414,0,0.6422167774473695,0.8563753607625366,1.0622195800732515,0.22088489864668745,0.6438385883072975,0.8689969190444153,1.0838175821334448,0.2552824704349649,0.7664015751117901,0.8999399938906405,1.0534519901408086,0.14115411612625506,0.7706538618630122,0.7335863309592372,0.41179187364588465,0.4131080836693899,0.41179187364588465,0.04769144117843021,0.26805555555555555,0.2838541666666667,True,True,False
17,10708,0,0.6375657845315894,0.8483244749347832,0.6494090260170757,0.20620687288170902,0.5987885072042016,0.886889240545241,0.5540944458178683,0.2775457482885997,0.5372903704484012,0.940031923832902,0.4562552168100243,0.3351562995360316,0.3090267851151596,0.3067949570791749,0.0564090105960563,0.33555397666185127,0.0564090105960563,0.07385752575503343,0.12083333333333333,0.18229166666666669,True,True,False
18,10413,0,0.6403804004008198,0.8547822931514902,1.0677136639757498,0.21197311056688672,0.6508984394277438,0.8699640279686274,1.0882246129391346,0.24145659564399288,0.767428212068979,0.8998231633119076,1.059395576720394,0.12957684223139612,0.7629007091480472,0.779278945666177,0.43792544914272613,0.498598976792903,0.43792544914272613,0.05591298504420307,0.32916666666666666,0.31770833333333337,True,True,False
19,10709,0,0.6392001482319798,0.851497834287422,0.6451312076748495,0.20799333879895543,0.6014509316358475,0.8910900136506438,0.5500143827070183,0.2761483202347337,0.5400549243224859,0.9453499981931962,0.45220315256351,0.3323219574552373,0.2442224407047522,0.2853029402755004,0.048594354747795054,0.3442038416861183,0.048594354747795054,0.08044477997006376,0.1236111111111111,0.16666666666666669,True,True,True
20,10416,0,0.630196772164209,0.8555894971592898,1.0686772096028878,0.23755050471559067,0.6341502080002116,0.86912181333961,1.092554800989387,0.2670210075114214,0.7731325763615692,0.9022829380816306,1.043251727086481,0.1452918597793988,0.7910505534026994,0.7526233274823166,0.366742724811411,0.4459809638258372,0.366742724811411,0.039745190884079365,0.24027777777777778,0.26302083333333337,True,True,False
21,10694,0,0.6101975134482323,0.8308665811151782,0.6639840319258588,0.22867439065594442,0.5744616373449609,0.8867531334522909,0.5501390193077872,0.3139433396350482,0.5131394000076173,0.9324283502559131,0.4684231776564042,0.3754762684301718,0.5890527430018627,-0.03780146663075401,-0.05066593957274934,0.28762375996004363,-0.05066593957274934,0.08898049723895639,0.056944444444444436,0.0859375,False,True,False
22,10711,0,0.6383772453770988,0.8490771105427983,0.6450218998848999,0.2022774462810162,0.6006407720067564,0.8883056496234577,0.5489538980986273,0.27071487562235325,0.5440132545443805,0.9442839550292053,0.4501723055679375,0.3217337580172194,0.17632734039561293,0.345515425285179,0.08056253048922735,0.32968926511788743,0.08056253048922735,0.08358457098024999,0.10694444444444445,0.171875,True,True,True
23,10700,0,0.6066338488666133,0.8434822445916699,0.6309554511965956,0.24425562463123646,0.5631571180534014,0.8858293525185448,0.5353830750391279,0.31420364468102924,0.501291883694793,0.9348600068042104,0.45250283014811477,0.3741696176275348,0.5733797074443288,0.3638707792503758,0.1942795351413853,0.08284456483491731,0.08284456483491731,0.14380467066071423,0.0013888888888888978,0.028645833333333343,True,True,True
24,10710,0,0.6389938467653756,0.8504791243996062,0.6468347986828392,0.2070021325433825,0.6010364526265088,0.8902997922716653,0.5521302269333338,0.2779183559453123,0.5430179596021543,0.9461973951663141,0.45421561888418216,0.33200223316062444,0.32231862736712125,0.2871839323090627,0.04320181926893385,0.32745726371354633,0.04320181926893385,0.07344845287340973,0.09722222222222224,0.15625,True,True,False
25,10415,0,0.6233319417613001,0.8528979491090889,1.070887879004843,0.23787257155299324,0.6269564083158516,0.8676171777081665,1.0940788413112958,0.27298035397540266,0.7642949712447429,0.9002034786974538,1.0531870966994157,0.15055678143904633,0.7620946345670844,0.7042661595703057,0.4120239058275207,0.37683762186558456,0.37683762186558456,0.04938511049616183,0.21944444444444447,0.22916666666666669,True,True,False
26,10702,0,0.6205116620382988,0.8370541275565505,0.6495994711423766,0.21215254466963943,0.5800060790676947,0.8826200690551582,0.5492995598449781,0.2964954390392945,0.5188467291774082,0.9324298150837463,0.46384894573365004,0.36195386413023634,0.3279820609656856,0.1794566336816772,0.11449221211208982,0.27415996061627557,0.11449221211208982,0.08237412959284239,0.09583333333333334,0.234375,True,True,True
27,2294,0,0.909795672261916,0.9576035487728478,0.8758442575262019,0.022897656108903586,0.9059651983021964,0.9653114489424559,0.9417186116959184,0.15907348361008034,0.9397600414569947,0.9926894278733397,0.9087204031215282,0.19652343788142573,0.3239651574540632,0.4418979396540118,0.33875982936800053,0.49992992002265946,0.3239651574540632,0.09209074075158671,0.22916666666666666,0.5442708333333334,True,True,True
28,10441,0,0.6696617586506266,0.8750304360238211,1.0366473232057392,0.2643794377311504,0.6701162812657346,0.8736862248495142,1.0684330322791813,0.23512766579459052,0.8186317855423368,0.9246868737107637,0.9721815203636827,0.1848196077529739,0.8282150938972521,0.6612593188111727,0.3449281366846769,0.385873417262529,0.3449281366846769,0.045574521668659614,0.22222222222222224,0.20833333333333334,True,True,False
29,2390,0,0.9012394423914089,0.953033230724032,0.8950211732899261,0.06055986843726623,0.8822948143360413,0.9866439433811641,0.939377613989819,0.2982236589886221,0.8904464791034242,0.9845247767106359,0.941192622089359,0.2774254516614889,0.5258445033043013,0.014183906862456075,0.20379075474038133,0.5316144090658821,0.014183906862456075,0.08833717308640499,0.21388888888888888,0.46875,True,True,True
30,2389,0,0.900852524182123,0.9524153912558994,0.9004787067078595,0.059541028855426004,0.881448084712796,0.9869258149974746,0.9470405172839245,0.3016349492713569,0.8890368350107123,0.9851041586631372,0.949531808485467,0.28306885435796786,0.5313215458203298,0.0360277103766139,0.2289443159079505,0.5454806945652491,0.0360277103766139,0.0954836032214627,0.21944444444444441,0.4973958333333333,True,True,True
31,2295,0,0.9101059945136283,0.9575186178006034,0.8823971862527866,0.033055702130736796,0.9101551350990947,0.965231064360786,0.9481238249923178,0.145681896161298,0.9484596962091772,0.9926710932750475,0.9133967546744055,0.1750765045748055,0.3058881643067659,0.41378479603242213,0.3250181694737557,0.5669544679238948,0.3058881643067659,0.08425500283076216,0.2666666666666666,0.59375,True,True,True
32,10723,0,0.623999602767052,0.8420244383927499,0.6266220168051598,0.19648752850442242,0.5744312631635271,0.8804111969877428,0.5251590978946633,0.27292592164875756,0.5302185027845222,0.943867876767205,0.42728860522170536,0.30629058460558467,0.02922125277928389,0.4746245710574335,0.13811153258871034,0.24814935956722628,0.02922125277928389,0.09266054963318883,0.06527777777777778,0.10416666666666669,False,True,False
33,10713,0,0.6344157660188774,0.8424554218304595,0.646840985496955,0.19248471121256647,0.5947930039254499,0.8808551082735497,0.5497645806539162,0.2673794688578576,0.5416543918219986,0.938348484256553,0.4472743894123034,0.31255354654438455,0.11603521996483257,0.2738690450398257,0.07237790761792595,0.27272947723804974,0.07237790761792595,0.07764762194588144,0.054166666666666655,0.09895833333333334,False,True,False
34,10438,0,0.6673529808470701,0.868212672948439,1.0547884995803967,0.22722175410335466,0.6681791783132502,0.8697284786023037,1.0846363450068852,0.20509280127800414,0.8167183573982345,0.9196454523086346,0.9957917850513982,0.15241763862344426,0.7925495556467874,0.6667159395918962,0.4533196536880577,0.4017722126210932,0.4017722126210932,0.0377417851020727,0.21944444444444444,0.21093750000000003,True,True,False
35,10444,0,0.6652876658126852,0.8752344470116598,1.032276994116605,0.2758356572706134,0.6674319465351546,0.8730706986976041,1.0652215599025183,0.240621164753598,0.8178288595929166,0.925300343424848,0.9523230782319978,0.19396298036678886,0.8389716338470531,0.614014887186694,0.39588324582129564,0.39156380161073434,0.39156380161073434,0.044204707825734574,0.24027777777777778,0.23958333333333331,True,True,False
36,10724,0,0.6175362255136433,0.8390767678263167,0.618077540722363,0.19409517874401266,0.5656491384292801,0.8787102632971564,0.5174746518316682,0.2756654156829127,0.5227732829103933,0.9403151195117955,0.42365550426303583,0.3073793796647599,0.005678361259435216,0.45098683086923985,0.17378386252821354,0.2808305089055865,0.005678361259435216,0.11139842330619792,0.17916666666666667,0.3151041666666667,False,True,False
37,10712,0,0.6375173520236204,0.8424794387495526,0.6487739866000851,0.1863664414526148,0.5987440578290402,0.8827362387015015,0.5488185000883126,0.2626369226275857,0.5454948931837285,0.9386560843971182,0.44993025322040187,0.31101031097478027,0.030357701360567146,0.3243030140339369,0.045892635678181914,0.2646598240144774,0.030357701360567146,0.06873899868328276,0.09861111111111111,0.15104166666666669,True,True,False
38,10442,0,0.6742342190405946,0.876002885089349,1.0269583285585786,0.26525325583539344,0.6745672911675671,0.8744605225688593,1.060665547444232,0.23546040659736764,0.8190102730025275,0.9249667946415725,0.9549766495981484,0.1888192437027049,0.8185121297935871,0.6661981240933124,0.37929015486021567,0.43655638032200184,0.37929015486021567,0.047764125827007654,0.2361111111111111,0.23697916666666666,True,True,False
39,10437,0,0.6641752650395294,0.866958284222803,1.0524621977723654,0.23028178304158872,0.668889049959866,0.870086314544695,1.0791835018064084,0.2108068098457551,0.8185315684822345,0.919353040199366,0.9936333912022467,0.1454677747697786,0.7975668826932549,0.6450884440483502,0.4272730513190338,0.4003508568625066,0.4003508568625066,0.03591982574118749,0.2277777777777778,0.23697916666666666,True,True,False
40,2293,0,0.9088744787854812,0.9575118769614304,0.8777421617595086,0.039891205463416804,0.9107280673335472,0.9649833386368255,0.9452283777976408,0.14168457232659507,0.9460920936631417,0.9925815426374781,0.9081927129298415,0.1788981568994778,0.27831554387718305,0.4934397010573617,0.28901004961465626,0.45709901651388285,0.27831554387718305,0.089501061333567,0.2208333333333333,0.5494791666666666,True,True,True
41,2391,0,0.9018184460260928,0.9532780508236893,0.8939828598200655,0.05834960565387661,0.8845352062716939,0.9865646418466328,0.9407667779563955,0.29440981969590124,0.8920108236509984,0.9840184806761293,0.9413266148547241,0.2728716754334287,0.5349373265922788,0.006686832706556567,0.24574705442952183,0.5356172710408527,0.006686832706556567,0.08215060862665391,0.2263888888888889,0.5286458333333334,True,True,True
42,2388,0,0.8994781516182647,0.9520397095525135,0.8922231111815699,0.057649210800307146,0.8800780380276282,0.9868600144014285,0.9406299495625322,0.30278281176736443,0.8891617227755406,0.9852795166461328,0.9465470520367839,0.28304381168324816,0.3576542703378287,0.13551455030697568,0.19791759921707386,0.5478217345269165,0.13551455030697568,0.08562011236439912,0.19305555555555554,0.484375,True,True,True
43,10407,0,0.6240640586170183,0.8600387963093893,1.0987324445303768,0.2421322259411997,0.6448863826582943,0.8726893025683408,1.0990564957598123,0.2558478649618508,0.7376494426487207,0.8906496919129201,1.0782758714807195,0.1428420379182948,0.5414651621741468,0.7521221301348616,0.39977694936706853,0.4835827064136873,0.39977694936706853,0.06335938709260036,0.28194444444444444,0.3333333333333333,True,True,False
44,2392,0,0.9019934724765578,0.9531735271525351,0.8966681251229628,0.05790889335260402,0.886025849350412,0.9862149608079555,0.9432351637245908,0.2911130993509193,0.8920745862801234,0.9833151334969124,0.937185803399089,0.2696407802774886,0.5333422187672263,0.006918603953517621,0.2552349667338526,0.544511544993723,0.006918603953517621,0.08255871950276104,0.24583333333333332,0.5651041666666666,True,True,True
45,10417,0,0.6151693742387643,0.8544904405824927,1.080826834896158,0.2525002483507442,0.6204226269591893,0.8686994266823583,1.1034159266921189,0.2812902977037011,0.7719614354528855,0.9045490914410151,1.0538932301961175,0.1547383326567079,0.7788603608849682,0.7484069580049186,0.39346026842016935,0.390114138090194,0.390114138090194,0.035170492348087425,0.2041666666666667,0.22395833333333331,True,True,False
46,10693,0,0.6168963548705197,0.8258638220878687,0.6791081578812831,0.20884796572230985,0.5860675492751153,0.8874255602913592,0.5593379742924358,0.3062925263481244,0.5214228448472906,0.9346622240136003,0.47473846348194704,0.375021016276663,0.4030623217278435,0.023825081698348405,0.20858657086879628,0.31422223615542344,0.023825081698348405,0.14314966093434114,0.07777777777777778,0.09635416666666667,True,True,True
47,10418,0,0.6035595300621044,0.8530877861818807,1.0866941483022068,0.2638698702912206,0.6071786471265892,0.8680099538061425,1.1137347505202333,0.29305623531972763,0.7713599137773773,0.9057998329283421,1.0531585984283494,0.16552588252581302,0.7494020874525356,0.7253737289918392,0.42228543015626685,0.41657135574543624,0.41657135574543624,0.040044587897705625,0.2569444444444445,0.296875,True,True,False
48,10716,0,0.6311796679580312,0.8439452027735455,0.6410370533910732,0.19973011851153089,0.588866905041622,0.8803823764389865,0.5449786844417038,0.2714969375468668,0.5378062569787722,0.9413045177271304,0.44124688737867046,0.3133533220583702,0.08607189446999397,0.3720757639882277,0.1263412591036852,0.2076223654693976,0.08607189446999397,0.11944900774453206,0.0638888888888889,0.1171875,False,True,False
49,10718,0,0.6274101419601377,0.8409857362437596,0.6333793572922263,0.19169365671287347,0.5811373071999288,0.8755818031689231,0.5363507491256065,0.2653836445851084,0.5341550786597994,0.937208902784875,0.43439472168038307,0.3022967880736564,0.008314219303928283,0.356898899905271,-0.09953566864900187,0.26768456536960594,-0.09953566864900187,0.11111452779888008,0.10277777777777777,0.16145833333333331,False,True,False
50,10715,0,0.631625982320309,0.842045431938288,0.6369344715355011,0.1880000559852989,0.5896038766432277,0.8802305567587265,0.5408927379292991,0.2646730079185193,0.537600821555065,0.9379169892857887,0.43894144589958023,0.3051407287437903,0.08357215100192461,0.3752211568469159,0.2376114333706325,0.29656302908420373,0.08357215100192461,0.10021620629294573,0.04027777777777779,0.07291666666666669,False,True,False
51,2292,0,0.9084843478261607,0.9577182802807049,0.8725497426519832,0.038552260061577893,0.9100962249112563,0.9651764213403189,0.9412403547357918,0.1445557474317521,0.9436853818438804,0.9923183333815467,0.9036231904828846,0.18205346617803428,0.21326224715514386,0.485511664413975,0.32010030740102324,0.4523394356588091,0.21326224715514386,0.08607515403595273,0.20138888888888887,0.5234375,True,True,True
52,10722,0,0.6204472925469107,0.8375716945878915,0.6226455458373094,0.18677741194042727,0.5699248707737223,0.8742511222034678,0.5232474527049071,0.26680812937173665,0.5221822221837134,0.9386752320528706,0.4229586665782299,0.3049022682448221,0.07196063327305202,0.3738113314951075,0.14916642808661806,0.32077127429169083,0.07196063327305202,0.08663939360100434,0.07916666666666666,0.109375,False,True,False
53,10719,0,0.6273484325156614,0.8384243349078865,0.6367815399508934,0.18694147771963884,0.5817051055094664,0.8752927020615373,0.5371408877649433,0.2647367735329612,0.5331721206598277,0.9388761653812334,0.43232515061034243,0.30285706644508376,-0.15324778374606418,0.3864129694184466,-0.038305147495170555,0.3120116173510217,-0.15324778374606418,0.10285528845430997,0.08611111111111112,0.140625,False,True,False
54,2291,0,0.9084292736831729,0.9574675891291363,0.8716179789724223,0.030736866878848104,0.9075969196878197,0.9655323477995353,0.9434733208369137,0.15546444702543968,0.9380967691990565,0.9931316787795552,0.905482101693693,0.20132390278630846,0.23349951413682635,0.5115022554881441,0.27443688726936055,0.46533168969148775,0.23349951413682635,0.08685434146364944,0.21388888888888888,0.5,True,True,True
55,10721,0,0.6206442640753047,0.8354555275967344,0.6258226550454127,0.1827449951777449,0.5713676676567311,0.8719978594964939,0.5267544455147625,0.26423395771924324,0.5219292410414729,0.937929609858117,0.4229903268033597,0.3043357467899216,-0.06296460116834379,0.37248980807138365,0.03089877325449697,0.3282397317320733,-0.06296460116834379,0.09034305972867104,0.06944444444444443,0.09375,False,True,False
56,2387,0,0.90121090944187,0.9530648775879854,0.8881229641764792,0.05389155158634404,0.8839864830745436,0.9873678210929058,0.9382531273849769,0.29748357587803753,0.8940323557318959,0.9860586284378495,0.9494255877398972,0.2773757078658097,0.33695782372150795,0.18294913127342993,0.12589254191534127,0.5447766640303383,0.12589254191534127,0.08243305760160818,0.19722222222222222,0.4791666666666667,False,True,False
57,10443,0,0.6637931748747404,0.873634781109617,1.0326079068550713,0.2723455547286002,0.6647900109818962,0.8711488950900237,1.065265856402221,0.2375478725764376,0.8140744903761599,0.922277961054554,0.9543781318967023,0.1883924788909857,0.8286259025404354,0.6564072650004444,0.3542800560982535,0.41850872288809093,0.3542800560982535,0.040656882471550394,0.2361111111111111,0.22916666666666669,True,True,False
58,2315,0,0.9160918262283575,0.9595709265974013,0.8999763669897561,0.03366044277499698,0.922175629851461,0.9754893096206667,0.9259326935049451,0.16415817107869704,0.9565560189309881,0.992452870842993,0.9294988521134309,0.1563440866784177,0.4416277017933702,0.5113585375691305,0.4468844336967298,0.561536365601669,0.4416277017933702,0.06250713601545993,0.2513888888888889,0.5130208333333334,True,True,False
59,10717,0,0.6264561132941862,0.8413290996640408,0.6329005474132294,0.19477186463642576,0.5818959721780567,0.8770080486580911,0.5377130930660723,0.26856298766365055,0.5313370871965608,0.9398773492538877,0.4334240471072905,0.30909124411532723,-0.03908556379618067,0.3798097323274612,0.0950622210788552,0.2512359499673411,-0.03908556379618067,0.12091516782643767,0.075,0.125,False,True,False
60,2313,0,0.9148789828934861,0.9591020185826852,0.8963294203208549,0.03251615080777334,0.9194530850327227,0.9732723237203594,0.9255460247129215,0.1597752529973215,0.9542961955748027,0.9917145535663475,0.9214609052121747,0.15577543154626552,0.5261812664941976,0.3986342610878648,0.3718212174440211,0.5429971586511855,0.3718212174440211,0.06251810869772989,0.225,0.46874999999999994,True,True,False
61,10439,0,0.6654999083147091,0.8678699172134597,1.047150364711232,0.235704913046772,0.6657264107157959,0.8683739399251962,1.0774334575977307,0.21128418515340794,0.8161463268767251,0.9196970155216886,0.9906506539596232,0.15704093311998168,0.7850798625000895,0.66404061127659,0.34469119106865664,0.409896812157866,0.34469119106865664,0.053196312321319654,0.2125,0.20052083333333331,True,True,False
62,2325,0,0.913407342031208,0.9584306328394587,0.8865204152525519,0.003294926469709881,0.9114129000252728,0.9803178910376993,0.9098402050259744,0.21128928803364075,0.942396675903083,0.9912495008849753,0.9262598312888507,0.18961866982819853,0.49908270462670046,0.6474305477737909,0.5051781621991907,0.5930341350007781,0.49908270462670046,0.07949114098272701,0.23194444444444443,0.359375,True,True,True
63,2393,0,0.9013094095315245,0.9527851161092559,0.8970420879109972,0.0581616949124792,0.885298299966593,0.985516808942262,0.9415550010931566,0.28984899549900833,0.8902763544359094,0.9821993232740631,0.9322085338931719,0.2682164744776009,0.5783830914586335,-0.02271992491544128,0.27662341422021763,0.5543615676252208,-0.02271992491544128,0.08127291694379224,0.225,0.5390625,False,True,False
64,10726,0,0.6138392036789069,0.8390948610083596,0.6124187695127697,0.19712668930414956,0.5617409014795454,0.8814513877071303,0.5116673790951328,0.2801346718743007,0.5223876061688613,0.9405298145035632,0.42195211418779305,0.3054273965060332,-0.053227653229892535,0.3976505549707684,0.13865167980171889,0.24648491444969256,-0.053227653229892535,0.11972334338034377,0.075,0.13802083333333334,False,True,False
65,10720,0,0.622928041630209,0.8382819706830867,0.6263520066586024,0.18674664947648084,0.5752400451483242,0.8761182420027421,0.5267603148643786,0.2651267009700029,0.524079719470014,0.9405239840734352,0.42348025022016444,0.3052399423902801,-0.04642398724983576,0.4260612725219346,-0.01901040884296301,0.3185019244696612,-0.04642398724983576,0.10010160408406447,0.10833333333333332,0.15364583333333334,False,True,False
66,2314,0,0.9151798977098543,0.9592116567090545,0.89630039015529,0.030810342375179437,0.9193219424701798,0.9742353223355051,0.9242086987419068,0.16525694462808543,0.9545837323072439,0.9919415761251089,0.925844566132483,0.15809978940010191,0.5114865960539985,0.4372766495394961,0.437203068986177,0.5785582760068022,0.437203068986177,0.07556689322088436,0.2513888888888889,0.47916666666666663,True,True,True
67,10440,0,0.6654464107858148,0.8715878985142541,1.0364707478136288,0.25890674007757747,0.6672512364439565,0.8715262362946969,1.0699799368009872,0.2300497182380437,0.8157227290828939,0.9219977032615861,0.9808916476616696,0.17575135575507056,0.8032257850875593,0.6335479547498086,0.3360821941374931,0.4011110258191347,0.3360821941374931,0.04929196750180718,0.22083333333333335,0.21354166666666666,True,True,False
68,10419,0,0.593322927974717,0.8530057069630109,1.0883584781460742,0.28090012679456294,0.5967468879599833,0.8674152655143085,1.114545693239111,0.30755309554584437,0.7679476299808811,0.9059410846215481,1.0518886675307157,0.17742863880263798,0.7788550262901398,0.7070680183833581,0.37165392510703066,0.39296579910196716,0.37165392510703066,0.039752911949416485,0.2444444444444444,0.2630208333333333,True,True,False
69,2326,0,0.9102990430530978,0.9574270597475678,0.8807256183510153,0.022009556366869923,0.9009560358197706,0.9803609722661757,0.9002758171534222,0.23181451217186033,0.9300344748181891,0.9907406325538326,0.9152232114562633,0.21407859604769466,0.5401495766495747,0.6780580326378078,0.5047447014492099,0.606989878522668,0.5047447014492099,0.07417915822963143,0.23055555555555557,0.3359375,True,True,False
70,10730,0,0.6141829490525827,0.8408432405784413,0.6142048368523646,0.20364046781120795,0.5608893257322285,0.8836961812988998,0.5113418254377584,0.28527504058586034,0.5200131413337514,0.9418485611846612,0.42118565570724487,0.3097994669648089,-0.12855743696055932,0.3682061345157599,0.1579991635335113,0.2451480065939401,-0.12855743696055932,0.10300425368829398,0.09166666666666667,0.14322916666666666,False,True,False
71,10728,0,0.6159684046415552,0.8396960273812027,0.6141130009978877,0.19553340370883654,0.5637341390291852,0.8810489148745092,0.5128844935392214,0.27743109096713997,0.5224039711611865,0.9401380798598492,0.4221109632455761,0.3051287342969847,-0.12066590889549733,0.4333546171557028,0.14242090774947014,0.21548565006006604,-0.12066590889549733,0.11316305450151616,0.09999999999999999,0.18229166666666666,False,True,False
72,10714,0,0.6319936962597889,0.8375957886904372,0.6491520663577416,0.18455885913595374,0.5924806693361315,0.8765839106665536,0.5491755613476837,0.26214968224209234,0.5412154417632298,0.9354797576160365,0.446317961607319,0.30761611217823864,0.04059264827849207,0.2871360504431284,0.17119197335766734,0.2640653219875967,0.04059264827849207,0.08262760460382045,0.04166666666666667,0.10156249999999999,False,True,False
73,10731,0,0.6158090250186146,0.8434300444141308,0.6101208318926528,0.20281032063091825,0.5617422290181884,0.8852966938056807,0.5093720223085978,0.28405747377052387,0.5190071952917723,0.9430972365051945,0.4202646233867325,0.31156261147910996,-0.18592184298096082,0.46895835002695974,0.06521050925685623,0.2598260803451957,-0.18592184298096082,0.1232179672214382,0.08888888888888888,0.14322916666666666,False,True,False
74,10422,0,0.5889013208664355,0.8608144116005528,1.1029276695905994,0.30574711880607475,0.5983533967121548,0.871011396136364,1.1266912314211228,0.3081156882017247,0.7823098472157414,0.9158256859023942,1.054554294951681,0.1928243054547327,0.8209260285487411,0.6656496380719137,0.37696900622702156,0.40754340783337983,0.37696900622702156,0.046363400997053876,0.35972222222222217,0.3541666666666667,True,True,False
75,10446,0,0.6494199497540085,0.8725056429789582,1.0468165329697712,0.28541524294740545,0.6513289015863704,0.8711600827481605,1.0849132335689577,0.24879826908882224,0.8197791121940802,0.9273915857916757,0.9580448897811871,0.19833410235671575,0.8077638128020507,0.6508267571521175,0.48172487225178573,0.35737678622012226,0.35737678622012226,0.05421404411286221,0.2513888888888889,0.24739583333333334,True,True,False
76,6644,0,0.6099022972552419,0.8534958013332143,0.6176106704386821,0.2508206344403372,0.562558186184335,0.9109902663803648,0.5249828959926933,0.3440107400384887,0.570685142226879,0.8999299752844219,0.5104765995976976,0.2958291506169676,0.17251663153700503,0.24743443461752102,0.2378078427954634,0.1369231879500482,0.1369231879500482,0.07373182632616027,0.18472222222222223,0.22135416666666669,False,True,False
77,2312,0,0.9143205177642286,0.9593680118960601,0.8891190098657158,0.03363840363202486,0.9191495219784532,0.9727621530111518,0.9265723398127643,0.15806070197597014,0.9547460986113939,0.9913449725841197,0.9221779694900775,0.1524292679881515,0.4697084588557495,0.4131474449445983,0.30737480265949924,0.5230518517558089,0.30737480265949924,0.0693204982410922,0.22777777777777777,0.453125,True,True,False
78,2297,0,0.9087404173083158,0.9577672261746696,0.873147678357494,0.03764537625288838,0.9092790608341937,0.9651786511563414,0.9365956239990916,0.1465393406983546,0.9447459998688501,0.9920769487326742,0.9030644951670675,0.17761603375853754,0.25065637022957243,0.32912458241090536,0.1854417010942443,0.5385652267665606,0.1854417010942443,0.07147418337574445,0.2611111111111111,0.5625,True,True,False
79,10734,0,0.629794684829219,0.843102334940582,0.6308833867487568,0.1897102537592453,0.5785855502076415,0.8828683110305313,0.5256702417111525,0.2707036085625189,0.5390664184576115,0.9413940883793365,0.4321609642085028,0.29637482420941685,-0.3341560573980207,0.5156253165444764,0.06468838009110844,0.21381166090511228,-0.3341560573980207,0.1157131672748419,0.0625,0.09375000000000001,False,True,False
80,2323,0,0.9142023217522561,0.9581936027417084,0.8980571217837694,0.01778376340580454,0.9192169782290547,0.9799351443800118,0.9185936174151683,0.19311428230879601,0.9467420730564605,0.9911418911193209,0.9318089073247465,0.17916409324738086,0.36497168910359834,0.6644208875839028,0.4720816253454949,0.5509706563628552,0.36497168910359834,0.07311054235124731,0.20138888888888887,0.3619791666666667,True,True,False
81,10736,0,0.6420074501682507,0.8465557005880928,0.6405471647762213,0.17947029615676072,0.5953759297393985,0.8894409290981654,0.5332646344731883,0.2624265302190895,0.5568112258000981,0.9505625309662997,0.43862384998096593,0.29099258820106766,-0.4648578052641308,0.36377888426570404,0.1003805968963366,0.24856557817291647,-0.4648578052641308,0.10011351855480373,0.17222222222222222,0.2734375,False,True,False
82,2272,0,0.9063062604711769,0.9593677387929535,0.8547181408709447,0.05593442071113074,0.9024307972310236,0.9572541166747005,0.8969348583950866,0.10132242466618846,0.9349928887187129,0.9920445701628463,0.8798869084381892,0.19125950796582936,0.46996111982423294,0.6626112993912345,0.5222266771497356,0.5838791207729798,0.46996111982423294,0.08303716429505979,0.21666666666666667,0.26041666666666663,True,True,True
83,2327,0,0.9102978957633835,0.956954336519814,0.8840686236983563,0.012303629025679119,0.905714062166782,0.9815332254394598,0.9069505107013732,0.22832176667392937,0.9307283607677349,0.9908189327801358,0.9202212623794074,0.21449887114346827,0.4965936673910124,0.6261535908415603,0.4986818294442664,0.5820465935533441,0.4965936673910124,0.0819389943747582,0.22499999999999998,0.33072916666666663,True,True,True
84,6647,0,0.6103821607069325,0.8498272081138906,0.6123916254555049,0.23547498175260687,0.5620453134040769,0.9116235579666774,0.5209620086680065,0.3411682164787763,0.5703439430142292,0.8982765863287867,0.5092597730478429,0.2919294461286993,0.3055876448839745,0.15184767452636982,0.36620833230682914,0.21894887527756723,0.15184767452636982,0.0720830283230861,0.17222222222222222,0.1953125,True,True,False
85,10732,0,0.6220044695605895,0.8410691259199307,0.6237268631093448,0.1953334221568367,0.5699173467492986,0.8825022927272673,0.518311365434907,0.27614836301798956,0.5283878351553708,0.9404132540277779,0.4260612502755275,0.3023760397779365,-0.2799472293956049,0.48569600972126803,0.06505215421973598,0.25930623607684744,-0.2799472293956049,0.13680722455745647,0.125,0.16145833333333331,False,True,False
86,10733,0,0.6229571472161102,0.8419306457248033,0.6244100073467054,0.1964047781344902,0.5706845921886001,0.8837104351721451,0.5187218413989778,0.27756596956224244,0.5305594523583371,0.941731151385357,0.42621986417829894,0.30090899270938276,-0.39137516079540347,0.4999433886538178,0.05920450401152244,0.2228647497848122,-0.39137516079540347,0.11220627559394505,0.06944444444444443,0.11458333333333331,False,True,False
87,10737,0,0.642293322605026,0.8470045434073125,0.6380568049820734,0.1773815564104174,0.5944085487267622,0.8878297343202326,0.5324273838624626,0.2598504525789113,0.5580825702279908,0.9495016169773378,0.4367330619186049,0.2837942200918957,-0.25832329111405605,0.32338916725005107,0.18737160945547793,0.24039561892793426,-0.25832329111405605,0.10071440698111303,0.21111111111111114,0.3098958333333333,False,True,False
88,10435,0,0.6464415134971075,0.8674524658197759,1.0534314731343337,0.2672902463577647,0.6538666781137793,0.8708997596935132,1.0821052858746256,0.244932519341551,0.8038774986129695,0.9175542492715539,0.9971256776476187,0.17803564117756962,0.8107178281776615,0.6443541995755258,0.4967029946475212,0.4560138175137246,0.4560138175137246,0.027321818506771886,0.3194444444444444,0.3359375,True,True,False
89,6654,0,0.6064710113442139,0.8512400779380634,0.6074882508085623,0.24232974583161698,0.5579740353518037,0.9126140340847048,0.5147542462629907,0.34146438919895505,0.5689474547816809,0.9002309131177687,0.5044594692501697,0.29126140556229935,0.49031218780534047,0.34241760306730806,0.383112226954193,0.27013363627898024,0.27013363627898024,0.1030855514784851,0.1916666666666667,0.21875,True,True,True
90,10738,0,0.6392019338918855,0.8436604110628246,0.6374256434924188,0.17328639862374992,0.5911688327864613,0.884522094307978,0.5322082306051659,0.25900857896082635,0.5574970856878774,0.9475424973507837,0.43688729725371667,0.28208325936096734,-0.014335601741219506,0.3100971076067143,0.19339206495194217,0.21832788309852358,-0.014335601741219506,0.10993293052263195,0.22083333333333335,0.2942708333333333,False,True,False
91,2394,0,0.8993035266270856,0.9525860947596976,0.8945651953246107,0.06892254008080693,0.8783830651331347,0.9855496625621223,0.9409966775881526,0.3015627692091454,0.8837149797735133,0.9820502875983765,0.9304658399026472,0.2793686316580097,0.528065573893622,0.08416604027929708,0.4064150968680401,0.5440205781198106,0.08416604027929708,0.08151119445437265,0.2138888888888889,0.5104166666666666,True,True,True
92,10448,0,0.6514555448476268,0.8714502863686914,1.0523185082577573,0.274329624858738,0.6537601853464738,0.8695881512620385,1.0949646412938316,0.22721972891851971,0.8194012769559315,0.9244045441541345,0.965115727653101,0.18293464361622566,0.8040850138039082,0.6187396494871422,0.5028839968216301,0.28316786108765835,0.28316786108765835,0.05342200260514255,0.19444444444444445,0.2109375,True,True,False
93,6646,0,0.6052154872429026,0.8493492338569422,0.6092971255836059,0.24197855095854812,0.5548640008158303,0.9108475291126101,0.5167851590368768,0.3456791416400661,0.5640196334235489,0.8987056334074159,0.5046188556732947,0.29723356760267383,0.22036570441680348,0.3006455093298881,0.3864161889625555,0.17573796871308345,0.17573796871308345,0.07394742476709008,0.17222222222222222,0.19791666666666669,True,True,False
94,10445,0,0.6528972386520757,0.8717301734000432,1.0394318915771181,0.28087789212476477,0.6531490199849519,0.8704579294160218,1.0764483956955306,0.249230645588032,0.815940315477024,0.9251039334761667,0.9552678650321021,0.19740088522886767,0.8103242099340091,0.6594680450726647,0.43710214927118396,0.3685333299208181,0.3685333299208181,0.05174992177478198,0.2236111111111111,0.2265625,True,True,False
95,10447,0,0.6448256997048712,0.8716575117271095,1.0502019886968126,0.2882411972446699,0.6459608245395747,0.870393203032394,1.0902449092571964,0.25157251562016586,0.8137957442676423,0.9257307229817449,0.9611933004894986,0.2047535904475624,0.820871061885575,0.6379923433966053,0.4982748741733086,0.31329346752061615,0.31329346752061615,0.058483915741120905,0.2513888888888889,0.2578125,True,True,False
96,10735,0,0.6370326088492593,0.8453823414902215,0.637972666763145,0.18606429341450414,0.5887013699690287,0.8859350935081214,0.5313278427939907,0.26539276116951677,0.550382201567611,0.9458190955801385,0.4366575635416297,0.2914551325480794,-0.4456679801621317,0.43088747207872724,0.11006680842709271,0.2285804759567167,-0.4456679801621317,0.10545029568133603,0.2,0.2760416666666667,False,True,False
97,10727,0,0.6140251113763329,0.8376831668087835,0.6183906344023989,0.19899437632569958,0.5623515868307869,0.8794279535056698,0.5153793177699965,0.2801973044041968,0.5219616900415327,0.9389349890984915,0.42410667623843884,0.30755329942877097,-0.15299800617550874,0.5062159345932069,0.15294808607225252,0.26486376862967,-0.15299800617550874,0.11337576669562102,0.09027777777777779,0.15885416666666666,False,True,False
98,2386,0,0.8998852903207966,0.9523708408173701,0.8821505751547183,0.04684060640783223,0.885440782938577,0.9870160057618762,0.9333712221654733,0.29305639369316905,0.8978420944402221,0.9859101393752178,0.9432295801815689,0.2689889929895951,0.23109506903278265,0.07640057074367468,0.13417957666696423,0.5468271088018377,0.07640057074367468,0.08637184358859222,0.1708333333333333,0.4010416666666667,True,True,True
99,10436,0,0.6502069388516203,0.8665040147489701,1.0587737707133866,0.25229865173212246,0.6566780004672936,0.8701230064287769,1.0875875987032977,0.23053242061852527,0.8081361588958615,0.9178963492235837,1.0042663863405759,0.1641272850885272,0.818767598742032,0.64829437500323,0.43213634366860953,0.37816727797170857,0.37816727797170857,0.034601828656849645,0.24305555555555555,0.26041666666666663,True,True,False
100,10729,0,0.6185962199517312,0.8410543766355397,0.6147452702586984,0.1938051415132742,0.566886065258184,0.8831829270898042,0.5123676121471159,0.2749945811260385,0.5274405970826196,0.9417685513822452,0.4229706240546871,0.3005596744252674,-0.14596290096982978,0.3394036061244269,0.13334219074966425,0.27355609481732024,-0.14596290096982978,0.10563428144942356,0.09027777777777778,0.14583333333333334,False,True,False
101,2269,0,0.9051024147656052,0.9596430933566666,0.8488652032343522,0.05950387316465698,0.9007767023680111,0.9561018300289952,0.886828705479117,0.09249454703862335,0.9337036537547699,0.9922809747627503,0.8765946369074216,0.19373835540482584,0.4042501465300279,0.6401910580783625,0.40767105864764885,0.5358794769516864,0.4042501465300279,0.0598420795582769,0.1861111111111111,0.265625,True,True,False
102,2368,0,0.902747722486707,0.9548418364028451,0.8642420739176728,0.027692834742577062,0.8955638842143652,0.9883550529590004,0.901545869057265,0.27156213301109966,0.9158979597100086,0.98974412372201,0.9134888395697468,0.24058387803653505,0.48342182270752865,0.3707268835030152,0.3638150077513804,0.6600472735187932,0.3638150077513804,0.06062345498375953,0.21805555555555559,0.3411458333333333,True,True,False
103,10725,0,0.6143599842038256,0.8372002958759146,0.6182232246436562,0.1964520131875362,0.5640888254682992,0.8806416041201902,0.5155400232051738,0.27953827117666463,0.5219645671334524,0.9417822493254714,0.4239724096486741,0.31122693961959896,-0.11666105584391606,0.4390414844736569,0.051053198425942914,0.2397335638799084,-0.11666105584391606,0.11373589343401125,0.09722222222222221,0.20052083333333331,False,True,False
104,2324,0,0.912033118312549,0.957421507757579,0.8897580305173661,0.0066692617289978925,0.9134683421517035,0.9800002024098132,0.9127996977084109,0.2059518068370554,0.942881853908525,0.991341091539113,0.9260758026918954,0.18872134997695336,0.3479405197787748,0.648423533633206,0.5271474395019837,0.5364919319436816,0.3479405197787748,0.08170962699002689,0.18611111111111112,0.328125,True,True,True
105,10740,0,0.6530731642100698,0.8463250922162228,0.6406311855627371,0.14450956463277848,0.6083742463605875,0.8846642916009374,0.5386228467966019,0.23347800956606038,0.5801378641194233,0.9483375597099953,0.44451896392079804,0.25568160976942883,-0.13272516376850052,0.297746095117732,0.26602858975555244,0.29550365763763864,-0.13272516376850052,0.12183648194730277,0.3013888888888889,0.3697916666666667,False,True,False
106,10459,0,0.6399494772340077,0.8467064260855952,1.0341217668718792,0.20454286782626876,0.6517614106598247,0.8344263853415542,1.011968265454083,0.1139511417251085,0.7657957570799396,0.8766709569027367,0.8478463260922602,0.04387881328682816,0.7751005209295081,0.670240225744835,0.13256051557011006,0.376871258647546,0.13256051557011006,0.054555187298080704,0.09027777777777776,0.08072916666666666,True,True,False
107,2296,0,0.9079757371601388,0.957988233113992,0.8677429889677691,0.04026802122922399,0.91041651616811,0.9652672313375946,0.931779251624203,0.1421367895400445,0.9465340316314003,0.992471127377885,0.8983926769912918,0.17208762948040818,0.11611746139174306,0.3697278015706754,0.20801146625756117,0.5557788524577552,0.11611746139174306,0.07621510296535784,0.24305555555555558,0.578125,True,True,True
108,2273,0,0.9051469851017726,0.9589980510797125,0.8516494920837185,0.054832141617831356,0.9018188351268253,0.9574166883777456,0.8981548315312091,0.1063762773389074,0.934754327518057,0.9928259173033965,0.879779378454995,0.19537004531317265,0.4554895946160331,0.6353573094787897,0.503768886466093,0.6012420299512649,0.4554895946160331,0.08737565986488224,0.20694444444444443,0.22135416666666666,True,True,True
109,10742,0,0.6550813174681303,0.8467529193136453,0.6494942270064776,0.1516515651330935,0.6115065606643841,0.8840926473566254,0.5429636335396667,0.2318280491612935,0.5954237964360383,0.9534987609432234,0.4499304250703532,0.24526520705239147,-0.1620361742198908,0.3998382830194972,0.21300156854229801,0.3042727800265438,-0.1620361742198908,0.11913752887888933,0.22083333333333335,0.2734375,False,True,False
110,2322,0,0.9145996750477963,0.9586913199912687,0.8959507411433635,0.023515776505036962,0.9214537362353858,0.9795203279534956,0.9164932968078051,0.1844828717894944,0.9511335881777614,0.9914637916057808,0.9281087348796344,0.16689217679321108,0.3552123373119598,0.6315102551907712,0.4363071225074281,0.5320811727204581,0.3552123373119598,0.07166600837979503,0.20555555555555557,0.3828125,True,True,False
111,10425,0,0.5894438162807253,0.862020238298552,1.0941294615335355,0.3158486717477523,0.6013665354718482,0.8705467001596158,1.115945957894549,0.31026476756166177,0.7844387506966188,0.9174308837875934,1.0403997053904255,0.20522998013028385,0.8470582456623779,0.5646728735492568,0.4428954541270942,0.44049326707876546,0.44049326707876546,0.060012013532471604,0.3680555555555555,0.3671875,True,True,False
112,10691,0,0.6280487869121518,0.8248183122476148,0.6883196572249037,0.1834245852764639,0.602255868147874,0.8889156911800636,0.5676426396024715,0.291030692897292,0.5404955867364567,0.9380205933087191,0.48301776649221584,0.3638124163958346,-0.047805716607157045,-0.3947323952096262,-0.36337577816900923,0.3273180039421648,-0.3947323952096262,0.07528456991808813,0.043055555555555555,0.10416666666666666,False,True,False
113,2274,0,0.9047959708171197,0.9587299981233043,0.850595988659403,0.05171338783770044,0.9006733863095593,0.9575815451935915,0.8989991198555853,0.11338928003697889,0.9314213593224007,0.9920622368486254,0.8786446486119662,0.19975628434989298,0.40519304427384284,0.6583159748776828,0.4681246721301692,0.6313005208774904,0.40519304427384284,0.08369043547907934,0.19166666666666668,0.19270833333333331,True,True,True
114,6648,0,0.6088959703785443,0.8474141459177454,0.6130440850297015,0.23299235799118423,0.5603994683213358,0.9101010673146385,0.5197224639170174,0.33983677025188336,0.5705363648160711,0.8945219436274262,0.5115177824125564,0.28799471402616306,0.2813705823488678,0.24623585276612325,0.25420819791477844,0.17246023464204485,0.17246023464204485,0.06082539159718636,0.1638888888888889,0.17708333333333331,True,True,False
115,2366,0,0.9028293371295728,0.9552031566601418,0.8615780638668183,0.028602016770999657,0.8954743769676652,0.9878511015706082,0.8985361337137853,0.26906924466265797,0.9142690458471545,0.98906505136427,0.9060474492206867,0.23893243337266254,0.5138807021907967,0.4854110163377868,0.29816734003140544,0.6837940705452299,0.29816734003140544,0.050962578942234854,0.27222222222222225,0.4010416666666667,True,True,False
116,2290,0,0.9071293496534828,0.9575536158619528,0.8668805371605794,0.03947113370086859,0.9105265405389029,0.965458584747984,0.9411858714342386,0.14489504378364998,0.9412131723908685,0.9927538783601034,0.9031038534303871,0.19055173480779325,0.19609345539379586,0.5342045499185091,0.2638295981311307,0.4725104528767967,0.19609345539379586,0.09148734292889353,0.21805555555555556,0.46875,False,True,False
117,10743,0,0.6605361621474524,0.8500868956247659,0.6449196319826613,0.1414848468745341,0.6167114795486426,0.8861490916891995,0.5425365279162228,0.2246756310112713,0.6021866414162791,0.9538855727605644,0.4517938763416908,0.23582826991624412,-0.2911371242686631,0.4327252911169225,0.20827550300720654,0.34881503092549504,-0.2911371242686631,0.08489590471188703,0.10555555555555556,0.15625,False,True,False
118,2367,0,0.9030233011781972,0.9548568386965364,0.8658321416095895,0.028335217237977047,0.8953111259058606,0.9881889602911867,0.9019657184655158,0.27160973455417126,0.9161934724515547,0.9897701465619565,0.9109246840024421,0.23923808979236105,0.48597398552196736,0.4146667000663683,0.3657280576819747,0.6746374470389933,0.3657280576819747,0.05759350476570121,0.24305555555555552,0.359375,True,True,False
119,10744,0,0.6638614911255682,0.8510045096607166,0.6488366561041834,0.13955408745591227,0.6234206490678871,0.8871537640841821,0.5478563227398464,0.2202235190846624,0.6109759569825962,0.9544568016292408,0.45787448889650656,0.23112298863317843,-0.4397382166769901,0.4646570878929427,0.1967111435898441,0.34955564007414974,-0.4397382166769901,0.0945365187637074,0.08333333333333333,0.11197916666666667,False,True,False
120,2299,0,0.9073224495976329,0.9567630474403179,0.8714576996246253,0.028214836233711953,0.9047516680301385,0.9649799003395799,0.9280369846465594,0.15833433300881386,0.9414101474679744,0.992293984937248,0.895391261811011,0.18397572482637292,0.09487707097524845,0.3899439947596517,0.12823046423506568,0.45127389277827945,0.09487707097524845,0.06236624530067894,0.22222222222222224,0.4661458333333333,True,True,False
121,6645,0,0.6095654048553849,0.8518532253311074,0.6139067711094005,0.24386471162294546,0.5621875445123523,0.9116025986275081,0.5221641573955829,0.3423002392679877,0.572745344949582,0.8996659356607484,0.5102777609131048,0.29159955453574793,0.07809295020957097,0.25248685627119005,0.2799695747117956,0.13758482036062059,0.07809295020957097,0.08016087614942846,0.175,0.20833333333333331,True,True,True
122,10423,0,0.5892392765574499,0.8583115999031369,1.1011661250335143,0.29745790558418744,0.5995461642041398,0.8696124177450796,1.1270387559164206,0.30068467421536027,0.7835907469962464,0.9153525684273797,1.0505436703360054,0.18974441624217986,0.8365968063170368,0.6607096707726597,0.3337624792834787,0.4064410132776979,0.3337624792834787,0.049377695613468685,0.35,0.3619791666666667,True,True,False
123,2271,0,0.9053290033334527,0.9597577978455575,0.8481179294016551,0.057814937219803214,0.9031281718070076,0.9577716891953072,0.8907652247933061,0.09853207876305475,0.934270453123966,0.9924017041372922,0.8755528148656938,0.19219007863734508,0.37916350456258086,0.6542521095886259,0.5177124987249627,0.5616327465869381,0.37916350456258086,0.08608443744932144,0.19166666666666665,0.22395833333333334,True,True,True
124,10739,0,0.6481628453198446,0.8468282307370681,0.6384642066869864,0.15981126535724902,0.6023381589968047,0.8868772358449873,0.5340771020069752,0.24442818582790524,0.5707332518025023,0.950926939287799,0.43821384240160455,0.2658083376083729,-0.0955564968231446,0.21797429317089867,0.1921830925429603,0.2591632268472879,-0.0955564968231446,0.12539876452631696,0.3,0.3515625,False,True,False
125,6656,0,0.5997863753267323,0.8493688152059229,0.6063869812355422,0.2502015932762442,0.5489010251446709,0.9121724891064606,0.5142183784983045,0.35325649404940385,0.560315151471621,0.9010251217981545,0.5020976866535781,0.30395397699113597,0.5602740952010912,0.3279394846988657,0.3364082885096602,0.230523334447983,0.230523334447983,0.0882838700862004,0.24861111111111112,0.2421875,True,False,False
126,2298,0,0.906710469630347,0.956626451863755,0.8706583235195187,0.03214311254497623,0.9045224623621149,0.9640901063974009,0.931080686400244,0.15445921494908707,0.9416679827706348,0.9916769022675377,0.8995904186901905,0.18241484386601764,0.20451215849993332,0.3627159454491963,0.09723543578119487,0.5127322885464454,0.09723543578119487,0.06807240594481942,0.24583333333333332,0.515625,True,True,False
127,6650,0,0.5980741556830065,0.8493089139267442,0.6050177263999106,0.25213744523404,0.5485763358462453,0.907972210030576,0.5141597642408433,0.3474895047086632,0.5595753269968864,0.8917688448922556,0.505445444833786,0.2939907758601365,0.4606549230512761,0.42641343533408393,0.18596690033956553,0.2169749059613323,0.18596690033956553,0.07650466859761423,0.15555555555555556,0.17447916666666669,True,True,True
128,2364,0,0.9028056575184672,0.955754362165824,0.8585244563003718,0.034743181862478816,0.8932271989133135,0.9880552206601528,0.8973059238338713,0.2734784914504345,0.9131390125006268,0.9888400198697174,0.9036509197114346,0.23960047915131205,0.45006133685060545,0.4977470500581801,0.3692244668185244,0.6838807298601399,0.3692244668185244,0.07137039797842258,0.2638888888888889,0.4505208333333333,True,True,False
129,10420,0,0.5898664599781833,0.8568682156427175,1.0978587042091914,0.29373502246249755,0.595825115895023,0.8695074422028848,1.1202579315834298,0.31199722470976665,0.7701494926473158,0.9093565750053204,1.0581763787402743,0.18609823716086496,0.7734529956885892,0.678449597060683,0.3456373197021174,0.4235956432919519,0.3456373197021174,0.04667368674382551,0.28194444444444444,0.30208333333333337,True,True,False
130,10421,0,0.5862771518623542,0.8553561514710157,1.0970606108674654,0.29484902629112253,0.5968384997250393,0.8691753497727627,1.1200637191333436,0.3093255809776396,0.7795441475402267,0.9123744621532415,1.0503306961530179,0.1839866548143913,0.7745276137058424,0.6506455103409109,0.29754096391918394,0.42153855011629005,0.29754096391918394,0.047210652940881725,0.3277777777777778,0.35416666666666663,True,True,False
131,6649,0,0.6012080033112732,0.8498707282562198,0.6095390826246954,0.2516206500737328,0.552425293069958,0.9090381518263146,0.5175856073157973,0.34740462547595014,0.5662649002918239,0.8938609008717947,0.5093752331784078,0.29136434434206765,0.4464407895561723,0.3342938394538466,0.16425871074411658,0.20793252792886818,0.16425871074411658,0.0704456158205585,0.14444444444444446,0.140625,True,True,False
132,2300,0,0.908897486888755,0.9577397929488511,0.8721469281967756,0.032278252934230936,0.9092042407478965,0.9666289551771681,0.9299853422341638,0.15435200636691007,0.945005407909556,0.9926554830283457,0.9000322289967331,0.17827067310491143,0.2346015004033627,0.3397345309474158,0.19038600862910526,0.46936555212126874,0.19038600862910526,0.0600477900802134,0.23472222222222225,0.4973958333333333,True,True,False
133,2316,0,0.9137845707450569,0.9583417250130736,0.9031218822146464,0.03981281348126419,0.9234284069680379,0.9757571828617084,0.9272118361414284,0.16222522075801804,0.956793293337381,0.9921646019298312,0.9305601886983214,0.15427961710997642,0.4739846798675127,0.5281820486103121,0.4119764346313868,0.5617895134920937,0.4119764346313868,0.057784710563654,0.24305555555555558,0.5052083333333334,True,True,False
134,6636,0,0.6009604118131606,0.8565408683846398,0.6064707386487855,0.26489012366233167,0.5523870879301054,0.9136238991318023,0.5216575423978246,0.35872540518254975,0.5561953374975053,0.9272143018168819,0.49860056800059593,0.346152121444206,-0.015990112575452686,0.1639511048116845,0.1722206008974595,0.2690435120532386,-0.015990112575452686,0.10654607522636268,0.04166666666666666,0.033854166666666685,False,False,False
135,2328,0,0.9098825317531737,0.9570044148122523,0.8804231455292926,0.010498924324829007,0.9068727618754202,0.9818443541226312,0.9038187203748183,0.22595923155586783,0.9327545606649373,0.991152050426263,0.9199826343623232,0.2110988882404785,0.3617445828576168,0.6256883470088421,0.5110899256835801,0.5712659630324305,0.3617445828576168,0.07939574804479901,0.21805555555555556,0.3020833333333333,True,True,True
136,10434,0,0.6357871466595865,0.8646228276458066,1.0645288756460667,0.26799824514269105,0.6477931078594465,0.8694652545143766,1.0896566786140425,0.24432039968300848,0.8011832566780527,0.9160250079448942,1.0052221387982867,0.1730965925427587,0.8203806656814759,0.6329078282866212,0.4407432462422237,0.47334799257747395,0.4407432462422237,0.029424837770769277,0.34305555555555556,0.3619791666666667,True,True,False
137,10426,0,0.5899526020644992,0.8595277242317559,1.0930375928437897,0.30709680545279755,0.6060135251510095,0.8700982870563397,1.1177823498400683,0.299516458696869,0.7895323297046567,0.9175008531345183,1.0379408912625516,0.19434423843693044,0.8429126834040862,0.5803705466526441,0.3791566699064861,0.4001265828759444,0.3791566699064861,0.04718851686889197,0.3388888888888889,0.35677083333333337,True,True,False
138,6652,0,0.5871814676506721,0.8514776550517744,0.5975824554336115,0.2708688926633129,0.5355816399443158,0.908561768733513,0.5082366248376423,0.3600591990556609,0.5492288203333318,0.8921703540525496,0.49998459016449887,0.30484331536129516,0.5392925694211173,0.36666415590791535,0.09535700254047974,0.045602357709419006,0.045602357709419006,0.086238394510306,0.14166666666666666,0.15104166666666669,True,False,False
139,2385,0,0.9002158080922242,0.9527992495167275,0.878283943013818,0.045365966144151865,0.8862518501724239,0.9874814241091598,0.932272842378064,0.2929500388999303,0.8982930772762047,0.9868387263096117,0.9466763727601879,0.2719275267889257,0.12040200876893303,0.1456026508173196,0.11466383453140216,0.5892786173504735,0.11466383453140216,0.08661276207462035,0.21111111111111108,0.4296875,True,True,True
140,2329,0,0.9073427962590899,0.9560616867094709,0.8766258002662057,0.020027293367841384,0.9005179444570122,0.982303718168285,0.8985762743149018,0.23956703741542504,0.9258342914855627,0.9912280045716612,0.9126165146338727,0.2247640968022143,0.35574273252075306,0.6303468854478221,0.4858269977905273,0.5841196184990085,0.35574273252075306,0.08735492413385054,0.19583333333333336,0.23177083333333334,True,True,True
141,2416,0,0.9015021014293275,0.9535266318601455,0.9332399846397543,0.08543645698284913,0.8800192225957117,0.9858378625327356,0.9810151126362283,0.30304093731843634,0.8898293701495347,0.9841272973731612,0.9504615683233475,0.27846684896592677,0.43785432527339685,0.5368015785559793,0.45217360641606585,0.6704497543320094,0.43785432527339685,0.0640617651754052,0.22083333333333333,0.3177083333333333,True,True,False
142,6638,0,0.6063295074682602,0.8563705954853256,0.6095828609326291,0.2571709614594515,0.5576579088292585,0.9125261635803624,0.522958514610373,0.3511169851565582,0.5590610308232002,0.9116521504977804,0.5063935610209092,0.32835055708684907,0.07637342022718052,0.22837453488944848,0.16394717933903002,0.285647034750541,0.07637342022718052,0.10878373625620333,0.047222222222222235,0.04166666666666667,False,False,False
143,2410,0,0.9048229353334198,0.9549952865099621,0.9170151854350524,0.07583253816907368,0.8886681766542411,0.9863450805928213,0.9677120256439438,0.28958807057385905,0.8989904068429735,0.9847539658562677,0.936683116906952,0.2616087917252888,0.5426139634371263,0.12424999112532076,0.5893790610220728,0.6103696571155808,0.12424999112532076,0.05240995587396239,0.24027777777777776,0.4322916666666667,True,True,False
144,2270,0,0.9040912002374205,0.9595418004244683,0.8497526375399365,0.06764322758061861,0.9031931021171934,0.9566206861806146,0.8905740777091523,0.08699356654888094,0.9377134888959228,0.9920663145489773,0.8789247742339013,0.1835240458958994,0.3644109589990032,0.6517261583574758,0.4927715397962187,0.5178422382649935,0.3644109589990032,0.07081601785878244,0.18750000000000003,0.234375,True,True,False
145,10450,0,0.631920377438614,0.8666344104023858,1.0509308778440976,0.29183837297960424,0.6381863929518548,0.8638538635920977,1.091886651487675,0.23676602867749058,0.7967804728140375,0.913217988990483,0.9569300291052503,0.1878187428101614,0.8033703635115385,0.5452766659842583,0.4288018709705185,0.30264272932263625,0.30264272932263625,0.046089238443697514,0.2722222222222222,0.28125,True,True,False
146,10432,0,0.6202242844001491,0.8626783335657479,1.0716325006210028,0.2834215568263496,0.6372044810266332,0.869794673721265,1.0922059961302184,0.2643321718435903,0.7990360291304375,0.9166377704690885,1.0044123062018981,0.18298744218386506,0.8324411325387011,0.652177817181264,0.4290630516186529,0.5339455863174374,0.4290630516186529,0.03455210099504333,0.38888888888888884,0.4192708333333333,True,True,False
147,2275,0,0.9036919116625268,0.9583159452870054,0.8530401015217117,0.05995444977901913,0.902584137067687,0.9574245980601861,0.9014304842537465,0.10460584650034908,0.9344064060138173,0.9917353697322899,0.8787769153708404,0.19071713387238326,0.3790240038356212,0.6541629621826235,0.4240230292040714,0.6411328646781967,0.3790240038356212,0.08316255193517179,0.20555555555555555,0.2109375,True,True,True
148,10504,0,0.6809264707482784,0.8593772636572514,1.0843654724594058,0.0835650431863963,0.7570358527269946,0.8817088891056455,1.0204402667439794,0.03359043404730716,0.8020672792634495,0.8961441760938972,0.8818743672275311,0.028345681125657083,0.4856600814314894,0.15530573183712637,-0.4965304872013554,-0.040417191435897504,-0.4965304872013554,0.06477173324128091,0.08611111111111111,0.07031249999999999,False,True,False
149,2219,0,0.9073075957169143,0.9634520183475895,0.8454843540319108,0.08376052839513906,0.889301397350541,0.9473640550994606,0.8575470828401678,0.011409077005877864,0.9301038530751634,0.9879441879323596,0.9329113102557616,0.20712616389244293,0.5597003369533675,0.4858746003508606,0.5749032287953213,0.22318681851664846,0.22318681851664846,0.06868889278145864,0.09722222222222222,0.09375,True,True,False
150,2267,0,0.9058697704101338,0.9604272484407198,0.8445780155249019,0.05594358202774021,0.9023990657130875,0.9567870103274798,0.8852693046266155,0.08903670697860439,0.9316897619854685,0.991371361595611,0.8805622181995607,0.19710085830939714,0.18931545870913813,0.6540125130920431,0.4868546539573406,0.5692600080143639,0.18931545870913813,0.06247464131370168,0.20833333333333334,0.2708333333333333,True,True,False
151,6653,0,0.5943054749530314,0.8513941460855579,0.6012209382783166,0.26072952101969554,0.5439295135029238,0.9122036835710513,0.5093542975365841,0.35482167209645377,0.5567691497591005,0.8979738137522321,0.5001339254624115,0.3021775036483866,0.5094309396110512,0.37467421161511705,0.1971218509749475,0.17043729209309577,0.17043729209309577,0.07826087650878634,0.1472222222222222,0.15625,True,False,False
152,10746,0,0.6599504668283938,0.8504571119148769,0.6549980857533488,0.1585011087348816,0.6200858458943633,0.8899928430771467,0.5471959764060403,0.23343462261338005,0.6196074912362761,0.9573464961994265,0.4646750389942459,0.23276524183040362,-0.7046965437630008,0.43936688318179296,0.23806082425795982,0.3835437172645447,-0.7046965437630008,0.0832258164534388,0.06944444444444445,0.0859375,False,True,False
153,10741,0,0.6552302771988889,0.8465729003104953,0.6413684622403039,0.13909182915445248,0.6120609584404348,0.8848533496737139,0.5399791372680206,0.22796111424080623,0.5891327797599926,0.9522232509228633,0.4459004110508669,0.24745407990588916,-0.1378149291474018,0.3518830739841886,0.2990561574660968,0.30569386866303727,-0.1378149291474018,0.12403942810126692,0.24583333333333335,0.29166666666666663,False,True,False
154,2413,0,0.9036612951968928,0.9542825932742526,0.9239826395493708,0.07794796619290241,0.8856820308301576,0.9858039988281763,0.973257305602244,0.2932065377247927,0.8939603070351779,0.9844159805240065,0.9410133475517664,0.27061176457600616,0.5199456276596275,0.3790819672009499,0.5348851777735709,0.6327778198864574,0.3790819672009499,0.051554798011938685,0.24444444444444446,0.3828125,True,True,False
155,6637,0,0.6022952073780943,0.8552908577238771,0.6099187237232216,0.26271612014475926,0.5536076360868196,0.911672449927234,0.5225272955405202,0.35511275489180355,0.553118572570021,0.9167950402537444,0.4999254492918219,0.3370672297852212,-0.025228307637168212,0.18220256462032125,0.17233204902326937,0.26243637560045197,-0.025228307637168212,0.12269544810831681,0.030555555555555544,0.026041666666666657,False,False,False
156,6658,0,0.5998494411120281,0.8464115059151183,0.6111028143801293,0.2473718171529677,0.548917978423153,0.9102729766341934,0.5183797983546181,0.35510371778574085,0.5567025861393977,0.8969730684235322,0.507451903599616,0.3100505789253557,0.47562674382655634,0.2695071012110539,0.34616080081915757,0.17420937162162597,0.17420937162162597,0.06705108373944837,0.23333333333333334,0.23177083333333331,True,False,False
157,2363,0,0.9015901157440599,0.9558081569734669,0.8563654259331368,0.04571936609573839,0.8877067125730421,0.987944121194127,0.8992587576712482,0.28365785786014897,0.9055190255523208,0.9880985537128211,0.9057601903546272,0.2530614949306618,0.357993612819101,0.4660238740913455,0.42463197386847307,0.6729019795010837,0.357993612819101,0.08095482594961219,0.23055555555555557,0.3958333333333333,True,True,True
158,10449,0,0.6400205914792437,0.8675892390524177,1.0474178297844638,0.2834645907263123,0.643877753278757,0.8660321983607502,1.0938829000461237,0.23284774652179943,0.8080095189104378,0.9191618453784904,0.9594678154072038,0.18768166631080016,0.8036347481909301,0.5572086980481068,0.5033586173394574,0.2750006176169365,0.2750006176169365,0.05252283407714057,0.22499999999999998,0.25,True,True,False
159,2266,0,0.9055304407958322,0.9607408909262342,0.8414820658560346,0.057183488392870276,0.9014591379179016,0.9566259990066756,0.8802638551056138,0.08856064044739104,0.9298860451964693,0.9916791289153365,0.8757834878333439,0.20027393716608521,0.3099077435173815,0.5474894012321226,0.5166122094279167,0.5758861675891902,0.3099077435173815,0.07009599968545017,0.21111111111111108,0.31510416666666663,True,True,False
160,2268,0,0.9053047129928058,0.9605043935457785,0.8479712800990153,0.0678253301202083,0.9046050860566257,0.9568161413367112,0.888569877754291,0.07895878527996289,0.9367515422702176,0.9913150434277623,0.876585009791125,0.18108283308393597,0.2902539957970157,0.6482897066277618,0.430613588161173,0.579670120929665,0.2902539957970157,0.06509550282395107,0.24305555555555555,0.3880208333333333,True,True,False
161,2321,0,0.9128489672802733,0.957973021751501,0.8956251194717718,0.031242314330830162,0.9234077115750429,0.9794685527700646,0.9163084470727266,0.17877845322841096,0.9521114613095527,0.9918944138191461,0.9270513988945454,0.1659471309530922,0.3752196691218307,0.6200835511227829,0.3683228519077183,0.5165718881416664,0.3683228519077183,0.0669386436609291,0.20555555555555557,0.375,True,True,False
162,10748,0,0.659631216449246,0.8511736753149846,0.6413633347174966,0.14437808032502292,0.6188325094169714,0.8884562503807419,0.5401077203413671,0.22175504739022797,0.6207690127411278,0.9560827229130856,0.4606450307358896,0.2187844909537832,-0.5613414557324712,0.30988933909791294,0.18902303534712472,0.31082214216737214,-0.5613414557324712,0.06974374517964071,0.03749999999999999,0.07291666666666666,False,True,False
163,6655,0,0.5994204605295617,0.8484208505271725,0.6045798469918725,0.2468583481970733,0.5495690249631174,0.9123987681386072,0.5108719909269215,0.3488247902883733,0.5566593526891763,0.8987102544614941,0.497452125044536,0.300021136525197,0.4961277792432508,0.2389826841930679,0.3279254352448726,0.19847133303783304,0.19847133303783304,0.09011779466554651,0.21805555555555556,0.21354166666666669,True,True,True
164,6657,0,0.606514143923074,0.84557668141665,0.6143762626852161,0.23458931478422104,0.5572462604905215,0.9118526323493775,0.5184762981141753,0.34566460955041656,0.5653446502170242,0.9006715179390299,0.5066533001204812,0.3010218879694075,0.4999759841117991,0.37686467714022054,0.4023940033420791,0.2545927450798635,0.2545927450798635,0.09324891599612492,0.3,0.3125,True,True,True
165,2361,0,0.9044082908885477,0.9561340621250084,0.8617676271544032,0.02964843702559352,0.8979381086595116,0.9887521335315526,0.9026769756672641,0.2688563558897662,0.9134556485325783,0.9888364739830697,0.9020383345361468,0.238344302921726,0.47850466856787965,0.36066610881530625,0.406494268982478,0.641654843370325,0.36066610881530625,0.07176260871077922,0.19027777777777777,0.33072916666666663,True,True,False
166,2418,0,0.9003295075624318,0.9533908448730879,0.9257131062635313,0.08864839711381592,0.8780859506871331,0.9859492829026266,0.9796368094663666,0.30654557646162084,0.8874904902782317,0.9846558122334206,0.9461761977136652,0.28385893953376995,0.37914921016423697,0.49184636045702546,0.5119786805856525,0.6339638793661286,0.37914921016423697,0.0761446050518343,0.21111111111111114,0.2994791666666667,True,True,True
167,10494,0,0.6721078192715776,0.8558894273078301,1.0633829903885437,0.13185337988014753,0.7580269779981148,0.8788969157589585,0.9961910608679637,0.02597872313342288,0.7862031399006325,0.8885495830615624,0.8666849470406947,0.05328376253530779,0.7795342077096432,0.6874533418136135,-0.2532899484744442,0.20922088795980853,-0.2532899484744442,0.05500251129722147,-0.002777777777777768,-0.0026041666666666574,False,True,False
168,6660,0,0.5958512030127212,0.8460969556159847,0.6094235788244492,0.25301100372910307,0.54343660871337,0.9090759635151469,0.5166922792384558,0.35919012102377285,0.5487555138591935,0.8950316364104738,0.5041874498951047,0.31554229222650443,0.3826459133377905,0.3733406832237637,0.33780316961169876,0.12974541621510016,0.12974541621510016,0.08275492495162272,0.18611111111111112,0.21614583333333331,True,False,False
169,2412,0,0.9017495049276825,0.953569744244003,0.918250716296492,0.07936194601150666,0.8823413749422848,0.9857681897871425,0.9676947869873571,0.29844748476938426,0.8925566696394555,0.98467818669133,0.9351529799067508,0.27309653164991865,0.5229153746802098,0.352399554226556,0.60505962830448,0.608096502447979,0.352399554226556,0.0455288148686459,0.22916666666666666,0.39583333333333337,True,True,False
170,10500,0,0.6769964861261388,0.8557963372619335,1.074132331874214,0.08786511367697969,0.7527323468657303,0.8782878649085833,1.0125062761419896,0.02535044113871666,0.7930487927919696,0.8907148181146657,0.8739253827808261,0.00649686680202097,0.6732648068951446,0.4105427256952786,-0.2067807121764531,0.18816989094042458,-0.2067807121764531,0.05733127189504224,-0.041666666666666685,0.002604166666666685,False,True,False
171,6639,0,0.6055164468246786,0.8549379559804703,0.6130301453877909,0.25861761913226616,0.5581232478053819,0.9118287437304243,0.5239335611113795,0.3504935625493851,0.5574230923472969,0.9073178807413562,0.505922423472297,0.3235495808210105,0.02536803249797115,0.2618190926276469,0.18708774883801682,0.16056425929705864,0.02536803249797115,0.10147998864823111,0.07916666666666666,0.05208333333333334,True,False,False
172,6642,0,0.6057588216518683,0.8540117046294742,0.6137744243218484,0.25663830412209976,0.5588352599740192,0.9119762092714041,0.5235671683302648,0.34929037092110776,0.5640745369816329,0.9020612020493319,0.5092309966429978,0.30874634407790247,0.1069049264050903,-0.04566910867467966,0.1308353964226735,0.12723668908844932,-0.04566910867467966,0.08914559580430408,0.15833333333333333,0.18229166666666669,False,True,False
173,2396,0,0.8998892684701589,0.9526846268643839,0.8849439692920089,0.05594580507271255,0.8879847307181191,0.9858125849053322,0.9362419381606226,0.28527963968871906,0.8915853772053349,0.9820831947347376,0.9244448893336785,0.2637799270709371,0.4102512087383443,-0.06469166222461675,0.30347972073095997,0.5609069670727322,-0.06469166222461675,0.062404377370778,0.22500000000000003,0.5494791666666666,False,True,False
174,2417,0,0.9003733407155141,0.9533672074653821,0.9248007483225277,0.08786153291894014,0.8780327271393125,0.9861630296250298,0.9752938046548986,0.30719155881705773,0.8884556678604729,0.9847606074633878,0.9437931077518993,0.28216918704666627,0.4145743669244839,0.5172355008076626,0.4768036802012272,0.645067206166879,0.4145743669244839,0.07252905790318658,0.21805555555555556,0.2994791666666667,True,True,False
175,2282,0,0.9035751008071782,0.9571135125789977,0.8613010798236977,0.05754261797694179,0.9058879640274058,0.9603905218984887,0.9207239918986586,0.12201867448394288,0.9352893136444314,0.9915103793187698,0.8800349305806822,0.18808706223730834,0.25256454989510535,0.6368460456464944,0.16476181841270943,0.5697318886789848,0.16476181841270943,0.08135799128181069,0.20555555555555555,0.2994791666666667,True,True,True
176,6643,0,0.6119423176446896,0.8542976849957572,0.6209578211451678,0.25186251186432795,0.5670462201956779,0.9120104263896054,0.527693545115411,0.3420779624812871,0.5775524065926376,0.901603896121311,0.5166010323199789,0.29514398820450843,0.07525027468317813,0.1212029914093542,0.14938795294030582,0.16949185891173757,0.07525027468317813,0.07474324304324832,0.16111111111111112,0.17708333333333331,False,True,False
177,10692,0,0.6318381984059483,0.8243309804062432,0.6956248451553274,0.17640322446129705,0.6094152113054645,0.8899699168252352,0.5726697704222936,0.28627235046564237,0.546963992764,0.9370999765654687,0.48736159705823484,0.3590651240558032,-0.3553925746971256,-0.6222827727167388,-0.43234835617649736,0.3337901212177832,-0.6222827727167388,0.07843537190536819,0.04305555555555554,0.11197916666666669,False,True,False
178,2265,0,0.9040518546897744,0.9597799407062905,0.8523131896434892,0.07467648430665251,0.9028086150312287,0.9550709955543957,0.8884617849954203,0.07010852007242913,0.9354316896615702,0.9911840952317638,0.8843910719190354,0.18870471947083492,0.19211367415786162,0.5250448764718818,0.44267498529857985,0.5679017862831665,0.19211367415786162,0.06902650270203294,0.2236111111111111,0.3098958333333333,True,True,False
179,2365,0,0.9015250473434545,0.9553048398642449,0.8549440715683542,0.031780590171579595,0.893843644543787,0.9879978268465476,0.8927508057412497,0.2705994572800913,0.9129130744955247,0.9890096561130589,0.8999614848160665,0.23936885465324842,0.4699808727849979,0.43508792725667167,0.24307740710889492,0.675802433864384,0.24307740710889492,0.057127797527799416,0.23888888888888887,0.40885416666666663,True,True,False
180,2369,0,0.9012710412484373,0.9534718991055239,0.8681600430774181,0.023653928986464432,0.8965289389085984,0.987619539575259,0.9098901301944238,0.26985469230597986,0.9137909097912018,0.988752439916609,0.9217063327042325,0.2436089020489854,0.45139632919184225,0.2968141270098118,0.34178192038277555,0.6544709805248867,0.2968141270098118,0.0591584306679594,0.21111111111111114,0.3203125,True,True,False
181,2289,0,0.9052143099784301,0.9573036244442206,0.8595311832668637,0.040699743756334984,0.9096525918923202,0.9653745585114041,0.9368117053833134,0.1465592363174405,0.9384828768061174,0.9927118292081513,0.8955208865946196,0.19377259795329493,0.10227583273474528,0.5352511486194497,0.23795570280373868,0.46307708479965515,0.10227583273474528,0.08666537013102413,0.21666666666666667,0.38541666666666663,False,True,False
182,2330,0,0.9051737955076953,0.9561286363841457,0.8670174305684033,0.032670580101596465,0.8940357080482553,0.9822170378726098,0.8903155471331159,0.24953700615108426,0.9181417531767059,0.99081297068437,0.9006967761876227,0.23547327064680745,0.3463017886054025,0.6129432125012659,0.45276103980669946,0.6041555681261002,0.3463017886054025,0.09163620929640744,0.17638888888888887,0.1953125,True,True,True
183,10491,0,0.6752379290045423,0.8581783174275945,1.0585249644755566,0.1452353831370093,0.7663646481481078,0.8831860306075004,0.9900064596130161,0.04735306177220721,0.791029334952809,0.8925036185372724,0.8721395158161279,0.07154493322156563,0.7932107659897133,0.660279891810108,-0.17312228964324516,0.24811252038303844,-0.17312228964324516,0.053183989319336065,0.022222222222222227,0.03385416666666666,False,True,False
184,6640,0,0.5953251287055124,0.8543592100301808,0.6153257752218201,0.2783299267085717,0.5474047254150076,0.9104219491121688,0.5245747787216991,0.3641227280902148,0.5531935704353209,0.902733025888007,0.5095595633093176,0.32733465126301536,-0.03649394683778251,0.22714602492013758,0.20608528492655154,0.173707503667074,-0.03649394683778251,0.0807304939578677,0.125,0.12239583333333334,False,False,False
185,2371,0,0.8988879313129615,0.952158654218651,0.8681116693883102,0.02557881606797773,0.8928169481294571,0.9880963656855078,0.9123768857728756,0.278897902669081,0.9084689553932994,0.9888367679603557,0.9279480882073136,0.25616745881339675,0.36191849019287625,0.31871007523245243,0.3679117686165052,0.6319721779410001,0.31871007523245243,0.08549928089859514,0.1638888888888889,0.24479166666666669,True,True,True
186,6659,0,0.5947916475998123,0.8449934899983484,0.60660826234112,0.24978957899517776,0.5427417209384737,0.9107360076901968,0.513874264620888,0.35944277938636393,0.5510070774969384,0.8977057784767569,0.5040452383685132,0.316069559393668,0.34223096826089583,0.2486617763821184,0.4044380349683747,0.12109597930684723,0.12109597930684723,0.07916732709368413,0.1472222222222222,0.15885416666666669,True,False,False
187,2415,0,0.9018660714040061,0.95347890401928,0.923511823711509,0.07973658572844261,0.8831480146121222,0.9852198353525466,0.9716059177197476,0.29550764898165466,0.8914219830190038,0.983694954796941,0.9395899262206855,0.2725592183879308,0.4747601444443331,0.46933246752845126,0.46240848887264063,0.6609666902880957,0.46240848887264063,0.05325388895436261,0.22638888888888892,0.3307291666666667,True,True,False
188,6634,0,0.604090583812115,0.8574049791642523,0.6089534528931333,0.2632955631549613,0.5561088992247292,0.9083596341655896,0.5272236246665767,0.35177218198698207,0.5555890838346402,0.9340337024412126,0.49370249642869396,0.3506255873049774,-0.1579247184399286,0.10975503557252897,0.13120758371353003,0.19301227581790648,-0.1579247184399286,0.08891612369443672,0.09444444444444444,0.08854166666666666,False,False,False
189,10457,0,0.6232584762571163,0.8460093878223671,1.0325385324207224,0.24016720475923933,0.6209008490372947,0.827589363820101,1.0210931321166186,0.16297115611638885,0.7483992403036369,0.8699722415566502,0.8530452038766473,0.09036556960948024,0.7732587602901292,0.6578740730233944,0.16773720516576296,0.3596516473160022,0.16773720516576296,0.0663188174072274,0.07083333333333333,0.044270833333333315,True,True,False
190,10424,0,0.571938307117529,0.8549729860936762,1.10554058336105,0.3102521217204863,0.5847743378511567,0.8667806729775582,1.1293121354212445,0.3124285973201733,0.7850573223840572,0.9162269037332931,1.049025648175239,0.19177828400338495,0.836935730511519,0.5901012460327211,0.34285454674727556,0.3966753342572149,0.34285454674727556,0.053224612260670184,0.3319444444444445,0.34895833333333337,True,True,False
191,10431,0,0.6105284207523031,0.861636167804668,1.0740126307094322,0.2945924352743497,0.6251829064872909,0.868363623053077,1.097157108084557,0.27663336125949317,0.7963910303305188,0.9167374062420647,1.010046413502709,0.18790920902644082,0.832713907835789,0.6304875275581399,0.4199704852793382,0.5244580506114624,0.4199704852793382,0.0359953542243899,0.3944444444444445,0.4192708333333333,True,True,False
192,2409,0,0.9047284118332727,0.9546856759785519,0.9147405166562774,0.07141927143335136,0.8910724396869358,0.9863890790734934,0.9675045156899597,0.2855422015995737,0.8997491196234693,0.9845574352803639,0.9373992751104705,0.2595772171662409,0.5234814487890462,0.028178821009601784,0.5319677430085583,0.5892955545648497,0.028178821009601784,0.06256607595029079,0.22361111111111112,0.4453125,True,True,False
193,2395,0,0.8996793164688557,0.9526909028604741,0.8830792335037322,0.05563142469519325,0.8870456454337255,0.9856844235395678,0.9334331616966319,0.2860033968515492,0.8935436134960162,0.9824272809853831,0.9233556142244291,0.26101779080054976,0.36591376633744266,-0.02608064960211265,0.295682960433017,0.5644735096571369,-0.02608064960211265,0.06612861498516204,0.23055555555555554,0.5338541666666666,False,True,False
194,2320,0,0.9134233112696356,0.9584754893764785,0.8995934302880239,0.04224755121125446,0.927069305028884,0.9792008664024922,0.9191276607606046,0.16779821720869129,0.9567971066143395,0.9921967623846374,0.9326287215111575,0.15527059341263671,0.3112289355293213,0.5836027519104228,0.32446575572327296,0.5440698305098184,0.3112289355293213,0.05417957420421447,0.19166666666666668,0.35677083333333337,True,True,False
195,6651,0,0.593094880832604,0.8499341187965036,0.6007720395640879,0.25925158386086045,0.5434827140585721,0.9088019747415879,0.5115706642983933,0.3530518393086484,0.5560778027237383,0.8933950923351286,0.5027269417980832,0.29909093005425413,0.49698220005527716,0.39378896085037196,0.2888604222830514,0.04904938615336041,0.04904938615336041,0.09055831476042568,0.13472222222222224,0.14322916666666663,True,False,False
196,10427,0,0.5925488707625248,0.8574672838642111,1.0892677692476935,0.2982780701139873,0.6097375422117373,0.8692290687736666,1.1132644116260217,0.29371479913060544,0.7893549465642148,0.9159662199376384,1.0257013086041684,0.19390043790043526,0.8288245933758338,0.5218809766986838,0.32887054030475216,0.3837928287790082,0.32887054030475216,0.05454931127998863,0.3263888888888889,0.3515625,True,True,False
197,10406,0,0.5922441725990741,0.8602091902483263,1.1154661651960587,0.2873317857967324,0.6187905907577458,0.8718063004144466,1.1115258267797625,0.28946534052243317,0.7262875897274472,0.8903494869736818,1.0883856589525815,0.16497361551107062,0.3665165041119963,0.6994072549778274,0.3865854859214116,0.41336528388783955,0.3665165041119963,0.055925549146415295,0.27222222222222225,0.3072916666666667,True,True,False
198,10492,0,0.6822224904388006,0.8563637430267096,1.053559840100761,0.11068003085777235,0.760817636495233,0.8789198230978138,0.9856139554317359,0.017285284625115315,0.7823551080372754,0.8858937441956996,0.8661755999013276,0.04542920595153245,0.7655161260341807,0.6686835910465982,0.029903325842857265,0.3049488112540718,0.029903325842857265,0.04091001861161038,0.13472222222222222,0.15364583333333334,True,True,False
199,6621,0,0.6079936518310918,0.8555071380731198,0.6438022140988938,0.2812113735751725,0.5580334421994131,0.86717022786842,0.5771913013857082,0.3314558554285747,0.5582174246812803,0.9426261277177203,0.4988194287441167,0.3651879049489134,-1.2026134477106596,-0.01373690826558005,-0.01567682181426555,0.25346801433107946,-1.2026134477106596,0.1282675874849541,0.08611111111111108,0.07291666666666666,False,True,False
200,10458,0,0.6288847366657844,0.8474165364520669,1.0437115219993773,0.2251628926702038,0.6345645764662513,0.8327873164366595,1.0268248944882794,0.1460121784488653,0.7560830611687569,0.8731993251188983,0.8605690973397989,0.07895870797822716,0.7738485879800452,0.6416841007610732,0.230419663204254,0.39680011085399547,0.230419663204254,0.05620766926771763,0.03611111111111112,-0.0026041666666666574,True,True,False
201,2347,0,0.9085221397349352,0.955484552391463,0.8889483490214367,0.0012344087173765622,0.9121795444234377,0.9890812948719578,0.9242504693384291,0.24879555362343722,0.9296325537558446,0.9906617114282086,0.92326505038231,0.2173379000862174,0.1415263018771621,0.5267720381578067,0.34032463890647935,0.6124816938793474,0.1415263018771621,0.06398893314498033,0.19861111111111113,0.25260416666666663,True,True,False
202,2414,0,0.9030867469133739,0.9539851360861724,0.9239885151331078,0.07810951088937783,0.8854569201264301,0.9856473866670996,0.9750167676230476,0.29313962655361714,0.8948470894281766,0.984208423023362,0.9452186074133339,0.26888459383284136,0.4903939789206023,0.388223069690365,0.5140276306488274,0.6331941978371889,0.388223069690365,0.04904789507384878,0.22361111111111112,0.3515625,True,True,False
203,2370,0,0.900276040863302,0.9532330181739129,0.8663287791054596,0.02871931937874499,0.8931320009670872,0.9880597790413964,0.9098871524191661,0.2775232718876509,0.9108395417065227,0.9889483400504185,0.9226694890494561,0.25057212832226256,0.36036872930979613,0.3233533166253836,0.37157838215876937,0.6390759612950524,0.3233533166253836,0.07453569092137416,0.17083333333333334,0.2421875,True,True,False
204,10461,0,0.6264488413311413,0.8419102296674063,1.0308864210777622,0.21599072333671943,0.6587117457414036,0.8348493122171554,0.9890834779680556,0.12030565441066068,0.7725067923649386,0.8824378672766565,0.8162242839255701,0.04249186532318824,0.7546205681878909,0.6258025782123187,0.11826774789428096,0.3298812855743447,0.11826774789428096,0.06277517983017308,0.1138888888888889,0.13802083333333334,True,True,False
205,2220,0,0.9059173043859619,0.9628504147434792,0.844910606038078,0.08516935075636894,0.8888650303523506,0.9476294610581999,0.8524720957266478,0.009035537408552518,0.9277900020373494,0.9881618831130118,0.9257080705380966,0.21159732156849617,0.5715635019036878,0.4904619425452683,0.5634996829702426,0.26366029453973616,0.26366029453973616,0.06554755601362926,0.14305555555555555,0.15104166666666669,True,True,False
206,10430,0,0.6107715641441093,0.8590917581654873,1.0706688529097994,0.2872319929661659,0.6260736301232948,0.8671489875545328,1.0936900076297575,0.27304377436014293,0.7996751952037113,0.9164061280547009,1.0045528697583868,0.1798753686848783,0.8251602051282532,0.5854531410993897,0.4106480379407068,0.48640063111918397,0.4106480379407068,0.04263898833900838,0.36111111111111116,0.3723958333333333,True,True,False
207,2350,0,0.9085847178306279,0.9552708050585628,0.8923727114553177,0.0011928904746202973,0.913651003790166,0.9886558757313589,0.9257629283405895,0.24460971770654613,0.928887590718681,0.9893765774565588,0.9243798992373007,0.21390150331738023,0.24386137521588658,0.5024418892254101,0.3739965413652667,0.5867378412409412,0.24386137521588658,0.0690771155881912,0.18055555555555555,0.22395833333333331,True,True,False
208,2411,0,0.9059469838562956,0.9547193049964912,0.9182669621507472,0.06490912245396388,0.8942993769524381,0.9868707776923897,0.9701779381075352,0.281666299044344,0.9044443555265221,0.985758869566334,0.9387883382493715,0.25508814670614566,0.48895042614282636,0.2376523545075795,0.5901374990796999,0.6158404247313789,0.2376523545075795,0.048945374036501677,0.23750000000000002,0.4453125,True,True,False
209,2318,0,0.9139475717381614,0.9587351156413002,0.9086056955159885,0.05208158468668355,0.930696347769718,0.9782062643212167,0.9302881029703304,0.15458006857386866,0.961232178008474,0.9926466938492067,0.9397130327208579,0.14599078162965204,0.33926491245848767,0.5115814620230701,0.1462015155255849,0.546665496592631,0.1462015155255849,0.05417494139187181,0.225,0.46875,True,True,False
210,2319,0,0.9134376721627739,0.9583231642014908,0.90433652931575,0.04506726235415132,0.9277781224584482,0.9790226782325812,0.9235116295494568,0.1662101245693177,0.9570792583826259,0.9923370212039762,0.9327213479332286,0.1552400617425477,0.26823632845670453,0.5992567833939537,0.17823137258172395,0.5615966408041717,0.17823137258172395,0.05869770073334299,0.21527777777777776,0.4270833333333333,True,True,False
211,6620,0,0.6125836218750731,0.8584880027397697,0.6414549631721623,0.27805519004163676,0.5640649461600891,0.8699735136041169,0.5759956504139871,0.32613798332418853,0.5572661648035946,0.9454085938697432,0.4967997670541367,0.36780615147424517,-1.3839454072385697,0.06608351064694262,-0.14703574273725062,0.28059801049359157,-1.3839454072385697,0.10271144149922312,0.09027777777777779,0.0859375,False,True,False
212,10745,0,0.6574557657334346,0.8489181508845351,0.653496579362829,0.15816659113659529,0.6168538648257178,0.8872972685286956,0.5468840056218837,0.2335837929949428,0.6123912164757986,0.95571968978525,0.4608790326071514,0.2369422566174378,-0.6010091344475164,0.4070835075656315,0.23125794950094947,0.3904312727387197,-0.6010091344475164,0.07991857604558807,0.08194444444444443,0.09895833333333334,False,True,False
213,2317,0,0.9138834970943499,0.9591399042905386,0.9015393980943289,0.05242175687683057,0.9294294704256514,0.9768822032940844,0.9275781875170948,0.14979480203036175,0.963203393493206,0.992459012077428,0.9385978760922686,0.13736984818687817,0.394144598022075,0.452387294144453,0.2826848825768439,0.5346383448496008,0.2826848825768439,0.05308367098370471,0.22499999999999998,0.4765625,True,True,False
214,10429,0,0.6043444392986961,0.8581841212349004,1.0832509407780835,0.28544784704344517,0.6206691463899818,0.8687738204136553,1.1072190734369047,0.277925648252972,0.79534737884474,0.9168294804773852,1.02222343900461,0.18471878879435477,0.8248264243631678,0.572096367541522,0.3576643992928361,0.4277651002063835,0.3576643992928361,0.05315306730776224,0.3388888888888889,0.3515625,True,True,False
215,2345,0,0.9088155596470444,0.9555776047372302,0.8899719448231153,0.002982685959303889,0.9132603914394629,0.9893004349247285,0.917344285533365,0.24551430033210256,0.9330245816586868,0.9915888202729979,0.912922721055859,0.20984625721148195,0.13570862012253426,0.5093231271140732,0.2690999533124475,0.5694740622253636,0.13570862012253426,0.06643456637171008,0.1875,0.28125,True,True,False
216,2264,0,0.9046295312485173,0.9601123654665061,0.8456664665629707,0.06394027914651931,0.9010686933605976,0.9553676988666758,0.8842644836092763,0.08125933458544418,0.9299586317990516,0.9914670657704316,0.8839559307665349,0.20369012386110535,0.22829215508055523,0.5118082203155973,0.48405792998256714,0.5417076823570304,0.22829215508055523,0.07135460073957925,0.1777777777777778,0.18489583333333334,True,True,False
217,10451,0,0.6279827396400601,0.8629861223163409,1.0355269009852366,0.29494404107705796,0.6337079832151874,0.857299380270868,1.0748751171210893,0.23219613031166342,0.7777886128992025,0.9020641528105051,0.9370178022356873,0.1863044961303757,0.8009669334916268,0.5626156569140275,0.48213000626120983,0.3109549227260193,0.3109549227260193,0.05525189409363745,0.24583333333333332,0.27083333333333337,True,True,False
218,2331,0,0.9072026478320842,0.9567872163146226,0.8690100157092785,0.023114768545002454,0.9006331809113799,0.9829171067711653,0.8930643267286026,0.239623320631863,0.925731001201554,0.9913196330413045,0.9018723292368082,0.2213205672631875,0.20725677485308458,0.5940832570688805,0.5017131998530193,0.6311080713130197,0.20725677485308458,0.10041877788711552,0.2013888888888889,0.17708333333333331,True,True,True
219,6616,0,0.6161346394110296,0.8538894401865792,0.6502115995358917,0.26740956205602134,0.56647552369399,0.8656656113985464,0.582499669413219,0.3204972330045783,0.5532912182244466,0.9510678069819362,0.49357081691998084,0.3767429618947574,-2.2734814778720236,0.07389376879727716,-0.4712936858165535,0.15159257017838557,-2.2734814778720236,0.06747892202580279,-0.008333333333333331,-0.0078125,False,True,False
220,6628,0,0.6035708095808763,0.856163170853005,0.6158742060459257,0.2677793474787361,0.5539297628107982,0.8915969809656447,0.5382402531657353,0.340814372605961,0.5506769923686069,0.9385887728539577,0.48815810376565916,0.356909098375985,-0.3633219242415593,0.24984678472974597,0.2912690405523931,0.1881802512539622,-0.3633219242415593,0.08945825330082069,0.10277777777777777,0.09895833333333334,False,True,False
221,2284,0,0.9040231613165174,0.9577094437508855,0.8600398596214355,0.06037275601703621,0.910269862154009,0.9621361360872903,0.9280648356751833,0.1194789885260189,0.9389445802459743,0.9915790102454992,0.891008890632395,0.18485130336158215,0.06071074986958269,0.5821914666846566,0.20043447576804052,0.582407810277606,0.06071074986958269,0.08179705814623422,0.20277777777777775,0.3203125,True,True,True
222,10455,0,0.617004687967309,0.8489651238012003,1.0319761569926085,0.2650359507570476,0.6165077484955481,0.8333849320793507,1.0405950481834945,0.1873143462350472,0.7421925393093962,0.8702245524388967,0.8829628885283868,0.12221279455013367,0.8033653935654066,0.6624148906025406,0.3454697651491646,0.3459132219979988,0.3454697651491646,0.0727754325693848,0.23472222222222222,0.2760416666666667,True,True,False
223,10486,0,0.6682293348338759,0.860677677975395,1.0792142764550563,0.1574118345493141,0.7673905339400765,0.8858467650131399,1.0056182806019522,0.05466938080614899,0.7918918236244329,0.8929153017476879,0.8958646225493435,0.07346573335603857,0.8197992019087046,0.5694124207306426,-0.18140245318879455,0.3024700408420409,-0.18140245318879455,0.0586590589680686,0.036111111111111094,0.09375,False,True,False
224,2857,0,0.5316783040672766,0.7577570820013562,0.8608926217093649,0.17855125792071797,0.1855265090131778,0.6486688644173846,0.8436967702158396,0.4440820899464769,-1.6502068168946873,0.24753230494323356,1.1619800940607494,0.9355556102462771,0.7867876826915101,0.8629452985471302,0.7099100365439284,0.13364402363776795,0.13364402363776795,0.07209558442580266,0.23750000000000004,0.09635416666666666,True,False,False
225,2861,0,0.5291791443107712,0.7566196153499243,0.8637462976968527,0.17837592873153216,0.18263239420620014,0.6523344157017237,0.8510119605508357,0.45103772444823126,-1.6479285378887667,0.23699615214116265,1.175696425773044,0.9071590325306332,0.7716670852468304,0.8729639162260159,0.673264734612895,0.09721378508113576,0.09721378508113576,0.08846454359637115,0.17916666666666667,0.09895833333333334,True,False,False
226,2380,0,0.8996219144982301,0.9523006393230518,0.874638335740673,0.03497370096431603,0.8891566149796991,0.9877039188971585,0.9231177778045,0.28675956270692005,0.9018800213672478,0.9871380950816735,0.9406503358506711,0.2653308983814486,-0.10187301667797533,0.08023720921113875,0.23508437621214728,0.5498343471273119,-0.10187301667797533,0.08069696824590085,0.1527777777777778,0.3697916666666667,False,True,False
227,10501,0,0.6671227360785974,0.8571335942983652,1.0867442707557744,0.1217957292067651,0.7510658113578188,0.8784826768400166,1.0222392867543098,0.0001981316019248466,0.7935350701704814,0.890891171282795,0.8818395655060693,0.00837122046130694,0.6030841717984717,0.26692683034566944,-0.45669767956060703,-0.005566655925167474,-0.45669767956060703,0.0666002936062365,-0.027777777777777762,0.0026041666666666574,False,True,False
228,2362,0,0.9038535861943597,0.9568316525820584,0.8543456127415199,0.034202877457263074,0.8960881817886205,0.9887521835004092,0.8977424987769606,0.2706657271889883,0.9120399148671152,0.9888326762648446,0.9011759464634719,0.240969799980222,0.39673443035314604,0.4027669059400193,0.41757398382703237,0.6681484665032857,0.39673443035314604,0.07638051598083956,0.21805555555555553,0.3932291666666667,True,True,True
229,6629,0,0.6093687564246442,0.8577284808005181,0.6201713112650568,0.2643784816395255,0.5627118976996854,0.896458091723895,0.5406360467869079,0.33810632181966527,0.558862647154493,0.9377189911192486,0.4916050075366005,0.348477506882768,-0.26672392683459756,0.19699150320175918,0.2612384733953794,0.19529382923399674,-0.26672392683459756,0.07903876549613448,0.08055555555555555,0.0625,False,True,False
230,6623,0,0.6093065107072593,0.8554465107634943,0.6345756710430852,0.2714742975520493,0.5571214742474351,0.8734525439805947,0.5652978289995811,0.33292423158086293,0.5591838180302524,0.9409747592344633,0.4978770880058693,0.3604360321026475,-1.2273310485108007,0.31567714198634333,0.22308397158358495,0.20744687966531283,-1.2273310485108007,0.10797161874057594,0.02777777777777779,-0.0078125,False,True,False
231,2332,0,0.9042408695507347,0.9563115991729016,0.86070450631782,0.03391591009685322,0.8919787052525001,0.9829332859067977,0.8837802854265597,0.253668724494763,0.9193300355618071,0.9913952854941459,0.8914930285630308,0.23141762162437374,0.10833897548657956,0.5706721144634922,0.5042070087305387,0.6284724597627863,0.10833897548657956,0.108460647252849,0.19583333333333336,0.1640625,True,True,True
232,2349,0,0.9081490979109761,0.9554304046843098,0.8869548525129755,0.0030428669176601458,0.9108202954822496,0.98850750204168,0.9202982690504657,0.24834308253942275,0.9286022691563518,0.9899532804813016,0.9187035005465946,0.2152410212728848,0.15489173063646977,0.5516790488425716,0.37331633181984114,0.5531447082330792,0.15489173063646977,0.06973014457147367,0.15694444444444444,0.20833333333333334,True,True,False
233,10493,0,0.6786236725488011,0.8545367938239422,1.059150161801839,0.09870577032191995,0.7601987775957031,0.8788471584495668,0.9890524137204294,0.005324662417329599,0.783951237374573,0.8863573145659994,0.8637619759301907,0.034168733983125005,0.7504189962894143,0.7119259647244924,-0.060560199614680066,0.2517209195024237,-0.060560199614680066,0.04958270019978158,0.03472222222222221,0.0625,False,True,False
234,2419,0,0.8997767015475009,0.9533471956689946,0.9241769219016992,0.0907924505164233,0.8767400722460269,0.9855912436679607,0.9784690024892173,0.3075699937079725,0.8870355967546506,0.9848275936951828,0.9418338194013425,0.28460732232457214,0.3180009003384844,0.5487642853882735,0.5777882294466096,0.6401409018235984,0.3180009003384844,0.07724038155592725,0.21111111111111114,0.3020833333333333,True,True,True
235,2280,0,0.9033938955090237,0.958010274338064,0.8510595419026572,0.05432615447276785,0.90439289523894,0.9602167436053707,0.9052746028064435,0.12084974400300784,0.9324341373565526,0.9917897507702178,0.8727290675639756,0.19245084071201396,0.09094160001246765,0.5983594102088285,0.3724103750106813,0.5225681163619309,0.09094160001246765,0.07906719996455651,0.22083333333333335,0.2760416666666667,True,True,True
236,6661,0,0.591327760943284,0.8460639987534239,0.6050395320049317,0.2576892226538671,0.5386478113923769,0.9086552801044545,0.5150186668225393,0.3633962346437723,0.5377326284146685,0.8915442170337863,0.5019001683516291,0.3244934172495567,0.2771835683656958,0.2278880399198574,0.25820893158911895,0.16482769976174094,0.16482769976174094,0.06859959938467339,0.1888888888888889,0.22395833333333331,True,False,False
237,2856,0,0.534309512325774,0.7583477018153243,0.8599476224114636,0.17452558740101254,0.19066939080534107,0.6484814574024479,0.8436097053387751,0.4379312464836922,-1.6298158730376038,0.2528717887148255,1.1589142775929786,0.9342628232531367,0.7564554291373857,0.8558986683821803,0.733404482594191,0.132783592171001,0.132783592171001,0.07012200539422107,0.23472222222222222,0.08333333333333333,True,False,False
238,6622,0,0.6058282605238179,0.8551326337339221,0.6440811928636577,0.2843955872714661,0.555116953500298,0.87067197303696,0.5755873554166946,0.3404082836472637,0.5567073189437246,0.9431214158094215,0.5019738500726117,0.371698145353364,-1.4193267529051061,0.1889329732892484,0.13665215514173334,0.1702812940916979,-1.4193267529051061,0.11849233480624223,0.041666666666666685,0.03385416666666666,False,True,False
239,10433,0,0.6232722631777933,0.8629460576306206,1.0736525006645112,0.2775003244438522,0.6376985381648819,0.8699758253100527,1.0987791222641714,0.2584733057047703,0.7979862962680322,0.9163351321099888,1.0128056679096569,0.17993669384959748,0.8080510841102181,0.6116432849018467,0.4643373763634494,0.4952549299223371,0.4643373763634494,0.03711486944042535,0.37777777777777777,0.3958333333333333,True,True,False
240,2397,0,0.8986864166788266,0.9517347804009932,0.8879557090512032,0.05518066331477095,0.8873293514145228,0.9857920693894199,0.9394922896254886,0.2869023928975897,0.8911852476983618,0.981979408961625,0.9231738534376392,0.263894332197142,0.48687349852257966,-0.19964926965405816,0.25174883126746717,0.5474140021776783,-0.19964926965405816,0.06735963272103204,0.2138888888888889,0.4973958333333333,False,True,False
241,2860,0,0.5296231674014926,0.756907900949649,0.8659120892006927,0.17721312045738044,0.18303976565898694,0.6508987045832066,0.8515722956663576,0.4476153123061163,-1.6608723390506936,0.23793418739191505,1.177148939109429,0.9139806708769903,0.7933938739592201,0.8580077986005116,0.6813232852610989,0.12053008828325762,0.12053008828325762,0.08101917281043884,0.2013888888888889,0.09895833333333334,True,False,False
242,2283,0,0.9029645351189135,0.9573427371712045,0.8553163513906359,0.05595710768164212,0.9062337565605059,0.9612212283038056,0.9187271614900229,0.1261219547382474,0.9348525215968381,0.9915699237122596,0.8821029667239373,0.19072330046854588,0.16490157032064823,0.5838725378370418,0.18995696823148,0.5608973941049944,0.16490157032064823,0.08541124226652681,0.17361111111111108,0.296875,True,True,True
243,2482,0,0.882364340306832,0.9542241560567036,0.9399559648021584,0.1672597333897794,0.8585729794863962,0.987630352234872,0.9767882557598918,0.34164774565802364,0.7860929618311897,0.9881679221329652,1.004453151873476,0.4360248522661192,-1.3889997456596501,-0.12129986914198265,0.5406525543391765,0.6143418526421494,-1.3889997456596501,0.08911911970915105,0.1611111111111111,0.3463541666666667,False,True,False
244,10454,0,0.6065713622419908,0.8469422632812109,1.0327953705200759,0.27604068109531865,0.6036528708910309,0.8295219239898916,1.0437936925652074,0.19631953718483214,0.7320128536219535,0.8659562691352802,0.8858215881843599,0.13218462668487246,0.7964578365995689,0.6018300941696879,0.3985071161856347,0.3636843462007753,0.3636843462007753,0.05965320990618373,0.2930555555555555,0.328125,True,True,False
245,6633,0,0.5969922378315011,0.8563206703122772,0.609905893300463,0.2749047293932659,0.5480969958845625,0.9038533202188049,0.5291019166549921,0.35835068593899444,0.5469711863287441,0.9371724196999406,0.48935457457654585,0.36163536263277263,-0.18850567844424115,0.09224764770873517,0.020542390853936277,0.2808589030360148,-0.18850567844424115,0.08593154418128274,0.07916666666666666,0.0625,False,False,False
246,2333,0,0.9053770693762367,0.9557185149166956,0.8709311792281931,0.02884299022609987,0.8949239726095449,0.9829873363254917,0.8956812396916561,0.2524238028738664,0.9223183431763327,0.9910275302141324,0.903382190176854,0.22833203199669377,0.08155002268148892,0.5609421603179701,0.5141018345434423,0.6483764966723353,0.08155002268148892,0.10646822881711933,0.2097222222222222,0.1875,True,True,True
247,2382,0,0.8996608791955767,0.9522500486842765,0.8742700999337234,0.032224270612242305,0.8911918388585456,0.9878407942731731,0.9262176683793549,0.2843240867861564,0.9033982984029439,0.9871984165807979,0.9434606637161655,0.26315285343511347,-0.04302156598343965,0.1633586239872883,0.1635251670777511,0.5867019202967902,-0.04302156598343965,0.0844052481031683,0.18888888888888888,0.4010416666666667,False,True,False
248,2342,0,0.9073665114212409,0.9557079210851112,0.8784851458644334,0.006911005049970204,0.907789637141785,0.989576051239692,0.9149158416416479,0.2567040653128273,0.9299202562763829,0.9924841894122601,0.9075606750616808,0.21884379513085356,0.17039395939135804,0.4963539075367702,0.2739039773885553,0.5946000207153674,0.17039395939135804,0.09514688947678764,0.23055555555555557,0.3151041666666667,True,True,True
249,2858,0,0.5327649079683271,0.7580048754476969,0.858865264607074,0.1778585537239371,0.18848682560691,0.6507924745077991,0.8414538377604635,0.4457491041288926,-1.6416635913731916,0.24664216297650646,1.159647413083679,0.9321573693361336,0.777571706856441,0.861677636452199,0.6830658317233897,0.13368882580118746,0.13368882580118746,0.07214863257186203,0.19722222222222224,0.0859375,True,False,False
250,2346,0,0.9071704848633567,0.9551960250357615,0.8829387531019717,0.002801434177122102,0.9096891451435567,0.9885928492422033,0.9144334670446762,0.24925300893136942,0.931855580503889,0.9909754419551747,0.9104191705743269,0.2090153898534247,0.1462356498350087,0.5362748768557437,0.2866446916249331,0.5988125651063054,0.1462356498350087,0.0670187750419298,0.20972222222222223,0.296875,True,True,False
251,2279,0,0.9018561898213165,0.9570114931714069,0.854684126527122,0.05953081787187961,0.9024309141495106,0.9584395657232162,0.9077484208009735,0.11664430899391846,0.932104246528102,0.9911931237408472,0.8728848267129015,0.19069008594413958,0.0699770823697291,0.6030552650440936,0.27683560002485763,0.513908039540278,0.0699770823697291,0.08239602755715664,0.2097222222222222,0.20833333333333331,True,True,True
252,6641,0,0.5988726268027577,0.8533146859931061,0.6219198772127561,0.2751904231586939,0.5523037324551965,0.9092814540126293,0.5290648973493869,0.36045027423387005,0.5568401659626421,0.8988404061150673,0.513138919737467,0.31985664462156693,0.10282647086807273,0.08531285335742966,0.1403849634382317,0.13816211621730767,0.08531285335742966,0.0971200036506922,0.13472222222222224,0.1484375,False,False,False
253,10488,0,0.6752927199008922,0.8592559368507748,1.0702165994226742,0.13610159425824428,0.7679297931043472,0.8840813177407841,0.9947729373510792,0.0376476907921793,0.7913519987040116,0.8919752387495,0.8806592816137809,0.06434109846994102,0.7872655671316765,0.6340738467162417,-0.05108678696082025,0.33521446430015733,-0.05108678696082025,0.052070638326151844,0.14444444444444446,0.17968749999999997,False,True,False
254,2408,0,0.9052710907649238,0.9545818917919671,0.911431922580995,0.06398107164856479,0.8946111464059663,0.9864270197068539,0.9664222731586508,0.27933300721060855,0.9036091975718751,0.9846100469946927,0.9369450592329456,0.2521424121656024,0.4396888254034995,-0.07873904360864326,0.4817919341434803,0.5573713981267947,-0.07873904360864326,0.0674420695961107,0.20833333333333331,0.4375,False,True,False
255,10456,0,0.6089234015567184,0.8484190493250997,1.0354681790331468,0.2755069958756946,0.607718385739241,0.8305863772839039,1.0377291068783143,0.19810914659988774,0.7419184152597609,0.8709670665021866,0.8705352131752486,0.12909310273739533,0.7828866378051311,0.6415370110857853,0.25787867783675955,0.3270751686939357,0.25787867783675955,0.06992275880950898,0.19444444444444448,0.22395833333333334,True,True,False
