t,scope_0,scope_1,scope_2,weight_0,weight_1,weight_2,fused
0.0,0.08414264374639009,0.17703007980930682,-0.4806494811899192,0.34547808393829776,0.34527938868733754,0.3092425273743647,-0.05844298326951407
0.0013908205841446453,0.11173399422976699,0.18796915487037635,-0.4734501463199477,0.3470005274635087,0.3458982974230868,0.30710117511340446,-0.04160713072141574
0.0027816411682892906,0.13852839286656715,0.19862659248142975,-0.46604495206854735,0.34851284471002003,0.3465152217161969,0.30497193357378294,-0.025024568161175986
0.004172461752433936,0.164278677714051,0.20899334787420637,-0.4584360005424994,0.3500147069850108,0.347130329914875,0.3028549631001141,-0.008791734986506459
0.005563282336578581,0.18874840266474108,0.21906087167061386,-0.45062550357891373,0.3515057868475814,0.34774379406040207,0.30075041909201655,0.006997405384902735
0.006954102920723226,0.21171543311852573,0.22882112141939936,-0.4426157817355221,0.35298575820554867,0.3483557898083417,0.2986584519861095,0.022252750962291488
0.008344923504867872,0.23297533737820114,0.2382665723132051,-0.43440926320677287,0.3544542964105693,0.34896649634781796,0.2965792072416127,0.03688940532807072
0.009735744089012517,0.2523445166593185,0.24739022707120817,-0.4260084826653955,0.3559110783515434,0.3495760963189433,0.2945128253295133,0.050828957043202394
0.011126564673157162,0.2696630209361952,0.256185624974002,-0.41741608002906017,0.35735578254625705,0.3501847757284846,0.29245944172525845,0.06400067176437957
0.012517385257301807,0.2847970030941552,0.2646468500388542,-0.40863479915172046,0.35878808923122546,0.3507927238638464,0.29041918690492824,0.07634257583534657
0.013908205841446452,0.29764076993258903,0.2727685383249916,-0.39966748643916955,0.3602076804497035,0.3514001332054572,0.2883921863448393,0.08780241182120312
0.015299026425591097,0.30811839535884417,0.28054588436009226,-0.39051708938829194,0.36161424013783494,0.3520071993376396,0.2863785605245254,0.09833844853022833
0.016689847009735744,0.3161848685112153,0.2879746466807286,-0.3811866550494221,0.3630074542089165,0.35261412085804505,0.2843784249330384,0.10792013047792041
0.018080667593880387,0.32182675742177447,0.29505115248108177,-0.37167932841115925,0.36438701063575757,0.35322109928573414,0.2823918900785082,0.11652855445127214
0.019471488178025034,0.3250623770394818,0.30177230136584887,-0.3619983507069061,0.36575259953112144,0.35382833896797977,0.2804190615008988,0.1241567637806751
0.020862308762169678,0.3259414588380949,0.3081355682048764,-0.35214705764232246,0.3671039132262367,0.3544360469858711,0.2784600397878922,0.13080985407014437
0.022253129346314324,0.3245443276855421,0.31413900508868436,-0.3421288775427915,0.3684406463473755,0.35504443305879374,0.27651492059383087,0.1365048874175995
0.02364394993045897,0.32098060000452777,0.31978124238568234,-0.3319473294199081,0.3697624958904963,0.3556537094478584,0.2745837946616453,0.1412706155164983
0.025034770514603615,0.31538742536279224,0.3250614889035297,-0.32160602095589463,0.3710691612939563,0.3562640908583515,0.27266674784769224,0.14514701540702915
0.02642559109874826,0.3079273013545702,0.32997953115874007,-0.3111086464047471,0.3723603445093006,0.3568757943412746,0.27076386114942474,0.14818464497732328
0.027816411682892905,0.29878549883804073,0.33453573176028895,-0.3004589844088081,0.37363575007014266,0.35748903919404207,0.26887521073581533,0.15044382854110722
0.02920723226703755,0.2881671411517442,0.3387310269146352,-0.2896608957293453,0.3748950851591509,0.3581040468603998,0.2670008679804493,0.15199368587773243
0.030598052851182195,0.2762939867321605,0.34256692306121417,-0.2787183208896048,0.37613805967316566,0.3587210408296285,0.2651408994972059,0.15291102095609954
0.03198887343532684,0.26340096949436,0.34604549264910417,-0.267635277728687,0.37736438628647057,0.3593402465350888,0.26329536717844065,0.15327908912190727
0.03337969401947149,0.2497325553323466,0.3491693690671918,-0.2564158588644803,0.37857378051224777,0.35996189125216776,0.2614643282355845,0.15318626375895125
0.03477051460361613,0.23553897607653848,0.3519417407417765,-0.2450642290637661,0.37976596076225233,0.3605862039956781,0.25964783524206964,0.15272462529669853
0.036161335187760775,0.2210724041616372,0.3543663444171443,-0.2335846225174986,0.38094064840474295,0.36121341541676133,0.2578459361784957,0.15198849689147356
0.037552155771905425,0.20658313207651346,0.3564474576362081,-0.22198134001915348,0.3820975678207102,0.36184375769934435,0.25605867447994546,0.15107295212809724
0.03894297635605007,0.19231582037546843,0.3581898904398446,-0.21025874604393305,0.38323644645844773,0.3624774644561915,0.25428608908536066,0.1500723206514078
0.04033379694019471,0.17850587663360998,0.3595989763050641,-0.19842126572652452,0.3843570148865156,0.3631147706245963,0.25252821448888824,0.14907871772990344
0.041724617524339355,0.16537602525374062,0.3606805623436083,-0.18647338173502345,0.38545900684514717,0.36375591236174837,0.25078508079310446,0.1481806233725713
0.043115438108484005,0.1531331245225992,0.3614409987839834,-0.17441963103856445,0.38654215929615654,0.3644011269398143,0.24905671376402921,0.14746153576946897
0.04450625869262865,0.14196528283318527,0.3618871277613079,-0.16226460156614836,0.3876062124714028,0.36505065264076053,0.24734313488783669,0.1469987225202612
0.04589707927677329,0.13203932061682366,0.3620262714406531,-0.15001292875412406,0.38865090991987494,0.36570472865094933,0.2456443614291757,0.14686209137472234
0.04728789986091794,0.12349861835884897,0.3618662195008033,-0.13766929197977146,0.3896759985534602,0.3663635949555329,0.2439604064910069,0.14711320006552525
0.048678720445062586,0.11646138421439843,0.3614152160065329,-0.1252384108784521,0.39068122869146377,0.36702749223266623,0.24229127907586992,0.14780442230442545
0.05006954102920723,0.11101936731694638,0.36068194569859424,-0.11272504154184061,0.39166635410395,0.3676966617475595,0.24063698414849058,0.1489782841833014
0.05146036161335187,0.10723703501283818,0.3596755197316249,-0.10013397259483581,0.3926311320539742,0.3683713452463838,0.23899752269964192,0.15066698212269367
0.05285118219749652,0.10515122409869872,0.35840546089110115,-0.08747002114887184,0.3935753233387837,0.36905178485004414,0.23737289181117208,0.15289209019908573
0.054242002781641166,0.10477126782880855,0.3568816883212917,-0.07473802862951937,0.39449869233005896,0.36973822294782716,0.23576308472211374,0.15566446121901692
0.05563282336578581,0.10607959214254607,0.35511450179688164,-0.06194285647647701,0.39540100701327724,0.37043090209093116,0.23416809089579158,0.15898432235718227
0.05702364394993046,0.10903276638394384,0.3531145655715452,-0.04908938171432917,0.3962820390262751,0.37113006488588046,0.23258789608784425,0.16284156260283295
0.0584144645340751,0.11356298588992579,0.35089289183722855,-0.036182492392764505,0.3971415636970925,0.3718359538878249,0.23102248241508255,0.16721620573064794
0.059805285118219746,0.11957995634935481,0.34846082382826504,-0.023227082895345464,0.39797936008117923,0.37254881149372027,0.2294718284251006,0.17207905909481808
0.06119610570236439,0.1269731429125962,0.34583001860466533,-0.010228049116371037,0.39879521099804827,0.37326887983538565,0.22793590916656606,0.17739252530258784
0.06258692628650904,0.13561434078199897,0.3430124295490132,0.0028097164940954324,0.3995889030674597,0.3739964006724289,0.22641469626011135,0.18311156081711932
0.06397774687065368,0.14536051854664322,0.34002028861132394,0.015881330016355548,0.40036022674521926,0.3747316152850271,0.22490815796975377,0.18918476282622754
0.06536856745479833,0.15605688093516415,0.3368660883360047,0.028981921277000732,0.40110897635867776,0.3754747643665514,0.22341625927477088,0.1955555633449784
0.06675938803894298,0.16754009402810208,0.333562563704676,0.04210663919249634,0.4018349501420172,0.37622608791601936,0.22193896194196347,0.20216350754166695
0.06815020862308761,0.17964161335878656,0.33012267382805993,0.05525065723743408,0.4025379502714078,0.37698582513035517,0.22047622459823693,0.2089455917264857
0.06954102920723226,0.19219105378389026,0.32655958351942577,0.06840917903350818,0.40321778290012367,0.3777542142964398,0.21902800280343657,0.21583763535046396
0.07093184979137691,0.20501953954730665,0.3228866447811863,0.08157744405422197,0.40387425819369943,0.3785314926829271,0.2175942491233736,0.22277566075066918
0.07232267037552155,0.2179629736004793,0.3191173782351694,0.09475073343919774,0.40450719036521654,0.37931789643180236,0.21617491320298104,0.22969725425891144
0.0737134909596662,0.23086516696583806,0.3152654545258307,0.10792437591071391,0.4051163977108002,0.380113660449659,0.21476994183954082,0.23654288266865453
0.07510431154381085,0.24358077170560952,0.31134467572424657,0.12109375378376057,0.40570170264541044,0.38091901829866337,0.2133792790559263,0.24325713992259917
0.07649513212795549,0.25597796483534807,0.3073689567591105,0.1342543090594705,0.4062629317390112,0.38173420208718184,0.2120028661738069,0.2497899002261944
0.07788595271210014,0.26794083523178125,0.3033523068991568,0.14740154959024815,0.4067999157531966,0.3825594423600404,0.21064064188676287,0.2560973555858964
0.07927677329624479,0.2793714311432563,0.29930881130948195,0.16053105530329573,0.4073124896783537,0.38339496798838396,0.2092925423332622,0.26214291798247286
0.08066759388038942,0.29019143221845645,0.29525261270207703,0.17363848446752422,0.40780049277144015,0.3842410060591073,0.20795850116945247,0.2678979689781641
0.08205841446453407,0.3003434169122158,0.29119789309860145,0.18671957998703978,0.4082637685944507,0.3850977817638242,0.2066384496417251,0.2733424424739621
0.08344923504867871,0.30979170358205604,0.28715885572095734,0.19977017570251726,0.40870216505364776,0.38596551828734255,0.2053323166590096,0.27846522952515895
0.08484005563282336,0.3185227514223746,0.2831497070226303,0.2127862026798411,0.409115534439626,0.3868444366956148,0.20404002886475922,0.28326439752986
0.08623087621696801,0.3265451154552078,0.2791846388710309,0.2257636954633786,0.40950373346827834,0.38773475582313005,0.2027615107085915,0.28774721966227457
0.08762169680111265,0.3338889579632621,0.2752778108882218,0.23869879826921953,0.4098666233227325,0.3886366921597174,0.20149668451755015,0.29193001406328606
0.0890125173852573,0.3406051268667702,0.27144333295446965,0.2515877710916217,0.4102040696963156,0.38955045973672886,0.20024547056695566,0.29583779595619597
0.09040333796940195,0.3467638194661098,0.26769524787603965,0.2644269956938119,0.41051594283661164,0.3904762700125717,0.1990077871508168,0.2995037494564455
0.09179415855354658,0.35245285755579603,0.2640475142155621,0.27721298145218787,0.4108021175906634,0.39141433175756163,0.19778355065177491,0.3029685293221093
0.09318497913769123,0.3577756070272965,0.2605139892801937,0.2899423710208887,0.41106247345137503,0.39236485093806805,0.19657267561055697,0.3062794061808572
0.09457579972183588,0.36284858159131994,0.25710841225967185,0.30261194578165357,0.41129689460516,0.3933280305999249,0.19537507479491506,0.3094892718060926
0.09596662030598052,0.36779877604866396,0.25384438750326327,0.3152186310419081,0.4115052699808829,0.39430407075108426,0.19419065926803292,0.31265552374199107
0.09735744089012517,0.3727607795188866,0.25073536792156537,0.32775950094212014,0.4116874933001321,0.3952931682434878,0.19301933845638003,0.31583885094178715
0.09874826147426981,0.3778737231090384,0.24779463849616468,0.3402317830316754,0.41184346312886194,0.39629551665413815,0.1918610202169998,0.3191019440402922
0.10013908205841446,0.38327811959760094,0.24503529987731815,0.3526328624708755,0.41197308293043344,0.39731130616535026,0.1907156109042163,0.32250815539231414
0.10152990264255911,0.3891126547660949,0.24247025204715106,0.36496028581517315,0.4120762611200807,0.3983407234441701,0.1895830154357491,0.32612013504380694
0.10292072322670374,0.39551099099545484,0.24011217802338525,0.3772117643364678,0.4121529111208258,0.3993839515209475,0.18846313735822662,0.32999846934162297
0.1043115438108484,0.40259864363806397,0.2379735275763647,0.3893851768352218,0.4122029514208552,0.4004411696670553,0.1873558789120894,0.33420034891942013
0.10570236439499305,0.4104899894805569,0.2360665009301815,0.40147857189633895,0.4122263056323716,0.40151255327174973,0.18626114109587869,0.338778292320002
0.10709318497913768,0.4192854643476768,0.23440303241705387,0.4134901695412328,0.4122229025519239,0.4025982737181712,0.18517882372990505,0.3437789505361654
0.10848400556328233,0.42906900360311906,0.23299477405280825,0.42541836222829976,0.41219267622221545,0.40369849825848864,0.1841088255192958,0.34924201629055823
0.10987482614742698,0.4399057750372428,0.23185307900042285,0.43726171515415413,0.4121355659953847,0.4048133898881954,0.18305104411641993,0.3551992599568937
0.11126564673157162,0.4518402484687812,0.23098898488813396,0.44901896580851236,0.41205151659774225,0.40594310721956695,0.18200537618269078,0.36167371168558576
0.11265646731571627,0.4648946404192586,0.23041319694860773,0.46068902273653406,0.4119404781959496,0.4070878043543007,0.18097171744974969,0.3686790065799845
0.11404728789986092,0.4790677655500287,0.23013607094621824,0.4722709634638036,0.4118024064646092,0.40824763075535664,0.1799499627800341,0.3762189067256676
0.11543810848400556,0.4943343193004697,0.23016759586053287,0.48376403154095865,0.41163726265523676,0.40942273111802874,0.1789400062267344,0.3842870105616844
0.1168289290681502,0.5106446084601314,0.2305173762957595,0.49516763266729125,0.41144501366657454,0.41061324524027937,0.17794174109314614,0.39286665656150704
0.11821974965229484,0.5279247383838159,0.23119461458815319,0.5064813298554627,0.4112256321162001,0.4118193078923748,0.17695505999142513,0.40193102452891205
0.11961057023643949,0.5460772573588227,0.2322080925862665,0.5177048376028252,0.41097909641337715,0.4130410486858694,0.17597985490075346,0.41144343407916445
0.12100139082058414,0.5649822504031039,0.23356615308244041,0.5288380150387159,0.4107053908330881,0.41427859194198646,0.17501601722492544,0.4213578361390756
0.12239221140472878,0.5844988666579403,0.2352766808781288,0.5398808580215269,0.41040450559117964,0.41553205655945613,0.17406343784936426,0.43161948963142005
0.12378303198887343,0.6044672566828837,0.237347083470489,0.550833490164326,0.41007643692054674,0.4168015558818735,0.17312200719757967,0.44216581197907556
0.12517385257301808,0.6247108885038153,0.23978427135320035,0.5616961527733434,0.4097211871482726,0.4180871975646489,0.1721916152870785,0.4529273887389558
0.12656467315716272,0.6450392043396531,0.24259463793064964,0.5724691936897041,0.40933876477363174,0.4193890834416278,0.1712721517847405,0.46382912461825954
0.12795549374130735,0.665250573662944,0.24578403905145976,0.583153055031415,0.4089291845468619,0.42070730939146694,0.1703635060616711,0.47479151539375314
0.12934631432545202,0.6851354927462293,0.249357772174802,0.5937482598397231,0.40849246754859536,0.42204196520385895,0.16946556724754566,0.4857320179005214
0.13073713490959665,0.7044799762082388,0.25332055519099494,0.6042553976415951,0.4080286412698375,0.4233931344457058,0.1685782242844568,0.49656649332461533
0.1321279554937413,0.7230690823849896,0.25767650492652416,0.6146751089481428,0.40753773969237145,0.4247608943273489,0.16770136598027957,0.5072106975610324
0.13351877607788595,0.7406905116774445,0.2624291153727689,0.6250080687173271,0.4070198033694595,0.42614531556897284,0.16683488106156774,0.5175817914125681
0.1349095966620306,0.7571382154184034,0.2675812356873225,0.6352549688181502,0.4064748795067031,0.4275464622673025,0.1659786582259944,0.5275998429251763
0.13630041724617523,0.7722159522869525,0.2731350480268206,0.6454164995427653,0.4059030220429194,0.42896439176272977,0.1651325861943508,0.5371892941909358
0.1376912378303199,0.7857407298899293,0.27909204528052023,0.6554933302224022,0.40530429173087923,0.4303991545070041,0.16429655376211666,0.5462803655001021
0.13908205841446453,0.7975460708180395,0.28545300878447294,0.6654860890127019,0.40467875621774835,0.4318507939316366,0.16347044985061499,0.5548103707789783
0.14047287899860916,0.807485045241566,0.29221798610687905,0.6753953419238576,0.4040264901250646,0.43331934631717167,0.16265416355776383,0.5627249197908171
0.14186369958275383,0.8154330158904037,0.2993862690060259,0.6852215711808345,0.4033475751280755,0.43480484066348707,0.16184758420843756,0.5699789845738967
0.14325452016689846,0.8212900460007554,0.30695637167299294,0.6949651530087794,0.40264210003425555,0.4363072985612954,0.16105060140444913,0.5765378100069939
0.1446453407510431,0.8249829264246087,0.31492600938192344,0.7046263349484555,0.40191016086081316,0.4378267340650223,0.16026310507416444,0.5823776511824248
0.14603616133518776,0.8264667844910801,0.32329207768102586,0.7142052128160378,0.4011518609109935,0.4393631535672481,0.15948498552175844,0.5874863233784952
0.1474269819193324,0.8257262442700188,0.33205063226743975,0.7237017074308159,0.4003673108489727,0.44091655567490373,0.15871613347612368,0.591863553798331
0.14881780250347704,0.8227761154952801,0.3411968696985639,0.7331155412431364,0.39955662877313736,0.44248693108742426,0.15795644013943838,0.5955211278175684
0.1502086230876217,0.8176615964255016,0.35072510910126276,0.7424462150031962,0.39871994028753416,0.4440742624770627,0.15720579723540315,0.5984828261925015
0.15159944367176634,0.8104579842143771,0.3606287750484243,0.7516929846189606,0.39785737857126835,0.4456785243715803,0.15646409705715134,0.6007841534537997
0.15299026425591097,0.8012698947857513,0.37090038177950085,0.7608548383584285,0.3969690844456276,0.44729968303953244,0.15573123251483992,0.6024718614785936
0.15438108484005564,0.7902300026144631,0.38153151894779447,0.7699304745575793,0.3960552064387004,0.4489376963783763,0.15500709718292338,0.6036032759255326
0.15577190542420027,0.7774973190549743,0.39251283908223117,0.7789182800005421,0.3951159008472526,0.4505925138056317,0.1542915853471157,0.6042454367649102
0.1571627260083449,0.7632550357925666,0.40383404695508285,0.7878163091426972,0.39415133179562656,0.4522640761533336,0.15358459205103983,0.6044740674735982
0.15855354659248957,0.747707967477669,0.4154838910494094,0.7966222643504884,0.3931616712914163,0.45395231556601684,0.15288601314256697,0.6043723905308366
0.1599443671766342,0.7310796345118145,0.4274501573208317,0.8053334773335793,0.39214709927767694,0.4556571554024806,0.15219574531984242,0.6040298095897498
0.16133518776077885,0.7136090331630628,0.43971966544747754,0.8139468919455736,0.3911078036814178,0.45737851014158515,0.151513686176997,0.6035404810609327
0.16272600834492348,0.695547145590868,0.45227826775948565,0.8224590485287422,0.39004398045812994,0.45911628529233117,0.1508397342495389,0.603001799785942
0.16411682892906815,0.6771532468607242,0.46511085103525934,0.8308660699760154,0.3889558336320965,0.460870377308483,0.15017378905942044,0.6025128249654913
0.16550764951321278,0.658691069548804,0.47820134134560904,0.839163649679841,0.38784357533223485,0.4626406735079925,0.14951575115977267,0.6021726735136377
0.16689847009735742,0.6404248890144779,0.4915327121190423,0.8473470415323535,0.3867074258232149,0.46442705199748757,0.14886552217929747,0.6020789085184801
0.16828929068150209,0.6226155938107218,0.505086995591637,0.8554110521346017,0.3855476135316064,0.466229381602085,0.14822300486630874,0.602325950494473
0.16968011126564672,0.605516805984438,0.5188452977932123,0.8633500353643437,0.3843643750668002,0.46804752180079184,0.14758810313240794,0.6030035386134811
0.17107093184979136,0.5893711151856827,0.5327878172078823,0.871157889442135,0.38315795523645935,0.4698813226677584,0.14696072209578226,0.6041952681127394
0.17246175243393602,0.5744064885711079,0.5468938672315313,0.8788280566241135,0.38192860705625037,0.47173062481964256,0.14634076812410707,0.6059772286185852
0.17385257301808066,0.5608329154863099,0.5611419025313775,0.886353525637085,0.38067659175361573,0.4735952593693459,0.14572814887703842,0.608416766224657
0.1752433936022253,0.5488393418965569,0.5755095493936251,0.8937268369572392,0.37940217876534804,0.4754750478863783,0.14512277334827375,0.6115713898597104
0.17663421418636996,0.5385909445757032,0.5899736401243281,0.9009400910181903,0.3781056457287342,0.4773698023641036,0.14452455190716218,0.6154878398182283
0.1780250347705146,0.5302267892454725,0.604510251546119,0.907984959417078,0.3767872784660432,0.479279325194116,0.14393339633984087,0.6202013333579318
0.17941585535465923,0.523857910283369,0.6190947476095131,0.914852699169311,0.3754473709621364,0.4812034091479891,0.14334921988987437,0.6257349990489879
0.1808066759388039,0.5195658424019816,0.6337018261122139,0.9215341700432716,0.37408622533499103,0.4831418373666376,0.14277193729837126,0.6320995081513252
0.18219749652294853,0.5174016269713273,0.6483055694934025,0.9280198549860791,0.3727041517989308,0.48509438335751814,0.14220146484355115,0.6392929077633024
0.18358831710709317,0.5173853075440756,0.6628794996425597,0.9342998836304497,0.3713014686203716,0.48706081099989407,0.14163772037973435,0.6473006568932951
0.18497913769123783,0.5195059207925028,0.6773966366341416,0.9403640588509635,0.3698785020658984,0.48904087455837797,0.14108062337572363,0.6560958630223802
0.18636995827538247,0.5237219806214993,0.6918295612706343,0.9462018863158007,0.3684355863424995,0.4910343187049522,0.14053009495254842,0.6656397132174491
0.1877607788595271,0.5299624448310648,0.7061504812873705,0.9518026069574521,0.3669730635298005,0.49304087854966183,0.1399860579205377,0.6758820904840552
0.18915159944367177,0.5381281455106383,0.7203313010432265,0.9571552322631779,0.3654912835041474,0.49506027968016236,0.13944843681569025,0.6867623628782838
0.1905424200278164,0.5480936564989102,0.7343436944922097,0.962248582263327,0.3639906038544077,0.49709223821028625,0.13891715793530607,0.6982103299838507
0.19193324061196104,0.5597095638729263,0.7481591812022397,0.9670713260732147,0.3624713897893683,0.49913646083778596,0.13839214937284572,0.7101473087561229
0.1933240611961057,0.5728050986672666,0.76174920515935,0.9716120248222698,0.3609340140366282,0.5011926449113923,0.1378733410519795,0.7224873384841141
0.19471488178025034,0.5871910849851923,0.7750852160684187,0.975859176782869,0.35937885673289577,0.5032604785073123,0.13736066475979192,0.7351384827631012
0.19610570236439498,0.6026631514533154,0.7881387528355942,0.9798012644908097,0.357806305305622,0.5053396405152755,0.13685405417910249,0.7480042049348284
0.19749652294853962,0.619005149679418,0.800881528893073,0.9834268036299852,0.3562167543459145,0.5074298007342196,0.1363534449198659,0.7609847924616194
0.19888734353268428,0.6359927200732266,0.8132855190040957,0.9867243934356978,0.3546106054726981,0.5095306199776883,0.1358587745496135,0.7739788051688126
0.20027816411682892,0.6533969431383845,0.8253230471652034,0.989682768354361,0.35298826718810494,0.5116417501889969,0.13536998262289807,0.7868845222216553
0.20166898470097355,0.6709880131783172,0.8369668752041093,0.9922908506822907,0.35135015472409714,0.5137628345662,0.13488701070970288,0.7996013630942168
0.20305980528511822,0.6885388712977638,0.8481902916553071,0.994537803893031,0.3496966898803448,0.5158935076968777,0.13440980242277753,0.8120312586265163
0.20445062586926285,0.705828735624679,0.8589672004818915,0.996413086351371,0.3480283008534033,0.5180333957027335,0.13393830344386318,0.8240799495310343
0.2058414464534075,0.7226464688037703,0.869272209201211,0.9979065051029995,0.3463454220572519,0.52018211639398,0.13347246154876807,0.8356581913724067
0.20723226703755215,0.738793725983892,0.8790807159640797,0.9990082694217662,0.3446484939352819,0.5223392794334593,0.13301222663125875,0.8466828470685402
0.2086230876216968,0.754087830679337,0.8883689951324794,0.9997090437918662,0.3429379627638381,0.5245044865104335,0.13255755072572845,0.8570778503053346
0.21001390820584143,0.7683643309548377,0.8971142808990821,1.0,0.3412142804474424,0.5266773315239481,0.13210838802860947,0.8667750258727991
0.2114047287899861,0.7814791942749505,0.9052948484936275,0.9998728680127983,0.33947790430585145,0.5288574007756547,0.13166469491849384,0.8757147557652001
0.21279554937413073,0.7933106059652792,0.9128900925262263,0.9993199853175128,0.33772929685311737,0.5310442731719525,0.13122642997493017,0.8838464828860575
0.21418636995827536,0.8037603434378756,0.9198806020260925,0.9983343444092425,0.3359689255688472,0.5332375204352884,0.13079355399586443,0.8911290473020008
0.21557719054242003,0.8127547060080215,0.9262482317459722,0.9969096381157262,0.33419726266187577,0.535436707324429,0.13036603001369523,0.8975308531381132
0.21696801112656466,0.8202449881381196,0.9319761693176732,0.9950403024609947,0.33241478482658887,0.5376413918634971,0.129943823309914,0.90302986734182
0.2183588317107093,0.8262074921444797,0.9370489978624681,0.9927215567818685,0.33062197299215573,0.5398511255795394,0.12952690142830503,0.9076134546039804
0.21974965229485396,0.8306430846490488,0.9414527536816786,0.9899494408263021,0.32881931206494963,0.5420654537483717,0.12911523418667875,0.9112780556581808
0.2211404728789986,0.8335763092046542,0.9451749786773481,0.9867208485798844,0.3270072906644567,0.5442839156484255,0.1287087936871178,0.9140287189291617
0.22253129346314324,0.8350540754248515,0.9482047671803256,0.9830335585861735,0.32518640085299355,0.5465060448222931,0.12830755432471336,0.9158784980197064
0.2239221140472879,0.8351439524684501,0.9505328068932488,0.978886260547936,0.3233571378595716,0.548731369345653,0.1279114927947753,0.9168477297684096
0.22531293463143254,0.833932101731315,0.9521514136884929,0.9742785780195116,0.32151999979827073,0.550959412103229,0.12752058809850034,0.916963209540313
0.22670375521557717,0.8315208899606878,0.9530545600360008,0.969211087025318,0.3196754873814923,0.5531896910714236,0.1271348215470842,0.9162572819970213
0.22809457579972184,0.8280262296177636,0.9532378968727069,0.9636853304657089,0.3178241036284926,0.5554217196072382,0.1267541767642692,0.9147668668079558
0.22948539638386647,0.8235746980740153,0.9526987687637465,0.957703828198781,0.3159663535696024,0.5576550067430792,0.12637863968731838,0.9125324395928023
0.2308762169680111,0.8183004910520258,0.9514362222455216,0.9512700827150804,0.3141027439465589,0.5598890574870286,0.12600819856641246,0.9095969888173716
0.23226703755215575,0.8123422685454796,0.949451007281628,0.9443885803512393,0.3122337829093935,0.5621233731281392,0.1256428439624672,0.9060049693992185
0.2336578581363004,0.8058399532261765,0.9467455718043326,0.9370647880181213,0.31035997971032425,0.5643574515463023,0.12528256874337346,0.9018012734211597
0.23504867872044505,0.7989315420379086,0.9433240493563791,0.9293051454488194,0.3084818443951228,0.5665907875262142,0.12492736807866305,0.8970302376134219
0.23643949930458968,0.7917499912764231,0.9391922398900663,0.9211170530015979,0.3065998874924297,0.568822873074961,0.12457723943260925,0.8917347061686987
0.23783031988873435,0.7844202339693371,0.9343575838224314,0.912508855082313,0.30471461970150576,0.5710531977427229,0.12423218255577143,0.8859551660254404
0.23922114047287898,0.7770563858271516,0.9288291294866495,0.9034898192797554,0.3028265515789131,0.5732812489460891,0.12389219947499788,0.8797289700258621
0.24061196105702362,0.769759192482167,0.9226174941601032,0.8940701113354742,0.3009361932246283,0.5755065122934682,0.12355729448190368,0.873089661364013
0.24200278164116829,0.7626137662302049,0.9157348188886391,0.8842607660967439,0.29904405396809297,0.5777284719120634,0.12322747411984367,0.8660664105279393
0.24339360222531292,0.7556876551210968,0.9081947173640251,0.8740736546271718,0.2971506420547154,0.5799466107758816,0.12290274716940303,0.8586835735539616
0.24478442280945756,0.7490292811040375,0.9000122191472201,0.8635214476738178,0.2952564643333332,0.5821604110342351,0.12258312463243173,0.8509603778984737
0.24617524339360222,0.7426667771327672,0.8912037075635318,0.8526175757124042,0.2933620259451548,0.5843693543401932,0.12226861971465196,0.8429107396431232
0.24756606397774686,0.7366072457945877,0.881786852626757,0.8413761858130607,0.2914678300146934,0.5865729221784363,0.12195924780687031,0.8345432131330259
0.2489568845618915,0.7308364542774047,0.8717805393777751,0.8298120955878794,0.28957437734320385,0.5887705961919665,0.12165502646482969,0.8258610715546805
0.25034770514603616,0.7253189724686013,0.8612047920485736,0.8179407444982634,0.28768216610513386,0.5909618585071287,0.1213559753877375,0.8168625144391464
0.2517385257301808,0.7199987528316174,0.8500806944851325,0.8057781428144594,0.28579169154809175,0.5931461920563964,0.12106211639551193,0.8075409956731411
0.25312934631432543,0.714800142576023,0.8384303072818328,0.7933408185317103,0.2839034456968298,0.5953230808983833,0.12077347340478709,0.7978856633593885
0.25452016689847007,0.7096293106696355,0.8262765820959567,0.7806457625570625,0.28201791706173085,0.5974920105345457,0.12049007240372346,0.7878819008272886
0.2559109874826147,0.7043760645791165,0.8136432736233222,0.7677103724879568,0.2801355903522814,0.5996524682220487,0.12021194142566988,0.7775119562907818
0.2573018080667594,0.6989160244052217,0.8005548497250478,0.7545523953083125,0.2782569461959978,0.6018039432822747,0.11993911052172748,0.7667556471120449
0.25869262865090403,0.6931131154296178,0.7870364002008936,0.7411898693298576,0.2763824608632648,0.6039459274044694,0.11967161173226577,0.7555911233817774
0.26008344923504867,0.6868223341307855,0.7731135447065066,0.7276410657060105,0.2745126059985305,0.6060779149440251,0.11940947905744448,0.7439956745876977
0.2614742698191933,0.679892737563854,0.758812340310308,0.7139244298427062,0.27264784835828654,0.6081994032149174,0.119152748426796,0.7319465625248459
0.26286509040333794,0.672170601725891,0.7441591891806777,0.7000585230252634,0.27078864955624843,0.6103098927758274,0.11890145766792427,0.719421863310329
0.2642559109874826,0.6635026912212642,0.7291807468856893,0.6860619645727858,0.26893546581612837,0.6124088877094945,0.1186556464743771,0.706401301401154
0.26564673157162727,0.6537395802610386,0.7139038317759566,0.6719533748218055,0.2670887477323867,0.6144958958948626,0.11841535637275055,0.6928670588703553
0.2670375521557719,0.6427389638177691,0.698355335906401,0.65775131922903,0.2652489400393123,0.6165704292716031,0.11818063068908459,0.6788045438616176
0.26842837273991654,0.6303688976353296,0.6825621379349963,0.6434742538692644,0.2634164813887772,0.6186320040966138,0.11795151451460893,0.6642031030982546
0.2698191933240612,0.6165109067661863,0.6665510184161085,0.629140472589092,0.261591804136982,0.6206801411921173,0.11772805467090054,0.6490566645459981
0.2712100139082058,0.6010629043598972,0.6503485778829954,0.6147680560597379,0.25977533414048815,0.6227143661850005,0.1175102996745113,0.633364297793167
0.27260083449235045,0.5839418655217669,0.6339811580886993,0.6003748229540653,0.25796749056181134,0.6247342097370611,0.11729829970112766,0.6171306813852406
0.27399165507649514,0.5650862051460164,0.6174747667471366,0.585978283452902,0.25616868568482826,0.6267392077658508,0.11709210654932088,0.6003664681990415
0.2753824756606398,0.5444578136326603,0.6008550060869234,0.571595595265179,0.25437932474022434,0.6287289016558267,0.11689177360394898,0.5830885419276032
0.2767732962447844,0.5220437102341631,0.5841470054996345,0.5572435223247948,0.252599805741185,0.6307028384595481,0.11669735579926686,0.565320159831395
0.27816411682892905,0.49785728034490945,0.567375358532084,0.5429383963049991,0.2508305193295126,0.6326605710886821,0.1165089095818053,0.547090979055036
0.2795549374130737,0.4719390702284928,0.550564064439026,0.5286960810685157,0.2490718486323226,0.6346016584946044,0.11632649287307316,0.5284369659706047
0.2809457579972183,0.44435712034882074,0.5337364744787749,0.5145319401488939,0.24732416912945068,0.6365256658384093,0.11615016503213993,0.509400190149476
0.282336578581363,0.41520682649642965,0.516915243099841,0.5004608073358281,0.24558784853167692,0.6384321646501712,0.11597998681815193,0.4900285066456354
0.28372739916550765,0.3846103261400407,0.500122284132082,0.48649696041464413,0.24386324666984907,0.6403207329773164,0.1158160203528345,0.47037513225797895
0.2851182197496523,0.3527154157404193,0.4833787320612968,0.4726540980879614,0.24215071539496053,0.6421909555220087,0.11565832908303075,0.4504981232929352
0.2865090403337969,0.31969401299283534,0.4667049084319947,0.45894532008594086,0.24045059848921946,0.6440424237674554,0.11550697774332515,0.4304597640408277
0.28789986091794156,0.2857401859708086,0.4501202933893519,0.4453831104506051,0.23876323158811427,0.6458747360930875,0.11536203231879812,0.4103258766820193
0.2892906815020862,0.25106777878643305,0.4336435023385236,0.4319793239596876,0.23708894211346426,0.647687497878581,0.11522356000795478,0.39016506462866046
0.29068150208623084,0.21590767052652243,0.41729226766760336,0.41874517563642843,0.23542804921741603,0.6494803215967137,0.11509162918587036,0.37004790236543267
0.29207232267037553,0.18050471074319488,0.4010834254498874,0.4056912332738241,0.2337808637373265,0.6512528268950849,0.11496630936758861,0.3500460856634806
0.29346314325452016,0.1451143805572283,0.38503290701189796,0.3928274128851687,0.2321476881614513,0.653004640666738,0.11484767117181073,0.3302315565958246
0.2948539638386648,0.10999923337045354,0.36915573522597295,0.380162976977363,0.2305288166053328,0.6547353971097609,0.11473578628490623,0.3106756180748161
0.29624478442280944,0.07542517319257658,0.35346602536037114,0.36770653552953686,0.22892453479876732,0.6564447377759572,0.11463072742527544,0.2914480526624044
0.2976356050069541,0.04165763159703043,0.33797699029583095,0.35546604954703614,0.22733512008320533,0.6581323116087049,0.11453256830808976,0.2726162601763936
0.2990264255910987,0.008957706276657838,0.3227009498955296,0.34344883704984863,0.22576084141942368,0.6597977749701428,0.11444138361043356,0.2542444281394073
0.3004172461752434,-0.02242167496144546,0.30764934429548957,0.33166158134509977,0.22420195940528803,0.6614407916578463,0.11435724893686566,0.23639274840499747
0.30180806675938804,-0.05223950115728342,0.2928327508647696,0.3201103414253604,0.22265872630340947,0.663061032911173,0.11428024078541762,0.21911669236420056
0.3031988873435327,-0.08027027384476286,0.2782609045692726,0.3088005643281304,0.22113138607847876,0.6646581774074799,0.11421043651404134,0.20246635600627602
0.3045897079276773,-0.10630739152279023,0.2639427214598233,0.29773709928706976,0.2196201744440518,0.6662319112484342,0.11414791430751405,0.18648588480295208
0.30598052851182195,-0.13016626653266955,0.24988632499423546,0.2869242135021878,0.21812531891854098,0.6677819279366517,0.11409275314480727,0.171212986932154
0.3073713490959666,-0.1516871223396581,0.23609907489448756,0.2763656093543375,0.21664703889015724,0.6693079283429227,0.11404503276692012,0.15667854178311938
0.3087621696801113,-0.1707374245275918,0.22258759823380692,0.26606444288888714,0.21518554569053233,0.6708096206642918,0.11400483364517566,0.14290630901947382
0.3101529902642559,-0.18721390492811157,0.2093578224444024,0.2560233433942907,0.213741042676744,0.6722867203732813,0.11397223694997471,0.12991274175077847
0.31154381084840055,-0.2010441451127897,0.19641500993471225,0.2462444339033962,0.21231372532145146,0.673738950158552,0.11394732451999638,0.11770690560706484
0.3129346314325452,-0.21218769285759154,0.1837637940053572,0.2367293524486381,0.21090378131084567,0.6751660398573203,0.11393017883183416,0.10629050375568067
0.3143254520166898,-0.22063669301507646,0.17140821575534892,0.22747927390663236,0.20951139065010452,0.6765677263798466,0.11392088297004875,0.09565800617522287
0.31571627260083446,-0.22641602236317024,0.1593517616744711,0.21849493227308123,0.20813672577604236,0.6779437536263394,0.11391952059761824,0.08579687983621383
0.31710709318497915,-0.22958292629779833,0.1475974016240203,0.20977664321517686,0.2067799516766329,0.6792938723966055,0.1139261759267615,0.07668791485947679
0.3184979137691238,-0.23022616355509964,0.13614762691615112,0.20132432675576392,0.2054412260170824,0.6806178402928112,0.11394093369010636,0.06830564025577701
0.3198887343532684,-0.22846467334228407,0.12500448821177712,0.19313752995128827,0.2041206992721249,0.6819154216157034,0.11396387911217169,0.06061882151657667
0.32127955493741306,-0.22444578718202984,0.11416963296829222,0.18521544943392487,0.20281851486420996,0.6831863872546606,0.11399509788112948,0.05359103114532798
0.3226703755215577,-0.2183430152964139,0.10364434218105409,0.17755695369710905,0.20153480930724982,0.6844305145719434,0.11403467612080699,0.047181282207963686
0.32406119610570233,-0.21035344434316383,0.09342956617659465,0.1701606050129297,0.2002697123555935,0.6856475872815174,0.11408270036288906,0.041344714153385205
0.32545201668984697,-0.2006947896499065,0.08352595923066282,0.1630246808793481,0.19902334715789435,0.6868373953228297,0.11413925751927609,0.03603331951944111
0.32684283727399166,-0.1896021506635744,0.07393391280039233,0.15614719490490858,0.19779583041553941,0.6879997347299133,0.11420443485454737,0.031196699703378482
0.3282336578581363,-0.1773245230487948,0.06465358717693019,0.1495259170483937,0.19658727254530955,0.6891344074962085,0.11427831995848199,0.02678283774065958
0.32962447844228093,-0.16412112465301196,0.05568494138265286,0.14315839314068016,0.1953977778459439,0.6902412214354742,0.11436100071858186,0.02273887600158175
0.33101529902642557,-0.15025759534653665,0.04702776115549084,0.13704196362578475,0.19422744466828093,0.6913199900391798,0.11445256529253924,0.019011886877118373
0.3324061196105702,-0.13600213249976292,0.03868168488170948,0.13117378146765254,0.19307636558866031,0.6923705323307486,0.11455310208059104,0.015549624876398958
0.33379694019471484,-0.12162162455329063,0.03064622735767848,0.12555082917860957,0.19194462758526404,0.6933926727170396,0.1146626996976964,0.012301249087942253
0.33518776077885953,-0.10737784476444473,0.022920801280499194,0.12016993493446759,0.1908323122170914,0.6943862408374354,0.11478144694547328,0.009218005651982386
0.33657858136300417,-0.09352376578943412,0.015504736386777886,0.11502778774999953,0.18973949580525842,0.6953510714109147,0.11490943278382691,0.00625386073652437
0.3379694019471488,-0.08030005331634725,0.00839729617817231,0.11012095169685131,0.1886662496163269,0.6962870040814728,0.11504674630220024,0.003366075487522573
0.33936022253129344,-0.0679317935505011,0.0015976921915029666,0.1054458791538656,0.18761264004736863,0.697193883262256,0.11519347669037536,0.0005157155144963705
0.3407510431154381,-0.05662550503691564,-0.004894904209940545,0.10099892308722869,0.1865787288124828,0.6980715579787652,0.11534971320875217,-0.002331911343637928
0.3421418636995827,-0.046566480167036725,-0.011081352528810018,0.0967763483648038,0.1855645731304882,0.6989198817114839,0.11551554515802795,-0.005206893973261127
0.3435326842837274,-0.037916495853860886,-0.016962536296826588,0.09277434211543004,0.18457022591352343,0.6997387122382749,0.11569106184820174,-0.008134437358630267
0.34492350486787204,-0.030811926378734127,-0.022539358678294086,0.0889890231498622,0.18359573595629392,0.7005279114768826,0.11587635256682349,-0.011134664739577893
0.3463143254520167,-0.025362284431329162,-0.027812740467062027,0.0854164504653622,0.18264114812571386,0.7012873453278778,0.11607150654640826,-0.014222503586706799
0.3477051460361613,-0.02164920900602831,-0.03278362041415166,0.08205263086075446,0.18170650355070406,0.7020168835183624,0.1162766129309336,-0.017407655108154806
0.34909596662030595,-0.019725911212599364,-0.037452957808288924,0.0788935256929878,0.18079183981190639,0.7027163994467572,0.11649176074133645,-0.020694645720696243
0.3504867872044506,-0.019617081338679322,-0.04182173721751641,0.07593505680996385,0.17989719113109734,0.703385770028976,0.11671703883992678,-0.024082957692710346
0.3518776077885953,-0.021319252798478086,-0.045890975286984714,0.07317311169754662,0.17902258856008088,0.7040248755462871,0.11695253589363197,-0.027567235015011383
0.3532684283727399,-0.024801611046440315,-0.04966172947597121,0.0706035478813303,0.17816806016885842,0.7046335994951548,0.1171983403359868,-0.03113755949349073
0.35465924895688455,-0.030007228252116585,-0.053135108606203955,0.06822219662588738,0.17733363123287876,0.7052118284393385,0.11745454032778264,-0.034779791098840385
0.3560500695410292,-0.03685469764253592,-0.05631228508370716,0.06602486597590342,0.17651932441918197,0.7057594518645285,0.11772122371628961,-0.03847596576506253
0.3574408901251738,-0.04524013503181987,-0.05919450864766467,0.06400734318481582,0.17572515997126134,0.7062763620357747,0.11799847799296402,-0.042204743109574235
0.35883171070931846,-0.05503950927530051,-0.06178312149223542,0.0621653965773826,0.17495115589247434,0.7067624538579709,0.1182863902495547,-0.04594189596075522
0.3602225312934631,-0.06611125829622769,-0.06407957460086836,0.06049477689299206,0.17419732812784763,0.7072176247396312,0.1185850471325211,-0.04966083312879817
0.3616133518776078,-0.07829914301347589,-0.06608544512745904,0.05899121815655505,0.17346369074412313,0.7076417744602003,0.11889453479567659,-0.053333146545452875
0.36300417246175243,-0.09143528801089428,-0.06780245465464833,0.05765043812352158,0.17275025610791045,0.7080348050411195,0.11921493885097009,-0.05692917372826856
0.36439499304589706,-0.10534335518121724,-0.06923248815671995,0.05646813834492029,0.1720570350618111,0.7083966206208678,0.11954634431732106,-0.06041856649379822
0.3657858136300417,-0.11984179488257969,-0.07037761349282862,0.05544000389744737,0.17138403709839506,0.7087271273341821,0.1198888355674229,-0.06377085694838372
0.36717663421418634,-0.13474711838192382,-0.07124010125572658,0.054561702822477555,0.1707312705319155,0.7090262331956547,0.12024249627242965,-0.06695601201943596
0.368567454798331,-0.14987713552976267,-0.07182244480168815,0.05382888531651385,0.17009874266765693,0.7092938479878983,0.12060740934444475,-0.06994496814760649
0.36995827538247567,-0.16505410270339674,-0.0721273802889287,0.05323718271405477,0.1694864599688207,0.7095298831544499,0.12098365687672956,-0.07271013823260807
0.3713490959666203,-0.18010772804500064,-0.07215790655445298,0.052782206302157506,0.16889442822085712,0.7097342516975917,0.12137132008155116,-0.07522588350309782
0.37273991655076494,-0.1948779838678932,-0.07191730466290237,0.05245954600414837,0.16832265269316635,0.7099068680812413,0.12177047922559255,-0.07746894365334318
0.3741307371349096,-0.2092176797570323,-0.07140915696551758,0.05226476896800542,0.1677711382980899,0.7100476481390625,0.12218121356284757,-0.07941881934478869
0.3755215577190542,-0.22299475428518628,-0.07063736551280628,0.052193418092931126,0.1672398897471307,0.7101565089879419,0.12260360126492736,-0.08105810199700342
0.37691237830319885,-0.23609424833048923,-0.06960616967077546,0.05224101052557179,0.1667289117043359,0.710233368946958,0.12303771934870608,-0.08237274667702602
0.37830319888734354,-0.2484199286312103,-0.06832016279764834,0.05240303615525225,0.1662382089367956,0.7102781474619674,0.12348364360123698,-0.08335228482585477
0.3796940194714882,-0.25989553635840335,-0.0667843078457397,0.05267495613548452,0.16576778646220358,0.7102907650359244,0.1239414485018721,-0.08398997452248028
0.3810848400556328,-0.2704656420287437,-0.06500395176157087,0.05305220145691579,0.1653176496934426,0.7102711431650344,0.12441120714152294,-0.08428288696618542
0.38247566063977745,-0.2800960949148199,-0.06298483856627068,0.05353017159479942,0.16488780458015628,0.7102192042808427,0.124892991139001,-0.08423192884361534
0.3838664812239221,-0.2887740621309269,-0.060733121007787376,0.054104233252035186,0.1644782577472767,0.7101348716983406,0.12538687055438272,-0.08384180122538651
0.3852573018080667,-0.29650765966850523,-0.05825537068633691,0.05476971921683125,0.1640890166304825,0.7100180695701723,0.12589291379934525,-0.08312089659503966
0.3866481223922114,-0.3033251847150515,-0.0555585865647852,0.05552192735210255,0.16372008960856343,0.7098687228470119,0.1264111875444246,-0.08208113653867695
0.38803894297635605,-0.30927396550164943,-0.05265020178620633,0.05635611973187256,0.16337148613267713,0.7096867572441707,0.12694175662315227,-0.08073775350482622
0.3894297635605007,-0.3144188515768549,-0.04953808873162911,0.057267521938136806,0.16304321685248102,0.7094720992144906,0.12748468393302836,-0.07910902086974468
0.3908205841446453,-0.3188403736907674,-0.04623056226190161,0.05825132252995902,0.16273529373913131,0.7092246759275691,0.12804003033329955,-0.07721593630291713
0.39221140472878996,-0.32263260828941986,-0.042736381098581314,0.05930267269494605,0.16244773020514153,0.7089444152553507,0.1286078545395078,-0.07508186411108868
0.3936022253129346,-0.32590078686845914,-0.039064747309768624,0.060416686091716895,0.16218054122109507,0.7086312457641167,0.12918821301478822,-0.07273214283782492
0.39499304589707923,-0.3287586950260104,-0.03522530387770915,0.06158843889055748,0.16193374342921188,0.7082850967128926,0.12978115985789537,-0.07019366490117507
0.3963838664812239,-0.33132590990592087,-0.03122813033583333,0.06281297001809838,0.16170735525376823,0.7079058980582862,0.13038674668794556,-0.06749443545753674
0.39777468706536856,-0.3337249277626045,-0.027083736473510124,0.06408528161061042,0.16150139700837204,0.7074935804657607,0.13100502252586727,-0.06466311797923889
0.3991655076495132,-0.33607823554724736,-0.022803054117162738,0.06540033967935696,0.1613158910000982,0.7070480753273409,0.13163603367256077,-0.061728574221941446
0.40055632823365783,-0.3385053816649878,-0.018397427006516986,0.06675307499037232,0.1611508616304872,0.7065693147857419,0.13227982358377097,-0.05871940633228443
0.40194714881780247,-0.3411201013504194,-0.013878598794447132,0.06813838416005204,0.16100633549341492,0.7060572317648954,0.13293643274168968,-0.05566350880413611
0.4033379694019471,-0.3440275514361477,-0.009258699208258565,0.06955113096705466,0.16088234146983824,0.7055117600068564,0.13360589852330526,-0.05258763783280982
0.4047287899860918,-0.34732170764385895,-0.004550228419130396,0.07098614788018877,0.16077891081942405,0.7049328341150456,0.13428825506553038,-0.04951700534163624
0.40611961057023643,-0.35108297492362517,0.0002339603251293576,0.0724382378012255,0.16069607726906776,0.7043203896037897,0.1349835331271424,-0.046474904566920584
0.40751043115438107,-0.35537605783616294,0.005080679740951749,0.07390217602090615,0.16063387709830754,0.7036743629541095,0.135691759947583,-0.043482373589814334
0.4089012517385257,-0.360248133562729,0.009976429153052727,0.07537271238581145,0.16059234922164115,0.7029946916756903,0.13641295910266865,-0.04055790260293263
0.41029207232267034,-0.36572736490321905,0.014907416664431293,0.07684457367322158,0.16057153526774814,0.7022813143749773,0.13714715035727457,-0.03771719000320361
0.411682892906815,-0.3718217846660976,0.019859582768843725,0.07831246617060764,0.16057147965562274,0.7015341708293127,0.13789434951506452,-0.03497295161975631
0.41307371349095967,-0.378518576260438,0.024818625316706543,0.07977107845597238,0.16059222966761869,0.7007532020670362,0.13865456826534509,-0.03233478652731836
0.4144645340751043,-0.38578376818099747,0.029770025740341554,0.08121508437485453,0.16063383551940696,0.6999383504534562,0.13942781402713691,-0.029809101973976328
0.41585535465924894,-0.39356235255449284,0.034699076440129796,0.08263914620948785,0.1606963504268443,0.699089559782594,0.14021408979056182,-0.027399098980684607
0.4172461752433936,-0.4017788301219536,0.0395909092293754,0.08403791803527672,0.16077983066974944,0.6982067753745932,0.14101339395565737,-0.02510481916338558
0.4186369958275382,-0.4103381761089833,0.04443052473256167,0.08540604925948767,0.16088433565258028,0.6972899441786798,0.14182572016874004,-0.022923252302594167
0.42002781641168285,-0.41912721352902466,0.049202822629153556,0.08673818833679807,0.1610099279620023,0.6963390148815499,0.1426510571564478,-0.020848503156167278
0.42141863699582754,-0.42801637272283644,0.05389263263322079,0.08802898665611471,0.1611566734213392,0.6953539380210538,0.143489388557607,-0.018872014995416676
0.4228094575799722,-0.43686180850853656,0.05848474609782764,0.08927310259287774,0.16132464114188594,0.6943346661050381,0.14434069275307584,-0.016982846359689486
0.4242002781641168,-0.4455078393452642,0.0629639481324098,0.09046520572084714,0.16151390357106993,0.6932811537351987,0.14520494269373144,-0.015167996586734211
0.42559109874826145,-0.45378966653778546,0.06731505012118999,0.09159998117721589,0.1617245365374345,0.6921933577357895,0.1460821057267761,-0.01341277480186008
0.4269819193324061,-0.46153632585772736,0.07152292253104656,0.09267213417469176,0.16195661929242183,0.691071237287024,0.14697214342055398,-0.011701206253637166
0.4283727399165507,-0.4685738191454777,0.07557252789811192,0.09367639465403317,0.16221023454892197,0.6899147540630014,0.14787501138807665,-0.010016469182067769
0.42976356050069536,-0.4747283695862107,0.07944895388375722,0.09460752207035927,0.16248546851655454,0.6887238723739734,0.148790659109472,-0.008341354809870317
0.43115438108484005,-0.47982974150748153,0.08313744629241333,0.0954603103063743,0.16278241093364482,0.6874985593127735,0.14971902975358176,-0.006658742570231983
0.4325452016689847,-0.4837145637886132,0.08662344194591978,0.09622959270548763,0.16310115509584833,0.6862387849052082,0.15066005999894352,-0.00495208233464973
0.4339360222531293,-0.48622959534685506,0.08989260131172253,0.09691024721763286,0.16344179788137725,0.6849445222642133,0.15161367985440946,-0.0032058751898134904
0.43532684283727396,-0.48723487169318785,0.09293084078523788,0.09749720165041721,0.16380443977277265,0.6836157477475657,0.1525798124796616,-0.0014061442381386154
0.4367176634214186,-0.48660667323007073,0.09572436452998165,0.09798543901803752,0.16418918487516487,0.6822524411189357,0.15355837400589945,0.00045911303454187346
0.43810848400556324,-0.48424025876983107,0.09825969578270288,0.09837000298022408,0.1645961409309563,0.6808545857120569,0.15454927335698665,0.002399499068121298
0.43949930458970793,-0.4800523116388839,0.10052370753458896,0.09864600336326217,0.1650254193308576,0.6794221685977864,0.15555241207135595,0.004421825104040248
0.44089012517385257,-0.47398305063078444,0.1025036525037072,0.09880862175494734,0.1654771351211993,0.6779551807538173,0.15656768412498343,0.006529762026442282
0.4422809457579972,-0.46599796389137993,0.10418719231810727,0.09885311716511547,0.16595140700743838,0.676453617236805,0.1575949757557566,0.008723539945971697
0.44367176634214184,-0.4560891304545369,0.10556242583343715,0.09877483174315942,0.16644835735377161,0.6749174773566575,0.15863416528957083,0.010999702561278845
0.4450625869262865,-0.444276101473237,0.10661791651347964,0.09856919654374231,0.16696811217876,0.6733467648527376,0.15968512296850243,0.013350921481559154
0.4464534075104311,-0.4306063210707241,0.10734271880663998,0.09823173733166563,0.1675108011468658,0.6717414880717179,0.16074771078141636,0.01576587474552145
0.4478442280945758,-0.4151550750211533,0.10772640345613671,0.09775808041661789,0.16807655755579268,0.6701016601468275,0.16182178229737978,0.01822919274321954
0.44923504867872044,-0.39802496400233317,0.1077590816863667,0.09714395850830355,0.1686655183195179,0.6684272991782203,0.16290718250226185,0.020721473653686706
0.4506258692628651,-0.3793449067833171,0.10743142821268249,0.09638521658219663,0.16927782394689436,0.6667184284141937,0.16400374763891204,0.023219369371103
0.4520166898470097,-0.3592686872538849,0.1067347030265166,0.09547781774592559,0.16991361851569645,0.6649750764329838,0.16511130505131968,0.02569574172389988
0.45340751043115435,-0.3379730675102137,0.10566077191250338,0.09441784909605531,0.17057304964197673,0.6631972773248577,0.16622967303316555,0.028119887614076227
0.454798331015299,-0.3156554971250107,0.1042021256588514,0.0932015275547939,0.1712562684445915,0.6613850708742205,0.16735866068118802,0.030457830537483205
0.4561891515994437,-0.2925314561027095,0.10235189792677404,0.0918252056759126,0.17196342950474916,0.6595385027414572,0.16849806775379372,0.032672674809417074
0.4575799721835883,-0.268831475713547,0.1001038817492203,0.09028537740894244,0.17269469082042738,0.657657624644221,0.16964768453535173,0.03472501773253541
0.45897079276773295,-0.24479788729017554,0.09745254463348682,0.0885786838104883,0.17345021375549813,0.6557424945378846,0.1708072917066174,0.036573413924258204
0.4603616133518776,-0.22068135404861922,0.0943930422464847,0.08670191869129372,0.17423016298339206,0.6537931767948681,0.17197666022173985,0.038174885085720395
0.4617524339360222,-0.19673724497082873,0.09092123066549965,0.0846520341874847,0.17503470642512997,0.6518097423825577,0.1731555511923124,0.039485467660110934
0.46314325452016686,-0.17322191268740492,0.08703367718120361,0.08242614624424655,0.17586401518153882,0.649792269039528,0.17434371577893323,0.04046079010935482
0.4645340751043115,-0.1503889390749333,0.0827276696434224,0.08002154000001314,0.1767182634594654,0.6477408414497887,0.1755408950907459,0.04105667094731925
0.4659248956884562,-0.12848541290289264,0.07800122434377181,0.07743567505910509,0.177597628491795,0.6456555514147705,0.17674682009343454,0.0412297282158477
0.4673157162726008,-0.10774830332187964,0.07285309243269494,0.07466619064062373,0.17850229045107344,0.6435364980227728,0.17796121152615377,0.040937990785541514
0.46870653685674546,-0.08840099129101446,0.0672827648716949,0.07171091059129503,0.1794324323565283,0.6413837878156001,0.17918377982787148,0.04014150171268586
0.4700973574408901,-0.0706500182322528,0.061290475924662434,0.06856784824990894,0.18038823997427722,0.6391975349521124,0.18041422507361035,0.03880290389099158
0.47148817802503473,-0.054682107327395806,0.05487720519510147,0.06523521115090064,0.18136990171050624,0.6369778613684265,0.18165223692106724,0.03688799840333816
0.47287899860917937,-0.04066150801355419,0.04804467821882809,0.06171140555464348,0.182377608497396,0.634724896934508,0.18289749456809606,0.03436626630350752
0.47426981919332406,-0.028727708476067586,0.04079536562430335,0.05799504079200323,0.1834115536715697,0.6324387796068961,0.18414966672153416,0.031211345037381228
0.4756606397774687,-0.018993554391359944,0.03313248087520463,0.054084933410760025,0.1844719328448306,0.6301196555773194,0.18540841157784996,0.027401451341321277
0.47705146036161333,-0.011543804956853412,0.025059976612101444,0.049980111111568054,0.1855589437669554,0.627767679416955,0.1866733768160896,0.022919743224016395
0.47844228094575797,-0.0064341494931066485,0.016582539612252315,0.04567981646124922,0.18667278618030356,0.6253830142161066,0.1879441996035898,0.017754614536337903
0.4798331015299026,-0.003690699755947785,0.007705584388527947,0.04118351037136013,0.18781366166600205,0.622965831719074,0.18922050661492398,0.011899916648856191
0.48122392211404724,-0.0033099647013369337,-0.001564754549697883,0.03649087533015932,0.1889817734814627,0.6205163124539995,0.19050191406453781,0.005355102873791932
0.48261474269819193,-0.005259305954128977,-0.011221631749092492,0.0316018183763353,0.19017732638898496,0.6180346458574904,0.1917880277535247,-0.0018747075291890253
0.48400556328233657,-0.009477863796336068,-0.021257501152152535,0.026516473803123934,0.1914005264752008,0.6155210303938201,0.19307844313097913,-0.00977874765401915
0.4853963838664812,-0.015877935261338225,-0.03166412769653908,0.02123520558176039,0.19265158096111387,0.612975673668526,0.19437274537036012,-0.018340704128976534
0.48678720445062584,-0.024346778044106024,-0.042432600144864115,0.015758609493560314,0.19393069800248852,0.6103987925362329,0.1956705094612786,-0.027538900404796687
0.4881780250347705,-0.03474880655308635,-0.05355334511452772,0.01008751496032509,0.19523808648034482,0.6077906132025402,0.19697130031711504,-0.03734656002640273
0.4895688456189151,-0.046928139666894485,-0.06501614227599248,0.004222986563212607,0.19657395578131892,0.6051513713198247,0.19827467289885625,-0.0477321464285441
0.4909596662030598,-0.060711453736790655,-0.07681014068672307,-0.0018336747593062203,0.1979385155676527,0.6024813120768232,0.19958017235552405,-0.05865977449686317
0.49235048678720444,-0.07591108919870974,-0.08892387622697277,-0.008080930843255982,0.19933197553657833,0.5997806902818689,0.20088733418155277,-0.07008968789587261
0.4937413073713491,-0.09232835491582315,-0.1013452901025682,-0.014517005769006322,0.20075454516887395,0.5970497704396716,0.20219568439145444,-0.08197879500497562
0.4951321279554937,-0.10975697113666842,-0.11406174837889907,-0.021139885676827033,0.20220643346636996,0.5942888268215424,0.20350473971208763,-0.09428125524313291
0.49652294853963835,-0.1279865897791813,-0.12706006250941237,-0.027947318935161582,0.20368784867819764,0.5914981435289742,0.20481400779282807,-0.10694910662094811
0.497913769123783,-0.1468063296729809,-0.14032651082105774,-0.03493681666793048,0.20519899801557734,0.5886780145505071,0.2061229874339157,-0.11993292455320555
0.4993045897079276,-0.1660082644268734,-0.15384686091829172,-0.04210565364644947,0.20674008735496113,0.5858287438118127,0.2074311688332263,-0.1331825013107808
0.5006954102920723,-0.1853908017319748,-0.1676063929664757,-0.04945086955076727,0.20831132092935203,0.5829506452189513,0.2087380338516966,-0.14664753500185132
0.502086230876217,-0.20476189513972567,-0.18158992381472877,-0.05696927060442708,0.20991290100764143,0.5800440426947618,0.2100430562975967,-0.16027831665953007
0.5034770514603616,-0.22394203262587734,-0.1957818319175733,-0.064657431585813,0.21154502756181867,0.5771092702083567,0.2113457022298246,-0.1740264038849773
0.5048678720445062,-0.24276695050536484,-0.21016608301397466,-0.07251169821836209,0.21320789792192935,0.5741466717977097,0.21264543028036084,-0.1878452695574039
0.5062586926286509,-0.2610900264209486,-0.22472625652172237,-0.08052818994103353,0.2149017064186761,0.5711566015853269,0.213941691995997,-0.20169091437805817
0.5076495132127955,-0.2787843110965982,-0.2394455726043914,-0.08870280305948178,0.21662664401357826,0.5681394237870084,0.21523393219941336,-0.21552243246390507
0.5090403337969401,-0.295744165216972,-0.25430691986747406,-0.09703121427744041,0.21838289791663246,0.565095512713713,0.21652158936965452,-0.22930251984499198
0.5104311543810848,-0.3118864750468155,-0.2692928836396702,-0.10550888460683784,0.22017065119143955,0.5620252527665488,0.2178040960420117,-0.2429979165408717
0.5118219749652294,-0.3271514281084582,-0.28438577479463806,-0.1141310636541815,0.22199008234779594,0.5589290384249159,0.21908087922728825,-0.2565797738861911
0.5132127955493742,-0.34150283825389605,-0.29956765906798216,-0.12289279427973519,0.2238413649217722,0.5558072742278424,0.22035136085038545,-0.2700239399310481
0.5146036161335188,-0.35492801765684967,-0.3148203868236092,-0.13178891762499348,0.22572466704333888,0.5526603747485518,0.22161495820810936,-0.28331115704211945
0.5159944367176634,-0.36743720146377196,-0.33012562322308237,-0.14081407850294764,0.2276401509916345,0.5494887645623066,0.22287108444605894,-0.2964271672575941
0.5173852573018081,-0.37906253893454717,-0.34546487875101994,-0.14996273114457614,0.22958797273800285,0.5462928782075835,0.22411914905441369,-0.30936272248142976
0.5187760778859527,-0.389856672729828,-0.3608195400491133,-0.15922914529399748,0.23156828147697234,0.5430731601406266,0.2253585583824011,-0.32211349821725316
0.5201668984700973,-0.39989093542348486,-0.3761709010108599,-0.16860741264367526,0.23358121914538796,0.5398300646834361,0.226588716171176,-0.33467991121400026
0.521557719054242,-0.40925319920374514,-0.39150019408863573,-0.17809145360005024,0.23562691992995155,0.5365640559652439,0.22780902410480447,-0.34706684309726943
0.5229485396383866,-0.4180454209532673,-0.40678862176437525,-0.18767502436898303,0.2377055097634726,0.5332756078575306,0.22901888237899665,-0.35928327376434166
0.5243393602225312,-0.4263809303563502,-0.4220173881347157,-0.19735172434937465,0.23981710581017962,0.5299652039026316,0.23021769028718875,-0.37134182999788923
0.5257301808066759,-0.4343815132741256,-0.4371677305611709,-0.20711500382238984,0.24196181594049285,0.5266333372359816,0.23140484682352544,-0.3832582563744706
0.5271210013908205,-0.44217434627478175,-0.4522209513356262,-0.21695817192274616,0.24413973819571297,0.5232805105020379,0.23257975130224925,-0.39505081707979245
0.5285118219749652,-0.4498888408413849,-0.4671584493112128,-0.2268744048776163,0.24635096024313308,0.5199072357639185,0.23374180399294836,-0.40673963866501706
0.5299026425591099,-0.4576534573582753,-0.48196175144847964,-0.23685675449781374,0.24859555882214107,0.5165140344067847,0.23489040677107434,-0.4183460050597475
0.5312934631432545,-0.46559254947079665,-0.4966125442266571,-0.2468981569050759,0.25087359918193297,0.5131014370349875,0.23602496378307955,-0.42989161727195957
0.5326842837273992,-0.4738232988139531,-0.5110927048697944,-0.2569914414784585,0.2531851345115263,0.5096699833629897,0.23714488212548385,-0.4413978311295066
0.5340751043115438,-0.4824527984245326,-0.5253843323375558,-0.2671293400020814,0.2555302053628145,0.5062202221000647,0.2382495725371209,-0.4528848871307162
0.5354659248956884,-0.4915753404185919,-0.5394697780305768,-0.2773044959957584,0.2579088390674737,0.50275271082876,0.23933845010376614,-0.46437114695505005
0.5368567454798331,-0.5012699597808267,-0.5533316761604553,-0.28750947420937806,0.26032104914859633,0.49926801587710673,0.2404109349742969,-0.4758723514240488
0.5382475660639777,-0.5115982814409741,-0.5669529737346912,-0.29773677026128265,0.2627668347279875,0.49576671218453244,0.24146645308748002,-0.48740091468692814
0.5396383866481224,-0.5226027122883652,-0.5803169601072269,-0.30797882040035734,0.2652461799301314,0.49224938316143635,0.24250443690843243,-0.49896526912742867
0.541029207232267,-0.5343050134973453,-0.5934072960456434,-0.3182280113710287,0.267759053283896,0.4887166205423574,0.24352432617374672,-0.5105692749462346
0.5424200278164116,-0.5467052816154897,-0.6062080422665485,-0.32847669035996,0.2703054071231165,0.48516902423266134,0.24452556864422215,-0.5222117075685276
0.5438108484005563,-0.5597813594264558,-0.6187036873912758,-0.3387171750028622,0.27288517698725906,0.48160720214865216,0.24550762086408878,-0.5338858349655814
0.5452016689847009,-0.5734886897724503,-0.6308791752746545,-0.3489417634295358,0.2754982810234353,0.4780317700510027,0.24646994892556184,-0.5455790956740254
0.5465924895688455,-0.5877606174469613,-0.642719931660354,-0.3591427443250538,0.2781446193911025,0.47444335137138144,0.2474120292375159,-0.55727288676238
0.5479833101529903,-0.6025091360904247,-0.6542118901171091,-0.3693124069848212,0.28082407367084755,0.4708425770321402,0.24833334929701217,-0.568942469252105
0.5493741307371349,-0.6176260688854884,-0.6653415172110441,-0.37944305134117906,0.28353650627871435,0.46723008525891363,0.24923340846237213,-0.580556996574384
0.5507649513212796,-0.6329846638995367,-0.6760958368702807,-0.3895269979392165,0.2862817598875982,0.4636065213859633,0.25011171872643845,-0.592079669562909
0.5521557719054242,-0.6484415773017921,-0.686462453899055,-0.39955659783950886,0.2890596568572811,0.4599725376540981,0.25096780548862085,-0.6034680192793387
0.5535465924895688,-0.6638392105267503,-0.6964295765997133,-0.40952424242566104,0.2918699986747426,0.4563287930009763,0.2518012083242811,-0.6146743166774801
0.5549374130737135,-0.6790083608925739,-0.7059860384621377,-0.41942237309474206,0.2947125654064313,0.45267595284359696,0.25261148174997167,-0.6256461057727432
0.5563282336578581,-0.6937711393299457,-0.7151213188814145,-0.42924349080899427,0.2975871151642249,0.449014688852774,0.25339819598300106,-0.6363268546353648
0.5577190542420027,-0.7079441038385762,-0.7238255628658918,-0.4389801654875736,0.3004933835868557,0.44534567871937764,0.2541609376937668,-0.6466567162110508
0.5591098748261474,-0.7213415531556656,-0.7320895996991401,-0.4486250452175091,0.30343108333861074,0.4416696059121293,0.2548993107492599,-0.656573388733466
0.560500695410292,-0.7337789219677843,-0.7399049605207852,-0.4581708652635945,0.3063999036271539,0.4379871594267255,0.2556129369461206,-0.6660130633719809
0.5618915159944367,-0.7450762168821101,-0.7472638947926513,-0.4676104568575049,0.30939950974233815,0.4342990335260687,0.25630145673159305,-0.6749114447968795
0.5632823365785813,-0.7550614313338412,-0.75415938561819,-0.4769367557470788,0.31242954261790173,0.4306059274713872,0.25696452991071106,-0.6832048285831102
0.564673157162726,-0.7635738776639195,-0.7605851638847365,-0.4861428104874455,0.3154896184179529,0.42690854524402283,0.25760183633802425,-0.6908312178504202
0.5660639777468707,-0.7704673757555365,-0.7665357211997266,-0.49522179045642484,0.3185793281501528,0.4232075952576826,0.2582130765921645,-0.6977314602870934
0.5674547983310153,-0.7756132398507287,-0.7720063215936547,-0.5041669935775257,0.32169823730751096,0.41950379006094574,0.25879797263154325,-0.7038503857574986
0.56884561891516,-0.7789030084417119,-0.7769930119641734,-0.5129718537347117,0.3248458855406868,0.41579784602984715,0.2593562684294659,-0.70913792407648
0.5702364394993046,-0.7802508663895221,-0.7814926312374209,-0.52162994786411,0.3280217863626856,0.4120904830503587,0.2598877305869557,-0.7135501822676442
0.5716272600834492,-0.7795957135912591,-0.7855028182243357,-0.5301350027088159,0.33122542688779943,0.4083824241906172,0.26039214892158336,-0.7170504607230773
0.5730180806675939,-0.7769028405071992,-0.7890220181513928,-0.5384809012240206,0.3344562676066122,0.4046743953627699,0.260869337030618,-0.7196101881583002
0.5744089012517385,-0.7721651775658623,-0.7920494878468886,-0.5466616886207741,0.337713742198842,0.40096712497432757,0.2613191328268304,-0.7212097561107877
0.5757997218358831,-0.7654040927719427,-0.7945852995655855,-0.5546715780378434,0.34099725738573594,0.3972613435689515,0.26174139904531246,-0.7218392349589084
0.5771905424200278,-0.7566697196209689,-0.7966303434361944,-0.5625049558322864,0.3443061928236682,0.3935577834566266,0.2621360237197052,-0.7214989550291921
0.5785813630041724,-0.746040805539824,-0.7981863285178602,-0.5701563864805762,0.3476399010405147,0.3898571783332119,0.2625029206262734,-0.7201999382950429
0.579972183588317,-0.7336240793814202,-0.7992557824534514,-0.5776206170833125,0.3509977074162958,0.38616026288939453,0.26284202969430964,-0.71796416842382
0.5813630041724617,-0.7195531448594017,-0.7998420497091357,-0.5848925814678381,0.35437891020947526,0.38246777240911867,0.2631533173814062,-0.7148246894695082
0.5827538247566064,-0.7039869150680741,-0.7999492883913188,-0.5919674038842923,0.35778278063020297,0.37878044235759867,0.2634367770121985,-0.7108255262964005
0.5841446453407511,-0.6871076112486809,-0.7995824656336756,-0.5988404022919439,0.3612085629616705,0.3750990079590815,0.26369242907924817,-0.7060214228109871
0.5855354659248957,-0.6691183565949189,-0.7987473515486043,-0.605507091233891,0.364655474730624,0.3714242037645606,0.26392032150481537,-0.7004773972249811
0.5869262865090403,-0.6502404030038934,-0.7974505117390333,-0.6119631842995084,0.36812270692793736,0.36775676320970946,0.2641205298623531,-0.6942681168182184
0.588317107093185,-0.6307100351482677,-0.7956992983681033,-0.6182045961752645,0.371609424280013,0.36409741816334307,0.2642931575566439,-0.6874770979584751
0.5897079276773296,-0.6107752019571631,-0.793501839785861,-0.6242274442858274,0.3751147655716172,0.3604468984667793,0.26443833596160365,-0.6801957404061241
0.5910987482614742,-0.5906919304465633,-0.7908670287136607,-0.6300280500285703,0.3786378440205985,0.35680593146452577,0.26455622451487576,-0.6725222081234393
0.5924895688456189,-0.5707205807486644,-0.7878045089886122,-0.63560293960585,0.38217774770476737,0.3531752415267768,0.26464701076845576,-0.6645601718595499
0.5938803894297635,-0.5511220040844157,-0.784324660871997,-0.6409488444605972,0.38573354004104077,0.34955554956426077,0.26471091039469846,-0.6564174316315027
0.5952712100139081,-0.5321536672527932,-0.7804385849272613,-0.6460627013219474,0.38930426031677284,0.34594757253603936,0.2647481671471878,-0.6482044398109009
0.5966620305980528,-0.5140658079410327,-0.7761580844748119,-0.6509416518687379,0.392888924273006,0.34235202295091954,0.26475905277607453,-0.6400327477984089
0.5980528511821974,-0.4970976847782349,-0.7714956466326099,-0.6555830420198239,0.3964865247391843,0.33876960836319303,0.26474386689762275,-0.6320134011740894
0.5994436717663422,-0.4814739845660945,-0.7664644219532962,-0.6599844208611914,0.4000960323186788,0.3352010308634799,0.2647029368178413,-0.624255309704465
0.6008344923504868,-0.46740144654984106,-0.7610782026703984,-0.6641435392208419,0.4037163961242761,0.3316469865655052,0.2646366173102188,-0.6168636196285441
0.6022253129346314,-0.4550657599834816,-0.7553513995681101,-0.6680583479034,0.40734654456258246,0.32810816508969076,0.26454529034772667,-0.6099381162035667
0.6036161335187761,-0.4446287866582724,-0.7492990174910692,-0.6717269955972589,0.41098538616610003,0.3245852490445013,0.26442936478939866,-0.6035716845441279
0.6050069541029207,-0.43622615458053215,-0.7429366295126766,-0.6751478264679449,0.41463181047153025,0.3210789135065247,0.26428927602194513,-0.5978488563218923
0.6063977746870653,-0.42996526269925467,-0.7362803497826603,-0.6783193774521347,0.4182846889426728,0.31758982550031767,0.2641254855570096,-0.5928444689033738
0.60778859527121,-0.4259237296037901,-0.729346805076908,-0.6812403752675037,0.4219428759360862,0.3141186434790879,0.2639384805848259,-0.5886224619961536
0.6091794158553546,-0.424148311557609,-0.7221531050750128,-0.683909733154211,0.42560520970749943,0.31066601680732103,0.26372877348517954,-0.5852348348655875
0.6105702364394993,-0.42465430723636355,-0.7147168113935445,-0.6863265473644233,0.4292705134567768,0.30723258524649494,0.26349690129672815,-0.5827207847007635
0.6119610570236439,-0.4274254582350315,-0.7070559054058021,-0.6884900934167922,0.4329375964090681,0.3038189784450539,0.263243425145878,-0.5811060437862944
0.6133518776077885,-0.43241434594325356,-0.6991887548816307,-0.6903998221332456,0.43660525492960867,0.30042581543383445,0.262968929636557,-0.5804024298209044
0.6147426981919332,-0.4395432769060632,-0.6911340794839648,-0.692055355475833,0.4402722736694794,0.2970537041281593,0.26267402220236136,-0.5806076200690053
0.6161335187760778,-0.44870564043527866,-0.6829109151619667,-0.6934564822016606,0.4439374267394917,0.2937032408378216,0.2623593324226866,-0.5817051560995379
0.6175243393602226,-0.4597677141589696,-0.6745385774839532,-0.6946031533541956,0.44759947890922697,0.29037500978619357,0.26202551130457935,-0.5836646817263155
0.6189151599443672,-0.4725708855318534,-0.6660366239569263,-0.6954954776093696,0.4512571868281381,0.28706958263969173,0.26167323053217,-0.5864424124906086
0.6203059805285118,-0.4869342502105945,-0.6574248153831921,-0.6961337164950062,0.45490930026552107,0.2837875180488242,0.26130318168565475,-0.5899818306987249
0.6216968011126565,-0.5026575417477563,-0.6487230763084803,-0.6965182795021214,0.45855456336605527,0.2805293612020374,0.2609160754319072,-0.5942145957269135
0.6230876216968011,-0.5195243413886012,-0.6399514546200125,-0.6966497191065806,0.46219171591755126,0.2772956433935586,0.26051264068889013,-0.5990616551164623
0.6244784422809457,-0.5373055119650381,-0.6311300803571871,-0.696528725719498,0.4658194946274659,0.27408688160640465,0.2600936237661295,-0.6044345379867956
0.6258692628650904,-0.5557627960552439,-0.622279123801934,-0.6961561225845573,0.4694366344047095,0.2709035781117011,0.2596597874835894,-0.6102368085753885
0.627260083449235,-0.5746525157848293,-0.6134187529202114,-0.6955328606401947,0.47304186964323414,0.2677462200854144,0.25921191027135143,-0.6163656543489817
0.6286509040333796,-0.593729309938135,-0.6045690902308135,-0.6946600133642795,0.4766339355038792,0.26461527924355893,0.25875078525256184,-0.6227135801948293
0.6300417246175243,-0.61274984346122,-0.5957501691822598,-0.6935387716185185,0.4802115691909544,0.26151121149689427,0.25827721931215125,-0.6291701777611527
0.6314325452016689,-0.6314764249888168,-0.5869818901233455,-0.6921704385094325,0.4837735112200667,0.25843445662606673,0.2577920321538666,-0.6356239371330829
0.6328233657858136,-0.6496804697152467,-0.578283975957736,-0.690556424282212,0.4873185066737255,0.2553854379780981,0.2572960553481764,-0.6419640667555558
0.6342141863699583,-0.6671457477359267,-0.5696759275777389,-0.6886982412632486,0.490845306441325,0.25236456218505454,0.2567901313736205,-0.6480822868897597
0.6356050069541029,-0.6836713618758409,-0.5611769791772436,-0.686597498866549,0.49435266844016695,0.2493722189056627,0.2562751126541703,-0.6538745619457474
0.6369958275382476,-0.6990744039415354,-0.5528060535484782,-0.6842558986785806,0.49783935881428226,0.246408780590562,0.2557518605951556,-0.6592427377899491
0.6383866481223922,-0.7131922442146131,-0.5445817174718579,-0.6816752296354399,0.5013041531079038,0.24347460227181375,0.25522124462028245,-0.6640960515894675
0.6397774687065368,-0.725884415762582,-0.5365221373127146,-0.6788573633055052,0.5047458374105667,0.2405700213771994,0.2546841412122338,-0.6683524839190887
0.6411682892906815,-0.7370340626769302,-0.5286450349428853,-0.6758042492899723,0.5081632094709465,0.23769535756976312,0.2541414329592903,-0.6719399257020796
0.6425591098748261,-0.7465489295444848,-0.5209676441092703,-0.6725179107528888,0.511555079776684,0.23485091261296498,0.25359400761035106,-0.674797136048781
0.6439499304589708,-0.7543618781880244,-0.513506667375147,-0.6690004400914803,0.5149202725976105,0.2320369702617283,0.25304275714066127,-0.676874471149813
0.6453407510431154,-0.7604309268352878,-0.5062782337634851,-0.665253994756711,0.5182576269899509,0.22925379617957428,0.25248857683047476,-0.6781343690117042
0.64673157162726,-0.7647388162388427,-0.49929785723449804,-0.6612807932331466,0.5215659977592688,0.22650163788194946,0.2519323643587817,-0.6785515799156929
0.6481223922114047,-0.767292116709029,-0.492580396132245,-0.6570831111862944,0.5248442563800968,0.2237807247057637,0.25137501891413955,-0.6781131379454032
0.6495132127955493,-0.7681198993645263,-0.4861400137372005,-0.652663277784693,0.5280912918704018,0.22109126780506805,0.25081744032453007,-0.676818074662481
0.6509040333796939,-0.7672720039677761,-0.47999014006319746,-0.648023672203069,0.5313060116192333,0.2184334601727146,0.25026052820805217,-0.6746768818948675
0.6522948539638387,-0.7648169443068158,-0.47414343503811934,-0.6431667203119752,0.534487342166111,0.21580747668775535,0.24970518114613358,-0.671710736512464
0.6536856745479833,-0.7608395000179234,-0.46861175320797505,-0.6380948915583285,0.5376342299309258,0.21321347418825604,0.2491522958808182,-0.6679505058616682
0.655076495132128,-0.7554380508208363,-0.46340611010357025,-0.632810696040342,0.5407456418933415,0.21065159156911184,0.2486027665375466,-0.6634355580681155
0.6564673157162726,-0.7487217151684984,-0.4585366504078663,-0.6273166817793357,0.5438205662209025,0.20812194990438743,0.24805748387471002,-0.6582124065451439
0.6578581363004172,-0.7408073601122178,-0.4540126180601246,-0.621615432189973,0.5468580128452731,0.20562465259361476,0.2475173345611121,-0.6523332226115666
0.6592489568845619,-0.7318165525789202,-0.44984232843022454,-0.6157095637494464,0.5498570139862532,0.20315978553141983,0.2469832004823271,-0.6458542539760136
0.6606397774687065,-0.7218725240972577,-0.4460331426929048,-0.6096017238651726,0.5528166246234238,0.2007274172997816,0.24645595807679446,-0.6388341898431456
0.6620305980528511,-0.7110972211666443,-0.4425914445271747,-0.6032945889395446,0.5557359229155033,0.19832759938215938,0.2459364777023373,-0.6313325154085228
0.6634214186369958,-0.6996085118438684,-0.43952261926078917,-0.5967908626292964,0.5586140105676868,0.19596036639867137,0.2454256230336419,-0.6234078994208219
0.6648122392211404,-0.6875176156725068,-0.4368310355733042,-0.590093274296012,0.5614500131474617,0.19362573636145142,0.24492425049108696,-0.6151166582136389
0.666203059805285,-0.6749268187954209,-0.4345200298640579,-0.5832045776433112,0.5642430803495767,0.19132371094926462,0.24443320870115867,-0.6065113380856043
0.6675938803894297,-0.6619275290188297,-0.4325918933831866,-0.5761275495351982,0.5669923862110436,0.18905427580041695,0.24395333798853938,-0.5976394551141248
0.6689847009735744,-0.6485987168463041,-0.4310478622147467,-0.5688649889890296,0.5696971292772272,0.18681740082295814,0.24348546989981482,-0.588542427443031
0.6703755215577191,-0.6350057782437071,-0.42988811019096373,-0.5614197163355045,0.5723565327202551,0.18461304052114558,0.24303042675859926,-0.5792547298508478
0.6717663421418637,-0.6211998433670453,-0.42911174480577624,-0.5537945725370044,0.5749698444111507,0.18244113433710674,0.24258902125174261,-0.5698032940950012
0.6731571627260083,-0.6072175429820549,-0.4287168061840571,-0.5459924186545343,0.5775363369472392,0.18030160700661954,0.24216205604614133,-0.5602071712966773
0.674547983310153,-0.5930812311818434,-0.4287002691503546,-0.5380161354523988,0.58005530763653,0.17819436892791277,0.24175032343555716,-0.5504774646862759
0.6759388038942976,-0.5787996496705666,-0.4290580484276285,-0.5298686231286165,0.5825260784409122,0.17611931654237625,0.24135460501671147,-0.5406175326176047
0.6773296244784422,-0.5643690057668893,-0.4297850069824128,-0.5215528011579263,0.584947995880124,0.17407633272606682,0.24097567139380918,-0.5306234531626987
0.6787204450625869,-0.5497744238518542,-0.43087496751811794,-0.513071608233048,0.5873204308985704,0.17206528719089462,0.24061428191053497,-0.5204847331267348
0.6801112656467315,-0.5349917187055027,-0.4323207271029055,-0.5044280022886534,0.5896427786971675,0.17008603689437785,0.24027118440845463,-0.5101852362964004
0.6815020862308762,-0.5199894294908323,-0.43411407490276627,-0.495624960591258,0.5919144585324801,0.16813842645686441,0.23994711501065544,-0.49970429847775
0.6828929068150208,-0.504731045458585,-0.4362458129742597,-0.4866654798769811,0.5941349134855023,0.1662222885851296,0.23964279792936813,-0.48901799069860374
0.6842837273991654,-0.4891773491058411,-0.43870578005485467,-0.47755257651781574,0.596303610202496,0.16433744450127996,0.23935894529622403,-0.4781004871220539
0.6856745479833101,-0.4732887997874084,-0.4414828782721157,-0.4682892866957444,0.5984200386103611,0.1624837043759123,0.23909625701372658,-0.4669254909714061
0.6870653685674548,-0.4570278808121992,-0.44456510267617416,-0.45887866656268766,0.6004837116090562,0.16066086776450206,0.23885542062644172,-0.45546767027103136
0.6884561891515995,-0.4403613359032591,-0.44793957348315677,-0.44932379236292974,0.6024941647436266,0.15886872404602648,0.2386371112103469,-0.44370405555697934
0.6898470097357441,-0.4232622264816852,-0.4515925709006214,-0.4396277604933016,0.6044509558584159,0.157107052862856,0.23844199127872814,-0.43161535391800354
0.6912378303198887,-0.40571174934649695,-0.45550957238971573,-0.4297936874750924,0.6063536647360578,0.155375624560985,0.2382707107029572,-0.4191871377166196
0.6926286509040334,-0.38770076463665165,-0.459675292202845,-0.41982470981030223,0.6082018927238434,0.15367420062971032,0.23812390664644623,-0.4064108719477334
0.694019471488178,-0.3692309960387506,-0.46407372302028643,-0.4097239836936102,0.6099952623500592,0.1520025341399013,0.23800220351003953,-0.3932847511732443
0.6954102920723226,-0.35031587851139556,-0.46868817949450164,-0.39949468455021575,0.6117334169328723,0.15036037018005247,0.2379062128870753,-0.3798143250052838
0.6968011126564673,-0.330981042733569,-0.4735013434970936,-0.3891400063685906,0.6134160201843187,0.1487474462893485,0.23783653352633286,-0.3660128998209708
0.6981919332406119,-0.3112644394085771,-0.4784953108505171,-0.378663160796207,0.6150427558119179,0.14716349288701772,0.23779375130106437,-0.3519017133601726
0.6995827538247565,-0.29121611982085116,-0.4836516393149533,-0.36806737596545613,0.6166133271203946,0.14560823369729653,0.23777843918230876,-0.33750988765027296
0.7009735744089012,-0.2708977010327805,-0.4889513975903807,-0.35735589501635134,0.6181274566159465,0.1440813861693702,0.2377911572146833,-0.3228741738901996
0.7023643949930458,-0.25038155426914804,-0.49437521508486026,-0.3465319742822082,0.6195848856154351,0.14258266189170776,0.2378324524928571,-0.30803851011287914
0.7037552155771906,-0.2297497629096363,-0.4999033321927148,-0.33559888110438557,0.620985373862822,0.1411117670002509,0.237902859136927,-0.29305341828824955
0.7051460361613352,-0.20909290176016057,-0.5055156508205675,-0.3245598912424323,0.6223286991550967,0.13966840257996854,0.2380028982649347,-0.27797527176049786
0.7065368567454798,-0.18850869170886894,-0.5111917848954192,-0.31341828584657433,0.6236146569798764,0.13825226505933105,0.2381330779607924,-0.26286546635710584
0.7079276773296245,-0.16810058345590223,-0.5169111105871103,-0.3021773479606383,0.624843060166771,0.13686304659731055,0.23829389323591846,-0.2477895290906022
0.7093184979137691,-0.1479763208580481,-0.5226528159778018,-0.29084035852507045,0.626013738554523,0.13550043546255566,0.23848582598292145,-0.23281619713063387
0.7107093184979137,-0.1282465288232219,-0.5283959499136428,-0.2794105918519567,0.6271265386758458,0.1341641164044355,0.2387093449197188,-0.21801649679455698
0.7121001390820584,-0.10902336303310764,-0.5341194697786188,-0.26789131054681004,0.628181323461776,0.13285377101569465,0.23896490552252933,-0.2034628479265091
0.713490959666203,-0.09041924958462738,-0.5398022879378762,-0.25628575985548124,0.6291779719672742,0.13156907808649934,0.23925294994622645,-0.18922821352806216
0.7148817802503477,-0.07254573252119052,-0.5454233166075961,-0.24459716141895535,0.630116379119681,0.13030971394970312,0.23957390693061598,-0.17538530825074933
0.7162726008344923,-0.05551243681546339,-0.5509615109208164,-0.23282870642402748,0.6309964554915479,0.12907535281719515,0.23992819169125695,-0.16200587278318665
0.7176634214186369,-0.03942614431404464,-0.5563959099736074,-0.22098354814403184,0.6318181270992332,0.12786566710723898,0.24031620579352775,-0.14916001469652346
0.7190542420027816,-0.02438997107402159,-0.561705675653541,-0.20906479387092963,0.6325813352285491,0.12668032776274063,0.24073833700871025,-0.13691561036972894
0.7204450625869262,-0.010502626954486831,-0.5668701290726563,-0.19707549624822582,0.6332860362886142,0.12551900456042858,0.24119495915095718,-0.12533775757811186
0.721835883171071,0.0021422672872025202,-0.5718687844499603,-0.18501864402339366,0.6339322016949537,0.12438136641095403,0.24168643189409234,-0.11448826450755928
0.7232267037552156,0.01345683349096242,-0.5766813803138311,-0.1728971522487775,0.6345198177827511,0.12326708164995848,0.2422131005672904,-0.10442515858396874
0.7246175243393602,0.02335958918805911,-0.5812879079226358,-0.16071385197129345,0.6350488857510382,0.12217581832018048,0.2427752959287813,-0.09520219771677994
0.7260083449235049,0.031776127755796475,-0.5856686368319682,-0.14847147946372588,0.6355194216384586,0.12110724444470622,0.2433733339168351,-0.08686836737978539
0.7273991655076495,0.03863984922620571,-0.5898041375694115,-0.13617266506384335,0.6359314563311225,0.1200610282914907,0.2440075153773868,-0.0794673493208689
0.7287899860917941,0.043892759417287736,-0.5936753014120527,-0.12381992170204058,0.6362850356029179,0.11903683862930202,0.24467812576778009,-0.07303695143861808
0.7301808066759388,0.04748634746141749,-0.597263357298193,-0.11141563321354213,0.6365802201885068,0.11803434497526283,0.24538543483623057,-0.06760849323714051
0.7315716272600834,0.049382543021377054,-0.6005498859423802,-0.0989620425473435,0.6368170858890836,0.11705321783418317,0.24612969627673317,-0.06320614695394447
0.732962447844228,0.049554745051627956,-0.6035168312616881,-0.08646124000082324,0.6369957237108366,0.11609312892989497,0.24691114735926853,-0.05984624058626541
0.7343532684283727,0.04798890445044815,-0.6061465092609268,-0.07391515162619502,0.6371162400358881,0.11515375142881472,0.2477300085352973,-0.057536535233210576
0.7357440890125173,0.044684633922686186,-0.6084216145645017,-0.06132552797247227,0.6371787568253481,0.11423476015597507,0.2485864830186768,-0.056275495039374374
0.737134909596662,0.03965631036095248,-0.6103252248227218,-0.0486939333440987,0.6371834118539529,0.11333583180377602,0.2494807563422711,-0.05605157320874469
0.7385257301808067,0.03293412851812347,-0.6118408032599422,-0.03602173577466182,0.6371303589756082,0.11245664513371438,0.2504129958906774,-0.0568425417377447
0.7399165507649513,0.02456506006034696,-0.6129521996703383,-0.023310097930772416,0.6370197684189961,0.11159688117136024,0.25138335040964366,-0.058614895435708136
0.741307371349096,0.014613669526278085,-0.613643650204086,-0.010559969176914817,0.6368518271122383,0.110756223394852,0.2523919494929097,-0.0613233622753581
0.7426981919332406,0.0031627384285178527,-0.6138997763212947,0.0022279209534043047,0.6366267390354594,0.10993435791718341,0.2534389030473571,-0.06491055204070759
0.7440890125173852,-0.009686349248115048,-0.6137055833228903,0.015053067622175016,0.6363447255999161,0.10913097366256087,0.254524300737523,-0.06930677359404487
0.7454798331015299,-0.023813502649754133,-0.6130464588959714,0.027915193618318807,0.6360060260522086,0.10834576253710347,0.2556482114106879,-0.0744300479267027
0.7468706536856745,-0.039080136966203924,-0.6119081721352703,0.040814250079198595,0.6356108979019155,0.10757841959416053,0.25681068250392397,-0.0801863396235578
0.7482614742698191,-0.055329731803775574,-0.6102768735217606,0.053750414720234986,0.635159617370842,0.10682864319451162,0.2580117394346463,-0.08647002365573421
0.7496522948539638,-0.07238875369180534,-0.6081390963532389,0.06672408728898695,0.6346524798619005,0.10609613516171283,0.2592513849763867,-0.0931645977674765
0.7510431154381084,-0.09006795089884674,-0.6054817601294843,0.07973588196228053,0.6340898004454883,0.1053806009328408,0.2605295986216709,-0.10014364342492511
0.7524339360222531,-0.10816401764496335,-0.6022921763956208,0.09278661641150511,0.6334719143610692,0.10468174970488026,0.2618463359340505,-0.10727203065012253
0.7538247566063977,-0.1264616135510053,-0.5985580575409367,0.10587729727249817,0.6327991775315096,0.10399929457698552,0.26320152789150497,-0.11440735438086731
0.7552155771905423,-0.1447357131886132,-0.5942675290364209,0.11900910177278536,0.6320719670875717,0.10333295268883859,0.2645950802235897,-0.12140158257447535
0.7566063977746871,-0.16275425027982052,-0.5894091455718256,0.13218335529077402,0.6312906818998223,0.10268244535530889,0.2660268727448689,-0.12810288938641198
0.7579972183588317,-0.18028101179255127,-0.5839719115221818,0.14540150464897064,0.6304557431150709,0.10204749819760711,0.26749675868732203,-0.13435764064586356
0.7593880389429764,-0.19707872918218497,-0.5779453061338826,0.15866508697666207,0.6295675946943269,0.10142784127110722,0.26900456403456596,-0.14001249372090827
0.760778859527121,-0.21291230757076202,-0.5713193137716749,0.17197569401685173,0.628626703949134,0.10082320918999622,0.2705500868608697,-0.14491656987088145
0.7621696801112656,-0.22755212889926196,-0.5640844595101666,0.18533493179761057,0.6276335620730298,0.10023334124889005,0.27213309667808017,-0.1489236544289187
0.7635605006954103,-0.24077736213164008,-0.556231850286853,0.1987443756392592,0.626588684664762,0.09965798154153811,0.27375333379369987,-0.15189437869982364
0.7649513212795549,-0.2523792124643838,-0.5477532217585518,0.2122055205257962,0.6254926122398172,0.0990968790767174,0.2754105086834654,-0.15369833730641574
0.7663421418636995,-0.2621640421750648,-0.5386409909198934,0.22571972693135375,0.6243459107267174,0.0985497878913959,0.27710430138188674,-0.15421609583693216
0.7677329624478442,-0.2699562981462438,-0.5288883144518512,0.2392881622597785,0.6231491719444794,0.09801646716122919,0.2788343608942914,-0.1533410459631817
0.7691237830319888,-0.27560118510101783,-0.5184891526709545,0.252911738127097,0.6219030140575746,0.0974966813084271,0.28060030463399815,-0.1509810686080216
0.7705146036161334,-0.2789670290199264,-0.5074383388467938,0.2665910437919307,0.620608082004694,0.09699020010701163,0.2824017178882944,-0.14705997010884975
0.7719054242002781,-0.2799472818840181,-0.4957316535478941,0.280326276117029,0.6192650478975918,0.09649679878546194,0.28423815331694624,-0.14151866149898187
0.7732962447844228,-0.2784621265941961,-0.48336590356527337,0.2941171665249765,0.6178746113862845,0.09601625812672648,0.286109130486989,-0.134316056845811
0.7746870653685675,-0.27445964942904444,-0.47033900485050406,0.30796290549176036,0.6164374999868901,0.0955483645655567,0.28801413544755317,-0.12542967287104967
0.7760778859527121,-0.2679165564939721,-0.4566500687925055,0.3218620652020102,0.6149544693684327,0.09509291028310014,0.28995262034846714,-0.11485591866013353
0.7774687065368567,-0.25883842005708446,-0.4422994910463435,0.33581252106799764,0.613426303594987,0.09464969329867101,0.2919240031063421,-0.10261007097427582
0.7788595271210014,-0.24725945024140797,-0.4272890420198349,0.34981137288963854,0.6118538153196101,0.09421851755859646,0.2939276671217934,-0.08872593734605322
0.780250347705146,-0.23324179704002374,-0.41162195802175716,0.36385486650314064,0.6102378459266155,0.0937991930220204,0.29596296105136416,-0.07325521561512337
0.7816411682892906,-0.21687439684508703,-0.3953030319808161,0.3779383168302808,0.608579265618849,0.0933915357435292,0.2980291986376218,-0.05626656470489555
0.7830319888734353,-0.19827138645532427,-0.37833870255937035,0.39205603329690614,0.6068789734467772,0.09299536795244996,0.30012565860077295,-0.03784440712939709
0.7844228094575799,-0.1775701156897057,-0.36073714041211186,0.4062012486367448,0.6051378972763538,0.09261051812865596,0.3022515845949901,-0.0180874888444831
0.7858136300417246,-0.15492879714701602,-0.34250833027945565,0.420366052133491,0.6033569936928309,0.0922368210747026,0.3044061852324664,0.0028927734715367597
0.7872044506258692,-0.13052383819249674,-0.3236641475601233,0.4345413283790011,0.601537247837864,0.0918741179841065,0.3065886341780295,0.024974123877911373
0.7885952712100138,-0.10454690582410033,-0.3042184279790027,0.44871670263706387,0.5996796731775149,0.09152225650557098,0.3087980703169141,0.04802544057776109
0.7899860917941585,-0.07720177959411889,-0.28418702895634945,0.4628804938994174,0.5977853111989871,0.09118109080295399,0.3110335979980588,0.0719088123285777
0.7913769123783032,-0.04870105117910092,-0.2635878812940764,0.4770196767025455,0.5958552310342118,0.09085048161076774,0.3132942873550206,0.09648167760258544
0.7927677329624478,-0.0192627314650624,-0.24244102982532267,0.49111985273948694,0.5938905290086792,0.09053029628499977,0.315579174706321,0.12159898576775223
0.7941585535465925,0.010893172871582858,-0.22076866172539633,0.505165233249933,0.5918923281142279,0.09022040884903851,0.3178872630367336,0.14711533990872588
0.7955493741307371,0.04154805135154386,-0.1985951212561084,0.5191386331039338,0.589861777404816,0.08992070003449236,0.3202175225606915,0.17288708204922956
0.7969401947148818,0.07248798949490297,-0.17594690981138247,0.5330214774096266,0.5878000513146467,0.08963105731669009,0.32256889136866307,0.19877428343051115
0.7983310152990264,0.10350691796437089,-0.15285267024968985,0.5467938213737555,0.5857083488983598,0.08935137494465749,0.32494027615698273,0.22464260508781753
0.799721835883171,0.1344095558979063,-0.12934315463757473,0.5604343840259934,0.5835878929933624,0.0890815539653727,0.3273305530412648,0.25036499718130306
0.8011126564673157,0.16501409757049149,-0.10545117468725286,0.5739205962850611,0.5814399293047504,0.08882150224210911,0.3297385684531406,0.2758232093015658
0.8025034770514603,0.19515459669879176,-0.08121153434850513,0.5872286636976133,0.5792657254136248,0.08857113446669007,0.3321631401196852,0.30090908819758716
0.8038942976356049,0.22468300865788535,-0.05666094420901055,0.6003336440212756,0.5770665697100116,0.08833037216548797,0.33460305812450036,0.3255256439736449
0.8052851182197496,0.2534708575039633,-0.031837917565619434,0.6132095396529074,0.5748437702519419,0.08809914369901944,0.3370570860490387,0.3495878706747614
0.8066759388038942,0.28141050186804595,-0.006782648249250281,0.6258294047242421,0.5725986535526483,0.0878773842550028,0.3395239621923489,0.373023312227206
0.808066759388039,0.308415981372753,0.018463129484761975,0.638165466501763,0.5703325632981938,0.08766503583476229,0.3420024008670439,0.39577236982039377
0.8094575799721836,0.3344234330899059,0.04385629845412888,0.6501892605386228,0.5680468589982096,0.08746204723288518,0.34449109376890524,0.4177883519087193
0.8108484005563282,0.3593910755607365,0.06935253265099765,0.6618717788363575,0.565742914572778,0.08726837401005605,0.3469887114171658,0.4390372729789235
0.8122392211404729,0.3832987659000697,0.09490648692736474,0.673183630085835,0.5634221168788324,0.08708397845901807,0.3494939046621496,0.4594974119770036
0.8136300417246175,0.4061471433597031,0.12047200101374707,0.6840952108734226,0.5610858641797717,0.08690882956363132,0.352005306256597,0.4791586457315884
0.8150208623087621,0.42795638029559274,0.14600231639814074,0.6945768865626205,0.5587355645622876,0.08674290295102477,0.35452153248668783,0.4980215767684524
0.8164116828929068,0.4487645686353443,0.1714503043827059,0.7045991803964715,0.5563726343046946,0.08658618083685994,0.35704118485844555,0.5160964785131179
0.8178025034770514,0.4686257765514356,0.1967687034421714,0.7141329692147361,0.5539984962013094,0.08643865196375251,0.3595628518349382,0.5334020839650655
0.819193324061196,0.48760781599597164,0.2219103638343099,0.7231496840449956,0.5516145778476604,0.0863003115329203,0.3620851106194193,0.5499642464489525
0.8205841446453407,0.5057897669406715,0.24682849726217457,0.7316215137110311,0.5492223098915229,0.08617116112915159,0.36460652897932555,0.5658145029682748
0.8219749652294853,0.5232593085009426,0.2714769292631793,0.739521609507409,0.5468231242549519,0.0860512086392128,0.36712566710583533,0.5809885719803184
0.82336578581363,0.5401099105304256,0.29581035190413246,0.746824288918273,0.5444184523326356,0.08594046816383723,0.36964107950352715,0.5955248180660476
0.8247566063977746,0.5564379416930663,0.31978457429630563,0.7535052363125881,0.5420097231720072,0.08583895992346077,0.37215131690453196,0.6094627159848122
0.8261474269819193,0.5723397514131582,0.343356768412147,0.7595416985288758,0.539598361640646,0.08574671015789144,0.37465492820146257,0.6228413459944943
0.827538247566064,0.5879087834460941,0.36648570768670446,0.7649126732707799,0.5371857865865461,0.08566375102012048,0.3771504623933333,0.6356979511069314
0.8289290681502086,0.6032327780999298,0.38913199592284264,0.7695990882710724,0.5347734089968534,0.08559012046450447,0.3796364705386421,0.6480665851717579
0.8303198887343533,0.6183911183841708,0.4112582840899266,0.7735839692460037,0.5323626301606577,0.08552586212956122,0.3821115077097811,0.6599768783844102
0.8317107093184979,0.6334523726002685,0.43282947271055583,0.7768525947538016,0.5299548398413845,0.08547102521564441,0.38457413494297105,0.6714529440502841
0.8331015299026425,0.6484720821685117,0.4538128976678796,0.7793926361897443,0.5275514144642475,0.08542566435777092,0.3870229211779816,0.6825124472687406
0.8344923504867872,0.6634908388758268,0.4741784974354771,0.7811942812941408,0.5251537153241222,0.08538983949389127,0.38945644518198663,0.693165852695942
0.8358831710709318,0.6785326903115002,0.49389895993056315,0.7822503397170533,0.5227630868190501,0.08536361572890164,0.3918732974520482,0.7034158647771979
0.8372739916550764,0.6936039061306932,0.5129498474165989,0.7825563293723938,0.5203808547144326,0.08534706319470597,0.3942720820908614,0.713257069883774
0.8386648122392211,0.7086921310584867,0.5313096981301132,0.7821105425215162,0.5180083244427631,0.08534025690664232,0.39665141865059456,0.7226757857235379
0.8400556328233657,0.7237659433411647,0.5489601035750065,0.7809140907497623,0.5156467794435365,0.08534327661659119,0.39900994393987227,0.7316501192975781
0.8414464534075103,0.7387748297953466,0.5658857607119447,0.7789709282352522,0.5132974795477372,0.08535620666308695,0.4013463137891759,0.740150230622438
0.8428372739916551,0.7536495808349298,0.5820744985662134,0.7762878529542017,0.5109616594110308,0.08537913581875183,0.4036592047702174,0.7481387955038327
0.8442280945757997,0.7683031010098672,0.5975172790803288,0.772874485717527,0.5086405269995231,0.08541215713537122,0.40594731586510574,0.7555716569025892
0.8456189151599444,0.7826316228101858,0.6122081723431022,0.7687432271857566,0.5063352621316387,0.08545536778692286,0.4082093700814384,0.7623986509417148
0.847009735744089,0.7965163039127531,0.6261443066299361,0.7639091932595741,0.5040470150793775,0.08550886891086887,0.41044411600975367,0.7685645904233376
0.8484005563282336,0.8098251808133752,0.6393257939857233,0.7583901294879571,0.5017769052318798,0.08557276544800792,0.4126503293201123,0.7740103859073126
0.8497913769123783,0.8224154450225828,0.6517556323667768,0.7522063053712047,0.49952601982391104,0.08564716598117919,0.4148268141949098,0.7786742819927873
0.8511821974965229,0.8341360018319451,0.6634395856279989,0.745380389658806,0.49729541273154376,0.08573218257309458,0.4169724046953616,0.7824931844753328
0.8525730180806675,0.844830266190207,0.674386042891704,0.7379373079487822,0.49508610333698544,0.0858279306035654,0.41908596605944926,0.7854040525516046
0.8539638386648122,0.8543391455640345,0.6846058590616397,0.7299040840830117,0.49289907546417205,0.0859345286063735,0.4211663959294544,0.7873453292284182
0.8553546592489568,0.8625041558815819,0.6941121784466188,0.7213096669994657,0.4907352763864097,0.08605209810602377,0.42321262550756655,0.7882583825720819
0.8567454798331015,0.8691706138376464,0.7029202436300087,0.7121847448450868,0.4885956159070346,0.08618076345459653,0.4252236206383687,0.7880889304064659
0.8581363004172461,0.8741908470294355,0.7110471918619389,0.7025615482704427,0.48648096551374215,0.08632065166890225,0.4271983828173555,0.786788421525812
0.8595271210013907,0.8774273626262371,0.7185118413588558,0.6924736449178998,0.48439215760692733,0.08647189226812324,0.4291359501249494,0.7843153474135623
0.8609179415855355,0.878755915571113,0.7253344699688532,0.6819557271780999,0.4823299848020936,0.0866346171121093,0.43103539808579705,0.7806364598272326
0.8623087621696801,0.8780684186651699,0.7315365887005713,0.6710433953244821,0.4802951993060981,0.08680896024047523,0.4328958404534266,0.7757278713898517
0.8636995827538247,0.8752756392740209,0.7371407126184877,0.6597729381425633,0.47828851236674086,0.08699505771262964,0.4347164299206294,0.7695760184833733
0.8650904033379694,0.870309630781983,0.742170131578701,0.6481811131502648,0.4763105937949586,0.08719304744884743,0.4364963587561941,0.7621784682257237
0.866481223922114,0.8631258512450471,0.7466486832181789,0.6363049284585465,0.4743620715586455,0.08740306907247918,0.43823485936887524,0.7535445540833673
0.8678720445062587,0.8537049268847011,0.7506005305184141,0.6241814282495135,0.4724435314469175,0.08762526375337334,0.4399312047997092,0.7436958276745504
0.8692628650904033,0.8420540240319861,0.7540499461439377,0.6118474837536241,0.47055551680343666,0.08785977405257046,0.4415847091439929,0.7326663175011721
0.8706536856745479,0.8282077997711983,0.7570211056094679,0.5993395914907517,0.4686985283272417,0.08810674376831283,0.4431947279044455,0.720502588654147
0.8720445062586926,0.8122289087303842,0.75953789115991,0.5866936804040582,0.4668730239393723,0.0883663177833965,0.4447606582772311,0.7072636009122987
0.8734353268428372,0.7942080510955104,0.7616237080578896,0.5739449293633807,0.46507941871344244,0.08863864191387882,0.44628193937267874,0.6930203660421045
0.8748261474269818,0.7742635548539416,0.7633013147676886,0.5611275963490532,0.4633180848682002,0.08892386275914296,0.44775805237265676,0.6778554084502506
0.8762169680111265,0.7525404933616767,0.764592668305897,0.548274860450581,0.46158935182001853,0.089222127553305,0.44918852062667647,0.6618620365896378
0.8776077885952712,0.7292093474358525,0.7655187858014282,0.535418677630324,0.45989350629318293,0.08953358401794269,0.4505729096888743,0.6451434356215682
0.8789986091794159,0.7044642291569247,0.7660996230746664,0.5225896510133938,0.4582307924857823,0.08985838021611212,0.45191082729810544,0.6278115947450179
0.8803894297635605,0.6785206922829505,0.7663539708108509,0.5098169162741581,0.45660141228897155,0.09019666440761251,0.4532019233034159,0.6099860852744186
0.8817802503477051,0.6516131614954787,0.7662993686700912,0.497128042500033,0.45500552555735063,0.09054858490545138,0.4544458895371979,0.5917927079411679
0.8831710709318498,0.6239920194831637,0.7659520374489202,0.4845489487272365,0.4534432504281937,0.09091428993345721,0.4556424596383492,0.5733620299767063
0.8845618915159944,0.59592039700508,0.7653268291891474,0.4721038361634797,0.4519146636872725,0.09129392748498322,0.4567914088277442,0.5548278342773412
0.885952712100139,0.5676707164515058,0.7644371949219207,0.45981513594145446,0.45041980117904173,0.09168764518264305,0.45789255363831527,0.5363255043294491
0.8873435326842837,0.539521043939837,0.7632951695407573,0.4477034720864995,0.4489586582589773,0.09209559013901811,0.4589457516020047,0.5179903695703955
0.8887343532684283,0.5117513085658753,0.7619113731191958,0.4357876392337892,0.44753119028591604,0.09251790881827553,0.4599509008958085,0.49995603646354914
0.890125173852573,0.4846394500111418,0.7602950278283719,0.4240845944962412,0.4461373131522931,0.0929547468986399,0.46090793994906704,0.4823527307690546
0.8915159944367176,0.458457557237655,0.758453989468716,0.41260946276531346,0.444776903850238,0.09340624913566102,0.46181684701410114,0.4653056762956176
0.8929068150208622,0.4334680614536193,0.7563947925092113,0.4013755546238164,0.4434498010715623,0.09387255922622738,0.4626776397022102,0.44893353482822707
0.8942976356050069,0.4099200458962465,0.7541227074278012,0.3903943959632965,0.4421558058397515,0.09435381967327715,0.46349037448697117,0.43334693095393234
0.8956884561891516,0.3880457332604407,0.7516418090680178,0.37967576832888394,0.44089468217214883,0.0948501716511672,0.46425514617668395,0.4186470841696866
0.8970792767732962,0.36805720883181364,0.7489550546695244,0.36922775896152105,0.4396661577706193,0.09536175487166536,0.4649720873577154,0.4049245689749017
0.8984700973574409,0.3501434336056481,0.7460643701937172,0.35905681947103013,0.43846992473904994,0.09588870745054094,0.465641367810409,0.39225822165386404
0.8998609179415855,0.3344675969540051,0.7429707435490263,0.3491678320530027,0.4373056403261555,0.09643116577473569,0.4662631938991089,0.38071421017113716
0.9012517385257302,0.32116485282130436,0.7396743233231371,0.3395641821571299,0.436172927692129,0.09698926437010695,0.4668378079377641,0.37034528107186193
0.9026425591098748,0.31034047708035084,0.7361745216497433,0.33024783652348394,0.4350713766977805,0.09756313576974582,0.46736548753247364,0.3611901945376786
0.9040333796940194,0.3020684766749446,0.7324701198742275,0.3212194255252502,0.4340005447148849,0.0981529103828807,0.46784654490223443,0.3532733558397433
0.9054242002781641,0.2963906736326884,0.728559375734182,0.31247832879020415,0.4329599574565517,0.09875871636438908,0.4682813261790592,0.34660464839736876
0.9068150208623087,0.2933162790829744,0.7244401308352445,0.30402276311750875,0.4319491098265092,0.09938067948495118,0.4686702106885397,0.3411794705404831
0.9082058414464533,0.29282196419770057,0.7201099172784243,0.2958498717597218,0.43096746678626874,0.1000189230018877,0.46901361021184357,0.336978974933567
0.909596662030598,0.29485242662877886,0.7155660623801328,0.2879558142007786,0.4300144642392147,0.10067356753073639,0.46931196823004906,0.33397050649598986
0.9109874826147426,0.29932144269159977,0.7108057905185438,0.28033585562768193,0.4290895099307269,0.1013447309176322,0.46956575915164084,0.3321082315963306
0.9123783031988874,0.3061133873819814,0.7058263212378776,0.27298445536519306,0.4281919843635061,0.10203252811256561,0.4697754875239283,0.33133394835325536
0.913769123783032,0.31508519645765953,0.7006249628438634,0.2658953536176,0.4273212417273289,0.10273707104360305,0.4699416872290682,0.3315780650882229
0.9151599443671766,0.3260687374007436,0.6951992008272793,0.25906165593822594,0.426476610842502,0.10345846849216465,0.4700649206653335,0.3327607313889621
0.9165507649513213,0.3388735492337524,0.689546780556484,0.25247591492448346,0.42565739611633546,0.10419682596945996,0.47014577791420464,0.334793103897757
0.9179415855354659,0.35328990500803514,0.6836657837826517,0.2461302087128187,0.42486287851198373,0.10495224559419442,0.47018487589382196,0.3375787268722006
0.9193324061196105,0.3690921454267433,0.6775546986017645,0.24001621592269398,0.4240923165290269,0.10572482597166262,0.4701828574993106,0.3410150058113537
0.9207232267037552,0.38604222759810014,0.6712124826139602,0.23412528677095207,0.4233449471951978,0.10651466207435435,0.47014039073044783,0.3449947510257222
0.9221140472878998,0.4038934294164779,0.6646386191126527,0.22844851014663883,0.42261998706866305,0.10732184512420301,0.47005816780713405,0.34940776697888065
0.9235048678720444,0.422394147599221,0.6578331662219479,0.22297677650092154,0.4219166332502767,0.10814646247661104,0.4699369042731124,0.3541424625600166
0.9248956884561891,0.4412917260092522,0.6507967989806482,0.21770083646662985,0.42123406440522765,0.10898859750639145,0.46977733808838085,0.3590874571727325
0.9262865090403337,0.46033625059107625,0.6435308444439615,0.21261135517669388,0.42057144179349687,0.10984832949576702,0.46958022871073624,0.3641331576524424
0.9276773296244784,0.479284248045873,0.6360373099395369,0.2076989623000631,0.4199279103085227,0.11072573352456919,0.46934635616690823,0.3691732815529267
0.929068150208623,0.49790222725531746,0.6283189046724418,0.20295429785740737,0.41930259952346827,0.11162088036278142,0.4690765201137503,0.374106303265878
0.9304589707927677,0.5159700054001239,0.6203790549239676,0.19836805391692242,0.4186946247444473,0.1125338363655694,0.46877153888998335,0.37883680074308257
0.9318497913769124,0.5332837646562729,0.612221913131893,0.1939310123029277,0.4181030880700541,0.11346466337093958,0.4684322485590063,0.3832766822606193
0.933240611961057,0.5496587902196711,0.6038523611750597,0.18963407847679487,0.4175270794565037,0.11441341860016672,0.4680595019433297,0.38734627467316635
0.9346314325452016,0.5649318461230095,0.5952760082131309,0.1854683117712357,0.41696567778765586,0.11538015456112204,0.46765416765122225,0.39097525692372576
0.9360222531293463,0.5789631517661321,0.5864991834535943,0.18142495217544466,0.4164179519491659,0.11636491895463727,0.4672171290961969,0.39410342516385133
0.9374130737134909,0.591637929169458,0.577528924232728,0.17749544388025554,0.41588296190595936,0.11736775458402537,0.46674928351001527,0.3966812786608268
0.9388038942976356,0.602867498554365,0.5683729598060088,0.17367145579984763,0.415359759782193,0.11838869926787973,0.4662515409499271,0.39867041867619707
0.9401947148817802,0.6125899078211147,0.5590396912466664,0.16994489928984552,0.4148473909428211,0.11942778575625947,0.4657248233009194,0.4000437556456009
0.9415855354659248,0.6207700896939257,0.5495381678493938,0.16630794328149984,0.4143448950758432,0.12048504165036676,0.46517006327378996,0.400785523221441
0.9429763560500695,0.6273995485898247,0.5398780604302285,0.1627530270483212,0.41385130727427477,0.12156048932580782,0.46458820339991735,0.4008911010036331
0.9443671766342141,0.6324955874975053,0.5300696319037382,0.15927287081555527,0.41336565911682926,0.12265414585952267,0.463980195023648,0.40036665102459473
0.9457579972183587,0.6361000931796409,0.5201237055056519,0.15586048441467756,0.4128869797462744,0.12376602296045727,0.4633469972932683,0.39922857621737134
0.9471488178025035,0.6382779056963875,0.5100516310132771,0.1525091741750503,0.41241429694437964,0.1248961269040414,0.46268957615157896,0.3975028121258356
0.9485396383866481,0.6391148054537833,0.49986524929822385,0.1492125482334063,0.41194663820233834,0.12604445847052492,0.4620089033271367,0.3952239659600196
0.9499304589707928,0.6387151575824985,0.4895768555264159,0.14596452042934774,0.41148303178551665,0.1272110128872143,0.46130595532726903,0.39243431970761017
0.9513212795549374,0.6371992593337641,0.479199161299671,0.1427593129418508,0.41102250779135446,0.1283957797746368,0.46058171243400886,0.3891827163372407
0.952712100139082,0.6347004412376389,0.468745256011685,0.1395914578082008,0.41056409919921216,0.1295987430966532,0.4598371577041347,0.38552335012800676
0.9541029207232267,0.6313619769156421,0.45822856766946923,0.136455797453133,0.4101068429109457,0.1308198811145247,0.4590732759745296,0.3815144837952129
0.9554937413073713,0.6273338596026565,0.44766282340943714,0.13334748434248822,0.40964978078096315,0.1320591663449286,0.45829105287410826,0.37721711632320365
0.9568845618915159,0.6227695055574514,0.4370620099158545,0.13026197986255875,0.4091919606345158,0.13331656552190954,0.45749147384357475,0.37269362623762997
0.9582753824756606,0.617822445590319,0.42644033392834807,0.12719505251378838,0.4087324372729633,0.13459203956273733,0.4566755231642993,0.36800641543394985
0.9596662030598052,0.6126430658927506,0.415812183004977,0.12414277549565171,0.4082702734647509,0.1358855435376376,0.4558441829976115,0.36321657861639084
0.9610570236439498,0.6073754582198367,0.40519208668810425,0.12110152374851874,0.4078045409208375,0.13719702664334665,0.4549984324358158,0.35838262289010964
0.9624478442280945,0.6021544372719079,0.39459467820213534,0.11806797050825196,0.407334321253331,0.13852643218043748,0.4541392465662315,0.3535592610947853
0.9638386648122391,0.5971027798881413,0.3840346567951444,0.11503908342013285,0.4068587069160866,0.13987369753435114,0.4532675955495623,0.3487963010846314
0.9652294853963839,0.592328736459543,0.3735267508207511,0.11201212025061279,0.4063768021260544,0.14123875416006473,0.45238444371388087,0.34413765136996116
0.9666203059805285,0.5879238598672799,0.3630856816420896,0.10898462422828087,0.40588772376418053,0.1426215275703154,0.451490748665504,0.33962046136874047
0.9680111265646731,0.5839611913459842,0.3527261284266436,0.10595441903931872,0.40539060225469525,0.14402193732729981,0.4505874604180049,0.33527441201007274
0.9694019471488178,0.5804938360659668,0.3424626938888494,0.10291960349759982,0.40488458242165765,0.14543989703775692,0.4496755205405854,0.3311211696289962
0.9707927677329624,0.5775539540409332,0.33230987102685283,0.09987854590536839,0.40436882432166216,0.14687531435134396,0.44875586132699385,0.32717401304283433
0.972183588317107,0.5751521843270331,0.32228201089045416,0.0968298781171373,0.4038425040516569,0.14832809096221092,0.44782940498613216,0.32343764045833
0.9735744089012517,0.5732775125209674,0.3123932914091577,0.09377248931689172,0.4033048145308696,0.14979812261367267,0.44689706285545766,0.3199081594845486
0.9749652294853963,0.5718975834311983,0.3026576873021613,0.09070551951694557,0.40275496625588764,0.1512852991058863,0.44595973463822597,0.31657326008085873
0.976356050069541,0.5709594526319237,0.2930889410861184,0.08762835278568276,0.4021921880279948,0.15278950430643115,0.44501830766557415,0.3134125668157509
0.9777468706536856,0.570390762559769,0.28370053519142646,0.0845406102108856,0.4016157276519201,0.15431061616369834,0.4440736561843816,0.3103981634151418
0.9791376912378302,0.5701013210215828,0.2745056651935902,0.08144214260536804,0.4010248526052246,0.15584850672299555,0.44312664067177987,0.3074952793019765
0.9805285118219749,0.5699850525869546,0.26551721416271284,0.07833302296203742,0.40041885067759725,0.15740304214527645,0.4421781071771264,0.3046631247342442
0.9819193324061196,0.5699222864732459,0.25674772813149305,0.0752135386663007,0.39979703057941857,0.15897408272840863,0.44122888669217286,0.30185585829525396
0.9833101529902643,0.5697823383160516,0.24820939267985845,0.07208418347477355,0.3991587225189943,0.1605614829308994,0.44027979455010635,0.2990236679327621
0.9847009735744089,0.5694263377655799,0.23991401063282045,0.06894564927055787,0.39850327874794567,0.1621650913980071,0.43933162985404717,0.29611394453233225
0.9860917941585535,0.5687102492564802,0.23187298086687386,0.06579881760673932,0.397830074074304,0.1637847509901667,0.43838517493552925,0.2930725251882314
0.9874826147426982,0.5674880296477975,0.22409727821951056,0.06264475105129298,0.39713850634292575,0.16542029881367337,0.4374411948434008,0.28984498193876357
0.9888734353268428,0.5656148637863379,0.21659743449586136,0.05948468434813574,0.39642799688291747,0.16707156625357042,0.436500436863512,0.28637793079040014
0.9902642559109874,0.56295041745892,0.2093835205662603,0.05632001541057749,0.39569799092182434,0.16873837900870067,0.43556363006947496,0.2826203353863826
0.9916550764951321,0.55936204669552,0.20246512954841073,0.05315229616493728,0.3949479579664069,0.1704205571288865,0.4346314849047066,0.27852477969137934
0.9930458970792767,0.5547279029764688,0.19585136106793294,0.049983223263472064,0.39417739214989617,0.17211791505421653,0.43370469279588725,0.27404868456602066
0.9944367176634213,0.5489398755729544,0.18955080659120982,0.04681462868703233,0.39338581254568544,0.17383026165642537,0.43278392579788916,0.26915544408587494
0.995827538247566,0.5419063149826507,0.18357153582468907,0.043648470259016824,0.3925727634474764,0.17555740028236294,0.43186983627016073,0.2638154589018054
0.9972183588317106,0.533554485163702,0.17792108417500876,0.040486822093153955,0.39173781461596885,0.1772991287995612,0.43096305658447,0.2580070458165367
0.9986091794158553,0.5238326969556105,0.17260644126458452,0.03733186499842643,0.39088056149222994,0.17905523964391543,0.43006419886385455,0.2517172050313536
1.0,0.5127120806225302,0.16763404049748848,0.03418587686508309,0.3900006253779512,0.1808255198695093,0.4291738547525395,0.24494222915468541
