segment,mse,mae
1-96,0.14823269844055176,0.1985616236925125
97-192,0.23152589797973633,0.28181034326553345
193-336,0.31189224123954773,0.3344099819660187
337-720,0.38795551657676697,0.3791240453720093
