{
  "mse": 0.319922536611557,
  "mae": 0.3331310749053955
}