target_horizon,mse,mae
96,0.1486344188451767,0.1978558599948883
192,0.1920538991689682,0.23978452384471893
336,0.2442137897014618,0.2801674008369446
720,0.319922536611557,0.3331310749053955
