segment_a,segment_b,cosine
0,1,0.0954277440905571
0,2,0.013333150185644627
0,3,-0.03685130923986435
1,2,0.04840312898159027
1,3,0.19857271015644073
2,3,0.015231246128678322
