{
  "mse": 0.32705798745155334,
  "mae": 0.3696807324886322
}