segment,mse,mae
1-96,0.2908068299293518,0.347112238407135
97-192,0.3633090853691101,0.3922492563724518
