{
  "mse": 0.40287068486213684,
  "mae": 0.4398919343948364
}