target_horizon,mse,mae
96,0.1516939103603363,0.2027682214975357
192,0.1957843005657196,0.24375785887241364
336,0.2484484314918518,0.2835198938846588
720,0.32431384921073914,0.336311399936676
