segment,mse,mae
1-96,0.2797394394874573,0.34247639775276184
97-192,0.40158647298812866,0.4265121519565582
193-336,0.44929853081703186,0.46200069785118103
