{
  "mse": 0.3872210383415222,
  "mae": 0.4177112877368927
}