segment,mse,mae
1-96,0.15261195600032806,0.2002984881401062
97-192,0.2376072257757187,0.27984800934791565
193-336,0.3149985074996948,0.33064863085746765
