segment,mse,mae
1-96,0.30681994557380676,0.35803118348121643
