{
  "mse": 0.30681994557380676,
  "mae": 0.35803118348121643
}