{
  "mse": 0.4075239300727844,
  "mae": 0.43818458914756775
}