segment,mse,mae
1-96,0.25704285502433777,0.3229295015335083
97-192,0.33688244223594666,0.3832933306694031
193-336,0.36703839898109436,0.41837000846862793
337-720,0.4779866337776184,0.4881516695022583
