{
  "mse": 0.3914529085159302,
  "mae": 0.4186992049217224
}