{
  "mse": 0.2897811233997345,
  "mae": 0.3464817702770233
}