segment,mse,mae
1-96,0.2897811233997345,0.3464817702770233
