segment,mse,mae
1-96,0.15661290287971497,0.20630109310150146
