{
  "mse": 0.15661290287971497,
  "mae": 0.20630109310150146
}