segment_a,segment_b,cosine
0,1,-0.050990067422389984
0,2,0.09849794209003448
0,3,0.022620633244514465
1,2,-0.0400964617729187
1,3,0.12186680734157562
2,3,0.026536641642451286
