{
  "mse": 0.3692687749862671,
  "mae": 0.40500208735466003
}