segment,mse,mae
1-96,0.30530253052711487,0.3616609573364258
97-192,0.4332350492477417,0.44834327697753906
