target_horizon,mse,mae
96,0.3146989941596985,0.3643660843372345
192,0.342502236366272,0.38169386982917786
336,0.36961618065834045,0.39827150106430054
720,0.4216441512107849,0.42759886384010315
