segment,mse,mae
1-96,0.3272140324115753,0.3768771290779114
