{
  "mse": 0.3272140324115753,
  "mae": 0.3768771290779114
}