target_horizon,mse,mae
96,0.14918281137943268,0.19883133471012115
192,0.19328615069389343,0.24121513962745667
336,0.24555152654647827,0.2820034325122833
720,0.3215521275997162,0.3350255787372589
