segment,mse,mae
1-96,0.291263610124588,0.3496566414833069
97-192,0.3542148172855377,0.39210212230682373
193-336,0.3998431861400604,0.4154539704322815
