{
  "mse": 0.3557837903499603,
  "mae": 0.38998278975486755
}