target_horizon,mse,mae
96,0.3191708028316498,0.36537808179855347
192,0.3879050612449646,0.4086056351661682
336,0.3863581418991089,0.4177514314651489
720,0.4140654504299164,0.44487687945365906
