{
  "mse": 0.3280617892742157,
  "mae": 0.33604931831359863
}