segment_a,segment_b,cosine
0,1,-0.049342431128025055
0,2,0.09084254503250122
0,3,0.024414658546447754
1,2,0.0014137402176856995
1,3,0.15312950313091278
2,3,0.024757355451583862
