{
  "mse": 0.19596648216247559,
  "mae": 0.24344195425510406
}