segment,mse,mae
1-96,0.15432696044445038,0.20529302954673767
97-192,0.2376059591770172,0.28159087896347046
