segment,mse,mae
1-96,0.14708691835403442,0.1950538456439972
