target_horizon,mse,mae
96,0.3085342347621918,0.3665304183959961
192,0.3629058301448822,0.4008690118789673
336,0.3776182532310486,0.41629549860954285
720,0.41316670179367065,0.4453102648258209
