segment,mse,mae
1-96,0.2864227890968323,0.3458350896835327
97-192,0.40342310070991516,0.4264458417892456
193-336,0.4416051208972931,0.45989930629730225
