{
  "mse": 0.3863581418991089,
  "mae": 0.4177514314651489
}