{
  "mse": 0.3074484169483185,
  "mae": 0.36609065532684326
}