segment,mse,mae
1-96,0.3074484169483185,0.36609065532684326
