{
  "mse": 0.361540287733078,
  "mae": 0.3907651901245117
}