segment,mse,mae
1-96,0.1511474996805191,0.20015117526054382
97-192,0.23790328204631805,0.2827308475971222
