{
  "mse": 0.19452537596225739,
  "mae": 0.241441011428833
}