segment_a,segment_b,cosine
0,1,0.013103033415973186
0,2,0.0054307314567267895
0,3,0.8490739464759827
1,2,0.11202654242515564
1,3,0.08691472560167313
2,3,0.12160646915435791
