target_horizon,mse,mae
96,0.3089098036289215,0.36455273628234863
192,0.3691662549972534,0.4034823477268219
336,0.38080111145973206,0.417312890291214
720,0.41340693831443787,0.444231241941452
