segment,mse,mae
1-96,0.1486344188451767,0.1978558599948883
