{
  "mse": 0.1486344188451767,
  "mae": 0.1978558599948883
}