segment,mse,mae
1-96,0.29978907108306885,0.35120564699172974
97-192,0.3676954209804535,0.3912760317325592
