{
  "mse": 0.33283236622810364,
  "mae": 0.34296151995658875
}