segment,mse,mae
1-96,0.170783132314682,0.22412674129009247
97-192,0.247473806142807,0.29241809248924255
193-336,0.3244338035583496,0.34220215678215027
337-720,0.3978337347507477,0.3855908215045929
