{
  "mse": 0.24649055302143097,
  "mae": 0.27889126539230347
}