segment,mse,mae
1-96,0.31234899163246155,0.36179861426353455
97-192,0.4266023635864258,0.4377822279930115
