{
  "mse": 0.36947566270828247,
  "mae": 0.3997904360294342
}