segment_a,segment_b,cosine
0,1,0.9901297688484192
0,2,0.9649483561515808
0,3,0.9276137948036194
1,2,0.9914759993553162
1,3,0.9687117338180542
2,3,0.9922267198562622
