{
  "mse": 0.3146989941596985,
  "mae": 0.3643660843372345
}