segment,mse,mae
1-96,0.3146989941596985,0.3643660843372345
