{
  "mse": 0.3661620616912842,
  "mae": 0.392225056886673
}