segment,mse,mae
1-96,0.301530122756958,0.35414499044418335
97-192,0.3708249628543854,0.39536815881729126
193-336,0.4061414301395416,0.41551637649536133
