segment,mse,mae
1-96,0.30230554938316345,0.3572446405887604
97-192,0.3612942099571228,0.39568865299224854
193-336,0.40767866373062134,0.4197406768798828
