{
  "mse": 0.3643193542957306,
  "mae": 0.39501267671585083
}