segment,mse,mae
1-96,0.14854933321475983,0.19944077730178833
97-192,0.2332002818584442,0.28362682461738586
193-336,0.3131227493286133,0.3367611765861511
337-720,0.39005178213119507,0.3811206519603729
