{
  "mse": 0.3215521275997162,
  "mae": 0.3350255787372589
}