segment_a,segment_b,cosine
0,1,0.0710097923874855
0,2,0.16081328690052032
0,3,0.0014266978250816464
1,2,0.12675316631793976
1,3,-0.031218403950333595
2,3,0.08077417314052582
