segment,mse,mae
1-96,0.3329656422138214,0.3782638609409332
97-192,0.4499402344226837,0.459134578704834
