segment,mse,mae
1-96,0.2974063754081726,0.35175010561943054
97-192,0.36550846695899963,0.3918103575706482
193-336,0.4034995436668396,0.4143965542316437
