segment_a,segment_b,cosine
0,1,0.10140830278396606
0,2,0.18213814496994019
0,3,0.03707900643348694
1,2,0.10411179065704346
1,3,-0.049849919974803925
2,3,-0.021390259265899658
