{
  "mse": 0.3337422311306,
  "mae": 0.37124085426330566
}