segment,mse,mae
1-96,0.30742982029914856,0.36277711391448975
97-192,0.43090277910232544,0.44418758153915405
