{
  "mse": 0.3691662549972534,
  "mae": 0.4034823477268219
}