segment_a,segment_b,cosine
0,1,0.8878623247146606
0,2,0.760024905204773
0,3,0.6885603666305542
1,2,0.9668695330619812
1,3,0.9318358302116394
2,3,0.9904866218566895
