segment,mse,mae
1-96,0.30123046040534973,0.36003977060317993
