{
  "mse": 0.15428002178668976,
  "mae": 0.20398743450641632
}