segment,mse,mae
1-96,0.15428002178668976,0.20398743450641632
