{
  "mse": 0.40226325392723083,
  "mae": 0.4394509792327881
}