dataset,probe_row,future_step,future_region,fused_forecast,target,regional_dominant_scope,split,scope_1_forecast,scope_1_deviation,scope_48_forecast,scope_48_deviation,scope_144_forecast,scope_144_deviation,scope_360_forecast,scope_360_deviation,scope_720_forecast,scope_720_deviation
ETTm1,113,1,1–48,-0.160196855664,-0.494700044394,1,validation,-0.0526262894273,0.107570566237,-0.134040445089,0.0261564105749,-0.164041668177,-0.0038448125124,-0.231279030442,-0.071082174778,-0.22103382647,-0.0608369708061
ETTm1,113,2,1–48,-0.174587607384,-0.0462986454368,1,validation,-0.147256433964,0.02733117342,-0.196103513241,-0.0215159058571,-0.157052904367,0.0175347030163,-0.152423068881,0.0221645385027,-0.21953111887,-0.0449435114861
ETTm1,113,3,1–48,-0.136423289776,0.114015571773,1,validation,-0.146470725536,-0.0100474357605,-0.0823789536953,0.0540443360806,-0.131903901696,0.00451938807964,-0.115922734141,0.0205005556345,-0.205015227199,-0.0685919374228
ETTm1,113,4,1–48,-0.154416978359,-0.110424377024,1,validation,-0.0484575554729,0.105959422886,-0.15833209455,-0.00391511619091,-0.200404077768,-0.0459870994091,-0.161504015326,-0.00708703696728,-0.204765200615,-0.0503482222557
ETTm1,113,5,1–48,-0.147520855069,0.0498898401856,1,validation,-0.0775367617607,0.0699840933084,-0.0688045471907,0.0787163078785,-0.22516605258,-0.0776451975107,-0.177423417568,-0.029902562499,-0.19089487195,-0.043374016881
ETTm1,113,6,1–48,-0.149338290095,-0.0783615112305,1,validation,-0.0899335891008,0.0594047009945,-0.109479546547,0.0398587435484,-0.212676256895,-0.0633379667997,-0.160531446338,-0.0111931562424,-0.175602093339,-0.0262638032436
ETTm1,113,7,1–48,-0.076236538589,-0.0462986454368,1,validation,-0.0372450947762,0.0389914438128,0.0329794883728,0.109216026962,-0.0997012704611,-0.0234647318721,-0.135768055916,-0.0595315173268,-0.143316701055,-0.0670801624656
ETTm1,113,8,1–48,-0.115640126169,-0.494700044394,1,validation,-0.126902863383,-0.0112627372146,-0.0898993611336,0.0257407650352,-0.0778866633773,0.0377534627914,-0.125031098723,-0.00939097255468,-0.158086851239,-0.0424467250705
ETTm1,113,9,1–48,-0.0615673363209,0.081952765584,1,validation,0.000719323754311,0.0622866600752,-0.0480058118701,0.0135615244508,-0.121117725968,-0.0595503896475,-0.0153264403343,0.0462408959866,-0.124455109239,-0.0628877729177
ETTm1,113,10,1–48,0.00154936313629,0.081952765584,1,validation,0.0558347702026,0.0542854070663,0.0544434934855,0.0528941303492,-0.0155718326569,-0.0171211957932,-0.0433610975742,-0.0449104607105,-0.0450806617737,-0.04663002491
ETTm1,113,11,1–48,0.0326715409756,0.0178270284086,1,validation,0.031570956111,-0.00110058486462,0.104550018907,0.071878477931,0.0499067604542,0.0172352194786,-0.0488798394799,-0.0815513804555,0.0247985571623,-0.00787298381329
ETTm1,113,12,1–48,0.0364273935556,0.466706931591,1,validation,0.0850927084684,0.0486653149128,0.143766567111,0.107339173555,0.0315984785557,-0.00482891499996,-0.0278982520103,-0.064325645566,-0.0521525368094,-0.0885799303651
ETTm1,113,13,1–48,0.0318158566952,0.627021193504,1,validation,0.0433718413115,0.0115559846163,0.00640714168549,-0.0254087150097,0.0484772324562,0.016661375761,0.039545878768,0.00773002207279,0.0216474831104,-0.0101683735847
ETTm1,113,14,1–48,0.0302591025829,0.081952765584,1,validation,0.102805241942,0.0725461393595,-0.0134910345078,-0.0437501370907,0.00871163606644,-0.0215474665165,0.00274902582169,-0.0275100767612,0.0493799746037,0.0191208720207
ETTm1,113,15,1–48,0.0996360331774,0.691146969795,1,validation,0.0648866891861,-0.0347493439913,0.119377359748,0.0197413265705,0.114727512002,0.0150914788246,0.151365503669,0.0517294704914,0.049165815115,-0.0504702180624
ETTm1,113,16,1–48,0.0647247135639,0.659084022045,1,validation,0.0274939239025,-0.0372307896614,0.176697924733,0.111973211169,0.0883286744356,0.0236039608717,0.0156806409359,-0.049044072628,0.0148387998343,-0.0498859137297
ETTm1,113,17,1–48,0.0574508309364,0.498769849539,1,validation,0.0547999590635,-0.0026508718729,-0.000113442540169,-0.0575642734766,0.123761489987,0.0663106590509,0.0864752680063,0.0290244370699,0.0239410847425,-0.0335097461939
ETTm1,113,18,1–48,0.0382200479507,-0.0142357805744,1,validation,-0.0074492841959,-0.0456693321466,0.052374869585,0.0141548216343,0.0901665538549,0.0519465059042,0.0473366230726,0.00911657512188,0.00979670882225,-0.0284233391285
ETTm1,113,19,1–48,0.0193842202425,0.0178270284086,1,validation,0.09019087255,0.0708066523075,-0.00103791058064,-0.0204221308231,0.0268004536629,0.00741623342037,0.0219486653805,0.00256444513798,-0.0411600619555,-0.060544282198
ETTm1,113,20,1–48,-0.025662779808,0.338455587626,1,validation,-0.0719958692789,-0.0463330894709,-0.0151842832565,0.0104784965515,0.00335603952408,0.0290188193321,-0.00261773169041,0.0230450481176,-0.0408105105162,-0.0151477307081
ETTm1,113,21,1–48,-0.0696157589555,0.466706931591,1,validation,-0.0905155986547,-0.0208998396993,-0.0165444165468,0.0530713424087,-0.0793702751398,-0.00975451618433,-0.0738689824939,-0.0042532235384,-0.0879851132631,-0.0183693543077
ETTm1,113,22,1–48,0.00936387479305,0.594958424568,1,validation,-0.0198963135481,-0.0292601883411,0.0682055652142,0.0588416904211,0.000593453645706,-0.00877042114735,0.0168770253658,0.00751315057278,-0.0189020335674,-0.0282659083605
ETTm1,113,23,1–48,-0.0136261582375,0.723209738731,1,validation,0.0755567550659,0.0891829133034,-0.0470853969455,-0.033459238708,0.00785210728645,0.0214782655239,-0.013495862484,0.000130295753479,-0.0910514965653,-0.0774253383279
ETTm1,113,24,1–48,0.0974716991186,0.659084022045,1,validation,0.10821954906,0.0107478499413,0.204416617751,0.106944918633,0.0821347981691,-0.0153369009495,0.0453448593616,-0.052126839757,0.0458112806082,-0.0516604185104
ETTm1,113,25,1–48,0.0589322596788,0.627021193504,1,validation,0.046630486846,-0.0123017728329,0.0435370057821,-0.0153952538967,0.108899995685,0.0499677360058,0.0322408080101,-0.0266914516687,0.0636412501335,0.00470899045467
ETTm1,113,26,1–48,0.0843270868063,1.04383814335,1,validation,0.164652273059,0.0803251862526,0.115952983499,0.0316258966923,0.0728532969952,-0.0114737898111,0.0585421621799,-0.0257849246264,0.0085383951664,-0.0757886916399
ETTm1,113,27,1–48,0.193146005273,0.819398283958,1,validation,0.294974803925,0.101828798652,0.210374221206,0.0172282159328,0.301791250706,0.108645245433,0.108400329947,-0.0847456753254,0.0495717823505,-0.143574222922
ETTm1,113,28,1–48,0.117298677564,1.94111955166,1,validation,0.172700956464,0.0554022789001,0.0192073136568,-0.0980913639069,0.185192361474,0.0678936839104,0.146690234542,0.0293915569782,0.064072266221,-0.0532264113426
ETTm1,113,29,1–48,0.101351991296,1.07590126991,1,validation,0.0767023414373,-0.0246496498585,0.203921630979,0.102569639683,0.159771874547,0.0584198832512,0.060488820076,-0.0408631712198,0.00583326816559,-0.0955187231302
ETTm1,113,30,1–48,0.0246325284243,1.71667957306,1,validation,0.0984557718039,0.0738232433796,-0.031208306551,-0.0558408349752,0.101265147328,0.0766326189041,-0.00414130091667,-0.0287738293409,-0.0409593135118,-0.0655918419361
ETTm1,113,31,1–48,-0.0345249325037,0.466706931591,1,validation,-0.0156228542328,0.0189020782709,-0.103510409594,-0.0689854770899,-0.000826478004456,0.0336984544992,-0.0231581032276,0.0113668292761,-0.0288076847792,0.00571724772453
ETTm1,113,32,1–48,-0.0851989611983,0.627021193504,1,validation,-0.0584196224809,0.0267793387175,-0.142551481724,-0.0573525205255,-0.0646352767944,0.0205636844039,-0.0947228893638,-0.00952392816544,-0.065577596426,0.0196213647723
ETTm1,113,33,1–48,-0.183744207025,0.114015571773,1,validation,-0.260836899281,-0.077092692256,-0.286246538162,-0.102502331138,-0.15535056591,0.0283936411142,-0.111213073134,0.0725311338902,-0.10282227397,0.0809219330549
ETTm1,113,34,1–48,-0.205339506269,0.338455587626,1,validation,-0.342285871506,-0.136946365237,-0.336371481419,-0.13103197515,-0.159748375416,0.0455911308527,-0.101717688143,0.103621818125,-0.0832098796964,0.122129626572
ETTm1,113,35,1–48,-0.146146714687,0.306392669678,1,validation,-0.181214928627,-0.0350682139397,-0.210475996137,-0.0643292814493,-0.0531354993582,0.0930112153292,-0.145408242941,0.000738471746445,-0.138991579413,0.00715513527393
ETTm1,113,36,1–48,-0.18760292232,0.530832648277,1,validation,-0.25668400526,-0.0690810829401,-0.338078022003,-0.150475099683,-0.100285083055,0.0873178392649,-0.158755347133,0.0288475751877,-0.0819445103407,0.10565841198
ETTm1,113,37,1–48,-0.14881323278,0.114015571773,1,validation,-0.135100066662,0.0137131661177,-0.242728918791,-0.0939156860113,-0.121636241674,0.0271769911051,-0.173939883709,-0.0251266509295,-0.0706174373627,0.0781957954168
ETTm1,113,38,1–48,-0.0818086713552,0.659084022045,1,validation,-0.146536096931,-0.0647274255753,-0.151972830296,-0.0701641589403,-0.0816566869617,0.000151984393597,-0.0144064426422,0.067402228713,-0.0128382444382,0.0689704269171
ETTm1,113,39,1–48,0.00100533664227,0.915586829185,1,validation,0.013418212533,0.0124128758907,0.0106208920479,0.00961555540562,-0.00181441009045,-0.00281974673271,-0.0239946097136,-0.0249999463558,0.0062492787838,0.00524394214153
ETTm1,113,40,1–48,0.055223852396,0.242267042398,1,validation,0.0878549069166,0.0326310545206,-0.014494523406,-0.069718375802,0.0175399929285,-0.0376838594675,0.0802571326494,0.0250332802534,0.10494543612,0.049721583724
ETTm1,113,41,1–48,0.0594192296267,0.755272686481,1,validation,-0.00769853591919,-0.0671177655458,0.0326625853777,-0.026756644249,0.0535317659378,-0.00588746368885,0.0892346352339,0.0298154056072,0.130168095231,0.0707488656044
ETTm1,113,42,1–48,0.0751020461321,0.146078497171,1,validation,0.068746984005,-0.00635506212711,0.0386457294226,-0.0364563167095,0.0798527151346,0.00475066900253,0.129793658853,0.0546916127205,0.0595758110285,-0.0155262351036
ETTm1,113,43,1–48,0.0214254707098,0.402581304312,1,validation,0.0599751472473,0.0385496765375,0.0164849460125,-0.0049405246973,0.0624716877937,0.0410462170839,-0.0272460877895,-0.0486715584993,-0.00505644083023,-0.02648191154
ETTm1,113,44,1–48,-0.0102655440569,-0.174550056458,1,validation,0.0104148387909,0.0206803828478,0.00686635077,0.0171318948269,-0.0070336908102,0.00323185324669,-0.0218072384596,-0.0115416944027,-0.0400547236204,-0.0297891795635
ETTm1,113,45,1–48,-0.100172586739,0.21020410955,1,validation,-0.102244377136,-0.00207179039717,-0.0705391168594,0.0296334698796,-0.0871234983206,0.0130490884185,-0.123784072697,-0.0236114859581,-0.117479681969,-0.0173070952296
ETTm1,113,46,1–48,-0.210965514183,-0.238197222352,1,validation,-0.118755951524,0.0922095626593,-0.209864243865,0.00110127031803,-0.186026290059,0.024939224124,-0.288476675749,-0.0775111615658,-0.253102511168,-0.0421369969845
ETTm1,113,47,1–48,-0.27214589715,0.0498898401856,1,validation,-0.199840635061,0.0723052620888,-0.295208781958,-0.0230628848076,-0.300961196423,-0.0288152992725,-0.313679069281,-0.0415331721306,-0.252297520638,0.0198483765125
ETTm1,113,48,1–48,-0.366420805454,0.081952765584,1,validation,-0.301019906998,0.0654008984566,-0.393660545349,-0.0272397398949,-0.36045512557,0.00596567988396,-0.447337687016,-0.0809168815613,-0.331098139286,0.0353226661682
ETTm1,113,49,49–96,-0.383069813251,0.0498898401856,48,validation,-0.260445088148,0.122624725103,-0.478568017483,-0.0954982042313,-0.48008030653,-0.0970104932785,-0.378919363022,0.00415045022964,-0.318592578173,0.0644772350788
ETTm1,113,50,49–96,-0.430252373219,-0.0142357805744,48,validation,-0.42874455452,0.00150781869888,-0.50632172823,-0.076069355011,-0.354208648205,0.0760437250137,-0.431511104107,-0.00125873088837,-0.42948371172,0.000768661499023
ETTm1,113,51,49–96,-0.463126003742,0.306392669678,48,validation,-0.403036892414,0.0600891113281,-0.564257740974,-0.101131737232,-0.434928297997,0.0281977057457,-0.45913952589,0.00398647785187,-0.453877568245,0.00924843549728
ETTm1,113,52,49–96,-0.371665358543,0.0498898401856,48,validation,-0.249300792813,0.12236456573,-0.387518763542,-0.0158534049988,-0.395881772041,-0.0242164134979,-0.419096201658,-0.0474308431149,-0.407971322536,-0.0363059639931
ETTm1,113,53,49–96,-0.454090297222,-0.110424377024,48,validation,-0.346285820007,0.107804477215,-0.522727549076,-0.0686372518539,-0.428831756115,0.0252585411072,-0.480675876141,-0.0265855789185,-0.492315351963,-0.0382250547409
ETTm1,113,54,49–96,-0.503451883793,-0.0783615112305,48,validation,-0.499326407909,0.00412547588348,-0.557792127132,-0.0543402433395,-0.412139832973,0.0913120508194,-0.538765370846,-0.0353134870529,-0.508728086948,-0.00527620315552
ETTm1,113,55,49–96,-0.561547100544,-0.46263718605,48,validation,-0.579338371754,-0.0177912712097,-0.54642778635,0.0151193141937,-0.5513869524,0.0101601481438,-0.565232217312,-0.00368511676788,-0.56528031826,-0.00373321771622
ETTm1,113,56,49–96,-0.591288030148,-0.46263718605,48,validation,-0.508586227894,0.0827018022537,-0.60252404213,-0.011236011982,-0.645311772823,-0.0540237426758,-0.580000579357,0.0112874507904,-0.620641291142,-0.029353260994
ETTm1,113,57,49–96,-0.64928907156,-0.558825731277,48,validation,-0.639860987663,0.00942808389664,-0.600462198257,0.0488268733025,-0.626986145973,0.0223029255867,-0.697760879993,-0.0484718084335,-0.68206423521,-0.0327751636505
ETTm1,113,58,49–96,-0.74913495779,-0.366448640823,48,validation,-0.660464167595,0.0886707901955,-0.794835925102,-0.0457009673119,-0.707116901875,0.0420180559158,-0.799147546291,-0.050012588501,-0.784643530846,-0.0355085730553
ETTm1,113,59,49–96,-0.840050458908,-0.366448640823,48,validation,-0.78484839201,0.0552020668983,-0.885130107403,-0.0450796484947,-0.802899360657,0.0371510982513,-0.864688396454,-0.0246379375458,-0.862765192986,-0.0227147340775
ETTm1,113,60,49–96,-0.83769506216,-0.430574297905,48,validation,-0.756202340126,0.0814927220345,-0.819449961185,0.018245100975,-0.801075160503,0.0366199016571,-0.928077876568,-0.0903828144073,-0.88499468565,-0.0472996234894
ETTm1,113,61,49–96,-0.835746347904,-0.334385752678,48,validation,-0.761654019356,0.0740923285484,-0.770967960358,0.0647783875465,-0.749647378922,0.0860989689827,-0.949065327644,-0.11331897974,-0.948692619801,-0.112946271896
ETTm1,113,62,49–96,-0.841894328594,-0.590888559818,48,validation,-0.693762362003,0.148131966591,-0.818010687828,0.0238836407661,-0.748779177666,0.0931151509285,-0.99016392231,-0.148269593716,-0.960609555244,-0.11871522665
ETTm1,113,63,49–96,-0.879722952843,-0.430574297905,48,validation,-0.823666334152,0.0560566186905,-0.951103210449,-0.0713802576065,-0.836437165737,0.0432857871056,-0.874906480312,0.00481647253036,-0.912012934685,-0.032289981842
ETTm1,113,64,49–96,-0.920338869095,-0.398511499166,48,validation,-0.848742306232,0.0715965628624,-0.957479178905,-0.0371403098106,-0.896169662476,0.0241692066193,-0.915618240833,0.00472062826157,-0.983500778675,-0.0631619095802
ETTm1,113,65,49–96,-0.787898182869,-0.398511499166,48,validation,-0.764326334,0.0235718488693,-0.757718026638,0.0301801562309,-0.792805075645,-0.00490689277649,-0.796321570873,-0.0084233880043,-0.828626155853,-0.0407279729843
ETTm1,113,66,49–96,-0.823016643524,-0.430574297905,48,validation,-0.797152996063,0.0258636474609,-0.817960977554,0.00505566596985,-0.867156803608,-0.0441401600838,-0.786689341068,0.0363273024559,-0.846055984497,-0.0230393409729
ETTm1,113,67,49–96,-0.787842750549,-0.430574297905,48,validation,-0.734687387943,0.053155362606,-0.805846691132,-0.0180039405823,-0.805687606335,-0.0178448557854,-0.787761569023,8.11815261841e-05,-0.805459916592,-0.0176171660423
ETTm1,113,68,49–96,-0.781341791153,-0.46263718605,48,validation,-0.82961422205,-0.0482724308968,-0.760836422443,0.0205053687096,-0.786877214909,-0.00553542375565,-0.74482524395,0.0365165472031,-0.784027993679,-0.00268620252609
ETTm1,113,69,49–96,-0.775887966156,-0.494700044394,48,validation,-0.850770890713,-0.0748829245567,-0.796966910362,-0.0210789442062,-0.697374224663,0.0785137414932,-0.793842971325,-0.0179550051689,-0.739883065224,0.0360049009323
ETTm1,113,70,49–96,-0.702454984188,-0.270260095596,48,validation,-0.688257217407,0.0141977667809,-0.679575562477,0.022879421711,-0.640933394432,0.061521589756,-0.764535605907,-0.0620806217194,-0.739435076714,-0.0369800925255
ETTm1,113,71,49–96,-0.677707195282,-0.0462986454368,48,validation,-0.634228408337,0.0434787869453,-0.589702367783,0.0880048274994,-0.771880805492,-0.0941736102104,-0.708752334118,-0.0310451388359,-0.685440659523,-0.00773346424103
ETTm1,113,72,49–96,-0.659179508686,-0.0142357805744,48,validation,-0.675641715527,-0.0164622068405,-0.687553882599,-0.0283743739128,-0.68879532814,-0.0296158194542,-0.614120960236,0.0450585484505,-0.629295766354,0.0298837423325
ETTm1,113,73,49–96,-0.534149587154,-0.270260095596,48,validation,-0.43140411377,0.102745473385,-0.566339790821,-0.0321902036667,-0.453077018261,0.0810725688934,-0.623803198338,-0.0896536111832,-0.596818983555,-0.0626693964005
ETTm1,113,74,49–96,-0.512914836407,-0.0142357805744,48,validation,-0.535153508186,-0.0222386717796,-0.539181470871,-0.0262666344643,-0.450579106808,0.062335729599,-0.524870097637,-0.0119552612305,-0.514392733574,-0.00147789716721
ETTm1,113,75,49–96,-0.382515847683,0.178141310811,48,validation,-0.383691906929,-0.00117605924606,-0.44950658083,-0.0669907331467,-0.253512382507,0.129003465176,-0.401986658573,-0.0194708108902,-0.423047482967,-0.0405316352844
ETTm1,113,76,49–96,-0.338323175907,0.306392669678,48,validation,-0.329616248608,0.0087069272995,-0.35104739666,-0.0127242207527,-0.270547300577,0.06777587533,-0.366288244724,-0.0279650688171,-0.373987615108,-0.0356644392014
ETTm1,113,77,49–96,-0.24290522933,0.0178270284086,48,validation,-0.301249742508,-0.0583445131779,-0.281907141209,-0.0390019118786,-0.124669745564,0.118235483766,-0.247073322535,-0.0041680932045,-0.258707106113,-0.0158018767834
ETTm1,113,78,49–96,-0.180483728647,0.242267042398,48,validation,-0.121756218374,0.0587275102735,-0.202071532607,-0.0215878039598,-0.182271972299,-0.00178824365139,-0.163178473711,0.0173052549362,-0.23294210434,-0.0524583756924
ETTm1,113,79,49–96,-0.0497018098831,0.498769849539,48,validation,-0.0911561250687,-0.0414543151855,-0.068705290556,-0.0190034806728,0.0088295340538,0.0585313439369,-0.0179627984762,0.0317390114069,-0.0786498636007,-0.0289480537176
ETTm1,113,80,49–96,-0.00892885029316,0.851461231709,48,validation,-0.0911403819919,-0.0822115316987,0.0345372408628,0.043466091156,0.117154493928,0.126083344221,-0.0172503441572,-0.00832149386406,-0.087287068367,-0.0783582180738
ETTm1,113,81,49–96,0.0316794812679,0.498769849539,48,validation,0.00248162448406,-0.0291978567839,0.0329511612654,0.00127167999744,0.0411795377731,0.0095000565052,0.0616746395826,0.0299951583147,0.0205536037683,-0.0111258774996
ETTm1,113,82,49–96,-0.00516350567341,0.691146969795,48,validation,-0.0695227235556,-0.0643592178822,0.0191889405251,0.0243524461985,-0.00676050782204,-0.00159700214863,0.0359600782394,0.0411235839128,-0.00421847403049,0.000945031642914
ETTm1,113,83,49–96,0.0499008893967,0.659084022045,48,validation,0.0939847975969,0.0440839082003,-0.0604248642921,-0.110325753689,0.0733327120543,0.0234318226576,0.101348623633,0.0514477342367,0.0422546416521,-0.00764624774456
ETTm1,113,84,49–96,0.022946819663,0.755272686481,48,validation,-0.04814299196,-0.0710898116231,-0.0187547504902,-0.0417015701532,0.107244029641,0.0842972099781,0.0486149638891,0.0256681442261,0.0266682952642,0.0037214756012
ETTm1,113,85,49–96,-0.0170200914145,1.04383814335,48,validation,-0.0421639084816,-0.0251438170671,-0.100162319839,-0.0831422284245,0.0178833901882,0.0349034816027,0.0218803435564,0.0389004349709,0.0182961672544,0.0353162586689
ETTm1,113,86,49–96,-0.00908812880516,1.04383814335,48,validation,-0.0907594934106,-0.0816713646054,-0.1516071558,-0.142519026995,0.0218549817801,0.0309431105852,0.120245233178,0.129333361983,0.0567847788334,0.0658729076385
ETTm1,113,87,49–96,0.0124893635511,0.723209738731,48,validation,-0.00899264216423,-0.0214820057154,-0.00263804197311,-0.0151274055243,-0.00638212263584,-0.018871486187,0.0603682100773,0.0478788465261,0.0205629020929,0.00807353854179
ETTm1,113,88,49–96,0.0204039216042,0.530832648277,48,validation,0.0315896123648,0.0111856907606,-0.0988641604781,-0.119268082082,-0.000215232372284,-0.0206191539764,0.114688083529,0.0942841619253,0.056025147438,0.0356212258339
ETTm1,113,89,49–96,0.00492098927498,0.819398283958,48,validation,-0.101665586233,-0.106586575508,0.0438166111708,0.0388956218958,-0.00246632099152,-0.00738731026649,0.0711539387703,0.0662329494953,0.0143218636513,0.0094008743763
ETTm1,113,90,49–96,0.00943070650101,0.787335515022,48,validation,-0.0609370693564,-0.0703677758574,0.0105792135,0.00114850699902,0.0199597626925,0.0105290561914,0.0380169302225,0.0285862237215,0.0398423373699,0.0304116308689
ETTm1,113,91,49–96,0.0580184012651,0.178141310811,48,validation,0.0348429083824,-0.0231754928827,0.0121071636677,-0.0459112375975,0.0418645143509,-0.0161538869143,0.0850734859705,0.0270550847054,0.116485133767,0.058466732502
ETTm1,113,92,49–96,0.0578451454639,0.723209738731,48,validation,0.0676390081644,0.00979386270046,-0.0589723736048,-0.116817519069,0.0707295835018,0.0128844380379,0.092798307538,0.0349531620741,0.117686375976,0.0598412305117
ETTm1,113,93,49–96,0.00384877622128,0.947649776936,48,validation,-0.119936421514,-0.123785197735,0.00104333460331,-0.00280544161797,0.00920626521111,0.00535748898983,0.0737216025591,0.0698728263378,0.0558113604784,0.0519625842571
ETTm1,113,94,49–96,-0.0208567529917,0.627021193504,48,validation,-0.0588706061244,-0.0380138531327,-0.109795853496,-0.0889391005039,-0.0708214864135,-0.0499647334218,0.0447832047939,0.0656399577856,0.0909819155931,0.111838668585
ETTm1,113,95,49–96,-0.0540652275085,0.562895476818,48,validation,-0.0972067713737,-0.0431415438652,-0.156039521098,-0.10197429359,-0.0366325676441,0.0174326598644,-0.0420984625816,0.0119667649269,0.0619420111179,0.116007238626
ETTm1,113,96,49–96,-0.0938889160752,0.819398283958,48,validation,-0.19496114552,-0.101072229445,-0.148886159062,-0.0549972429872,-0.132454991341,-0.0385660752654,-0.00222390890121,0.091665007174,0.00974866747856,0.103637583554
ETTm1,113,97,97–144,-0.0379851311445,0.819398283958,720,validation,-0.0939908027649,-0.0560056716204,-0.0708700194955,-0.032884888351,0.0368302464485,0.074815377593,-0.0355444848537,0.00244064629078,-0.0261017531157,0.0118833780289
ETTm1,113,98,97–144,-0.0484374389052,0.947649776936,720,validation,-0.108880020678,-0.0604425817728,-0.0787813141942,-0.030343875289,-0.034335359931,0.0141020789742,-0.0124129951,0.0360244438052,-0.00746469199657,0.0409727469087
ETTm1,113,99,97–144,-0.0589891970158,0.466706931591,720,validation,-0.0741658508778,-0.015176653862,-0.0667159110308,-0.00772671401501,-0.0298779904842,0.0291112065315,-0.0602856129408,-0.00129641592503,-0.0638349205256,-0.00484572350979
ETTm1,113,100,97–144,-0.0404503792524,0.755272686481,720,validation,-0.0584834441543,-0.0180330649018,-0.0621586367488,-0.0217082574964,-0.0658510923386,-0.0254007130861,-0.0443118661642,-0.00386148691177,0.0284119546413,0.0688623338938
ETTm1,113,101,97–144,-0.0532570555806,1.01177537441,720,validation,-0.110479831696,-0.0572227761149,-0.0670778602362,-0.0138208046556,-0.0773208141327,-0.0240637585521,0.0467824786901,0.100039534271,-0.0574877932668,-0.00423073768616
ETTm1,113,102,97–144,-0.042170420289,0.979712605476,720,validation,-0.0635157972574,-0.0213453769684,-0.08120957762,-0.039039157331,0.0516549795866,0.0938253998756,-0.0293738991022,0.0127965211868,-0.0880165025592,-0.0458460822701
ETTm1,113,103,97–144,-0.0474671497941,0.915586829185,720,validation,-0.107344634831,-0.0598774850368,-0.143967047334,-0.0964998975396,0.0255047082901,0.0729718580842,0.0243815630674,0.0718487128615,-0.0351412892342,0.0123258605599
ETTm1,113,104,97–144,-0.0594942420721,0.723209738731,720,validation,-0.0826973617077,-0.0232031196356,-0.0423309504986,0.0171632915735,-0.0501641854644,0.00933005660772,-0.0547541305423,0.00474011152983,-0.0675494894385,-0.00805524736643
ETTm1,113,105,97–144,-0.0752825662494,0.530832648277,720,validation,-0.154145240784,-0.0788626745343,-0.101444505155,-0.0261619389057,-0.0968689247966,-0.0215863585472,0.0181154608727,0.093398027122,-0.0415850430727,0.0336975231767
ETTm1,113,106,97–144,-0.0716080889106,0.466706931591,720,validation,-0.189024224877,-0.117416135967,-0.144705593586,-0.0730975046754,-0.0610318481922,0.0105762407184,0.0197418481112,0.0913499370217,0.0173918753862,0.0889999642968
ETTm1,113,107,97–144,-0.040361136198,0.178141310811,720,validation,-0.158422738314,-0.118061602116,-0.145312532783,-0.104951396585,-0.00898139178753,0.0313797444105,0.0533607900143,0.0937219262123,0.0580050945282,0.0983662307262
ETTm1,113,108,97–144,0.0722231417894,0.466706931591,720,validation,-0.0156975984573,-0.0879207402468,0.000260055065155,-0.0719630867243,0.0397974252701,-0.0324257165194,0.170140638947,0.0979174971581,0.167006328702,0.0947831869125
ETTm1,113,109,97–144,0.0834578126669,0.723209738731,720,validation,-0.00364169478416,-0.0870995074511,0.0617397278547,-0.0217180848122,0.100509181619,0.0170513689518,0.123226061463,0.0397682487965,0.135440781713,0.0519829690456
ETTm1,113,110,97–144,0.00934036076069,0.691146969795,720,validation,-0.06009478122,-0.0694351419806,-0.0593455284834,-0.0686858892441,0.0230302065611,0.0136898458004,0.0292740911245,0.0199337303638,0.113729819655,0.104389458895
ETTm1,113,111,97–144,0.101479426026,0.178141310811,720,validation,0.0998920351267,-0.00158739089966,0.111082211137,0.00960278511047,0.130914613605,0.0294351875782,0.055148422718,-0.0463310033083,0.11005653441,0.00857710838318
ETTm1,113,112,97–144,0.11239977181,0.370518386364,720,validation,0.144672736526,0.032272964716,0.0447218865156,-0.067677885294,0.0779188871384,-0.0344808846712,0.146298721433,0.0338989496231,0.148743912578,0.0363441407681
ETTm1,113,113,97–144,0.0189993679523,0.787335515022,720,validation,-0.0215599685907,-0.0405593365431,-0.00284500420094,-0.0218443721533,-0.0199798196554,-0.0389791876078,0.0803219228983,0.0613225549459,0.0592283755541,0.0402290076017
ETTm1,113,114,97–144,0.0665641129017,0.370518386364,720,validation,0.0274665951729,-0.0390975177288,0.0238561332226,-0.0427079796791,0.0290441215038,-0.0375199913979,0.116914913058,0.0503508001566,0.135621681809,0.0690575689077
ETTm1,113,115,97–144,0.00367397069931,0.434644132853,720,validation,-0.0160730332136,-0.0197470039129,-0.090284563601,-0.0939585343003,-0.00156351923943,-0.00523748993874,0.0815559476614,0.0778819769621,0.0451384186745,0.0414644479752
ETTm1,113,116,97–144,-0.049346961081,0.402581304312,720,validation,-0.133299827576,-0.0839528664947,-0.0564608201385,-0.00711385905743,-0.142357110977,-0.0930101498961,0.103854164481,0.153201125562,-0.0180520713329,0.0312948897481
ETTm1,113,117,97–144,-0.0362108498812,0.627021193504,720,validation,-0.067181661725,-0.0309708118439,-0.0988038033247,-0.0625929534435,-0.073017090559,-0.0368062406778,0.0297453999519,0.0659562498331,0.0283788740635,0.0645897239447
ETTm1,113,118,97–144,-0.118670627475,0.434644132853,720,validation,-0.211619585752,-0.0929489582777,-0.148296803236,-0.0296261757612,-0.201585873961,-0.0829152464867,-0.0215622484684,0.0971083790064,-0.0103549808264,0.108315646648
ETTm1,113,119,97–144,-0.071073397994,0.691146969795,720,validation,-0.1096816957,-0.0386082977057,-0.132181793451,-0.0611083954573,-0.102275677025,-0.0312022790313,0.00728829205036,0.0783616900444,-0.0183466523886,0.0527267456055
ETTm1,113,120,97–144,-0.0255688279867,0.851461231709,720,validation,-0.198389321566,-0.172820493579,-0.00169874727726,0.0238700807095,-0.0308601260185,-0.00529129803181,0.0862696617842,0.111838489771,0.0163756906986,0.0419445186853
ETTm1,113,121,97–144,-0.0480452999473,1.46017694473,720,validation,-0.133137568831,-0.0850922688842,-0.0841256007552,-0.036080300808,-0.034532815218,0.0135124847293,0.00126515328884,0.0493104532361,0.00998727977276,0.05803257972
ETTm1,113,122,97–144,0.0473375320435,1.23621547222,720,validation,-0.0314051806927,-0.0787427127361,-0.0624208077788,-0.109758339822,0.141208693385,0.0938711613417,0.0668181031942,0.0194805711508,0.121988430619,0.0746508985758
ETTm1,113,123,97–144,-0.0295605063438,1.71667957306,720,validation,-0.189673751593,-0.160113245249,-0.0581933110952,-0.0286328047514,-0.07640658319,-0.0468460768461,0.0892004519701,0.118760958314,0.0866992026567,0.116259709001
ETTm1,113,124,97–144,0.0135037004948,1.33240389824,720,validation,-0.0743277147412,-0.087831415236,-0.0132306218147,-0.0267343223095,-0.0222083181143,-0.035712018609,0.08268250525,0.0691788047552,0.0942625552416,0.0807588547468
ETTm1,113,125,97–144,0.0158920586109,1.58842813969,720,validation,-0.0674609690905,-0.0833530277014,-0.0568167343736,-0.0727087929845,0.0598905086517,0.0439984500408,0.102634385228,0.0867423266172,0.0409339666367,0.0250419080257
ETTm1,113,126,97–144,-0.0629312545061,1.14002680779,720,validation,-0.150964304805,-0.0880330502987,-0.154251083732,-0.0913198292255,-0.0537895336747,0.00914172083139,0.0221095085144,0.0850407630205,0.0218281149864,0.0847593694925
ETTm1,113,127,97–144,-0.10604673624,1.17208969593,720,validation,-0.2386277318,-0.13258099556,-0.177702099085,-0.0716553628445,-0.147802874446,-0.0417561382055,0.00986529886723,0.115912035108,0.0233861654997,0.12943290174
ETTm1,113,128,97–144,-0.132747918367,0.915586829185,720,validation,-0.118208676577,0.0145392417908,-0.233636021614,-0.100888103247,-0.227429747581,-0.0946818292141,-0.0541646853089,0.0785832330585,-0.0299893170595,0.102758601308
ETTm1,113,129,97–144,-0.260151952505,0.819398283958,720,validation,-0.25879624486,0.00135570764542,-0.359294742346,-0.0991427898407,-0.27874442935,-0.0185924768448,-0.264005899429,-0.00385394692421,-0.140118405223,0.120033547282
ETTm1,113,130,97–144,-0.183760643005,0.659084022045,720,validation,-0.355737864971,-0.171977221966,-0.288431555033,-0.104670912027,-0.100481964648,0.0832786783576,-0.0951972156763,0.0885634273291,-0.0803286582232,0.103431984782
ETTm1,113,131,97–144,-0.27695119381,0.755272686481,720,validation,-0.384484618902,-0.107533425093,-0.429218709469,-0.152267515659,-0.265695601702,0.0112555921078,-0.187674105167,0.0892770886421,-0.118628174067,0.158323019743
ETTm1,113,132,97–144,-0.204301998019,1.07590126991,720,validation,-0.294533163309,-0.0902311652899,-0.255889773369,-0.0515877753496,-0.186682552099,0.01761944592,-0.178765490651,0.0255365073681,-0.106510035694,0.0977919623256
ETTm1,113,133,97–144,-0.19472053647,1.01177537441,720,validation,-0.218099027872,-0.0233784914017,-0.274744063616,-0.0800235271454,-0.220025748014,-0.025305211544,-0.177283734083,0.0174368023872,-0.0837961137295,0.110924422741
ETTm1,113,134,97–144,-0.0869227424264,1.04383814335,720,validation,-0.131248265505,-0.0443255230784,-0.091439075768,-0.0045163333416,-0.0770609378815,0.00986180454493,-0.09907746315,-0.0121547207236,-0.0362884998322,0.0506342425942
ETTm1,113,135,97–144,-0.00354106724262,1.01177537441,720,validation,-0.0331730693579,-0.0296320021152,-0.127102404833,-0.12356133759,0.0769212990999,0.0804623663425,0.0339644998312,0.0375055670738,0.0311248153448,0.0346658825874
ETTm1,113,136,97–144,-0.0188070684671,1.14002680779,720,validation,-0.0303277373314,-0.0115206688643,-0.0874182581902,-0.068611189723,-0.0127946436405,0.00601242482662,0.061239361763,0.0800464302301,-0.024780318141,-0.00597324967384
ETTm1,113,137,97–144,0.0148725807667,1.3003411293,720,validation,-0.0526992529631,-0.0675718337297,0.00360006093979,-0.0112725198269,0.0089281052351,-0.00594447553158,0.113749280572,0.0988766998053,0.000371396541595,-0.0145011842251
ETTm1,113,138,97–144,0.0179570615292,1.17208969593,720,validation,-0.0319339334965,-0.0498909950256,-0.0673182606697,-0.0852753221989,0.0533345043659,0.0353774428368,0.11130450666,0.0933474451303,0.0238478779793,0.00589081645012
ETTm1,113,139,97–144,-0.0150786042213,1.10796403885,720,validation,-0.0766387805343,-0.0615601763129,-0.0600676164031,-0.0449890121818,0.102619364858,0.117697969079,0.00655822455883,0.0216368287802,-0.0487472265959,-0.0336686223745
ETTm1,113,140,97–144,-0.0651334151626,1.23621547222,720,validation,-0.148775547743,-0.0836421325803,-0.124826028943,-0.0596926137805,0.0724274218082,0.137560836971,-0.0332360416651,0.0318973734975,-0.0924671143293,-0.0273336991668
ETTm1,113,141,97–144,-0.185497954488,0.466706931591,720,validation,-0.22824922204,-0.0427512675524,-0.108507543802,0.0769904106855,-0.190655961633,-0.00515800714493,-0.163566082716,0.0219318717718,-0.236652612686,-0.0511546581984
ETTm1,113,142,97–144,-0.216366678476,0.370518386364,720,validation,-0.171771407127,0.044595271349,-0.258130460978,-0.0417637825012,-0.189873591065,0.0264930874109,-0.23965741694,-0.0232907384634,-0.222132056952,-0.00576537847519
ETTm1,113,143,97–144,-0.296313524246,0.178141310811,720,validation,-0.257366895676,0.0389466285706,-0.33676558733,-0.0404520630836,-0.235378310084,0.0609352141619,-0.351197123528,-0.0548835992813,-0.300769001245,-0.00445547699928
ETTm1,113,144,97–144,-0.33179217577,0.0498898401856,720,validation,-0.329107999802,0.00268417596817,-0.337211549282,-0.00541937351227,-0.239011079073,0.0927810966969,-0.375378519297,-0.0435863435268,-0.378471910954,-0.0466797351837
ETTm1,113,145,145–192,-0.341109871864,0.178141310811,144,validation,-0.228615760803,0.112494111061,-0.377582490444,-0.0364726185799,-0.348206847906,-0.00709697604179,-0.399190962315,-0.0580810904503,-0.350826561451,-0.00971668958664
ETTm1,113,146,145–192,-0.474698245525,0.114015571773,144,validation,-0.524055361748,-0.0493571162224,-0.490134477615,-0.01543623209,-0.479077935219,-0.00437968969345,-0.463519692421,0.0111785531044,-0.417364418507,0.0573338270187
ETTm1,113,147,145–192,-0.480991542339,0.0178270284086,144,validation,-0.549549460411,-0.0685579180717,-0.531497776508,-0.050506234169,-0.42425429821,0.0567372441292,-0.442426085472,0.0385654568672,-0.458369374275,0.0226221680641
ETTm1,113,148,145–192,-0.497791707516,-0.174550056458,144,validation,-0.475620210171,0.022171497345,-0.583982467651,-0.0861907601357,-0.499844431877,-0.00205272436142,-0.444621860981,0.0531698465347,-0.484921753407,0.0128699541092
ETTm1,113,149,145–192,-0.526760458946,-0.206134349108,144,validation,-0.59809923172,-0.0713387727737,-0.617645084858,-0.0908846259117,-0.549740076065,-0.0229796171188,-0.426481068134,0.100279390812,-0.443041324615,0.0837191343307
ETTm1,113,150,145–192,-0.547356843948,-0.302322953939,144,validation,-0.593772947788,-0.0464161038399,-0.595041334629,-0.0476844906807,-0.543635904789,0.00372093915939,-0.447272121906,0.100084722042,-0.557811379433,-0.0104545354843
ETTm1,113,151,145–192,-0.600814640522,-0.302322953939,144,validation,-0.527553617954,0.0732610225677,-0.64516043663,-0.0443457961082,-0.60810816288,-0.00729352235794,-0.581650912762,0.0191637277603,-0.64079195261,-0.039977312088
ETTm1,113,152,145–192,-0.659279823303,-0.398511499166,144,validation,-0.728330075741,-0.0690502524376,-0.713200688362,-0.0539208650589,-0.648289442062,0.0109903812408,-0.568225383759,0.0910544395447,-0.639540493488,0.0197393298149
ETTm1,113,153,145–192,-0.764205396175,-0.526762902737,144,validation,-0.856465876102,-0.0922604799271,-0.853339135647,-0.0891337394714,-0.667375266552,0.0968301296234,-0.677789747715,0.0864156484604,-0.767994821072,-0.00378942489624
ETTm1,113,154,145–192,-0.794563889503,-0.590888559818,144,validation,-0.829952120781,-0.0353882312775,-0.825610280037,-0.0310463905334,-0.758021473885,0.0365424156189,-0.778951048851,0.0156128406525,-0.781039714813,0.0135241746902
ETTm1,113,155,145–192,-0.897120893002,-0.622951447964,144,validation,-0.812123835087,0.0849970579147,-0.954015851021,-0.0568949580193,-0.919265091419,-0.0221441984177,-0.882625579834,0.0144953131676,-0.916607618332,-0.0194867253304
ETTm1,113,156,145–192,-0.928998172283,-0.719139993191,144,validation,-1.03130471706,-0.102306544781,-0.923735439777,0.0052627325058,-0.906558156013,0.0224400162697,-0.879463076591,0.0495350956917,-0.905449092388,0.023549079895
ETTm1,113,157,145–192,-0.941347301006,-0.719139993191,144,validation,-0.967226743698,-0.0258794426918,-1.00706171989,-0.0657144188881,-0.899700522423,0.0416467785835,-0.892120718956,0.0492265820503,-0.941511631012,-0.000164330005646
ETTm1,113,158,145–192,-0.983625292778,-0.719139993191,144,validation,-1.04913985729,-0.0655145645142,-1.04151260853,-0.0578873157501,-0.939113080502,0.0445122122765,-0.944832921028,0.0387923717499,-0.94499784708,0.0386274456978
ETTm1,113,159,145–192,-0.920535266399,-0.68707716465,144,validation,-0.926180481911,-0.00564521551132,-0.920541644096,-6.37769699097e-06,-0.875918984413,0.0446162819862,-0.982642769814,-0.0621075034142,-0.897585511208,0.0229497551918
ETTm1,113,160,145–192,-0.950028002262,-0.655014276505,144,validation,-0.968490481377,-0.0184624791145,-0.940600037575,0.00942796468735,-0.942586243153,0.0074417591095,-0.941465079784,0.00856292247772,-0.957248270512,-0.00722026824951
ETTm1,113,161,145–192,-0.967803776264,-0.622951447964,144,validation,-1.01852893829,-0.0507251620293,-1.03061532974,-0.0628115534782,-0.892370700836,0.075433075428,-0.953163683414,0.0146400928497,-0.945778727531,0.0220250487328
ETTm1,113,162,145–192,-0.873222887516,-0.751202821732,144,validation,-0.858046174049,0.0151767134666,-0.787617862225,0.0856050252914,-0.948241353035,-0.075018465519,-0.909959554672,-0.0367366671562,-0.861183702946,0.0120391845703
ETTm1,113,163,145–192,-0.909243226051,-0.783265709877,144,validation,-0.913745105267,-0.00450187921524,-0.945546805859,-0.0363035798073,-0.926986217499,-0.0177429914474,-0.868309915066,0.0409333109856,-0.891932666302,0.0173105597496
ETTm1,113,164,145–192,-0.888274788857,-0.815328538418,144,validation,-0.99003469944,-0.101759910583,-0.905134856701,-0.0168600678444,-0.848226845264,0.0400479435921,-0.842728257179,0.0455465316772,-0.85720282793,0.0310719609261
ETTm1,113,165,145–192,-0.881546854973,-0.751202821732,144,validation,-0.953985214233,-0.0724383592606,-0.853453159332,0.0280936956406,-0.921630322933,-0.0400834679604,-0.849602043629,0.0319448113441,-0.829972684383,0.0515741705894
ETTm1,113,166,145–192,-0.932802259922,-0.46263718605,144,validation,-0.903249979019,0.0295522809029,-0.942618727684,-0.00981646776199,-0.943466424942,-0.01066416502,-0.934463620186,-0.00166136026382,-0.939752221107,-0.00694996118546
ETTm1,113,167,145–192,-0.843758106232,-0.68707716465,144,validation,-0.877365887165,-0.0336077809334,-0.935712039471,-0.091953933239,-0.809197068214,0.0345610380173,-0.795449793339,0.0483083128929,-0.802505195141,0.0412529110909
ETTm1,113,168,145–192,-0.849722802639,-0.751202821732,144,validation,-0.844745755196,0.00497704744339,-0.924202024937,-0.0744792222977,-0.858292222023,-0.008569419384,-0.811313509941,0.0384092926979,-0.810572981834,0.0391498208046
ETTm1,113,169,145–192,-0.73690366745,-0.526762902737,144,validation,-0.733139574528,0.00376409292221,-0.805948257446,-0.0690445899963,-0.747808992863,-0.0109053254128,-0.704598367214,0.0323053002357,-0.693509876728,0.0433937907219
ETTm1,113,170,145–192,-0.64882928133,-0.68707716465,144,validation,-0.556018471718,0.0928108096123,-0.768904149532,-0.120074868202,-0.645074605942,0.00375467538834,-0.646560907364,0.00226837396622,-0.626922369003,0.0219069123268
ETTm1,113,171,145–192,-0.576915979385,-0.68707716465,144,validation,-0.51381778717,0.063098192215,-0.621105015278,-0.0441890358925,-0.674442231655,-0.0975262522697,-0.533265709877,0.0436502695084,-0.540923893452,0.0359920859337
ETTm1,113,172,145–192,-0.485409200191,-0.238197222352,144,validation,-0.465342640877,0.0200665593147,-0.574630022049,-0.0892208218575,-0.53349250555,-0.0480833053589,-0.402587413788,0.0828217864037,-0.451365530491,0.0340436697006
ETTm1,113,173,145–192,-0.319949388504,-0.622951447964,144,validation,-0.37985342741,-0.0599040389061,-0.483893156052,-0.163943767548,-0.276953190565,0.0429961979389,-0.223955392838,0.0959939956665,-0.237913429737,0.0820359587669
ETTm1,113,174,145–192,-0.29229414463,0.146078497171,144,validation,-0.199509978294,0.0927841663361,-0.357639789581,-0.0653456449509,-0.373105973005,-0.0808118283749,-0.280980944633,0.0113131999969,-0.248807907104,0.0434862375259
ETTm1,113,175,145–192,-0.207100912929,-0.142487183213,144,validation,-0.150240153074,0.0568607598543,-0.206653207541,0.000447705388069,-0.285536020994,-0.0784351080656,-0.17129355669,0.0358073562384,-0.220520943403,-0.0134200304747
ETTm1,113,176,145–192,-0.139781042933,0.081952765584,144,validation,-0.208873748779,-0.0690927058458,-0.184659793973,-0.0448787510395,-0.107654899359,0.0321261435747,-0.0888362601399,0.0509447827935,-0.110821999609,0.028959043324
ETTm1,113,177,145–192,-0.129868865013,-0.0783615112305,144,validation,-0.182889893651,-0.0530210286379,-0.177383780479,-0.0475149154663,-0.0862376242876,0.0436312407255,-0.0866691023111,0.043199762702,-0.117877744138,0.0119911208749
ETTm1,113,178,145–192,-0.140910923481,0.081952765584,144,validation,-0.205795139074,-0.0648842155933,-0.176678583026,-0.0357676595449,-0.0728702843189,0.0680406391621,-0.11787173897,0.0230391845107,-0.133234933019,0.0076759904623
ETTm1,113,179,145–192,-0.126200780272,-0.238197222352,144,validation,-0.250476330519,-0.124275550246,-0.124315321445,0.00188545882702,-0.128049105406,-0.00184832513332,-0.0498876944184,0.0763130858541,-0.0808699131012,0.0453308671713
ETTm1,113,180,145–192,-0.0912287458777,-0.142487183213,144,validation,-0.144626781344,-0.0533980354667,-0.0882690176368,0.00295972824097,-0.243326917291,-0.152098171413,0.0223770141602,0.113605760038,-0.00303483009338,0.0881939157844
ETTm1,113,181,145–192,-0.100614540279,0.081952765584,144,validation,-0.105515703559,-0.00490116328001,-0.0936592891812,0.00695525109768,-0.189486265182,-0.0888717249036,-0.0748788192868,0.0257357209921,-0.0392682850361,0.0613462552428
ETTm1,113,182,145–192,-0.16109624505,-0.398511499166,144,validation,-0.259897530079,-0.0988012850285,-0.238005757332,-0.0769095122814,-0.150062158704,0.0110340863466,-0.0642377585173,0.0968584865332,-0.0963312909007,0.0647649541497
ETTm1,113,183,145–192,-0.096873305738,0.0178270284086,144,validation,-0.0544988289475,0.0423744767904,-0.122340023518,-0.0254667177796,-0.167152166367,-0.0702788606286,-0.0525330901146,0.0443402156234,-0.0871017202735,0.00977158546448
ETTm1,113,184,145–192,-0.105376720428,0.242267042398,144,validation,-0.0831404998899,0.0222362205386,-0.11564476788,-0.010268047452,-0.118468001485,-0.0130912810564,-0.0829294025898,0.0224473178387,-0.126387134194,-0.0210104137659
ETTm1,113,185,145–192,-0.0323111712933,0.306392669678,144,validation,-0.0570289567113,-0.024717785418,-0.0506397932768,-0.0183286219835,-0.0462304353714,-0.0139192640781,0.0386040508747,0.070915222168,-0.047159217298,-0.0148480460048
ETTm1,113,186,145–192,-0.0730587616563,0.178141310811,144,validation,-0.148600667715,-0.0755419060588,-0.0618794336915,0.0111793279648,-0.102722659707,-0.0296638980508,-0.0136368870735,0.0594218745828,-0.0399792045355,0.0330795571208
ETTm1,113,187,145–192,-0.0643914788961,-0.110424377024,144,validation,-0.0690581128001,-0.00466663390398,-0.125746980309,-0.0613555014133,-0.0252082943916,0.0391831845045,-0.0352897047997,0.0291017740965,-0.0676681399345,-0.0032766610384
ETTm1,113,188,145–192,-0.0741649717093,0.434644132853,144,validation,-0.077976167202,-0.00381119549274,-0.089799426496,-0.0156344547868,-0.103380925953,-0.0292159542441,-0.0314874351025,0.0426775366068,-0.0684652999043,0.0056996718049
ETTm1,113,189,145–192,-0.112273320556,0.274329841137,144,validation,-0.0994335114956,0.0128398090601,-0.180721014738,-0.0684476941824,-0.130138158798,-0.0178648382425,-0.0778164118528,0.0344569087029,-0.0737520754337,0.038521245122
ETTm1,113,190,145–192,-0.0646014809608,0.21020410955,144,validation,-0.051177546382,0.0134239345789,-0.0734393298626,-0.00883784890175,-0.0923087149858,-0.027707234025,-0.0293022990227,0.0352991819382,-0.0766224190593,-0.0120209380984
ETTm1,113,191,145–192,-0.12407065928,0.0498898401856,144,validation,-0.0580915734172,0.0659790858626,-0.203720152378,-0.0796494930983,-0.159543573856,-0.0354729145765,-0.116459056735,0.00761160254478,-0.0818354412913,0.0422352179885
ETTm1,113,192,145–192,-0.191538900137,0.338455587626,144,validation,-0.216687738895,-0.0251488387585,-0.24894452095,-0.0574056208134,-0.22771447897,-0.0361755788326,-0.111422643065,0.0801162570715,-0.154262006283,0.0372768938541
ETTm1,113,193,193–288,-0.176781594753,0.081952765584,360,validation,-0.155366316438,0.0214152783155,-0.180948927999,-0.00416733324528,-0.186083167791,-0.0093015730381,-0.163071900606,0.0137096941471,-0.198053345084,-0.0212717503309
ETTm1,113,194,193–288,-0.15090046823,0.0498898401856,360,validation,-0.140532582998,0.010367885232,-0.284756809473,-0.133856341243,-0.181522667408,-0.0306221991777,-0.0824135690928,0.0684868991375,-0.0666594654322,0.0842410027981
ETTm1,113,195,193–288,-0.188576549292,0.146078497171,360,validation,-0.14611415565,0.0424623936415,-0.289125978947,-0.100549429655,-0.245226874948,-0.0566503256559,-0.119631022215,0.0689455270767,-0.143012151122,0.0455643981695
ETTm1,113,196,193–288,-0.139439299703,-0.174550056458,360,validation,-0.112425863743,0.0270134359598,-0.256247282028,-0.116807982326,-0.038174957037,0.101264342666,-0.144279465079,-0.00484016537666,-0.147259399295,-0.00782009959221
ETTm1,113,197,193–288,-0.138628914952,0.306392669678,360,validation,-0.149609059095,-0.0109801441431,-0.199685841799,-0.0610569268465,-0.159469112754,-0.0208401978016,-0.0691967308521,0.0694321841002,-0.116355396807,0.0222735181451
ETTm1,113,198,193–288,-0.114198565483,-0.46263718605,360,validation,-0.109886288643,0.00431227684021,-0.289460092783,-0.1752615273,-0.0156751126051,0.098523452878,-0.0548061653972,0.0593924000859,-0.103862576187,0.0103359892964
ETTm1,113,199,193–288,-0.178383499384,0.081952765584,360,validation,-0.184048607945,-0.00566510856152,-0.256258994341,-0.077875494957,-0.119916334748,0.0584671646357,-0.135819688439,0.0425638109446,-0.197430714965,-0.0190472155809
ETTm1,113,200,193–288,-0.102346412838,-0.0783615112305,360,validation,-0.132049918175,-0.0297035053372,-0.132278174162,-0.0299317613244,-0.125895500183,-0.0235490873456,-0.0573998913169,0.0449465215206,-0.065220490098,0.0371259227395
ETTm1,113,201,193–288,-0.147699922323,-0.174550056458,360,validation,-0.226747721434,-0.0790477991104,-0.272988379002,-0.125288456678,-0.0847512856126,0.0629486367106,-0.0490650758147,0.0986348465085,-0.109037086368,0.0386628359556
ETTm1,113,202,193–288,-0.0524866431952,0.081952765584,360,validation,-0.130190595984,-0.0777039527893,-0.217858716846,-0.16537207365,0.0974255949259,0.149912238121,-0.0212874263525,0.0311992168427,0.00485740602016,0.0573440492153
ETTm1,113,203,193–288,-0.0104143023491,0.306392669678,360,validation,-0.067121297121,-0.056706994772,-0.159676641226,-0.149262338877,0.075799793005,0.0862140953541,0.048824056983,0.0592383593321,0.0462939143181,0.0567082166672
ETTm1,113,204,193–288,0.0254846215248,0.21020410955,360,validation,0.00504249334335,-0.0204421281815,-0.119692787528,-0.145177409053,0.0792749077082,0.0537902861834,0.0871263891459,0.061641767621,0.0728674530983,0.0473828315735
ETTm1,113,205,193–288,0.014579102397,0.338455587626,360,validation,-0.0983547195792,-0.112933821976,-0.0165829509497,-0.0311620533466,-0.00715355575085,-0.0217326581478,0.0943723469973,0.0797932446003,0.0973535627127,0.0827744603157
ETTm1,113,206,193–288,0.0805876106024,-0.174550056458,360,validation,0.0881618410349,0.00757423043251,0.107512280345,0.0269246697426,0.110235348344,0.0296477377415,0.0253423303366,-0.0552452802658,0.072350949049,-0.00823666155338
ETTm1,113,207,193–288,0.127315208316,0.21020410955,360,validation,0.220056727529,0.0927415192127,0.0638326108456,-0.0634825974703,0.0962470918894,-0.0310681164265,0.138057723641,0.0107425153255,0.119864717126,-0.00745049118996
ETTm1,113,208,193–288,0.10122795403,0.306392669678,360,validation,0.132262960076,0.0310350060463,0.0408356636763,-0.0603922903538,0.158905223012,0.0576772689819,0.0751435011625,-0.0260844528675,0.0988200455904,-0.00240790843964
ETTm1,113,209,193–288,0.0901650637388,-0.206134349108,360,validation,0.130422636867,0.0402575731277,-0.0153453201056,-0.105510383844,0.148608133197,0.058443069458,0.116014704108,0.0258496403694,0.070264980197,-0.0199000835419
ETTm1,113,210,193–288,0.0560819655657,0.0178270284086,360,validation,0.0611867010593,0.00510473549366,0.0245385468006,-0.0315434187651,0.0547097176313,-0.00137224793434,0.101452037692,0.0453700721264,0.0379537343979,-0.0181282311678
ETTm1,113,211,193–288,0.0377627909184,0.0498898401856,360,validation,-0.0197172015905,-0.0574799925089,0.0110364556313,-0.0267263352871,0.0684813559055,0.0307185649872,0.0914984196424,0.0537356287241,0.0353014618158,-0.00246132910252
ETTm1,113,212,193–288,0.0129907876253,0.081952765584,360,validation,-0.0363026708364,-0.0492934584618,0.00387881696224,-0.00911197066307,-0.0182086080313,-0.0311993956566,0.0972912460566,0.0843004584312,0.0166448205709,0.00365403294563
ETTm1,113,213,193–288,0.0391194075346,0.242267042398,360,validation,-0.00903326272964,-0.0481526702642,-0.0354586094618,-0.0745780169964,0.0806265920401,0.0415071845055,0.102150335908,0.0630309283733,0.0545928329229,0.0154734253883
ETTm1,113,214,193–288,-0.0178466290236,0.370518386364,360,validation,-0.0087907910347,0.00905583798885,-0.196668043733,-0.178821414709,0.0421999394894,0.0600465685129,0.0894587785006,0.107305407524,-0.0185354202986,-0.000688791275024
ETTm1,113,215,193–288,0.0374844819307,0.370518386364,360,validation,-0.0070563852787,-0.0445408672094,0.0147120952606,-0.0227723866701,0.0180745720863,-0.0194099098444,0.113331511617,0.075847029686,0.0466182231903,0.00913374125957
ETTm1,113,216,193–288,0.0112426429987,0.114015571773,360,validation,0.0915110260248,0.0802683830261,-0.11401193589,-0.125254578888,0.0573966503143,0.0461540073156,0.0187804400921,0.00753779709339,0.00254060328007,-0.00870203971863
ETTm1,113,217,193–288,0.0250541865826,-0.0142357805744,360,validation,0.0676999092102,0.0426457226276,-0.056358769536,-0.0814129561186,0.00469669699669,-0.0203574895859,0.0511193275452,0.0260651409626,0.0580894201994,0.0330352336168
ETTm1,113,218,193–288,0.130476400256,0.242267042398,360,validation,0.143781736493,0.013305336237,0.0198826640844,-0.110593736172,0.15907587111,0.0285994708538,0.169802799821,0.0393263995647,0.158337637782,0.0278612375259
ETTm1,113,219,193–288,0.114865854383,0.114015571773,360,validation,0.11301766336,-0.00184819102287,0.0514034479856,-0.0634624063969,0.125649765134,0.0107839107513,0.13669718802,0.0218313336372,0.146527096629,0.0316612422466
ETTm1,113,220,193–288,0.0626474618912,0.274329841137,360,validation,0.0714506208897,0.00880315899849,-0.0209131836891,-0.0835606455803,0.0822419077158,0.0195944458246,0.10326500237,0.0406175404787,0.0759423822165,0.0132949203253
ETTm1,113,221,193–288,0.0231258124113,0.370518386364,360,validation,0.0307304859161,0.00760467350483,-0.0307281315327,-0.053853943944,-0.0234482437372,-0.0465740561485,0.0677620768547,0.0446362644434,0.0708413720131,0.0477155596018
ETTm1,113,222,193–288,0.0190671831369,0.370518386364,360,validation,0.0618519484997,0.0427847653627,-0.0258387327194,-0.0449059158564,0.0374985486269,0.01843136549,0.0492806434631,0.0302134603262,-0.0273960381746,-0.0464632213116
ETTm1,113,223,193–288,-0.0702750533819,0.787335515022,360,validation,-0.0163096338511,0.0539654195309,-0.11707764864,-0.0468025952578,-0.154714778066,-0.0844397246838,-0.0250212997198,0.0452537536621,-0.0372862517834,0.0329888015985
ETTm1,113,224,193–288,-0.104776956141,0.915586829185,360,validation,-0.12848803401,-0.0237110778689,-0.156278535724,-0.0515015795827,-0.121296241879,-0.0165192857385,-0.0248485058546,0.0799284502864,-0.0946900174022,0.0100869387388
ETTm1,113,225,193–288,-0.14718849957,-0.110424377024,360,validation,-0.18715903163,-0.0399705320597,-0.242100641131,-0.0949121415615,-0.101515948772,0.0456725507975,-0.119553349912,0.0276351496577,-0.0882287546992,0.0589597448707
ETTm1,113,226,193–288,-0.229083836079,-0.334385752678,360,validation,-0.384532690048,-0.15544885397,-0.293737441301,-0.0646536052227,-0.367580652237,-0.138496816158,-0.0444684177637,0.184615418315,-0.0599656626582,0.16911817342
ETTm1,113,227,193–288,-0.200694397092,-0.238197222352,360,validation,-0.204148411751,-0.00345401465893,-0.162375405431,0.0383189916611,-0.241367518902,-0.04067312181,-0.228840187192,-0.0281457901001,-0.165789663792,0.0349047333002
ETTm1,113,228,193–288,-0.211576640606,-0.142487183213,360,validation,-0.268147051334,-0.0565704107285,-0.225815922022,-0.0142392814159,-0.27119576931,-0.0596191287041,-0.180494993925,0.0310816466808,-0.113480716944,0.0980959236622
ETTm1,113,229,193–288,-0.128064647317,0.21020410955,360,validation,-0.149588301778,-0.0215236544609,-0.0685737431049,0.059490904212,-0.205492049456,-0.0774274021387,-0.170114412904,-0.0420497655869,-0.0453264713287,0.0827381759882
ETTm1,113,230,193–288,-0.0747990757227,0.0178270284086,360,validation,-0.0506501719356,0.0241489037871,-0.0489256680012,0.0258734077215,-0.12789849937,-0.0530994236469,-0.0563502982259,0.0184487774968,-0.0890508592129,-0.0142517834902
ETTm1,113,231,193–288,-0.0764448046684,0.530832648277,360,validation,0.0249813497066,0.101426154375,-0.0963360518217,-0.0198912471533,-0.208781450987,-0.132336646318,-0.0290870219469,0.0473577827215,-0.0702172890306,0.00622751563787
ETTm1,113,232,193–288,-0.00919553637505,0.627021193504,360,validation,0.0498899370432,0.0590854734182,-0.0365810096264,-0.0273854732513,-0.0453730374575,-0.0361775010824,0.0422358363867,0.0514313727617,-0.0552899837494,-0.0460944473743
ETTm1,113,233,193–288,0.0300641059875,0.498769849539,360,validation,0.102793738246,0.0727296322584,0.0678224116564,0.0377583056688,0.0794866532087,0.0494225472212,-0.0386426895857,-0.0687067955732,-0.058825314045,-0.0888894200325
ETTm1,113,234,193–288,0.00393304228783,0.306392669678,360,validation,0.0289253741503,0.0249923318624,0.0202475339174,0.0163144916296,4.33623790741e-05,-0.00388967990875,0.0241397917271,0.0202067494392,-0.0531088784337,-0.0570419207215
ETTm1,113,235,193–288,-0.0211977213621,-0.0462986454368,360,validation,0.0427877157927,0.0639854371548,-0.142862632871,-0.121664911509,0.0243310630322,0.0455287843943,-0.031172350049,-0.0099746286869,0.000737309455872,0.021935030818
ETTm1,113,236,193–288,-0.0766456276178,0.370518386364,360,validation,0.0708121955395,0.147457823157,-0.106536984444,-0.0298913568258,-0.145121529698,-0.0684759020805,-0.0815872251987,-0.00494159758091,-0.117098361254,-0.0404527336359
ETTm1,113,237,193–288,-0.115835756063,0.562895476818,360,validation,0.0214416086674,0.137277364731,-0.130917042494,-0.0150812864304,-0.163628950715,-0.0477931946516,-0.140852153301,-0.0250163972378,-0.161580964923,-0.0457452088594
ETTm1,113,238,193–288,-0.228638499975,-0.334385752678,360,validation,-0.243164882064,-0.0145263820887,-0.341848552227,-0.113210052252,-0.20093536377,0.0277031362057,-0.183989703655,0.04464879632,-0.175516560674,0.0531219393015
ETTm1,113,239,193–288,-0.330110669136,-0.366448640823,360,validation,-0.300263166428,0.0298475027084,-0.311393141747,0.0187175273895,-0.370431274176,-0.0403206050396,-0.340566456318,-0.0104557871819,-0.32653605938,0.00357460975647
ETTm1,113,240,193–288,-0.362006753683,-0.238197222352,360,validation,-0.345258414745,0.0167483389378,-0.4220520854,-0.0600453317165,-0.405762314796,-0.0437555611134,-0.322822988033,0.0391837656498,-0.314385831356,0.047620922327
ETTm1,113,241,193–288,-0.376394420862,-0.302322953939,360,validation,-0.464397013187,-0.0880025923252,-0.426993668079,-0.0505992472172,-0.398332238197,-0.0219378173351,-0.318959414959,0.0574350059032,-0.276180922985,0.100213497877
ETTm1,113,242,193–288,-0.396854043007,-0.238197222352,360,validation,-0.29682725668,0.100026786327,-0.441563725471,-0.0447096824646,-0.446690917015,-0.0498368740082,-0.408799648285,-0.011945605278,-0.388004481792,0.00884956121445
ETTm1,113,243,193–288,-0.449888646603,-0.238197222352,360,validation,-0.431896746159,0.017991900444,-0.47368490696,-0.0237962603569,-0.506584763527,-0.0566961169243,-0.44507676363,0.00481188297272,-0.391530990601,0.058357656002
ETTm1,113,244,193–288,-0.473562479019,-0.302322953939,360,validation,-0.504247784615,-0.0306853055954,-0.513209164143,-0.0396466851234,-0.419739544392,0.0538229346275,-0.482697665691,-0.00913518667221,-0.449445724487,0.0241167545319
ETTm1,113,245,193–288,-0.486419856548,-0.366448640823,360,validation,-0.394482135773,0.0919377207756,-0.531970739365,-0.0455508828163,-0.544700741768,-0.0582808852196,-0.464313626289,0.0221062302589,-0.494710683823,-0.00829082727432
ETTm1,113,246,193–288,-0.522363245487,-0.398511499166,360,validation,-0.531956076622,-0.0095928311348,-0.555913805962,-0.0335505604744,-0.475862205029,0.0465010404587,-0.512483477592,0.00987976789474,-0.536735236645,-0.0143719911575
ETTm1,113,247,193–288,-0.646892845631,-0.366448640823,360,validation,-0.716697514057,-0.0698046684265,-0.66484695673,-0.0179541110992,-0.572057783604,0.074835062027,-0.607969582081,0.0389232635498,-0.675808191299,-0.0289153456688
ETTm1,113,248,193–288,-0.658952236176,-0.46263718605,360,validation,-0.664827764034,-0.00587552785873,-0.688202500343,-0.0292502641678,-0.643674850464,0.0152773857117,-0.631020665169,0.0279315710068,-0.667921304703,-0.00896906852722
ETTm1,113,249,193–288,-0.771280765533,-0.558825731277,360,validation,-0.826043963432,-0.0547631978989,-0.758607566357,0.0126731991768,-0.75669670105,0.0145840644836,-0.75744831562,0.013832449913,-0.758982300758,0.0122984647751
ETTm1,113,250,193–288,-0.876182854176,-0.68707716465,360,validation,-0.95308381319,-0.0769009590149,-0.956440925598,-0.0802580714226,-0.900632500648,-0.0244496464729,-0.759186863899,0.116995990276,-0.815046012402,0.061136841774
ETTm1,113,251,193–288,-0.889617681503,-0.783265709877,360,validation,-0.957821846008,-0.068204164505,-0.91342484951,-0.0238071680069,-0.865000009537,0.0246176719666,-0.856004834175,0.0336128473282,-0.858173072338,0.0314446091652
ETTm1,113,252,193–288,-0.949238419533,-0.847391426563,360,validation,-0.972473561764,-0.023235142231,-0.940566539764,0.00867187976837,-0.963224887848,-0.0139864683151,-0.95326179266,-0.00402337312698,-0.916879057884,0.0323593616486
ETTm1,113,253,193–288,-0.928896069527,-0.879454255104,360,validation,-0.896707117558,0.0321889519691,-0.978456258774,-0.0495601892471,-0.937033474445,-0.00813740491867,-0.903387367725,0.0255087018013,-0.928867697716,2.83718109131e-05
ETTm1,113,254,193–288,-0.925975680351,-0.975642800331,360,validation,-0.947719454765,-0.0217437744141,-0.928424239159,-0.00244855880737,-0.977667033672,-0.0516913533211,-0.889797091484,0.0361785888672,-0.886582970619,0.0393927097321
ETTm1,113,255,193–288,-0.984765708447,-0.751202821732,360,validation,-1.03234553337,-0.0475798249245,-1.06992185116,-0.0851561427116,-1.01176524162,-0.0269995331764,-0.902678132057,0.0820875763893,-0.90951114893,0.0752545595169
ETTm1,113,256,193–288,-0.921517193317,-0.719139993191,360,validation,-0.821627557278,0.0998896360397,-0.96513825655,-0.0436210632324,-1.03712546825,-0.115608274937,-0.923985362053,-0.0024681687355,-0.856638729572,0.0648784637451
ETTm1,113,257,193–288,-0.905954420567,-0.68707716465,360,validation,-0.95363420248,-0.0476797819138,-1.01876068115,-0.112806260586,-0.728192865849,0.177761554718,-0.921922028065,-0.0159676074982,-0.911105930805,-0.00515151023865
ETTm1,113,258,193–288,-0.874067008495,-0.68707716465,360,validation,-0.890023648739,-0.0159566402435,-0.906489431858,-0.0324224233627,-0.862178862095,0.0118881464005,-0.878225028515,-0.00415802001953,-0.834107756615,0.0399592518806
ETTm1,113,259,193–288,-0.868562817574,-0.68707716465,360,validation,-0.838703334332,0.029859483242,-0.936427772045,-0.0678649544716,-0.851852416992,0.0167104005814,-0.836713254452,0.0318495631218,-0.879646122456,-0.011083304882
ETTm1,113,260,193–288,-0.905274987221,-0.911517083645,360,validation,-0.978665888309,-0.0733909010887,-0.920879006386,-0.015604019165,-0.873123645782,0.0321513414383,-0.892498016357,0.0127769708633,-0.863359689713,0.0419152975082
ETTm1,113,261,193–288,-0.868602633476,-0.526762902737,360,validation,-0.972575247288,-0.103972613811,-0.860595881939,0.00800675153732,-0.874272584915,-0.0056699514389,-0.839213490486,0.0293891429901,-0.798661410809,0.0699412226677
ETTm1,113,262,193–288,-0.827078580856,0.114015571773,360,validation,-0.894915282726,-0.06783670187,-0.92596834898,-0.0988897681236,-0.821330666542,0.00574791431427,-0.763369619846,0.06370896101,-0.732759237289,0.0943193435669
ETTm1,113,263,193–288,-0.765479505062,0.178141310811,360,validation,-0.77997136116,-0.0144918560982,-0.8556188941,-0.0901393890381,-0.785268545151,-0.0197890400887,-0.737172424793,0.0283070802689,-0.670422494411,0.0950570106506
ETTm1,113,264,193–288,-0.722964704037,0.114015571773,360,validation,-0.733922898769,-0.0109581947327,-0.762533962727,-0.0395692586899,-0.651531338692,0.071433365345,-0.755385398865,-0.032420694828,-0.712464630604,0.0105000734329
ETTm1,113,265,193–288,-0.637000799179,-0.0142357805744,360,validation,-0.661349952221,-0.0243491530418,-0.682209908962,-0.0452091097832,-0.645078778267,-0.00807797908783,-0.616563975811,0.0204368233681,-0.580741763115,0.0562590360641
ETTm1,113,266,193–288,-0.576559305191,-0.334385752678,360,validation,-0.604628741741,-0.0280694365501,-0.685509383678,-0.108950078487,-0.534524559975,0.0420347452164,-0.576500177383,5.91278076172e-05,-0.483473002911,0.0930863022804
ETTm1,113,267,193–288,-0.511626064777,-0.0783615112305,360,validation,-0.522854924202,-0.0112288594246,-0.585504293442,-0.0738782286644,-0.549388051033,-0.0377619862556,-0.468184828758,0.0434412360191,-0.432950615883,0.0786754488945
ETTm1,113,268,193–288,-0.392028808594,0.0178270284086,360,validation,-0.377380073071,0.0146487355232,-0.417724311352,-0.025695502758,-0.39011067152,0.00191813707352,-0.391164243221,0.000864565372467,-0.383693277836,0.0083355307579
ETTm1,113,269,193–288,-0.231672793627,-0.0462986454368,360,validation,-0.0992066040635,0.132466189563,-0.288678348064,-0.0570055544376,-0.231568560004,0.000104233622551,-0.278983652592,-0.0473108589649,-0.257230579853,-0.0255577862263
ETTm1,113,270,193–288,-0.231588795781,0.242267042398,360,validation,-0.2269077003,0.00468109548092,-0.278899043798,-0.0473102480173,-0.248327732086,-0.016738936305,-0.206585213542,0.0250035822392,-0.197513967752,0.0340748280287
ETTm1,113,271,193–288,-0.180965051055,0.146078497171,360,validation,-0.152905076742,0.0280599743128,-0.225084871054,-0.0441198199987,-0.213081896305,-0.0321168452501,-0.127845495939,0.0531195551157,-0.185887917876,-0.00492286682129
ETTm1,113,272,193–288,-0.0610965937376,-0.174550056458,360,validation,-0.0781334489584,-0.0170368552208,-0.0740942880511,-0.0129976943135,-0.076640047133,-0.0155434533954,-0.0270183831453,0.0340782105923,-0.050193913281,0.0109026804566
ETTm1,113,273,193–288,-0.0319148302078,0.0178270284086,360,validation,-0.0390517264605,-0.00713689625263,-0.148102343082,-0.116187512875,0.0602323561907,0.0921471863985,-0.00745187699795,0.0244629532099,-0.0275713503361,0.00434347987175
ETTm1,113,274,193–288,-0.0257740169764,-0.110424377024,360,validation,-0.1128455773,-0.0870715603232,-0.0199969857931,0.00577703118324,0.0481108129025,0.0738848298788,0.00909380614758,0.0348678231239,-0.0562307760119,-0.0304567590356
ETTm1,113,275,193–288,0.0266766697168,-0.0462986454368,360,validation,0.155359491706,0.128682821989,-0.0814170390368,-0.108093708754,-0.000622615218163,-0.027299284935,0.0243619531393,-0.00231471657753,0.0378153771162,0.0111387073994
ETTm1,113,276,193–288,-0.0535111427307,-0.0783615112305,360,validation,-0.137907624245,-0.084396481514,-0.0555233135819,-0.00201217085123,-0.0502386465669,0.00327249616385,0.0129702985287,0.0664814412594,-0.0392168462276,0.0142942965031
ETTm1,113,277,193–288,-0.0365703254938,-0.0462986454368,360,validation,-0.113499321043,-0.0769289955497,-0.0107153058052,0.0258550196886,-0.0464837029576,-0.00991337746382,-0.0153896063566,0.0211807191372,0.00192674994469,0.0384970754385
ETTm1,113,278,193–288,0.00766830146313,-0.270260095596,360,validation,-0.0918262153864,-0.0994945168495,0.0361934602261,0.0285251587629,0.0329741537571,0.025305852294,0.029389962554,0.0217216610909,0.0294173359871,0.021749034524
ETTm1,113,279,193–288,-0.0435859709978,0.0178270284086,360,validation,-0.135273396969,-0.091687425971,-0.0147801339626,0.0288058370352,-0.0555378496647,-0.0119518786669,-0.00388838350773,0.0396975874901,-0.0101760774851,0.0334098935127
ETTm1,113,280,193–288,-0.0504818931222,0.178141310811,360,validation,-0.11422149837,-0.063739605248,-0.0875302478671,-0.0370483547449,-0.0549413785338,-0.00445948541164,0.00835247337818,0.0588343665004,-0.00594191253185,0.0445399805903
ETTm1,113,281,193–288,-0.0354408472776,-0.174550056458,360,validation,0.0892158895731,0.124656736851,-0.207292422652,-0.171851575375,-0.0386405587196,-0.00319971144199,0.0182638168335,0.0537046641111,-0.0380325764418,-0.00259172916412
ETTm1,113,282,193–288,0.0111744403839,-0.0462986454368,360,validation,-0.0457110330462,-0.0568854734302,-0.115006625652,-0.126181066036,0.0683895796537,0.0572151392698,0.0604731738567,0.0492987334728,0.0848847180605,0.0737102776766
ETTm1,113,283,193–288,0.0183442234993,0.146078497171,360,validation,0.0975896269083,0.079245403409,-0.0652554929256,-0.0835997164249,0.00815178453922,-0.0101924389601,0.0435757189989,0.0252314954996,0.00845357775688,-0.00989064574242
ETTm1,113,284,193–288,0.0299632102251,-0.238197222352,360,validation,0.0757275521755,0.0457643419504,-0.0410223901272,-0.0709856003523,-0.02603726089,-0.0560004711151,0.113460436463,0.0834972262383,0.027964875102,-0.00199833512306
ETTm1,113,285,193–288,0.0176386237144,0.0498898401856,360,validation,0.00958266854286,-0.00805595517159,-0.112546369433,-0.130184993148,0.0610438883305,0.043405264616,0.0879248231649,0.0702861994505,0.0401118099689,0.0224731862545
ETTm1,113,286,193–288,-0.0271971523762,0.21020410955,360,validation,-0.000493511557579,0.0267036408186,-0.0529558509588,-0.0257586985826,-0.00566317141056,0.0215339809656,-0.0381655097008,-0.0109683573246,-0.0385778397322,-0.011380687356
ETTm1,113,287,193–288,-0.0714984163642,-0.174550056458,360,validation,-0.0339810103178,0.0375174060464,-0.129877895117,-0.0583794787526,-0.0695868805051,0.00191153585911,-0.0647415146232,0.00675690174103,-0.0590011700988,0.0124972462654
ETTm1,113,288,193–288,-0.0735809206963,0.0178270284086,360,validation,0.0382908433676,0.111871764064,-0.214419394732,-0.140838474035,-0.0606429949403,0.012937925756,-0.104153603315,-0.0305726826191,-0.0254398882389,0.0481410324574
ETTm1,113,289,289–336,-0.101355798542,-0.238197222352,144,validation,0.0198261588812,0.121181957424,-0.114031948149,-0.0126761496067,-0.145827561617,-0.0444717630744,-0.117830485106,-0.016474686563,-0.146298348904,-0.0449425503612
ETTm1,113,290,289–336,-0.0767858400941,0.0178270284086,144,validation,-0.011805459857,0.0649803802371,-0.124198064208,-0.0474122241139,-0.153657585382,-0.0768717452884,-0.0779246836901,-0.00113884359598,-0.0141972303391,0.062588609755
ETTm1,113,291,289–336,-0.0450932681561,-0.0783615112305,144,validation,0.0549728423357,0.100066110492,-0.125319287181,-0.0802260190248,-0.0925605297089,-0.0474672615528,-0.0225791633129,0.0225141048431,-0.038215637207,0.00687763094902
ETTm1,113,292,289–336,-0.0540675371885,-0.238197222352,144,validation,-0.0579951032996,-0.00392756611109,-0.041386410594,0.0126811265945,-0.0840867385268,-0.0300192013383,-0.0426845401525,0.011382997036,-0.0438644140959,0.0102031230927
ETTm1,113,293,289–336,-0.0726669803262,-0.0142357805744,144,validation,-0.0347519665956,0.0379150137305,-0.152417883277,-0.0797509029508,-0.0931235402822,-0.0204565599561,-0.0183893740177,0.0542776063085,-0.0645722225308,0.00809475779533
ETTm1,113,294,289–336,-0.0485741198063,-0.174550056458,144,validation,0.0230773538351,0.0716514736414,-0.132728978992,-0.0841548591852,-0.0514943748713,-0.00292025506496,-0.0439159423113,0.004658177495,-0.0369294881821,0.0116446316242
ETTm1,113,295,289–336,-0.0410797744989,0.0498898401856,144,validation,-0.0104786157608,0.0306011587381,-0.0300310403109,0.0110487341881,-0.00761161744595,0.033468157053,-0.0337314009666,0.0073483735323,-0.123888075352,-0.0828083008528
ETTm1,113,296,289–336,-0.10145945847,0.178141310811,144,validation,-0.155319526792,-0.0538600683212,-0.21681933105,-0.11535987258,-0.103698395193,-0.00223893672228,-0.0172696709633,0.0841897875071,-0.0158458799124,0.085613578558
ETTm1,113,297,289–336,-0.00659020245075,0.0178270284086,144,validation,0.0767964273691,0.0833866298199,-0.101898252964,-0.0953080505133,-0.00337348878384,0.00321671366692,-0.0176836550236,-0.0110934525728,0.0143506228924,0.0209408253431
ETTm1,113,298,289–336,-0.00409162044525,-0.142487183213,144,validation,-0.0101334154606,-0.00604179501534,-0.112365566194,-0.108273945749,0.0900091379881,0.0941007584333,-0.0369520634413,-0.032860442996,0.0477905571461,0.0518821775913
ETTm1,113,299,289–336,0.0831940323114,-0.0462986454368,144,validation,0.117280885577,0.0340868532658,0.0237183570862,-0.0594756752253,0.101472392678,0.0182783603668,0.0586321055889,-0.0245619267225,0.115334793925,0.0321407616138
ETTm1,113,300,289–336,0.127357110381,-0.110424377024,144,validation,0.217549309134,0.0901921987534,0.0793099552393,-0.0480471551418,0.153574630618,0.026217520237,0.0713028758764,-0.0560542345047,0.116366669536,-0.0109904408455
ETTm1,113,301,289–336,0.16790689528,-0.0142357805744,144,validation,0.248881265521,0.0809743702412,0.119914606214,-0.0479922890663,0.0860979110003,-0.0818089842796,0.180105045438,0.0121981501579,0.206848576665,0.038941681385
ETTm1,113,302,289–336,0.151280984282,-0.206134349108,144,validation,0.237675115466,0.0863941311836,0.159451678395,0.00817069411278,0.158689752221,0.00740876793861,0.0701330304146,-0.0811479538679,0.132260754704,-0.019020229578
ETTm1,113,303,289–336,0.167013123631,-0.0462986454368,144,validation,0.169176891446,0.00216376781464,0.13794015348,-0.0290729701519,0.321125745773,0.154112622142,0.123202607036,-0.0438105165958,0.0813469439745,-0.085666179657
ETTm1,113,304,289–336,0.191358968616,0.081952765584,144,validation,0.249960526824,0.0586015582085,0.103514179587,-0.0878447890282,0.282919943333,0.0915609747171,0.14748133719,-0.0438776314259,0.172562673688,-0.0187962949276
ETTm1,113,305,289–336,0.13744713366,-0.238197222352,144,validation,0.20202319324,0.0645760595798,0.0431984812021,-0.0942486524582,0.127494439483,-0.00995269417763,0.165649965405,0.0282028317451,0.149579361081,0.0121322274208
ETTm1,113,306,289–336,0.141263201833,0.0498898401856,144,validation,0.182633236051,0.0413700342178,0.0359180867672,-0.105345115066,0.226683810353,0.0854206085205,0.130012646317,-0.0112505555153,0.130289062858,-0.0109741389751
ETTm1,113,307,289–336,0.122742131352,0.402581304312,144,validation,0.129958853126,0.00721672177315,0.108608707786,-0.0141334235668,0.114639982581,-0.00810214877129,0.158360943198,0.0356188118458,0.101920947433,-0.0208211839199
ETTm1,113,308,289–336,0.0562247484922,0.402581304312,144,validation,0.107869908214,0.0516451597214,0.0283862054348,-0.0278385430574,0.0212857276201,-0.0349390208721,0.0844563394785,0.0282315909863,0.0399615764618,-0.0162631720304
ETTm1,113,309,289–336,0.0636733323336,-0.110424377024,144,validation,0.0971758216619,0.0335024893284,0.0141655504704,-0.0495077818632,0.0683696717024,0.00469633936882,0.0852356702089,0.0215623378754,0.0535117089748,-0.0101616233587
ETTm1,113,310,289–336,0.0324596911669,-0.174550056458,144,validation,0.0951821058989,0.062722414732,0.0345485657454,0.00208887457848,0.0556132793427,0.0231535881758,-0.0100111961365,-0.0424708873034,-0.0124971866608,-0.0449568778276
ETTm1,113,311,289–336,0.0247139632702,0.0178270284086,144,validation,0.214830383658,0.190116420388,-0.0574394986033,-0.0821534618735,-0.0757725685835,-0.100486531854,0.0180159509182,-0.00669801235199,0.0278523415327,0.00313837826252
ETTm1,113,312,289–336,0.0365201979876,-0.110424377024,144,validation,0.111186757684,0.0746665596962,-0.052810549736,-0.0893307477236,-0.00854840874672,-0.0450686067343,0.0617769658566,0.025256767869,0.0726033747196,0.0360831767321
ETTm1,113,313,289–336,0.0873516052961,0.0498898401856,144,validation,0.144277140498,0.056925535202,0.0424185842276,-0.0449330210686,-0.0293391495943,-0.11669075489,0.155533984303,0.0681823790073,0.126015469432,0.0386638641357
ETTm1,113,314,289–336,0.13601218164,0.530832648277,144,validation,0.312243163586,0.176230981946,0.118714734912,-0.0172974467278,0.0545806139708,-0.0814315676689,0.103724882007,-0.032287299633,0.094078913331,-0.0419332683086
ETTm1,113,315,289–336,0.13046066463,0.0498898401856,144,validation,0.199638620019,0.069177955389,0.126795038581,-0.00366562604904,0.0746975839138,-0.0557630807161,0.124478593469,-0.00598207116127,0.128366217017,-0.00209444761276
ETTm1,113,316,289–336,0.117439076304,0.402581304312,144,validation,0.15530218184,0.0378631055355,0.114808514714,-0.00263056159019,0.0532175004482,-0.0642215758562,0.157495573163,0.0400564968586,0.107403948903,-0.0100351274014
ETTm1,113,317,289–336,0.0775830447674,-0.0783615112305,144,validation,0.120013192296,0.0424301475286,-0.0299069136381,-0.107489958405,0.135028228164,0.0574451833963,0.100035205483,0.0224521607161,0.0621863603592,-0.0153966844082
ETTm1,113,318,289–336,0.0475547760725,0.146078497171,144,validation,0.151191785932,0.103637009859,0.0053509324789,-0.0422038435936,-0.0433285832405,-0.090883359313,0.076952368021,0.0293975919485,0.0499725490808,0.00241777300835
ETTm1,113,319,289–336,0.0118561983109,0.178141310811,144,validation,0.128434821963,0.116578623652,-0.0632510483265,-0.0751072466373,0.0730702728033,0.0612140744925,-0.0509710460901,-0.062827244401,-0.027429163456,-0.0392853617668
ETTm1,113,320,289–336,-0.037641197443,0.178141310811,144,validation,0.0449011772871,0.0825423747301,-0.0798708796501,-0.0422296822071,-0.100892797112,-0.0632515996695,0.0131855607033,0.0508267581463,-0.0641839504242,-0.0265427529812
ETTm1,113,321,289–336,-0.148334220052,-0.0783615112305,144,validation,-0.195164635777,-0.0468304157257,-0.19866348803,-0.0503292679787,-0.109074354172,0.03925986588,-0.108008094132,0.0403261259198,-0.131888017058,0.0164462029934
ETTm1,113,322,289–336,-0.122542008758,0.274329841137,144,validation,-0.0151258558035,0.107416152954,-0.180734738708,-0.05819272995,-0.069271273911,0.0532707348466,-0.200345993042,-0.0778039842844,-0.146533742547,-0.0239917337894
ETTm1,113,323,289–336,-0.147631421685,0.434644132853,144,validation,-0.0823980569839,0.0652333647013,-0.211920678616,-0.0642892569304,-0.133414685726,0.0142167359591,-0.204950854182,-0.057319432497,-0.104191176593,0.0434402450919
ETTm1,113,324,289–336,-0.147941857576,-0.0783615112305,144,validation,-0.128783553839,0.0191583037376,-0.146879598498,0.00106225907803,-0.197849556804,-0.0499076992273,-0.146306246519,0.00163561105728,-0.118713721633,0.0292281359434
ETTm1,113,325,289–336,-0.0909601822495,0.0178270284086,144,validation,0.0131864696741,0.104146651924,-0.155263751745,-0.0643035694957,-0.0296440571547,0.0613161250949,-0.166953638196,-0.0759934559464,-0.115675285459,-0.024715103209
ETTm1,113,326,289–336,-0.0134524554014,0.915586829185,144,validation,-0.0333052426577,-0.0198527872562,0.0390651375055,0.052517592907,0.194600716233,0.208053171635,-0.170656368136,-0.157203912735,-0.100322172046,-0.0868697166443
ETTm1,113,327,289–336,-0.00484561920166,-0.270260095596,144,validation,0.0280039608479,0.0328495800495,-0.00112515687943,0.00372046232224,0.00736109912395,0.0122067183256,-0.0157382190228,-0.0108925998211,-0.0429120659828,-0.0380664467812
ETTm1,113,328,289–336,0.0626595169306,0.081952765584,144,validation,0.231424316764,0.168764799833,0.120351091027,0.0576915740967,-0.00496226549149,-0.0676217824221,-0.0319153219461,-0.0945748388767,0.00067164003849,-0.0619878768921
ETTm1,113,329,289–336,0.0240804851055,-0.0783615112305,144,validation,0.117489799857,0.0934093147516,-0.0381095260382,-0.0621900111437,0.000612452626228,-0.0234680324793,0.0368709266186,0.0127904415131,0.00465422868729,-0.0194262564182
ETTm1,113,330,289–336,0.0387383699417,0.274329841137,144,validation,0.155847504735,0.117109134793,0.0244761556387,-0.014262214303,0.0638092756271,0.0250709056854,0.00483794510365,-0.0339004248381,-0.0553668141365,-0.0941051840782
ETTm1,113,331,289–336,0.0219001173973,0.338455587626,144,validation,0.102580800653,0.0806806832552,0.00172221660614,-0.0201779007912,0.00780142843723,-0.0140986889601,0.00759935379028,-0.014300763607,-0.00949686765671,-0.031396985054
ETTm1,113,332,289–336,-0.0102298110723,0.242267042398,144,validation,0.165673002601,0.175902813673,-0.130939692259,-0.120709881186,0.0365952253342,0.0468250364065,-0.0365933477879,-0.0263635367155,-0.0853683501482,-0.0751385390759
ETTm1,113,333,289–336,-0.0886333212256,0.081952765584,144,validation,-0.00597251951694,0.0826608017087,-0.100173942745,-0.0115406215191,-0.0920578166842,-0.0034244954586,-0.0780821591616,0.0105511620641,-0.166991755366,-0.0783584341407
ETTm1,113,334,289–336,-0.210111960769,-0.174550056458,144,validation,-0.14179302752,0.0683189332485,-0.231155633926,-0.0210436731577,-0.206085518003,0.00402644276619,-0.202485561371,0.00762639939785,-0.269148558378,-0.0590365976095
ETTm1,113,335,289–336,-0.264582276344,-0.622951447964,144,validation,-0.222013220191,0.0425690561533,-0.25618031621,0.00840196013451,-0.317194283009,-0.0526120066643,-0.258952230215,0.00563004612923,-0.267553091049,-0.0029708147049
ETTm1,113,336,289–336,-0.260961592197,-0.366448640823,144,validation,-0.269715577364,-0.00875398516655,-0.259982049465,0.000979542732239,-0.223765969276,0.037195622921,-0.244443267584,0.0165183246136,-0.308107376099,-0.0471457839012
ETTm1,113,337,337–512,-0.310107469559,-0.430574297905,48,validation,-0.274341702461,0.0357657670975,-0.311810553074,-0.00170308351517,-0.326531767845,-0.0164242982864,-0.316132247448,-0.00602477788925,-0.321322023869,-0.0112145543098
ETTm1,113,338,337–512,-0.391919136047,-0.526762902737,48,validation,-0.527723312378,-0.135804176331,-0.343081474304,0.0488376617432,-0.310795247555,0.0811238884926,-0.380723297596,0.0111958384514,-0.399771034718,-0.0078518986702
ETTm1,113,339,337–512,-0.459824740887,-0.622951447964,48,validation,-0.525749087334,-0.065924346447,-0.46982216835,-0.00999742746353,-0.461588323116,-0.00176358222961,-0.426317870617,0.0335068702698,-0.415584236383,0.0442405045033
ETTm1,113,340,337–512,-0.432665288448,-0.526762902737,48,validation,-0.400709748268,0.0319555401802,-0.39123904705,0.0414262413979,-0.452426016331,-0.0197607278824,-0.43662250042,-0.00395721197128,-0.482630491257,-0.0499652028084
ETTm1,113,341,337–512,-0.475684285164,-0.526762902737,48,validation,-0.477715015411,-0.0020307302475,-0.386141002178,0.0895432829857,-0.435170769691,0.0405135154724,-0.530043780804,-0.0543594956398,-0.551229655743,-0.0755453705788
ETTm1,113,342,337–512,-0.520792007446,-0.622951447964,48,validation,-0.37231785059,0.148474156857,-0.513398349285,0.00739365816116,-0.589000046253,-0.0682080388069,-0.510847210884,0.00994479656219,-0.617765247822,-0.0969732403755
ETTm1,113,343,337–512,-0.598476409912,-0.622951447964,48,validation,-0.712357342243,-0.113880932331,-0.535071849823,0.0634045600891,-0.600329637527,-0.00185322761536,-0.53567224741,0.0628041625023,-0.610213637352,-0.0117372274399
ETTm1,113,344,337–512,-0.657883524895,-0.655014276505,48,validation,-0.641801357269,0.0160821676254,-0.716338992119,-0.0584554672241,-0.691212117672,-0.0333285927773,-0.614922046661,0.0429614782333,-0.623857617378,0.0340259075165
ETTm1,113,345,337–512,-0.702391564846,-0.655014276505,48,validation,-0.718269944191,-0.0158783793449,-0.761227607727,-0.058836042881,-0.72022908926,-0.0178375244141,-0.616241037846,0.0861505270004,-0.695501506329,0.00689005851746
ETTm1,113,346,337–512,-0.804035961628,-0.655014276505,48,validation,-0.792753756046,0.0112822055817,-0.910202562809,-0.106166601181,-0.782021820545,0.0220141410828,-0.758030354977,0.0460056066513,-0.776474058628,0.0275619029999
ETTm1,113,347,337–512,-0.840402245522,-0.783265709877,48,validation,-0.849988341331,-0.00958609580994,-0.820654571056,0.0197476744652,-0.868188500404,-0.0277862548828,-0.815059602261,0.025342643261,-0.848015666008,-0.00761342048645
ETTm1,113,348,337–512,-0.849791884422,-0.847391426563,48,validation,-0.839927613735,0.0098642706871,-0.868712127209,-0.0189202427864,-0.79925185442,0.0505400300026,-0.864706516266,-0.0149146318436,-0.877299726009,-0.0275078415871
ETTm1,113,349,337–512,-0.906794428825,-0.815328538418,48,validation,-0.85528665781,0.0515077710152,-0.910686314106,-0.00389188528061,-0.958648145199,-0.0518537163734,-0.903599739075,0.00319468975067,-0.904709279537,0.00208514928818
ETTm1,113,350,337–512,-0.907393574715,-0.975642800331,48,validation,-0.941079616547,-0.033686041832,-0.820670366287,0.0867232084274,-0.916996538639,-0.00960296392441,-0.891811668873,0.0155819058418,-0.967880725861,-0.0604871511459
ETTm1,113,351,337–512,-0.893664062023,-0.719139993191,48,validation,-0.877241969109,0.0164220929146,-0.858667016029,0.0349970459938,-0.951294064522,-0.0576300024986,-0.893158257008,0.000505805015564,-0.887207210064,0.00645685195923
ETTm1,113,352,337–512,-0.941717267036,-0.751202821732,48,validation,-0.99767690897,-0.0559596419334,-0.934780776501,0.00693649053574,-0.959112465382,-0.0173951983452,-0.895505189896,0.0462120771408,-0.921217024326,0.0205002427101
ETTm1,113,353,337–512,-0.903364598751,-0.719139993191,48,validation,-0.969985246658,-0.0666206479073,-0.908192932606,-0.00482833385468,-0.815090417862,0.0882741808891,-0.893160820007,0.0102037787437,-0.93230587244,-0.0289412736893
ETTm1,113,354,337–512,-0.892204403877,-0.622951447964,48,validation,-0.95197981596,-0.0597754120827,-0.932665944099,-0.0404615402222,-0.947953462601,-0.0557490587234,-0.788650274277,0.103554129601,-0.837983250618,0.0542211532593
ETTm1,113,355,337–512,-0.897523522377,-0.655014276505,48,validation,-1.00265359879,-0.105130076408,-1.0173227787,-0.119799256325,-0.959994494915,-0.062470972538,-0.777523458004,0.120000064373,-0.72588378191,0.171639740467
ETTm1,113,356,337–512,-0.815425217152,-0.751202821732,48,validation,-0.89258223772,-0.0771570205688,-0.870224893093,-0.0547996759415,-0.787269592285,0.0281556248665,-0.742821335793,0.0726038813591,-0.783856809139,0.0315684080124
ETTm1,113,357,337–512,-0.879132986069,-0.622951447964,48,validation,-0.959444105625,-0.0803111195564,-0.814817905426,0.0643150806427,-0.939223885536,-0.0600908994675,-0.852713465691,0.0264195203781,-0.828506350517,0.0506266355515
ETTm1,113,358,337–512,-0.813798606396,-0.526762902737,48,validation,-0.768002033234,0.0457965731621,-0.874168694019,-0.0603700876236,-0.93917298317,-0.125374376774,-0.742218852043,0.0715797543526,-0.741760134697,0.0720384716988
ETTm1,113,359,337–512,-0.773417532444,-0.751202821732,48,validation,-0.835815966129,-0.0623984336853,-0.705714285374,0.0677032470703,-0.819466352463,-0.0460488200188,-0.744924366474,0.0284931659698,-0.760973215103,0.0124443173409
ETTm1,113,360,337–512,-0.736818432808,-0.719139993191,48,validation,-0.762833476067,-0.0260150432587,-0.649302363396,0.0875160694122,-0.846189975739,-0.109371542931,-0.742296099663,-0.00547766685486,-0.681824326515,0.0549941062927
ETTm1,113,361,337–512,-0.679258167744,-0.526762902737,48,validation,-0.616741299629,0.0625168681145,-0.656076550484,0.02318161726,-0.7725481987,-0.0932900309563,-0.699279248714,-0.0200210809708,-0.649966478348,0.0292916893959
ETTm1,113,362,337–512,-0.611124753952,-0.46263718605,48,validation,-0.580474853516,0.0306499004364,-0.587328314781,0.0237964391708,-0.785853683949,-0.174728929996,-0.537871181965,0.0732535719872,-0.560762763023,0.0503619909286
ETTm1,113,363,337–512,-0.550836026669,-0.398511499166,48,validation,-0.589647352695,-0.0388113260269,-0.469314575195,0.0815214514732,-0.689575374126,-0.138739347458,-0.531502783298,0.0193332433701,-0.47156894207,0.0792670845985
ETTm1,113,364,337–512,-0.420143306255,-0.398511499166,48,validation,-0.418480724096,0.00166258215904,-0.374506950378,0.0456363558769,-0.546997845173,-0.126854538918,-0.380479991436,0.0396633148193,-0.378046929836,0.0420963764191
ETTm1,113,365,337–512,-0.349201053381,-0.46263718605,48,validation,-0.382850170135,-0.0336491167545,-0.255665570498,0.0935354828835,-0.401108384132,-0.0519073307514,-0.374449074268,-0.0252480208874,-0.331896781921,0.0173042714596
ETTm1,113,366,337–512,-0.214832246304,-0.398511499166,48,validation,-0.190235212445,0.0245970338583,-0.187641590834,0.0271906554699,-0.253584116697,-0.0387518703938,-0.274327665567,-0.0594954192638,-0.167425438762,0.0474068075418
ETTm1,113,367,337–512,-0.165154993534,-0.238197222352,48,validation,-0.235836789012,-0.0706817954779,-0.175107166171,-0.00995217263699,-0.129823297262,0.0353316962719,-0.121368229389,0.0437867641449,-0.163887649775,0.00126734375954
ETTm1,113,368,337–512,-0.134169995785,-0.526762902737,48,validation,-0.177358329296,-0.0431883335114,-0.104050278664,0.0301197171211,-0.147271767259,-0.0131017714739,-0.182356357574,-0.0481863617897,-0.0587403327227,0.0754296630621
ETTm1,113,369,337–512,-0.078151024878,-0.0142357805744,48,validation,-0.139732435346,-0.0615814104676,-0.176650211215,-0.098499186337,0.035866484046,0.114017508924,-0.0738127753139,0.00433824956417,-0.0362009555101,0.0419500693679
ETTm1,113,370,337–512,-0.0656257122755,-0.110424377024,48,validation,-0.145577684045,-0.0799519717693,-0.0777806639671,-0.0121549516916,0.0233154445887,0.0889411568642,-0.0273024737835,0.038323238492,-0.102392584085,-0.03676687181
ETTm1,113,371,337–512,-0.0539404600859,-0.430574297905,48,validation,-0.106345042586,-0.0524045825005,-0.0955000519753,-0.0415595918894,-0.0935407280922,-0.0396002680063,-0.029563575983,0.0243768841028,0.0584941804409,0.112434640527
ETTm1,113,372,337–512,-0.0163402855396,-0.0142357805744,48,validation,-0.0557391494513,-0.0393988639116,-0.121042773128,-0.104702487588,-0.0182066857815,-0.00186640024185,0.0434403717518,0.0597806572914,0.0730128586292,0.0893531441689
ETTm1,113,373,337–512,-0.045096963644,-0.398511499166,48,validation,-0.06307836622,-0.017981402576,-0.102871619165,-0.0577746555209,-0.0471988469362,-0.0021018832922,-0.0111505687237,0.0339463949203,0.000538542866707,0.0456355065107
ETTm1,113,374,337–512,-0.0406422913074,-0.238197222352,48,validation,-0.0682208016515,-0.027578510344,-0.0536498352885,-0.0130075439811,-0.0683846995234,-0.027742408216,0.0291903316975,0.0698326230049,-0.0412511527538,-0.000608861446381
ETTm1,113,375,337–512,-0.0878134891391,-0.174550056458,48,validation,-0.17302981019,-0.0852163210511,-0.0806693658233,0.00714412331581,-0.136642232537,-0.0488287433982,-0.00672739744186,0.0810860916972,-0.0399224460125,0.0478910431266
ETTm1,113,376,337–512,-0.0211076885462,-0.238197222352,48,validation,-0.0454064160585,-0.0242987275124,0.00643254816532,0.0275402367115,-0.0731306672096,-0.0520229786634,-0.0155649781227,0.00554271042347,0.0234807282686,0.0445884168148
ETTm1,113,377,337–512,-0.0962424650788,-0.398511499166,48,validation,-0.252740263939,-0.15649779886,-0.108448050916,-0.0122055858374,-0.143867731094,-0.0476252660155,-0.0259740799665,0.0702683851123,0.0543305426836,0.150573007762
ETTm1,113,378,337–512,-0.118941873312,-0.270260095596,48,validation,-0.203943565488,-0.0850016921759,-0.0675031468272,0.0514387264848,-0.170245915651,-0.0513040423393,-0.0307947993279,0.0881470739841,-0.121490240097,-0.00254836678505
ETTm1,113,379,337–512,-0.0912384986877,-0.238197222352,48,validation,-0.123610600829,-0.0323721021414,-0.100459761918,-0.00922126322985,-0.0876068100333,0.00363168865442,-0.0369574576616,0.0542810410261,-0.107421219349,-0.0161827206612
ETTm1,113,380,337–512,-0.106746636331,-0.68707716465,48,validation,-0.233768284321,-0.12702164799,-0.142210900784,-0.0354642644525,-0.0760126337409,0.0307340025902,-0.0301330685616,0.0766135677695,-0.0495935752988,0.0571530610323
ETTm1,113,381,337–512,-0.0915183126926,-0.526762902737,48,validation,-0.202785462141,-0.111267149448,-0.106630288064,-0.0151119753718,-0.016032487154,0.0754858255386,-0.0887375622988,0.00278075039387,-0.0428783595562,0.0486399531364
ETTm1,113,382,337–512,-0.0838270410895,-0.526762902737,48,validation,-0.132354781032,-0.0485277399421,-0.142895534635,-0.0590684935451,-0.0247755199671,0.0590515211225,-0.0735976621509,0.0102293789387,-0.0445140898228,0.0393129512668
ETTm1,113,383,337–512,-0.101716078818,-0.94357997179,48,validation,-0.209473997355,-0.107757918537,-0.0512125194073,0.0505035594106,-0.0869216918945,0.0147943869233,-0.0806720852852,0.0210439935327,-0.0801777169108,0.021538361907
ETTm1,113,384,337–512,-0.122173182666,-0.270260095596,48,validation,-0.230983614922,-0.108810432255,0.0450658500195,0.167239032686,-0.14590446651,-0.0237312838435,-0.190721899271,-0.0685487166047,-0.0895584747195,0.0326147079468
ETTm1,113,385,337–512,-0.124236680567,-0.46263718605,48,validation,-0.261636346579,-0.137399666011,-0.0746920034289,0.0495446771383,-0.043199300766,0.0810373798013,-0.184866935015,-0.0606302544475,-0.0569746270776,0.0672620534897
ETTm1,113,386,337–512,-0.0428449958563,-0.751202821732,48,validation,-0.0415304303169,0.00131456553936,-0.001834243536,0.0410107523203,-0.0200387835503,0.022806212306,-0.0498240143061,-0.00697901844978,-0.103209637105,-0.0603646412492
ETTm1,113,387,337–512,-0.152764976025,-0.46263718605,48,validation,-0.234115660191,-0.081350684166,-0.132416829467,0.0203481465578,-0.207448646426,-0.0546836704016,-0.126085281372,0.0266796946526,-0.0607448518276,0.092020124197
ETTm1,113,388,337–512,-0.170509383082,-0.526762902737,48,validation,-0.231380194426,-0.0608708113432,-0.181602925062,-0.0110935419798,-0.24593603611,-0.0754266530275,-0.108902789652,0.06160659343,-0.0808499976993,0.0896593853831
ETTm1,113,389,337–512,-0.135481983423,-0.430574297905,48,validation,-0.21697434783,-0.0814923644066,-0.0921643599868,0.0433176234365,-0.172821581364,-0.0373395979404,-0.083375222981,0.0521067604423,-0.110828451812,0.024653531611
ETTm1,113,390,337–512,-0.164117798209,-0.366448640823,48,validation,-0.225214272738,-0.0610964745283,-0.236500829458,-0.072383031249,-0.220139443874,-0.0560216456652,-0.0862028002739,0.0779149979353,-0.0472355335951,0.116882264614
ETTm1,113,391,337–512,-0.105297140777,-0.558825731277,48,validation,-0.117103606462,-0.0118064656854,-0.226014882326,-0.120717741549,-0.056225001812,0.0490721389651,-0.152772083879,-0.0474749431014,0.0293882936239,0.134685434401
ETTm1,113,392,337–512,-0.0563708692789,-1.20008277893,48,validation,0.0370037257671,0.093374595046,-0.215289413929,-0.15891854465,-0.0370484739542,0.0193223953247,-0.0939699932933,-0.0375991240144,0.0306044220924,0.0869752913713
ETTm1,113,393,337–512,-0.0344271808863,-0.206134349108,48,validation,-0.0442928820848,-0.00986570119858,-0.143162429333,-0.108735248446,-0.0260639637709,0.0083632171154,-0.055416919291,-0.0209897384048,0.101228311658,0.135655492544
ETTm1,113,394,337–512,-0.0156651884317,-0.142487183213,48,validation,-0.0171162486076,-0.0014510601759,-0.123114690185,-0.107449501753,-0.0352519005537,-0.019586712122,0.0808446854353,0.096509873867,0.0198154449463,0.035480633378
ETTm1,113,395,337–512,0.0321682393551,0.0498898401856,48,validation,-0.0129418075085,-0.0451100468636,-0.0666010007262,-0.0987692400813,0.0705099850893,0.0383417457342,0.0974037200212,0.0652354806662,0.0753001570702,0.0431319177151
ETTm1,113,396,337–512,0.0925910025835,-0.526762902737,48,validation,0.0231804698706,-0.0694105327129,0.0487527996302,-0.0438382029533,0.174617752433,0.0820267498493,0.0667423903942,-0.0258486121893,0.150819525123,0.0582285225391
ETTm1,113,397,337–512,0.0832662433386,-0.270260095596,48,validation,0.0507594347,-0.0325068086386,0.0847512930632,0.00148504972458,0.128292039037,0.0450257956982,0.0637591928244,-0.0195070505142,0.0883195847273,0.0050533413887
ETTm1,113,398,337–512,0.0989177078009,-0.174550056458,48,validation,0.129318401217,0.0304006934166,-0.0540407150984,-0.152958422899,0.19388397038,0.094966262579,0.117053821683,0.0181361138821,0.109711542726,0.0107938349247
ETTm1,113,399,337–512,0.11486209929,0.21020410955,48,validation,0.0630395710468,-0.0518225282431,0.0194340497255,-0.0954280495644,0.180518135428,0.0656560361385,0.173524037004,0.0586619377136,0.139959976077,0.0250978767872
ETTm1,113,400,337–512,0.15434409678,0.178141310811,48,validation,0.0838458091021,-0.0704982876778,0.126125976443,-0.0282181203365,0.287639141083,0.133295044303,0.235200002789,0.0808559060097,0.0361627936363,-0.118181303144
ETTm1,113,401,337–512,0.0670638680458,0.338455587626,48,validation,-0.0242683291435,-0.0913321971893,0.0367846935987,-0.0302791744471,0.160223260522,0.0931593924761,0.0440419018269,-0.0230219662189,0.119542375207,0.0524785071611
ETTm1,113,402,337–512,0.0483230799437,-0.270260095596,48,validation,-0.107496589422,-0.155819669366,-0.0190080851316,-0.0673311650753,0.15223915875,0.103916078806,0.0812365561724,0.0329134762287,0.13809902966,0.0897759497166
ETTm1,113,403,337–512,0.00713008642197,-0.206134349108,48,validation,-0.0529605597258,-0.0600906461477,-0.0544714853168,-0.0616015717387,0.029348090291,0.0222180038691,0.0434207469225,0.0362906605005,0.0734771341085,0.0663470476866
ETTm1,113,404,337–512,-0.0400381237268,0.21020410955,48,validation,-0.118642292917,-0.0786041691899,-0.0809432193637,-0.0409050956368,-0.0608707368374,-0.0208326131105,0.0308539420366,0.0708920657635,0.0335077792406,0.0735459029675
ETTm1,113,405,337–512,-0.0129708349705,0.146078497171,48,validation,-0.123030468822,-0.110059633851,-0.00554983317852,0.00742100179195,-0.0151996165514,-0.00222878158092,-0.00234524905682,0.0106255859137,0.0845912247896,0.0975620597601
ETTm1,113,406,337–512,-0.0273379683495,-0.0142357805744,48,validation,-0.114097684622,-0.0867597162724,-0.070577532053,-0.0432395637035,-0.0847312435508,-0.0573932752013,0.0208661258221,0.0482040941715,0.118106588721,0.145444557071
ETTm1,113,407,337–512,-0.0566707700491,0.21020410955,48,validation,-0.14028711617,-0.0836163461208,-0.0859202370048,-0.0292494669557,-0.0553922504187,0.00127851963043,-0.0124930143356,0.0441777557135,0.0141725540161,0.0708433240652
ETTm1,113,408,337–512,-0.032259196043,0.0498898401856,48,validation,-0.0168841928244,0.0153750032187,-0.121694043279,-0.0894348472357,-0.0698813796043,-0.0376221835613,-0.0651074424386,-0.0328482463956,0.117425993085,0.149685189128
ETTm1,113,409,337–512,0.010919496417,-0.174550056458,48,validation,0.0788047015667,0.0678852051497,-0.0895553529263,-0.100474849343,-0.0700491368771,-0.0809686332941,0.0475237667561,0.036604270339,0.0923770517111,0.081457555294
ETTm1,113,410,337–512,0.0654040575027,-0.110424377024,48,validation,-0.00103518366814,-0.0664392411709,0.0738199651241,0.00841590762138,0.0619226396084,-0.00348141789436,0.0314042568207,-0.0339998006821,0.163486614823,0.0980825573206
ETTm1,113,411,337–512,0.0696731954813,0.242267042398,48,validation,0.0381679683924,-0.0315052270889,-0.0605662614107,-0.130239456892,0.105329349637,0.0356561541557,0.139753505588,0.0700803101063,0.130103394389,0.0604301989079
ETTm1,113,412,337–512,0.0359601974487,-0.110424377024,48,validation,0.0719862878323,0.0360260903835,-0.0446495562792,-0.0806097537279,0.02868232131,-0.00727787613869,0.0080011934042,-0.0279590040445,0.118656113744,0.0826959162951
ETTm1,113,413,337–512,0.0325994342566,0.0498898401856,48,validation,0.00272051990032,-0.0298789143562,-0.0600339323282,-0.0926333665848,0.0731720030308,0.0405725687742,0.107940360904,0.0753409266472,0.0417401045561,0.00914067029953
ETTm1,113,414,337–512,-0.0576827228069,-0.398511499166,48,validation,-0.0737526640296,-0.0160699412227,-0.0759327560663,-0.0182500332594,-0.0460243821144,0.0116583406925,-0.0899874269962,-0.0323047041893,-0.00133767724037,0.0563450455666
ETTm1,113,415,337–512,-0.0962522104383,-0.142487183213,48,validation,-0.0825679525733,0.013684257865,-0.27247440815,-0.176222197711,-0.0174587219954,0.0787934884429,-0.0872706696391,0.00898154079914,-0.0173621475697,0.0788900628686
ETTm1,113,416,337–512,-0.150776743889,-0.494700044394,48,validation,-0.156508892775,-0.00573214888573,-0.231077253819,-0.0803005099297,-0.155978292227,-0.00520154833794,-0.167644605041,-0.0168678611517,-0.0384743511677,0.112302392721
ETTm1,113,417,337–512,-0.113077655435,-0.46263718605,48,validation,-0.113235920668,-0.00015826523304,-0.178762286901,-0.0656846314669,0.00593116879463,0.119008824229,-0.16099780798,-0.047920152545,-0.119325660169,-0.00624800473452
ETTm1,113,418,337–512,-0.182205691934,-0.334385752678,48,validation,-0.26180356741,-0.0795978754759,-0.230876162648,-0.0486704707146,-0.0900430604815,0.0921626314521,-0.137950688601,0.0442550033331,-0.18933686614,-0.00713117420673
ETTm1,113,419,337–512,-0.136381059885,-0.719139993191,48,validation,-0.0976016521454,0.0387794077396,-0.239887326956,-0.103506267071,-0.105622477829,0.0307585820556,-0.0551115199924,0.0812695398927,-0.18276591599,-0.0463848561049
ETTm1,113,420,337–512,-0.148443192244,-0.494700044394,48,validation,-0.118604302406,0.0298388898373,-0.142578527331,0.00586466491222,-0.156095102429,-0.00765191018581,-0.20963691175,-0.0611937195063,-0.115589872003,0.032853320241
ETTm1,113,421,337–512,-0.136509642005,-0.655014276505,48,validation,-0.217415630817,-0.0809059888124,-0.0601728335023,0.0763368085027,-0.0990244820714,0.0374851599336,-0.128289550543,0.00822009146214,-0.179565817118,-0.0430561751127
ETTm1,113,422,337–512,-0.0773006677628,-0.302322953939,48,validation,-0.169118598104,-0.0918179303408,-0.0520735234022,0.0252271443605,-0.0425266623497,0.0347740054131,-0.0106384456158,0.066662222147,-0.111982807517,-0.0346821397543
ETTm1,113,423,337–512,-0.0188680589199,-0.238197222352,48,validation,0.0917122811079,0.110580340028,0.0960098057985,0.114877864718,-0.111498534679,-0.0926304757595,-0.0782272294164,-0.0593591704965,-0.0975034981966,-0.0786354392767
ETTm1,113,424,337–512,-0.0438269525766,-0.206134349108,48,validation,-0.0453876852989,-0.00156073272228,0.0211802572012,0.0650072097778,-0.0420425832272,0.00178436934948,-0.0529308617115,-0.00910390913486,-0.102820694447,-0.0589937418699
ETTm1,113,425,337–512,0.0221170186996,-0.174550056458,48,validation,0.0359380841255,0.0138210654259,0.182093545794,0.159976527095,0.0275779515505,0.00546093285084,-0.0105785131454,-0.0326955318451,-0.132124692202,-0.154241710901
ETTm1,113,426,337–512,0.0396552979946,-0.110424377024,48,validation,0.179773822427,0.140118524432,0.0161128938198,-0.0235424041748,0.00258050858974,-0.0370747894049,0.0882916301489,0.0486363321543,-0.0921112298965,-0.131766527891
ETTm1,113,427,337–512,0.0104764550924,-0.430574297905,48,validation,0.0541782230139,0.0437017679214,0.0570027679205,0.0465263128281,-0.0328988879919,-0.0433753430843,0.0649900138378,0.0545135587454,-0.0937991514802,-0.104275606573
ETTm1,113,428,337–512,-0.0819083303213,-0.622951447964,48,validation,-0.129008501768,-0.0471001714468,-0.0344812273979,0.0474271029234,-0.085452966392,-0.00354463607073,0.0187944173813,0.100702747703,-0.180877283216,-0.0989689528942
ETTm1,113,429,337–512,-0.117920532823,-0.46263718605,48,validation,-0.135225772858,-0.0173052400351,-0.0676708295941,0.0502497032285,-0.126211464405,-0.00829093158245,-0.141051098704,-0.0231305658817,-0.120473198593,-0.00255266577005
ETTm1,113,430,337–512,-0.157624214888,-0.46263718605,48,validation,-0.0985517576337,0.0590724572539,-0.212278723717,-0.0546545088291,-0.131905138493,0.025719076395,-0.132105797529,0.0255184173584,-0.214419573545,-0.0567953586578
ETTm1,113,431,337–512,-0.255704045296,-0.590888559818,48,validation,-0.267315357924,-0.0116113126278,-0.261786282063,-0.00608223676682,-0.301091104746,-0.0453870594501,-0.207138508558,0.0485655367374,-0.239300787449,0.0164032578468
ETTm1,113,432,337–512,-0.324322730303,-0.655014276505,48,validation,-0.405179142952,-0.0808564126492,-0.249762788415,0.0745599418879,-0.43402838707,-0.109705656767,-0.220618247986,0.103704482317,-0.309322297573,0.0150004327297
ETTm1,113,433,337–512,-0.35526368022,-0.68707716465,48,validation,-0.452892482281,-0.0976288020611,-0.337457537651,0.0178061425686,-0.348380744457,0.00688293576241,-0.282407462597,0.0728562176228,-0.353226453066,0.00203722715378
ETTm1,113,434,337–512,-0.38444852829,-0.719139993191,48,validation,-0.499370098114,-0.114921569824,-0.313303589821,0.0711449384689,-0.350750803947,0.0336977243423,-0.284940779209,0.0995077490807,-0.475073218346,-0.0906246900558
ETTm1,113,435,337–512,-0.401633173227,-0.719139993191,48,validation,-0.525175333023,-0.123542159796,-0.301205068827,0.100428104401,-0.329447448254,0.0721857249737,-0.382590383291,0.0190427899361,-0.472434401512,-0.0708012282848
ETTm1,113,436,337–512,-0.414635062218,-0.68707716465,48,validation,-0.532835662365,-0.118200600147,-0.357547730207,0.0570873320103,-0.343351900578,0.0712831616402,-0.353968918324,0.0606661438942,-0.486796557903,-0.0721614956856
ETTm1,113,437,337–512,-0.497639775276,-0.719139993191,48,validation,-0.683976173401,-0.186336398125,-0.438088059425,0.0595517158508,-0.365685224533,0.131954550743,-0.402622163296,0.0950176119804,-0.599191844463,-0.101552069187
ETTm1,113,438,337–512,-0.49466407299,-0.719139993191,48,validation,-0.558087944984,-0.063423871994,-0.501573503017,-0.00690943002701,-0.389158815145,0.105505257845,-0.390956819057,0.103707253933,-0.635902285576,-0.141238212585
ETTm1,113,439,337–512,-0.604714035988,-0.622951447964,48,validation,-0.685293495655,-0.0805794596672,-0.530766189098,0.0739478468895,-0.535174310207,0.0695397257805,-0.619780242443,-0.0150662064552,-0.655199587345,-0.0504855513573
ETTm1,113,440,337–512,-0.679096102715,-1.07183134556,48,validation,-0.71684384346,-0.0377477407455,-0.648942172527,0.0301539301872,-0.652193188667,0.0269029140472,-0.601196527481,0.0778995752335,-0.778133273125,-0.0990371704102
ETTm1,113,441,337–512,-0.701459884644,-1.16801989079,48,validation,-0.771357774734,-0.0698978900909,-0.720684051514,-0.0192241668701,-0.627419710159,0.0740401744843,-0.71350646019,-0.0120465755463,-0.673188209534,0.0282716751099
ETTm1,113,442,337–512,-0.757002472878,-1.23214566708,48,validation,-0.791343688965,-0.0343412160873,-0.829831957817,-0.0728294849396,-0.680423736572,0.0765787363052,-0.755138874054,0.00186359882355,-0.726319134235,0.0306833386421
ETTm1,113,443,337–512,-0.838157713413,-1.48864841461,48,validation,-0.824370324612,0.0137873888016,-0.839533865452,-0.00137615203857,-0.83728903532,0.000868678092957,-0.838341653347,-0.000183939933777,-0.851795494556,-0.0136377811432
ETTm1,113,444,337–512,-0.825130999088,-1.45658552647,48,validation,-0.790180623531,0.0349503755569,-0.818948149681,0.0061828494072,-0.830703020096,-0.00557202100754,-0.809921622276,0.015209376812,-0.877626359463,-0.0524953603745
ETTm1,113,445,337–512,-0.890337228775,-1.20008277893,48,validation,-0.940003573895,-0.0496663451195,-0.89026004076,7.71880149841e-05,-0.817509233952,0.0728279948235,-0.871718525887,0.0186187028885,-0.933088839054,-0.0427516102791
ETTm1,113,446,337–512,-0.976918160915,-1.29627132416,48,validation,-1.05026233196,-0.0733441710472,-0.964438319206,0.0124798417091,-1.06412601471,-0.0872078537941,-0.920930564404,0.0559875965118,-0.879703700542,0.0972144603729
ETTm1,113,447,337–512,-0.960757493973,-1.03976845741,48,validation,-1.11854028702,-0.157782793045,-0.982086002827,-0.0213285088539,-0.850975990295,0.109781503677,-0.925601899624,0.0351555943489,-0.923477113247,0.0372803807259
ETTm1,113,448,337–512,-0.903658211231,-1.03976845741,48,validation,-1.04521977901,-0.141561567783,-0.886793851852,0.0168643593788,-0.849571764469,0.0540864467621,-0.829438447952,0.074219763279,-0.904994249344,-0.00133603811264
ETTm1,113,449,337–512,-0.889705836773,-1.00770568848,48,validation,-0.934736430645,-0.0450305938721,-0.847319364548,0.0423864722252,-0.904327750206,-0.0146219134331,-0.846669137478,0.043036699295,-0.915535092354,-0.0258292555809
ETTm1,113,450,337–512,-0.892430305481,-0.975642800331,48,validation,-1.01867508888,-0.126244783401,-0.845990002155,0.0464403033257,-0.871031999588,0.0213983058929,-0.943189620972,-0.0507593154907,-0.780380606651,0.11204969883
ETTm1,113,451,337–512,-0.865739345551,-1.00770568848,48,validation,-0.916184723377,-0.0504453778267,-0.784920573235,0.080818772316,-0.844416677952,0.0213226675987,-0.953879058361,-0.0881397128105,-0.830812513828,0.0349268317223
ETTm1,113,452,337–512,-0.808139026165,-0.975642800331,48,validation,-0.813561439514,-0.00542241334915,-0.752902746201,0.0552362799644,-0.836393415928,-0.0282543897629,-0.836681783199,-0.0285427570343,-0.802178025246,0.00596100091934
ETTm1,113,453,337–512,-0.848816633224,-0.975642800331,48,validation,-0.907904326916,-0.0590876936913,-0.879376113415,-0.0305594801903,-0.85862493515,-0.00980830192566,-0.869063079357,-0.0202464461327,-0.724593400955,0.124223232269
ETTm1,113,454,337–512,-0.795261740685,-1.03976845741,48,validation,-0.847604215145,-0.0523424744606,-0.857443273067,-0.062181532383,-0.76541030407,0.029851436615,-0.816836953163,-0.0215752124786,-0.684736788273,0.110524952412
ETTm1,113,455,337–512,-0.799505352974,-0.94357997179,48,validation,-0.899714410305,-0.100209057331,-0.849245965481,-0.0497406125069,-0.757893443108,0.0416119098663,-0.794946193695,0.00455915927887,-0.690742969513,0.108762383461
ETTm1,113,456,337–512,-0.693448007107,-0.975642800331,48,validation,-0.726316154003,-0.0328681468964,-0.720651209354,-0.0272032022476,-0.672926545143,0.0205214619637,-0.729441404343,-0.0359933972359,-0.615606069565,0.077841937542
ETTm1,113,457,337–512,-0.690608918667,-0.975642800331,48,validation,-0.801372528076,-0.110763609409,-0.649632036686,0.0409768819809,-0.754734873772,-0.0641259551048,-0.636956334114,0.0536525845528,-0.605854392052,0.0847545266151
ETTm1,113,458,337–512,-0.642863750458,-0.975642800331,48,validation,-0.706515192986,-0.0636514425278,-0.60566085577,0.0372028946877,-0.680020868778,-0.0371571183205,-0.713355958462,-0.070492208004,-0.505744099617,0.137119650841
ETTm1,113,459,337–512,-0.540868520737,-0.847391426563,48,validation,-0.518375217915,0.0224933028221,-0.602460026741,-0.0615915060043,-0.617952227592,-0.0770837068558,-0.551878035069,-0.0110095143318,-0.408825367689,0.132043153048
ETTm1,113,460,337–512,-0.420527726412,-0.655014276505,48,validation,-0.41467654705,0.00585117936134,-0.368194401264,0.0523333251476,-0.465287148952,-0.0447594225407,-0.408312290907,0.0122154355049,-0.447369456291,-0.0268417298794
ETTm1,113,461,337–512,-0.361155211926,-0.270260095596,48,validation,-0.388323545456,-0.0271683335304,-0.332532823086,0.0286223888397,-0.3738681674,-0.0127129554749,-0.414045631886,-0.05289041996,-0.296203315258,0.0649518966675
ETTm1,113,462,337–512,-0.255795240402,-0.142487183213,48,validation,-0.311889350414,-0.0560941100121,-0.250188022852,0.00560721755028,-0.27334690094,-0.0175516605377,-0.211373537779,0.0444217026234,-0.22992888093,0.0258663594723
ETTm1,113,463,337–512,-0.235486194491,-0.174550056458,48,validation,-0.283630013466,-0.0481438189745,-0.256334751844,-0.020848557353,-0.258916437626,-0.0234302431345,-0.17941775918,0.0560684353113,-0.195899114013,0.0395870804787
ETTm1,113,464,337–512,-0.145242542028,-0.494700044394,48,validation,-0.17715793848,-0.031915396452,-0.0905142053962,0.0547283366323,-0.145258203149,-1.56611204147e-05,-0.164811596274,-0.0195690542459,-0.149479106069,-0.00423656404018
ETTm1,113,465,337–512,-0.117525085807,-0.110424377024,48,validation,-0.0936820581555,0.0238430276513,-0.082799859345,0.0347252264619,-0.184724360704,-0.0671992748976,-0.161812484264,-0.0442873984575,-0.0643793046474,0.0531457811594
ETTm1,113,466,337–512,-0.132598876953,-0.302322953939,48,validation,-0.179974257946,-0.0473753809929,-0.206895455718,-0.0742965787649,-0.128778249025,0.00382062792778,-0.122181735933,0.0104171410203,-0.0200420767069,0.112556800246
ETTm1,113,467,337–512,-0.0774024650455,-0.270260095596,48,validation,-0.130655825138,-0.0532533600926,-0.0139079093933,0.0634945556521,-0.118270158768,-0.0408676937222,-0.121327579021,-0.043925113976,-0.00171084702015,0.0756916180253
ETTm1,113,468,337–512,-0.0469297245145,-0.142487183213,48,validation,-0.092891536653,-0.0459618121386,-0.0227314382792,0.0241982862353,-0.120598912239,-0.0736691877246,-0.0338677614927,0.0130619630218,0.0386529117823,0.0855826362967
ETTm1,113,469,337–512,-0.0763148441911,-0.238197222352,48,validation,-0.222654938698,-0.146340094507,-0.0387278944254,0.0375869497657,-0.00498527288437,0.0713295713067,-0.0345885157585,0.0417263284326,-0.0792206898332,-0.00290584564209
ETTm1,113,470,337–512,-0.0343772470951,-0.751202821732,48,validation,-0.081200838089,-0.0468235909939,-0.0158225744963,0.0185546725988,-0.0730452984571,-0.038668051362,-0.035456687212,-0.00107944011688,0.0360405892134,0.0704178363085
ETTm1,113,471,337–512,-0.112950854003,-0.494700044394,48,validation,-0.206428125501,-0.0934772714972,-0.124985352159,-0.0120344981551,-0.147223517299,-0.0342726632953,-0.0733005180955,0.0396503359079,-0.00769881904125,0.105252034962
ETTm1,113,472,337–512,-0.081477150321,-0.0142357805744,48,validation,-0.0667779296637,0.0146992206573,-0.0676978752017,0.0137792751193,-0.169612646103,-0.0881354957819,-0.0532501041889,0.0282270461321,-0.0485234111547,0.0329537391663
ETTm1,113,473,337–512,-0.0557550787926,-0.0462986454368,48,validation,-0.118019074202,-0.062263995409,-0.117376416922,-0.061621338129,-0.057085596025,-0.00133051723242,-0.0224517434835,0.033303335309,0.0411316901445,0.0968867689371
ETTm1,113,474,337–512,-0.0443874001503,-0.526762902737,48,validation,-0.0941449925303,-0.04975759238,-0.155077859759,-0.110690459609,-0.0176887512207,0.0266986489296,-0.00302410125732,0.041363298893,0.053610086441,0.0979974865913
ETTm1,113,475,337–512,0.00495068728924,-0.174550056458,48,validation,-0.080228663981,-0.0851793512702,-0.0287535637617,-0.0337042510509,0.0660982429981,0.0611475557089,0.0440211594105,0.0390704721212,0.0260881632566,0.0211374759674
ETTm1,113,476,337–512,-0.0507080182433,-0.494700044394,48,validation,-0.205398827791,-0.154690809548,-0.0382003337145,0.0125076845288,0.0541991442442,0.104907162488,-0.0583034977317,-0.00759547948837,-0.00369468331337,0.0470133349299
ETTm1,113,477,337–512,-0.104138076305,-0.430574297905,48,validation,-0.309285759926,-0.20514768362,-0.122362330556,-0.0182242542505,-0.0377337038517,0.0664043724537,-0.0534586086869,0.0506794676185,0.0083516985178,0.112489774823
ETTm1,113,478,337–512,-0.0508137047291,-0.334385752678,48,validation,-0.157538160682,-0.106724455953,-0.0996269732714,-0.0488132685423,0.0107222795486,0.0615359842777,0.0377579927444,0.0885716974735,-0.0418906658888,0.00892303884029
ETTm1,113,479,337–512,-0.134307488799,0.0178270284086,48,validation,-0.207617029548,-0.0733095407486,-0.163884967566,-0.0295774787664,-0.124230772257,0.0100767165422,-0.0780727118254,0.0562347769737,-0.0944317653775,0.0398757234216
ETTm1,113,480,337–512,-0.0206845849752,-0.622951447964,48,validation,-0.0678255558014,-0.0471409708261,0.0463675558567,0.0670521408319,0.0300833284855,0.0507679134607,-0.0148159712553,0.00586861371994,-0.0999657809734,-0.0792811959982
ETTm1,113,481,337–512,-0.128802150488,-0.270260095596,48,validation,-0.255946457386,-0.127144306898,-0.185991078615,-0.0571889281273,-0.0885439813137,0.0402581691742,-0.0594666972756,0.0693354532123,-0.0486494898796,0.0801526606083
ETTm1,113,482,337–512,-0.0936472415924,-0.174550056458,48,validation,-0.190870970488,-0.0972237288952,-0.100128434598,-0.00648119300604,-0.0713719502091,0.0222752913833,0.00105094909668,0.0946981906891,-0.104443483055,-0.0107962414622
ETTm1,113,483,337–512,-0.101326599717,-0.847391426563,48,validation,-0.189399152994,-0.088072553277,-0.151649147272,-0.050322547555,0.0435012280941,0.144827827811,-0.110793292522,-0.00946669280529,-0.0973520502448,0.00397454947233
ETTm1,113,484,337–512,-0.124007180333,-0.238197222352,48,validation,-0.108618319035,0.0153888612986,-0.182091027498,-0.0580838471651,-0.0485087037086,0.0754984766245,-0.139885261655,-0.0158780813217,-0.141320854425,-0.0173136740923
ETTm1,113,485,337–512,-0.0990379229188,0.0498898401856,48,validation,-0.108895719051,-0.00985779613256,-0.165826022625,-0.0667880997062,-0.00677582621574,0.0922620967031,-0.139391735196,-0.0403538122773,-0.073718868196,0.0253190547228
ETTm1,113,486,337–512,-0.109579525888,-0.110424377024,48,validation,-0.137027472258,-0.0274479463696,-0.248086899519,-0.138507373631,-0.0279762595892,0.0816032662988,-0.0783655047417,0.0312140211463,-0.0525214076042,0.0570581182837
ETTm1,113,487,337–512,-0.104600064456,-0.302322953939,48,validation,-0.105241715908,-0.000641651451588,-0.197544142604,-0.0929440781474,-0.104946039617,-0.000345975160599,-0.0503345951438,0.0542654693127,-0.0615521669388,0.0430478975177
ETTm1,113,488,337–512,-0.0144045352936,-0.46263718605,48,validation,-0.0368994176388,-0.0224948823452,-0.0397783815861,-0.0253738462925,-0.0157784819603,-0.00137394666672,0.0225105285645,0.036915063858,-0.000486195087433,0.0139183402061
ETTm1,113,489,337–512,0.00655743479729,-0.783265709877,48,validation,0.0542993545532,0.0477419197559,-0.084595836699,-0.0911532714963,0.0246646851301,0.0181072503328,0.068366214633,0.0618087798357,-0.029018342495,-0.0355757772923
ETTm1,113,490,337–512,-0.0162669271231,-0.110424377024,48,validation,-0.034593462944,-0.018326535821,-0.114076286554,-0.0978093594313,0.0521714240313,0.0684383511543,0.00968515872955,0.0259520858526,0.00777190923691,0.02403883636
ETTm1,113,491,337–512,0.0540039688349,0.081952765584,48,validation,0.0431618541479,-0.010842114687,0.064344227314,0.0103402584791,0.0310631841421,-0.0229407846928,0.128873363137,0.0748693943024,0.00268505513668,-0.0513189136982
ETTm1,113,492,337–512,0.0543925613165,0.242267042398,48,validation,-0.00460894405842,-0.0590015053749,-0.0603384524584,-0.114731013775,0.0245798975229,-0.0298126637936,0.21653406322,0.162141501904,0.101983115077,0.0475905537605
ETTm1,113,493,337–512,0.0789691507816,-0.110424377024,48,validation,0.0660774409771,-0.0128917098045,0.0313439071178,-0.0476252436638,0.120429560542,0.0414604097605,0.121558025479,0.0425888746977,0.0562182962894,-0.0227508544922
ETTm1,113,494,337–512,0.128884479403,0.402581304312,48,validation,0.0683561265469,-0.0605283528566,0.214236602187,0.0853521227837,0.169481143355,0.0405966639519,0.0913898199797,-0.0374946594238,0.0988773852587,-0.0300070941448
ETTm1,113,495,337–512,0.0834674984217,0.466706931591,48,validation,0.000767260789871,-0.0827002376318,0.0712746828794,-0.0121928155422,0.0564546138048,-0.0270128846169,0.145199254155,0.0617317557335,0.147194817662,0.0637273192406
ETTm1,113,496,337–512,0.139220908284,0.081952765584,48,validation,0.105278655887,-0.0339422523975,0.0921405702829,-0.0470803380013,0.173225566745,0.0340046584606,0.177796885371,0.038575977087,0.149328872561,0.0101079642773
ETTm1,113,497,337–512,0.0826739519835,0.306392669678,48,validation,0.0237143337727,-0.0589596182108,0.0937392562628,0.0110653042793,0.135065183043,0.05239123106,0.0542647540569,-0.0284091979265,0.106847450137,0.0241734981537
ETTm1,113,498,337–512,0.0671747177839,0.178141310811,48,validation,-0.0187665373087,-0.0859412550926,0.0781217813492,0.0109470635653,0.14678697288,0.0796122550964,0.0675114095211,0.000336691737175,0.0624260753393,-0.00474864244461
ETTm1,113,499,337–512,-0.00565019249916,-0.206134349108,48,validation,-0.172442212701,-0.166792020202,-0.0798621028662,-0.074211910367,0.118569865823,0.124220058322,-0.043842419982,-0.0381922274828,0.15416868031,0.159818872809
ETTm1,113,500,337–512,-0.00328825414181,-0.174550056458,48,validation,-0.14247122407,-0.139182969928,-0.029032304883,-0.0257440507412,0.0352932214737,0.0385814756155,0.0535159558058,0.0568042099476,0.0701329410076,0.0734211951494
ETTm1,113,501,337–512,0.00711899995804,0.114015571773,48,validation,-0.155743941665,-0.162862941623,-0.0959926620126,-0.103111661971,0.14629124105,0.139172241092,-0.0250925570726,-0.0322115570307,0.171290561557,0.164171561599
ETTm1,113,502,337–512,0.0320402085781,0.0178270284086,48,validation,-0.0754966437817,-0.10753685236,-0.0127265304327,-0.0447667390108,0.130821719766,0.0987815111876,0.0156129300594,-0.0164272785187,0.104336187243,0.0722959786654
ETTm1,113,503,337–512,0.0533843785524,-0.206134349108,48,validation,0.0389050990343,-0.0144792795181,0.051110625267,-0.00227375328541,0.0453207194805,-0.00806365907192,0.0778010636568,0.0244166851044,0.0543564409018,0.000972062349319
ETTm1,113,504,337–512,0.0692201554775,-0.0462986454368,48,validation,-0.0386792123318,-0.107899367809,0.0806584507227,0.0114382952452,0.081170335412,0.0119501799345,0.113642498851,0.0444223433733,0.111534312367,0.0423141568899
ETTm1,113,505,337–512,0.126315817237,0.0178270284086,48,validation,0.119133397937,-0.00718241930008,0.0673860311508,-0.0589297860861,0.125123217702,-0.00119259953499,0.12295819819,-0.00335761904716,0.199169203639,0.0728533864021
ETTm1,113,506,337–512,0.10096822679,0.0178270284086,48,validation,0.089975014329,-0.0109932124615,0.0571481138468,-0.0438201129436,0.0726849287748,-0.0282832980156,0.188868358731,0.0879001319408,0.0981112271547,-0.0028569996357
ETTm1,113,507,337–512,0.0733712315559,-0.110424377024,48,validation,0.11168320477,0.0383119732141,0.0122206956148,-0.0611505359411,0.0430607497692,-0.0303104817867,0.0998300462961,0.0264588147402,0.101534739137,0.0281635075808
ETTm1,113,508,337–512,0.0843762606382,-0.206134349108,48,validation,0.0823592096567,-0.00201705098152,0.0404663532972,-0.043909907341,0.0688264518976,-0.0155498087406,0.0806365162134,-0.00373974442482,0.151407971978,0.06703171134
ETTm1,113,509,337–512,0.0443160533905,-0.206134349108,48,validation,0.00146961212158,-0.0428464412689,-0.0544847324491,-0.0988007858396,0.115363284945,0.071047231555,0.0634379833937,0.0191219300032,0.0982455164194,0.0539294630289
ETTm1,113,510,337–512,0.00571674108505,-0.142487183213,48,validation,-0.0443636476994,-0.0500803887844,-0.114748358727,-0.120465099812,0.0388679355383,0.0331511944532,0.0684788376093,0.0627620965242,0.0842506140471,0.078533872962
ETTm1,113,511,337–512,-0.0845527052879,-0.366448640823,48,validation,-0.131478130817,-0.0469254255295,-0.237309202552,-0.152756497264,-0.0947348773479,-0.01018217206,0.0433719158173,0.127924621105,0.00276105105877,0.0873137563467
ETTm1,113,512,337–512,-0.0607480108738,-0.430574297905,48,validation,-0.163240522146,-0.102492511272,-0.167497694492,-0.106749683619,-0.0134647041559,0.0472833067179,0.0321537256241,0.0929017364979,0.012527436018,0.0732754468918
ETTm1,113,513,513–720,-0.114987924695,-0.366448640823,720,validation,-0.125312820077,-0.0103248953819,-0.174403995275,-0.0594160705805,-0.149190932512,-0.0342030078173,-0.0269743651152,0.0880135595798,-0.0967530831695,0.0182348415256
ETTm1,113,514,513–720,-0.180420607328,-0.430574297905,720,validation,-0.221116572618,-0.0406959652901,-0.225009232759,-0.0445886254311,-0.257637351751,-0.0772167444229,-0.0631573572755,0.117263250053,-0.131828054786,0.0485925525427
ETTm1,113,515,513–720,-0.136107549071,-0.366448640823,720,validation,-0.0378617942333,0.098245754838,-0.327843248844,-0.191735699773,-0.106358915567,0.0297486335039,-0.104936517775,0.0311710312963,-0.101286694407,0.0348208546638
ETTm1,113,516,513–720,-0.108575239778,-0.366448640823,720,validation,-0.0387492179871,0.0698260217905,-0.148366734385,-0.0397914946079,-0.0679904222488,0.0405848175287,-0.137733697891,-0.0291584581137,-0.151252016425,-0.0426767766476
ETTm1,113,517,513–720,-0.0582437813282,-0.46263718605,720,validation,-0.0700039640069,-0.0117601826787,-0.110311254859,-0.0520674735308,0.0385006964207,0.0967444777489,-0.088179603219,-0.0299358218908,-0.0614053830504,-0.00316160172224
ETTm1,113,518,513–720,-0.0519998222589,-0.238197222352,720,validation,-0.142635062337,-0.090635240078,-0.0972460135818,-0.0452461913228,0.049844071269,0.101843893528,0.0723245888948,0.124324411154,-0.141630351543,-0.0896305292845
ETTm1,113,519,513–720,-0.00569158792496,-0.526762902737,720,validation,0.0260185301304,0.0317101180553,0.0680085420609,0.0737001299858,0.00282399356365,0.00851558148861,0.0186080634594,0.0242996513844,-0.146680012345,-0.14098842442
ETTm1,113,520,513–720,0.00792180001736,0.146078497171,720,validation,-0.0644643306732,-0.0723861306906,0.06108905375,0.0531672537327,0.123303726315,0.115381926298,-0.00246416032314,-0.0103859603405,-0.0798207595944,-0.0877425596118
ETTm1,113,521,513–720,0.00181223452091,-0.0783615112305,720,validation,-0.0355424880981,-0.0373547226191,0.052390486002,0.0505782514811,0.0679090172052,0.0660967826843,-0.00362050533295,-0.00543273985386,-0.0737453624606,-0.0755575969815
ETTm1,113,522,513–720,0.00586639344692,-0.174550056458,720,validation,-0.00974348187447,-0.0156098753214,0.0575589239597,0.0516925305128,0.0874367803335,0.0815703868866,0.00911980867386,0.00325341522694,-0.11741374433,-0.123280137777
ETTm1,113,523,513–720,0.0144103169441,-0.590888559818,720,validation,-0.0156037509441,-0.0300140678883,0.0634811669588,0.0490708500147,0.128552243114,0.114141926169,-0.0567839071155,-0.0711942240596,-0.0499282330275,-0.0643385499716
ETTm1,113,524,513–720,-0.0654019936919,-0.270260095596,720,validation,-0.0886922031641,-0.0232902094722,-0.0310100018978,0.0343919917941,-0.0269450247288,0.0384569689631,-0.044088602066,0.0213133916259,-0.137336879969,-0.0719348862767
ETTm1,113,525,513–720,-0.0949892178178,-0.238197222352,720,validation,-0.121099382639,-0.0261101648211,-0.00630670785904,0.0886825099587,-0.136676698923,-0.0416874811053,-0.121916823089,-0.0269276052713,-0.0896455869079,0.00534363090992
ETTm1,113,526,513–720,-0.174452349544,-0.622951447964,720,validation,-0.164755627513,0.00969672203064,-0.145133674145,0.0293186753988,-0.160824149847,0.0136281996965,-0.20890134573,-0.0344489961863,-0.193541556597,-0.0190892070532
ETTm1,113,527,513–720,-0.237751990557,-0.655014276505,720,validation,-0.324281692505,-0.0865297019482,-0.225827053189,0.0119249373674,-0.241632506251,-0.00388051569462,-0.0856673195958,0.152084670961,-0.310564935207,-0.0728129446507
ETTm1,113,528,513–720,-0.305460572243,-0.590888559818,720,validation,-0.354457736015,-0.0489971637726,-0.273776978254,0.0316835939884,-0.360348314047,-0.0548877418041,-0.225034922361,0.0804256498814,-0.312933683395,-0.00747311115265
ETTm1,113,529,513–720,-0.291062116623,-0.719139993191,720,validation,-0.356332600117,-0.0652704834938,-0.19058726728,0.100474849343,-0.329681277275,-0.0386191606522,-0.254966914654,0.0360952019691,-0.324223339558,-0.0331612229347
ETTm1,113,530,513–720,-0.349648118019,-0.751202821732,720,validation,-0.411661803722,-0.0620136857033,-0.270012199879,0.0796359181404,-0.361353695393,-0.0117055773735,-0.286311328411,0.063336789608,-0.419476926327,-0.0698288083076
ETTm1,113,531,513–720,-0.404263317585,-0.751202821732,720,validation,-0.451919496059,-0.0476561784744,-0.238328874111,0.165934443474,-0.505831062794,-0.101567745209,-0.332653701305,0.0716096162796,-0.49361461401,-0.0893512964249
ETTm1,113,532,513–720,-0.376308679581,-0.783265709877,720,validation,-0.489994525909,-0.113685846329,-0.288532495499,0.087776184082,-0.326476037502,0.0498326420784,-0.365849524736,0.0104591548443,-0.41148224473,-0.0351735651493
ETTm1,113,533,513–720,-0.449661076069,-0.815328538418,720,validation,-0.522778749466,-0.0731176733971,-0.472974419594,-0.0233133435249,-0.356860905886,0.0928001701832,-0.411000549793,0.0386605262756,-0.484744369984,-0.0350832939148
ETTm1,113,534,513–720,-0.463602900505,-0.879454255104,720,validation,-0.62627273798,-0.162669837475,-0.374316513538,0.0892863869667,-0.423840284348,0.0397626161575,-0.399891734123,0.0637111663818,-0.493943154812,-0.0303402543068
ETTm1,113,535,513–720,-0.537737727165,-0.94357997179,720,validation,-0.62298476696,-0.0852470397949,-0.51648670435,0.0212510228157,-0.469840288162,0.067897439003,-0.480514407158,0.0572233200073,-0.59922170639,-0.0614839792252
ETTm1,113,536,513–720,-0.560379981995,-0.975642800331,720,validation,-0.416980206966,0.143399775028,-0.641059100628,-0.0806791186333,-0.502235412598,0.058144569397,-0.620759248734,-0.0603792667389,-0.621614873409,-0.0612348914146
ETTm1,113,537,513–720,-0.665492713451,-1.1038942337,720,validation,-0.680912315845,-0.0154196023941,-0.72203040123,-0.0565376877785,-0.606557905674,0.0589348077774,-0.691504478455,-0.0260117650032,-0.626196503639,0.0392962098122
ETTm1,113,538,513–720,-0.739462256432,-1.03976845741,720,validation,-0.686295866966,0.0531663894653,-0.780728518963,-0.0412662625313,-0.692000985146,0.047461271286,-0.762137711048,-0.0226754546165,-0.776498615742,-0.0370363593102
ETTm1,113,539,513–720,-0.745203793049,-1.1038942337,720,validation,-0.870040535927,-0.124836742878,-0.696878254414,0.0483255386353,-0.628938794136,0.116264998913,-0.752209603786,-0.00700581073761,-0.778826594353,-0.0336228013039
ETTm1,113,540,513–720,-0.85429173708,-1.16801989079,720,validation,-0.908055782318,-0.0537640452385,-0.970196068287,-0.115904331207,-0.774461686611,0.0798300504684,-0.76552426815,0.0887674689293,-0.852421224117,0.00187051296234
ETTm1,113,541,513–720,-0.85342758894,-1.03976845741,720,validation,-0.896684288979,-0.0432567000389,-0.869482159615,-0.0160545706749,-0.779152810574,0.0742747783661,-0.8654063344,-0.0119787454605,-0.856677174568,-0.00324958562851
ETTm1,113,542,513–720,-0.862031519413,-1.20008277893,720,validation,-0.997057616711,-0.135026097298,-0.84148144722,0.0205500721931,-0.781879007816,0.0801525115967,-0.860657572746,0.00137394666672,-0.829363942146,0.0326675772667
ETTm1,113,543,513–720,-0.854342639446,-1.13595712185,720,validation,-0.791605234146,0.0627374053001,-0.841698586941,0.0126440525055,-0.830724537373,0.0236181020737,-0.94927829504,-0.0949356555939,-0.85891097784,-0.00456833839417
ETTm1,113,544,513–720,-0.83684450388,-1.1038942337,720,validation,-0.990312755108,-0.153468251228,-0.728703677654,0.108140826225,-0.808881163597,0.0279633402824,-0.799565792084,0.0372787117958,-0.857415556908,-0.0205710530281
ETTm1,113,545,513–720,-0.825094342232,-1.1038942337,720,validation,-0.847031712532,-0.0219373703003,-0.726134598255,0.0989597439766,-0.861812710762,-0.0367183685303,-0.856301784515,-0.0312074422836,-0.83462613821,-0.00953179597855
ETTm1,113,546,513–720,-0.819540500641,-1.1038942337,720,validation,-0.852550327778,-0.033009827137,-0.828079283237,-0.00853878259659,-0.760330379009,0.0592101216316,-0.870079159737,-0.0505386590958,-0.786958873272,0.0325816273689
ETTm1,113,547,513–720,-0.790919423103,-1.13595712185,720,validation,-0.835914075375,-0.0449946522713,-0.647284626961,0.143634796143,-0.809544801712,-0.0186253786087,-0.854395031929,-0.0634756088257,-0.808195054531,-0.0172756314278
ETTm1,113,548,513–720,-0.751542925835,-1.45658552647,720,validation,-0.840194523335,-0.0886515974998,-0.6613535285,0.0901893973351,-0.73725092411,0.0142920017242,-0.768878638744,-0.0173357129097,-0.750620126724,0.000922799110413
ETTm1,113,549,513–720,-0.77927672863,-1.16801989079,720,validation,-0.885892629623,-0.106615900993,-0.691378116608,0.0878986120224,-0.721519827843,0.0577569007874,-0.850105524063,-0.070828795433,-0.748329639435,0.0309470891953
ETTm1,113,550,513–720,-0.736674368382,-1.39245986938,720,validation,-0.760026872158,-0.0233525037766,-0.675315976143,0.0613583922386,-0.764577031136,-0.0279026627541,-0.874057292938,-0.137382924557,-0.60966950655,0.127004861832
ETTm1,113,551,513–720,-0.726209819317,-1.00770568848,720,validation,-0.732852458954,-0.00664263963699,-0.685123324394,0.0410864949226,-0.750107765198,-0.0238979458809,-0.799731612206,-0.0735217928886,-0.663355767727,0.06285405159
ETTm1,113,552,513–720,-0.679603755474,-1.23214566708,720,validation,-0.730979084969,-0.0513753294945,-0.639577865601,0.0400258898735,-0.734300613403,-0.0546968579292,-0.702218592167,-0.0226148366928,-0.591077685356,0.088526070118
ETTm1,113,553,513–720,-0.626175165176,-0.975642800331,720,validation,-0.697099804878,-0.0709246397018,-0.661218106747,-0.0350429415703,-0.600813567638,0.025361597538,-0.655273199081,-0.029098033905,-0.516879200935,0.109295964241
ETTm1,113,554,513–720,-0.568589389324,-0.911517083645,720,validation,-0.69187361002,-0.123284220695,-0.46378839016,0.104800999165,-0.604286789894,-0.0356974005699,-0.527578353882,0.0410110354424,-0.556001842022,0.0125875473022
ETTm1,113,555,513–720,-0.501580655575,-0.94357997179,720,validation,-0.575970411301,-0.0743897557259,-0.583927094936,-0.0823464393616,-0.452039182186,0.0495414733887,-0.4473721385,0.0542085170746,-0.449104487896,0.0524761676788
ETTm1,113,556,513–720,-0.376282900572,-1.07183134556,720,validation,-0.441381633282,-0.0650987327099,-0.439840912819,-0.0635580122471,-0.281008064747,0.095274835825,-0.369645267725,0.00663763284683,-0.35017812252,0.0261047780514
ETTm1,113,557,513–720,-0.303526818752,-1.1038942337,720,validation,-0.25584757328,0.047679245472,-0.377278625965,-0.0737518072128,-0.339208364487,-0.0356815457344,-0.302698493004,0.000828325748444,-0.242359280586,0.061167538166
ETTm1,113,558,513–720,-0.234920501709,-0.719139993191,720,validation,-0.335318863392,-0.100398361683,-0.154499530792,0.0804209709167,-0.173360511661,0.0615599900484,-0.255939215422,-0.0210187137127,-0.256185293198,-0.0212647914886
ETTm1,113,559,513–720,-0.149387151003,-0.783265709877,720,validation,-0.276651024818,-0.127263873816,-0.069513335824,0.0798738151789,-0.126891240478,0.0224959105253,-0.130030483007,0.0193566679955,-0.144748523831,0.00463862717152
ETTm1,113,560,513–720,-0.0924092233181,-0.622951447964,720,validation,-0.194140717387,-0.101731494069,-0.0225951075554,0.0698141157627,-0.0197927355766,0.0726164877415,-0.0686536282301,0.023755595088,-0.157485038042,-0.065075814724
ETTm1,113,561,513–720,-0.119894206524,-0.655014276505,720,validation,-0.223560646176,-0.103666439652,-0.019516736269,0.100377470255,-0.0988690257072,0.0210251808167,-0.181942000985,-0.0620477944613,-0.0763705968857,0.0435236096382
ETTm1,113,562,513–720,-0.114840179682,-0.655014276505,720,validation,-0.215395018458,-0.100554838777,-0.0636868923903,0.0511532872915,-0.0835610181093,0.0312791615725,-0.155398100615,-0.0405579209328,-0.0571417510509,0.0576984286308
ETTm1,113,563,513–720,-0.0278818160295,-0.68707716465,720,validation,-0.074614495039,-0.0467326790094,0.0400789380074,0.0679607540369,-0.0419954657555,-0.0141136497259,-0.0997289195657,-0.0718471035361,0.0364516228437,0.0643334388733
ETTm1,113,564,513–720,-0.0323515534401,-0.847391426563,720,validation,-0.157829910517,-0.125478357077,0.0287269204855,0.0610784739256,0.0430357605219,0.075387313962,-0.0608520358801,-0.02850048244,-0.015975445509,0.0163761079311
ETTm1,113,565,513–720,-0.0736289620399,-0.68707716465,720,validation,-0.139890536666,-0.066261574626,-0.0522256568074,0.0214033052325,-0.104520045221,-0.0308910831809,-0.0792404487729,-0.00561148673296,0.00675944983959,0.0803884118795
ETTm1,113,566,513–720,-0.0724186077714,-0.68707716465,720,validation,-0.21941357851,-0.146994970739,-0.100617438555,-0.0281988307834,-0.0380345582962,0.0343840494752,-0.0573229491711,0.0150956586003,0.0508532375097,0.123271845281
ETTm1,113,567,513–720,-0.0241369605064,-0.911517083645,720,validation,-0.136794567108,-0.112657606602,-0.0357048511505,-0.0115678906441,0.0127065330744,0.0368434935808,0.0171562880278,0.0412932485342,0.0202445834875,0.0443815439939
ETTm1,113,568,513–720,-0.0370678305626,-0.751202821732,720,validation,-0.169777020812,-0.132709190249,-0.0981615483761,-0.0610937178135,0.00363275408745,0.04070058465,0.0492903441191,0.0863581746817,0.0271504968405,0.0642183274031
ETTm1,113,569,513–720,-0.0101527273655,-0.975642800331,720,validation,-0.129198685288,-0.119045957923,-0.122641310096,-0.11248858273,0.100691244006,0.110843971372,0.0364131182432,0.0465658456087,0.0612393170595,0.071392044425
ETTm1,113,570,513–720,-0.0294260233641,-0.975642800331,720,validation,-0.160977274179,-0.131551250815,-0.0842683762312,-0.0548423528671,0.0522398203611,0.0816658437252,0.0513636320829,0.080789655447,-0.00791475176811,0.021511271596
ETTm1,113,571,513–720,-0.0560300797224,-0.558825731277,720,validation,-0.173329859972,-0.11729978025,-0.121426187456,-0.0653961077332,0.0195957571268,0.0756258368492,0.033622533083,0.0896526128054,-0.0410065501928,0.0150235295296
ETTm1,113,572,513–720,-0.0412920415401,-0.622951447964,720,validation,-0.255866408348,-0.214574366808,-0.0458630770445,-0.00457103550434,0.046491920948,0.0877839624882,0.081060603261,0.122352644801,-0.0357493013144,0.00554274022579
ETTm1,113,573,513–720,-0.0214189141989,-0.590888559818,720,validation,-0.167233705521,-0.145814791322,-0.106957837939,-0.0855389237404,0.119314804673,0.140733718872,0.0379244834185,0.0593433976173,0.00672774016857,0.0281466543674
ETTm1,113,574,513–720,-0.102392621338,-0.655014276505,720,validation,-0.155879735947,-0.0534871146083,-0.132734298706,-0.0303416773677,-0.155569374561,-0.0531767532229,0.0043348222971,0.106727443635,-0.0738719925284,0.0285206288099
ETTm1,113,575,513–720,-0.0882384330034,-0.815328538418,720,validation,-0.146769955754,-0.0585315227509,-0.127164497972,-0.0389260649681,-0.0287528783083,0.0594855546951,-0.0274980515242,0.0607403814793,-0.112228579819,-0.0239901468158
ETTm1,113,576,513–720,-0.0375140607357,-0.879454255104,720,validation,-0.0977435782552,-0.0602295175195,-0.0913617387414,-0.0538476780057,0.0116979926825,0.0492120534182,0.0195420384407,0.0570560991764,-0.0314114391804,0.00610262155533
ETTm1,113,577,513–720,-0.085888415575,-0.975642800331,720,validation,-0.13397243619,-0.0480840206146,-0.0742471069098,0.0116413086653,-0.0137315839529,0.0721568316221,-0.138217180967,-0.0523287653923,-0.0697822645307,0.0161061510444
ETTm1,113,578,513–720,-0.0778140872717,-0.590888559818,720,validation,-0.10075198859,-0.0229379013181,-0.0888690650463,-0.0110549777746,0.0499396175146,0.127753704786,-0.161750078201,-0.0839359909296,-0.0874338671565,-0.00961977988482
ETTm1,113,579,513–720,-0.0767693966627,-0.655014276505,720,validation,-0.0493611618876,0.0274082347751,-0.134786963463,-0.0580175668001,0.0540146976709,0.130784094334,-0.197794705629,-0.121025308967,-0.0554089620709,0.0213604345918
ETTm1,113,580,513–720,-0.0678951144218,-0.494700044394,720,validation,-0.0151114016771,0.0527837127447,-0.12759655714,-0.0597014427185,0.0309606045485,0.0988557189703,-0.116074517369,-0.0481794029474,-0.110412985086,-0.0425178706646
ETTm1,113,581,513–720,-0.0477086082101,-0.622951447964,720,validation,-0.0508044138551,-0.00309580564499,-0.0820890218019,-0.0343804135919,0.0109165459871,0.0586251541972,-0.083410769701,-0.0357021614909,-0.0334401875734,0.0142684206367
ETTm1,113,582,513–720,-0.0541071146727,-0.655014276505,720,validation,-0.0364632457495,0.0176438689232,-0.129642963409,-0.0755358487368,0.108674868941,0.162781983614,-0.136842757463,-0.0827356427908,-0.0756886005402,-0.0215814858675
ETTm1,113,583,513–720,-0.0570194870234,-0.655014276505,720,validation,-0.113108702004,-0.0560892149806,-0.0131580084562,0.0438614785671,0.0180198252201,0.0750393122435,-0.125177890062,-0.068158403039,-0.0517091527581,0.00531033426523
ETTm1,113,584,513–720,0.0568238198757,-0.975642800331,720,validation,-0.0211083441973,-0.077932164073,0.102238610387,0.0454147905111,0.146828010678,0.0900041908026,0.00123582780361,-0.0555879920721,0.0545374006033,-0.00228641927242
ETTm1,113,585,513–720,0.0364376753569,-1.07183134556,720,validation,0.0889521986246,0.0525145232677,0.125171229243,0.0887335538864,0.0133963376284,-0.0230413377285,-0.0369910001755,-0.0734286755323,-0.00509586930275,-0.0415335446596
ETTm1,113,586,513–720,0.0512259304523,-1.1038942337,720,validation,0.025347545743,-0.0258783847094,0.0978123396635,0.0465864092112,0.0268597602844,-0.0243661701679,0.0288723558187,-0.0223535746336,0.0770488232374,0.0258228927851
ETTm1,113,587,513–720,0.101127937436,-0.975642800331,720,validation,0.102687880397,0.00155994296074,0.185413524508,0.0842855870724,0.0407712161541,-0.060356721282,0.0905963331461,-0.01053160429,0.0874694138765,-0.0136585235596
ETTm1,113,588,513–720,0.0655558854342,-1.00770568848,720,validation,0.0927346497774,0.0271787643433,0.134454384446,0.068898499012,-0.0181796252728,-0.0837355107069,0.104534879327,0.0389789938927,0.0159927904606,-0.0495630949736
ETTm1,113,589,513–720,0.165740296245,-0.68707716465,720,validation,0.18865416944,0.0229138731956,0.32883554697,0.163095250726,0.0204909592867,-0.145249336958,0.196300551295,0.0305602550507,0.0976607650518,-0.0680795311928
ETTm1,113,590,513–720,0.13790602982,-0.719139993191,720,validation,0.192352846265,0.0544468164444,0.210477843881,0.0725718140602,-0.0146581679583,-0.152564197779,0.177863910794,0.0399578809738,0.125207826495,-0.0126982033253
ETTm1,113,591,513–720,0.175573006272,-0.590888559818,720,validation,0.188408508897,0.0128355026245,0.301062583923,0.125489577651,-0.0138818621635,-0.189454868436,0.276679992676,0.101106986403,0.127090886235,-0.0484821200371
ETTm1,113,592,513–720,0.171307906508,-0.46263718605,720,validation,0.194143936038,0.0228360295296,0.248196855187,0.076888948679,0.0730363279581,-0.0982715785503,0.239999100566,0.0686911940575,0.103100433946,-0.0682074725628
ETTm1,113,593,513–720,0.186067357659,-0.430574297905,720,validation,0.245758548379,0.0596911907196,0.135578647256,-0.0504887104034,0.235272482038,0.0492051243782,0.186090812087,2.34544277191e-05,0.129435256124,-0.0566321015358
ETTm1,113,594,513–720,0.172132208943,-0.494700044394,720,validation,0.207995668054,0.0358634591103,0.187648460269,0.0155162513256,0.225670769811,0.0535385608673,0.183614358306,0.0114821493626,0.0589805990458,-0.113151609898
ETTm1,113,595,513–720,0.134419217706,-0.783265709877,720,validation,0.159966543317,0.0255473256111,0.0660647302866,-0.0683544874191,0.201730385423,0.067311167717,0.15746961534,0.0230503976345,0.0872334688902,-0.0471857488155
ETTm1,113,596,513–720,0.133988037705,-0.68707716465,720,validation,0.0610018968582,-0.0729861408472,0.0736118555069,-0.0603761821985,0.217968508601,0.0839804708958,0.241480901837,0.107492864132,0.0732661932707,-0.0607218444347
ETTm1,113,597,513–720,0.130969330668,-0.558825731277,720,validation,0.0827928036451,-0.0481765270233,0.150148555636,0.019179224968,0.178836390376,0.0478670597076,0.208303019404,0.077333688736,0.0350337177515,-0.0959356129169
ETTm1,113,598,513–720,0.119860097766,-0.366448640823,720,validation,0.0474997311831,-0.0723603665829,0.1142026335,-0.00565746426582,0.115025803447,-0.00483429431915,0.203874841332,0.0840147435665,0.115768805146,-0.00409129261971
ETTm1,113,599,513–720,0.14174182713,-0.68707716465,720,validation,0.266334950924,0.124593123794,0.107804372907,-0.0339374542236,0.0845197290182,-0.0572220981121,0.138699188828,-0.00304263830185,0.114464864135,-0.0272769629955
ETTm1,113,600,513–720,0.115040645003,-0.558825731277,720,validation,0.11295761168,-0.00208303332329,0.12649743259,0.0114567875862,0.0848447531462,-0.0301958918571,0.138146623969,0.0231059789658,0.112561181188,-0.00247946381569
ETTm1,113,601,513–720,0.169097736478,-0.622951447964,720,validation,0.244269564748,0.07517182827,0.0855372399092,-0.0835604965687,0.157146081328,-0.0119516551495,0.18951292336,0.020415186882,0.169216617942,0.000118881464005
ETTm1,113,602,513–720,0.111969426274,-0.494700044394,720,validation,0.156461730599,0.0444923043251,0.0544812828302,-0.0574881434441,0.167577937245,0.0556085109711,0.0139396488667,-0.0980297774076,0.167800322175,0.0558308959007
ETTm1,113,603,513–720,0.12402831018,-0.110424377024,720,validation,0.142234787345,0.0182064771652,0.148526087403,0.0244977772236,0.143937811255,0.0199095010757,0.0438433587551,-0.0801849514246,0.143325999379,0.0192976891994
ETTm1,113,604,513–720,0.0901985615492,-0.110424377024,720,validation,-0.00809405744076,-0.0982926189899,0.0168469250202,-0.073351636529,0.186724767089,0.0965262055397,0.0953928083181,0.00519424676895,0.154635354877,0.0644367933273
ETTm1,113,605,513–720,0.116819068789,-0.430574297905,720,validation,0.0923752039671,-0.0244438648224,0.220559939742,0.103740870953,0.0333982855082,-0.0834207832813,0.0767634063959,-0.0400556623936,0.161538556218,0.0447194874287
ETTm1,113,606,513–720,0.0987154990435,-0.238197222352,720,validation,0.129500404,0.0307849049568,0.0648975968361,-0.0338179022074,0.173758670688,0.0750431716442,0.0437322258949,-0.0549832731485,0.083410307765,-0.0153051912785
ETTm1,113,607,513–720,0.0150350183249,-0.366448640823,720,validation,0.115172550082,0.100137531757,-0.103370688856,-0.118405707181,0.0925244539976,0.0774894356728,-0.0696719884872,-0.0847070068121,0.0419980436563,0.0269630253315
ETTm1,113,608,513–720,-0.0375393033028,-0.847391426563,720,validation,-0.109166994691,-0.0716276913881,-0.137700557709,-0.100161254406,0.0369404703379,0.0744797736406,-0.0218355804682,0.0157037228346,0.0378986299038,0.0754379332066
ETTm1,113,609,513–720,0.0137839615345,-0.783265709877,720,validation,0.069685921073,0.0559019595385,-0.0174414366484,-0.0312253981829,0.0368522554636,0.0230682939291,-0.00473460555077,-0.0185185670853,-0.013284906745,-0.0270688682795
ETTm1,113,610,513–720,-0.0147068351507,-0.751202821732,720,validation,0.0016054213047,0.0163122564554,-0.110710680485,-0.0960038453341,0.0488869100809,0.0635937452316,-0.0240152925253,-0.00930845737457,0.00890903174877,0.0236158668995
ETTm1,113,611,513–720,-0.0327405929565,-0.68707716465,720,validation,0.0431217551231,0.0758623480797,-0.0969078838825,-0.064167290926,-0.100451737642,-0.0677111446857,0.0348960906267,0.0676366835833,-0.0444991290569,-0.0117585361004
ETTm1,113,612,513–720,-0.0256190896034,-0.590888559818,720,validation,-0.0316650122404,-0.00604592263699,-0.0865008756518,-0.0608817860484,0.0100961327553,0.0357152223587,0.0386792719364,0.0642983615398,-0.060250043869,-0.0346309542656
ETTm1,113,613,513–720,-0.0322451889515,-0.398511499166,720,validation,0.0275404006243,0.0597855895758,-0.0883432105184,-0.0560980215669,0.0480699539185,0.0803151428699,-0.058685362339,-0.0264401733875,-0.086776688695,-0.0545314997435
ETTm1,113,614,513–720,-0.0410670489073,-0.334385752678,720,validation,-0.00852330029011,0.0325437486172,-0.072952799499,-0.0318857505918,-0.0991810336709,-0.0581139847636,0.0449399352074,0.0860069841146,-0.070255883038,-0.0291888341308
ETTm1,113,615,513–720,0.0337053239346,-0.206134349108,720,validation,0.0803007632494,0.0465954393148,0.0179876983166,-0.015717625618,-0.00168709456921,-0.0353924185038,0.133658781648,0.0999534577131,-0.0597999989986,-0.0935053229332
ETTm1,113,616,513–720,-0.00253562629223,-0.430574297905,720,validation,-0.000309571623802,0.00222605466843,-0.0821202099323,-0.0795845836401,0.000381872057915,0.00291749835014,0.0823302716017,0.0848658978939,-0.0159556120634,-0.0134199857712
ETTm1,113,617,513–720,-0.0122924298048,-0.398511499166,720,validation,0.084769025445,0.0970614552498,-0.117864198983,-0.105571769178,0.0546617507935,0.0669541805983,0.0126969069242,0.024989336729,-0.0926880091429,-0.0803955793381
ETTm1,113,618,513–720,-0.00853760540485,-0.238197222352,720,validation,-0.0289819836617,-0.0204443782568,-0.0689918026328,-0.060454197228,-0.0463168472052,-0.0377792418003,0.150612607598,0.159150213003,-0.0530921071768,-0.0445545017719
ETTm1,113,619,513–720,-0.0414665043354,-0.366448640823,720,validation,-0.0664317905903,-0.0249652862549,-0.0760053545237,-0.0345388501883,0.017803683877,0.0592701882124,0.0764663368464,0.117932841182,-0.159227773547,-0.117761269212
ETTm1,113,620,513–720,-0.0610837340355,-0.655014276505,720,validation,-0.0796944648027,-0.0186107307673,-0.0645275339484,-0.00344379991293,0.0169132947922,0.0779970288277,-0.0055774897337,0.0555062443018,-0.170502707362,-0.109418973327
ETTm1,113,621,513–720,-0.139325171709,-0.110424377024,720,validation,-0.113908991218,0.0254161804914,-0.115021161735,0.024304009974,-0.175316005945,-0.0359908342361,-0.0458787679672,0.0934464037418,-0.24368289113,-0.104357719421
ETTm1,113,622,513–720,-0.204067289829,-0.558825731277,720,validation,-0.222442656755,-0.0183753669262,-0.237480312586,-0.0334130227566,-0.203177154064,0.000890135765076,-0.130512446165,0.0735548436642,-0.228959470987,-0.0248921811581
ETTm1,113,623,513–720,-0.254365026951,-0.174550056458,720,validation,-0.275942355394,-0.0215773284435,-0.226406186819,0.0279588401318,-0.245807424188,0.00855760276318,-0.171326413751,0.0830386132002,-0.350879013538,-0.0965139865875
ETTm1,113,624,513–720,-0.260638028383,-0.302322953939,720,validation,-0.280646264553,-0.0200082361698,-0.245916813612,0.0147212147713,-0.260123252869,0.000514775514603,-0.176739931107,0.0838980972767,-0.33924394846,-0.0786059200764
ETTm1,113,625,513–720,-0.320758223534,-0.622951447964,720,validation,-0.291099637747,0.0296585857868,-0.356009960175,-0.0352517366409,-0.379066884518,-0.058308660984,-0.169008120894,0.151750102639,-0.409048616886,-0.0882903933525
ETTm1,113,626,513–720,-0.329376399517,-0.847391426563,720,validation,-0.448691129684,-0.119314730167,-0.355582535267,-0.0262061357498,-0.29120272398,0.0381736755371,-0.165328174829,0.164048224688,-0.392509043217,-0.0631326436996
ETTm1,113,627,513–720,-0.339257121086,-0.847391426563,720,validation,-0.500644505024,-0.161387383938,-0.316479861736,0.0227772593498,-0.252425193787,0.0868319272995,-0.241579145193,0.097677975893,-0.390561282635,-0.0513041615486
ETTm1,113,628,513–720,-0.382297992706,-0.879454255104,720,validation,-0.477841496468,-0.0955435037613,-0.378539651632,0.00375834107399,-0.305527806282,0.0767701864243,-0.344050049782,0.0382479429245,-0.408591270447,-0.0262932777405
ETTm1,113,629,513–720,-0.430811226368,-0.879454255104,720,validation,-0.620372414589,-0.189561188221,-0.354228407145,0.0765828192234,-0.463230013847,-0.0324187874794,-0.305209308863,0.125601917505,-0.419699937105,0.0111112892628
ETTm1,113,630,513–720,-0.508933186531,-0.975642800331,720,validation,-0.626242995262,-0.117309808731,-0.573903679848,-0.0649704933167,-0.431468427181,0.0774647593498,-0.401151657104,0.107781529427,-0.520033061504,-0.0110998749733
ETTm1,113,631,513–720,-0.529015004635,-0.975642800331,720,validation,-0.74238795042,-0.213372945786,-0.589351177216,-0.0603361725807,-0.475145339966,0.053869664669,-0.391374856234,0.137640148401,-0.462448477745,0.0665665268898
ETTm1,113,632,513–720,-0.597810447216,-0.975642800331,720,validation,-0.861266195774,-0.263455748558,-0.520237267017,0.0775731801987,-0.586966753006,0.0108436942101,-0.444238066673,0.153572380543,-0.588584363461,0.00922608375549
ETTm1,113,633,513–720,-0.658197164536,-0.879454255104,720,validation,-0.793985724449,-0.135788559914,-0.689479708672,-0.031282544136,-0.591101408005,0.0670957565308,-0.568536818027,0.089660346508,-0.65615183115,0.00204533338547
ETTm1,113,634,513–720,-0.734915018082,-0.847391426563,720,validation,-0.951067268848,-0.216152250767,-0.789093434811,-0.054178416729,-0.597363233566,0.137551784515,-0.677840650082,0.057074368,-0.672606170177,0.0623088479042
ETTm1,113,635,513–720,-0.784933149815,-0.879454255104,720,validation,-0.94430077076,-0.159367620945,-0.925067007542,-0.140133857727,-0.631171345711,0.153761804104,-0.651685237885,0.13324791193,-0.785601556301,-0.000668406486511
ETTm1,113,636,513–720,-0.80509352684,-0.911517083645,720,validation,-0.889090120792,-0.0839965939522,-0.880367875099,-0.075274348259,-0.667114377022,0.137979149818,-0.756051719189,0.0490418076515,-0.837720215321,-0.0326266884804
ETTm1,113,637,513–720,-0.847736418247,-0.975642800331,720,validation,-0.878901302814,-0.0311648845673,-0.923475146294,-0.0757387280464,-0.758351266384,0.0893851518631,-0.854944586754,-0.00720816850662,-0.826739728451,0.0209966897964
ETTm1,113,638,513–720,-0.846718370914,-0.975642800331,720,validation,-0.868335187435,-0.0216168165207,-1.0143198967,-0.167601525784,-0.660367012024,0.186351358891,-0.836404442787,0.0103139281273,-0.858893096447,-0.0121747255325
ETTm1,113,639,513–720,-0.88019913435,-0.911517083645,720,validation,-0.904047966003,-0.0238488316536,-1.01963663101,-0.139437496662,-0.685219049454,0.194980084896,-0.90129584074,-0.0210967063904,-0.89382827282,-0.0136291384697
ETTm1,113,640,513–720,-0.866767764091,-0.879454255104,720,validation,-0.87833917141,-0.0115714073181,-0.98330950737,-0.116541743279,-0.62819737196,0.238570392132,-0.950759470463,-0.0839917063713,-0.892562568188,-0.0257948040962
ETTm1,113,641,513–720,-0.87412238121,-0.879454255104,720,validation,-0.824029862881,0.0500925183296,-0.955216467381,-0.0810940861702,-0.698203444481,0.175918936729,-0.99965518713,-0.12553280592,-0.888774931431,-0.0146525502205
ETTm1,113,642,513–720,-0.805777966976,-0.911517083645,720,validation,-0.778619885445,0.0271580815315,-0.79635989666,0.00941807031631,-0.714139103889,0.0916388630867,-0.914106786251,-0.108328819275,-0.819995045662,-0.0142170786858
ETTm1,113,643,513–720,-0.874880671501,-0.879454255104,720,validation,-0.862561821938,0.0123188495636,-0.893367946148,-0.0184872746468,-0.824228584766,0.0506520867348,-0.916969001293,-0.042088329792,-0.875794053078,-0.000913381576538
ETTm1,113,644,513–720,-0.784222722054,-0.911517083645,720,validation,-0.911532640457,-0.127309918404,-0.64174759388,0.142475128174,-0.691030740738,0.0931919813156,-0.89597928524,-0.111756563187,-0.778230309486,0.00599241256714
ETTm1,113,645,513–720,-0.82310539484,-0.975642800331,720,validation,-0.968100070953,-0.144994676113,-0.818661868572,0.00444352626801,-0.659791648388,0.163313746452,-0.804287731647,0.0188176631927,-0.868429780006,-0.0453243851662
ETTm1,113,646,513–720,-0.716851532459,-0.975642800331,720,validation,-0.815507590771,-0.0986560583115,-0.670160055161,0.0466914772987,-0.55940926075,0.157442271709,-0.765183031559,-0.0483314990997,-0.77195507288,-0.0551035404205
ETTm1,113,647,513–720,-0.666313111782,-0.94357997179,720,validation,-0.791468024254,-0.125154912472,-0.628434240818,0.0378788709641,-0.594448447227,0.0718646645546,-0.597732305527,0.0685808062553,-0.722826778889,-0.0565136671066
ETTm1,113,648,513–720,-0.654143691063,-0.975642800331,720,validation,-0.781130194664,-0.126986503601,-0.581830978394,0.0723127126694,-0.493692934513,0.16045075655,-0.714018762112,-0.0598750710487,-0.698481321335,-0.0443376302719
ETTm1,113,649,513–720,-0.577748537064,-0.558825731277,720,validation,-0.639080524445,-0.061331987381,-0.595812380314,-0.0180638432503,-0.48690032959,0.0908482074738,-0.588379561901,-0.0106310248375,-0.58089774847,-0.00314921140671
ETTm1,113,650,513–720,-0.542184114456,-0.430574297905,720,validation,-0.620427727699,-0.0782436132431,-0.560331523418,-0.0181474089622,-0.442943274975,0.0992408394814,-0.541275501251,0.000908613204956,-0.549176573753,-0.00699245929718
ETTm1,113,651,513–720,-0.445468485355,-0.655014276505,720,validation,-0.484538316727,-0.0390698313713,-0.411276161671,0.0341923236847,-0.352071076632,0.0933974087238,-0.497586727142,-0.052118241787,-0.478712916374,-0.0332444310188
ETTm1,113,652,513–720,-0.399045497179,-0.430574297905,720,validation,-0.544182658195,-0.145137161016,-0.340724885464,0.0583206117153,-0.248552858829,0.15049263835,-0.432348251343,-0.0333027541637,-0.430570781231,-0.0315252840519
ETTm1,113,653,513–720,-0.317876935005,-0.622951447964,720,validation,-0.297627568245,0.0202493667603,-0.341790795326,-0.023913860321,-0.249419629574,0.0684573054314,-0.427595019341,-0.109718084335,-0.271162360907,0.0467145740986
ETTm1,113,654,513–720,-0.278634548187,0.434644132853,720,validation,-0.397199749947,-0.118565201759,-0.265917539597,0.0127170085907,-0.197830080986,0.0808044672012,-0.304243505001,-0.0256089568138,-0.233856856823,0.0447776913643
ETTm1,113,655,513–720,-0.159629389644,0.466706931591,720,validation,-0.253969728947,-0.094340339303,-0.0453782379627,0.114251151681,-0.138475611806,0.0211537778378,-0.232372775674,-0.0727433860302,-0.127422213554,0.0322071760893
ETTm1,113,656,513–720,-0.185541883111,0.21020410955,720,validation,-0.251457601786,-0.0659157186747,-0.152027949691,0.0335139334202,-0.190709605813,-0.00516772270203,-0.207009628415,-0.0214677453041,-0.130447179079,0.0550947040319
ETTm1,113,657,513–720,-0.0776548907161,0.338455587626,720,validation,-0.076972477138,0.000682413578033,-0.117270573974,-0.0396156832576,-0.0418599545956,0.0357949361205,-0.138725429773,-0.0610705390573,-0.0156431645155,0.0620117262006
ETTm1,113,658,513–720,-0.106469891965,0.0178270284086,720,validation,-0.150226816535,-0.0437569245696,-0.106707647443,-0.000237755477428,-0.0744815692306,0.0319883227348,-0.135844603181,-0.0293747112155,-0.0679093003273,0.0385605916381
ETTm1,113,659,513–720,-0.0230809897184,-0.110424377024,720,validation,-0.0517253577709,-0.0286443680525,0.0484549850225,0.071535974741,-0.158364459872,-0.135283470154,0.0118642151356,0.034945204854,0.030809700489,0.0538906902075
ETTm1,113,660,513–720,-0.0722658336163,-0.174550056458,720,validation,-0.123896583915,-0.0516307502985,-0.0969956815243,-0.024729847908,-0.122301861644,-0.0500360280275,-0.00861872732639,0.0636471062899,-0.0181074142456,0.0541584193707
ETTm1,113,661,513–720,-0.0485501885414,0.402581304312,720,validation,-0.0669646561146,-0.0184144675732,-0.00602185726166,0.0425283312798,-0.147649660707,-0.0990994721651,0.0175718814135,0.0661220699549,-0.0422545820475,0.00629560649395
ETTm1,113,662,513–720,-0.0349657088518,0.081952765584,720,validation,-0.119676679373,-0.084710970521,-0.171918749809,-0.136953040957,-0.0151155143976,0.0198501944542,0.0443005412817,0.0792662501335,0.0704558640718,0.105421572924
ETTm1,113,663,513–720,-0.0209823250771,-0.0462986454368,720,validation,-0.0190197974443,0.00196252763271,-0.142065048218,-0.121082723141,-0.0198951363564,0.0010871887207,0.0707230865955,0.0917054116726,-0.00311355292797,0.0178687721491
ETTm1,113,664,513–720,-0.0519891381264,-0.0142357805744,720,validation,-0.0291164219379,0.0228727161884,-0.107435494661,-0.055446356535,-0.0930584967136,-0.0410693585873,0.0102597773075,0.0622489154339,-0.04437507689,0.00761406123638
ETTm1,113,665,513–720,-0.0355536192656,0.242267042398,720,validation,-0.0568449646235,-0.0212913453579,-0.0868672505021,-0.0513136312366,-0.0398033410311,-0.00424972176552,-0.00331176817417,0.0322418510914,0.0029198974371,0.0384735167027
ETTm1,113,666,513–720,-0.0579495131969,-0.142487183213,720,validation,-0.229585334659,-0.171635821462,-0.0843750163913,-0.0264255031943,0.00490951538086,0.0628590285778,0.0598047822714,0.117754295468,-0.0539281889796,0.00402132421732
ETTm1,113,667,513–720,-0.0870012640953,0.081952765584,720,validation,-0.121854797006,-0.0348535329103,-0.142943099141,-0.0559418350458,-0.0540373921394,0.0329638719559,-0.0579398870468,0.0290613770485,-0.0640988498926,0.0229024142027
ETTm1,113,668,513–720,-0.0876049622893,0.178141310811,720,validation,-0.25617980957,-0.168574847281,-0.17190849781,-0.084303535521,-0.000694900751114,0.0869100615382,0.0166282057762,0.104233168066,-0.0430053025484,0.0445996597409
ETTm1,113,669,513–720,-0.112259827554,-0.0142357805744,720,validation,-0.0500613376498,0.0621984899044,-0.168526649475,-0.0562668219209,-0.179444238544,-0.0671844109893,-0.0629907473922,0.049269080162,-0.102093458176,0.0101663693786
ETTm1,113,670,513–720,-0.117677360773,0.338455587626,720,validation,-0.203417539597,-0.0857401788235,-0.0784150138497,0.0392623469234,-0.0404146462679,0.0772627145052,-0.0809648707509,0.0367124900222,-0.185137286782,-0.0674599260092
ETTm1,113,671,513–720,-0.115830481052,0.370518386364,720,validation,-0.223940938711,-0.108110457659,-0.158970668912,-0.0431401878595,-0.010831952095,0.104998528957,-0.0432814359665,0.0725490450859,-0.149356022477,-0.0335255414248
ETTm1,113,672,513–720,-0.147804558277,-0.0783615112305,720,validation,-0.0318678915501,0.115936666727,-0.215970382094,-0.0681658238173,-0.174517720938,-0.0267131626606,-0.159736484289,-0.011931926012,-0.153136402369,-0.00533184409142
ETTm1,113,673,513–720,-0.112165883183,-0.655014276505,720,validation,-0.181104183197,-0.0689383000135,-0.152848929167,-0.0406830459833,-0.0603696554899,0.0517962276936,-0.0641459524632,0.0480199307203,-0.109046153724,0.00311972945929
ETTm1,113,674,513–720,-0.167720660567,-0.142487183213,720,validation,-0.170000180602,-0.00227952003479,-0.187533020973,-0.0198123604059,-0.20818823576,-0.0404675751925,-0.12645432353,0.0412663370371,-0.150116622448,0.0176040381193
ETTm1,113,675,513–720,-0.160529389977,0.0178270284086,720,validation,-0.223030239344,-0.0625008493662,-0.167714893818,-0.00718550384045,-0.1490098387,0.0115195512772,-0.132892042398,0.027637347579,-0.135824531317,0.0247048586607
ETTm1,113,676,513–720,-0.1298712641,-0.430574297905,720,validation,-0.16853146255,-0.0386601984501,-0.162282288074,-0.0324110239744,-0.0227411836386,0.107130080462,-0.132011890411,-0.0021406263113,-0.164294809103,-0.0344235450029
ETTm1,113,677,513–720,-0.118703365326,-0.0142357805744,720,validation,-0.201452314854,-0.0827489495277,-0.131089299917,-0.0123859345913,0.0147000849247,0.133403450251,-0.138275414705,-0.0195720493793,-0.139323204756,-0.0206198394299
ETTm1,113,678,513–720,-0.168500766158,-0.238197222352,720,validation,-0.302652776241,-0.134152010083,-0.14239384234,0.0261069238186,-0.152611374855,0.0158893913031,-0.107358627021,0.0611421391368,-0.146863922477,0.0216368436813
ETTm1,113,679,513–720,-0.112589359283,-0.366448640823,720,validation,-0.194497466087,-0.0819081068039,-0.166807383299,-0.0542180240154,-0.0323163717985,0.0802729874849,-0.0537957698107,0.0587935894728,-0.123051926494,-0.0104625672102
ETTm1,113,680,513–720,-0.0304558128119,-0.206134349108,720,validation,-0.14738894999,-0.116933137178,0.0628952085972,0.093351021409,0.0135464817286,0.0440022945404,-0.0427460968494,-0.0122902840376,-0.0396493077278,-0.00919349491596
ETTm1,113,681,513–720,-0.0564983263612,0.0498898401856,720,validation,-0.052064396441,0.0044339299202,-0.0640048608184,-0.00750653445721,-0.103420600295,-0.0469222739339,-0.0143460780382,0.042152248323,-0.051011711359,0.00548661500216
ETTm1,113,682,513–720,0.0280344635248,-0.174550056458,720,validation,0.038204908371,0.0101704448462,0.166168436408,0.138133972883,-0.0407920479774,-0.0688265115023,-0.0203959047794,-0.0484303683043,0.00577175617218,-0.0222627073526
ETTm1,113,683,513–720,-0.00162889063358,0.466706931591,720,validation,0.0178507715464,0.0194796621799,0.0743985325098,0.0760274231434,-0.142408922315,-0.140780031681,0.053843960166,0.0554728507996,-0.0104029178619,-0.00877402722836
ETTm1,113,684,513–720,0.0894165784121,0.755272686481,720,validation,0.151099607348,0.0616830289364,0.205235168338,0.115818589926,0.0022286772728,-0.0871879011393,0.0993887335062,0.00997215509415,0.00120946764946,-0.0882071107626
ETTm1,113,685,513–720,0.0879514664412,0.338455587626,720,validation,0.161267474294,0.0733160078526,0.201918438077,0.113966971636,-0.0605309456587,-0.1484824121,0.0991048663855,0.0111533999443,0.0473896861076,-0.0405617803335
ETTm1,113,686,513–720,0.115279600024,0.081952765584,720,validation,0.201469793916,0.0861901938915,0.262470841408,0.147191241384,-0.107361935079,-0.222641535103,0.183034941554,0.0677553415298,0.0470853447914,-0.0681942552328
ETTm1,113,687,513–720,0.130446061492,0.402581304312,720,validation,0.280595898628,0.150149837136,0.305211126804,0.174765065312,-0.0366983562708,-0.167144417763,0.0741101801395,-0.0563358813524,0.0499718487263,-0.0804742127657
ETTm1,113,688,513–720,0.183330789208,0.755272686481,720,validation,0.33091622591,0.147585436702,0.324319899082,0.140989109874,0.04478931427,-0.138541474938,0.192533686757,0.00920289754868,0.0446195006371,-0.138711288571
ETTm1,113,689,513–720,0.162884160876,0.114015571773,720,validation,0.362459659576,0.1995754987,0.161028072238,-0.00185608863831,0.0889839977026,-0.0739001631737,0.15017350018,-0.012710660696,0.0680141448975,-0.0948700159788
ETTm1,113,690,513–720,0.116505667567,0.338455587626,720,validation,0.13676212728,0.020256459713,0.226113632321,0.109607964754,0.038865506649,-0.0776401609182,0.158564195037,0.0420585274696,0.030690997839,-0.0858146697283
ETTm1,113,691,513–720,0.155691131949,0.723209738731,720,validation,0.135190233588,-0.0205008983612,0.284346163273,0.128655031323,0.0489617437124,-0.106729388237,0.216599658132,0.0609085261822,0.0977973490953,-0.0578937828541
ETTm1,113,692,513–720,0.146949633956,0.306392669678,720,validation,0.113872155547,-0.0330774784088,0.212074503303,0.0651248693466,0.113269612193,-0.0336800217628,0.176313385367,0.0293637514114,0.120294943452,-0.0266546905041
ETTm1,113,693,513–720,0.147288158536,0.306392669678,720,validation,0.198605343699,0.0513171851635,0.14301200211,-0.00427615642548,0.160347178578,0.0130590200424,0.159326389432,0.012038230896,0.0813233405352,-0.0659648180008
ETTm1,113,694,513–720,0.107214406133,0.402581304312,720,validation,0.201832547784,0.0946181416512,0.1452113837,0.0379969775677,0.0611185729504,-0.0460958331823,0.0884243994951,-0.0187900066376,0.0500903725624,-0.0571240335703
ETTm1,113,695,513–720,0.140126034617,0.691146969795,720,validation,0.212651774287,0.0725257396698,0.2137516886,0.0736256539822,0.102282091975,-0.0378439426422,0.100179061294,-0.0399469733238,0.0835848301649,-0.0565412044525
ETTm1,113,696,513–720,0.140254721045,0.530832648277,720,validation,0.276923298836,0.13666857779,0.122502222657,-0.0177524983883,0.100040063262,-0.0402146577835,0.112089827657,-0.0281648933887,0.0997488051653,-0.0405059158802
ETTm1,113,697,513–720,0.106792792678,-0.110424377024,720,validation,0.145157471299,0.0383646786213,0.134812369943,0.0280195772648,0.0960007756948,-0.010792016983,0.0996763855219,-0.00711640715599,0.0643879324198,-0.0424048602581
ETTm1,113,698,513–720,0.0925874859095,0.562895476818,720,validation,0.189062550664,0.0964750647545,0.0886015444994,-0.00398594141006,0.172045186162,0.0794577002525,-0.00694769620895,-0.0995351821184,0.0336062312126,-0.0589812546968
ETTm1,113,699,513–720,0.0903357118368,0.659084022045,720,validation,0.115260139108,0.0249244272709,0.14907707274,0.0587413609028,0.142591252923,0.0522555410862,-0.0352204293013,-0.125556141138,0.0894864946604,-0.000849217176437
ETTm1,113,700,513–720,0.0309029966593,0.081952765584,720,validation,0.105822786689,0.0749197900295,0.0065326243639,-0.0243703722954,0.0635596960783,0.032656699419,-0.103668347001,-0.13457134366,0.0877262502909,0.0568232536316
ETTm1,113,701,513–720,0.099667802453,0.466706931591,720,validation,0.143235221505,0.0435674190521,0.10429854691,0.00463074445724,0.250397503376,0.150729700923,-0.0277822315693,-0.127450034022,0.0408489704132,-0.0588188320398
ETTm1,113,702,513–720,0.0556457489729,0.21020410955,720,validation,0.0517386049032,-0.00390714406967,0.0740109533072,0.0183652043343,0.166626855731,0.110981106758,-0.0269552469254,-0.0826009958982,0.0198656618595,-0.0357800871134
ETTm1,113,703,513–720,-0.0115021318197,-0.110424377024,720,validation,-0.00506061315536,0.00644151866436,-0.025623485446,-0.0141213536263,0.0836534053087,0.0951555371284,-0.0587069988251,-0.0472048670053,-0.0471284240484,-0.0356262922287
ETTm1,113,704,513–720,0.00907373428345,0.114015571773,720,validation,0.044132232666,0.0350584983826,-0.0402915626764,-0.0493652969599,0.114542201161,0.105468466878,-0.0231694579124,-0.0322431921959,-0.044554322958,-0.0536280572414
ETTm1,113,705,513–720,-0.0239474326372,0.081952765584,720,validation,-0.0857595428824,-0.0618121102452,-0.0670447647572,-0.0430973321199,0.0289972126484,0.0529446452856,-0.00916218757629,0.0147852450609,0.0058945864439,0.0298420190811
ETTm1,113,706,513–720,-0.0162981003523,0.0498898401856,720,validation,0.051641240716,0.0679393410683,-0.0432548969984,-0.0269567966461,0.0319679379463,0.0482660382986,-0.065725274384,-0.0494271740317,-0.0490291342139,-0.0327310338616
ETTm1,113,707,513–720,0.0336064398289,0.627021193504,720,validation,0.139431849122,0.105825409293,-0.0501372367144,-0.0837436765432,0.142627283931,0.109020844102,0.0478636771441,0.0142572373152,-0.100904434919,-0.134510874748
ETTm1,113,708,513–720,-0.00574494898319,0.979712605476,720,validation,0.132829472423,0.138574421406,-0.0440872758627,-0.0383423268795,0.0190490931273,0.0247940421104,-0.0246692448854,-0.0189242959023,-0.0990082398057,-0.0932632908225
ETTm1,113,709,513–720,-0.0319863855839,-0.110424377024,720,validation,0.08028639853,0.112272784114,-0.10759653151,-0.0756101459265,0.0317443311214,0.0637307167053,-0.0231371968985,0.00884918868542,-0.131910443306,-0.0999240577221
ETTm1,113,710,513–720,0.017577111721,0.114015571773,720,validation,0.190029010177,0.172451898456,-0.0592604652047,-0.0768375769258,0.0575982779264,0.0400211662054,-0.000602185726166,-0.0181792974472,-0.0860536321998,-0.103630743921
ETTm1,113,711,513–720,0.0149117708206,0.338455587626,720,validation,0.173168584704,0.158256813884,0.0107190608978,-0.00419270992279,0.0351402014494,0.0202284306288,-0.051763497293,-0.0666752681136,-0.0754442587495,-0.0903560295701
ETTm1,113,712,513–720,0.0134378373623,0.242267042398,720,validation,0.101769015193,0.0883311778307,-0.0400050729513,-0.0534429103136,0.0669966638088,0.0535588264465,0.0683655142784,0.0549276769161,-0.120863310993,-0.134301148355
ETTm1,113,713,513–720,0.0310593396425,0.178141310811,720,validation,0.141890779138,0.110831439495,0.0116834789515,-0.0193758606911,0.0712291002274,0.0401697605848,0.0325440168381,0.00148467719555,-0.0889614075422,-0.120020747185
ETTm1,113,714,513–720,-0.0233792215586,-0.270260095596,720,validation,0.059493303299,0.0828725248575,-0.108175635338,-0.0847964137793,0.143399819732,0.16677904129,-0.0114917010069,0.0118875205517,-0.188097923994,-0.164718702435
ETTm1,113,715,513–720,-0.0398256331682,0.178141310811,720,validation,0.0726268589497,0.112452492118,-0.0819804444909,-0.0421548113227,0.0434044897556,0.0832301229239,-0.0718533694744,-0.0320277363062,-0.148092478514,-0.108266845345
ETTm1,113,716,513–720,-0.0730974674225,0.338455587626,720,validation,-0.0179650783539,0.0551323890686,-0.128026694059,-0.0549292266369,0.0312716513872,0.10436911881,0.000770419836044,0.0738678872585,-0.242581218481,-0.169483751059
ETTm1,113,717,513–720,-0.102163158357,0.306392669678,720,validation,-0.12354144454,-0.0213782861829,-0.0807314291596,0.0214317291975,0.0109815895557,0.113144747913,-0.0361546427011,0.066008515656,-0.272903680801,-0.170740522444
ETTm1,113,718,513–720,-0.182963624597,-0.0783615112305,720,validation,-0.0899809524417,0.0929826721549,-0.240759551525,-0.0577959269285,-0.180795535445,0.00216808915138,-0.0447943210602,0.138169303536,-0.351138830185,-0.168175205588
ETTm1,113,719,513–720,-0.189999461174,-0.206134349108,720,validation,-0.185026630759,0.00497283041477,-0.128820762038,0.0611786991358,-0.262635827065,-0.0726363658905,-0.076511181891,0.113488279283,-0.293023735285,-0.103024274111
ETTm1,113,720,513–720,-0.228348314762,-0.206134349108,720,validation,-0.255238682032,-0.0268903672695,-0.203224420547,0.0251238942146,-0.141379088163,0.0869692265987,-0.122610941529,0.105737373233,-0.412050127983,-0.183701813221
