segment,mse,mae
1-96,0.2974781095981598,0.3507522642612457
