{
  "mse": 0.2974781095981598,
  "mae": 0.3507522642612457
}