segment_a,segment_b,cosine
0,1,0.04335937276482582
0,2,0.10135456919670105
0,3,0.04615223780274391
1,2,0.007636167109012604
1,3,0.16110491752624512
2,3,0.05233560875058174
