segment,mse,mae
1-96,0.2953294515609741,0.350486695766449
97-192,0.3659336268901825,0.392015665769577
