{
  "mse": 0.3306315243244171,
  "mae": 0.3712511956691742
}