segment,mse,mae
1-96,0.15817345678806305,0.21212299168109894
97-192,0.24448908865451813,0.2889631986618042
193-336,0.319499135017395,0.3380212187767029
