{
  "mse": 0.25197461247444153,
  "mae": 0.28803375363349915
}