{
  "mse": 0.38080111145973206,
  "mae": 0.417312890291214
}