segment,mse,mae
1-96,0.28088927268981934,0.3466845750808716
97-192,0.38066166639328003,0.41692426800727844
193-336,0.4475020170211792,0.4646574854850769
