{
  "mse": 0.3089098036289215,
  "mae": 0.36455273628234863
}