segment,mse,mae
1-96,0.3089098036289215,0.36455273628234863
