{
  "mse": 0.15020199120044708,
  "mae": 0.19952069222927094
}