segment,mse,mae
1-96,0.15020199120044708,0.19952069222927094
