origin,channel,min_gain,visibility96,persistent_fraction96,accuracy_eligible,gain_h96,gain_h192,gain_h336,gain_h720,fit_eligible,full_r2,full_corr,full_amplitude_ratio,full_bias_sigma,tail_r2,tail_corr,tail_amplitude_ratio,tail_bias_sigma,last192_r2,last192_corr,last192_amplitude_ratio,last192_bias_sigma,audited_eligible,channel_name,dominant_period,prominent_peaks,high_frequency_share,normalized_mae_advantage,visible_win_fraction,visible_loss_fraction,visible_net,tail_visible_net,less_dense,clearer_same_density
511,0,0.0158594303960356,0.0794800031865375,0.28125,True,0.0987547264135518,0.0546951741870154,0.081474640926254,0.0158594303960356,True,0.6700964889294994,0.8379848259864107,0.7118696509969974,0.1273461514587892,0.468647538596915,0.7235694159730848,0.767403174425572,0.23018202091963,0.5641090587463964,0.7594758260469006,0.8331591885582484,0.0852363402091312,True,HUFL,24.0,25,0.8850232781217022,0.004061733597379182,0.175,0.13194444444444445,0.04305555555555554,0.046875,False,False
609,0,0.0287675854814678,0.105595511681021,0.53125,True,0.0287675854814678,0.1140778675319726,0.0354259320797128,0.2846283352422005,True,0.6769277338943163,0.8235029634694009,0.8576048505892613,0.0081521925537552,0.6677905204492257,0.8185539431442341,0.8640759213789886,0.012953257711598,0.5828341314461413,0.7708534803187479,0.8222114326619834,0.0935057078712044,True,HUFL,24.0,26,0.8636183779855765,0.02321746418619868,0.3,0.14444444444444443,0.15555555555555556,0.16145833333333331,False,False
610,0,0.0196222510843893,0.1005719125789992,0.4791666666666667,True,0.0798919863618723,0.1073747741002841,0.0196222510843893,0.2053991282696865,True,0.6675212090861538,0.8189058003371796,0.8725229212000519,0.0145156842793963,0.6558167970001478,0.8125772320217748,0.8770466395105669,0.0175686225431904,0.5713813965919311,0.763926426413395,0.8386344878640253,0.0813688757148458,True,HUFL,24.0,26,0.8646587475127484,0.017801826021601703,0.2513888888888889,0.1361111111111111,0.11527777777777778,0.13281250000000003,False,False
623,0,0.0096822904621256,0.0883546189475921,0.3333333333333333,True,0.0096822904621256,0.0720299421876097,0.0975486565395994,0.1239391239455531,True,0.6639415735314884,0.817309477798509,0.8715979593335168,0.0332561233520426,0.6538510440788228,0.8134654678587477,0.8869199534059587,0.049794195171959,0.6355003111997282,0.7980563529591248,0.8133513939326222,0.0340542658166332,True,HUFL,24.0,26,0.8665940144504004,0.00451040935899368,0.14722222222222223,0.13194444444444445,0.015277777777777779,0.0390625,False,False
629,0,0.03437784538969,0.0995680064681148,0.40625,True,0.03437784538969,0.086966881349803,0.0617725142764693,0.1366581578665925,True,0.6483612575403992,0.8112540171585588,0.9094881327747956,0.0110399884327659,0.6323473923257134,0.8052434640447693,0.9320001795701478,0.0015424429729959,0.6259066125911317,0.7960543056898616,0.8441246188904,0.0740613934856641,True,HUFL,24.0,26,0.8670340994423669,0.010736609469124539,0.20972222222222223,0.13055555555555556,0.07916666666666666,0.08593749999999999,False,False
630,0,0.0530016283827403,0.103565259642431,0.5,True,0.0530016283827403,0.1859579355419396,0.073349983098621,0.2399000584918061,True,0.6564008627872778,0.8135648031343741,0.886191985991699,0.0145642858391295,0.6422983384455996,0.8070978555791873,0.9011382569359494,0.0162792182730772,0.6321634440534087,0.8008572956276854,0.8205863760893286,0.0939134031478968,True,HUFL,24.0,26,0.8671880980460198,0.020067586303831556,0.2722222222222222,0.14305555555555555,0.12916666666666665,0.13020833333333331,False,False
631,0,0.078914423952787,0.1039901579157097,0.4479166666666667,True,0.078914423952787,0.209748475841464,0.0791811764468584,0.3093250352207756,True,0.6535082530496205,0.8124295092248465,0.8850711651421796,0.0354491782033402,0.6333821735150424,0.8027562242573189,0.8948408944230347,0.0505548770080181,0.6100964794175197,0.7917084850185193,0.8200867703902283,0.1260972590985272,True,HUFL,24.0,26,0.8671716392040556,0.02741316673053653,0.275,0.11527777777777778,0.15972222222222224,0.1796875,False,False
633,0,0.0367635851138012,0.1064693629982201,0.5104166666666666,True,0.0367635851138012,0.2340003265981359,0.1088433828976296,0.3403460082091553,True,0.6559540734693701,0.8164580380636381,0.897596461281995,0.0637668466132201,0.6385204776042624,0.8084311448382391,0.904882831967452,0.0757463556227759,0.6234776112597387,0.806186842729349,0.8163364946926572,0.1623471548725171,True,HUFL,24.0,26,0.8671114644041763,0.029754328259288837,0.2833333333333333,0.1111111111111111,0.17222222222222222,0.19010416666666669,False,False
634,0,0.0802132196956795,0.1041894963598332,0.5208333333333334,True,0.0802132196956795,0.2783934908492754,0.1162851271398425,0.3069539036295088,True,0.656419532414275,0.8173101988008848,0.9216115847894428,0.0264130560619705,0.6421711779476228,0.8096506397498893,0.9226548006941264,0.0243524148509175,0.6445586185743388,0.8104082422900746,0.8216568064799754,0.1098925402427982,True,HUFL,24.0,27,0.8675398047078241,0.027951399749568246,0.29305555555555557,0.11388888888888889,0.1791666666666667,0.17708333333333334,False,False
635,0,0.0748559741761384,0.102170301341713,0.5208333333333334,True,0.1323761424969501,0.2654829709563407,0.0748559741761384,0.3002196395649262,True,0.6588676906478768,0.8159046696823419,0.8971195166037415,0.0153911663335871,0.6465892090819545,0.8079541784074622,0.8865555322391857,0.0047510525089574,0.6539723903176375,0.8143453923963299,0.7854620171021879,0.0913880650364846,True,HUFL,24.0,27,0.8682433913817533,0.026985170799552594,0.2833333333333333,0.12638888888888888,0.15694444444444444,0.16666666666666666,False,False
636,0,0.0520413970334125,0.1018931995150966,0.5104166666666666,True,0.1601237890062188,0.2749787184276203,0.0520413970334125,0.2859911546453522,True,0.6557262470353036,0.8139520527910313,0.8925788215837818,0.0246886297036008,0.6464900114131201,0.8070713922874518,0.8768247706647353,0.002947378605057,0.6602460479062846,0.8189289020166988,0.7705616313260663,0.0897725223992857,True,HUFL,24.0,27,0.8693978169005303,0.026343774542942972,0.2916666666666667,0.11527777777777778,0.1763888888888889,0.1953125,False,False
637,0,0.0300342495770653,0.1041042791839376,0.5208333333333334,True,0.1962780948346768,0.3100335490081672,0.0300342495770653,0.308460173373887,True,0.6479635111864162,0.808175192171053,0.8782640946633985,0.0164674163644714,0.643227129040538,0.802922145272801,0.8409707940358873,0.0030236825630352,0.6678269905571326,0.8298464633741869,0.7263500581249402,0.100531867176516,True,HUFL,24.0,27,0.8706376122494868,0.028537776480109023,0.29583333333333334,0.13333333333333333,0.1625,0.17447916666666666,False,False
644,0,0.0035561970977765,0.0825719342408126,0.2916666666666667,True,0.0035561970977765,0.2081538872109481,0.1300122738504351,0.2511862697521763,True,0.660338783365521,0.8168719197619739,0.8937827039920602,0.0320262579644419,0.6513485429899454,0.8121655166023647,0.8934544048290364,0.0406988945662172,0.6598597178920149,0.8230936807594574,0.7955809514996028,0.1298712406301355,True,HUFL,24.0,26,0.8731069446781177,0.02178481628865057,0.2652777777777778,0.1388888888888889,0.12638888888888888,0.14583333333333334,False,False
645,0,0.0869105581525455,0.0805783950016006,0.2395833333333333,True,0.0869105581525455,0.2487671511329731,0.1633753873884262,0.1968043594464344,True,0.659819040649734,0.8163918674104811,0.8794913823758367,0.0519142729446868,0.641891914385437,0.8083934491360998,0.8967514738586445,0.0616515505713633,0.6463320353840152,0.8167289894029122,0.7962637765602804,0.1424618608975497,True,HUFL,24.0,26,0.8734853376930144,0.017256239971989135,0.2361111111111111,0.10833333333333334,0.12777777777777777,0.13541666666666663,False,False
646,0,0.1154213055087309,0.085453307947933,0.3020833333333333,True,0.2095443029931666,0.2891485878587099,0.1681486538273097,0.1154213055087309,True,0.6525673716235281,0.8134850741334464,0.9002730596221246,0.0407239461396789,0.6345429750634242,0.8046192524071314,0.9105714156496032,0.0405377032529927,0.6523612918945143,0.8159191932704773,0.7931077556393646,0.1133246503009556,True,HUFL,24.0,26,0.8739057364513978,0.009896382611522965,0.18333333333333332,0.10138888888888889,0.08194444444444443,0.08333333333333333,False,False
647,0,0.102401428942595,0.0840181308280628,0.25,True,0.3570819128537514,0.3686559679854726,0.163421436349208,0.102401428942595,True,0.6498849057616937,0.8108227532674902,0.8935392211428215,0.0265822759900036,0.635549015620801,0.8038526988815639,0.9029979236942924,0.0282908160929758,0.6581536343320507,0.818901955477963,0.780640605118221,0.1047990812089018,True,HUFL,24.0,26,0.8742675179552251,0.007418459608585509,0.14722222222222223,0.08333333333333333,0.0638888888888889,0.054687499999999986,False,False
648,0,0.1046368708441252,0.0791592455956102,0.2395833333333333,True,0.3103079470536981,0.3060035377580479,0.1691136875939197,0.1046368708441252,True,0.6426517718680693,0.8080189023745806,0.9030776898914018,0.0347361719592801,0.6327832390692879,0.8021501244263339,0.9033145648331022,0.0206721804626529,0.6601340412247914,0.8195234715606902,0.7730575937039964,0.0965691535072196,True,HUFL,24.0,26,0.8745524434323508,0.005763356171722825,0.15416666666666667,0.09861111111111111,0.055555555555555566,0.04427083333333334,False,False
649,0,0.1275968522857394,0.0798765217087301,0.2916666666666667,True,0.2398435936821317,0.3535078555265164,0.1882278744152586,0.1275968522857394,True,0.647666404560499,0.8104715779317079,0.9043303197825284,0.0197055995289324,0.6373855618628037,0.8049659348431215,0.9078466246644362,0.0003975637650924,0.6697703716523047,0.824874636732193,0.7772026052190681,0.0915159662746037,True,HUFL,24.0,25,0.8746702026625564,0.008796651941050051,0.17222222222222222,0.10138888888888889,0.07083333333333333,0.04947916666666666,False,False
650,0,0.1762658201201825,0.0826753642440771,0.25,True,0.2424018864687287,0.2948437595954701,0.1762658201201825,0.1911913646123134,True,0.6433103635793991,0.809222987852845,0.9140955788968363,0.0230915598824824,0.6318424662945368,0.8043959589253651,0.9272967931003632,0.0102848140484027,0.6733570036162264,0.8269738407270638,0.7998298924988653,0.0989542101440336,True,HUFL,24.0,26,0.8747489606900575,0.01602205362887765,0.22083333333333333,0.12083333333333333,0.09999999999999999,0.0859375,False,False
651,0,0.1675022326865043,0.0896539238932964,0.3229166666666667,True,0.1675022326865043,0.2803199990752397,0.1804570354150332,0.1965061308262479,True,0.6350291314051728,0.8068585893645497,0.919905322348608,0.0566752855114887,0.6218514457508031,0.800571550248601,0.931444962794958,0.0439944451620459,0.6520158687311204,0.8177548809796077,0.8085557139607323,0.1289284761447628,True,HUFL,24.0,26,0.8747714223183936,0.017049389222623355,0.22777777777777777,0.09861111111111111,0.12916666666666665,0.11718750000000001,False,False
652,0,0.1480478375063089,0.0953599437116466,0.40625,True,0.1873297923656022,0.2796622068166836,0.1480478375063089,0.1844931678174397,True,0.6312196705601375,0.806134952875824,0.9222551699554522,0.0717634090142699,0.6233208325523147,0.8042095952794528,0.940992575747937,0.0687215893397723,0.6581601317818043,0.8256930565049604,0.8133374558135288,0.1531542716030257,True,HUFL,24.0,26,0.8747716680121279,0.016329590837001633,0.2125,0.08611111111111111,0.12638888888888888,0.11458333333333333,False,False
653,0,0.1493929638860947,0.097960286643221,0.3958333333333333,True,0.1794230854274563,0.2176456567373954,0.1493929638860947,0.2438183269087251,True,0.634137286395746,0.8052856194155024,0.8937003679112182,0.0808113524828185,0.6261633635409584,0.8022835867848768,0.908375469082462,0.078994320011023,0.6530177729165009,0.8258202464998466,0.7912260570133963,0.1666269746059812,True,HUFL,24.0,26,0.8747253721819538,0.0226176406624371,0.2625,0.1,0.1625,0.18229166666666663,False,False
654,0,0.1452346539508576,0.101428878294342,0.46875,True,0.1662788079119714,0.2368237067523576,0.1452346539508576,0.2995549213585718,True,0.6305890416854629,0.8060295033713673,0.8870426810885454,0.1119436628657229,0.6234729463587919,0.8038136067815311,0.8960778239014008,0.1188725465681604,0.644001348088493,0.8290304211745622,0.7821926463535499,0.202722258260397,True,HUFL,24.0,26,0.8746261950199474,0.02782752313382243,0.2625,0.09027777777777778,0.17222222222222222,0.19270833333333331,False,False
655,0,0.1253843532991495,0.1067693610157038,0.5104166666666666,True,0.1253843532991495,0.3283200043093239,0.1321736644244971,0.3849930233029011,True,0.6306741343020998,0.8059404356306035,0.8945922791154458,0.104912831098422,0.6267140034114271,0.8031636032160752,0.8925656071721236,0.1018088984727973,0.6456427270191549,0.8252518018005707,0.7804526485349629,0.1827316207519055,True,HUFL,24.0,26,0.8745152284551346,0.03977700971738512,0.3125,0.08888888888888889,0.2236111111111111,0.2421875,False,True
656,0,0.0764169649655435,0.1035457559555255,0.4791666666666667,True,0.0764169649655435,0.3501346032044701,0.1150955046357649,0.3082178073107218,True,0.6172025760246308,0.8049047037841793,0.9209228456248716,0.1311823041156844,0.5967764710246274,0.7947598986540815,0.9164456566437488,0.1416312175563659,0.6159011457346961,0.8165940334048519,0.7838224267810424,0.2232726840816019,True,HUFL,24.0,26,0.8744881741740496,0.030634701313759383,0.2708333333333333,0.08888888888888889,0.1819444444444444,0.16927083333333331,False,False
657,0,0.0095382612814028,0.1059594520127699,0.5104166666666666,True,0.0095382612814028,0.328339535648806,0.1047927152490104,0.2962615081863325,True,0.6093332774524904,0.8047524788950351,0.9258632543033092,0.1537057413215919,0.5867819069373723,0.7930966391523772,0.9238937367554266,0.1584692126441035,0.6045136908227418,0.814544169869856,0.7952479281506544,0.2420664555483582,True,HUFL,24.0,26,0.8744946900934893,0.0300919448862306,0.2638888888888889,0.07222222222222222,0.19166666666666668,0.21354166666666663,False,False
659,0,0.0346816263436096,0.1016970933288005,0.46875,True,0.1017893479571874,0.2639836537343681,0.0346816263436096,0.2830356482416127,True,0.6229817058900506,0.8076445560465074,0.9429361886935944,0.1049008920705412,0.6164240530082148,0.8008135934638145,0.93701766501998,0.079541243136726,0.6528849808743229,0.8244865424465236,0.8044161346943645,0.1627582763909788,True,HUFL,24.0,27,0.8747004306505964,0.02729522355571794,0.24861111111111112,0.08333333333333333,0.1652777777777778,0.1875,False,False
660,0,0.0668645736174899,0.1033778905871707,0.5,True,0.1872065945021713,0.2873503462779434,0.0668645736174899,0.2802354782563007,True,0.6334806201792318,0.8101087770460322,0.9256094325471668,0.0972378992296452,0.6297320528732961,0.8034565160726835,0.9096617357578252,0.0673110069601472,0.6737536256903973,0.835480064634809,0.7775459218340021,0.1446269262956344,True,HUFL,24.0,27,0.8751611616704604,0.026847000887567137,0.24722222222222223,0.08888888888888889,0.15833333333333333,0.17447916666666663,False,False
669,0,0.0291458455609273,0.0778864482038335,0.2291666666666666,True,0.0371004625441747,0.0291458455609273,0.1018287058329119,0.2165237425318114,True,0.617426739276783,0.8062772578192923,0.9093337793861374,0.1484440317505459,0.6116291627837411,0.8032342163548287,0.9179185759933062,0.1428409646905499,0.6807009727285764,0.8631829054076092,0.773819005735258,0.237482312803912,True,HUFL,24.0,26,0.8750440847092579,0.021281116372512142,0.2222222222222222,0.06805555555555555,0.15416666666666667,0.15625,False,False
670,0,0.0586864560970302,0.0850199297680062,0.3125,True,0.1040371715846798,0.0586864560970302,0.1102819167933053,0.105602923675295,True,0.6241544535449508,0.8060543498771812,0.9041693353570792,0.126264052822859,0.6090309611760871,0.7994069813949355,0.9216028097868038,0.1228362334594337,0.6791127132014314,0.8551965748404842,0.7623166318310362,0.2088582883297331,True,HUFL,24.0,26,0.8751201736889265,0.009774821993869547,0.14027777777777778,0.06805555555555555,0.07222222222222223,0.04166666666666667,False,False
671,0,0.0788690296846496,0.0874632865261087,0.3854166666666667,True,0.1778475078608762,0.0788690296846496,0.1358012720766089,0.0933737044352067,True,0.6389724470589747,0.8106548944735306,0.8999822889701933,0.101042206366218,0.6257509016611934,0.8033296494172047,0.9101240323600216,0.0904576350754227,0.6968652652339746,0.8610775698766424,0.7470177854674004,0.1777067294482868,True,HUFL,24.0,26,0.8752771900426266,0.0067931447731993996,0.10277777777777777,0.04722222222222222,0.05555555555555555,0.03645833333333333,False,False
672,0,0.0786452387728221,0.0793842898225327,0.2395833333333333,True,0.2922388663984309,0.0853761160300893,0.1334803934230962,0.0786452387728221,True,0.6267157611293818,0.8046254941760957,0.921011351008002,0.0846212566572243,0.5955789025848549,0.7894975211413772,0.934849720153516,0.0812414398312814,0.6896448552260261,0.8580312878190125,0.7463065015009943,0.1846358788873934,True,HUFL,24.0,26,0.8754619960013214,0.006385631882934276,0.13055555555555556,0.07083333333333333,0.05972222222222223,0.0,False,False
673,0,0.119803955281007,0.0806037227858718,0.28125,True,0.2602820266247286,0.1202847364691878,0.1406845216384965,0.119803955281007,True,0.6360936151517055,0.8083565893698585,0.9129545042868852,0.0800377199886106,0.606060854164084,0.7943285169384178,0.933294870021642,0.0747348069392791,0.6942526935259841,0.8567837149152412,0.7534660153245832,0.1707369133177463,True,HUFL,24.0,26,0.8755365855792916,0.008892489804709906,0.13333333333333333,0.075,0.058333333333333334,0.015625,False,False
674,0,0.1459773731384674,0.084668060239651,0.3020833333333333,True,0.2762233119794752,0.1497965949981697,0.1459773731384674,0.1662376580458601,True,0.6375136856427435,0.8084366546138028,0.9119443928137972,0.073090950282064,0.5960057593258283,0.7888568420392674,0.9300541028878256,0.0797037730298973,0.6923318075006135,0.8589605211917936,0.7423838231693075,0.1785811942608688,True,HUFL,24.0,26,0.8759750755027227,0.01532160641560192,0.20972222222222223,0.09166666666666666,0.11805555555555557,0.07031249999999999,False,False
675,0,0.1191527642128165,0.0926461111488239,0.3854166666666667,True,0.1299823357939862,0.1519607069912688,0.1191527642128165,0.1386413917401964,True,0.6342815026606435,0.8085762403260407,0.9016454459187312,0.1041736853984598,0.6037992618382337,0.7964065310103987,0.9351129130977516,0.1059464032708089,0.6937917448898067,0.8580076467660961,0.7621976475655399,0.1822246445255879,True,HUFL,24.0,26,0.8762249148555679,0.011983885532278245,0.15833333333333333,0.07916666666666666,0.07916666666666666,0.03645833333333334,False,False
676,0,0.1079523306630146,0.096715668126067,0.4166666666666667,True,0.1079523306630146,0.1260659348332257,0.114038911870733,0.1363794418221434,True,0.6351092458424816,0.8092644463341931,0.9185360479989524,0.0886533435789338,0.6082374412293985,0.7992967191271068,0.9475246407128352,0.0930928957565174,0.708603418372876,0.8663457538859335,0.7715794410851307,0.1815788888099361,True,HUFL,24.0,26,0.8763351310663545,0.01328376844350704,0.18472222222222223,0.08333333333333333,0.1013888888888889,0.05989583333333334,False,False
677,0,0.0894257988114836,0.1004247288001063,0.4270833333333333,True,0.1474918621808006,0.0894257988114836,0.1182919599313254,0.2094349101509947,True,0.6377698299176544,0.8109050306175969,0.8952310314001274,0.1126333181403088,0.6161575050326764,0.8019354057200496,0.920430247854438,0.1135863649486615,0.7059257937094592,0.8662483554901556,0.7534893942012817,0.1781736128864043,True,HUFL,24.0,26,0.8764990720643724,0.01862617122597989,0.2,0.075,0.125,0.10677083333333333,False,False
678,0,0.0671390495111836,0.1076670511658252,0.5416666666666666,True,0.200539858205039,0.0671390495111836,0.1050164172959264,0.2799022536145048,True,0.6395951489265033,0.8082826446314166,0.8777968289035617,0.0943051582408502,0.6157673330632054,0.7972989881465875,0.8956880864185847,0.1011826505760245,0.6938205310205319,0.8624694874916056,0.7214205775785454,0.1736038330390155,True,HUFL,24.0,26,0.8768206142863186,0.026140449707269506,0.2625,0.09861111111111111,0.16388888888888892,0.171875,False,False
679,0,0.0614138829251947,0.1108609039931009,0.5,True,0.0992087024786109,0.0681007268087772,0.0614138829251947,0.2999323461444714,True,0.6329900283651491,0.806095949623552,0.8889471004867578,0.0996811839565974,0.6081363043622245,0.794779466771803,0.8967650808059767,0.1146168878041945,0.6863803786419262,0.8597393260713176,0.7194590146495203,0.1819141676149519,True,HUFL,24.0,26,0.8770133940485605,0.028923425153517555,0.2777777777777778,0.09444444444444444,0.18333333333333335,0.20052083333333331,False,False
680,0,0.0138726262190135,0.1020241587750253,0.4791666666666667,True,0.1433558374223765,0.0875749842328602,0.0138726262190135,0.2285394233873176,True,0.6296935254886268,0.8047695786865253,0.893177692746175,0.100720179999228,0.5926026606347143,0.7884916478127035,0.8981228464940226,0.1307570966004361,0.6758108247796281,0.857099498518611,0.7119967853971232,0.1943037010095529,True,HUFL,24.0,26,0.877111793550292,0.021484743526241898,0.24444444444444444,0.09861111111111111,0.14583333333333331,0.125,False,False
751,0,0.0018334421600534,0.0831380722974433,0.2916666666666667,True,0.2411270162500357,0.0213074081374819,0.0031401405565479,0.0018334421600534,True,0.6192897523220028,0.8004013189437846,0.9218700331665682,0.0812272768841281,0.6850930442655366,0.8297982148707911,0.8604263170799559,0.0503383799131443,0.7197241647057336,0.8608227339902274,0.7261388561799681,0.0561414971893967,True,HUFL,24.0,26,0.8834845360097112,-0.0010268088103943791,0.15138888888888888,0.17777777777777778,-0.026388888888888906,-0.03385416666666666,False,False
758,0,0.0072282127175689,0.0797041981069908,0.2708333333333333,True,0.0463823079163482,0.067168707917774,0.0973951086607296,0.0072282127175689,True,0.6258241910350595,0.8018000296010649,0.8815207841376264,0.1034586764333019,0.6855327984621455,0.8337923925782296,0.8145015478290721,0.0964614885228644,0.6911817816109744,0.8543126094189901,0.7099289132843368,0.1334975703591856,True,HUFL,24.0,26,0.8858217419487499,-0.0017765546309514,0.11805555555555555,0.13333333333333333,-0.015277777777777779,-0.020833333333333343,False,False
759,0,0.0236617489198067,0.076261651801034,0.2083333333333333,True,0.059169390465939,0.0850977256445407,0.1022390615404242,0.0236617489198067,True,0.6178348125520893,0.8006976760018486,0.8745867267169325,0.1335004269172793,0.6810118391648531,0.8333571034369639,0.8174314500243226,0.1149721542260298,0.6845704732956837,0.8519234419066639,0.7220628973086709,0.1560106295453162,True,HUFL,24.0,26,0.885902588917175,-0.002338887105365761,0.075,0.10833333333333334,-0.03333333333333334,-0.0390625,False,False
772,0,0.0879516458686732,0.0758946115719461,0.2083333333333333,True,0.1518991992041295,0.1280353570423024,0.1542787301898518,0.0879516458686732,True,0.6058163792976978,0.8026468663120089,0.9289838750808428,0.149881863206106,0.6661047730121326,0.8314264160139431,0.9153751043792376,0.134602117202533,0.7080769210100872,0.8522087695950871,0.8234426325746663,0.1317398016000013,True,HUFL,24.0,25,0.8835086105557916,0.002549094669950703,0.11527777777777778,0.13472222222222222,-0.01944444444444443,-0.054687500000000014,False,False
773,0,0.0585318396840665,0.0790212170963081,0.25,True,0.1409138328604463,0.1231602210201885,0.1518089611816393,0.0585318396840665,True,0.5999754756343768,0.800526269166805,0.9226881019061336,0.1610692975508226,0.6603938634346072,0.8289363726502288,0.8962453440539208,0.1490340526070759,0.6970583960391945,0.8504980238878537,0.7997680148021443,0.1539966193658592,True,HUFL,24.0,25,0.8834202957025664,0.0009278474514109367,0.12222222222222222,0.1375,-0.015277777777777793,-0.05989583333333334,False,False
774,0,0.0135806898955924,0.083680900839045,0.3229166666666667,True,0.1528198096150279,0.1364466021568059,0.1543369368675125,0.0135806898955924,True,0.599829118780677,0.8019121529903974,0.9248329710012456,0.1677034729293396,0.661239305544654,0.8298172100610821,0.8969883743754155,0.1511467209487554,0.7019580577892982,0.8527503815480937,0.7976664675923043,0.1489661634883319,True,HUFL,24.0,25,0.8837128929943279,-0.0008899978001158297,0.1111111111111111,0.14583333333333334,-0.03472222222222224,-0.062499999999999986,False,False
776,0,0.0003323362399069,0.0798663787184533,0.2395833333333333,True,0.141761581825983,0.0700169234634562,0.1899151787476292,0.0003323362399069,True,0.5995338216038426,0.8009080894093129,0.9302590250250236,0.1587081646695391,0.6651666607561982,0.828520882479744,0.8952847215848432,0.1297026666524775,0.6981600088335629,0.8489813619572446,0.7895480733198018,0.1381196159817757,True,HUFL,24.0,25,0.8844376813040151,-0.000467587481877747,0.12222222222222222,0.10833333333333334,0.013888888888888881,-0.013020833333333329,False,False
777,0,0.0568376144544976,0.081259713271975,0.2708333333333333,True,0.1436658813293561,0.0760280106412651,0.2225353510278259,0.0568376144544976,True,0.6056332276800274,0.8021154480893032,0.9245582950929272,0.1508764845863113,0.6668376053825295,0.8270692953143238,0.8954827938483039,0.1119178586622523,0.7032087601407255,0.8482328381378197,0.7920477551203913,0.1146011518307726,True,HUFL,24.0,25,0.8846101923478639,0.0021763883617212177,0.1,0.10277777777777777,-0.002777777777777768,-0.013020833333333343,False,False
778,0,0.0710384215163427,0.0806656748289613,0.2604166666666667,True,0.1788169108669244,0.0822892279047061,0.2506090010693944,0.0710384215163427,True,0.6022226497740417,0.8041494416376445,0.937266056927673,0.1634430831996877,0.6550108564192505,0.8252737911472894,0.899095167417826,0.1435840462617398,0.6859672529584384,0.8425387153483175,0.7926619628805496,0.1463439218608812,True,HUFL,24.0,26,0.8846826484906228,0.0018861005533506502,0.1,0.12083333333333333,-0.02083333333333333,-0.04947916666666667,False,False
779,0,0.0325901443964988,0.0770242745773606,0.2395833333333333,True,0.1291307728161769,0.0325901443964988,0.2378825764549074,0.0541055986079671,True,0.5872340821254148,0.8043004484245228,0.9395558625857195,0.2033988745066122,0.6441706161848099,0.8253381255815944,0.8902569337223363,0.1811020532829906,0.6739722656210438,0.843167447868701,0.7821869599460817,0.1823196632760552,True,HUFL,24.0,26,0.8846340031217973,0.0015397703622477324,0.10138888888888889,0.09722222222222222,0.004166666666666666,-0.0026041666666666574,False,False
780,0,0.0385772061123831,0.0784198343685133,0.3020833333333333,True,0.0888643167305854,0.0385772061123831,0.2570323068721311,0.0615827950036858,True,0.5888248919924628,0.8036732976026887,0.9367318468234282,0.1983968239826153,0.6441721649614938,0.8238722578604997,0.8870960656936877,0.1749173588690843,0.6768532686406386,0.8440887268643205,0.778199087544984,0.1768928082460075,True,HUFL,24.0,26,0.8845455005014288,0.0006280281284663028,0.10138888888888889,0.11527777777777778,-0.013888888888888895,-0.046875,False,False
781,0,0.0441330715677412,0.0801127766318209,0.3020833333333333,True,0.1085263992435181,0.0441330715677412,0.2765152987711964,0.0468985216388325,True,0.5953522250104677,0.8032702533634756,0.9152698541598696,0.1932536270024516,0.648252389430537,0.8240460016582173,0.8594256983576606,0.1718944457503294,0.6794124982932508,0.8469871753029048,0.7454089590348786,0.1663028647202112,True,HUFL,24.0,26,0.8844209795775428,0.0005317235327424082,0.10138888888888889,0.11805555555555555,-0.016666666666666663,-0.039062499999999986,False,False
782,0,0.0673322711899067,0.0789349304395423,0.2395833333333333,True,0.1282404353943405,0.0822754011966272,0.2870580187616892,0.0673322711899067,True,0.6038471772400211,0.8058900848871633,0.8975171747653582,0.1929148207885319,0.663734068169094,0.8312111142426287,0.8420799512054655,0.1644983788809287,0.6864766227112935,0.8541043536855113,0.7314021428722188,0.167217797302744,True,HUFL,24.0,26,0.8842689412256396,0.0005703515730759671,0.0763888888888889,0.09027777777777778,-0.013888888888888881,-0.02864583333333333,False,False
796,0,0.07260999284704,0.0766377735873546,0.2291666666666666,True,0.1594785892225404,0.074532727865325,0.1936819473142169,0.07260999284704,True,0.5854209897397444,0.8051094983014088,0.9285855007680016,0.2180229146907996,0.6680731666718775,0.8369219667178287,0.8922719125342541,0.171177087254924,0.737812853052531,0.8883182751555208,0.7868628675645749,0.2024927287418088,True,HUFL,24.0,25,0.8863460114455006,0.004787424768860971,0.14027777777777778,0.10833333333333334,0.03194444444444444,0.0078125,False,False
797,0,0.0581596289960703,0.0776872636782055,0.2604166666666667,True,0.1722742944285448,0.0979116134550156,0.2137880170486988,0.0581596289960703,True,0.5936268933790543,0.8051456984279513,0.9081256653315564,0.2098280932918934,0.6724842876981294,0.8371706488182257,0.8704984246615367,0.165105017797575,0.7422820869799286,0.8979326085040589,0.765385238427901,0.2154810365690423,True,HUFL,24.0,25,0.8864975664068986,0.0026633386899797876,0.11388888888888889,0.1111111111111111,0.002777777777777782,-0.02083333333333333,False,False
807,0,0.0656285986471616,0.0760475390110478,0.2291666666666666,True,0.0910729966377386,0.1631059922518468,0.2658288725455379,0.0656285986471616,True,0.5707592663423291,0.8013066481031972,0.8777540250419194,0.2559079453851344,0.6923280413402768,0.854671380540133,0.785454605528493,0.1826038483468734,0.7589259987869194,0.9293398360601898,0.6828034324534863,0.2096815056177672,True,HUFL,24.0,26,0.8870404320685088,0.001968270205219993,0.09027777777777778,0.09027777777777778,0.0,-0.049479166666666664,False,False
820,0,0.0294732341118022,0.0920267801473368,0.3854166666666667,True,0.0763876693871726,0.0418760576967972,0.0903214041102127,0.0294732341118022,True,0.6126196901568155,0.8047167208022756,0.9530589883020106,0.1137711837636815,0.7383498369781959,0.861091797500231,0.8654683087941973,0.0557682068285939,0.816927083848941,0.9240672650902582,0.7561070943599189,0.0936088009253614,True,HUFL,24.0,26,0.8834487001300867,-0.0005334898581640489,0.10972222222222222,0.13055555555555556,-0.020833333333333343,-0.04166666666666667,False,False
821,0,0.0180503891915945,0.0923832000675786,0.375,True,0.0600849746813384,0.0846702327019485,0.096908597759701,0.0180503891915945,True,0.6159564821006005,0.8045424417298471,0.9471565594952946,0.1048488047523989,0.7409907913568985,0.8623188806937676,0.8547683367782922,0.0504583980189042,0.8258748165882627,0.9318205021868852,0.745857969211574,0.0885017968007552,True,HUFL,24.0,26,0.8830891791610328,-0.0001439032043492239,0.1111111111111111,0.14583333333333334,-0.03472222222222224,-0.015625,False,False
831,0,0.0385533267122033,0.0800830188804722,0.2916666666666667,True,0.1338878069427391,0.0957964039081995,0.1194411849112039,0.0385533267122033,True,0.6196417351287599,0.8025537020883259,0.9113047924958478,0.112356174472489,0.7339056277278053,0.8629759919866483,0.790720609632973,0.0748404619070376,0.7702035568537786,0.913578793859648,0.7144499910874019,0.1573860719465443,True,HUFL,24.0,27,0.8754217199288623,-0.0003531304128524548,0.11666666666666667,0.12916666666666668,-0.012500000000000011,-0.013020833333333315,False,False
861,0,0.2600298451373483,0.0761182244910634,0.1979166666666666,True,0.2600298451373483,0.4224675277797771,0.3542172609803405,0.5459961336619723,True,0.5874008590975031,0.8342170098500259,0.8580956486784608,0.3285528435934102,0.6478069614385328,0.8590410082481428,0.7758198747052941,0.2884765767706214,0.7431402351753746,0.8801075891389076,0.7664477997841684,0.1361270934397765,True,HUFL,24.0,24,0.94929418555428,0.05246709707259333,0.2972222222222222,0.07916666666666666,0.21805555555555556,0.2630208333333333,False,False
862,0,0.1750886158980604,0.0768907142379119,0.2291666666666666,True,0.1750886158980604,0.3774775301975737,0.2994588298985428,0.4888605795041476,True,0.5645877291153989,0.830659493812815,0.8918421517329266,0.3488038817384256,0.6351529785777468,0.8531029960035303,0.8115288705150855,0.3015017998326439,0.7412023696301695,0.8772830128926064,0.8069147233183209,0.1532038475435558,True,HUFL,24.0,24,0.9498053411099102,0.04426024378222993,0.24444444444444444,0.07916666666666666,0.16527777777777777,0.1640625,False,False
866,0,0.3082379661330487,0.0773476138503989,0.2395833333333333,True,0.3302458208300908,0.4260517627723892,0.3082379661330487,0.5203676242512253,True,0.6177438434878848,0.8382277748228698,0.9436950675680968,0.2715853625614001,0.7017949857346686,0.8670412200940967,0.8634090271486206,0.2235001091319599,0.7422742887244367,0.8717586102753987,0.8472780500345853,0.1307267686250755,True,HUFL,24.0,24,0.9493206189125873,0.04687998562114664,0.2722222222222222,0.09444444444444444,0.17777777777777776,0.20833333333333331,False,True
867,0,0.2854477927032864,0.0821023588509798,0.3020833333333333,True,0.2854477927032864,0.4003056519028912,0.3016846616488564,0.4932752190139324,True,0.6229986680241134,0.8405377453292615,0.933464423116662,0.2736232187780886,0.7076634096434203,0.8705256223588692,0.8551649216461559,0.2234177665573859,0.7449785002050585,0.873486251584186,0.8548173417974001,0.1328578311914889,True,HUFL,24.0,24,0.9490313454714056,0.044268414514168034,0.2625,0.0875,0.17500000000000002,0.20052083333333337,False,True
868,0,0.1417910216847406,0.0916357666037636,0.4166666666666667,True,0.1417910216847406,0.3823639638898551,0.2751525642730215,0.4780356023793773,True,0.6196875624646021,0.8372049354277731,0.9314957900516576,0.2689493933332392,0.703373328287337,0.8680568398661421,0.847505441557871,0.2229954909378904,0.724152442839936,0.8622138534660799,0.8520696305890733,0.1384101911389197,True,HUFL,24.0,24,0.9488130221454197,0.04392960400753485,0.25555555555555554,0.08888888888888889,0.16666666666666663,0.19010416666666663,False,True
869,0,0.2847373080781959,0.092592499014311,0.4270833333333333,True,0.2847373080781959,0.4207042271643741,0.3057387993521651,0.5726699448749555,True,0.633606913223712,0.8403368057738234,0.9153244480443368,0.2587197082194353,0.7069653155194314,0.8695806044478502,0.8340095099298169,0.2189516141690808,0.7313185429517286,0.8664540581467888,0.8437856778848406,0.1375144954672411,True,HUFL,24.0,24,0.9485654740938608,0.058858799020705045,0.3375,0.08888888888888889,0.24861111111111112,0.265625,False,True
870,0,0.1701761454572958,0.0959283972669727,0.40625,True,0.1701761454572958,0.3821159546266488,0.1818746919357953,0.5707685317023115,True,0.6048522041794401,0.8347722266505103,0.921477784221468,0.2906451659565666,0.6911225632108376,0.8678898087864576,0.8291895156164966,0.2461959469469702,0.7290885393717346,0.8711915399590385,0.8313864543940244,0.1682311359042322,True,HUFL,24.0,24,0.9483829788951521,0.061900147387766564,0.325,0.08194444444444444,0.24305555555555558,0.27604166666666663,False,False
871,0,0.1020035807257667,0.096011630248959,0.40625,True,0.1189218256464057,0.429014883704227,0.1020035807257667,0.5939908804698106,True,0.6041932883328988,0.8340614355034404,0.933643869118314,0.2855670302687272,0.6958387198183351,0.8704063019289601,0.8377212327483282,0.2463738964906194,0.7312671324316351,0.8709220058499738,0.8406689489471574,0.1622429055155925,True,HUFL,24.0,24,0.9482521565294811,0.06673995729749962,0.3138888888888889,0.07222222222222222,0.24166666666666667,0.3046875,False,False
885,0,0.0910482416606032,0.078221185033261,0.25,True,0.1197548141301536,0.3013097704646549,0.0910482416606032,0.2318142101570183,True,0.6096458419867492,0.8270569399395342,0.8667108888253738,0.2698238392973396,0.649166639926023,0.8378372641654184,0.800128793543174,0.2266775519135089,0.6472420379552191,0.813560705826003,0.8538602023291021,0.1140830166610354,True,HUFL,24.0,23,0.944787107372214,0.014195027104026143,0.12638888888888888,0.06944444444444445,0.056944444444444436,0.05729166666666666,False,False
886,0,0.1949804376849826,0.079881790568718,0.25,True,0.2959558097989913,0.387758105766209,0.1949804376849826,0.2353483242142949,True,0.6442980470516495,0.8307822049627359,0.8734229842795651,0.2099590173589831,0.6736482303042342,0.8387216109520325,0.819771203886121,0.1716000945389437,0.6434636962430005,0.8080825708779875,0.8686183488078631,0.0766104738544421,True,HUFL,24.0,23,0.9453151007792522,0.014167880540609372,0.14166666666666666,0.06944444444444445,0.07222222222222222,0.07291666666666666,False,False
890,0,0.0703415684834125,0.0756691222928855,0.2291666666666666,True,0.0703415684834125,0.3000175085733265,0.0766415279972644,0.1999244795039829,True,0.6448906760998638,0.8275858185757697,0.8636873542618488,0.1967340594024568,0.6798406123166933,0.8380823837147697,0.8083336678153746,0.1471614198038125,0.6382476216472277,0.8054246496824761,0.8605070000744535,0.086181084607977,True,HUFL,24.0,25,0.9462524382797662,0.010951819436245885,0.12777777777777777,0.10416666666666667,0.023611111111111097,0.013020833333333343,False,False
891,0,0.0669189675204443,0.0773790572977695,0.2708333333333333,True,0.1197578105417687,0.2545244690111733,0.0669189675204443,0.2446723190752687,True,0.6378955511523685,0.8214698919123578,0.8759470594794025,0.1842538205302794,0.6735114600501073,0.8319414595789177,0.8261371980299879,0.1363137654973425,0.6254496798304334,0.7992331213295235,0.8955599874523981,0.0636006074078329,True,HUFL,24.0,25,0.9462651849448304,0.014552198606010914,0.1625,0.11388888888888889,0.04861111111111112,0.03645833333333333,False,False
906,0,0.1858257719883672,0.080517941384579,0.28125,True,0.3598744185884855,0.1858257719883672,0.2776572825044592,0.4198404821433579,True,0.6482153146937011,0.8261064348916403,0.866070690098353,0.1806637356567373,0.6770162967742225,0.8389018135109291,0.7926179321362181,0.1568367248529328,0.6082749327976799,0.7917729438336063,0.9162642635350648,0.0559586732173335,True,HUFL,24.0,25,0.9465820450483257,0.025143459119736762,0.1875,0.12777777777777777,0.05972222222222223,0.07552083333333334,False,False
926,0,0.2127966605300355,0.0835339020116583,0.34375,True,0.5679994561640396,0.2127966605300355,0.292172785050545,0.3981960154765376,True,0.6705347342644863,0.8267926549391595,0.9072150518940696,0.0811393743190371,0.6832571858986649,0.8276533313042644,0.8272252580455184,0.0418648739836451,0.5159315907602522,0.7643904716110423,1.0228023388460066,0.0398058940565175,True,HUFL,24.0,26,0.9431579674294539,0.02191738278451198,0.2,0.15555555555555556,0.04444444444444445,0.05208333333333334,False,False
927,0,0.2248002296704212,0.1075006836850597,0.46875,True,0.5357337822825987,0.2248002296704212,0.2704146992496907,0.386259696612154,True,0.6671302038480229,0.8214414727158236,0.8926017993959184,0.0507158471909959,0.6736053670607074,0.82083637127614,0.8202891236181726,0.0129105332606556,0.4939467528473359,0.7622751266445477,1.0496753927277815,0.0672138595001921,True,HUFL,24.0,26,0.9435726760052976,0.021408621165494753,0.20694444444444443,0.15138888888888888,0.05555555555555555,0.05989583333333334,False,False
928,0,0.2429162368531771,0.1140403659007276,0.5729166666666666,True,0.5181247622788401,0.3161434761235132,0.2429162368531771,0.3250208957620353,True,0.6675731498641999,0.8197533465632002,0.8862498791109008,0.0007813427538566,0.6724840485839485,0.8205060867587248,0.8208442193184863,0.0273143824850603,0.4663185232801698,0.7564186894339403,1.0593446097274852,0.1186869717327839,True,HUFL,24.0,26,0.9436675495184107,0.015516936540002125,0.19027777777777777,0.1736111111111111,0.016666666666666663,0.020833333333333343,False,False
929,0,0.2898713395249828,0.1123791973787741,0.6354166666666666,True,0.4750424585374337,0.2899824621041841,0.2898713395249828,0.3022703285954933,True,0.6651371734803553,0.8178710880264214,0.8661627565420208,0.0379981302322471,0.6641077187114679,0.8150314398995917,0.8093218828648495,0.0116589138345265,0.4747813519070026,0.7545562372921826,1.0564290640385945,0.0587074084052833,True,HUFL,24.0,25,0.9437207848931175,0.013433946239031923,0.16805555555555557,0.15,0.018055555555555575,-0.013020833333333315,False,False
930,0,0.2574935514690168,0.0998284116649449,0.4583333333333333,True,0.5208918561252567,0.2574935514690168,0.2795029601068984,0.3164070330184693,True,0.6479371055859422,0.8152623907319461,0.9034131228130858,0.0945785842016315,0.6496251615943562,0.8096124529655649,0.8370841428500913,0.0713615348591322,0.4394012076597278,0.7485880429420354,1.096000034416796,0.0169634476330699,True,HUFL,24.0,25,0.9437155107433585,0.015456929091391505,0.16944444444444445,0.1527777777777778,0.016666666666666663,0.03125,False,False
931,0,0.306860727958235,0.0944215386771925,0.3645833333333333,True,0.5914075780051864,0.306860727958235,0.3269865400750964,0.3996145732326384,True,0.6581333904611075,0.8172285795445731,0.904543014446853,0.0458840955128119,0.6551426405916199,0.8111744039832463,0.8592031375443181,0.0235481175144541,0.4256845227120697,0.7519527761790246,1.1243618013861914,0.032557224014346,True,HUFL,24.0,25,0.9437025865654198,0.023673476218400217,0.21666666666666667,0.15833333333333333,0.05833333333333335,0.046875,False,False
932,0,0.3278283002893948,0.0875764590944449,0.34375,True,0.6101242568427574,0.3341987965469063,0.3278283002893948,0.4880934725954244,True,0.6587849625645621,0.8192887018243911,0.9116482681463782,0.0625997194989574,0.6651162385118599,0.8177233915250186,0.8611911606552262,0.0408149431233476,0.4488565098426064,0.7554357379103872,1.1044718869130723,0.0006410608237237,True,HUFL,24.0,25,0.9436773216001412,0.03548571826276142,0.24166666666666667,0.13194444444444445,0.10972222222222222,0.11458333333333331,False,True
933,0,0.2968339673661344,0.0912836715621347,0.3645833333333333,True,0.6134849040095571,0.3602259456375458,0.2968339673661344,0.5161655778379595,True,0.659415010658983,0.8203086318707968,0.9166930429938503,0.0648173291274603,0.6690341200119403,0.8201107713497898,0.8685005110796534,0.0347273719259473,0.4565294237356719,0.757552150506307,1.1000266175877704,0.0081900182128247,True,HUFL,24.0,25,0.9435776625620768,0.039138475393604176,0.25277777777777777,0.14027777777777778,0.11249999999999999,0.12239583333333334,False,True
934,0,0.3175666338563779,0.0914276060818418,0.3541666666666667,True,0.6371803527641833,0.4016061353263599,0.3175666338563779,0.4947942286543078,True,0.6627099101958044,0.8218241873615632,0.9333752592493464,0.0155384393481276,0.6696445024405733,0.822235259306595,0.8907392506571343,0.0416355902498756,0.4450019899763185,0.7613673761041675,1.115168016359937,0.0974853751802512,True,HUFL,24.0,25,0.9434801284322378,0.03681600406853676,0.2652777777777778,0.15138888888888888,0.1138888888888889,0.12500000000000003,False,True
935,0,0.3635425058176399,0.0957242313583378,0.3958333333333333,True,0.607694273576277,0.4505440061864068,0.3635425058176399,0.5206316381017759,True,0.6756918865213017,0.8243358214893464,0.8821487534599266,0.0222558973348359,0.6800803877606387,0.8250568537838836,0.8502955213210326,0.0011974456443342,0.4882668775439254,0.7597893092110717,1.0550686178061115,0.0426971516982899,True,HUFL,24.0,25,0.9433764251549166,0.0398260326559708,0.2638888888888889,0.14305555555555555,0.12083333333333335,0.12239583333333334,False,True
936,0,0.3948518597054955,0.1019462032849706,0.4895833333333333,True,0.6124365915465022,0.4876867758028095,0.3948518597054955,0.4974808640970455,True,0.6754113541202431,0.8237887687014863,0.8797294196882682,0.0093394264086729,0.6746354243762418,0.8219353994204437,0.8439528802268232,0.0213917503524829,0.4895519648276939,0.7576120407336605,1.0434600368279394,0.0521053026650121,True,HUFL,24.0,25,0.9432714831185388,0.03559847191996336,0.25972222222222224,0.16111111111111112,0.09861111111111112,0.09635416666666666,False,True
937,0,0.3807129147405126,0.0999648604565678,0.4166666666666667,True,0.598638222560747,0.4856797922217389,0.3807129147405126,0.4889398971171282,True,0.6731501320225876,0.8230270349469493,0.8740110122224534,0.0402989117985835,0.6740898956990504,0.8212424733323261,0.8366980356569449,0.0105085631356503,0.4834380342119877,0.7500531647211308,1.0307781304061692,0.0183087229846952,True,HUFL,24.0,25,0.9431717778577874,0.03313703288448126,0.24027777777777778,0.15694444444444444,0.08333333333333334,0.09895833333333331,False,True
938,0,0.3416855886032696,0.1026795727165469,0.53125,True,0.4965948707036022,0.4419748338900471,0.3416855886032696,0.507785241040743,True,0.6632502740543216,0.8185650420345353,0.8671764286929585,0.0665987017427846,0.6679646540282742,0.818588957307472,0.843727087537256,0.0386173718164555,0.4852625744769178,0.7548693438120776,1.04549921414522,0.009971470327884,True,HUFL,24.0,25,0.9430905867102435,0.036955995049646674,0.23472222222222222,0.14027777777777778,0.09444444444444444,0.11718749999999997,False,True
939,0,0.3537639327870934,0.1026806468557927,0.4895833333333333,True,0.5351038989837942,0.4997555806413474,0.3537639327870934,0.5440598243551931,True,0.6589573887669562,0.8162835434951331,0.8935189868592279,0.0373647012883372,0.659737671638833,0.8143692996642526,0.8710675884212518,0.0156521132387929,0.4382184760884674,0.7464940137099559,1.0910411462846668,0.0179474190589341,True,HUFL,24.0,25,0.9428963813777387,0.044170721615802225,0.26944444444444443,0.15416666666666667,0.11527777777777776,0.13281250000000003,False,True
940,0,0.3353616692652731,0.1009736606812132,0.46875,True,0.6014901529114385,0.4964842833062545,0.3353616692652731,0.5023057915391311,True,0.6454681923558896,0.8146085644706406,0.8968285315521071,0.1065776616658041,0.6479591053072364,0.8103646905825038,0.8659422138501457,0.0751196734755648,0.4247140512989702,0.7455585612063479,1.1049603873845326,0.0444279667427529,True,HUFL,24.0,25,0.9427457884517847,0.03809468440521227,0.2263888888888889,0.13333333333333333,0.09305555555555556,0.125,False,True
941,0,0.3423178227516704,0.1004614214652401,0.4895833333333333,True,0.5584092390944282,0.5214345264067475,0.3423178227516704,0.4854334103272988,True,0.6452495999519479,0.8114900427287625,0.8793591834731683,0.0930605675385506,0.6451908248626314,0.8077873338877836,0.8522448111111034,0.0731647773579641,0.4332718471995784,0.743116635565212,1.087318562085417,0.0218064356087993,True,HUFL,24.0,25,0.9426499890371169,0.03555221009714687,0.2263888888888889,0.14583333333333334,0.08055555555555555,0.11197916666666669,False,True
942,0,0.3381006894079407,0.0969433647133709,0.4270833333333333,True,0.5830046642186388,0.4797135189157642,0.3381006894079407,0.4317733856907447,True,0.6412722427919937,0.8128299103556433,0.9019840601145268,0.1071062928008429,0.6335584587476202,0.8041715328379399,0.8629066426067946,0.0984051947802661,0.4149183590304071,0.7438969276458985,1.1105982939419303,0.063201169983025,True,HUFL,24.0,25,0.9425143826540244,0.028855744563648374,0.2013888888888889,0.15694444444444444,0.04444444444444445,0.0546875,False,False
943,0,0.3416939569440815,0.0943553722722439,0.375,True,0.5717601097489007,0.4819344677323879,0.3416939569440815,0.4889868314769811,True,0.6377049774268004,0.8115151901437153,0.8948592391752223,0.1179224147404717,0.6332837478488367,0.8061548576750768,0.8608836420844111,0.116647618327007,0.4166407882529426,0.7462939153007205,1.1129204267998012,0.0768037813388822,True,HUFL,24.0,25,0.9423885047735157,0.03854052028833514,0.24027777777777778,0.14444444444444443,0.09583333333333335,0.12500000000000003,False,True
944,0,0.3726409091907199,0.1018003245659189,0.4791666666666667,True,0.5128939642117992,0.4556759463282931,0.3726409091907199,0.555092736368036,True,0.6465732147564599,0.8124287748836039,0.9029658517293482,0.0725970882242634,0.6350908814363785,0.8023027944354482,0.8599104639616313,0.0726653214010135,0.3916611406904916,0.7312352819347849,1.1088976025236694,0.0203732290806241,True,HUFL,24.0,25,0.9423238409167041,0.05046259590741983,0.29583333333333334,0.1597222222222222,0.13611111111111113,0.16145833333333334,False,True
945,0,0.3214257279048543,0.1121580741595736,0.59375,True,0.5413949551336139,0.4194490570060548,0.3214257279048543,0.5475441218930388,True,0.6399596156563413,0.8147201591514512,0.9000506144096728,0.1285614074162599,0.6347915940963466,0.8074655483332145,0.854507904696884,0.1224582963970429,0.4148387102474459,0.739985928450947,1.0955183712778744,0.0796061942029747,True,HUFL,24.0,25,0.9423158946786718,0.04932056860195679,0.29305555555555557,0.1375,0.15555555555555556,0.17187499999999997,False,True
946,0,0.2872150707973908,0.1183595106350896,0.6770833333333334,True,0.4929167057487631,0.2872150707973908,0.3054320131487381,0.4870501906138064,True,0.6619149537172839,0.8186298862384674,0.9035158968939356,0.032160567789177,0.6565999587181806,0.8117271421473773,0.8556165976389302,0.0193574346756682,0.4325131618091888,0.7429305038222512,1.083831886138745,0.0567346387588675,True,HUFL,24.0,25,0.94237063508264,0.03832735528150155,0.3138888888888889,0.18194444444444444,0.13194444444444445,0.11197916666666669,False,True
947,0,0.2183639786386448,0.1213339450934762,0.625,True,0.5763512902521839,0.2183639786386448,0.2277460943805637,0.4156094796092511,True,0.6618279043206174,0.8206352646676813,0.8994421733711666,0.073510573635217,0.6571328971171911,0.8124702011404813,0.8406834124301708,0.0466791745084079,0.4510921321851204,0.7389735549272772,1.046972295608411,0.0112498193573326,True,HUFL,24.0,25,0.9422897818552876,0.029463063762670612,0.24722222222222223,0.14305555555555555,0.10416666666666669,0.10156249999999997,False,True
948,0,0.1631187917857796,0.107780731514774,0.5520833333333334,True,0.4499927605119289,0.1631187917857796,0.2316309275610231,0.3574336925703841,True,0.671815028327877,0.8223606485153259,0.8785473901147934,0.0361255860451445,0.663988820771518,0.8150387849545782,0.8246770770106555,0.0143702308596255,0.4767425681894413,0.7429009787192152,1.013660927069708,0.0429923988835792,True,HUFL,24.0,25,0.9419282012991084,0.023878879989872006,0.2513888888888889,0.14166666666666666,0.10972222222222222,0.10937500000000003,False,False
949,0,0.0918962373096871,0.1001788189469796,0.4375,True,0.4398503454999526,0.0918962373096871,0.1508292368258892,0.2718654838694763,True,0.664046322035007,0.8169621222835372,0.8690331348754925,0.0258727048965229,0.6556106006832445,0.8097208241747501,0.8151637111416111,0.0027545236354423,0.4888323185483986,0.7481192133046285,1.0064639522588754,0.0640939515227428,True,HUFL,24.0,25,0.9413622417705597,0.01429623658577557,0.2,0.14722222222222223,0.052777777777777785,0.049479166666666685,False,False
950,0,0.1091888355473565,0.0953401688785609,0.4479166666666667,True,0.4242008059023812,0.1091888355473565,0.1478909249450734,0.2701832218014024,True,0.6576846418553512,0.8133912205717034,0.8138140867165374,0.0626135531015297,0.638526574544954,0.799597009823064,0.7771136968918158,0.0179806621865485,0.4980589886426134,0.7408099083923162,0.9627009565359104,0.0387903916370572,True,HUFL,24.0,25,0.9414149182526719,0.015788466937225222,0.18472222222222223,0.12222222222222222,0.06250000000000001,0.0625,False,False
951,0,0.105220890611177,0.095135126032934,0.3958333333333333,True,0.3971667552821878,0.118607437438844,0.105220890611177,0.1880544112785438,True,0.6525727503599585,0.8087889267502428,0.8391487779444797,0.0253979745120533,0.6265226346054482,0.7917223982077353,0.806271676916639,0.009488925514002,0.4631107408723516,0.7361304330103987,1.0072942432257934,0.0724393647210873,True,HUFL,24.0,25,0.9407207311267425,0.008619623912025316,0.14722222222222223,0.13055555555555556,0.016666666666666663,0.005208333333333315,False,False
952,0,0.0193033667230871,0.1035596452062253,0.5208333333333334,True,0.4588477514700937,0.0193033667230871,0.0220550687708774,0.2195029217489164,True,0.6350942844615439,0.8070079934255389,0.8404564542243472,0.1226736217014943,0.6106729081657076,0.785834127950473,0.8125856503796769,0.0784010493149967,0.4487826552957348,0.7292589294653197,1.016669372248211,0.0207645921826411,True,HUFL,24.0,25,0.9413019948140312,0.01313302191520538,0.17222222222222222,0.11666666666666667,0.05555555555555555,0.11458333333333334,False,False
953,0,0.0639703871237028,0.1086478175373172,0.5833333333333334,True,0.4649199108846497,0.1999009928964426,0.0639703871237028,0.0885223943019166,True,0.6520963166025375,0.8110418042673915,0.8586754402372742,0.0585109253990812,0.6234006147147908,0.791120995126961,0.8332262332999407,0.0264379109287953,0.447115840199467,0.7353775254570003,1.0403538933219296,0.0255671623710775,True,HUFL,24.0,25,0.9411052230365898,0.002797899331175563,0.09861111111111111,0.10972222222222222,-0.011111111111111113,0.010416666666666671,False,False
954,0,0.0384086898818648,0.10212541836457,0.46875,True,0.4699823611250523,0.2111706737527861,0.0384086898818648,0.0631808346973661,True,0.6566993745231011,0.8137041837840823,0.8699479725231828,0.0474527176554708,0.6319799519395872,0.7961974115558875,0.837479682670116,0.0156888597533185,0.4480605348837534,0.7378242285765946,1.0440161483526758,0.0507007460964038,True,HUFL,24.0,24,0.9409486233113954,0.0006757714319258045,0.0875,0.10833333333333334,-0.020833333333333343,-0.010416666666666671,False,False
955,0,0.0433195483381382,0.0880572425471162,0.3020833333333333,True,0.4414497773394891,0.1979901582592959,0.0433195483381382,0.0747630656440334,True,0.6569752559048554,0.8151882397778968,0.8999684297388673,0.0192075442863502,0.6285775907661423,0.7971094210763894,0.8793600142978526,0.006377955574618,0.4282655912661098,0.746610105680608,1.1039402340962832,0.0384218422871098,True,HUFL,24.0,24,0.9411830360384524,0.0015616136197045354,0.10694444444444444,0.12777777777777777,-0.02083333333333333,-0.01822916666666667,False,False
956,0,0.0572391679154248,0.0888191308527528,0.3020833333333333,True,0.4177975598148631,0.1735602984298809,0.0572391679154248,0.0893235633916574,True,0.6495247773152218,0.8115797885385544,0.9043390170601392,0.0230803243725829,0.615459918150099,0.7907143243255592,0.8885724327692661,0.0138929894316076,0.3894020344428134,0.7339081046383623,1.114273420662336,0.0673891532595759,True,HUFL,24.0,24,0.9415431563962849,0.0020117194305003614,0.11527777777777778,0.14027777777777778,-0.024999999999999994,-0.013020833333333329,False,False
957,0,0.0793444134053529,0.0915353508825084,0.3645833333333333,True,0.2780141163127376,0.0822090814553588,0.0793444134053529,0.1506486667755402,True,0.6554710164958701,0.8152030462504929,0.889197426121468,0.0600817931467004,0.6228329181841481,0.7945610557511337,0.8846420885862536,0.0194874486674276,0.4098207996724533,0.7367259257399709,1.1007965244633422,0.0199220764522544,True,HUFL,24.0,24,0.9419893687795499,0.006165156757116314,0.125,0.10555555555555556,0.019444444444444445,0.023437499999999986,False,False
958,0,0.0272807574474521,0.0918752819432918,0.4270833333333333,True,0.1517734890428179,0.0272807574474521,0.04536394213176,0.1102346747593467,True,0.6450473277363556,0.8110878828851616,0.91597487269853,0.0426021759381924,0.6179937406535954,0.7941520750684388,0.9067692393836312,0.0010733049504496,0.3935578040055966,0.7331816360906733,1.1098891319378246,0.0457052520786005,True,HUFL,24.0,24,0.9421734284029661,0.004343994993324881,0.125,0.11527777777777778,0.009722222222222215,0.0390625,False,False
1217,0,0.2160124991613135,0.0757106126765103,0.2291666666666666,True,0.5402794259936312,0.4184260955892867,0.3812991090440134,0.2160124991613135,True,0.6573667955176262,0.8132235262349432,0.7506918422372778,0.007449604069003,0.5548159939027144,0.7501449284889042,0.8325685492790392,0.0332831274184502,0.6516896449063199,0.8487525339506828,0.6750635023344419,0.1962736336790994,True,HUFL,24.0,21,0.922455087775235,0.009766580563480634,0.16527777777777777,0.13194444444444445,0.033333333333333326,-0.10937500000000001,False,False
1240,0,0.1753910173542748,0.0761630464142628,0.1875,True,0.1753910173542748,0.2332816426307375,0.2196398539103212,0.2103331192039594,True,0.6309712767771558,0.8154662449865606,0.703303254166378,0.1464014461185305,0.5388584479975838,0.7626175184502466,0.7621301479551387,0.2067046054630348,0.5726716471523963,0.8559036026522966,0.6036085086981646,0.3102362252340301,True,HUFL,24.0,22,0.9214775378679821,0.008743560924314213,0.10416666666666667,0.0763888888888889,0.027777777777777776,0.020833333333333343,False,False
1241,0,0.2252290136999492,0.0773975305862337,0.2083333333333333,True,0.2369869735668446,0.3566105580285243,0.2939509085188677,0.2252290136999492,True,0.64980273923238,0.8166789243794048,0.7334467567406678,0.1011638896211421,0.5493706717855493,0.7610682707452955,0.7898273005964502,0.1703735870130861,0.5974582981488196,0.8573143760576789,0.6295041116949635,0.2926296715942134,True,HUFL,24.0,21,0.9214377761407748,0.007595646934082536,0.09027777777777778,0.09583333333333334,-0.005555555555555564,-0.0546875,False,False
1270,0,0.0189460773746295,0.0799784824172082,0.2604166666666667,True,0.0296245041666116,0.116932888410471,0.1524162672684699,0.0189460773746295,True,0.6364216300040504,0.8120359786329678,0.7723552818467069,0.1463087245960007,0.5834136114252809,0.7960955834690727,0.8041527092789181,0.2242535380264201,0.6107328296885,0.8583100024897448,0.6415249131247875,0.2810114868016488,True,HUFL,24.0,21,0.9178795573433836,-0.00014904187302254543,0.07777777777777778,0.08333333333333333,-0.00555555555555555,-0.052083333333333336,False,False
1283,0,0.0260721759033925,0.0895641534089839,0.34375,True,0.0260721759033925,0.1373810992863187,0.1540644663472218,0.0403115117397664,True,0.6480031083180429,0.8096762796281911,0.8257772994696543,0.0855179901223761,0.5935576248712249,0.7914352031297969,0.8235536458494882,0.1782707534037474,0.6146202154332545,0.8431866054587982,0.6465545586193402,0.2401650981046199,True,HUFL,24.0,22,0.915949405250082,0.003105910193642963,0.10138888888888889,0.0763888888888889,0.024999999999999994,0.04166666666666666,False,False
1285,0,0.0106517068883893,0.0845014150379867,0.3645833333333333,True,0.1259392470656596,0.0660445604399453,0.255012200668425,0.0106517068883893,True,0.6501747724494505,0.8095529917963733,0.7963565556160648,0.0709022436115187,0.6090130902448938,0.8024076188448315,0.7678733494907798,0.1834455798745791,0.6065747429242685,0.8543445820563793,0.600602985837102,0.2427861699374872,True,HUFL,24.0,22,0.9162426430811913,0.003942180080784661,0.1125,0.07777777777777778,0.034722222222222224,0.05989583333333333,False,False
1317,0,0.0672667242094179,0.0944859765006278,0.4166666666666667,True,0.0786165459567371,0.0672667242094179,0.1618727963876189,0.1038622471685292,True,0.6569820294308506,0.8155966295613912,0.7845732795008966,0.085166803815071,0.6525604075668928,0.8321697506771257,0.7517847571073184,0.1829872650867236,0.6431611486669466,0.8900201674296514,0.5988812996067895,0.2534026625893664,True,HUFL,24.0,21,0.9040697014509186,0.007076303414544879,0.1111111111111111,0.05277777777777778,0.05833333333333333,0.10677083333333334,False,False
1318,0,0.0401926952160784,0.0939010759265409,0.40625,True,0.1504408657851444,0.1428712429046537,0.1710699687867449,0.0401926952160784,True,0.6629552982930463,0.8174853758304398,0.8048215535710913,0.0718795451388843,0.6643896158749023,0.8338446826588454,0.7748408110118826,0.1656076147228652,0.6658693297392997,0.892168108332939,0.6168419697234783,0.2330024059650007,True,HUFL,24.0,21,0.9049754095493975,0.0015847197921704055,0.06944444444444445,0.07222222222222222,-0.002777777777777768,0.020833333333333336,False,False
1326,0,0.0536613819927035,0.0986615333370394,0.4375,True,0.2926268497547413,0.2963338255701331,0.1920982629756983,0.0536613819927035,True,0.6552579519391343,0.8106759937839901,0.8165063760012539,0.043630512278984,0.6794918118203193,0.8298091035751821,0.7783154535993844,0.080247994168692,0.687564385747568,0.8960330767477728,0.622081626838636,0.2006526649989823,True,HUFL,24.0,21,0.9088567001292959,0.0018978545812528187,0.08888888888888889,0.08333333333333333,0.005555555555555564,0.044270833333333336,False,False
1332,0,0.0221217111248047,0.0945969144347477,0.3958333333333333,True,0.3538323515645812,0.154548016238084,0.216574207051281,0.0221217111248047,True,0.6550330003543903,0.8184478426442909,0.7649025876550734,0.1093470458807343,0.6225201111359093,0.8170054045984939,0.7258112224219443,0.1914715152297842,0.6037632750905639,0.8930581109855206,0.5603868428576781,0.2883042522556256,True,HUFL,24.0,21,0.9089706998689882,0.0023009426311525207,0.09444444444444444,0.0763888888888889,0.018055555555555547,0.0234375,False,False
1337,0,0.0385136381259311,0.0848450529187359,0.3541666666666667,True,0.4850059589422347,0.2403353852278261,0.1642335217203986,0.0385136381259311,True,0.67538519501323,0.8266406796231126,0.7698254566527102,0.0687142534948553,0.6541789516749067,0.835517904003235,0.7159259022204147,0.172072569994843,0.6415234560139107,0.9098748486881418,0.5733740544283623,0.2703997036313016,True,HUFL,24.0,20,0.9057320245459989,0.0020882159120623944,0.075,0.0625,0.012499999999999997,0.03906249999999999,False,False
1340,0,0.0341166612620034,0.0832787075743067,0.25,True,0.2910219097612077,0.0876477594904597,0.1654067584412268,0.0341166612620034,True,0.659041749592734,0.8234447919943153,0.7625484278053625,0.1237384689512267,0.630488087579163,0.8310103956106358,0.7237586963199065,0.2204251869297914,0.6228418418067403,0.9018591287561194,0.5870811420080403,0.3023621427573773,True,HUFL,24.0,20,0.9067147263287983,0.00038474118323929496,0.059722222222222225,0.09305555555555556,-0.03333333333333333,-0.05468749999999999,False,False
1342,0,0.0895699194330948,0.0962971742179526,0.375,True,0.1940035438917152,0.1036009236734119,0.1297233152260449,0.0895699194330948,True,0.6630247888481163,0.8202090387133008,0.7720662676109736,0.0860252981945988,0.64801211033869,0.8271999337684067,0.7450984813124824,0.1717759342643612,0.6541069329116602,0.9065966669925284,0.5895466612691664,0.2594029251205881,True,HUFL,24.0,20,0.9085193194604575,0.0042402036201396424,0.10972222222222222,0.06388888888888888,0.04583333333333334,0.05729166666666667,False,False
1344,0,0.0196110060004853,0.0900752247615533,0.375,True,0.2723880345066072,0.1881924854609338,0.1360015568732407,0.0196110060004853,True,0.6528839421784749,0.8181841018808628,0.8072710054993144,0.1281490800571204,0.6297029089082157,0.8197415387174207,0.7684399311920989,0.1991015481002265,0.6429763693189569,0.9022009573468104,0.6042610443756254,0.2867437991958451,True,HUFL,24.0,20,0.9098318345767537,-0.00045001402429930084,0.07222222222222222,0.07777777777777778,-0.005555555555555564,-0.0026041666666666713,False,False
1351,0,0.0318864373721539,0.0999486520201277,0.4583333333333333,True,0.0740912627294637,0.1066784467049437,0.0318864373721539,0.2157501955265448,True,0.6258151237304908,0.8160992948381105,0.7959150653185861,0.19948817554801,0.61533031863145,0.838216832557942,0.752882432712096,0.282834191629952,0.6173914041009345,0.9097417774577516,0.6029724908371128,0.3407804312711026,True,HUFL,24.0,20,0.9116098933776255,0.013479172101279498,0.15555555555555556,0.0763888888888889,0.07916666666666666,0.14583333333333334,False,False
1352,0,0.0403144548248827,0.0952756890117837,0.40625,True,0.1536467898609029,0.0762851819660228,0.0403144548248827,0.174211306134973,True,0.6187937989890602,0.81446349558897,0.7914421579727856,0.2098261296223746,0.5983218803761148,0.8333620567656899,0.7499691546050399,0.2986905776047344,0.6014524729287312,0.9059172078240364,0.5972407214691174,0.3520686598868875,True,HUFL,24.0,20,0.9116193161401922,0.010641981427005696,0.1361111111111111,0.07916666666666666,0.056944444444444436,0.11197916666666667,False,False
1353,0,0.0711600061026712,0.0966472886407793,0.4270833333333333,True,0.2063064442972554,0.1033733496389244,0.0711600061026712,0.2080811674747131,True,0.6425456234379658,0.8151949742272158,0.8024511949683177,0.1477660944112198,0.6290077101232818,0.8321592496092733,0.7520428458195503,0.2388779362578077,0.634783568976983,0.903646422114994,0.5975126448582311,0.2967749949823155,True,HUFL,24.0,20,0.9115762138227079,0.013540440837335663,0.1638888888888889,0.09166666666666666,0.07222222222222223,0.1640625,False,False
1358,0,0.0556131776854661,0.0935894720535701,0.4375,True,0.4070989719075445,0.0556131776854661,0.3022654454981278,0.0919031432642527,True,0.6687441278659151,0.8194377109118088,0.7862257267780965,0.0403856200691809,0.6554923681185494,0.8302571351361648,0.6991255406586778,0.1289924310018009,0.6579381076704262,0.8807243418416465,0.5746635977696429,0.1551260119388978,True,HUFL,24.0,20,0.906423993929193,0.005899593374050309,0.11388888888888889,0.0763888888888889,0.03749999999999999,0.07031250000000001,False,False
1360,0,0.0535518261821431,0.0875428464554027,0.3541666666666667,True,0.3903486717419993,0.0535518261821431,0.2737187777099701,0.1478244456536952,True,0.6687975277265943,0.8205401176564087,0.7671363330240404,0.0404548234940968,0.6507514438373159,0.8308294467485613,0.688570385017827,0.1388829906889103,0.6501951986855214,0.8693613550066698,0.5753358097837551,0.1383580342801939,True,HUFL,24.0,19,0.9040808063921394,0.00951096222293035,0.12638888888888888,0.06527777777777778,0.0611111111111111,0.07552083333333334,False,False
1361,0,0.1133802893784758,0.0825394582876103,0.3125,True,0.5052201083995189,0.1133802893784758,0.2336320337181592,0.1480851356799218,True,0.6585305201983453,0.8161974049718268,0.8064947084129993,0.0869111118550794,0.6316134887319664,0.8241418306167212,0.7141696057374901,0.188420747253124,0.6390648867948445,0.8638235295180042,0.6002038692969811,0.1939867987752004,True,HUFL,24.0,19,0.9044898284786077,0.009258632465979405,0.11944444444444445,0.05555555555555555,0.0638888888888889,0.09114583333333331,False,False
1363,0,0.0766117904122415,0.07624104851577,0.2395833333333333,True,0.4456988432762198,0.1473391379194086,0.1403934798971805,0.0766117904122415,True,0.6389233583294353,0.8071540687519684,0.8228764993166502,0.1110276431820502,0.612181269183008,0.8193236298411698,0.7515148545456073,0.2334778602480729,0.6298171713362174,0.8551756620258065,0.6445601055704313,0.2390592582688481,True,HUFL,24.0,19,0.9048260755451301,0.002981104216249133,0.09027777777777778,0.09444444444444444,-0.004166666666666666,0.0,False,False
1364,0,0.0899890645502521,0.0821106114637452,0.2708333333333333,True,0.4658569014928198,0.1887499598079617,0.0899890645502521,0.0938235794440596,True,0.6398772742305237,0.806877967246393,0.8327185883913175,0.1025038638100635,0.6213901165308453,0.8208747305314495,0.7649034010135137,0.2220639929529976,0.6473875693904829,0.8628479686195983,0.6528383659775902,0.2302498954584567,True,HUFL,24.0,19,0.9051140180131728,0.0034380915686711396,0.09722222222222222,0.0875,0.00972222222222223,0.013020833333333329,False,False
1365,0,0.0879129424979348,0.0804492427832721,0.2916666666666667,True,0.2900633565261852,0.1163864624271652,0.0879129424979348,0.1248715561445936,True,0.6526224100795845,0.8124290037990259,0.8270173941843216,0.0848861296105508,0.6436843316542274,0.8285600846942426,0.7636936154881699,0.1965192699636364,0.6597245426642722,0.868609263658836,0.6512988661761113,0.2180222497718368,True,HUFL,24.0,19,0.9053560209322601,0.008322471892649388,0.12777777777777777,0.059722222222222225,0.06805555555555554,0.08854166666666669,False,False
1366,0,0.0447569296411065,0.0825804705459969,0.3333333333333333,True,0.0733537081126318,0.0982592803969568,0.0801940600753958,0.0447569296411065,True,0.6367392274525492,0.809780859398437,0.8033438149587119,0.13771120961782,0.6182340585313719,0.8210912316628293,0.7496768533113675,0.2255143870064263,0.6380197813880363,0.8637745612332994,0.6288517378550402,0.2299956049617687,True,HUFL,24.0,19,0.9054892640513317,0.003866538567136906,0.10972222222222222,0.075,0.034722222222222224,0.04687500000000001,False,False
1367,0,0.0379710820082714,0.0867712829529624,0.3645833333333333,True,0.1926290683374886,0.1282434317868935,0.0512179891597179,0.0379710820082714,True,0.6529368236838169,0.8116203121526747,0.8228976173793934,0.0752564269801041,0.6472841337306317,0.8236700806602386,0.7644263472425638,0.1662481521549863,0.6695594006283703,0.8737243814816142,0.6360996263153577,0.1933115875969046,True,HUFL,24.0,19,0.9055009983640419,0.0035856194312607714,0.10972222222222222,0.0763888888888889,0.033333333333333326,0.03125,False,False
1372,0,0.013197571024069,0.0873161620077866,0.34375,True,0.0721131026062116,0.0435446231370239,0.013197571024069,0.105516273019357,True,0.6309789239505506,0.8006521985143968,0.8533046162745501,0.0853975523033123,0.6522176008701954,0.8254249125150098,0.7861080805102273,0.1660206976594307,0.6694347702864342,0.8624093121697539,0.6608464353448436,0.1835414343322504,True,HUFL,24.0,19,0.9047325528914284,0.0035486828371749353,0.1486111111111111,0.12083333333333333,0.027777777777777776,0.06770833333333333,False,False
1373,0,0.0560618209170965,0.0879748770569705,0.3229166666666667,True,0.0560618209170965,0.062731454199168,0.0669482301382937,0.0739469485028186,True,0.6452601737950902,0.8054772950084202,0.8207095221090752,0.0574584914224655,0.6624643570288875,0.827300638150723,0.7559414068772928,0.1298839827221627,0.6727598933426123,0.8660817463225687,0.6385173550177907,0.1598503856129969,True,HUFL,24.0,19,0.9045677776853382,0.001080057728872177,0.11944444444444445,0.14722222222222223,-0.027777777777777776,-0.0026041666666666574,False,False
1374,0,0.0009164069102602,0.0915667474174623,0.40625,True,0.3122577695900272,0.1612858595347419,0.0009164069102602,0.0030245825529786,True,0.6205373214353931,0.7981287977150143,0.8603714805840719,0.1122412791083707,0.6332896168482849,0.8213283656824044,0.7798825754218836,0.1989294193826679,0.6499608772428354,0.8599547222277357,0.6634704409157186,0.2257325280863317,True,HUFL,24.0,19,0.9043073110599824,-0.0020538981621068277,0.1125,0.1527777777777778,-0.04027777777777779,-0.039062499999999986,False,False
1375,0,0.0390338662775243,0.0950758003417742,0.4375,True,0.2164308352025435,0.1182388767194457,0.0492519236316471,0.0390338662775243,True,0.6281489694346022,0.8052185788018307,0.8253002172851153,0.1408002770198426,0.6315585932237636,0.8286477583883894,0.7599909724644224,0.2244654984734387,0.6410126066394413,0.8607232110719186,0.6506397851563172,0.2360016813373955,True,HUFL,24.0,19,0.9041499783851336,-7.44284911936766e-05,0.09583333333333334,0.13194444444444445,-0.03611111111111111,-0.005208333333333329,False,False
1376,0,0.0528035061840163,0.0948104977887868,0.3645833333333333,True,0.3240882542245603,0.156873984702052,0.0528035061840163,0.0573658785865335,True,0.6282842959491552,0.8053226193274178,0.8425680574834687,0.1373790471206638,0.6329411578988589,0.8288497402262058,0.7720839341354043,0.2254514964089876,0.6345346404046995,0.8574031415466499,0.6623265815170486,0.2501012644038056,True,HUFL,24.0,19,0.9040358012533423,0.0006824437427524026,0.10555555555555556,0.125,-0.019444444444444445,0.02083333333333333,False,False
1377,0,0.0994829750765247,0.0986332346162497,0.5104166666666666,True,0.3001656745927273,0.1481487747146952,0.0994829750765247,0.1374895987335667,True,0.6330912907001474,0.8092118651689469,0.8153459718396945,0.1472919711505368,0.6247488997689048,0.8275706601016661,0.7467417446302236,0.2314972658929534,0.6283322183693925,0.8605162148823824,0.6332747070506196,0.2460025097930041,True,HUFL,24.0,19,0.9040799681002758,0.00782056016119407,0.13472222222222222,0.0875,0.04722222222222222,0.1015625,False,False
1378,0,0.0884719744902606,0.1058104580033025,0.59375,True,0.273688165235221,0.1432849268160358,0.0884719744902606,0.1443870999692266,True,0.6425131367485366,0.8109746765582253,0.82636531930984,0.1221880410918901,0.6392170332662689,0.8285144985926794,0.7561465368484054,0.2048953860510028,0.647272770254099,0.8625682444810265,0.6385464316679977,0.2157902535263008,True,HUFL,24.0,19,0.9042082707671621,0.008060805807537513,0.13194444444444445,0.08194444444444444,0.05,0.08854166666666669,False,False
1379,0,0.1362036636107285,0.1048379120423392,0.5,True,0.3632963215059697,0.1362036636107285,0.1566802636021976,0.1405308678484111,True,0.6558077476932151,0.8168750263686829,0.8416268732074735,0.1042324665816286,0.6526888330486642,0.8273574363026243,0.7656756018673514,0.1674122028326675,0.6707853256927063,0.8661012965406637,0.6429528343822233,0.1719037347268384,True,HUFL,24.0,19,0.9041145026081451,0.008081891628526615,0.12638888888888888,0.08055555555555556,0.04583333333333332,0.11197916666666666,False,False
1380,0,0.1285378783501823,0.1004918969524633,0.4479166666666667,True,0.4333232435738461,0.1535686170411795,0.152772828753034,0.1285378783501823,True,0.6627530989130912,0.8153847209257479,0.8546604936164914,0.0235914790891458,0.6735591995838334,0.8298872476960574,0.7619795348112252,0.1026751519865211,0.6808809835129019,0.8583238802070218,0.6502739771512329,0.1120452482669969,True,HUFL,24.0,20,0.90368230066218,0.010209748892800071,0.16944444444444445,0.06666666666666667,0.10277777777777779,0.14583333333333334,False,False
1381,0,0.0748359550130911,0.0908459665696098,0.3645833333333333,True,0.3664719270027369,0.1236538028574864,0.2020470087298377,0.0748359550130911,True,0.658775106303034,0.813045341354462,0.8314721822447905,0.0439098204273513,0.658674002344275,0.8248562315921416,0.7311433054579334,0.1137175796764873,0.6587492141025078,0.8476950306559148,0.6264748557571975,0.1043996413499848,True,HUFL,24.0,20,0.9026658079230139,0.005797194197181751,0.13194444444444445,0.06666666666666667,0.06527777777777778,0.09114583333333334,False,False
1382,0,0.0479386314043741,0.0908551484760883,0.3541666666666667,True,0.3332780075612822,0.1385805369084567,0.2253098334258727,0.0479386314043741,True,0.6547182875598814,0.8106995067075486,0.8296714105743992,0.0464270339311947,0.6509545605916114,0.8223590359110194,0.7306294700195681,0.1300211909430762,0.6535900900087874,0.8408762234508087,0.6394618752479544,0.1136441529253756,True,HUFL,24.0,20,0.901872539399184,0.0024735786119109296,0.08333333333333333,0.058333333333333334,0.024999999999999994,0.02083333333333333,False,False
1383,0,0.1056327690701716,0.0940773825477109,0.40625,True,0.3366776734735702,0.137277854511677,0.1779480315661135,0.1056327690701716,True,0.6565505127694051,0.8106587189309942,0.8323276701530193,0.0121450550584618,0.6613974223818387,0.823135327614153,0.7372213646745048,0.0936650209876934,0.664482784569177,0.8392696243295723,0.6599869096689375,0.0880251440046411,True,HUFL,24.0,20,0.9004412575468169,0.007360282397000843,0.1361111111111111,0.07083333333333333,0.06527777777777777,0.10156250000000001,False,False
1384,0,0.0928249816293069,0.0864979599442367,0.3645833333333333,True,0.3776374393236349,0.215840222551116,0.2102568121995457,0.0928249816293069,True,0.6530570323901452,0.8090828942467508,0.8160984924263464,0.0388442885729184,0.6446826261311686,0.8176424301904381,0.7177176827231792,0.1177775970215117,0.6412739350696421,0.8256609447336224,0.6505645101750496,0.0989105615879886,True,HUFL,24.0,20,0.8990564034170123,0.00603846019449401,0.12638888888888888,0.0763888888888889,0.04999999999999999,0.08072916666666666,False,False
1385,0,0.0560613226028672,0.0800406260744289,0.2604166666666667,True,0.406019521352935,0.2652477253371839,0.1558946126796444,0.0560613226028672,True,0.646775086763907,0.8046917167898443,0.8320973878427416,0.0016129167430832,0.648738854460488,0.8151054531644912,0.7182353606947022,0.0792100404172173,0.6494582776529114,0.8303749322164921,0.6420267442555647,0.0677437118297157,True,HUFL,24.0,20,0.8982674931524661,0.004217547234189808,0.10833333333333334,0.08055555555555556,0.027777777777777776,0.04166666666666667,False,False
1388,0,0.0536082670974672,0.0772734499070048,0.2604166666666667,True,0.3058627104421566,0.2007826545182243,0.0536082670974672,0.0911840921580153,True,0.6340109285890754,0.8003356361824684,0.8682860500936116,0.0436914545858245,0.640307281794511,0.8098409633270962,0.7660618342274577,0.1166982945176365,0.654847831994473,0.8284440248888394,0.6810588585812526,0.098738458221868,True,HUFL,24.0,19,0.8992449583386181,0.0030642203523248597,0.1388888888888889,0.12638888888888888,0.012500000000000011,0.013020833333333315,False,False
1389,0,0.0177425863050196,0.0909217720364527,0.375,True,0.2389725607394593,0.173520701382158,0.0177425863050196,0.1651763295257976,True,0.6290207813574297,0.7995568200402818,0.8622900370502754,0.0795919003358694,0.632999338494601,0.8128219422463071,0.7681604452669079,0.1602670333849638,0.6451976537177866,0.8330723735027337,0.6740108746934467,0.1533341624434518,True,HUFL,24.0,19,0.9003905482058282,0.008105215742093493,0.1763888888888889,0.11666666666666667,0.05972222222222223,0.09895833333333334,False,False
1391,0,0.0066497659756337,0.0830918826698957,0.28125,True,0.2315999204609087,0.1863782739476004,0.0066497659756337,0.0449190613691166,True,0.6188336538836673,0.7977116792620492,0.896102399216787,0.0884846629320565,0.6222550718029716,0.8062785839724466,0.7909776442915546,0.1661203311293471,0.6358433823421707,0.8241454046839767,0.6877219766215849,0.1573560103562947,True,HUFL,24.0,19,0.9016866963044063,0.0022420159949433516,0.11388888888888889,0.09861111111111111,0.015277777777777779,0.015625,False,False
1407,0,0.1409013915743876,0.0933091797691175,0.4166666666666667,True,0.2653904476463464,0.1409013915743876,0.2024954204310362,0.1452815326091563,True,0.6291678426098575,0.7997054188709516,0.8600409144807339,0.081978913942725,0.6587097571235448,0.830355756706915,0.738296653180259,0.1493520908144136,0.6476228676537574,0.8126320763613164,0.7229649667353011,0.0686136526418995,True,HUFL,24.0,20,0.8947991794522687,0.009894107367113991,0.1527777777777778,0.07361111111111111,0.07916666666666668,0.1484375,False,False
1408,0,0.0948539684523804,0.08591609646196,0.3020833333333333,True,0.2077437857811391,0.0948539684523804,0.1134766516997941,0.1107119561288619,True,0.6250131295805634,0.7967924501007156,0.860782258718947,0.0759630393674459,0.6567577411272223,0.8281351606988715,0.7379168658616853,0.1446055411635182,0.6491673728342137,0.8107635298363518,0.7310083401181018,0.0425351406662007,True,HUFL,24.0,20,0.8960439914771449,0.007983602510269546,0.15416666666666667,0.09722222222222222,0.05694444444444445,0.1328125,False,False
1427,0,0.009102363010799,0.0917261692923823,0.375,True,0.0557000451951368,0.009102363010799,0.0450301798843187,0.3170697583175245,True,0.5402305551445492,0.7842795162057581,0.9792888229187758,0.1919249194104225,0.6149057475617807,0.8280484769025348,0.8239377126873441,0.2659729951637838,0.6089897022206417,0.8018859962886121,0.7941691972583343,0.1843146761271733,True,HUFL,24.0,19,0.8961718860828065,0.030931667019977214,0.2652777777777778,0.05138888888888889,0.2138888888888889,0.30729166666666663,True,False
1442,0,0.0077644126939266,0.0906691006548086,0.3854166666666667,True,0.0077644126939266,0.0723900684252776,0.2716026444584958,0.2364789647907013,True,0.4939345007156134,0.7802863404434555,1.0207883607692605,0.2388954804642241,0.6027419374675007,0.8220124021308487,0.8612238088088258,0.2672544057181507,0.5401433455407274,0.7635500831597432,0.8641950497197972,0.1809308560159068,True,HUFL,24.0,19,0.8965598604709083,0.019518114592503567,0.16805555555555557,0.05555555555555555,0.11250000000000002,0.14583333333333331,False,False
1461,0,0.0136180266503775,0.0943328412021337,0.4166666666666667,True,0.0136180266503775,0.2679649683855429,0.241146817225941,0.2967549848459596,True,0.5268919843154125,0.7723406784493622,0.9656758101301064,0.1795540757827504,0.6007124288108968,0.8004903667516692,0.8131309561134501,0.1997814154317467,0.4932580830878206,0.73542865569034,0.9512822716862273,0.0316929169402224,True,HUFL,24.0,20,0.8901250685642496,0.025554777842003558,0.2013888888888889,0.05138888888888889,0.15000000000000002,0.19791666666666666,True,False
1462,0,0.0041663601252732,0.0972850452229556,0.4583333333333333,True,0.0041663601252732,0.1669846053590737,0.1764180118725916,0.1975194250532462,True,0.503854882456412,0.7710417562872982,1.004045540720206,0.1906823115082571,0.5926752836729444,0.8000736093853787,0.8470120333079085,0.2126952776195845,0.4668809001367306,0.731659070580541,0.9887610458206156,0.0484011338059584,True,HUFL,24.0,20,0.8903204394190678,0.013963422164456042,0.10138888888888889,0.05138888888888889,0.05,0.09375,False,False
1463,0,0.1141987572490839,0.0942129563689664,0.4270833333333333,True,0.1141987572490839,0.1441377918200169,0.2630752413115534,0.2056852027904692,True,0.5505332515070082,0.7779112052816185,0.988407054398558,0.1015090601879006,0.6314956047524602,0.8046893708709921,0.8376423463455506,0.1222435284490189,0.477664596083131,0.7311304883632912,0.964549184827044,0.0490194560595696,True,HUFL,24.0,20,0.8904153630859563,0.011947146280255158,0.09444444444444444,0.041666666666666664,0.05277777777777778,0.05729166666666667,False,False
1464,0,0.0407089455429606,0.0859574070105348,0.34375,True,0.0483006708595261,0.0407089455429606,0.2470736049637033,0.1806802872052855,True,0.5315511221102769,0.7794543964051981,1.0214791421721017,0.1319926376794587,0.6304057522218651,0.8103351348017882,0.8685611204697191,0.1511522843537767,0.4700371885253487,0.7348602729254958,0.9992400356585684,0.0092613852090263,True,HUFL,24.0,20,0.8905083675537542,0.008940386965989313,0.10277777777777777,0.06805555555555555,0.034722222222222224,0.02083333333333333,False,False
1467,0,0.1135691856560047,0.0978663981671543,0.4479166666666667,True,0.1400858866452636,0.1135691856560047,0.1912101372981545,0.2372409350034054,True,0.5125395173339482,0.7716575507482532,0.9977202843776508,0.178357783000487,0.6075404971713279,0.808427647013357,0.843883068551701,0.2115601010771251,0.4766638267830577,0.7345631214260955,0.9758872134194212,0.0684239373303524,True,HUFL,24.0,20,0.8906092586367582,0.020662944982659356,0.1875,0.06805555555555555,0.11944444444444445,0.15364583333333331,False,False
1468,0,0.0856467354492388,0.1061972688783775,0.4791666666666667,True,0.0856467354492388,0.1009246165326801,0.1427716090468449,0.2561456509782689,True,0.506886834412416,0.7729963890085968,1.0143778531714218,0.1799210153554179,0.6058243983373781,0.8049185010695591,0.8576678784939336,0.198209228362427,0.4542667182923929,0.7308311731505975,1.0071053959831784,0.0593299178706573,True,HUFL,24.0,20,0.8905680060966696,0.022686227757922135,0.21388888888888888,0.05555555555555555,0.15833333333333333,0.20312500000000003,False,False
1469,0,0.0229786590002656,0.1102759965853224,0.5208333333333334,True,0.0229786590002656,0.1140659112078327,0.1014040194843355,0.2584371011874758,True,0.4947959449690038,0.7654151877645562,1.0281243768356911,0.1484868568905458,0.6038944570155214,0.7993174262354759,0.8624373003180211,0.1761526961587239,0.4272398437232565,0.718158724619123,1.014869903671326,0.021785000545341,True,HUFL,24.0,20,0.8905729413907129,0.02353980478114769,0.20416666666666666,0.05694444444444444,0.14722222222222223,0.20312499999999997,False,False
1470,0,0.0425118532741728,0.1105727102737317,0.5520833333333334,True,0.0425118532741728,0.1071167810485951,0.1163820016104349,0.3092761681990797,True,0.5002156520617467,0.7621903170818536,1.012786378103624,0.1338657595950633,0.5968347090910981,0.7932935429403021,0.8533896866031437,0.1699070030826691,0.4265064504692101,0.7136103056236561,1.0012407107813397,0.0014028014487825,True,HUFL,24.0,20,0.890566140063237,0.028307219753301426,0.22777777777777777,0.07777777777777778,0.15,0.19791666666666669,True,False
1471,0,0.0412587943231164,0.1125558150716686,0.5104166666666666,True,0.0412587943231164,0.1038630264541949,0.1240643345894468,0.3632595852429686,True,0.4968732384520724,0.7651118115497184,1.0021469781724055,0.1798254028355671,0.584050603054487,0.7959152173548204,0.8497894657922178,0.2157034898136554,0.4446061096436531,0.7186202064124942,0.979369250163139,0.061796663371149,True,HUFL,24.0,20,0.8905145967898016,0.03481557483634317,0.22777777777777777,0.06388888888888888,0.1638888888888889,0.22395833333333331,True,False
41,2,0.0096386739299909,0.1035564823027132,0.5104166666666666,True,0.0828729223524984,0.2380948434474644,0.1344373144527973,0.0096386739299909,True,0.6342476086883465,0.8393202447208751,0.6396191240016754,0.1741560417943023,0.6211548833706702,0.9294210002133207,0.5110180707417793,0.2600144243623647,0.5393850748434597,0.9608305505550409,0.4731189612074777,0.3820309904346993,True,MUFL,24.0,27,0.9570120015266346,-0.00016528212547393525,0.08055555555555556,0.08472222222222223,-0.004166666666666666,-0.057291666666666664,False,False
246,2,0.0096601493374863,0.0751454808300841,0.25,True,0.2097318807563836,0.0277978250049892,0.08452030903606,0.0096601493374863,True,0.6296387248339552,0.8672442375516028,0.5621481414539271,0.1714357456263523,0.5331701836276705,0.8680734466719415,0.5229475006828582,0.3182285445939349,0.3871042145683089,0.7587952636391923,0.5412306408702908,0.3759410491983921,True,MUFL,24.0,29,0.9221125291942975,0.0008759222189843436,0.06111111111111111,0.06527777777777778,-0.004166666666666673,-0.049479166666666664,False,False
511,2,0.0063485168689959,0.0801191448175609,0.2708333333333333,True,0.1965614159561969,0.1801996741690779,0.1438045699621215,0.0063485168689959,True,0.7129156133557588,0.8758233249023827,0.7356436897502655,0.1857432447652538,0.524564563963808,0.76441807368052,0.7904586327770806,0.2430891126471263,0.5955036009981596,0.7903159053996937,0.8284313534005346,0.1662613663882066,True,MUFL,24.0,29,0.9262370123939344,0.0009684397421015068,0.1111111111111111,0.1111111111111111,0.0,0.005208333333333343,False,False
599,2,0.0580221135153559,0.0922117122283608,0.3333333333333333,True,0.1349526613708187,0.1057884868275184,0.129968060401167,0.0580221135153559,True,0.7064279868032397,0.8657447340137471,0.8759230110681021,0.2073218761865198,0.6844993774047075,0.8481411454224611,0.8724565059714234,0.1850750885321702,0.628927045024056,0.8159579437390158,0.8118195899952202,0.19194581254885,True,MUFL,24.0,29,0.9195689668841179,-0.00037612358650729116,0.14305555555555555,0.1388888888888889,0.004166666666666652,-0.04166666666666666,False,False
616,2,0.0771485180542799,0.0920038122793899,0.4375,True,0.1682037059716721,0.0771485180542799,0.2271517650785436,0.125316912204443,True,0.6982331526740043,0.8548309540241095,0.8646011310821483,0.1800204180753376,0.6756623449306873,0.8357095498295916,0.8274071981821467,0.1505960746593798,0.6608854684465655,0.8216689061507121,0.7693954190478383,0.1073396731616409,True,MUFL,24.0,30,0.9129068566940617,0.003945123747974257,0.2,0.18472222222222223,0.015277777777777779,-0.002604166666666685,False,False
617,2,0.0741384716653973,0.0788082823305331,0.2708333333333333,True,0.1454769703615681,0.1444327195959748,0.1317299211875801,0.0741384716653973,True,0.6829061731968741,0.8559949934994585,0.8500647917421744,0.2231279641962925,0.6622852007423654,0.8333494174123336,0.8074210506567584,0.1775211834021472,0.640936376365854,0.8112357685238678,0.7478395439019148,0.1146647917642532,True,MUFL,24.0,30,0.912851298798845,-0.0009059959195474363,0.16111111111111112,0.19166666666666668,-0.030555555555555558,-0.05729166666666666,False,False
640,2,0.095517068152058,0.0929528761478528,0.375,True,0.2850399115458579,0.095517068152058,0.1386427583062536,0.1592887760836664,True,0.713953658771171,0.8530449463196725,0.8718301644809436,0.1156682205663912,0.6911425361414099,0.8344102763812318,0.8257129780424295,0.0708684005096748,0.6976901073992863,0.8443006351257505,0.7218851737827885,0.0129580051955979,True,MUFL,24.0,30,0.9143549271281463,0.0070337622525001794,0.20416666666666666,0.1625,0.04166666666666666,0.059895833333333315,False,False
641,2,0.0958155280444011,0.0793487271033387,0.2604166666666667,True,0.1705076130413543,0.1488840731109009,0.1031859355058135,0.0958155280444011,True,0.704448057403654,0.8486805909477175,0.880393918416321,0.1216756052320346,0.679360069442869,0.8273243623450955,0.831581051508279,0.071326093992437,0.6846280513809305,0.8359441417464489,0.7169223530417119,0.0028931907648198,True,MUFL,24.0,30,0.9142963086694125,0.0024902261352460083,0.1625,0.13333333333333333,0.029166666666666674,0.03125,False,False
642,2,0.0460075024634599,0.07502936035408,0.21875,True,0.1638134698580537,0.1425505399013825,0.0684217478317905,0.0460075024634599,True,0.696964942371108,0.8519745799797829,0.9013815044583046,0.162649003606518,0.6724531447374805,0.8286137005163539,0.860655504796192,0.1145462470987932,0.6765114698652683,0.8284088244194693,0.7401774926856344,0.0443276731991767,True,MUFL,24.0,29,0.9142691779125579,-8.023626588412075e-05,0.14444444444444443,0.15555555555555556,-0.011111111111111127,0.005208333333333343,False,False
860,2,0.223200940396963,0.077571136499187,0.15625,True,0.223200940396963,0.3589456483137261,0.4006894311234718,0.5735178207186851,True,0.5683254433383443,0.8493965159045256,0.8414514040469487,0.3912618983366169,0.6232619871324147,0.869494408400446,0.7597527380273496,0.347441081179169,0.7269560965652492,0.8854155270517425,0.7699725886358021,0.2089915954026848,True,MUFL,24.0,25,0.9584244419720346,0.06585227751231915,0.3527777777777778,0.05138888888888889,0.30138888888888893,0.3828125,False,False
861,2,0.195224155635749,0.0766832647893404,0.1458333333333333,True,0.195224155635749,0.3326323014945666,0.3678454296004891,0.5321543370075799,True,0.5712703552137482,0.8491481364843007,0.8616607880706422,0.3868147308871407,0.6344096876870123,0.8683407215677417,0.7877939696663491,0.3363304057082998,0.7328812834523438,0.8821884903065511,0.7894070695385179,0.1917468563947604,True,MUFL,24.0,26,0.9590724032557205,0.055914940126617504,0.29444444444444445,0.06111111111111111,0.23333333333333334,0.2786458333333333,False,False
862,2,0.1519276814479077,0.0781095627140265,0.1666666666666666,True,0.1519276814479077,0.270522482013845,0.3154200840077634,0.4924647532094585,True,0.5572721317206047,0.84607733540282,0.8898287031431034,0.3958036679751532,0.6308798876480839,0.8644478891700151,0.8194796032401568,0.3381835577063757,0.7305712991165358,0.8792376445493861,0.8259104866370632,0.1991073848585502,True,MUFL,24.0,27,0.9595306188794188,0.048015298490122725,0.23472222222222222,0.06666666666666667,0.16805555555555557,0.19010416666666669,False,False
867,2,0.2431020197635943,0.0821049248900984,0.3229166666666667,True,0.2431020197635943,0.2669201748905792,0.2823428057886995,0.4881742179994154,True,0.6135507194199361,0.8550669083361091,0.9200110626802452,0.3367060366670912,0.6913768761617527,0.8799435144261593,0.8478795846141067,0.2861741022942421,0.7364223397793391,0.8815563963013598,0.8570695132271514,0.2002991079306418,True,MUFL,24.0,28,0.9594048048146652,0.04489727259577164,0.24722222222222223,0.07916666666666666,0.16805555555555557,0.2265625,False,True
868,2,0.1504054108195963,0.088110458752073,0.34375,True,0.1504054108195963,0.2697082331114694,0.2534570478564599,0.4858210490836943,True,0.6088236688614101,0.8537386338118341,0.9228815777141772,0.3395073479469983,0.6844175937699424,0.8790629456970185,0.8464994154877764,0.2954211996927247,0.7132639638479792,0.8718892224084939,0.8570216104144948,0.2161152618805644,True,MUFL,24.0,30,0.9592753733430893,0.0451382815012521,0.2513888888888889,0.07777777777777778,0.1736111111111111,0.21875,False,False
869,2,0.2762597506242544,0.0880510835703411,0.3645833333333333,True,0.2762597506242544,0.3232535002585728,0.2838929985502803,0.5163647544284222,True,0.6190684869035514,0.8533313617340259,0.9073066448068005,0.3258720528558865,0.6828756989854574,0.8787997145422037,0.8284146620512159,0.2947449503884355,0.7136084999559262,0.8737122464747153,0.8442618825692878,0.2211272614351425,True,MUFL,24.0,28,0.9591802666317812,0.05017395117228703,0.29305555555555557,0.07083333333333333,0.22222222222222224,0.25260416666666663,False,True
870,2,0.1042391110399723,0.0930986336705441,0.3333333333333333,True,0.1042391110399723,0.2608543395112551,0.159340414611274,0.5009022943765015,True,0.5889704047197666,0.8489572816909917,0.9017001776761498,0.3591326333535982,0.6645125839599058,0.8801511288600258,0.8115813017776125,0.3247331281030008,0.7109736578102536,0.8817578343693678,0.8185302040736286,0.2500509696615656,True,MUFL,24.0,28,0.9591215044879275,0.05058145534665463,0.28194444444444444,0.07361111111111111,0.20833333333333331,0.2760416666666667,False,False
871,2,0.0519999644924247,0.0909692805358174,0.2916666666666667,True,0.0519999644924247,0.3122991180269017,0.1135799247682609,0.5266192756481369,True,0.5992833369009487,0.8480755090420241,0.8994703026816661,0.3425015435332784,0.674084017757132,0.8809483499949297,0.811574679319472,0.3117262764328188,0.7130701987113592,0.8783559908586551,0.8178293298127122,0.2340418152137782,True,MUFL,24.0,30,0.9591319567528921,0.05444986470980224,0.26944444444444443,0.0763888888888889,0.19305555555555554,0.2578125,False,False
926,2,0.0710793590369104,0.0821388851689009,0.3333333333333333,True,0.4962279543395134,0.0710793590369104,0.1655222810079909,0.2872608403011046,True,0.6671710071885074,0.8356946012712425,0.8745095206758329,0.1723596862291421,0.6793228973331831,0.8326241530311798,0.7991137187893398,0.1132127805268897,0.5384475375435309,0.7680420098234263,0.994272785307012,0.0161439627778615,True,MUFL,24.0,30,0.9511827622386705,0.008556151175780395,0.11527777777777778,0.16666666666666666,-0.05138888888888887,0.0026041666666666574,False,False
927,2,0.0806077127699039,0.1057581188935082,0.46875,True,0.4741435782449766,0.0806077127699039,0.138310444461202,0.257709514044033,True,0.6630571374268016,0.8294732490199426,0.8733645348561142,0.1517968657138397,0.6737266168118805,0.8264612279525158,0.8006352246616422,0.0929761369971864,0.5130652770139967,0.7641912457365975,1.0269156299692193,0.0435761514597763,True,MUFL,24.0,30,0.9511613989734881,0.006531736519267928,0.12361111111111112,0.17083333333333334,-0.04722222222222222,-0.03125,False,False
928,2,0.146935119461226,0.1115071935206371,0.5520833333333334,True,0.4969777195561179,0.2389986591330682,0.146935119461226,0.2203268070814444,True,0.673729341232946,0.8282851016139193,0.8542706650413563,0.1079426644844071,0.6783695665656808,0.826569016442432,0.7888850244746526,0.0585379289546618,0.5104128831433645,0.7624404507473793,1.012815047787863,0.0906372933693283,True,MUFL,24.0,30,0.9509489484106038,0.005704909510895233,0.11666666666666667,0.15416666666666667,-0.037500000000000006,-0.02604166666666667,False,False
929,2,0.184321392142105,0.1074301889168314,0.5729166666666666,True,0.4499635456039257,0.2061526826633813,0.184321392142105,0.207634013091031,True,0.6701880770089927,0.8273346780373113,0.8468422504488236,0.1179578191249667,0.6716413925444847,0.8234060309568808,0.784456099249362,0.0695629361920443,0.5123534621005806,0.762709196369837,1.0179141371464848,0.0651328974461404,True,MUFL,24.0,29,0.9508545263127133,0.004909896623651546,0.11805555555555555,0.15833333333333333,-0.04027777777777777,-0.02604166666666667,False,False
930,2,0.1755024919720437,0.0991450136984963,0.4479166666666667,True,0.4935577803705946,0.1755024919720437,0.178238502328062,0.1850793456260403,True,0.6505598304029492,0.8252493314966418,0.8583582457894805,0.1714072009194892,0.6530560977914165,0.8176989693418848,0.7947972700399131,0.1226825938772322,0.496800326472418,0.7575118701909657,1.0350381887641518,0.0017462837715548,True,MUFL,24.0,29,0.9508457447860885,0.0021149270289873446,0.12916666666666668,0.18333333333333332,-0.05416666666666664,-0.046874999999999986,False,False
931,2,0.2379825432356369,0.0970633877537694,0.375,True,0.5776012807780594,0.2379825432356369,0.2429660856118267,0.2416884134949012,True,0.6655452237511956,0.8261258082376542,0.8608516715081547,0.1254302264417986,0.662911137781657,0.8175010524747147,0.8182415033900532,0.0734594088463202,0.478787932122644,0.7588341686649609,1.065723790613054,0.0534801210858282,True,MUFL,24.0,29,0.9508609130031968,0.006547857968858053,0.14722222222222223,0.18611111111111112,-0.03888888888888889,-0.0625,False,False
932,2,0.2325497229887051,0.0871222450580512,0.3333333333333333,True,0.5746026985739492,0.2384880072935606,0.2325497229887051,0.3501748868641718,True,0.6622308672413688,0.8265005202588286,0.8726302487491151,0.1369097910894545,0.6688465014952606,0.8220560146833851,0.8292259801033836,0.0829348019696516,0.4771694909324195,0.7569243810560005,1.064526693507484,0.0338503335151926,True,MUFL,24.0,29,0.9508879791922608,0.015399735092038463,0.17916666666666667,0.18055555555555555,-0.001388888888888884,0.013020833333333343,False,False
933,2,0.2053009099041297,0.0903320053523938,0.40625,True,0.614653423778158,0.2667559160281384,0.2053009099041297,0.411817007022494,True,0.6613578759389551,0.8258861154599921,0.8841638036116248,0.1316575513760657,0.6707703016796285,0.8220479448717659,0.8410326031718215,0.0680595675676496,0.4729830112290234,0.7568603247436805,1.0680980644131042,0.0546407297494649,True,MUFL,24.0,29,0.9509396340074223,0.021225253536042127,0.18055555555555555,0.1736111111111111,0.0069444444444444475,0.028645833333333315,False,False
934,2,0.2770980564106817,0.0916333001835301,0.3645833333333333,True,0.7070585411759949,0.400276865918032,0.2770980564106817,0.4140697145818413,True,0.6773539286715948,0.8301411112572732,0.9021049871416158,0.0812498399725725,0.6789113509453955,0.8251495200856077,0.864850569473781,0.0196011792908354,0.4560781004030816,0.7611152649279368,1.0942000032297423,0.1107831359623815,True,MUFL,24.0,29,0.9509785897233007,0.022728817655027093,0.17777777777777778,0.16666666666666666,0.011111111111111127,0.03645833333333334,False,False
935,2,0.2988829134386181,0.0936188875236689,0.4166666666666667,True,0.6768466039100876,0.434903777292975,0.2988829134386181,0.4184478322129015,True,0.6802516705204233,0.8338629654552826,0.8583778435525967,0.1203112438192219,0.6833005460576497,0.8290974801096859,0.8309348617878474,0.0640211644313824,0.4992667223423219,0.7613024154943074,1.0404633301763693,0.0488244734638255,True,MUFL,24.0,29,0.951003819237191,0.023901755290681802,0.15833333333333333,0.13472222222222222,0.02361111111111111,0.026041666666666657,False,False
936,2,0.3268940931479491,0.1005401066600882,0.5104166666666666,True,0.6754529573095013,0.4618418751388431,0.3268940931479491,0.4123234074807148,True,0.6852550507988623,0.8353575075824531,0.8597023648531412,0.1094277962858427,0.6888051977041237,0.8312363429475881,0.8287574577212166,0.046287312092962,0.5122355711224101,0.7643293079491731,1.0274945939887337,0.0520360652948309,True,MUFL,24.0,29,0.9510031535007305,0.023563817245702744,0.1638888888888889,0.13472222222222222,0.029166666666666674,0.0390625,False,False
937,2,0.3034316823502545,0.09644744945275,0.4583333333333333,True,0.6477567899533534,0.4332065532145237,0.3034316823502545,0.3949005491034608,True,0.6808829230116407,0.8352427767330582,0.8659980570793437,0.1257047564888866,0.6878850314390108,0.832386590853413,0.8326636808543914,0.0705856105356285,0.5006436333197102,0.7575014335369673,1.0264678467915358,0.0286680489713407,True,MUFL,24.0,29,0.9509878389018683,0.01913285178472642,0.15694444444444444,0.1625,-0.005555555555555564,0.026041666666666685,False,False
938,2,0.2499702246868483,0.1014976535871817,0.5,True,0.5139815829326202,0.3646365510299598,0.2499702246868483,0.3931124298220626,True,0.6688927698542717,0.8308092641966798,0.861486321870299,0.1428642073902561,0.6798184019253588,0.8299805699551295,0.8435170851251224,0.0941600092116342,0.496362353960365,0.7617492632168134,1.0513847785438155,0.0032945883285608,True,MUFL,24.0,29,0.9509774324973077,0.019728616045923752,0.14722222222222223,0.15416666666666667,-0.0069444444444444475,0.033854166666666685,False,False
939,2,0.2802009260580468,0.0993424000831767,0.4375,True,0.5766071110734499,0.4480273185171396,0.2802009260580468,0.4202459906534171,True,0.6717926379618262,0.8289996357305022,0.88710052057909,0.1098728595208607,0.6794863373504386,0.8281427442142414,0.8683218775377962,0.068700106911298,0.45250022318354,0.7547556581083885,1.09638636884691,0.0210793202779146,True,MUFL,24.0,29,0.9509279203548873,0.02249822393869859,0.1763888888888889,0.16944444444444445,0.0069444444444444475,0.05208333333333334,False,False
940,2,0.2259500418259772,0.0989762273288827,0.4583333333333333,True,0.577970693650675,0.3845495338392459,0.2259500418259772,0.353751241705503,True,0.6423462067512336,0.8239862066425746,0.8958402395907977,0.1773247301846587,0.654758434771469,0.8205217080254302,0.8681953360373622,0.1273760721708757,0.4316963650658656,0.7520919994898363,1.1156634366333302,0.0419740482223054,True,MUFL,24.0,29,0.9508701921005568,0.015527436129291796,0.15138888888888888,0.175,-0.02361111111111111,0.03125,False,False
941,2,0.2377037041726661,0.0949892773737487,0.4270833333333333,True,0.5771256559092415,0.412710469818328,0.2377037041726661,0.3626325561991735,True,0.6402053365517735,0.8197136412889588,0.8759450255289006,0.1690063566552766,0.6490326586913464,0.816771780463686,0.8501511468554224,0.1302662679658853,0.4444401047315888,0.7499289412425354,1.0921702358874876,0.0287090303094442,True,MUFL,24.0,29,0.9508320119536016,0.017669817506041307,0.1486111111111111,0.1527777777777778,-0.00416666666666668,0.04166666666666666,False,False
942,2,0.2499488333443159,0.0953009770856676,0.4479166666666667,True,0.6173779272416235,0.3974383181910249,0.2499488333443159,0.3012359471462473,True,0.6393341439483287,0.8230868880195151,0.876413003148923,0.1878675244062327,0.6376716990705134,0.8147089600846686,0.8385061466380067,0.1597269059484809,0.4449041373096092,0.750113491051067,1.0853976387942152,0.0731481539026152,True,MUFL,24.0,29,0.9507767077967202,0.012545517419042347,0.16944444444444445,0.18055555555555555,-0.0111111111111111,0.0234375,False,False
943,2,0.266647432144405,0.0931550409670257,0.3854166666666667,True,0.5857444880076019,0.3926558290392207,0.266647432144405,0.3438215758573055,True,0.6345713969564044,0.8218341907960557,0.8607484935195819,0.1983071285873125,0.6317754851274493,0.8150488182692691,0.8242412656601501,0.180123818374052,0.4519219339436471,0.750896636832518,1.072227094908481,0.0931158524389439,True,MUFL,24.0,29,0.9506963416153688,0.017546520349460686,0.15138888888888888,0.15416666666666667,-0.0027777777777777957,0.04427083333333333,False,False
944,2,0.3283770172499091,0.1016535038953536,0.4583333333333333,True,0.5901138329253759,0.3836823552816921,0.3283770172499091,0.4513229033229646,True,0.6556662405427788,0.8254732647761012,0.8715398572199854,0.1536806408691267,0.6456488488963215,0.8145186593072393,0.8300055003333449,0.1324837922855973,0.436878165313196,0.7411806025492369,1.0747886586994373,0.0342955558890465,True,MUFL,24.0,29,0.9506802701948978,0.032615114880704614,0.23194444444444445,0.15555555555555556,0.0763888888888889,0.12239583333333334,False,True
945,2,0.2507638831847488,0.1139787089766274,0.6145833333333334,True,0.5478507101487404,0.3061197593280315,0.2507638831847488,0.4471801586911299,True,0.6371850949220617,0.8264442058756565,0.8863604279381142,0.2055115004985002,0.6363923568918062,0.8174718215644682,0.8392987881361583,0.1771761995596532,0.4421811957803956,0.7474065981179553,1.0775267681915492,0.0863487141794289,True,MUFL,24.0,29,0.9506910681601787,0.033775868599710386,0.21388888888888888,0.12361111111111112,0.09027777777777776,0.14062500000000003,False,True
946,2,0.183309222248464,0.1219116578152164,0.6770833333333334,True,0.5366913699720717,0.183309222248464,0.2624100227512679,0.377145573101221,True,0.6683737761987665,0.8288367410959749,0.8834387954616381,0.1249607252334872,0.6625693832630493,0.8188330095774374,0.8375586168040206,0.0869911831428346,0.4544366579300581,0.7482670210853593,1.0708702302105024,0.0373369304584461,True,MUFL,24.0,29,0.9507176562283831,0.024001953050041464,0.2152777777777778,0.13333333333333333,0.08194444444444446,0.1015625,False,True
947,2,0.0775115220284741,0.1257796178557186,0.6458333333333334,True,0.5703581566551466,0.0775115220284741,0.1309928081528744,0.2645882952879469,True,0.6610564014517717,0.8296533316447678,0.8940243784674744,0.1520678058907945,0.6617658730697618,0.819760405858897,0.8361176873513964,0.0998683597860545,0.4552605484193628,0.7436200341305353,1.056009056438156,0.0111043001861858,True,MUFL,24.0,29,0.9505916020048955,0.013185487136747583,0.14722222222222223,0.12361111111111112,0.02361111111111111,0.049479166666666685,False,False
948,2,0.0479970172437689,0.1124326680797469,0.5729166666666666,True,0.456077510807662,0.0479970172437689,0.1493110098919261,0.217000415264329,True,0.6768439370511856,0.8303788746176101,0.8793301690168258,0.101434260172114,0.6728926691184158,0.8222568066156005,0.8206702464904116,0.0566663015754365,0.4732777208339475,0.7441784170410298,1.0221968326939033,0.0568291836437198,True,MUFL,24.0,29,0.9501418936988594,0.011446496177154635,0.1625,0.10138888888888889,0.061111111111111116,0.08854166666666667,False,False
955,2,0.0106425617195448,0.086992998751615,0.3020833333333333,True,0.4127063867951501,0.149112125807619,0.0106425617195448,0.0261483443980629,True,0.6747399100677733,0.8255000654859141,0.8778400413521842,0.063015672461647,0.6451322866410322,0.8048980499371972,0.857080024523094,0.0023718515946466,0.4606864517041212,0.7528574620766385,1.0630227450601792,0.09952589478169,True,MUFL,24.0,27,0.9487239421247741,0.0003327905057824393,0.13472222222222222,0.13194444444444445,0.002777777777777768,0.005208333333333343,False,False
956,2,0.0211204186034905,0.0894751648470672,0.34375,True,0.3502407628292843,0.1021285938624606,0.0213368542363661,0.0211204186034905,True,0.6652188615336161,0.8203178705117533,0.8839795742982054,0.0604130335137013,0.6302259303790625,0.7976539024776554,0.8746400309199815,0.0099475517707713,0.4052958326958644,0.7403885767651393,1.0932749025906356,0.1354645819165503,True,MUFL,24.0,27,0.9489386305129254,-0.0012953634115093829,0.10138888888888889,0.1361111111111111,-0.03472222222222221,-0.046875,False,False
1094,2,0.0196514311908677,0.0933889643870078,0.3958333333333333,True,0.102912671976341,0.0947174075904179,0.1561027043121736,0.0196514311908677,True,0.6492619770664018,0.8149370474675752,0.9271219404525912,0.0476965832603115,0.5657644203530232,0.7976097836309081,1.0134554268135332,0.1543619283042273,0.588972544801466,0.8279492054896803,1.1341953392112945,0.052351195307179,True,MUFL,24.0,28,0.9500154659231758,-0.0004772505683187823,0.09722222222222222,0.11666666666666667,-0.019444444444444445,-0.078125,False,False
1095,2,0.0363769043072566,0.0974967357415595,0.375,True,0.0605724696584217,0.1619826391185787,0.1848406507207954,0.0363769043072566,True,0.6462455575730962,0.8123263808828275,0.9203196857823432,0.0443400225752844,0.559687281434076,0.7929479537129013,1.0106711668271815,0.1472269619824955,0.5937237161072383,0.8249389516663251,1.1163581703532683,0.0433058523641864,True,MUFL,24.0,28,0.9500237590830535,-2.4770757766716764e-05,0.12222222222222222,0.14027777777777778,-0.01805555555555556,-0.09635416666666667,False,False
1096,2,0.0439111230774788,0.0937246924299479,0.4375,True,0.051619987756418,0.2137738101816112,0.2167538880174041,0.0439111230774788,True,0.643626263041378,0.8100884634935528,0.9106562954042908,0.0500316582649513,0.5528571712156003,0.7873995554601282,0.9932877006598588,0.1573243795138615,0.5815899770113093,0.8222454088090405,1.1190621569752308,0.0799834564412241,True,MUFL,24.0,28,0.9501074020928492,0.0017208127299869703,0.12222222222222222,0.12222222222222222,0.0,-0.07812500000000001,False,False
1097,2,0.0495716841708331,0.0947002654170242,0.4166666666666667,True,0.0495716841708331,0.2858725564969728,0.2243788141119739,0.087557295488878,True,0.6486233448987567,0.8121862487341065,0.9095103852686804,0.039384897890215,0.5534149138313985,0.7844109543115725,0.9936097890692432,0.1346160426866937,0.589531063803723,0.8254130704313197,1.1252589781743425,0.0432215761500934,True,MUFL,24.0,28,0.9501203353742327,0.005736544961603574,0.14027777777777778,0.12638888888888888,0.013888888888888895,-0.05208333333333333,False,False
1098,2,0.0127780386375916,0.0864831079980751,0.3645833333333333,True,0.0127780386375916,0.2191349519099585,0.1779935043767697,0.0428746123990163,True,0.638919092829219,0.8072267622108729,0.8914779478653883,0.0748177152554047,0.5390537648891363,0.7834123876504889,0.9829775937274038,0.1866947582514903,0.5631213930518881,0.8172396006293939,1.1261572846005767,0.0965869365643377,True,MUFL,24.0,27,0.9502362547556906,0.00291065362266623,0.12361111111111112,0.12222222222222222,0.0013888888888888978,-0.07812499999999999,False,False
1241,2,0.2338425860723778,0.075653433050257,0.1770833333333333,True,0.2880465616422686,0.3564660927364784,0.2974415104844177,0.2338425860723778,True,0.6749301792564972,0.8282145530727982,0.751722284392005,0.0718199101722003,0.5921647340004632,0.772774831808503,0.7994955888248378,0.0655912175574647,0.6495470875538504,0.8638847929092632,0.6427012468366722,0.2186954201916078,True,MUFL,24.0,25,0.9337684993700515,0.007691347335874259,0.075,0.08611111111111111,-0.011111111111111113,-0.0234375,False,False
1259,2,0.0128150789334815,0.086473900489419,0.3020833333333333,True,0.0128150789334815,0.2145697582217371,0.263799574589165,0.0591183768552329,True,0.6740986143529033,0.8291870363790435,0.8251980263399938,0.1159164127510254,0.5896523506990797,0.778510471673328,0.857913663619995,0.1006048553233329,0.6706930590312874,0.8657452742697862,0.6722937971732915,0.2034658371775573,True,MUFL,24.0,26,0.9338242349864885,-0.000564953123056798,0.07916666666666666,0.11666666666666667,-0.037500000000000006,-0.09375,False,False
1264,2,0.0164691751020868,0.0805503705226155,0.2604166666666667,True,0.1226331274205894,0.0729949836496746,0.1843901628342962,0.0164691751020868,True,0.6773995800063808,0.8244287699044152,0.7827219596265687,0.0233186323821567,0.6569717613874704,0.8122284543727835,0.7819547876361959,0.0427411488808213,0.6695273603932065,0.8603665035095762,0.6389526515444375,0.1472381272838213,True,MUFL,24.0,26,0.9328014213667243,0.004259312704826285,0.11944444444444445,0.059722222222222225,0.059722222222222225,0.023437500000000007,False,False
1265,2,0.0469573791296131,0.0800080422709622,0.2395833333333333,True,0.0733124164464457,0.1360469933439508,0.2042806395674749,0.0469573791296131,True,0.6827535605092616,0.8276318022880039,0.7940123234713964,0.0330237837524386,0.6622044721267293,0.8161791552081362,0.7931486520027323,0.0584254840942134,0.6763923886734895,0.8662892250526735,0.644287335933395,0.1574159902816209,True,MUFL,24.0,26,0.932656744742913,0.004003354508043485,0.125,0.08472222222222223,0.04027777777777777,-0.013020833333333329,False,False
1266,2,0.0492267426520618,0.0752138216674513,0.1770833333333333,True,0.0715658061350023,0.1592818711591966,0.1970329264808127,0.0492267426520618,True,0.6801745584624342,0.8264798224936918,0.806231374303888,0.0498431426845743,0.6574854495600058,0.813828646137409,0.8027289723246862,0.0686178763522561,0.6750517664512491,0.8644585692804416,0.6455088896103297,0.1558778025361351,True,MUFL,24.0,25,0.9326663382724154,0.005468435275251267,0.1486111111111111,0.09444444444444444,0.05416666666666667,-0.010416666666666657,False,False
1270,2,0.0136526801156404,0.0780442411573868,0.2604166666666667,True,0.0136526801156404,0.0656341081103727,0.147832982194121,0.0308700879265771,True,0.6705177025652216,0.8220035003488174,0.8030929787171038,0.0693861959766011,0.6497912366047305,0.8109253166104403,0.8381969418199384,0.0840529058001274,0.6801010452205163,0.8638843194394779,0.679370919134597,0.1793038685049059,True,MUFL,24.0,25,0.9319670906011109,0.0009195718205190473,0.09166666666666666,0.06944444444444445,0.022222222222222213,-0.018229166666666664,False,False
1271,2,0.0002675802867947,0.0815462030830498,0.21875,True,0.0105319292989425,0.1236747442127996,0.127937610308824,0.0002675802867947,True,0.6648079902095849,0.8181210091729904,0.8057764961176906,0.0660424744999383,0.6419255523391801,0.8055533871633255,0.8404070331984423,0.0759995433485314,0.6751438553598194,0.8603821760186975,0.6796094256032584,0.1800967688718679,True,MUFL,24.0,25,0.9317334893537069,0.0022445946281645147,0.125,0.1,0.024999999999999994,-0.03125,False,False
1317,2,0.0521792531314473,0.0957846021017708,0.4166666666666667,True,0.0756940957065639,0.0521792531314473,0.1592868858571142,0.0705801254172704,True,0.6793382151006786,0.824515481625245,0.833414375870326,0.0202082661365643,0.6908232800670865,0.8359750572303583,0.7855825161904809,0.0741053847689793,0.6945369877338552,0.8876162563871787,0.6295166221998282,0.1634325845763022,True,MUFL,24.0,25,0.9199349234131393,0.0047833078710968185,0.11805555555555555,0.07222222222222222,0.04583333333333334,0.08333333333333334,False,False
1318,2,0.0254164982199629,0.0982086838209399,0.4895833333333333,True,0.1082051560821467,0.1031209881303405,0.1564791856134643,0.0254164982199629,True,0.6783390534278597,0.8247789368382968,0.8583578393104075,0.0281726557679536,0.692728236470457,0.8362152486536267,0.8107183887780152,0.0766656099360956,0.7072340567886578,0.889595787556106,0.6464176987288983,0.1581487450574853,True,MUFL,24.0,25,0.9202907824051918,0.00045876899726808373,0.075,0.09027777777777778,-0.015277777777777779,-0.0026041666666666574,False,False
1326,2,0.0321026308577159,0.1026077378984048,0.46875,True,0.2922732073915163,0.2558980564591333,0.16033948668894,0.0321026308577159,True,0.6654221528930124,0.8180409570369546,0.8673628446389401,0.0365541502472822,0.690751587618465,0.8326453844386941,0.8161674466876491,0.0476993309813526,0.7131643661168281,0.8978604494832662,0.6492403214319687,0.1765702482221202,True,MUFL,24.0,25,0.9229046238734739,0.001717595216158416,0.11944444444444445,0.10694444444444444,0.012500000000000011,0.04947916666666666,False,False
1351,2,0.0753889782350963,0.103327736312846,0.5208333333333334,True,0.0753889782350963,0.1305227223332665,0.0772905971062383,0.1284099230178768,True,0.6527354601295852,0.8209131208630407,0.8453964997807589,0.1433996374900697,0.6574058476006074,0.8385975600141448,0.7916404655902298,0.2088900460633142,0.6700545231907664,0.9145616122319706,0.6294307205351212,0.2916655515787463,True,MUFL,24.0,25,0.9228808130121587,0.0072207745575801905,0.1486111111111111,0.10416666666666667,0.04444444444444444,0.06770833333333333,False,False
1352,2,0.0721781488860471,0.1016683171886985,0.4583333333333333,True,0.1164992154392353,0.0721781488860471,0.0925964490542305,0.11646699713334,True,0.6542231103062773,0.8225820568736213,0.8350803275173708,0.1492043002566476,0.6561132032546149,0.8397141978420083,0.7856471973205941,0.214670655324499,0.6657219414220593,0.9136139763370128,0.6260814025534964,0.2937576813458591,True,MUFL,24.0,25,0.9228658128360886,0.006827695409379776,0.12638888888888888,0.09166666666666666,0.034722222222222224,0.07552083333333334,False,False
1353,2,0.0726107959130294,0.1013414021536615,0.5,True,0.1682298516927505,0.0726107959130294,0.1102434168926184,0.1763021734962464,True,0.6707948130866042,0.8247323141204822,0.8392142561430481,0.0958063161966709,0.6788468015771043,0.841840612771519,0.7804008053166372,0.1614743502675549,0.6919112346108387,0.913267435666798,0.6232447944116847,0.2409004815229274,True,MUFL,24.0,25,0.9228907484176323,0.011900250147391444,0.16666666666666666,0.09722222222222222,0.06944444444444443,0.1328125,False,False
1361,2,0.0898110102720577,0.0857874848365836,0.3645833333333333,True,0.4542143478738862,0.0898110102720577,0.3075768482179519,0.0967492287465223,True,0.6801644760450967,0.8277110385603265,0.8181280471042429,0.0696365822270887,0.6637361559148387,0.8365334060323869,0.718267656164515,0.1485435824985295,0.6662244837435911,0.8763391657192232,0.6064527076043854,0.1700210262176447,True,MUFL,24.0,24,0.9160480940099315,0.005950525625971963,0.09444444444444444,0.05555555555555555,0.03888888888888889,0.036458333333333336,False,False
1363,2,0.0643893744136623,0.0766936647231902,0.2395833333333333,True,0.3820964044096099,0.0896643181133247,0.2105674553947182,0.0643893744136623,True,0.6700167852359185,0.8210034045028075,0.8412867872033817,0.0601530494281409,0.66434293404847,0.8325752831055155,0.7602641708343183,0.1536547136662637,0.676070302187324,0.8678154983297435,0.6511549329428118,0.1734694104451626,True,MUFL,24.0,24,0.916126003099254,0.002390209838602643,0.08888888888888889,0.09722222222222222,-0.008333333333333331,-0.04427083333333333,False,False
1364,2,0.0689301659242721,0.0838143042299048,0.2916666666666667,True,0.4320231616994793,0.1414167824231437,0.151666570769583,0.0689301659242721,True,0.6720987586085069,0.8213517981204572,0.8528952598563092,0.0390516028982201,0.6757331332096839,0.83464478380832,0.7790593026715534,0.1334505009939917,0.6922014398369384,0.8716375049604006,0.6685005523402036,0.1621292037136854,True,MUFL,24.0,24,0.9162688389645792,0.002789415367042756,0.08611111111111111,0.09305555555555556,-0.0069444444444444475,-0.04166666666666667,False,False
1365,2,0.0896989145779203,0.0861647344492692,0.3020833333333333,True,0.2694816426166267,0.096925569952912,0.1371100698849041,0.0896989145779203,True,0.6751846559691697,0.8233559004145701,0.8632002566200543,0.0338039946883252,0.6842594381500682,0.8369404749219008,0.7940981374470245,0.1198935133029202,0.7011035790385639,0.8724613736536756,0.6834925015455199,0.1561282641076437,True,MUFL,24.0,24,0.9163770262561539,0.005944764124553275,0.10694444444444444,0.06666666666666667,0.04027777777777777,0.02604166666666667,False,False
1366,2,0.0183597780603944,0.0870143028236458,0.3958333333333333,True,0.0183597780603944,0.0837875266933844,0.1507979400834118,0.0317831213718305,True,0.6680558991742689,0.8211561861465899,0.8371744557259881,0.0773627682559628,0.6681672951377817,0.8311518046441542,0.7799034462561882,0.1414907523055533,0.6863098560070611,0.869025624804655,0.6629754105552436,0.1626007065416124,True,MUFL,24.0,24,0.9164046895347191,0.0024224600360610474,0.1,0.07916666666666666,0.020833333333333343,0.010416666666666657,False,False
1367,2,0.0513844933421065,0.0917019981797421,0.3958333333333333,True,0.1784999083442837,0.1439751816375751,0.1205558638847034,0.0513844933421065,True,0.6756834683825395,0.8226845248090997,0.8534137541159736,0.0134934593059121,0.6843050351327533,0.8320094054270725,0.7925868249174703,0.0798778801190997,0.7085544543414133,0.8764668096695318,0.6664922288455754,0.1247007999921326,True,MUFL,24.0,24,0.9163481656024585,0.0033339306687820854,0.11666666666666667,0.09027777777777778,0.026388888888888892,0.013020833333333329,False,False
1374,2,0.0124454465775792,0.0975755647711198,0.46875,True,0.2564446368346231,0.121119677067219,0.0448650054252897,0.0124454465775792,True,0.6408641192305028,0.8064457876003912,0.887242777420106,0.0544291791595752,0.6762154360285102,0.8328720777857904,0.8000830243040881,0.1280052338714471,0.6959093074069438,0.8710353989671503,0.6831174947252643,0.1657715901843751,True,MUFL,24.0,24,0.9154259154746485,-0.0019253387665206906,0.11944444444444445,0.14722222222222223,-0.027777777777777776,0.005208333333333343,False,False
1375,2,0.0627962001438439,0.1008943067253881,0.4479166666666667,True,0.2079483270189915,0.1136256409375709,0.1136690845876814,0.0627962001438439,True,0.6529286328780927,0.8130058274343718,0.8544607750524713,0.0795696542793511,0.675804366434389,0.8381279453071019,0.7768745171171433,0.1513344105129191,0.6854321751683912,0.8723007958905266,0.6626919402144416,0.1775968213820763,True,MUFL,24.0,24,0.9152778689426444,0.001362355153987184,0.11805555555555555,0.125,-0.0069444444444444475,0.03385416666666667,False,False
1376,2,0.0506782209738966,0.1004895449833425,0.4895833333333333,True,0.3375506761226905,0.1724850860263038,0.11511221451932,0.0506782209738966,True,0.6532099284898408,0.8152698398853949,0.8838679731017736,0.0821539984184854,0.6782238599775928,0.8397128743066354,0.7983963998739309,0.1587034978794418,0.6810071248752947,0.8683681978650295,0.6836434402394331,0.1973143839364706,True,MUFL,24.0,24,0.915166843577076,0.0005130807670682175,0.10138888888888889,0.12777777777777777,-0.02638888888888888,-0.0078125,False,False
1377,2,0.1060593133848959,0.1029754820628148,0.5520833333333334,True,0.3336680952170338,0.15949326673776,0.1718203936896664,0.1060593133848959,True,0.6608739519516857,0.8185787019389218,0.8601449751361124,0.0864255994993436,0.6725797402260876,0.8378135099002092,0.7762044643358192,0.1598626368163146,0.6798521318205955,0.8719299142446438,0.6598447351865858,0.1882273103404176,True,MUFL,24.0,24,0.9152989248942277,0.005807677682797286,0.12361111111111112,0.07916666666666666,0.04444444444444445,0.0859375,False,False
1378,2,0.0901521623796965,0.1113693695070344,0.6354166666666666,True,0.2539218656357751,0.1334361421545827,0.1579850134917279,0.0901521623796965,True,0.6591264826930242,0.818662049101373,0.8605910213892,0.0965558347730543,0.6687842394308667,0.8368456824942949,0.7770221108095405,0.1671753485097448,0.678499349736558,0.8707718248778578,0.6591884820548022,0.1870206146508405,True,MUFL,24.0,24,0.9155666039893442,0.004257775988134354,0.12222222222222222,0.1125,0.009722222222222215,0.02083333333333333,False,False
1379,2,0.1032200158410812,0.1078485688474825,0.5,True,0.3088644297575779,0.1032318461056015,0.2459411749860324,0.1032200158410812,True,0.6718848112683025,0.825583740958213,0.8573116352290794,0.0932579368814896,0.6759269008131216,0.8367519029505143,0.7737001532495054,0.1423071436640706,0.6923431869290866,0.8729317751417731,0.6565014743137121,0.1510781983164871,True,MUFL,24.0,24,0.9156909426448614,0.0036350720269127525,0.10833333333333334,0.10694444444444444,0.0013888888888888978,0.018229166666666657,False,False
1380,2,0.1080118451051639,0.1059287893282551,0.5416666666666666,True,0.4145285960228915,0.1543902711268875,0.2591904521020413,0.1080118451051639,True,0.676826910976724,0.8239855824409361,0.8695214910918365,0.0071979245023719,0.6923288492977347,0.8380600225799436,0.769803206383395,0.0731898844900797,0.7003096212300214,0.8640782831319688,0.6666150418322427,0.0856149898421737,True,MUFL,24.0,24,0.9154767748710234,0.006518400131534678,0.12777777777777777,0.0875,0.04027777777777777,0.04427083333333334,False,False
1381,2,0.0743105416332624,0.0981044211683699,0.4583333333333333,True,0.3774167615730037,0.1547347030317373,0.3046737634637095,0.0743105416332624,True,0.6707787821685152,0.8205789897344093,0.8646339383971811,0.0251049342430807,0.6796383455990214,0.8319706975932506,0.7541395724148255,0.08049355258801,0.6828684242045837,0.8543523804655815,0.6514687673984828,0.0767320360179607,True,MUFL,24.0,24,0.9148204955951792,0.004669572689898737,0.1111111111111111,0.08194444444444444,0.02916666666666666,0.02083333333333333,False,False
1382,2,0.0487267751362235,0.0984976684351156,0.4895833333333333,True,0.3212270635285525,0.1805228595156806,0.3284059548915624,0.0487267751362235,True,0.6675713843553044,0.8183251144660814,0.856888846429941,0.0244427328185849,0.6705170223217718,0.8281996550451082,0.7484879933372371,0.0950983558366513,0.6727182479601774,0.8457497514472938,0.6577560733660556,0.0850457001527405,True,MUFL,24.0,24,0.9141073163972546,0.0018952388356313252,0.09444444444444444,0.09444444444444444,0.0,-0.015625,False,False
1383,2,0.0535123934851663,0.1002395932014579,0.46875,True,0.2928473616820868,0.1566119564741707,0.2783377431781505,0.0535123934851663,True,0.6651235264828307,0.8165448277114371,0.8564565943945837,0.0053833130783838,0.674013152726719,0.8274175939052425,0.7529970390767293,0.0711920149752619,0.6739244917135674,0.8394369210338826,0.677121463862609,0.066208345731925,True,MUFL,24.0,24,0.9129401972509131,0.0029282796750342527,0.09027777777777778,0.07083333333333333,0.019444444444444445,0.020833333333333343,False,False
1384,2,0.0342087508021797,0.0933278654970152,0.4166666666666667,True,0.3549721330860194,0.2197778837868824,0.2823015885896174,0.0342087508021797,True,0.6604461528751218,0.8134891159314414,0.8457821239311897,0.01659971379646,0.6590753214547296,0.8208768746137792,0.7355639311015826,0.0865171860975706,0.6512233760889936,0.8261781636559796,0.6655696833350433,0.0745110599976439,True,MUFL,24.0,24,0.9117229146485196,0.002570801860738883,0.11388888888888889,0.075,0.03888888888888889,0.01822916666666667,False,False
1385,2,0.024905714933434,0.0865646583684934,0.3229166666666667,True,0.3868345288157943,0.2788605913311537,0.2323365392496534,0.024905714933434,True,0.6585388999941111,0.8134039266090404,0.8637403079201732,0.0235222563839951,0.6703160696693591,0.824342608952454,0.7391417334975052,0.0443337127577826,0.6710793723473923,0.8405526682196041,0.6557178029376836,0.0358537066412586,True,MUFL,24.0,24,0.9108800890749964,0.0022277764103566904,0.10416666666666667,0.0763888888888889,0.027777777777777776,-0.005208333333333329,False,False
1388,2,0.0289104885790003,0.0807188092432833,0.25,True,0.2726079244968465,0.1970637209236396,0.126850062197711,0.0289104885790003,True,0.6560324242062797,0.8135704102877793,0.8894005435435992,0.010685465827504,0.6744069111856584,0.8231526499117441,0.7840394803313977,0.0405405209197769,0.6843468554736944,0.8388266646303187,0.7025198122779502,0.0265284719296121,True,MUFL,24.0,23,0.9111279006872539,0.0018061577898735469,0.11666666666666667,0.1111111111111111,0.005555555555555564,-0.010416666666666657,False,False
1389,2,0.0721855555724081,0.0941195725568425,0.40625,True,0.2740214209236774,0.2091190426736866,0.1173765141462571,0.0721855555724081,True,0.6579470223369084,0.8137696499397533,0.8774961627299614,0.0145928884652657,0.6743062803820309,0.8254547140034465,0.7816621468996658,0.0717733624330174,0.6843195704735976,0.8434518989076387,0.6933316527996213,0.0674940516325104,True,MUFL,24.0,23,0.9117044672441035,0.0030202563557376275,0.12083333333333333,0.11944444444444445,0.001388888888888884,0.010416666666666671,False,False
1390,2,0.0651514771492752,0.0875940123607143,0.3333333333333333,True,0.2119619419819365,0.2414739215423416,0.1019183883466987,0.0651514771492752,True,0.6587840032083219,0.81523693244773,0.8914982581735779,0.0033857077545281,0.676384872082711,0.8247676720897499,0.8013940610356208,0.0575370762893317,0.683993091942527,0.8379631484325956,0.7116461921604679,0.0472564571956753,True,MUFL,24.0,23,0.9120281016720446,0.0020408723517999897,0.12083333333333333,0.10277777777777777,0.01805555555555556,0.01822916666666667,False,False
1398,2,0.0026739924474294,0.0978889640341677,0.46875,True,0.1592656151843089,0.0568680776718993,0.0026739924474294,0.0249481702413328,True,0.6210550695894266,0.7999358452488923,0.8932134924346045,0.1007053497095925,0.6467341531671078,0.8232932832015207,0.7988399913677662,0.174584402270434,0.6347036949105735,0.8285301774205037,0.724405715394651,0.2022786602528913,True,MUFL,24.0,23,0.9127883907952736,0.0008191502336475714,0.1361111111111111,0.14166666666666666,-0.005555555555555564,0.08333333333333334,False,False
1404,2,0.032562008488204,0.0953760717100415,0.3854166666666667,True,0.2731988544567203,0.0649627819740107,0.0862095390669575,0.032562008488204,True,0.6372487788695151,0.8110929750224373,0.9535173091229155,0.0183941381224742,0.6849901438624592,0.8310424786635243,0.8230006064901584,0.0746778800763797,0.687732005493697,0.8338188789849761,0.7539867295943373,0.033893146530472,True,MUFL,24.0,23,0.9100303037192307,0.0008404211845073945,0.1111111111111111,0.10833333333333334,0.002777777777777768,0.05989583333333334,False,False
1407,2,0.0797797112468841,0.1014831950095701,0.5,True,0.2713560594655863,0.1561406290839495,0.2726046748467419,0.0797797112468841,True,0.6426399870188886,0.8060679636630373,0.8860677068719942,0.0265634356115332,0.6827389104283362,0.8343250160694087,0.7507153275519934,0.0798043983556256,0.658369279988663,0.8154000725381854,0.7349444880942099,0.0059073884579689,True,MUFL,24.0,24,0.9053667935887103,0.004604386787484753,0.10833333333333334,0.08194444444444444,0.026388888888888892,0.07291666666666666,False,False
1408,2,0.0403167470483767,0.0935963045464587,0.4270833333333333,True,0.2236648408060055,0.1232768762427071,0.1841840368801193,0.0403167470483767,True,0.6392002470923446,0.8035552093794647,0.8776070047056285,0.0318913630549502,0.6793010004399636,0.83422357136659,0.7411853541984819,0.089285254828802,0.6614954997628937,0.817934042156345,0.731995573876426,0.0116265740880756,True,MUFL,24.0,24,0.906152100365556,0.0026658701116150773,0.11388888888888889,0.10555555555555556,0.008333333333333331,0.046875000000000014,False,False
1414,2,0.0056321830919873,0.0904261614191204,0.40625,True,0.0056321830919873,0.081830581792349,0.0281064413065964,0.0246238684281016,True,0.6264174089067065,0.8051844402415685,0.9528410201733608,0.0101048653265652,0.6921036464419273,0.8339658576577299,0.8264101063946178,0.0577781612697683,0.6560148813373521,0.8114720570251873,0.8162580863955106,0.049488502889089,True,MUFL,24.0,23,0.9061574663821063,0.001605967437726062,0.13333333333333333,0.11388888888888889,0.019444444444444445,0.05729166666666667,False,False
1417,2,0.0005227137681852,0.0826995938316373,0.2916666666666667,True,0.0810079151330539,0.0379029304021298,0.0649830735537329,0.0005227137681852,True,0.6272474322935153,0.8094949513761932,0.9647345437351758,0.06273207293121,0.6956952538605932,0.8425524605852766,0.8449012791545523,0.1191380628894029,0.6792759821751977,0.8262776925447133,0.8123557803854586,0.0571403831247923,True,MUFL,24.0,23,0.9061948895231883,-0.005468222487866063,0.07222222222222222,0.16111111111111112,-0.0888888888888889,-0.04947916666666667,False,False
1427,2,0.0243667783437809,0.1020674214820925,0.4895833333333333,True,0.0865236501418016,0.0592588843632986,0.0243667783437809,0.2012865244906083,True,0.5971194017905738,0.7970348116733984,0.9685077848437044,0.093499244386312,0.6705876367832679,0.8343935891644215,0.8200407252408839,0.1594334348642405,0.6455467050076136,0.8069399722843681,0.8006577302541729,0.0746052766080077,True,MUFL,24.0,23,0.9047337890297382,0.020462901682188502,0.25277777777777777,0.07777777777777778,0.175,0.2526041666666667,False,False
1442,2,0.0450917807481002,0.0941537757637735,0.40625,True,0.0450917807481002,0.0739837557694097,0.2685952183356839,0.155686414864604,True,0.5614000196837907,0.792001177783799,1.033984819083796,0.0854971535802719,0.674542659069366,0.8317989717434761,0.8806443825594034,0.1223151510090283,0.5853791132606199,0.7745242722645125,0.8907545727663453,0.0316109523979727,True,MUFL,24.0,22,0.899957619906472,0.004965370812784967,0.08611111111111111,0.10138888888888889,-0.015277777777777779,0.005208333333333343,False,False
1443,2,0.0541315840065609,0.1010837275076201,0.46875,True,0.0541315840065609,0.0715803386956437,0.1920755330549316,0.1616797547233189,True,0.5451918687851458,0.7894233142966488,1.06294392603949,0.0564249530064647,0.6814483822174955,0.8343909336217972,0.8994437480997202,0.1026059414520404,0.5877053385875934,0.7774742677218222,0.906693018173496,0.0079632225699176,True,MUFL,24.0,22,0.9000489268436029,0.011540635154394251,0.17222222222222222,0.0875,0.08472222222222223,0.15364583333333334,False,False
1444,2,0.0390264010524243,0.1065294176656567,0.46875,True,0.0390264010524243,0.184130815419775,0.2068314436650991,0.2040737888080667,True,0.5604557970581698,0.7960432673474338,1.0539384910720226,0.0819703605643698,0.6841539759852788,0.8385778049852879,0.8977934936380378,0.1247087055744115,0.5946132231074093,0.7821720612354679,0.906930010060369,0.0401915970687267,True,MUFL,24.0,23,0.900126179441768,0.01731688760844426,0.21944444444444444,0.08611111111111111,0.13333333333333333,0.203125,False,False
1461,2,0.1235728928885175,0.1023965314999801,0.5416666666666666,True,0.1235728928885175,0.3138428142380941,0.2113981611639873,0.251743182309729,True,0.5745032728132511,0.7831348597016473,0.9761167226027164,0.0394326800750398,0.6517517470929077,0.8091383464086392,0.8232344118038587,0.0524825444921748,0.4889182224382861,0.7480464511532805,0.9627268204094424,0.1567405808996815,True,MUFL,24.0,22,0.8911679118589758,0.02119930134039149,0.2152777777777778,0.07916666666666666,0.13611111111111113,0.16927083333333337,False,False
1462,2,0.1228736651648747,0.1001377189805453,0.5,True,0.1228736651648747,0.2217058327947982,0.1546460594215249,0.1691765868259843,True,0.5502971897180176,0.7825635870101114,1.0233136462872676,0.0644048674725783,0.6457770846103106,0.8088866487605699,0.8612458029642035,0.0760200296229576,0.4727153163013449,0.7450685462611685,1.0015097864542295,0.129033765560147,True,MUFL,24.0,22,0.8913324024440885,0.008489549802704069,0.09861111111111111,0.07361111111111111,0.024999999999999994,0.05468750000000001,False,False
1463,2,0.2019346005533974,0.0977804757240809,0.4479166666666667,True,0.2080887750388548,0.2019346005533974,0.2621025745471607,0.2136927038381569,True,0.5776812490977463,0.7883890094809731,0.9975277017272426,0.0117042119838797,0.6584499131870978,0.8121484828953207,0.8458013265854119,0.0016526323377066,0.4550017451756808,0.7429687377292808,0.969540851836661,0.2136957584423996,True,MUFL,24.0,22,0.891271097921966,0.007884860120656334,0.08055555555555556,0.08472222222222223,-0.004166666666666666,0.0078125,False,False
1464,2,0.0948002289291388,0.0900502011937142,0.3854166666666667,True,0.1190234881275951,0.0948002289291388,0.2623299871199825,0.2067067185607148,True,0.5689751386985034,0.7899786714513919,1.024653730751188,0.0043334965374565,0.6666260421001863,0.8183906153777704,0.8717943977801905,0.0168876660120409,0.4698776755623142,0.748180649155592,0.9955587876305424,0.1694127055838418,True,MUFL,24.0,23,0.8913137301203425,0.005727919341812213,0.07777777777777778,0.09722222222222222,-0.019444444444444445,-0.031249999999999993,False,False
1465,2,0.0808376103081877,0.0867884787240911,0.3333333333333333,True,0.112935724575055,0.0808376103081877,0.2754934431924527,0.2266025850857306,True,0.5687201612971733,0.7931204031118619,1.0321053539983795,0.05662160175161,0.6729013259250695,0.8256666774440677,0.8758368547176975,0.07941718723796,0.5139766493936693,0.7600262402603913,0.9958131830193188,0.0898206775474046,True,MUFL,24.0,22,0.8913385641670205,0.0036289532133163896,0.07777777777777778,0.1388888888888889,-0.061111111111111116,-0.05989583333333334,False,False
1467,2,0.121453345857354,0.0996195271486726,0.4270833333333333,True,0.1540059925638078,0.121453345857354,0.1848570650082875,0.1629491936027843,True,0.5479872592303995,0.7799757803047449,1.0240720197390498,0.0281422196286428,0.6581506262656596,0.8153847593799786,0.8661892404838671,0.064191777224581,0.4798508672081926,0.7475219900037218,1.0038335764922783,0.1150766221378225,True,MUFL,24.0,22,0.8912968987262332,0.008970399156232111,0.14027777777777778,0.09166666666666666,0.04861111111111112,0.08333333333333333,False,False
1468,2,0.0970987950730369,0.1054911561065884,0.4895833333333333,True,0.0970987950730369,0.1245371101490896,0.1318311644569878,0.179303625671926,True,0.5390024255413352,0.7814085878886815,1.046803890203928,0.0340923626908861,0.6532916764215051,0.8131780897054751,0.8816075770262325,0.057309112892794,0.4603022904881907,0.7463864890514283,1.0344325596469786,0.1175583334553117,True,MUFL,24.0,22,0.8912400906504199,0.013768989229919842,0.19583333333333333,0.09305555555555556,0.10277777777777777,0.18229166666666663,False,False
1470,2,0.0170644631112188,0.1080391193527592,0.5416666666666666,True,0.0170644631112188,0.1097756156271316,0.0867326114525706,0.1943800039435802,True,0.5294217793635443,0.772805049454428,1.0331281430938692,0.0061442669788249,0.6441224785383131,0.8060543545577397,0.8634499152513717,0.0480301319573957,0.4419642423438688,0.7350586773388159,1.007100298212008,0.1560140163572081,True,MUFL,24.0,22,0.8911319248748027,0.013759247936108408,0.18472222222222223,0.10416666666666667,0.08055555555555556,0.11458333333333333,False,False
1471,2,0.0415240461241149,0.1096578975645591,0.5,True,0.0415240461241149,0.1147906318236412,0.1383931565914662,0.2384696526423106,True,0.5390727190457464,0.7744669494892729,1.0151639457995698,0.0528326865933825,0.6429138551483231,0.8077678053208968,0.8493423754202548,0.0885806259047024,0.4791997105862977,0.7373957128632529,0.968942886396849,0.1045879208676126,True,MUFL,24.0,22,0.8910256854290014,0.01730342129239253,0.18888888888888888,0.07777777777777778,0.1111111111111111,0.1796875,False,False
1472,2,0.0376108338647868,0.1158473978171427,0.5625,True,0.0385293021580745,0.0376108338647868,0.0906998694390182,0.2148885944186379,True,0.5202377299894103,0.7734478270504648,1.0363736569548354,0.0940947349684001,0.6295856136448676,0.8070153496080672,0.86691769181705,0.1345357582802476,0.4738954099696928,0.7382997448020453,0.998717327035576,0.0580843013964585,True,MUFL,24.0,22,0.8909734875683162,0.017381003886695667,0.16805555555555557,0.07777777777777778,0.09027777777777779,0.14583333333333334,False,False
1484,2,0.00758116816142,0.1025141581753234,0.4895833333333333,True,0.00758116816142,0.0216718443131603,0.0344069434955965,0.1660626987732396,True,0.5479221000247709,0.7658945024223393,0.9147322283864072,0.1285286744109543,0.5822796553288467,0.7754218791772964,0.7864160145487182,0.1373992880819907,0.3567904300623449,0.7377749904702692,1.1348329712593292,0.1728191725265916,True,MUFL,24.0,22,0.8897302840038962,0.017002883439614317,0.19583333333333333,0.05694444444444444,0.1388888888888889,0.15625,False,False
