{
  "mse": 0.37559330463409424,
  "mae": 0.41340965032577515
}