segment,mse,mae
1-96,0.27831006050109863,0.34303635358810425
97-192,0.3854296803474426,0.41807258129119873
193-336,0.4338912069797516,0.4572165310382843
