target_horizon,mse,mae
96,0.29757294058799744,0.35027390718460083
192,0.3258083760738373,0.3699788451194763
336,0.3556285500526428,0.38859373331069946
720,0.4089679419994354,0.4190102219581604
