segment,mse,mae
1-96,0.2972261905670166,0.35050681233406067
97-192,0.35439053177833557,0.3894508481025696
