{
  "mse": 0.3258083760738373,
  "mae": 0.3699788451194763
}