segment_a,segment_b,cosine
0,1,-0.5244871377944946
0,2,0.6230150461196899
0,3,-0.6007504463195801
1,2,-0.23385167121887207
1,3,0.9740549921989441
2,3,-0.17160220444202423
