segment,mse,mae
1-96,0.1518111377954483,0.20161309838294983
97-192,0.23809950053691864,0.28349992632865906
