target_horizon,mse,mae
96,0.32807284593582153,0.36667782068252563
192,0.39477860927581787,0.4088149070739746
336,0.3933616280555725,0.41891714930534363
720,0.4254184067249298,0.4466906487941742
