{
  "mse": 0.408347487449646,
  "mae": 0.42434200644493103
}