segment_a,segment_b,cosine
0,1,0.9485257267951965
0,2,0.8956502079963684
0,3,0.8594158887863159
1,2,0.9731405973434448
1,3,0.9347347021102905
2,3,0.969612181186676
