segment,mse,mae
1-96,0.15000879764556885,0.19945767521858215
