{
  "mse": 0.15000879764556885,
  "mae": 0.19945767521858215
}