{
  "mse": 0.32807284593582153,
  "mae": 0.36667782068252563
}