segment,mse,mae
1-96,0.32807284593582153,0.36667782068252563
