segment,mse,mae
1-96,0.14746259152889252,0.1975940763950348
97-192,0.2326873242855072,0.2828315794467926
193-336,0.3130928874015808,0.3351799249649048
337-720,0.3891408443450928,0.3799934387207031
