{
  "mse": 0.3208470046520233,
  "mae": 0.3337559103965759
}