{
  "mse": 0.3233388364315033,
  "mae": 0.33991727232933044
}