segment,mse,mae
1-96,0.15588504076004028,0.21169334650039673
97-192,0.23779772222042084,0.2887091040611267
193-336,0.31577977538108826,0.3397224247455597
337-720,0.389422208070755,0.384848415851593
