{
  "mse": 0.30479592084884644,
  "mae": 0.35886070132255554
}