segment,mse,mae
1-96,0.30479592084884644,0.35886070132255554
