segment_a,segment_b,cosine
0,1,-0.047461725771427155
0,2,0.09753891080617905
0,3,0.029405221343040466
1,2,-0.04384776949882507
1,3,0.12611764669418335
2,3,0.0274030938744545
