{
  "mse": 0.36860227584838867,
  "mae": 0.40462327003479004
}