segment,mse,mae
1-96,0.304624080657959,0.3612954020500183
97-192,0.43258044123649597,0.4479511082172394
