target_horizon,mse,mae
96,0.15661290287971497,0.20630109310150146
192,0.20388908684253693,0.24964451789855957
336,0.2594741880893707,0.2910696268081665
720,0.33708974719047546,0.3429449796676636
