comparison,metric,horizon,macro_gain_percent,dataset_wins
transfer_spec_vs_a6,mse,1,7.523031034853949,4
transfer_spec_vs_a6,mse,2,3.630096276293477,3
transfer_spec_vs_a6,mse,3,1.9296847609038381,3
transfer_spec_vs_a6,mse,4,1.4286179334063753,3
transfer_spec_vs_a6,mse,5,1.0630006644444046,3
transfer_spec_vs_a6,mse,6,0.5562828627338945,3
transfer_spec_vs_a6,mse,7,0.3284188097059061,3
transfer_spec_vs_a6,mse,8,-0.02693117587998728,3
transfer_spec_vs_a6,mse,9,-0.3234170407160075,3
transfer_spec_vs_a6,mse,10,-0.38987512548455994,3
transfer_spec_vs_a6,mse,11,-0.4489645543701726,3
transfer_spec_vs_a6,mse,12,-0.5783632986692733,3
transfer_spec_vs_a6,mse,13,-0.7050376711358042,3
transfer_spec_vs_a6,mse,14,-0.8276587298864246,3
transfer_spec_vs_a6,mse,15,-0.8484026821773627,3
transfer_spec_vs_a6,mse,16,-0.9304417920552299,2
transfer_spec_vs_a6,mse,17,-0.9909653503593807,2
transfer_spec_vs_a6,mse,18,-1.0167399471288707,2
transfer_spec_vs_a6,mse,19,-1.0894541656654133,2
transfer_spec_vs_a6,mse,20,-1.085633045664518,2
transfer_spec_vs_a6,mse,21,-1.05966260325558,2
transfer_spec_vs_a6,mse,22,-1.0788411350824978,2
transfer_spec_vs_a6,mse,23,-1.06680756672334,2
transfer_spec_vs_a6,mse,24,-1.0765437530481559,2
transfer_spec_vs_a6,mse,25,-1.0461731513051653,2
transfer_spec_vs_a6,mse,26,-1.0399773529673428,2
transfer_spec_vs_a6,mse,27,-1.018385975055185,2
transfer_spec_vs_a6,mse,28,-1.0009800882613473,2
transfer_spec_vs_a6,mse,29,-0.9830957841645716,2
transfer_spec_vs_a6,mse,30,-0.9577974948348222,2
transfer_spec_vs_a6,mse,31,-1.001358055764372,2
transfer_spec_vs_a6,mse,32,-0.9683567510752744,2
transfer_spec_vs_a6,mse,33,-0.9431154233085737,2
transfer_spec_vs_a6,mse,34,-0.958932113680584,2
transfer_spec_vs_a6,mse,35,-0.9723969335809901,2
transfer_spec_vs_a6,mse,36,-0.96816881404032,2
transfer_spec_vs_a6,mse,37,-0.9617342433455089,2
transfer_spec_vs_a6,mse,38,-0.9558478227522893,2
transfer_spec_vs_a6,mse,39,-0.9435596058889173,2
transfer_spec_vs_a6,mse,40,-0.9539787814794853,2
transfer_spec_vs_a6,mse,41,-0.9452320277822612,2
transfer_spec_vs_a6,mse,42,-0.9416152432905278,2
transfer_spec_vs_a6,mse,43,-0.937096134717228,2
transfer_spec_vs_a6,mse,44,-0.9472352879990176,2
transfer_spec_vs_a6,mse,45,-0.9553504215336539,2
transfer_spec_vs_a6,mse,46,-0.9521734853650465,2
transfer_spec_vs_a6,mse,47,-0.9418654387149816,2
transfer_spec_vs_a6,mse,48,-0.9709614880024953,2
transfer_spec_vs_a6,mse,49,-0.9708302404203328,2
transfer_spec_vs_a6,mse,50,-0.9361196389280257,2
transfer_spec_vs_a6,mse,51,-0.9116058220237355,2
transfer_spec_vs_a6,mse,52,-0.8639941682949948,2
transfer_spec_vs_a6,mse,53,-0.8281916898692421,2
transfer_spec_vs_a6,mse,54,-0.8168892900935298,2
transfer_spec_vs_a6,mse,55,-0.8138498629871727,2
transfer_spec_vs_a6,mse,56,-0.8034787360278317,2
transfer_spec_vs_a6,mse,57,-0.7855018516662837,2
transfer_spec_vs_a6,mse,58,-0.7678595982440317,2
transfer_spec_vs_a6,mse,59,-0.769524032443305,2
transfer_spec_vs_a6,mse,60,-0.7483244232894193,2
transfer_spec_vs_a6,mse,61,-0.7441099547080832,2
transfer_spec_vs_a6,mse,62,-0.7445513719722485,2
transfer_spec_vs_a6,mse,63,-0.7193242902443786,2
transfer_spec_vs_a6,mse,64,-0.7552727787594793,2
transfer_spec_vs_a6,mse,65,-0.7436518348248056,2
transfer_spec_vs_a6,mse,66,-0.7568842380064655,2
transfer_spec_vs_a6,mse,67,-0.7542612703960572,2
transfer_spec_vs_a6,mse,68,-0.7459908047379349,2
transfer_spec_vs_a6,mse,69,-0.7484546769739708,2
transfer_spec_vs_a6,mse,70,-0.737810067169169,2
transfer_spec_vs_a6,mse,71,-0.7457838448939103,2
transfer_spec_vs_a6,mse,72,-0.7491015030514236,2
transfer_spec_vs_a6,mse,73,-0.7398344067755969,2
transfer_spec_vs_a6,mse,74,-0.730622716549163,2
transfer_spec_vs_a6,mse,75,-0.7196122133505756,2
transfer_spec_vs_a6,mse,76,-0.7098605504228495,2
transfer_spec_vs_a6,mse,77,-0.7193594994556851,2
transfer_spec_vs_a6,mse,78,-0.7205924360029603,2
transfer_spec_vs_a6,mse,79,-0.723861125013936,2
transfer_spec_vs_a6,mse,80,-0.7197826821471609,2
transfer_spec_vs_a6,mse,81,-0.735267318368682,2
transfer_spec_vs_a6,mse,82,-0.7349599893056347,2
transfer_spec_vs_a6,mse,83,-0.7307932599579869,2
transfer_spec_vs_a6,mse,84,-0.7264909678813836,2
transfer_spec_vs_a6,mse,85,-0.7246288380123334,2
transfer_spec_vs_a6,mse,86,-0.7227874771955523,2
transfer_spec_vs_a6,mse,87,-0.7165144296535475,2
transfer_spec_vs_a6,mse,88,-0.7214596750741431,2
transfer_spec_vs_a6,mse,89,-0.7351159623802173,2
transfer_spec_vs_a6,mse,90,-0.7634992793448125,2
transfer_spec_vs_a6,mse,91,-0.7738623735980577,2
transfer_spec_vs_a6,mse,92,-0.7830659661582606,2
transfer_spec_vs_a6,mse,93,-0.7962345787909797,2
transfer_spec_vs_a6,mse,94,-0.8232055606524824,2
transfer_spec_vs_a6,mse,95,-0.8430539309655827,2
transfer_spec_vs_a6,mse,96,-0.8421744673322529,2
transfer_spec_vs_a6,mse,97,-0.8583237176208169,2
transfer_spec_vs_a6,mse,98,-0.8709767816519332,2
transfer_spec_vs_a6,mse,99,-0.8657254487919119,2
transfer_spec_vs_a6,mse,100,-0.8657766749182416,2
transfer_spec_vs_a6,mse,101,-0.8692868152373645,2
transfer_spec_vs_a6,mse,102,-0.8548262748041857,2
transfer_spec_vs_a6,mse,103,-0.8434262307395501,2
transfer_spec_vs_a6,mse,104,-0.847040748123844,2
transfer_spec_vs_a6,mse,105,-0.849559848146817,2
transfer_spec_vs_a6,mse,106,-0.844545646330428,2
transfer_spec_vs_a6,mse,107,-0.8492206157067761,2
transfer_spec_vs_a6,mse,108,-0.8434382694215681,2
transfer_spec_vs_a6,mse,109,-0.8589079162334001,2
transfer_spec_vs_a6,mse,110,-0.865834854049079,2
transfer_spec_vs_a6,mse,111,-0.8802950181636371,2
transfer_spec_vs_a6,mse,112,-0.8804444453224591,2
transfer_spec_vs_a6,mse,113,-0.8845204109149285,2
transfer_spec_vs_a6,mse,114,-0.8943239113545931,2
transfer_spec_vs_a6,mse,115,-0.8870540155518225,2
transfer_spec_vs_a6,mse,116,-0.8943153277033522,2
transfer_spec_vs_a6,mse,117,-0.8788576738414955,2
transfer_spec_vs_a6,mse,118,-0.8872471203569487,2
transfer_spec_vs_a6,mse,119,-0.8823946551172157,2
transfer_spec_vs_a6,mse,120,-0.8698553157618516,2
transfer_spec_vs_a6,mse,121,-0.8570301817347836,2
transfer_spec_vs_a6,mse,122,-0.8534465725997964,2
transfer_spec_vs_a6,mse,123,-0.8358298042029078,2
transfer_spec_vs_a6,mse,124,-0.8341943802760254,3
transfer_spec_vs_a6,mse,125,-0.8284396436531938,3
transfer_spec_vs_a6,mse,126,-0.8259440628674208,3
transfer_spec_vs_a6,mse,127,-0.8383447050685988,3
transfer_spec_vs_a6,mse,128,-0.839910044524883,3
transfer_spec_vs_a6,mse,129,-0.8358674745256023,3
transfer_spec_vs_a6,mse,130,-0.8385951234229982,3
transfer_spec_vs_a6,mse,131,-0.8370394902502154,3
transfer_spec_vs_a6,mse,132,-0.8332762441498542,3
transfer_spec_vs_a6,mse,133,-0.8343013298534774,3
transfer_spec_vs_a6,mse,134,-0.8346381190269692,3
transfer_spec_vs_a6,mse,135,-0.8425468043700368,3
transfer_spec_vs_a6,mse,136,-0.8572199744946474,3
transfer_spec_vs_a6,mse,137,-0.8714815729312408,3
transfer_spec_vs_a6,mse,138,-0.8705954040097952,3
transfer_spec_vs_a6,mse,139,-0.8698329915600667,3
transfer_spec_vs_a6,mse,140,-0.8718769554864569,3
transfer_spec_vs_a6,mse,141,-0.8779917761239808,3
transfer_spec_vs_a6,mse,142,-0.870327279103893,3
transfer_spec_vs_a6,mse,143,-0.8853045386347991,3
transfer_spec_vs_a6,mse,144,-0.8908659928724605,3
transfer_spec_vs_a6,mse,145,-0.8875079286566945,3
transfer_spec_vs_a6,mse,146,-0.8744677865653561,3
transfer_spec_vs_a6,mse,147,-0.8677630594604224,3
transfer_spec_vs_a6,mse,148,-0.8492259170683392,3
transfer_spec_vs_a6,mse,149,-0.8430893084717317,3
transfer_spec_vs_a6,mse,150,-0.8419293997643673,3
transfer_spec_vs_a6,mse,151,-0.8308615957906262,3
transfer_spec_vs_a6,mse,152,-0.8214649371515303,3
transfer_spec_vs_a6,mse,153,-0.8184984127065231,3
transfer_spec_vs_a6,mse,154,-0.8135207693862778,3
transfer_spec_vs_a6,mse,155,-0.8155267317388093,3
transfer_spec_vs_a6,mse,156,-0.8125262472125638,3
transfer_spec_vs_a6,mse,157,-0.8052962474933723,3
transfer_spec_vs_a6,mse,158,-0.8033337422494791,3
transfer_spec_vs_a6,mse,159,-0.8060997518025026,3
transfer_spec_vs_a6,mse,160,-0.8003149043173252,3
transfer_spec_vs_a6,mse,161,-0.8051402704705146,3
transfer_spec_vs_a6,mse,162,-0.8066834607910356,3
transfer_spec_vs_a6,mse,163,-0.8003720052147645,3
transfer_spec_vs_a6,mse,164,-0.8128506215063802,3
transfer_spec_vs_a6,mse,165,-0.8055720836587033,3
transfer_spec_vs_a6,mse,166,-0.811164724131912,3
transfer_spec_vs_a6,mse,167,-0.8098962290127631,3
transfer_spec_vs_a6,mse,168,-0.8184842318714947,3
transfer_spec_vs_a6,mse,169,-0.8163329639561834,3
transfer_spec_vs_a6,mse,170,-0.8110377552597425,3
transfer_spec_vs_a6,mse,171,-0.8024253323028918,3
transfer_spec_vs_a6,mse,172,-0.7870108417142929,3
transfer_spec_vs_a6,mse,173,-0.7779226026180419,3
transfer_spec_vs_a6,mse,174,-0.7645357555027088,3
transfer_spec_vs_a6,mse,175,-0.7504177212518082,3
transfer_spec_vs_a6,mse,176,-0.7431594484534032,2
transfer_spec_vs_a6,mse,177,-0.7333417494869865,2
transfer_spec_vs_a6,mse,178,-0.7340607468966276,2
transfer_spec_vs_a6,mse,179,-0.7242776516985128,2
transfer_spec_vs_a6,mse,180,-0.7251647176791431,2
transfer_spec_vs_a6,mse,181,-0.7150873153982618,2
transfer_spec_vs_a6,mse,182,-0.7191593888616765,2
transfer_spec_vs_a6,mse,183,-0.7180146685972355,2
transfer_spec_vs_a6,mse,184,-0.7104237594430529,2
transfer_spec_vs_a6,mse,185,-0.7102320280735475,2
transfer_spec_vs_a6,mse,186,-0.7169231522688846,2
transfer_spec_vs_a6,mse,187,-0.7169709918565581,2
transfer_spec_vs_a6,mse,188,-0.7100592539675699,2
transfer_spec_vs_a6,mse,189,-0.7062303180751539,2
transfer_spec_vs_a6,mse,190,-0.7047471382007031,2
transfer_spec_vs_a6,mse,191,-0.7141197182237247,2
transfer_spec_vs_a6,mse,192,-0.7137086140038673,2
transfer_spec_vs_a6,mse,193,-0.7129231916837719,2
transfer_spec_vs_a6,mse,194,-0.7182335227668601,2
transfer_spec_vs_a6,mse,195,-0.7131103023002172,2
transfer_spec_vs_a6,mse,196,-0.70613570541747,2
transfer_spec_vs_a6,mse,197,-0.6950992143152068,2
transfer_spec_vs_a6,mse,198,-0.6863392156249071,2
transfer_spec_vs_a6,mse,199,-0.6813340805735502,2
transfer_spec_vs_a6,mse,200,-0.6921669421852417,2
transfer_spec_vs_a6,mse,201,-0.6926099243526962,2
transfer_spec_vs_a6,mse,202,-0.6995878935598476,2
transfer_spec_vs_a6,mse,203,-0.7010543944387404,2
transfer_spec_vs_a6,mse,204,-0.7038722491475258,2
transfer_spec_vs_a6,mse,205,-0.709360780332251,2
transfer_spec_vs_a6,mse,206,-0.7092304866890742,2
transfer_spec_vs_a6,mse,207,-0.7138010666754768,2
transfer_spec_vs_a6,mse,208,-0.715228012226452,2
transfer_spec_vs_a6,mse,209,-0.7208615879298685,2
transfer_spec_vs_a6,mse,210,-0.722688415303403,2
transfer_spec_vs_a6,mse,211,-0.7207899900356862,2
transfer_spec_vs_a6,mse,212,-0.7244886658490213,2
transfer_spec_vs_a6,mse,213,-0.7299470343834846,2
transfer_spec_vs_a6,mse,214,-0.7212517614432179,2
transfer_spec_vs_a6,mse,215,-0.719551514678991,2
transfer_spec_vs_a6,mse,216,-0.7176509225249439,2
transfer_spec_vs_a6,mse,217,-0.708920301853686,2
transfer_spec_vs_a6,mse,218,-0.7110066891070033,2
transfer_spec_vs_a6,mse,219,-0.7045800868576357,2
transfer_spec_vs_a6,mse,220,-0.7047335392072429,2
transfer_spec_vs_a6,mse,221,-0.693124513039709,2
transfer_spec_vs_a6,mse,222,-0.692758842286525,2
transfer_spec_vs_a6,mse,223,-0.6839677277541534,2
transfer_spec_vs_a6,mse,224,-0.687591341063507,2
transfer_spec_vs_a6,mse,225,-0.6855063636222325,2
transfer_spec_vs_a6,mse,226,-0.6847547155959144,2
transfer_spec_vs_a6,mse,227,-0.688537166549219,2
transfer_spec_vs_a6,mse,228,-0.6925852257342746,2
transfer_spec_vs_a6,mse,229,-0.6965823374330071,2
transfer_spec_vs_a6,mse,230,-0.6966949377897613,2
transfer_spec_vs_a6,mse,231,-0.6986834855360224,2
transfer_spec_vs_a6,mse,232,-0.7042461060742511,2
transfer_spec_vs_a6,mse,233,-0.7054039157935632,2
transfer_spec_vs_a6,mse,234,-0.7131787070131423,2
transfer_spec_vs_a6,mse,235,-0.721947796727489,2
transfer_spec_vs_a6,mse,236,-0.7234577262419029,2
transfer_spec_vs_a6,mse,237,-0.7208136642262564,2
transfer_spec_vs_a6,mse,238,-0.7192946760485541,2
transfer_spec_vs_a6,mse,239,-0.715101424728164,2
transfer_spec_vs_a6,mse,240,-0.7089412908444004,2
transfer_spec_vs_a6,mse,241,-0.7039139562744912,2
transfer_spec_vs_a6,mse,242,-0.6976258504088761,2
transfer_spec_vs_a6,mse,243,-0.6917165554246019,2
transfer_spec_vs_a6,mse,244,-0.6872214535644705,2
transfer_spec_vs_a6,mse,245,-0.6783093779430338,2
transfer_spec_vs_a6,mse,246,-0.6749445647377339,2
transfer_spec_vs_a6,mse,247,-0.6741294044386192,2
transfer_spec_vs_a6,mse,248,-0.6711305306647342,2
transfer_spec_vs_a6,mse,249,-0.6743358154730106,2
transfer_spec_vs_a6,mse,250,-0.670796133140501,2
transfer_spec_vs_a6,mse,251,-0.6643104025859858,2
transfer_spec_vs_a6,mse,252,-0.6602652407015364,2
transfer_spec_vs_a6,mse,253,-0.6558808400261906,2
transfer_spec_vs_a6,mse,254,-0.6525124450350916,2
transfer_spec_vs_a6,mse,255,-0.6500447758341332,2
transfer_spec_vs_a6,mse,256,-0.6585602659217948,2
transfer_spec_vs_a6,mse,257,-0.6692427011526547,2
transfer_spec_vs_a6,mse,258,-0.6719709071618563,2
transfer_spec_vs_a6,mse,259,-0.6722764872278209,2
transfer_spec_vs_a6,mse,260,-0.667728849387279,2
transfer_spec_vs_a6,mse,261,-0.6656103142134384,2
transfer_spec_vs_a6,mse,262,-0.6729377415086257,2
transfer_spec_vs_a6,mse,263,-0.6765552170954958,2
transfer_spec_vs_a6,mse,264,-0.6716253921003679,2
transfer_spec_vs_a6,mse,265,-0.6711912291050215,2
transfer_spec_vs_a6,mse,266,-0.6648244432285999,2
transfer_spec_vs_a6,mse,267,-0.6590559108536898,2
transfer_spec_vs_a6,mse,268,-0.6532519908745815,2
transfer_spec_vs_a6,mse,269,-0.6493566178281784,2
transfer_spec_vs_a6,mse,270,-0.6432374347218661,2
transfer_spec_vs_a6,mse,271,-0.6394671981958089,2
transfer_spec_vs_a6,mse,272,-0.6352794002472129,2
transfer_spec_vs_a6,mse,273,-0.6341748067524011,2
transfer_spec_vs_a6,mse,274,-0.6352105629026639,2
transfer_spec_vs_a6,mse,275,-0.6396509933274253,2
transfer_spec_vs_a6,mse,276,-0.6407681340600968,2
transfer_spec_vs_a6,mse,277,-0.6355547033726183,2
transfer_spec_vs_a6,mse,278,-0.6388679690109078,2
transfer_spec_vs_a6,mse,279,-0.6362717764546533,2
transfer_spec_vs_a6,mse,280,-0.6410828549096581,2
transfer_spec_vs_a6,mse,281,-0.6521984522439195,2
transfer_spec_vs_a6,mse,282,-0.6666921579403162,2
transfer_spec_vs_a6,mse,283,-0.6689720417327716,2
transfer_spec_vs_a6,mse,284,-0.6700945805532843,2
transfer_spec_vs_a6,mse,285,-0.6827639893344761,2
transfer_spec_vs_a6,mse,286,-0.68197142164099,2
transfer_spec_vs_a6,mse,287,-0.677918084755369,2
transfer_spec_vs_a6,mse,288,-0.6786601307707052,2
transfer_spec_vs_a6,mse,289,-0.680193424020934,2
transfer_spec_vs_a6,mse,290,-0.6813015330734551,2
transfer_spec_vs_a6,mse,291,-0.6802905293546457,2
transfer_spec_vs_a6,mse,292,-0.6802859666156991,2
transfer_spec_vs_a6,mse,293,-0.6743519966487854,2
transfer_spec_vs_a6,mse,294,-0.6725207821790025,2
transfer_spec_vs_a6,mse,295,-0.6768531275238021,2
transfer_spec_vs_a6,mse,296,-0.6729285840914434,2
transfer_spec_vs_a6,mse,297,-0.6771452874332784,2
transfer_spec_vs_a6,mse,298,-0.6786222348354287,2
transfer_spec_vs_a6,mse,299,-0.6800332817499877,2
transfer_spec_vs_a6,mse,300,-0.6838727085851515,2
transfer_spec_vs_a6,mse,301,-0.6858897054008195,2
transfer_spec_vs_a6,mse,302,-0.6910292973213106,2
transfer_spec_vs_a6,mse,303,-0.6921391859625592,2
transfer_spec_vs_a6,mse,304,-0.6942599575445207,2
transfer_spec_vs_a6,mse,305,-0.6955926739141183,2
transfer_spec_vs_a6,mse,306,-0.6937369100061641,2
transfer_spec_vs_a6,mse,307,-0.694244012330052,2
transfer_spec_vs_a6,mse,308,-0.6961571416899259,2
transfer_spec_vs_a6,mse,309,-0.6995949918193567,2
transfer_spec_vs_a6,mse,310,-0.7027422323898946,2
transfer_spec_vs_a6,mse,311,-0.7035650878447353,2
transfer_spec_vs_a6,mse,312,-0.7021645120007736,2
transfer_spec_vs_a6,mse,313,-0.7017290011039345,2
transfer_spec_vs_a6,mse,314,-0.7005332428559297,2
transfer_spec_vs_a6,mse,315,-0.7026283938885869,2
transfer_spec_vs_a6,mse,316,-0.7009344738061163,2
transfer_spec_vs_a6,mse,317,-0.6956890039209629,2
transfer_spec_vs_a6,mse,318,-0.6922310058826864,2
transfer_spec_vs_a6,mse,319,-0.6887423829036221,2
transfer_spec_vs_a6,mse,320,-0.6948030277188977,2
transfer_spec_vs_a6,mse,321,-0.6984973078446366,2
transfer_spec_vs_a6,mse,322,-0.7016571751747791,2
transfer_spec_vs_a6,mse,323,-0.7028492468755565,2
transfer_spec_vs_a6,mse,324,-0.7063095757512361,2
transfer_spec_vs_a6,mse,325,-0.7120658380157274,2
transfer_spec_vs_a6,mse,326,-0.7137989377583054,2
transfer_spec_vs_a6,mse,327,-0.7214504043595982,2
transfer_spec_vs_a6,mse,328,-0.7268094003341363,2
transfer_spec_vs_a6,mse,329,-0.7223670761340295,2
transfer_spec_vs_a6,mse,330,-0.7210637400728692,2
transfer_spec_vs_a6,mse,331,-0.7205330865799286,2
transfer_spec_vs_a6,mse,332,-0.7196448584650916,2
transfer_spec_vs_a6,mse,333,-0.7214121481604407,2
transfer_spec_vs_a6,mse,334,-0.7190159307238209,2
transfer_spec_vs_a6,mse,335,-0.7225057728354312,2
transfer_spec_vs_a6,mse,336,-0.7271797039543637,2
transfer_spec_vs_a6,mse,337,-0.729447574881037,2
transfer_spec_vs_a6,mse,338,-0.7289315161572318,2
transfer_spec_vs_a6,mse,339,-0.7270857686768228,2
transfer_spec_vs_a6,mse,340,-0.7209489443253658,2
transfer_spec_vs_a6,mse,341,-0.7143388784612759,2
transfer_spec_vs_a6,mse,342,-0.7113987874542316,2
transfer_spec_vs_a6,mse,343,-0.7079007509068447,2
transfer_spec_vs_a6,mse,344,-0.7044873602831747,2
transfer_spec_vs_a6,mse,345,-0.7078396426017686,2
transfer_spec_vs_a6,mse,346,-0.7139906795359474,2
transfer_spec_vs_a6,mse,347,-0.7113461098133822,2
transfer_spec_vs_a6,mse,348,-0.7087884802085687,2
transfer_spec_vs_a6,mse,349,-0.7094993920927206,2
transfer_spec_vs_a6,mse,350,-0.7073758379059436,2
transfer_spec_vs_a6,mse,351,-0.7072267203061289,2
transfer_spec_vs_a6,mse,352,-0.7079684349542426,2
transfer_spec_vs_a6,mse,353,-0.7144401609978246,2
transfer_spec_vs_a6,mse,354,-0.7147755530780087,2
transfer_spec_vs_a6,mse,355,-0.7079451867918185,2
transfer_spec_vs_a6,mse,356,-0.7080419120093273,2
transfer_spec_vs_a6,mse,357,-0.7095486098958692,2
transfer_spec_vs_a6,mse,358,-0.7114349717025847,2
transfer_spec_vs_a6,mse,359,-0.7106055314677828,2
transfer_spec_vs_a6,mse,360,-0.7076579383065806,2
transfer_spec_vs_a6,mse,361,-0.7032538741290839,2
transfer_spec_vs_a6,mse,362,-0.6936880633693909,2
transfer_spec_vs_a6,mse,363,-0.6887972368643047,2
transfer_spec_vs_a6,mse,364,-0.6842537709936458,2
transfer_spec_vs_a6,mse,365,-0.6767952097529228,2
transfer_spec_vs_a6,mse,366,-0.6723593324057653,2
transfer_spec_vs_a6,mse,367,-0.6641878295949399,2
transfer_spec_vs_a6,mse,368,-0.6633645430514612,2
transfer_spec_vs_a6,mse,369,-0.6639482039037836,2
transfer_spec_vs_a6,mse,370,-0.6625588638948621,2
transfer_spec_vs_a6,mse,371,-0.6645017920913232,2
transfer_spec_vs_a6,mse,372,-0.6642321858652989,2
transfer_spec_vs_a6,mse,373,-0.6605364598961283,2
transfer_spec_vs_a6,mse,374,-0.6623344432658596,2
transfer_spec_vs_a6,mse,375,-0.6629713810841431,2
transfer_spec_vs_a6,mse,376,-0.6659545977674552,2
transfer_spec_vs_a6,mse,377,-0.6713893382341807,2
transfer_spec_vs_a6,mse,378,-0.6767097010011525,2
transfer_spec_vs_a6,mse,379,-0.6778768575961069,2
transfer_spec_vs_a6,mse,380,-0.6840976815323607,2
transfer_spec_vs_a6,mse,381,-0.6827365046231826,2
transfer_spec_vs_a6,mse,382,-0.6803496889738359,2
transfer_spec_vs_a6,mse,383,-0.6816214278674648,2
transfer_spec_vs_a6,mse,384,-0.6819240502991497,2
transfer_spec_vs_a6,mse,385,-0.6799054148636952,2
transfer_spec_vs_a6,mse,386,-0.6788776029244015,2
transfer_spec_vs_a6,mse,387,-0.6736228181396653,2
transfer_spec_vs_a6,mse,388,-0.673149658116059,2
transfer_spec_vs_a6,mse,389,-0.6733846423124024,2
transfer_spec_vs_a6,mse,390,-0.6720754153130803,2
transfer_spec_vs_a6,mse,391,-0.6755702696895272,2
transfer_spec_vs_a6,mse,392,-0.6730219958409811,2
transfer_spec_vs_a6,mse,393,-0.6706527459844147,2
transfer_spec_vs_a6,mse,394,-0.672493890382404,2
transfer_spec_vs_a6,mse,395,-0.675584601143322,2
transfer_spec_vs_a6,mse,396,-0.6819169795556479,2
transfer_spec_vs_a6,mse,397,-0.6803468456978812,2
transfer_spec_vs_a6,mse,398,-0.6849416162613253,2
transfer_spec_vs_a6,mse,399,-0.6863523594160381,2
transfer_spec_vs_a6,mse,400,-0.6910666650004105,2
transfer_spec_vs_a6,mse,401,-0.6922771810480444,2
transfer_spec_vs_a6,mse,402,-0.692893313819003,2
transfer_spec_vs_a6,mse,403,-0.6944245396489812,2
transfer_spec_vs_a6,mse,404,-0.6973593534790545,2
transfer_spec_vs_a6,mse,405,-0.696444430433607,2
transfer_spec_vs_a6,mse,406,-0.6977482652735212,2
transfer_spec_vs_a6,mse,407,-0.7013666489670123,2
transfer_spec_vs_a6,mse,408,-0.6985612536033736,2
transfer_spec_vs_a6,mse,409,-0.6931911054179385,2
transfer_spec_vs_a6,mse,410,-0.6882909959590466,2
transfer_spec_vs_a6,mse,411,-0.6886454522498098,2
transfer_spec_vs_a6,mse,412,-0.6859712202861523,2
transfer_spec_vs_a6,mse,413,-0.6884439042426038,2
transfer_spec_vs_a6,mse,414,-0.6852477045457372,2
transfer_spec_vs_a6,mse,415,-0.6777209348314117,2
transfer_spec_vs_a6,mse,416,-0.6750161530838317,2
transfer_spec_vs_a6,mse,417,-0.6713857019511238,2
transfer_spec_vs_a6,mse,418,-0.6731542540349222,2
transfer_spec_vs_a6,mse,419,-0.6760783144496707,2
transfer_spec_vs_a6,mse,420,-0.6781509313140921,2
transfer_spec_vs_a6,mse,421,-0.6768732776746234,2
transfer_spec_vs_a6,mse,422,-0.6833964501253975,2
transfer_spec_vs_a6,mse,423,-0.6861030385577682,2
transfer_spec_vs_a6,mse,424,-0.6879677687308883,2
transfer_spec_vs_a6,mse,425,-0.689784663848676,2
transfer_spec_vs_a6,mse,426,-0.6930780989627583,2
transfer_spec_vs_a6,mse,427,-0.6938291524457019,2
transfer_spec_vs_a6,mse,428,-0.6957034119974304,2
transfer_spec_vs_a6,mse,429,-0.696823878028745,2
transfer_spec_vs_a6,mse,430,-0.6996070235694773,2
transfer_spec_vs_a6,mse,431,-0.6962450347728044,2
transfer_spec_vs_a6,mse,432,-0.6962629346029625,2
transfer_spec_vs_a6,mse,433,-0.6887879110089079,2
transfer_spec_vs_a6,mse,434,-0.6858321313773197,2
transfer_spec_vs_a6,mse,435,-0.6840027211113453,2
transfer_spec_vs_a6,mse,436,-0.6844691485606402,2
transfer_spec_vs_a6,mse,437,-0.6829723741938132,2
transfer_spec_vs_a6,mse,438,-0.678527336221848,2
transfer_spec_vs_a6,mse,439,-0.6753755582461207,2
transfer_spec_vs_a6,mse,440,-0.6722606769163808,2
transfer_spec_vs_a6,mse,441,-0.6736201594714242,2
transfer_spec_vs_a6,mse,442,-0.6742955773150761,2
transfer_spec_vs_a6,mse,443,-0.6708574789626276,2
transfer_spec_vs_a6,mse,444,-0.6701468260408561,2
transfer_spec_vs_a6,mse,445,-0.6706214639600105,2
transfer_spec_vs_a6,mse,446,-0.6706068041246915,2
transfer_spec_vs_a6,mse,447,-0.6716767398375811,2
transfer_spec_vs_a6,mse,448,-0.6686706418844635,2
transfer_spec_vs_a6,mse,449,-0.6731367551655154,2
transfer_spec_vs_a6,mse,450,-0.671516561803438,2
transfer_spec_vs_a6,mse,451,-0.6742855394971858,2
transfer_spec_vs_a6,mse,452,-0.673329421334774,2
transfer_spec_vs_a6,mse,453,-0.6790193056712024,2
transfer_spec_vs_a6,mse,454,-0.6770634376368934,2
transfer_spec_vs_a6,mse,455,-0.6760657312675544,2
transfer_spec_vs_a6,mse,456,-0.6741262226831424,2
transfer_spec_vs_a6,mse,457,-0.6754174913462285,2
transfer_spec_vs_a6,mse,458,-0.673295165914225,2
transfer_spec_vs_a6,mse,459,-0.6698236279700498,2
transfer_spec_vs_a6,mse,460,-0.6657212112490751,2
transfer_spec_vs_a6,mse,461,-0.6643581740336502,2
transfer_spec_vs_a6,mse,462,-0.6569285052167873,2
transfer_spec_vs_a6,mse,463,-0.6534068472602916,2
transfer_spec_vs_a6,mse,464,-0.6495377720709294,2
transfer_spec_vs_a6,mse,465,-0.6504435435866585,2
transfer_spec_vs_a6,mse,466,-0.6469205162225089,2
transfer_spec_vs_a6,mse,467,-0.6496289342345785,2
transfer_spec_vs_a6,mse,468,-0.651882565015447,2
transfer_spec_vs_a6,mse,469,-0.6544303722383193,2
transfer_spec_vs_a6,mse,470,-0.653795307667222,2
transfer_spec_vs_a6,mse,471,-0.6536335368174573,2
transfer_spec_vs_a6,mse,472,-0.6532352585403767,2
transfer_spec_vs_a6,mse,473,-0.6554120377365469,2
transfer_spec_vs_a6,mse,474,-0.652633830920113,2
transfer_spec_vs_a6,mse,475,-0.6498999449881815,2
transfer_spec_vs_a6,mse,476,-0.6496423078329161,2
transfer_spec_vs_a6,mse,477,-0.6487709493990335,2
transfer_spec_vs_a6,mse,478,-0.6505178477140006,2
transfer_spec_vs_a6,mse,479,-0.6553666783395262,2
transfer_spec_vs_a6,mse,480,-0.6578231331374451,2
transfer_spec_vs_a6,mse,481,-0.6574818227911949,2
transfer_spec_vs_a6,mse,482,-0.6589622848632604,2
transfer_spec_vs_a6,mse,483,-0.6578758651128758,2
transfer_spec_vs_a6,mse,484,-0.6597558234547951,2
transfer_spec_vs_a6,mse,485,-0.6575523204885525,2
transfer_spec_vs_a6,mse,486,-0.65547573710526,2
transfer_spec_vs_a6,mse,487,-0.6538905405292761,2
transfer_spec_vs_a6,mse,488,-0.6542178157695155,2
transfer_spec_vs_a6,mse,489,-0.6560730445740526,2
transfer_spec_vs_a6,mse,490,-0.6548105525218428,2
transfer_spec_vs_a6,mse,491,-0.6610431738454259,2
transfer_spec_vs_a6,mse,492,-0.66222085187855,2
transfer_spec_vs_a6,mse,493,-0.6629167555043258,2
transfer_spec_vs_a6,mse,494,-0.663702823267176,2
transfer_spec_vs_a6,mse,495,-0.6659063844469904,2
transfer_spec_vs_a6,mse,496,-0.6702074536205926,2
transfer_spec_vs_a6,mse,497,-0.6707987446566355,2
transfer_spec_vs_a6,mse,498,-0.671499590439335,2
transfer_spec_vs_a6,mse,499,-0.6765170390475017,2
transfer_spec_vs_a6,mse,500,-0.6772894828555054,2
transfer_spec_vs_a6,mse,501,-0.6774027909882085,2
transfer_spec_vs_a6,mse,502,-0.6813879406779266,2
transfer_spec_vs_a6,mse,503,-0.6846023834329995,2
transfer_spec_vs_a6,mse,504,-0.6860633043894571,2
transfer_spec_vs_a6,mse,505,-0.6855113774388122,2
transfer_spec_vs_a6,mse,506,-0.6822016595701808,2
transfer_spec_vs_a6,mse,507,-0.6834055002932637,2
transfer_spec_vs_a6,mse,508,-0.6809745345563911,2
transfer_spec_vs_a6,mse,509,-0.6786758815500993,2
transfer_spec_vs_a6,mse,510,-0.6795537337205682,2
transfer_spec_vs_a6,mse,511,-0.6806571859828603,2
transfer_spec_vs_a6,mse,512,-0.682422313413833,2
transfer_spec_vs_a6,mse,513,-0.6846040924526253,2
transfer_spec_vs_a6,mse,514,-0.6843351680959198,2
transfer_spec_vs_a6,mse,515,-0.6884208026120398,2
transfer_spec_vs_a6,mse,516,-0.6894669691297728,2
transfer_spec_vs_a6,mse,517,-0.6962511888773903,2
transfer_spec_vs_a6,mse,518,-0.6970620247993042,2
transfer_spec_vs_a6,mse,519,-0.6967906648161937,2
transfer_spec_vs_a6,mse,520,-0.6988016093647809,2
transfer_spec_vs_a6,mse,521,-0.6993305156401974,2
transfer_spec_vs_a6,mse,522,-0.6985118409616131,2
transfer_spec_vs_a6,mse,523,-0.7023138578414945,2
transfer_spec_vs_a6,mse,524,-0.7044025081717686,2
transfer_spec_vs_a6,mse,525,-0.7047531735845736,2
transfer_spec_vs_a6,mse,526,-0.7025485666109965,2
transfer_spec_vs_a6,mse,527,-0.7027934088408139,2
transfer_spec_vs_a6,mse,528,-0.7029638096773438,2
transfer_spec_vs_a6,mse,529,-0.6989649394865816,2
transfer_spec_vs_a6,mse,530,-0.694732294057534,2
transfer_spec_vs_a6,mse,531,-0.6938436547686067,2
transfer_spec_vs_a6,mse,532,-0.6902830011904904,2
transfer_spec_vs_a6,mse,533,-0.6888822320685373,2
transfer_spec_vs_a6,mse,534,-0.6907297602529128,2
transfer_spec_vs_a6,mse,535,-0.6866867057298665,2
transfer_spec_vs_a6,mse,536,-0.6864037079895002,2
transfer_spec_vs_a6,mse,537,-0.6872327529228861,2
transfer_spec_vs_a6,mse,538,-0.6887408377695059,2
transfer_spec_vs_a6,mse,539,-0.6900847920687614,2
transfer_spec_vs_a6,mse,540,-0.6913856009924757,2
transfer_spec_vs_a6,mse,541,-0.6911507163165465,2
transfer_spec_vs_a6,mse,542,-0.6896243624215259,2
transfer_spec_vs_a6,mse,543,-0.692682956438373,2
transfer_spec_vs_a6,mse,544,-0.6934445800171574,2
transfer_spec_vs_a6,mse,545,-0.6969804771115373,2
transfer_spec_vs_a6,mse,546,-0.7016815208460137,2
transfer_spec_vs_a6,mse,547,-0.7036076289842375,2
transfer_spec_vs_a6,mse,548,-0.7037886316299091,2
transfer_spec_vs_a6,mse,549,-0.7052840782578951,2
transfer_spec_vs_a6,mse,550,-0.7075839661264882,2
transfer_spec_vs_a6,mse,551,-0.7079952904825659,2
transfer_spec_vs_a6,mse,552,-0.7056036124541909,2
transfer_spec_vs_a6,mse,553,-0.7028351730977866,2
transfer_spec_vs_a6,mse,554,-0.7027338391794702,2
transfer_spec_vs_a6,mse,555,-0.7032078542722431,2
transfer_spec_vs_a6,mse,556,-0.7007869019665658,2
transfer_spec_vs_a6,mse,557,-0.6951186229036144,2
transfer_spec_vs_a6,mse,558,-0.6930110149691382,2
transfer_spec_vs_a6,mse,559,-0.6924001803133106,2
transfer_spec_vs_a6,mse,560,-0.6902778315411306,2
transfer_spec_vs_a6,mse,561,-0.6898721718496859,2
transfer_spec_vs_a6,mse,562,-0.6919972863821422,2
transfer_spec_vs_a6,mse,563,-0.6970555203178663,2
transfer_spec_vs_a6,mse,564,-0.6973997979871238,2
transfer_spec_vs_a6,mse,565,-0.6985893043351066,2
transfer_spec_vs_a6,mse,566,-0.699066524342542,2
transfer_spec_vs_a6,mse,567,-0.7057260087811978,2
transfer_spec_vs_a6,mse,568,-0.7082817518158735,2
transfer_spec_vs_a6,mse,569,-0.710422795431267,2
transfer_spec_vs_a6,mse,570,-0.7125957270421113,2
transfer_spec_vs_a6,mse,571,-0.7162239137047477,2
transfer_spec_vs_a6,mse,572,-0.719471202394415,2
transfer_spec_vs_a6,mse,573,-0.723229957742999,2
transfer_spec_vs_a6,mse,574,-0.7259573829882648,2
transfer_spec_vs_a6,mse,575,-0.7311502574674433,2
transfer_spec_vs_a6,mse,576,-0.7305907575056403,2
transfer_spec_vs_a6,mse,577,-0.727650845179244,2
transfer_spec_vs_a6,mse,578,-0.7250745305705153,2
transfer_spec_vs_a6,mse,579,-0.7253865023891937,2
transfer_spec_vs_a6,mse,580,-0.7246130760901992,2
transfer_spec_vs_a6,mse,581,-0.7222196607333098,2
transfer_spec_vs_a6,mse,582,-0.7219591036878037,2
transfer_spec_vs_a6,mse,583,-0.7188174173775863,2
transfer_spec_vs_a6,mse,584,-0.7197814833170768,2
transfer_spec_vs_a6,mse,585,-0.7220018368441905,2
transfer_spec_vs_a6,mse,586,-0.7224755990330145,2
transfer_spec_vs_a6,mse,587,-0.7216187736976809,2
transfer_spec_vs_a6,mse,588,-0.7202129381812861,2
transfer_spec_vs_a6,mse,589,-0.7217275465858308,2
transfer_spec_vs_a6,mse,590,-0.7231598828790897,2
transfer_spec_vs_a6,mse,591,-0.7235950075199415,2
transfer_spec_vs_a6,mse,592,-0.7227068888944488,2
transfer_spec_vs_a6,mse,593,-0.7216494595387268,2
transfer_spec_vs_a6,mse,594,-0.7222728491833696,2
transfer_spec_vs_a6,mse,595,-0.7254394906130268,2
transfer_spec_vs_a6,mse,596,-0.7280248084109098,2
transfer_spec_vs_a6,mse,597,-0.7297028434107178,2
transfer_spec_vs_a6,mse,598,-0.731727658034993,2
transfer_spec_vs_a6,mse,599,-0.7345643679941793,2
transfer_spec_vs_a6,mse,600,-0.73221255801178,2
transfer_spec_vs_a6,mse,601,-0.7304615123353853,2
transfer_spec_vs_a6,mse,602,-0.7286514339489703,2
transfer_spec_vs_a6,mse,603,-0.7281765112986927,2
transfer_spec_vs_a6,mse,604,-0.7252939414639981,2
transfer_spec_vs_a6,mse,605,-0.7250919423933411,2
transfer_spec_vs_a6,mse,606,-0.7219113684718059,2
transfer_spec_vs_a6,mse,607,-0.722925093847353,2
transfer_spec_vs_a6,mse,608,-0.7212966857550507,2
transfer_spec_vs_a6,mse,609,-0.7189103152843557,2
transfer_spec_vs_a6,mse,610,-0.7184727107472155,2
transfer_spec_vs_a6,mse,611,-0.7213697371871564,2
transfer_spec_vs_a6,mse,612,-0.719565893027998,2
transfer_spec_vs_a6,mse,613,-0.7194421638210424,2
transfer_spec_vs_a6,mse,614,-0.7204595737887343,2
transfer_spec_vs_a6,mse,615,-0.7193108364560441,2
transfer_spec_vs_a6,mse,616,-0.7197696125132147,2
transfer_spec_vs_a6,mse,617,-0.7220966581527466,2
transfer_spec_vs_a6,mse,618,-0.7220598079825469,2
transfer_spec_vs_a6,mse,619,-0.7230880118176697,2
transfer_spec_vs_a6,mse,620,-0.7262453349380205,2
transfer_spec_vs_a6,mse,621,-0.729044972670787,2
transfer_spec_vs_a6,mse,622,-0.7307405668035605,2
transfer_spec_vs_a6,mse,623,-0.7312398062789605,2
transfer_spec_vs_a6,mse,624,-0.7314768965141072,2
transfer_spec_vs_a6,mse,625,-0.7299536241612414,2
transfer_spec_vs_a6,mse,626,-0.7327214621858547,2
transfer_spec_vs_a6,mse,627,-0.729000317364159,2
transfer_spec_vs_a6,mse,628,-0.725106469969512,2
transfer_spec_vs_a6,mse,629,-0.723952899230218,2
transfer_spec_vs_a6,mse,630,-0.7227172434234586,2
transfer_spec_vs_a6,mse,631,-0.7226908287439282,2
transfer_spec_vs_a6,mse,632,-0.720839307141119,2
transfer_spec_vs_a6,mse,633,-0.71841590695644,2
transfer_spec_vs_a6,mse,634,-0.7203282075612827,2
transfer_spec_vs_a6,mse,635,-0.718863836627055,2
transfer_spec_vs_a6,mse,636,-0.7210549477505479,2
transfer_spec_vs_a6,mse,637,-0.7221714356125353,2
transfer_spec_vs_a6,mse,638,-0.7219561668481456,2
transfer_spec_vs_a6,mse,639,-0.7221725519682898,2
transfer_spec_vs_a6,mse,640,-0.7256130042774478,2
transfer_spec_vs_a6,mse,641,-0.7267029279084314,2
transfer_spec_vs_a6,mse,642,-0.7280743550221969,2
transfer_spec_vs_a6,mse,643,-0.7306858059881716,2
transfer_spec_vs_a6,mse,644,-0.7383434285136192,2
transfer_spec_vs_a6,mse,645,-0.7431179107831909,2
transfer_spec_vs_a6,mse,646,-0.743916186004554,2
transfer_spec_vs_a6,mse,647,-0.7438479059327219,2
transfer_spec_vs_a6,mse,648,-0.7441688304179217,2
transfer_spec_vs_a6,mse,649,-0.7463399264194304,2
transfer_spec_vs_a6,mse,650,-0.749201572747884,2
transfer_spec_vs_a6,mse,651,-0.7497358325390224,2
transfer_spec_vs_a6,mse,652,-0.748893856735664,2
transfer_spec_vs_a6,mse,653,-0.7464561863267472,2
transfer_spec_vs_a6,mse,654,-0.7441234951593367,2
transfer_spec_vs_a6,mse,655,-0.7452754345933421,2
transfer_spec_vs_a6,mse,656,-0.7438117076206741,2
transfer_spec_vs_a6,mse,657,-0.7446924759273932,2
transfer_spec_vs_a6,mse,658,-0.7440898031450227,2
transfer_spec_vs_a6,mse,659,-0.7447106243909318,2
transfer_spec_vs_a6,mse,660,-0.7472466913080678,2
transfer_spec_vs_a6,mse,661,-0.7454144275432406,2
transfer_spec_vs_a6,mse,662,-0.74527146484487,2
transfer_spec_vs_a6,mse,663,-0.7486599710967412,2
transfer_spec_vs_a6,mse,664,-0.7492783083297194,2
transfer_spec_vs_a6,mse,665,-0.749857132140257,2
transfer_spec_vs_a6,mse,666,-0.7494086566094404,2
transfer_spec_vs_a6,mse,667,-0.7526844171950398,2
transfer_spec_vs_a6,mse,668,-0.7535402889317466,2
transfer_spec_vs_a6,mse,669,-0.7536998750498292,2
transfer_spec_vs_a6,mse,670,-0.7554434853665315,2
transfer_spec_vs_a6,mse,671,-0.7546150789985773,2
transfer_spec_vs_a6,mse,672,-0.754090641562748,2
transfer_spec_vs_a6,mse,673,-0.7556046885442824,2
transfer_spec_vs_a6,mse,674,-0.755044207661395,2
transfer_spec_vs_a6,mse,675,-0.7533162063879661,2
transfer_spec_vs_a6,mse,676,-0.7517284515350786,2
transfer_spec_vs_a6,mse,677,-0.747955713002959,2
transfer_spec_vs_a6,mse,678,-0.7466878963760482,2
transfer_spec_vs_a6,mse,679,-0.7446341587034189,2
transfer_spec_vs_a6,mse,680,-0.7425893143167595,2
transfer_spec_vs_a6,mse,681,-0.7437294864775157,2
transfer_spec_vs_a6,mse,682,-0.7429679104428488,2
transfer_spec_vs_a6,mse,683,-0.7428507545779639,2
transfer_spec_vs_a6,mse,684,-0.7412723252156561,2
transfer_spec_vs_a6,mse,685,-0.7417926094363936,2
transfer_spec_vs_a6,mse,686,-0.7444346921478195,2
transfer_spec_vs_a6,mse,687,-0.74061052205318,2
transfer_spec_vs_a6,mse,688,-0.7395805154047497,2
transfer_spec_vs_a6,mse,689,-0.7387349036823521,2
transfer_spec_vs_a6,mse,690,-0.7385482966157131,2
transfer_spec_vs_a6,mse,691,-0.7401081806068155,2
transfer_spec_vs_a6,mse,692,-0.7403077770702837,2
transfer_spec_vs_a6,mse,693,-0.7392724923549276,2
transfer_spec_vs_a6,mse,694,-0.7406736821739535,2
transfer_spec_vs_a6,mse,695,-0.7442803492950678,2
transfer_spec_vs_a6,mse,696,-0.7418205452043769,2
transfer_spec_vs_a6,mse,697,-0.7441791475453585,2
transfer_spec_vs_a6,mse,698,-0.7447916884474903,2
transfer_spec_vs_a6,mse,699,-0.7432597357985338,2
transfer_spec_vs_a6,mse,700,-0.7420801191481186,2
transfer_spec_vs_a6,mse,701,-0.7426114698288333,2
transfer_spec_vs_a6,mse,702,-0.7405526271804552,2
transfer_spec_vs_a6,mse,703,-0.7410547173754312,2
transfer_spec_vs_a6,mse,704,-0.740940086409303,2
transfer_spec_vs_a6,mse,705,-0.7409400175395664,2
transfer_spec_vs_a6,mse,706,-0.7404529320165154,2
transfer_spec_vs_a6,mse,707,-0.7415374532340269,2
transfer_spec_vs_a6,mse,708,-0.7418872037847568,2
transfer_spec_vs_a6,mse,709,-0.7420602562429157,2
transfer_spec_vs_a6,mse,710,-0.7430435766077736,2
transfer_spec_vs_a6,mse,711,-0.746647945868848,2
transfer_spec_vs_a6,mse,712,-0.7480041139789395,2
transfer_spec_vs_a6,mse,713,-0.7499532989802149,2
transfer_spec_vs_a6,mse,714,-0.751784601851091,2
transfer_spec_vs_a6,mse,715,-0.7538174107643614,2
transfer_spec_vs_a6,mse,716,-0.7562057835933533,2
transfer_spec_vs_a6,mse,717,-0.7573233264694634,2
transfer_spec_vs_a6,mse,718,-0.7587192652111052,2
transfer_spec_vs_a6,mse,719,-0.7618597743719335,2
transfer_spec_vs_a6,mse,720,-0.7624355810249095,2
transfer_spec_vs_a6,mae,1,2.7994046389894245,3
transfer_spec_vs_a6,mae,2,1.0679284631234,2
transfer_spec_vs_a6,mae,3,0.09046362991768753,2
transfer_spec_vs_a6,mae,4,-0.13287212914294466,2
transfer_spec_vs_a6,mae,5,-0.21079828076427054,2
transfer_spec_vs_a6,mae,6,-0.43214313339375865,2
transfer_spec_vs_a6,mae,7,-0.5273430941919854,2
transfer_spec_vs_a6,mae,8,-0.6966726447928884,2
transfer_spec_vs_a6,mae,9,-0.8035271588939108,2
transfer_spec_vs_a6,mae,10,-0.7637841730138706,2
transfer_spec_vs_a6,mae,11,-0.7257891019326657,2
transfer_spec_vs_a6,mae,12,-0.7738120638734358,2
transfer_spec_vs_a6,mae,13,-0.7993267103429358,2
transfer_spec_vs_a6,mae,14,-0.8363301963118519,2
transfer_spec_vs_a6,mae,15,-0.8473405873471629,2
transfer_spec_vs_a6,mae,16,-0.8846641282415457,2
transfer_spec_vs_a6,mae,17,-0.8907289822277731,1
transfer_spec_vs_a6,mae,18,-0.8899889734414379,1
transfer_spec_vs_a6,mae,19,-0.9025576659795398,1
transfer_spec_vs_a6,mae,20,-0.9093913429664702,1
transfer_spec_vs_a6,mae,21,-0.888281976699572,1
transfer_spec_vs_a6,mae,22,-0.9002808399100859,1
transfer_spec_vs_a6,mae,23,-0.9026746712559164,1
transfer_spec_vs_a6,mae,24,-0.9078073278849574,1
transfer_spec_vs_a6,mae,25,-0.8923896036668011,1
transfer_spec_vs_a6,mae,26,-0.9038395892148454,1
transfer_spec_vs_a6,mae,27,-0.899079841313295,1
transfer_spec_vs_a6,mae,28,-0.8983151227832931,1
transfer_spec_vs_a6,mae,29,-0.8988043914848731,1
transfer_spec_vs_a6,mae,30,-0.8884263657049152,1
transfer_spec_vs_a6,mae,31,-0.9100083508345924,1
transfer_spec_vs_a6,mae,32,-0.9024600557689322,1
transfer_spec_vs_a6,mae,33,-0.8956144953600464,1
transfer_spec_vs_a6,mae,34,-0.9082005885639255,1
transfer_spec_vs_a6,mae,35,-0.9139879922694871,1
transfer_spec_vs_a6,mae,36,-0.9152063036192448,1
transfer_spec_vs_a6,mae,37,-0.9030044257986702,1
transfer_spec_vs_a6,mae,38,-0.895756387556097,1
transfer_spec_vs_a6,mae,39,-0.888542876369165,1
transfer_spec_vs_a6,mae,40,-0.9043491792780922,1
transfer_spec_vs_a6,mae,41,-0.9071633863402018,1
transfer_spec_vs_a6,mae,42,-0.9002419409548579,1
transfer_spec_vs_a6,mae,43,-0.8995021120565405,1
transfer_spec_vs_a6,mae,44,-0.8996630689932661,1
transfer_spec_vs_a6,mae,45,-0.8979890949145508,1
transfer_spec_vs_a6,mae,46,-0.8959449969382516,1
transfer_spec_vs_a6,mae,47,-0.894494888769024,1
transfer_spec_vs_a6,mae,48,-0.9123245794525947,1
transfer_spec_vs_a6,mae,49,-0.9085779784810222,1
transfer_spec_vs_a6,mae,50,-0.896131520896899,1
transfer_spec_vs_a6,mae,51,-0.8817632339438397,1
transfer_spec_vs_a6,mae,52,-0.8585536331661303,1
transfer_spec_vs_a6,mae,53,-0.8284847003621088,1
transfer_spec_vs_a6,mae,54,-0.8197359333539467,1
transfer_spec_vs_a6,mae,55,-0.818350711694471,1
transfer_spec_vs_a6,mae,56,-0.8105010560533632,1
transfer_spec_vs_a6,mae,57,-0.7998643830168728,1
transfer_spec_vs_a6,mae,58,-0.7870216792648344,1
transfer_spec_vs_a6,mae,59,-0.7852564563155218,1
transfer_spec_vs_a6,mae,60,-0.7672200396377815,1
transfer_spec_vs_a6,mae,61,-0.7586013304346806,1
transfer_spec_vs_a6,mae,62,-0.7536966687035562,1
transfer_spec_vs_a6,mae,63,-0.737633373597395,1
transfer_spec_vs_a6,mae,64,-0.7514613070340403,1
transfer_spec_vs_a6,mae,65,-0.7399543149609156,1
transfer_spec_vs_a6,mae,66,-0.7436762191253088,1
transfer_spec_vs_a6,mae,67,-0.7353558023540785,1
transfer_spec_vs_a6,mae,68,-0.7288285451423904,1
transfer_spec_vs_a6,mae,69,-0.7325156815906286,1
transfer_spec_vs_a6,mae,70,-0.7268166327237879,1
transfer_spec_vs_a6,mae,71,-0.7290733430088503,1
transfer_spec_vs_a6,mae,72,-0.7275459198307188,1
transfer_spec_vs_a6,mae,73,-0.7181288995987778,1
transfer_spec_vs_a6,mae,74,-0.7128472994646073,1
transfer_spec_vs_a6,mae,75,-0.7045798766702838,1
transfer_spec_vs_a6,mae,76,-0.6960437263831998,1
transfer_spec_vs_a6,mae,77,-0.6989566011293769,1
transfer_spec_vs_a6,mae,78,-0.6989774433396678,1
transfer_spec_vs_a6,mae,79,-0.7018819055841585,1
transfer_spec_vs_a6,mae,80,-0.6970473923721565,1
transfer_spec_vs_a6,mae,81,-0.6990001370197851,1
transfer_spec_vs_a6,mae,82,-0.6995229354877619,1
transfer_spec_vs_a6,mae,83,-0.6991936566226964,1
transfer_spec_vs_a6,mae,84,-0.6988108641634927,1
transfer_spec_vs_a6,mae,85,-0.6971402238032565,1
transfer_spec_vs_a6,mae,86,-0.6912445205476581,1
transfer_spec_vs_a6,mae,87,-0.6874326357299188,1
transfer_spec_vs_a6,mae,88,-0.6872512796621777,1
transfer_spec_vs_a6,mae,89,-0.6956217116985819,1
transfer_spec_vs_a6,mae,90,-0.7119918271486503,1
transfer_spec_vs_a6,mae,91,-0.7191812653156227,1
transfer_spec_vs_a6,mae,92,-0.721942089829537,1
transfer_spec_vs_a6,mae,93,-0.7289531267546034,1
transfer_spec_vs_a6,mae,94,-0.7427340887795641,1
transfer_spec_vs_a6,mae,95,-0.7548803313985619,1
transfer_spec_vs_a6,mae,96,-0.7521294406667867,1
transfer_spec_vs_a6,mae,97,-0.7603546783501569,1
transfer_spec_vs_a6,mae,98,-0.7653418068328754,1
transfer_spec_vs_a6,mae,99,-0.7595427601915206,1
transfer_spec_vs_a6,mae,100,-0.7569936260970467,1
transfer_spec_vs_a6,mae,101,-0.7581009917022907,1
transfer_spec_vs_a6,mae,102,-0.7475014267844737,1
transfer_spec_vs_a6,mae,103,-0.738847534952034,1
transfer_spec_vs_a6,mae,104,-0.7422838240391227,1
transfer_spec_vs_a6,mae,105,-0.7411133213439802,1
transfer_spec_vs_a6,mae,106,-0.7365056782082235,1
transfer_spec_vs_a6,mae,107,-0.7408881197397532,1
transfer_spec_vs_a6,mae,108,-0.7380446968708498,1
transfer_spec_vs_a6,mae,109,-0.7479433898892518,1
transfer_spec_vs_a6,mae,110,-0.7547442137575522,1
transfer_spec_vs_a6,mae,111,-0.7664373197495977,1
transfer_spec_vs_a6,mae,112,-0.7675146645689734,1
transfer_spec_vs_a6,mae,113,-0.7702512143480233,1
transfer_spec_vs_a6,mae,114,-0.779146130068491,1
transfer_spec_vs_a6,mae,115,-0.7780544751998919,1
transfer_spec_vs_a6,mae,116,-0.7844256274894357,1
transfer_spec_vs_a6,mae,117,-0.777900954075037,1
transfer_spec_vs_a6,mae,118,-0.787915194361799,1
transfer_spec_vs_a6,mae,119,-0.7868565099142844,1
transfer_spec_vs_a6,mae,120,-0.7812015753702339,1
transfer_spec_vs_a6,mae,121,-0.7767623158315295,1
transfer_spec_vs_a6,mae,122,-0.7748641837649006,1
transfer_spec_vs_a6,mae,123,-0.7652474862862024,1
transfer_spec_vs_a6,mae,124,-0.7644238019257199,1
transfer_spec_vs_a6,mae,125,-0.7596405071457979,1
transfer_spec_vs_a6,mae,126,-0.7593239832086041,1
transfer_spec_vs_a6,mae,127,-0.7656449955805833,1
transfer_spec_vs_a6,mae,128,-0.76496337604679,0
transfer_spec_vs_a6,mae,129,-0.7630235589564327,0
transfer_spec_vs_a6,mae,130,-0.7648287804667353,0
transfer_spec_vs_a6,mae,131,-0.7634470614350697,0
transfer_spec_vs_a6,mae,132,-0.7615323735812973,0
transfer_spec_vs_a6,mae,133,-0.7608745991230403,0
transfer_spec_vs_a6,mae,134,-0.7590668538077372,0
transfer_spec_vs_a6,mae,135,-0.7649324443750372,0
transfer_spec_vs_a6,mae,136,-0.7732428288996962,0
transfer_spec_vs_a6,mae,137,-0.7816104160363491,0
transfer_spec_vs_a6,mae,138,-0.7809585217500503,0
transfer_spec_vs_a6,mae,139,-0.7785334507152042,0
transfer_spec_vs_a6,mae,140,-0.7804569150244411,0
transfer_spec_vs_a6,mae,141,-0.7826393511881902,0
transfer_spec_vs_a6,mae,142,-0.7777499076935435,0
transfer_spec_vs_a6,mae,143,-0.7876305847092668,0
transfer_spec_vs_a6,mae,144,-0.7918962080907477,0
transfer_spec_vs_a6,mae,145,-0.7903596534197499,0
transfer_spec_vs_a6,mae,146,-0.7833880204882071,0
transfer_spec_vs_a6,mae,147,-0.7784373788001542,0
transfer_spec_vs_a6,mae,148,-0.7659027630049708,0
transfer_spec_vs_a6,mae,149,-0.7595930048278143,0
transfer_spec_vs_a6,mae,150,-0.7569261199695454,0
transfer_spec_vs_a6,mae,151,-0.7493016079481896,0
transfer_spec_vs_a6,mae,152,-0.7419538719106678,0
transfer_spec_vs_a6,mae,153,-0.7379462182241436,0
transfer_spec_vs_a6,mae,154,-0.7321707643608821,0
transfer_spec_vs_a6,mae,155,-0.730689437446963,0
transfer_spec_vs_a6,mae,156,-0.7270115625037521,0
transfer_spec_vs_a6,mae,157,-0.7198719256556041,0
transfer_spec_vs_a6,mae,158,-0.7197686147901994,0
transfer_spec_vs_a6,mae,159,-0.7198074501082186,0
transfer_spec_vs_a6,mae,160,-0.7147275569404865,0
transfer_spec_vs_a6,mae,161,-0.715098835208936,0
transfer_spec_vs_a6,mae,162,-0.7135678306794624,0
transfer_spec_vs_a6,mae,163,-0.7087304910159009,0
transfer_spec_vs_a6,mae,164,-0.7171766585376105,0
transfer_spec_vs_a6,mae,165,-0.7121868995160519,0
transfer_spec_vs_a6,mae,166,-0.712776036817746,0
transfer_spec_vs_a6,mae,167,-0.7086954332603934,0
transfer_spec_vs_a6,mae,168,-0.7111997211326426,1
transfer_spec_vs_a6,mae,169,-0.7081252415842343,1
transfer_spec_vs_a6,mae,170,-0.7037043985021052,1
transfer_spec_vs_a6,mae,171,-0.6966592670953009,1
transfer_spec_vs_a6,mae,172,-0.684023927132007,1
transfer_spec_vs_a6,mae,173,-0.6769461689177914,1
transfer_spec_vs_a6,mae,174,-0.6667319351856205,2
transfer_spec_vs_a6,mae,175,-0.6558285399029562,2
transfer_spec_vs_a6,mae,176,-0.6493684694191582,2
transfer_spec_vs_a6,mae,177,-0.6414456130645263,1
transfer_spec_vs_a6,mae,178,-0.6389096705812003,2
transfer_spec_vs_a6,mae,179,-0.6295486357866187,2
transfer_spec_vs_a6,mae,180,-0.6283013797184744,2
transfer_spec_vs_a6,mae,181,-0.6218573267110683,2
transfer_spec_vs_a6,mae,182,-0.6232445413486531,2
transfer_spec_vs_a6,mae,183,-0.6224970347854963,2
transfer_spec_vs_a6,mae,184,-0.6175517057933355,2
transfer_spec_vs_a6,mae,185,-0.6164998556971502,1
transfer_spec_vs_a6,mae,186,-0.6205819882695796,1
transfer_spec_vs_a6,mae,187,-0.619453066098139,1
transfer_spec_vs_a6,mae,188,-0.6132841235769093,2
transfer_spec_vs_a6,mae,189,-0.6095597833367483,2
transfer_spec_vs_a6,mae,190,-0.6069616411299772,2
transfer_spec_vs_a6,mae,191,-0.6108452903227835,1
transfer_spec_vs_a6,mae,192,-0.6095309747119515,1
transfer_spec_vs_a6,mae,193,-0.6078368421012792,1
transfer_spec_vs_a6,mae,194,-0.6089906021873492,1
transfer_spec_vs_a6,mae,195,-0.6035005573836094,1
transfer_spec_vs_a6,mae,196,-0.5988732646532346,1
transfer_spec_vs_a6,mae,197,-0.5908626160813446,1
transfer_spec_vs_a6,mae,198,-0.5833934138664931,1
transfer_spec_vs_a6,mae,199,-0.5781892542361411,1
transfer_spec_vs_a6,mae,200,-0.5811537140568945,1
transfer_spec_vs_a6,mae,201,-0.5770680057313515,1
transfer_spec_vs_a6,mae,202,-0.5780061717602791,1
transfer_spec_vs_a6,mae,203,-0.5772678635096917,1
transfer_spec_vs_a6,mae,204,-0.5765233618902577,1
transfer_spec_vs_a6,mae,205,-0.5782471003975775,1
transfer_spec_vs_a6,mae,206,-0.5776417661203959,1
transfer_spec_vs_a6,mae,207,-0.5783538511930697,1
transfer_spec_vs_a6,mae,208,-0.5776697884372783,1
transfer_spec_vs_a6,mae,209,-0.578194751010539,1
transfer_spec_vs_a6,mae,210,-0.577694409763041,1
transfer_spec_vs_a6,mae,211,-0.57511118046214,1
transfer_spec_vs_a6,mae,212,-0.5754439206330475,1
transfer_spec_vs_a6,mae,213,-0.5769958486713356,1
transfer_spec_vs_a6,mae,214,-0.5697598936954607,1
transfer_spec_vs_a6,mae,215,-0.5650315306180564,1
transfer_spec_vs_a6,mae,216,-0.5623205249467267,1
transfer_spec_vs_a6,mae,217,-0.5554423142201559,1
transfer_spec_vs_a6,mae,218,-0.5544627570568439,1
transfer_spec_vs_a6,mae,219,-0.5487497032644284,1
transfer_spec_vs_a6,mae,220,-0.545535451411534,1
transfer_spec_vs_a6,mae,221,-0.535843582399278,1
transfer_spec_vs_a6,mae,222,-0.5342110428120495,1
transfer_spec_vs_a6,mae,223,-0.5267560196947962,1
transfer_spec_vs_a6,mae,224,-0.5269638545016431,1
transfer_spec_vs_a6,mae,225,-0.5245924114229794,1
transfer_spec_vs_a6,mae,226,-0.5233251997577448,1
transfer_spec_vs_a6,mae,227,-0.52473533916499,1
transfer_spec_vs_a6,mae,228,-0.5269407672322557,1
transfer_spec_vs_a6,mae,229,-0.5290363532039932,1
transfer_spec_vs_a6,mae,230,-0.5292252967754374,1
transfer_spec_vs_a6,mae,231,-0.5295367420497077,1
transfer_spec_vs_a6,mae,232,-0.5309500784649934,1
transfer_spec_vs_a6,mae,233,-0.531297747181878,1
transfer_spec_vs_a6,mae,234,-0.5355695107292835,1
transfer_spec_vs_a6,mae,235,-0.5400928365716573,1
transfer_spec_vs_a6,mae,236,-0.5416698205661485,1
transfer_spec_vs_a6,mae,237,-0.5397698626278613,1
transfer_spec_vs_a6,mae,238,-0.5386947094537153,1
transfer_spec_vs_a6,mae,239,-0.5364223637168797,1
transfer_spec_vs_a6,mae,240,-0.5324768406521718,1
transfer_spec_vs_a6,mae,241,-0.5297180233243037,1
transfer_spec_vs_a6,mae,242,-0.5255175974780557,1
transfer_spec_vs_a6,mae,243,-0.5201602059778065,1
transfer_spec_vs_a6,mae,244,-0.5165080521947152,1
transfer_spec_vs_a6,mae,245,-0.5102216695725814,1
transfer_spec_vs_a6,mae,246,-0.5075745520765085,1
transfer_spec_vs_a6,mae,247,-0.5057996907797002,1
transfer_spec_vs_a6,mae,248,-0.502668390124914,1
transfer_spec_vs_a6,mae,249,-0.5026071872850602,1
transfer_spec_vs_a6,mae,250,-0.49990981925527755,1
transfer_spec_vs_a6,mae,251,-0.495349332308177,1
transfer_spec_vs_a6,mae,252,-0.4922734135232387,1
transfer_spec_vs_a6,mae,253,-0.48932477828881993,1
transfer_spec_vs_a6,mae,254,-0.48789522025581844,1
transfer_spec_vs_a6,mae,255,-0.4853870292824669,1
transfer_spec_vs_a6,mae,256,-0.4890811700845399,1
transfer_spec_vs_a6,mae,257,-0.49618157725430656,1
transfer_spec_vs_a6,mae,258,-0.4984997607976238,1
transfer_spec_vs_a6,mae,259,-0.4980668389000398,1
transfer_spec_vs_a6,mae,260,-0.49561240412461904,1
transfer_spec_vs_a6,mae,261,-0.4936773025991559,1
transfer_spec_vs_a6,mae,262,-0.4964298172584991,1
transfer_spec_vs_a6,mae,263,-0.49712684986609634,1
transfer_spec_vs_a6,mae,264,-0.4932018983710118,1
transfer_spec_vs_a6,mae,265,-0.4927216757864361,1
transfer_spec_vs_a6,mae,266,-0.48841035988683945,1
transfer_spec_vs_a6,mae,267,-0.48461757663552874,1
transfer_spec_vs_a6,mae,268,-0.4798705192175823,1
transfer_spec_vs_a6,mae,269,-0.4759055302859383,1
transfer_spec_vs_a6,mae,270,-0.47222718028485877,1
transfer_spec_vs_a6,mae,271,-0.4680184158727041,1
transfer_spec_vs_a6,mae,272,-0.46465556355328896,1
transfer_spec_vs_a6,mae,273,-0.4637073007071235,1
transfer_spec_vs_a6,mae,274,-0.4636025016738343,1
transfer_spec_vs_a6,mae,275,-0.4654928975067163,1
transfer_spec_vs_a6,mae,276,-0.4661425277096942,1
transfer_spec_vs_a6,mae,277,-0.4625796436310159,1
transfer_spec_vs_a6,mae,278,-0.46332099216827016,1
transfer_spec_vs_a6,mae,279,-0.46056542506212494,1
transfer_spec_vs_a6,mae,280,-0.46290788427599594,1
transfer_spec_vs_a6,mae,281,-0.4673675509366215,1
transfer_spec_vs_a6,mae,282,-0.4750410333137678,1
transfer_spec_vs_a6,mae,283,-0.47486971345087836,1
transfer_spec_vs_a6,mae,284,-0.4752383227808643,1
transfer_spec_vs_a6,mae,285,-0.48184432452204495,1
transfer_spec_vs_a6,mae,286,-0.48084352969367306,1
transfer_spec_vs_a6,mae,287,-0.47857213780363006,1
transfer_spec_vs_a6,mae,288,-0.4781180409249641,1
transfer_spec_vs_a6,mae,289,-0.47784088271237923,1
transfer_spec_vs_a6,mae,290,-0.4777598715271614,1
transfer_spec_vs_a6,mae,291,-0.47633926609531585,1
transfer_spec_vs_a6,mae,292,-0.4753994393003169,1
transfer_spec_vs_a6,mae,293,-0.4713360468484584,1
transfer_spec_vs_a6,mae,294,-0.46875380832006375,1
transfer_spec_vs_a6,mae,295,-0.47028730391430074,1
transfer_spec_vs_a6,mae,296,-0.467439865728001,1
transfer_spec_vs_a6,mae,297,-0.4680410084944975,1
transfer_spec_vs_a6,mae,298,-0.4672068906403193,1
transfer_spec_vs_a6,mae,299,-0.4664810626490401,1
transfer_spec_vs_a6,mae,300,-0.4675654997621659,1
transfer_spec_vs_a6,mae,301,-0.46804432991850664,1
transfer_spec_vs_a6,mae,302,-0.4706171867401632,1
transfer_spec_vs_a6,mae,303,-0.4702251151434189,1
transfer_spec_vs_a6,mae,304,-0.4700486535485138,1
transfer_spec_vs_a6,mae,305,-0.4696325995774253,1
transfer_spec_vs_a6,mae,306,-0.46803175327588153,1
transfer_spec_vs_a6,mae,307,-0.4688295881573801,1
transfer_spec_vs_a6,mae,308,-0.46885584710772754,1
transfer_spec_vs_a6,mae,309,-0.47059393813952966,1
transfer_spec_vs_a6,mae,310,-0.47151365525125666,1
transfer_spec_vs_a6,mae,311,-0.47103509588736214,1
transfer_spec_vs_a6,mae,312,-0.4700184102702254,1
transfer_spec_vs_a6,mae,313,-0.4693685188172547,1
transfer_spec_vs_a6,mae,314,-0.4690480431743804,1
transfer_spec_vs_a6,mae,315,-0.46969699557812383,1
transfer_spec_vs_a6,mae,316,-0.4682637881528917,1
transfer_spec_vs_a6,mae,317,-0.4643035725952771,1
transfer_spec_vs_a6,mae,318,-0.4622775457974204,1
transfer_spec_vs_a6,mae,319,-0.45924193164044613,1
transfer_spec_vs_a6,mae,320,-0.46163047335328944,1
transfer_spec_vs_a6,mae,321,-0.4638889472577201,1
transfer_spec_vs_a6,mae,322,-0.46536390840464126,1
transfer_spec_vs_a6,mae,323,-0.46595389449684665,1
transfer_spec_vs_a6,mae,324,-0.46731376901715693,1
transfer_spec_vs_a6,mae,325,-0.47025013588766207,1
transfer_spec_vs_a6,mae,326,-0.4707195396985786,1
transfer_spec_vs_a6,mae,327,-0.4752890171652724,1
transfer_spec_vs_a6,mae,328,-0.47774343719439116,1
transfer_spec_vs_a6,mae,329,-0.4755059441850573,1
transfer_spec_vs_a6,mae,330,-0.4748678045964594,1
transfer_spec_vs_a6,mae,331,-0.47401934350998154,1
transfer_spec_vs_a6,mae,332,-0.47356336953092937,1
transfer_spec_vs_a6,mae,333,-0.47495908049047353,1
transfer_spec_vs_a6,mae,334,-0.4745565402606444,1
transfer_spec_vs_a6,mae,335,-0.47710823122277146,1
transfer_spec_vs_a6,mae,336,-0.4801689850325652,1
transfer_spec_vs_a6,mae,337,-0.4818177594234174,1
transfer_spec_vs_a6,mae,338,-0.4823203376278151,1
transfer_spec_vs_a6,mae,339,-0.4808494862882595,1
transfer_spec_vs_a6,mae,340,-0.47820820398239317,1
transfer_spec_vs_a6,mae,341,-0.4739441615704387,1
transfer_spec_vs_a6,mae,342,-0.47180394526889824,1
transfer_spec_vs_a6,mae,343,-0.4685658398261672,1
transfer_spec_vs_a6,mae,344,-0.4663952007425842,1
transfer_spec_vs_a6,mae,345,-0.4674821069690327,1
transfer_spec_vs_a6,mae,346,-0.4705174126901701,1
transfer_spec_vs_a6,mae,347,-0.4689741764310673,1
transfer_spec_vs_a6,mae,348,-0.4671778471062771,1
transfer_spec_vs_a6,mae,349,-0.46813861387086986,1
transfer_spec_vs_a6,mae,350,-0.4669216445836155,1
transfer_spec_vs_a6,mae,351,-0.46609114797618867,1
transfer_spec_vs_a6,mae,352,-0.4663544021788768,1
transfer_spec_vs_a6,mae,353,-0.47035189635568964,1
transfer_spec_vs_a6,mae,354,-0.47084638621273545,1
transfer_spec_vs_a6,mae,355,-0.466801113158144,1
transfer_spec_vs_a6,mae,356,-0.4679647620198213,1
transfer_spec_vs_a6,mae,357,-0.46803277127694276,1
transfer_spec_vs_a6,mae,358,-0.4693100058978561,1
transfer_spec_vs_a6,mae,359,-0.4684721963006244,1
transfer_spec_vs_a6,mae,360,-0.4656672797854178,1
transfer_spec_vs_a6,mae,361,-0.4631927000206848,1
transfer_spec_vs_a6,mae,362,-0.4580867485392015,1
transfer_spec_vs_a6,mae,363,-0.455044006734282,1
transfer_spec_vs_a6,mae,364,-0.45218737520080987,1
transfer_spec_vs_a6,mae,365,-0.4474707901149433,1
transfer_spec_vs_a6,mae,366,-0.4444617488059932,1
transfer_spec_vs_a6,mae,367,-0.43871403618659377,1
transfer_spec_vs_a6,mae,368,-0.4373864724634302,1
transfer_spec_vs_a6,mae,369,-0.43725202140215247,1
transfer_spec_vs_a6,mae,370,-0.43563601479285063,1
transfer_spec_vs_a6,mae,371,-0.4356398375607795,1
transfer_spec_vs_a6,mae,372,-0.4351617319022738,1
transfer_spec_vs_a6,mae,373,-0.43266190274393157,1
transfer_spec_vs_a6,mae,374,-0.43394524375138355,1
transfer_spec_vs_a6,mae,375,-0.4343157953327914,1
transfer_spec_vs_a6,mae,376,-0.4358703711860845,1
transfer_spec_vs_a6,mae,377,-0.4398299360338176,1
transfer_spec_vs_a6,mae,378,-0.4429351201189524,1
transfer_spec_vs_a6,mae,379,-0.4431309215213042,1
transfer_spec_vs_a6,mae,380,-0.4465503307994956,1
transfer_spec_vs_a6,mae,381,-0.4461350370647321,1
transfer_spec_vs_a6,mae,382,-0.44558248474249496,1
transfer_spec_vs_a6,mae,383,-0.4472645918677598,1
transfer_spec_vs_a6,mae,384,-0.4471322524777621,1
transfer_spec_vs_a6,mae,385,-0.4461156585914994,1
transfer_spec_vs_a6,mae,386,-0.4461399180059322,1
transfer_spec_vs_a6,mae,387,-0.4427378257486736,1
transfer_spec_vs_a6,mae,388,-0.4418444096912433,1
transfer_spec_vs_a6,mae,389,-0.44120585675334834,1
transfer_spec_vs_a6,mae,390,-0.43993269811972713,1
transfer_spec_vs_a6,mae,391,-0.4404939843515199,1
transfer_spec_vs_a6,mae,392,-0.4384991697919616,1
transfer_spec_vs_a6,mae,393,-0.43640300589549597,1
transfer_spec_vs_a6,mae,394,-0.43676678046232764,1
transfer_spec_vs_a6,mae,395,-0.43684682948092135,1
transfer_spec_vs_a6,mae,396,-0.4392696693451703,1
transfer_spec_vs_a6,mae,397,-0.43777465956635675,1
transfer_spec_vs_a6,mae,398,-0.4399771514071227,1
transfer_spec_vs_a6,mae,399,-0.4403008542206721,1
transfer_spec_vs_a6,mae,400,-0.44244688589588854,1
transfer_spec_vs_a6,mae,401,-0.4422333167025694,1
transfer_spec_vs_a6,mae,402,-0.44232051428950037,1
transfer_spec_vs_a6,mae,403,-0.4427604607716096,1
transfer_spec_vs_a6,mae,404,-0.4442532101925556,1
transfer_spec_vs_a6,mae,405,-0.44313358212795695,1
transfer_spec_vs_a6,mae,406,-0.44321095535146515,1
transfer_spec_vs_a6,mae,407,-0.44565355223912473,1
transfer_spec_vs_a6,mae,408,-0.44440328791463646,1
transfer_spec_vs_a6,mae,409,-0.4414117464408718,1
transfer_spec_vs_a6,mae,410,-0.4388172026928072,1
transfer_spec_vs_a6,mae,411,-0.4395190213802458,1
transfer_spec_vs_a6,mae,412,-0.4382266491087927,1
transfer_spec_vs_a6,mae,413,-0.43966628525804907,1
transfer_spec_vs_a6,mae,414,-0.4375569890606523,1
transfer_spec_vs_a6,mae,415,-0.43261996524365465,1
transfer_spec_vs_a6,mae,416,-0.43073946780452843,1
transfer_spec_vs_a6,mae,417,-0.4290935405983354,1
transfer_spec_vs_a6,mae,418,-0.43053579781524354,1
transfer_spec_vs_a6,mae,419,-0.4330858785940639,1
transfer_spec_vs_a6,mae,420,-0.43468466535440786,1
transfer_spec_vs_a6,mae,421,-0.4341561353410839,1
transfer_spec_vs_a6,mae,422,-0.4383646841908795,1
transfer_spec_vs_a6,mae,423,-0.44021713138827634,1
transfer_spec_vs_a6,mae,424,-0.4410664594833924,1
transfer_spec_vs_a6,mae,425,-0.4419654369650816,1
transfer_spec_vs_a6,mae,426,-0.4440979627236552,1
transfer_spec_vs_a6,mae,427,-0.44489102965073357,1
transfer_spec_vs_a6,mae,428,-0.4461767744433298,1
transfer_spec_vs_a6,mae,429,-0.44722185420446703,1
transfer_spec_vs_a6,mae,430,-0.4496781068874345,1
transfer_spec_vs_a6,mae,431,-0.4487459423949458,1
transfer_spec_vs_a6,mae,432,-0.4489893606304385,1
transfer_spec_vs_a6,mae,433,-0.44532706292603086,1
transfer_spec_vs_a6,mae,434,-0.4436806575838603,1
transfer_spec_vs_a6,mae,435,-0.4433388480628686,1
transfer_spec_vs_a6,mae,436,-0.4440653231886338,1
transfer_spec_vs_a6,mae,437,-0.4432663341406773,1
transfer_spec_vs_a6,mae,438,-0.44096765662423154,1
transfer_spec_vs_a6,mae,439,-0.4391546935256141,1
transfer_spec_vs_a6,mae,440,-0.43734650132627007,1
transfer_spec_vs_a6,mae,441,-0.4380126565877318,1
transfer_spec_vs_a6,mae,442,-0.4381575841704666,1
transfer_spec_vs_a6,mae,443,-0.43596796496745194,1
transfer_spec_vs_a6,mae,444,-0.4360572462435264,1
transfer_spec_vs_a6,mae,445,-0.4364046080176265,1
transfer_spec_vs_a6,mae,446,-0.43665623941553156,1
transfer_spec_vs_a6,mae,447,-0.4375057546959771,1
transfer_spec_vs_a6,mae,448,-0.43616961803006893,1
transfer_spec_vs_a6,mae,449,-0.43902815338032086,1
transfer_spec_vs_a6,mae,450,-0.4378998866363193,1
transfer_spec_vs_a6,mae,451,-0.43881533023766517,1
transfer_spec_vs_a6,mae,452,-0.4387060789946795,1
transfer_spec_vs_a6,mae,453,-0.4422557497247914,1
transfer_spec_vs_a6,mae,454,-0.44167166799569335,1
transfer_spec_vs_a6,mae,455,-0.44161699179531944,1
transfer_spec_vs_a6,mae,456,-0.44067826572260493,1
transfer_spec_vs_a6,mae,457,-0.4415806668190414,1
transfer_spec_vs_a6,mae,458,-0.4401484643108611,1
transfer_spec_vs_a6,mae,459,-0.43769214840134296,1
transfer_spec_vs_a6,mae,460,-0.4354131185012111,1
transfer_spec_vs_a6,mae,461,-0.4343746604396359,1
transfer_spec_vs_a6,mae,462,-0.4303968259277169,1
transfer_spec_vs_a6,mae,463,-0.42820392260265683,1
transfer_spec_vs_a6,mae,464,-0.425141526594226,1
transfer_spec_vs_a6,mae,465,-0.4255498199270513,1
transfer_spec_vs_a6,mae,466,-0.42346372791388864,1
transfer_spec_vs_a6,mae,467,-0.4244871463916122,1
transfer_spec_vs_a6,mae,468,-0.4254233499590998,1
transfer_spec_vs_a6,mae,469,-0.4266947137597654,1
transfer_spec_vs_a6,mae,470,-0.4261999911549319,1
transfer_spec_vs_a6,mae,471,-0.4258045767571428,1
transfer_spec_vs_a6,mae,472,-0.4253839414873428,1
transfer_spec_vs_a6,mae,473,-0.42706037234159444,1
transfer_spec_vs_a6,mae,474,-0.42600540205974147,1
transfer_spec_vs_a6,mae,475,-0.42487883809942284,1
transfer_spec_vs_a6,mae,476,-0.4249715194480008,1
transfer_spec_vs_a6,mae,477,-0.42492928790885953,1
transfer_spec_vs_a6,mae,478,-0.42605269155110426,1
transfer_spec_vs_a6,mae,479,-0.4286264980152099,1
transfer_spec_vs_a6,mae,480,-0.43027215570273336,1
transfer_spec_vs_a6,mae,481,-0.4301613378232694,1
transfer_spec_vs_a6,mae,482,-0.430908232960745,1
transfer_spec_vs_a6,mae,483,-0.4299333278622264,1
transfer_spec_vs_a6,mae,484,-0.43048384521978234,1
transfer_spec_vs_a6,mae,485,-0.42841655687981595,1
transfer_spec_vs_a6,mae,486,-0.4270723138644139,1
transfer_spec_vs_a6,mae,487,-0.4256829898235881,1
transfer_spec_vs_a6,mae,488,-0.42510809470156286,1
transfer_spec_vs_a6,mae,489,-0.4258705275465746,1
transfer_spec_vs_a6,mae,490,-0.4246414038331192,1
transfer_spec_vs_a6,mae,491,-0.4271768763994821,1
transfer_spec_vs_a6,mae,492,-0.4269841779277006,1
transfer_spec_vs_a6,mae,493,-0.4267092935588779,1
transfer_spec_vs_a6,mae,494,-0.42631211568868954,1
transfer_spec_vs_a6,mae,495,-0.42725452608466385,1
transfer_spec_vs_a6,mae,496,-0.42956603620645906,1
transfer_spec_vs_a6,mae,497,-0.4296692001341196,1
transfer_spec_vs_a6,mae,498,-0.430369619861779,1
transfer_spec_vs_a6,mae,499,-0.43289698330297277,1
transfer_spec_vs_a6,mae,500,-0.43277502625485464,1
transfer_spec_vs_a6,mae,501,-0.43256681548794695,1
transfer_spec_vs_a6,mae,502,-0.4342628566929241,1
transfer_spec_vs_a6,mae,503,-0.43564491083253554,1
transfer_spec_vs_a6,mae,504,-0.4361621939005955,1
transfer_spec_vs_a6,mae,505,-0.43510009022712737,1
transfer_spec_vs_a6,mae,506,-0.43321915890848217,1
transfer_spec_vs_a6,mae,507,-0.43373899026793117,1
transfer_spec_vs_a6,mae,508,-0.4320577321617902,1
transfer_spec_vs_a6,mae,509,-0.43000838242287953,1
transfer_spec_vs_a6,mae,510,-0.4296893186732986,1
transfer_spec_vs_a6,mae,511,-0.42989166667299905,1
transfer_spec_vs_a6,mae,512,-0.4307798858467793,1
transfer_spec_vs_a6,mae,513,-0.4314596257243464,1
transfer_spec_vs_a6,mae,514,-0.431395284421201,1
transfer_spec_vs_a6,mae,515,-0.43370740568472677,1
transfer_spec_vs_a6,mae,516,-0.43402958401465463,1
transfer_spec_vs_a6,mae,517,-0.43799300498539084,1
transfer_spec_vs_a6,mae,518,-0.43845092766559457,1
transfer_spec_vs_a6,mae,519,-0.43802048416102357,1
transfer_spec_vs_a6,mae,520,-0.438961023663611,1
transfer_spec_vs_a6,mae,521,-0.43939355525460133,1
transfer_spec_vs_a6,mae,522,-0.438890140590924,1
transfer_spec_vs_a6,mae,523,-0.4409194665604321,1
transfer_spec_vs_a6,mae,524,-0.44266291920980194,1
transfer_spec_vs_a6,mae,525,-0.44318920972980846,1
transfer_spec_vs_a6,mae,526,-0.4418787092180487,1
transfer_spec_vs_a6,mae,527,-0.44213440052631725,1
transfer_spec_vs_a6,mae,528,-0.4425349971053416,1
transfer_spec_vs_a6,mae,529,-0.44064325651426595,1
transfer_spec_vs_a6,mae,530,-0.43901868827592505,1
transfer_spec_vs_a6,mae,531,-0.4389427221576825,1
transfer_spec_vs_a6,mae,532,-0.43742515578125696,1
transfer_spec_vs_a6,mae,533,-0.43635471921999347,1
transfer_spec_vs_a6,mae,534,-0.4374610273352797,1
transfer_spec_vs_a6,mae,535,-0.43539976471796527,1
transfer_spec_vs_a6,mae,536,-0.43521816363028876,1
transfer_spec_vs_a6,mae,537,-0.43577330669044567,1
transfer_spec_vs_a6,mae,538,-0.4368370760183149,1
transfer_spec_vs_a6,mae,539,-0.4382817148131579,1
transfer_spec_vs_a6,mae,540,-0.438768452230458,1
transfer_spec_vs_a6,mae,541,-0.4386666786276372,1
transfer_spec_vs_a6,mae,542,-0.43848135880543815,1
transfer_spec_vs_a6,mae,543,-0.44037275484073213,1
transfer_spec_vs_a6,mae,544,-0.4414248668001908,1
transfer_spec_vs_a6,mae,545,-0.44375547728083165,1
transfer_spec_vs_a6,mae,546,-0.44692054449219976,1
transfer_spec_vs_a6,mae,547,-0.44895562363593156,1
transfer_spec_vs_a6,mae,548,-0.4495142351187509,1
transfer_spec_vs_a6,mae,549,-0.4517127668711751,1
transfer_spec_vs_a6,mae,550,-0.45353973249481205,1
transfer_spec_vs_a6,mae,551,-0.4541818300782152,1
transfer_spec_vs_a6,mae,552,-0.45276138156321144,1
transfer_spec_vs_a6,mae,553,-0.45159317472090565,1
transfer_spec_vs_a6,mae,554,-0.4516683593445703,1
transfer_spec_vs_a6,mae,555,-0.45162134712231516,1
transfer_spec_vs_a6,mae,556,-0.45035900213115987,1
transfer_spec_vs_a6,mae,557,-0.4471469988793242,1
transfer_spec_vs_a6,mae,558,-0.4460427870704753,1
transfer_spec_vs_a6,mae,559,-0.445998517037256,1
transfer_spec_vs_a6,mae,560,-0.4452395627930694,1
transfer_spec_vs_a6,mae,561,-0.44546779961438077,1
transfer_spec_vs_a6,mae,562,-0.44714603680070963,1
transfer_spec_vs_a6,mae,563,-0.4503955293519968,1
transfer_spec_vs_a6,mae,564,-0.4505571859007884,1
transfer_spec_vs_a6,mae,565,-0.45122807691293065,1
transfer_spec_vs_a6,mae,566,-0.45150273495456084,1
transfer_spec_vs_a6,mae,567,-0.4551634697785323,1
transfer_spec_vs_a6,mae,568,-0.45646320334521207,0
transfer_spec_vs_a6,mae,569,-0.45756400640076134,0
transfer_spec_vs_a6,mae,570,-0.45936600876158806,0
transfer_spec_vs_a6,mae,571,-0.46157865658372543,0
transfer_spec_vs_a6,mae,572,-0.463712301272321,0
transfer_spec_vs_a6,mae,573,-0.4656852268349443,0
transfer_spec_vs_a6,mae,574,-0.467112289983147,0
transfer_spec_vs_a6,mae,575,-0.470550261070275,0
transfer_spec_vs_a6,mae,576,-0.4704045614191221,0
transfer_spec_vs_a6,mae,577,-0.4689619387264088,0
transfer_spec_vs_a6,mae,578,-0.4676815966007464,0
transfer_spec_vs_a6,mae,579,-0.46807999899949326,0
transfer_spec_vs_a6,mae,580,-0.4676297118965822,0
transfer_spec_vs_a6,mae,581,-0.4659265801673085,0
transfer_spec_vs_a6,mae,582,-0.4658263268051188,0
transfer_spec_vs_a6,mae,583,-0.46397088040310397,0
transfer_spec_vs_a6,mae,584,-0.4646752363831608,0
transfer_spec_vs_a6,mae,585,-0.46598068313421503,0
transfer_spec_vs_a6,mae,586,-0.4662760669148458,0
transfer_spec_vs_a6,mae,587,-0.4654740254099021,0
transfer_spec_vs_a6,mae,588,-0.46453012336956867,0
transfer_spec_vs_a6,mae,589,-0.465404412274224,0
transfer_spec_vs_a6,mae,590,-0.465820241755015,0
transfer_spec_vs_a6,mae,591,-0.46637111698014877,0
transfer_spec_vs_a6,mae,592,-0.466011544677678,0
transfer_spec_vs_a6,mae,593,-0.46565876122175,0
transfer_spec_vs_a6,mae,594,-0.46593747694036125,0
transfer_spec_vs_a6,mae,595,-0.46765149757387103,0
transfer_spec_vs_a6,mae,596,-0.4686535310708173,0
transfer_spec_vs_a6,mae,597,-0.46918195773298255,0
transfer_spec_vs_a6,mae,598,-0.47029726747242595,0
transfer_spec_vs_a6,mae,599,-0.4712992768732738,0
transfer_spec_vs_a6,mae,600,-0.4698479524353383,0
transfer_spec_vs_a6,mae,601,-0.46894529529455387,0
transfer_spec_vs_a6,mae,602,-0.46785108782171125,0
transfer_spec_vs_a6,mae,603,-0.46763012784327707,0
transfer_spec_vs_a6,mae,604,-0.46599359293694853,0
transfer_spec_vs_a6,mae,605,-0.46634147783650715,0
transfer_spec_vs_a6,mae,606,-0.4646287685372741,0
transfer_spec_vs_a6,mae,607,-0.46503830767627985,0
transfer_spec_vs_a6,mae,608,-0.4644323266645811,0
transfer_spec_vs_a6,mae,609,-0.46352209587058546,0
transfer_spec_vs_a6,mae,610,-0.46328092280228717,0
transfer_spec_vs_a6,mae,611,-0.4651849684227205,0
transfer_spec_vs_a6,mae,612,-0.4647690479893196,0
transfer_spec_vs_a6,mae,613,-0.46493455314068566,0
transfer_spec_vs_a6,mae,614,-0.4654277437499532,0
transfer_spec_vs_a6,mae,615,-0.4648992955092668,0
transfer_spec_vs_a6,mae,616,-0.46548049317863605,0
transfer_spec_vs_a6,mae,617,-0.46702448988860557,0
transfer_spec_vs_a6,mae,618,-0.46764209645513866,0
transfer_spec_vs_a6,mae,619,-0.4682063599042907,0
transfer_spec_vs_a6,mae,620,-0.46998013679445894,0
transfer_spec_vs_a6,mae,621,-0.47139304673755156,0
transfer_spec_vs_a6,mae,622,-0.4726097880823632,0
transfer_spec_vs_a6,mae,623,-0.4732726130271603,0
transfer_spec_vs_a6,mae,624,-0.47367996229617404,0
transfer_spec_vs_a6,mae,625,-0.47310849800819454,0
transfer_spec_vs_a6,mae,626,-0.47504393222905783,0
transfer_spec_vs_a6,mae,627,-0.4726598840032148,0
transfer_spec_vs_a6,mae,628,-0.4707189065192674,0
transfer_spec_vs_a6,mae,629,-0.46992848395082554,0
transfer_spec_vs_a6,mae,630,-0.46942296345645396,0
transfer_spec_vs_a6,mae,631,-0.46978391122014074,0
transfer_spec_vs_a6,mae,632,-0.4687386020854678,0
transfer_spec_vs_a6,mae,633,-0.46696690921248063,0
transfer_spec_vs_a6,mae,634,-0.4682388742660448,0
transfer_spec_vs_a6,mae,635,-0.46753674034793136,0
transfer_spec_vs_a6,mae,636,-0.46867130118902534,0
transfer_spec_vs_a6,mae,637,-0.46955827921913773,0
transfer_spec_vs_a6,mae,638,-0.46974356217052815,0
transfer_spec_vs_a6,mae,639,-0.4702038625595151,0
transfer_spec_vs_a6,mae,640,-0.4724310404343468,0
transfer_spec_vs_a6,mae,641,-0.47291900381075447,0
transfer_spec_vs_a6,mae,642,-0.473644259521282,0
transfer_spec_vs_a6,mae,643,-0.47517228191647387,0
transfer_spec_vs_a6,mae,644,-0.4793071729899401,0
transfer_spec_vs_a6,mae,645,-0.481760835455991,0
transfer_spec_vs_a6,mae,646,-0.48228961953675764,0
transfer_spec_vs_a6,mae,647,-0.4821369139887244,0
transfer_spec_vs_a6,mae,648,-0.48235350188396087,0
transfer_spec_vs_a6,mae,649,-0.4832945817560086,0
transfer_spec_vs_a6,mae,650,-0.4849647874366303,0
transfer_spec_vs_a6,mae,651,-0.4850090570210863,0
transfer_spec_vs_a6,mae,652,-0.4842200124251539,0
transfer_spec_vs_a6,mae,653,-0.4826517242322126,0
transfer_spec_vs_a6,mae,654,-0.4807444831280483,0
transfer_spec_vs_a6,mae,655,-0.4815791238289169,0
transfer_spec_vs_a6,mae,656,-0.48054868590133193,0
transfer_spec_vs_a6,mae,657,-0.48097835963728297,0
transfer_spec_vs_a6,mae,658,-0.4805959801325299,0
transfer_spec_vs_a6,mae,659,-0.48076687837387055,0
transfer_spec_vs_a6,mae,660,-0.482563307717192,0
transfer_spec_vs_a6,mae,661,-0.48152761926413934,0
transfer_spec_vs_a6,mae,662,-0.4814966287311373,0
transfer_spec_vs_a6,mae,663,-0.4836452418939752,0
transfer_spec_vs_a6,mae,664,-0.4842893513490498,0
transfer_spec_vs_a6,mae,665,-0.48473395857861146,0
transfer_spec_vs_a6,mae,666,-0.484736584725316,0
transfer_spec_vs_a6,mae,667,-0.4862122385349599,0
transfer_spec_vs_a6,mae,668,-0.4866270350986168,0
transfer_spec_vs_a6,mae,669,-0.48680316560453907,0
transfer_spec_vs_a6,mae,670,-0.48798616411071194,0
transfer_spec_vs_a6,mae,671,-0.4877317533014436,0
transfer_spec_vs_a6,mae,672,-0.4874785041695828,0
transfer_spec_vs_a6,mae,673,-0.4883248821034103,0
transfer_spec_vs_a6,mae,674,-0.48770220648574725,0
transfer_spec_vs_a6,mae,675,-0.4864803108490845,0
transfer_spec_vs_a6,mae,676,-0.48525739758378705,0
transfer_spec_vs_a6,mae,677,-0.48311631036968006,0
transfer_spec_vs_a6,mae,678,-0.4819144983400703,0
transfer_spec_vs_a6,mae,679,-0.4802512792082858,0
transfer_spec_vs_a6,mae,680,-0.4789332159198523,0
transfer_spec_vs_a6,mae,681,-0.4789637841246064,0
transfer_spec_vs_a6,mae,682,-0.4776724634139562,0
transfer_spec_vs_a6,mae,683,-0.4772866239963669,0
transfer_spec_vs_a6,mae,684,-0.4762679256192204,0
transfer_spec_vs_a6,mae,685,-0.47673853225564944,0
transfer_spec_vs_a6,mae,686,-0.4781309250235388,0
transfer_spec_vs_a6,mae,687,-0.4760805318798189,0
transfer_spec_vs_a6,mae,688,-0.4754458721778132,0
transfer_spec_vs_a6,mae,689,-0.47485007337524365,0
transfer_spec_vs_a6,mae,690,-0.4746487704233626,0
transfer_spec_vs_a6,mae,691,-0.47527238426257057,0
transfer_spec_vs_a6,mae,692,-0.47540938862251636,0
transfer_spec_vs_a6,mae,693,-0.4749705043430419,0
transfer_spec_vs_a6,mae,694,-0.47551125272158323,0
transfer_spec_vs_a6,mae,695,-0.4775144672504217,0
transfer_spec_vs_a6,mae,696,-0.4761963356065202,0
transfer_spec_vs_a6,mae,697,-0.4777260910698278,0
transfer_spec_vs_a6,mae,698,-0.47823142743642855,0
transfer_spec_vs_a6,mae,699,-0.47734707663758424,0
transfer_spec_vs_a6,mae,700,-0.4768953083611027,0
transfer_spec_vs_a6,mae,701,-0.47710708264220525,0
transfer_spec_vs_a6,mae,702,-0.4763064681648199,0
transfer_spec_vs_a6,mae,703,-0.47661685830580947,0
transfer_spec_vs_a6,mae,704,-0.47667300602366236,0
transfer_spec_vs_a6,mae,705,-0.476923265878999,0
transfer_spec_vs_a6,mae,706,-0.4769780527102174,0
transfer_spec_vs_a6,mae,707,-0.47767228953313534,0
transfer_spec_vs_a6,mae,708,-0.47774999403274343,0
transfer_spec_vs_a6,mae,709,-0.47805044169562105,0
transfer_spec_vs_a6,mae,710,-0.4785561296285623,0
transfer_spec_vs_a6,mae,711,-0.48042600169381,0
transfer_spec_vs_a6,mae,712,-0.48120210338761904,0
transfer_spec_vs_a6,mae,713,-0.48252761623603924,0
transfer_spec_vs_a6,mae,714,-0.48383361956397586,0
transfer_spec_vs_a6,mae,715,-0.4854823966869093,0
transfer_spec_vs_a6,mae,716,-0.4867448206158098,0
transfer_spec_vs_a6,mae,717,-0.4872198318390275,0
transfer_spec_vs_a6,mae,718,-0.4883602322301295,0
transfer_spec_vs_a6,mae,719,-0.4900168964401441,0
transfer_spec_vs_a6,mae,720,-0.49051239713705286,0
specificity_spec_vs_random,mse,1,4.907756535718182,4
specificity_spec_vs_random,mse,2,3.605119299163566,4
specificity_spec_vs_random,mse,3,2.928969448981953,4
specificity_spec_vs_random,mse,4,2.7771759638092575,4
specificity_spec_vs_random,mse,5,2.4353114307513857,4
specificity_spec_vs_random,mse,6,2.077952545901165,3
specificity_spec_vs_random,mse,7,1.9046251439794482,3
specificity_spec_vs_random,mse,8,1.7202239075350279,3
specificity_spec_vs_random,mse,9,1.485316024601866,3
specificity_spec_vs_random,mse,10,1.3994685434138754,3
specificity_spec_vs_random,mse,11,1.2696140017927893,3
specificity_spec_vs_random,mse,12,1.1287412402900632,3
specificity_spec_vs_random,mse,13,1.0646119839829082,3
specificity_spec_vs_random,mse,14,0.9642816357793471,3
specificity_spec_vs_random,mse,15,0.9084313988439163,3
specificity_spec_vs_random,mse,16,0.8242703340034563,3
specificity_spec_vs_random,mse,17,0.7521561676672928,3
specificity_spec_vs_random,mse,18,0.7150446893788254,3
specificity_spec_vs_random,mse,19,0.6883127138097977,3
specificity_spec_vs_random,mse,20,0.6439428248759915,3
specificity_spec_vs_random,mse,21,0.6087962690623305,3
specificity_spec_vs_random,mse,22,0.5674625448265358,3
specificity_spec_vs_random,mse,23,0.560631311645241,3
specificity_spec_vs_random,mse,24,0.5543152898471915,3
specificity_spec_vs_random,mse,25,0.5511633922833403,4
specificity_spec_vs_random,mse,26,0.526334979176839,4
specificity_spec_vs_random,mse,27,0.5148915496557671,4
specificity_spec_vs_random,mse,28,0.505917598083041,4
specificity_spec_vs_random,mse,29,0.49611840129245355,4
specificity_spec_vs_random,mse,30,0.49548738391884006,4
specificity_spec_vs_random,mse,31,0.47813581403981953,4
specificity_spec_vs_random,mse,32,0.4750995118180956,4
specificity_spec_vs_random,mse,33,0.468597899680927,4
specificity_spec_vs_random,mse,34,0.4530883901768168,4
specificity_spec_vs_random,mse,35,0.45137883988849437,4
specificity_spec_vs_random,mse,36,0.4518410490105196,4
specificity_spec_vs_random,mse,37,0.44903693955872237,4
specificity_spec_vs_random,mse,38,0.44640214301555403,4
specificity_spec_vs_random,mse,39,0.439867908821423,4
specificity_spec_vs_random,mse,40,0.4337908037768057,4
specificity_spec_vs_random,mse,41,0.42911638221430737,4
specificity_spec_vs_random,mse,42,0.4244627578449922,4
specificity_spec_vs_random,mse,43,0.40737393296527813,4
specificity_spec_vs_random,mse,44,0.4003094189151035,4
specificity_spec_vs_random,mse,45,0.3924296663381166,4
specificity_spec_vs_random,mse,46,0.38219797526284793,4
specificity_spec_vs_random,mse,47,0.3686753739876081,4
specificity_spec_vs_random,mse,48,0.3570269366647416,4
specificity_spec_vs_random,mse,49,0.34249755809227844,4
specificity_spec_vs_random,mse,50,0.33516940408903073,4
specificity_spec_vs_random,mse,51,0.3307217359486314,4
specificity_spec_vs_random,mse,52,0.32564844707873686,4
specificity_spec_vs_random,mse,53,0.31781838304896004,4
specificity_spec_vs_random,mse,54,0.3175705349388047,4
specificity_spec_vs_random,mse,55,0.31513939626161225,4
specificity_spec_vs_random,mse,56,0.3067953274229107,4
specificity_spec_vs_random,mse,57,0.30580638526159554,4
specificity_spec_vs_random,mse,58,0.3121797480556765,4
specificity_spec_vs_random,mse,59,0.30762332693118566,4
specificity_spec_vs_random,mse,60,0.3110687827785741,4
specificity_spec_vs_random,mse,61,0.3069438796134194,4
specificity_spec_vs_random,mse,62,0.30148017809553007,4
specificity_spec_vs_random,mse,63,0.29854451306182694,4
specificity_spec_vs_random,mse,64,0.29771424544299707,4
specificity_spec_vs_random,mse,65,0.29175550939487094,4
specificity_spec_vs_random,mse,66,0.286469834617018,4
specificity_spec_vs_random,mse,67,0.2849849083333189,4
specificity_spec_vs_random,mse,68,0.28558134636024857,4
specificity_spec_vs_random,mse,69,0.28470890600081455,4
specificity_spec_vs_random,mse,70,0.28186199979603366,4
specificity_spec_vs_random,mse,71,0.2803888086042927,4
specificity_spec_vs_random,mse,72,0.282351479430345,4
specificity_spec_vs_random,mse,73,0.2789397415099337,4
specificity_spec_vs_random,mse,74,0.27685898659092434,4
specificity_spec_vs_random,mse,75,0.2773177973164409,4
specificity_spec_vs_random,mse,76,0.277624308022415,4
specificity_spec_vs_random,mse,77,0.27940709724296076,4
specificity_spec_vs_random,mse,78,0.27536587574900295,4
specificity_spec_vs_random,mse,79,0.27125165710608856,4
specificity_spec_vs_random,mse,80,0.26830989967253416,4
specificity_spec_vs_random,mse,81,0.2668556873140715,4
specificity_spec_vs_random,mse,82,0.2663779954639245,4
specificity_spec_vs_random,mse,83,0.2631020189742106,4
specificity_spec_vs_random,mse,84,0.25817075763193253,4
specificity_spec_vs_random,mse,85,0.258197388747059,4
specificity_spec_vs_random,mse,86,0.25535089549962864,4
specificity_spec_vs_random,mse,87,0.2538696149153141,4
specificity_spec_vs_random,mse,88,0.25358728110153494,4
specificity_spec_vs_random,mse,89,0.25659194937967866,4
specificity_spec_vs_random,mse,90,0.25709559656409864,4
specificity_spec_vs_random,mse,91,0.2595335617310779,4
specificity_spec_vs_random,mse,92,0.25789332317178726,4
specificity_spec_vs_random,mse,93,0.2560142194577453,4
specificity_spec_vs_random,mse,94,0.2627381335135892,4
specificity_spec_vs_random,mse,95,0.26364997552961844,4
specificity_spec_vs_random,mse,96,0.2657248163627557,4
specificity_spec_vs_random,mse,97,0.26557639346250106,4
specificity_spec_vs_random,mse,98,0.2654056219503764,4
specificity_spec_vs_random,mse,99,0.2646455977533213,4
specificity_spec_vs_random,mse,100,0.26619713475021456,4
specificity_spec_vs_random,mse,101,0.26364324432013975,4
specificity_spec_vs_random,mse,102,0.26463007779043757,4
specificity_spec_vs_random,mse,103,0.2649940205621393,4
specificity_spec_vs_random,mse,104,0.2613970657807574,4
specificity_spec_vs_random,mse,105,0.2607654719930208,4
specificity_spec_vs_random,mse,106,0.26265594335997733,4
specificity_spec_vs_random,mse,107,0.2684409776699104,4
specificity_spec_vs_random,mse,108,0.269467252637392,4
specificity_spec_vs_random,mse,109,0.26984136185260965,4
specificity_spec_vs_random,mse,110,0.2709557376095484,4
specificity_spec_vs_random,mse,111,0.27261658311398707,4
specificity_spec_vs_random,mse,112,0.27261162975825926,4
specificity_spec_vs_random,mse,113,0.27245981079124126,4
specificity_spec_vs_random,mse,114,0.2696414728821095,4
specificity_spec_vs_random,mse,115,0.26740348900769817,4
specificity_spec_vs_random,mse,116,0.2684063824655425,4
specificity_spec_vs_random,mse,117,0.2721673978144934,4
specificity_spec_vs_random,mse,118,0.2716722229657509,4
specificity_spec_vs_random,mse,119,0.2706214793582373,4
specificity_spec_vs_random,mse,120,0.269735081895055,4
specificity_spec_vs_random,mse,121,0.27231464812343287,4
specificity_spec_vs_random,mse,122,0.2742960232371483,4
specificity_spec_vs_random,mse,123,0.27340745360010077,4
specificity_spec_vs_random,mse,124,0.2746689918114198,4
specificity_spec_vs_random,mse,125,0.279035012187947,4
specificity_spec_vs_random,mse,126,0.28015276824274515,4
specificity_spec_vs_random,mse,127,0.2827185296860013,4
specificity_spec_vs_random,mse,128,0.2811117298847088,4
specificity_spec_vs_random,mse,129,0.2823436740636476,4
specificity_spec_vs_random,mse,130,0.28518877536405585,4
specificity_spec_vs_random,mse,131,0.28816951838602334,4
specificity_spec_vs_random,mse,132,0.2902747338980616,4
specificity_spec_vs_random,mse,133,0.29096367920269595,4
specificity_spec_vs_random,mse,134,0.29122917285843153,4
specificity_spec_vs_random,mse,135,0.2921231898706189,4
specificity_spec_vs_random,mse,136,0.29272902418925995,4
specificity_spec_vs_random,mse,137,0.2927581898055065,4
specificity_spec_vs_random,mse,138,0.293274323569912,4
specificity_spec_vs_random,mse,139,0.29267172764049665,4
specificity_spec_vs_random,mse,140,0.2906923066996736,4
specificity_spec_vs_random,mse,141,0.2865113474452974,4
specificity_spec_vs_random,mse,142,0.28725690955157424,4
specificity_spec_vs_random,mse,143,0.2853087056374881,4
specificity_spec_vs_random,mse,144,0.2874763332781294,4
specificity_spec_vs_random,mse,145,0.2864309622375627,4
specificity_spec_vs_random,mse,146,0.2870729190886667,4
specificity_spec_vs_random,mse,147,0.28682821324450103,4
specificity_spec_vs_random,mse,148,0.28566964066311984,4
specificity_spec_vs_random,mse,149,0.2864993242009328,4
specificity_spec_vs_random,mse,150,0.2867871828093116,4
specificity_spec_vs_random,mse,151,0.2863470879426311,4
specificity_spec_vs_random,mse,152,0.2857571835423456,4
specificity_spec_vs_random,mse,153,0.2847967857645628,4
specificity_spec_vs_random,mse,154,0.2847516998362387,4
specificity_spec_vs_random,mse,155,0.2839992743686537,4
specificity_spec_vs_random,mse,156,0.2847912561270416,4
specificity_spec_vs_random,mse,157,0.28448267393346605,4
specificity_spec_vs_random,mse,158,0.28434728555267075,4
specificity_spec_vs_random,mse,159,0.285203662243263,4
specificity_spec_vs_random,mse,160,0.28384896565807116,4
specificity_spec_vs_random,mse,161,0.2846140316062429,4
specificity_spec_vs_random,mse,162,0.28230757153040464,4
specificity_spec_vs_random,mse,163,0.2819432237919406,4
specificity_spec_vs_random,mse,164,0.2815176721744961,4
specificity_spec_vs_random,mse,165,0.2788386274535726,4
specificity_spec_vs_random,mse,166,0.2764058920590351,4
specificity_spec_vs_random,mse,167,0.2764155802611912,4
specificity_spec_vs_random,mse,168,0.2766054351104219,4
specificity_spec_vs_random,mse,169,0.275235708160515,4
specificity_spec_vs_random,mse,170,0.2741016301131327,4
specificity_spec_vs_random,mse,171,0.27478756904297796,4
specificity_spec_vs_random,mse,172,0.27622656960989644,4
specificity_spec_vs_random,mse,173,0.2760230855895007,4
specificity_spec_vs_random,mse,174,0.27511516090732213,4
specificity_spec_vs_random,mse,175,0.27522161939642853,4
specificity_spec_vs_random,mse,176,0.27317214256968647,4
specificity_spec_vs_random,mse,177,0.2742154316201195,4
specificity_spec_vs_random,mse,178,0.27316127892043296,4
specificity_spec_vs_random,mse,179,0.2707254647312962,4
specificity_spec_vs_random,mse,180,0.26629743970162156,4
specificity_spec_vs_random,mse,181,0.26721646376142827,4
specificity_spec_vs_random,mse,182,0.26688576572218903,4
specificity_spec_vs_random,mse,183,0.2627947093065197,4
specificity_spec_vs_random,mse,184,0.26184673739642506,4
specificity_spec_vs_random,mse,185,0.2603136659645422,4
specificity_spec_vs_random,mse,186,0.25815803560980344,4
specificity_spec_vs_random,mse,187,0.2560946281901022,4
specificity_spec_vs_random,mse,188,0.2570093561182496,4
specificity_spec_vs_random,mse,189,0.2556299835737219,4
specificity_spec_vs_random,mse,190,0.25508331546998386,4
specificity_spec_vs_random,mse,191,0.25427696081035345,4
specificity_spec_vs_random,mse,192,0.2538558927967771,4
specificity_spec_vs_random,mse,193,0.25097563254097066,4
specificity_spec_vs_random,mse,194,0.24933949985200154,4
specificity_spec_vs_random,mse,195,0.24740520428290225,4
specificity_spec_vs_random,mse,196,0.24832075117773522,4
specificity_spec_vs_random,mse,197,0.24644117920854303,4
specificity_spec_vs_random,mse,198,0.2443630854514378,4
specificity_spec_vs_random,mse,199,0.24221910626767817,4
specificity_spec_vs_random,mse,200,0.23882134431626012,4
specificity_spec_vs_random,mse,201,0.2387252925874228,4
specificity_spec_vs_random,mse,202,0.23674310929131082,4
specificity_spec_vs_random,mse,203,0.2380314684823559,4
specificity_spec_vs_random,mse,204,0.23908573041142578,4
specificity_spec_vs_random,mse,205,0.23825556647670165,4
specificity_spec_vs_random,mse,206,0.23839825378826118,4
specificity_spec_vs_random,mse,207,0.2366898095519976,4
specificity_spec_vs_random,mse,208,0.23413248289472666,4
specificity_spec_vs_random,mse,209,0.23231407044632224,4
specificity_spec_vs_random,mse,210,0.2328113801323739,4
specificity_spec_vs_random,mse,211,0.23027708749999043,4
specificity_spec_vs_random,mse,212,0.22581484441558608,4
specificity_spec_vs_random,mse,213,0.2269521547478348,4
specificity_spec_vs_random,mse,214,0.22454979348468296,4
specificity_spec_vs_random,mse,215,0.2230788268834072,4
specificity_spec_vs_random,mse,216,0.2211976932259696,4
specificity_spec_vs_random,mse,217,0.21827463615941456,4
specificity_spec_vs_random,mse,218,0.21684920603961322,4
specificity_spec_vs_random,mse,219,0.21534742879012247,4
specificity_spec_vs_random,mse,220,0.2130354384110622,4
specificity_spec_vs_random,mse,221,0.21088078843506608,4
specificity_spec_vs_random,mse,222,0.2111801199495944,4
specificity_spec_vs_random,mse,223,0.20871553328090764,4
specificity_spec_vs_random,mse,224,0.2063228041692522,4
specificity_spec_vs_random,mse,225,0.20462659910917003,4
specificity_spec_vs_random,mse,226,0.20284895645065415,4
specificity_spec_vs_random,mse,227,0.20180966080383778,4
specificity_spec_vs_random,mse,228,0.19873185266884752,4
specificity_spec_vs_random,mse,229,0.19656423977593374,4
specificity_spec_vs_random,mse,230,0.19759423753267003,4
specificity_spec_vs_random,mse,231,0.19684321729785736,4
specificity_spec_vs_random,mse,232,0.19522693306565309,4
specificity_spec_vs_random,mse,233,0.1934350137963725,4
specificity_spec_vs_random,mse,234,0.19118777778958762,4
specificity_spec_vs_random,mse,235,0.1899745496558758,4
specificity_spec_vs_random,mse,236,0.18626910808081654,4
specificity_spec_vs_random,mse,237,0.18434447751098482,4
specificity_spec_vs_random,mse,238,0.18087957847081393,4
specificity_spec_vs_random,mse,239,0.178275785567501,4
specificity_spec_vs_random,mse,240,0.1768334346633571,4
specificity_spec_vs_random,mse,241,0.17392888268589424,4
specificity_spec_vs_random,mse,242,0.17328544468635076,4
specificity_spec_vs_random,mse,243,0.1726649566588523,4
specificity_spec_vs_random,mse,244,0.17068891907068284,4
specificity_spec_vs_random,mse,245,0.16947159868905493,4
specificity_spec_vs_random,mse,246,0.16847900463725862,4
specificity_spec_vs_random,mse,247,0.167702476593814,4
specificity_spec_vs_random,mse,248,0.16678887463283942,4
specificity_spec_vs_random,mse,249,0.16411467035622795,4
specificity_spec_vs_random,mse,250,0.161947909094442,4
specificity_spec_vs_random,mse,251,0.16181006616316607,4
specificity_spec_vs_random,mse,252,0.16175589991547668,4
specificity_spec_vs_random,mse,253,0.16083959279928672,4
specificity_spec_vs_random,mse,254,0.15928080066768713,4
specificity_spec_vs_random,mse,255,0.15847117731067728,4
specificity_spec_vs_random,mse,256,0.1560046678421756,4
specificity_spec_vs_random,mse,257,0.15136680664735502,4
specificity_spec_vs_random,mse,258,0.14937516124397865,4
specificity_spec_vs_random,mse,259,0.14778370044239209,4
specificity_spec_vs_random,mse,260,0.14552739258528513,4
specificity_spec_vs_random,mse,261,0.146118246911775,4
specificity_spec_vs_random,mse,262,0.1446288609644486,4
specificity_spec_vs_random,mse,263,0.14335875829795786,4
specificity_spec_vs_random,mse,264,0.1429189920299434,4
specificity_spec_vs_random,mse,265,0.14165122133980912,4
specificity_spec_vs_random,mse,266,0.14122866868363504,4
specificity_spec_vs_random,mse,267,0.14010561256157406,4
specificity_spec_vs_random,mse,268,0.13812075457781292,4
specificity_spec_vs_random,mse,269,0.13685719955214504,4
specificity_spec_vs_random,mse,270,0.1346552763551312,4
specificity_spec_vs_random,mse,271,0.13170284785391173,4
specificity_spec_vs_random,mse,272,0.1293473965813119,4
specificity_spec_vs_random,mse,273,0.12937262846260955,4
specificity_spec_vs_random,mse,274,0.12628354960392274,4
specificity_spec_vs_random,mse,275,0.12496798299369116,4
specificity_spec_vs_random,mse,276,0.12413134406471737,4
specificity_spec_vs_random,mse,277,0.12290468430196322,4
specificity_spec_vs_random,mse,278,0.12203511931608846,4
specificity_spec_vs_random,mse,279,0.12187004021250836,4
specificity_spec_vs_random,mse,280,0.12096676709158594,4
specificity_spec_vs_random,mse,281,0.11865375651497034,4
specificity_spec_vs_random,mse,282,0.11642379786944712,4
specificity_spec_vs_random,mse,283,0.11587704589673287,4
specificity_spec_vs_random,mse,284,0.11482106229105504,4
specificity_spec_vs_random,mse,285,0.11179870702898942,4
specificity_spec_vs_random,mse,286,0.1113080133564126,4
specificity_spec_vs_random,mse,287,0.11034350783214464,4
specificity_spec_vs_random,mse,288,0.10949296447626766,4
specificity_spec_vs_random,mse,289,0.1089034791582888,4
specificity_spec_vs_random,mse,290,0.10833121859469275,4
specificity_spec_vs_random,mse,291,0.1077088850970287,4
specificity_spec_vs_random,mse,292,0.10624950943356026,4
specificity_spec_vs_random,mse,293,0.10464481134738302,4
specificity_spec_vs_random,mse,294,0.1035200809609238,4
specificity_spec_vs_random,mse,295,0.10167955148685515,4
specificity_spec_vs_random,mse,296,0.1000456291945584,4
specificity_spec_vs_random,mse,297,0.09931183964943413,4
specificity_spec_vs_random,mse,298,0.09842090163305617,4
specificity_spec_vs_random,mse,299,0.09736682493531879,3
specificity_spec_vs_random,mse,300,0.0959482954075308,3
specificity_spec_vs_random,mse,301,0.09603123940870706,3
specificity_spec_vs_random,mse,302,0.09580928050173076,3
specificity_spec_vs_random,mse,303,0.09427910561048858,3
specificity_spec_vs_random,mse,304,0.09231395589204272,3
specificity_spec_vs_random,mse,305,0.09079796022808839,3
specificity_spec_vs_random,mse,306,0.09034921979197641,3
specificity_spec_vs_random,mse,307,0.08957421340031635,3
specificity_spec_vs_random,mse,308,0.08856196876094291,3
specificity_spec_vs_random,mse,309,0.08750937583043461,3
specificity_spec_vs_random,mse,310,0.08618392285737686,3
specificity_spec_vs_random,mse,311,0.08606446522210653,3
specificity_spec_vs_random,mse,312,0.08482709010919631,3
specificity_spec_vs_random,mse,313,0.08314707048947767,3
specificity_spec_vs_random,mse,314,0.08234475598348112,3
specificity_spec_vs_random,mse,315,0.08148009349217444,3
specificity_spec_vs_random,mse,316,0.0820214077081749,3
specificity_spec_vs_random,mse,317,0.08211224368676939,3
specificity_spec_vs_random,mse,318,0.08151073183433555,3
specificity_spec_vs_random,mse,319,0.08072905797495977,3
specificity_spec_vs_random,mse,320,0.07815101023728399,3
specificity_spec_vs_random,mse,321,0.07894712189148612,3
specificity_spec_vs_random,mse,322,0.07714968003132538,3
specificity_spec_vs_random,mse,323,0.07712998881580946,3
specificity_spec_vs_random,mse,324,0.07612697375146693,3
specificity_spec_vs_random,mse,325,0.07490983113158434,3
specificity_spec_vs_random,mse,326,0.0730562749878838,3
specificity_spec_vs_random,mse,327,0.07227282777111821,3
specificity_spec_vs_random,mse,328,0.07191211853569301,3
specificity_spec_vs_random,mse,329,0.07053973763506916,3
specificity_spec_vs_random,mse,330,0.0709441696600499,3
specificity_spec_vs_random,mse,331,0.07037430780136189,3
specificity_spec_vs_random,mse,332,0.0682725663339645,3
specificity_spec_vs_random,mse,333,0.06812738387151684,3
specificity_spec_vs_random,mse,334,0.06735150918936395,3
specificity_spec_vs_random,mse,335,0.06726390525958248,3
specificity_spec_vs_random,mse,336,0.06721745416173652,3
specificity_spec_vs_random,mse,337,0.06687174793947426,3
specificity_spec_vs_random,mse,338,0.06588789620220359,3
specificity_spec_vs_random,mse,339,0.06591400384778012,2
specificity_spec_vs_random,mse,340,0.06516199750346896,2
specificity_spec_vs_random,mse,341,0.06518892747801708,2
specificity_spec_vs_random,mse,342,0.06466524343476054,2
specificity_spec_vs_random,mse,343,0.06461564624961724,2
specificity_spec_vs_random,mse,344,0.06382936691423202,2
specificity_spec_vs_random,mse,345,0.06331066455500745,2
specificity_spec_vs_random,mse,346,0.06250332414654336,2
specificity_spec_vs_random,mse,347,0.06253802528663144,2
specificity_spec_vs_random,mse,348,0.0627855910411701,2
specificity_spec_vs_random,mse,349,0.06319609790839564,2
specificity_spec_vs_random,mse,350,0.06169218585128533,2
specificity_spec_vs_random,mse,351,0.06076997345618507,2
specificity_spec_vs_random,mse,352,0.05933476287543149,2
specificity_spec_vs_random,mse,353,0.05668771284636831,2
specificity_spec_vs_random,mse,354,0.054727240853142956,2
specificity_spec_vs_random,mse,355,0.05410476828555888,2
specificity_spec_vs_random,mse,356,0.05327179969655038,2
specificity_spec_vs_random,mse,357,0.052787995132510535,2
specificity_spec_vs_random,mse,358,0.050549913042035044,2
specificity_spec_vs_random,mse,359,0.050001042150198405,2
specificity_spec_vs_random,mse,360,0.04932404282315117,2
specificity_spec_vs_random,mse,361,0.04869361655834625,2
specificity_spec_vs_random,mse,362,0.04772651176546017,2
specificity_spec_vs_random,mse,363,0.04747752416829343,2
specificity_spec_vs_random,mse,364,0.04650519509264539,2
specificity_spec_vs_random,mse,365,0.04658635663064903,2
specificity_spec_vs_random,mse,366,0.046481949990986315,2
specificity_spec_vs_random,mse,367,0.047277395133986655,2
specificity_spec_vs_random,mse,368,0.04632289546688817,2
specificity_spec_vs_random,mse,369,0.04482780875183945,2
specificity_spec_vs_random,mse,370,0.04408277547898187,2
specificity_spec_vs_random,mse,371,0.042295529774349916,2
specificity_spec_vs_random,mse,372,0.041162391290558986,2
specificity_spec_vs_random,mse,373,0.039260497009816486,2
specificity_spec_vs_random,mse,374,0.03748962393796074,2
specificity_spec_vs_random,mse,375,0.037775830843893576,2
specificity_spec_vs_random,mse,376,0.03778202327039626,2
specificity_spec_vs_random,mse,377,0.03571375952385436,2
specificity_spec_vs_random,mse,378,0.03499341320422733,2
specificity_spec_vs_random,mse,379,0.034435681290130304,2
specificity_spec_vs_random,mse,380,0.03311215598347683,2
specificity_spec_vs_random,mse,381,0.03260143266110793,2
specificity_spec_vs_random,mse,382,0.03218553352954734,2
specificity_spec_vs_random,mse,383,0.03188538347282721,2
specificity_spec_vs_random,mse,384,0.030837405135928364,2
specificity_spec_vs_random,mse,385,0.030328044199261495,2
specificity_spec_vs_random,mse,386,0.030184075707604396,2
specificity_spec_vs_random,mse,387,0.028658152694358563,2
specificity_spec_vs_random,mse,388,0.028721919254788286,2
specificity_spec_vs_random,mse,389,0.02935450187773858,2
specificity_spec_vs_random,mse,390,0.029434546638591463,2
specificity_spec_vs_random,mse,391,0.027649912580733904,2
specificity_spec_vs_random,mse,392,0.02790733135881851,2
specificity_spec_vs_random,mse,393,0.027274666746839316,2
specificity_spec_vs_random,mse,394,0.02673018585439335,2
specificity_spec_vs_random,mse,395,0.0258667399388246,2
specificity_spec_vs_random,mse,396,0.02596145296129837,2
specificity_spec_vs_random,mse,397,0.025501869355077922,2
specificity_spec_vs_random,mse,398,0.024560355783607157,2
specificity_spec_vs_random,mse,399,0.024254497349072146,2
specificity_spec_vs_random,mse,400,0.02396835913228923,2
specificity_spec_vs_random,mse,401,0.02254126074762386,2
specificity_spec_vs_random,mse,402,0.022821055700044113,2
specificity_spec_vs_random,mse,403,0.021963370633162338,2
specificity_spec_vs_random,mse,404,0.02133180068773388,2
specificity_spec_vs_random,mse,405,0.021843201572682158,2
specificity_spec_vs_random,mse,406,0.021066406138841032,2
specificity_spec_vs_random,mse,407,0.020089353533121468,2
specificity_spec_vs_random,mse,408,0.02130152504391747,2
specificity_spec_vs_random,mse,409,0.020230661245850268,2
specificity_spec_vs_random,mse,410,0.01981249446864286,2
specificity_spec_vs_random,mse,411,0.019835955616149814,2
specificity_spec_vs_random,mse,412,0.019084025247178005,2
specificity_spec_vs_random,mse,413,0.019043071036692893,2
specificity_spec_vs_random,mse,414,0.018240653819230346,2
specificity_spec_vs_random,mse,415,0.01877618044742624,2
specificity_spec_vs_random,mse,416,0.019410951466396487,2
specificity_spec_vs_random,mse,417,0.01856697432499166,2
specificity_spec_vs_random,mse,418,0.016971015742512918,2
specificity_spec_vs_random,mse,419,0.01569517763492012,2
specificity_spec_vs_random,mse,420,0.014904922684846333,2
specificity_spec_vs_random,mse,421,0.015113663714252379,2
specificity_spec_vs_random,mse,422,0.015319176984567306,2
specificity_spec_vs_random,mse,423,0.015605749987581685,2
specificity_spec_vs_random,mse,424,0.015047497741864646,2
specificity_spec_vs_random,mse,425,0.011605601732933568,2
specificity_spec_vs_random,mse,426,0.012352189634527999,2
specificity_spec_vs_random,mse,427,0.01200794109743386,2
specificity_spec_vs_random,mse,428,0.010558865295848818,2
specificity_spec_vs_random,mse,429,0.010718582312991831,2
specificity_spec_vs_random,mse,430,0.009296898139667942,2
specificity_spec_vs_random,mse,431,0.01026546640829018,2
specificity_spec_vs_random,mse,432,0.010679437397280722,2
specificity_spec_vs_random,mse,433,0.010690467422025396,2
specificity_spec_vs_random,mse,434,0.011055685734298049,2
specificity_spec_vs_random,mse,435,0.010034654989139469,2
specificity_spec_vs_random,mse,436,0.009326191968179742,2
specificity_spec_vs_random,mse,437,0.008056416034047942,2
specificity_spec_vs_random,mse,438,0.007788746728707441,2
specificity_spec_vs_random,mse,439,0.00787076868904002,2
specificity_spec_vs_random,mse,440,0.006754434455249481,2
specificity_spec_vs_random,mse,441,0.005370113868412574,2
specificity_spec_vs_random,mse,442,0.005093578131833976,2
specificity_spec_vs_random,mse,443,0.004599295745697507,2
specificity_spec_vs_random,mse,444,0.003992695902033105,2
specificity_spec_vs_random,mse,445,0.004268750425429069,2
specificity_spec_vs_random,mse,446,0.0037242643965984534,2
specificity_spec_vs_random,mse,447,0.003733906318488245,2
specificity_spec_vs_random,mse,448,0.00284407686094168,2
specificity_spec_vs_random,mse,449,0.001653203006772852,2
specificity_spec_vs_random,mse,450,0.002532046377659025,2
specificity_spec_vs_random,mse,451,0.0012034414076822486,2
specificity_spec_vs_random,mse,452,0.0002044482364582656,2
specificity_spec_vs_random,mse,453,-0.0017470894407334292,2
specificity_spec_vs_random,mse,454,-0.000631210501356172,2
specificity_spec_vs_random,mse,455,-0.0008426989431731258,2
specificity_spec_vs_random,mse,456,-0.0016211167139124072,2
specificity_spec_vs_random,mse,457,-0.0029514078586401205,2
specificity_spec_vs_random,mse,458,-0.0027838933846924263,2
specificity_spec_vs_random,mse,459,-0.003091306726277221,2
specificity_spec_vs_random,mse,460,-0.00330591010383241,2
specificity_spec_vs_random,mse,461,-0.0034412760285351673,2
specificity_spec_vs_random,mse,462,-0.0034975262790148953,2
specificity_spec_vs_random,mse,463,-0.002952877375834717,2
specificity_spec_vs_random,mse,464,-0.0034352232671075456,2
specificity_spec_vs_random,mse,465,-0.003023927869045817,2
specificity_spec_vs_random,mse,466,-0.0026278861820294708,2
specificity_spec_vs_random,mse,467,-0.002808648235657074,2
specificity_spec_vs_random,mse,468,-0.0034717716861187853,2
specificity_spec_vs_random,mse,469,-0.003939617897668057,2
specificity_spec_vs_random,mse,470,-0.0033900400660114016,2
specificity_spec_vs_random,mse,471,-0.0030419919502899795,2
specificity_spec_vs_random,mse,472,-0.004076772854413324,2
specificity_spec_vs_random,mse,473,-0.003518087290304006,2
specificity_spec_vs_random,mse,474,-0.003216699473607143,2
specificity_spec_vs_random,mse,475,-0.0031293282505084896,2
specificity_spec_vs_random,mse,476,-0.0034959280020352423,2
specificity_spec_vs_random,mse,477,-0.0035358374350336064,2
specificity_spec_vs_random,mse,478,-0.0037944999720451733,2
specificity_spec_vs_random,mse,479,-0.003699845938849311,2
specificity_spec_vs_random,mse,480,-0.0029640799582231203,2
specificity_spec_vs_random,mse,481,-0.00219701371313219,2
specificity_spec_vs_random,mse,482,-0.0023859733505826597,2
specificity_spec_vs_random,mse,483,-0.003696049064554341,2
specificity_spec_vs_random,mse,484,-0.0029245747465012073,2
specificity_spec_vs_random,mse,485,-0.0029731955991496584,2
specificity_spec_vs_random,mse,486,-0.0022952892172467543,2
specificity_spec_vs_random,mse,487,-0.0034379299838760424,2
specificity_spec_vs_random,mse,488,-0.003053503473373631,2
specificity_spec_vs_random,mse,489,-0.0028387438933297204,2
specificity_spec_vs_random,mse,490,-0.003447091987298645,2
specificity_spec_vs_random,mse,491,-0.003453882928483587,2
specificity_spec_vs_random,mse,492,-0.0024162527484272722,2
specificity_spec_vs_random,mse,493,-0.002955392088193065,2
specificity_spec_vs_random,mse,494,-0.0023828674914883052,2
specificity_spec_vs_random,mse,495,-0.0023768482269148627,2
specificity_spec_vs_random,mse,496,-0.0024897988823990858,2
specificity_spec_vs_random,mse,497,-0.0024839630262629697,2
specificity_spec_vs_random,mse,498,-0.002310858957781381,2
specificity_spec_vs_random,mse,499,-0.001605985397792331,2
specificity_spec_vs_random,mse,500,-0.001972793625162339,2
specificity_spec_vs_random,mse,501,-0.0008553943804301412,3
specificity_spec_vs_random,mse,502,-0.001577359332320949,3
specificity_spec_vs_random,mse,503,-0.0015605383993788635,3
specificity_spec_vs_random,mse,504,-0.001665970627049429,3
specificity_spec_vs_random,mse,505,-0.0015392674430936282,3
specificity_spec_vs_random,mse,506,-0.00099079041887995,3
specificity_spec_vs_random,mse,507,-0.0014559620569931653,3
specificity_spec_vs_random,mse,508,-0.0020662424733419726,3
specificity_spec_vs_random,mse,509,-0.0020119987103361936,3
specificity_spec_vs_random,mse,510,-0.0019291911074348356,3
specificity_spec_vs_random,mse,511,-0.0023692281464593457,3
specificity_spec_vs_random,mse,512,-0.002526698126221749,3
specificity_spec_vs_random,mse,513,-0.003252283848269588,3
specificity_spec_vs_random,mse,514,-0.002960911236828956,3
specificity_spec_vs_random,mse,515,-0.0034658155361255716,3
specificity_spec_vs_random,mse,516,-0.003513115610414008,3
specificity_spec_vs_random,mse,517,-0.003728533032674175,3
specificity_spec_vs_random,mse,518,-0.002959707182914606,3
specificity_spec_vs_random,mse,519,-0.003951405756985604,3
specificity_spec_vs_random,mse,520,-0.004763707861046296,3
specificity_spec_vs_random,mse,521,-0.004998126899060651,3
specificity_spec_vs_random,mse,522,-0.00497305645812407,3
specificity_spec_vs_random,mse,523,-0.004844506440879748,3
specificity_spec_vs_random,mse,524,-0.004920311265188548,3
specificity_spec_vs_random,mse,525,-0.004170588025280697,3
specificity_spec_vs_random,mse,526,-0.004127642738653847,3
specificity_spec_vs_random,mse,527,-0.004057341076890708,3
specificity_spec_vs_random,mse,528,-0.005142653265679531,3
specificity_spec_vs_random,mse,529,-0.005321634277455356,3
specificity_spec_vs_random,mse,530,-0.006278535255879181,3
specificity_spec_vs_random,mse,531,-0.0067924135141428366,3
specificity_spec_vs_random,mse,532,-0.0072075732050369545,3
specificity_spec_vs_random,mse,533,-0.006155703978001359,3
specificity_spec_vs_random,mse,534,-0.005551908022241037,3
specificity_spec_vs_random,mse,535,-0.005754877991235308,3
specificity_spec_vs_random,mse,536,-0.005713044315738269,3
specificity_spec_vs_random,mse,537,-0.005789287234430063,3
specificity_spec_vs_random,mse,538,-0.0049961898804107285,3
specificity_spec_vs_random,mse,539,-0.0054841342857692155,3
specificity_spec_vs_random,mse,540,-0.004662520155764849,3
specificity_spec_vs_random,mse,541,-0.004419888790030413,3
specificity_spec_vs_random,mse,542,-0.003999304603123921,3
specificity_spec_vs_random,mse,543,-0.004888401536666809,3
specificity_spec_vs_random,mse,544,-0.0052426881575229345,3
specificity_spec_vs_random,mse,545,-0.005853321753366281,3
specificity_spec_vs_random,mse,546,-0.006434081170532124,3
specificity_spec_vs_random,mse,547,-0.006391914648673502,3
specificity_spec_vs_random,mse,548,-0.007000747249592543,3
specificity_spec_vs_random,mse,549,-0.007330035554029557,3
specificity_spec_vs_random,mse,550,-0.007822660837741857,3
specificity_spec_vs_random,mse,551,-0.007210124554988262,3
specificity_spec_vs_random,mse,552,-0.0070622034778056175,3
specificity_spec_vs_random,mse,553,-0.007726695870391431,3
specificity_spec_vs_random,mse,554,-0.00936938427593903,3
specificity_spec_vs_random,mse,555,-0.008646678036834388,3
specificity_spec_vs_random,mse,556,-0.007968649364797908,3
specificity_spec_vs_random,mse,557,-0.007677865102813097,3
specificity_spec_vs_random,mse,558,-0.007902965768944448,3
specificity_spec_vs_random,mse,559,-0.008223262578148649,3
specificity_spec_vs_random,mse,560,-0.007764607356748332,3
specificity_spec_vs_random,mse,561,-0.00786005126944822,3
specificity_spec_vs_random,mse,562,-0.0072764485218868025,3
specificity_spec_vs_random,mse,563,-0.006747984555193209,3
specificity_spec_vs_random,mse,564,-0.006990229195364961,3
specificity_spec_vs_random,mse,565,-0.007028291231141459,3
specificity_spec_vs_random,mse,566,-0.007663074338439824,3
specificity_spec_vs_random,mse,567,-0.00900835246490761,3
specificity_spec_vs_random,mse,568,-0.009863992040790581,3
specificity_spec_vs_random,mse,569,-0.010018341189470537,3
specificity_spec_vs_random,mse,570,-0.009591891520266405,3
specificity_spec_vs_random,mse,571,-0.009026250821249082,3
specificity_spec_vs_random,mse,572,-0.009068618901642012,3
specificity_spec_vs_random,mse,573,-0.009097211799689031,3
specificity_spec_vs_random,mse,574,-0.009650904480995592,3
specificity_spec_vs_random,mse,575,-0.009914150133343291,3
specificity_spec_vs_random,mse,576,-0.010674818753761972,3
specificity_spec_vs_random,mse,577,-0.010183325098493956,3
specificity_spec_vs_random,mse,578,-0.010236251392656825,3
specificity_spec_vs_random,mse,579,-0.010092156242169636,3
specificity_spec_vs_random,mse,580,-0.009114589778236315,3
specificity_spec_vs_random,mse,581,-0.009579077588615093,3
specificity_spec_vs_random,mse,582,-0.00923370071116425,3
specificity_spec_vs_random,mse,583,-0.008993836084247864,3
specificity_spec_vs_random,mse,584,-0.008361631067583808,3
specificity_spec_vs_random,mse,585,-0.007776645170285423,3
specificity_spec_vs_random,mse,586,-0.007651884275605703,3
specificity_spec_vs_random,mse,587,-0.007767331055672511,3
specificity_spec_vs_random,mse,588,-0.007875663813075029,3
specificity_spec_vs_random,mse,589,-0.00751386340325455,3
specificity_spec_vs_random,mse,590,-0.007427079991904062,3
specificity_spec_vs_random,mse,591,-0.007290385737284133,3
specificity_spec_vs_random,mse,592,-0.006157999856013507,3
specificity_spec_vs_random,mse,593,-0.006329139826604102,3
specificity_spec_vs_random,mse,594,-0.007241982617878229,3
specificity_spec_vs_random,mse,595,-0.008321704626172988,3
specificity_spec_vs_random,mse,596,-0.008589422449496453,3
specificity_spec_vs_random,mse,597,-0.009574307372934854,3
specificity_spec_vs_random,mse,598,-0.009051121365055703,3
specificity_spec_vs_random,mse,599,-0.009265568679843739,3
specificity_spec_vs_random,mse,600,-0.00948206448032618,3
specificity_spec_vs_random,mse,601,-0.009946240320528599,3
specificity_spec_vs_random,mse,602,-0.009730974867350195,3
specificity_spec_vs_random,mse,603,-0.01077763954687505,3
specificity_spec_vs_random,mse,604,-0.011474365051593605,3
specificity_spec_vs_random,mse,605,-0.011003909773894538,3
specificity_spec_vs_random,mse,606,-0.009692653319697264,3
specificity_spec_vs_random,mse,607,-0.00921209631747466,3
specificity_spec_vs_random,mse,608,-0.00923478250777654,3
specificity_spec_vs_random,mse,609,-0.009141366113989413,3
specificity_spec_vs_random,mse,610,-0.008932412204623041,3
specificity_spec_vs_random,mse,611,-0.009593344970804107,3
specificity_spec_vs_random,mse,612,-0.009444665326441282,3
specificity_spec_vs_random,mse,613,-0.009216881906282115,3
specificity_spec_vs_random,mse,614,-0.009993113602877468,3
specificity_spec_vs_random,mse,615,-0.010162708144569876,3
specificity_spec_vs_random,mse,616,-0.010109225230794383,3
specificity_spec_vs_random,mse,617,-0.010702029427982485,3
specificity_spec_vs_random,mse,618,-0.010867026668379687,3
specificity_spec_vs_random,mse,619,-0.010530819650176326,3
specificity_spec_vs_random,mse,620,-0.011601874819895386,3
specificity_spec_vs_random,mse,621,-0.01175572018816684,3
specificity_spec_vs_random,mse,622,-0.01171023395535764,3
specificity_spec_vs_random,mse,623,-0.012063997963684958,3
specificity_spec_vs_random,mse,624,-0.011671343069379336,3
specificity_spec_vs_random,mse,625,-0.011181983479104929,3
specificity_spec_vs_random,mse,626,-0.01174184927628108,3
specificity_spec_vs_random,mse,627,-0.011856923316506673,3
specificity_spec_vs_random,mse,628,-0.012160914492276298,3
specificity_spec_vs_random,mse,629,-0.011883464594117932,3
specificity_spec_vs_random,mse,630,-0.01153687638084655,3
specificity_spec_vs_random,mse,631,-0.011604594427410131,3
specificity_spec_vs_random,mse,632,-0.011554847321080253,3
specificity_spec_vs_random,mse,633,-0.011795777894831883,3
specificity_spec_vs_random,mse,634,-0.011489767320682631,3
specificity_spec_vs_random,mse,635,-0.010886547720152517,3
specificity_spec_vs_random,mse,636,-0.010287626403331362,3
specificity_spec_vs_random,mse,637,-0.00969256256313944,3
specificity_spec_vs_random,mse,638,-0.009396904246734561,3
specificity_spec_vs_random,mse,639,-0.009414196666841512,3
specificity_spec_vs_random,mse,640,-0.009874768520388155,3
specificity_spec_vs_random,mse,641,-0.010124527126538219,3
specificity_spec_vs_random,mse,642,-0.010039754733557338,3
specificity_spec_vs_random,mse,643,-0.00989708626802921,3
specificity_spec_vs_random,mse,644,-0.010363947776754756,3
specificity_spec_vs_random,mse,645,-0.0106668712346214,3
specificity_spec_vs_random,mse,646,-0.010681495382995898,3
specificity_spec_vs_random,mse,647,-0.010988614874298808,3
specificity_spec_vs_random,mse,648,-0.010917620655916949,3
specificity_spec_vs_random,mse,649,-0.011273197357484221,3
specificity_spec_vs_random,mse,650,-0.012279023173180637,3
specificity_spec_vs_random,mse,651,-0.011928239603362645,3
specificity_spec_vs_random,mse,652,-0.012270344586933213,3
specificity_spec_vs_random,mse,653,-0.012181330408853608,3
specificity_spec_vs_random,mse,654,-0.012295266713324704,3
specificity_spec_vs_random,mse,655,-0.01259499589805202,3
specificity_spec_vs_random,mse,656,-0.012614780500981304,3
specificity_spec_vs_random,mse,657,-0.012857052513350897,3
specificity_spec_vs_random,mse,658,-0.01291880496533393,3
specificity_spec_vs_random,mse,659,-0.013461475069678208,3
specificity_spec_vs_random,mse,660,-0.014116675909900955,3
specificity_spec_vs_random,mse,661,-0.01429231543556675,3
specificity_spec_vs_random,mse,662,-0.015225584395879288,3
specificity_spec_vs_random,mse,663,-0.015620176286763598,3
specificity_spec_vs_random,mse,664,-0.015144304833532019,3
specificity_spec_vs_random,mse,665,-0.01515899179215019,3
specificity_spec_vs_random,mse,666,-0.015350123381758785,3
specificity_spec_vs_random,mse,667,-0.016453077325297993,3
specificity_spec_vs_random,mse,668,-0.016608816648511215,3
specificity_spec_vs_random,mse,669,-0.016852895542873725,3
specificity_spec_vs_random,mse,670,-0.016728826953462672,3
specificity_spec_vs_random,mse,671,-0.01714656578452267,3
specificity_spec_vs_random,mse,672,-0.01617654027215254,3
specificity_spec_vs_random,mse,673,-0.016184003015076165,3
specificity_spec_vs_random,mse,674,-0.017120239026766626,3
specificity_spec_vs_random,mse,675,-0.017529569093996944,3
specificity_spec_vs_random,mse,676,-0.018105106226431467,3
specificity_spec_vs_random,mse,677,-0.0179055280600271,3
specificity_spec_vs_random,mse,678,-0.017858583152441376,3
specificity_spec_vs_random,mse,679,-0.018168392719857263,3
specificity_spec_vs_random,mse,680,-0.017709183270990803,3
specificity_spec_vs_random,mse,681,-0.01816957315191825,3
specificity_spec_vs_random,mse,682,-0.01844677851224885,3
specificity_spec_vs_random,mse,683,-0.018470659139944168,3
specificity_spec_vs_random,mse,684,-0.01777768526673995,3
specificity_spec_vs_random,mse,685,-0.01766682138035769,3
specificity_spec_vs_random,mse,686,-0.01788346508465377,3
specificity_spec_vs_random,mse,687,-0.017529971414855794,3
specificity_spec_vs_random,mse,688,-0.01736258555331771,3
specificity_spec_vs_random,mse,689,-0.017305905330946558,3
specificity_spec_vs_random,mse,690,-0.016834855379883606,3
specificity_spec_vs_random,mse,691,-0.01750866821164765,3
specificity_spec_vs_random,mse,692,-0.01801680755232571,3
specificity_spec_vs_random,mse,693,-0.017863249047052054,3
specificity_spec_vs_random,mse,694,-0.017913484755338605,3
specificity_spec_vs_random,mse,695,-0.01813293110180192,3
specificity_spec_vs_random,mse,696,-0.01789725885555704,3
specificity_spec_vs_random,mse,697,-0.01810563069588156,3
specificity_spec_vs_random,mse,698,-0.01787015654014068,3
specificity_spec_vs_random,mse,699,-0.01786121647224803,3
specificity_spec_vs_random,mse,700,-0.018105360702471707,3
specificity_spec_vs_random,mse,701,-0.019286064859260765,3
specificity_spec_vs_random,mse,702,-0.019254755761368703,3
specificity_spec_vs_random,mse,703,-0.019844839609231002,3
specificity_spec_vs_random,mse,704,-0.020125180871639614,3
specificity_spec_vs_random,mse,705,-0.020275632234285634,3
specificity_spec_vs_random,mse,706,-0.020117107040318327,3
specificity_spec_vs_random,mse,707,-0.020796014175930022,3
specificity_spec_vs_random,mse,708,-0.020418091526388515,3
specificity_spec_vs_random,mse,709,-0.020034140189202354,3
specificity_spec_vs_random,mse,710,-0.020017702414234506,3
specificity_spec_vs_random,mse,711,-0.020860752551934425,3
specificity_spec_vs_random,mse,712,-0.021122281048555624,3
specificity_spec_vs_random,mse,713,-0.020798345309074318,3
specificity_spec_vs_random,mse,714,-0.020824642816033023,3
specificity_spec_vs_random,mse,715,-0.020554620224075837,3
specificity_spec_vs_random,mse,716,-0.021005013481827373,3
specificity_spec_vs_random,mse,717,-0.020821662542935826,3
specificity_spec_vs_random,mse,718,-0.021579776057945033,3
specificity_spec_vs_random,mse,719,-0.021707282707230657,3
specificity_spec_vs_random,mse,720,-0.021837512216229538,3
specificity_spec_vs_random,mae,1,3.1369934782391073,4
specificity_spec_vs_random,mae,2,2.817400368766625,4
specificity_spec_vs_random,mae,3,2.293647860547574,4
specificity_spec_vs_random,mae,4,2.164418402658199,4
specificity_spec_vs_random,mae,5,1.914051985407652,4
specificity_spec_vs_random,mae,6,1.5964524790991197,4
specificity_spec_vs_random,mae,7,1.4029419009183375,4
specificity_spec_vs_random,mae,8,1.221598902214529,4
specificity_spec_vs_random,mae,9,1.04956011338585,4
specificity_spec_vs_random,mae,10,0.9696928066297894,4
specificity_spec_vs_random,mae,11,0.8767398237281587,4
specificity_spec_vs_random,mae,12,0.7662157002924186,4
specificity_spec_vs_random,mae,13,0.7109208824064694,4
specificity_spec_vs_random,mae,14,0.645537478099738,4
specificity_spec_vs_random,mae,15,0.5955916671020822,4
specificity_spec_vs_random,mae,16,0.5273215677177756,4
specificity_spec_vs_random,mae,17,0.47591998914338074,4
specificity_spec_vs_random,mae,18,0.45010498383996733,4
specificity_spec_vs_random,mae,19,0.418243136145513,4
specificity_spec_vs_random,mae,20,0.38035714558881883,4
specificity_spec_vs_random,mae,21,0.3564003298133467,4
specificity_spec_vs_random,mae,22,0.3250474770720957,4
specificity_spec_vs_random,mae,23,0.308095482092845,4
specificity_spec_vs_random,mae,24,0.29980851582731116,4
specificity_spec_vs_random,mae,25,0.28529557598115707,4
specificity_spec_vs_random,mae,26,0.2593376219939536,4
specificity_spec_vs_random,mae,27,0.24516424930084657,4
specificity_spec_vs_random,mae,28,0.23033747863666854,4
specificity_spec_vs_random,mae,29,0.22018767681030615,4
specificity_spec_vs_random,mae,30,0.21312145418501016,3
specificity_spec_vs_random,mae,31,0.2035366664621474,3
specificity_spec_vs_random,mae,32,0.19841821992630182,3
specificity_spec_vs_random,mae,33,0.191396467736471,3
specificity_spec_vs_random,mae,34,0.18289313271778518,3
specificity_spec_vs_random,mae,35,0.18046733399888604,3
specificity_spec_vs_random,mae,36,0.1825056467472419,3
specificity_spec_vs_random,mae,37,0.1814398031438369,3
specificity_spec_vs_random,mae,38,0.17769118339739487,3
specificity_spec_vs_random,mae,39,0.17105662178659387,3
specificity_spec_vs_random,mae,40,0.1644414658836335,3
specificity_spec_vs_random,mae,41,0.15815753514468955,3
specificity_spec_vs_random,mae,42,0.15499547850935214,3
specificity_spec_vs_random,mae,43,0.14319317287181832,3
specificity_spec_vs_random,mae,44,0.13993857464673853,3
specificity_spec_vs_random,mae,45,0.1372274855556288,3
specificity_spec_vs_random,mae,46,0.13393100589386808,3
specificity_spec_vs_random,mae,47,0.1288797377527695,3
specificity_spec_vs_random,mae,48,0.12441186091153744,3
specificity_spec_vs_random,mae,49,0.11781404608208979,3
specificity_spec_vs_random,mae,50,0.1120574014277187,3
specificity_spec_vs_random,mae,51,0.10523014332285197,3
specificity_spec_vs_random,mae,52,0.09892248491444544,3
specificity_spec_vs_random,mae,53,0.09295970016529376,3
specificity_spec_vs_random,mae,54,0.09177910439786663,3
specificity_spec_vs_random,mae,55,0.08854585543324411,3
specificity_spec_vs_random,mae,56,0.08330856590365476,3
specificity_spec_vs_random,mae,57,0.08046481832263863,3
specificity_spec_vs_random,mae,58,0.0823696532498297,3
specificity_spec_vs_random,mae,59,0.08032080426012334,3
specificity_spec_vs_random,mae,60,0.08184119808673396,3
specificity_spec_vs_random,mae,61,0.08100838708305247,3
specificity_spec_vs_random,mae,62,0.07617212053270928,3
specificity_spec_vs_random,mae,63,0.07298712782323413,3
specificity_spec_vs_random,mae,64,0.07021885653471172,3
specificity_spec_vs_random,mae,65,0.06725855334953845,3
specificity_spec_vs_random,mae,66,0.06613087230450176,3
specificity_spec_vs_random,mae,67,0.06756234618866985,3
specificity_spec_vs_random,mae,68,0.06973473424300769,3
specificity_spec_vs_random,mae,69,0.06772659565440486,3
specificity_spec_vs_random,mae,70,0.0682308089382877,3
specificity_spec_vs_random,mae,71,0.06990256480232437,3
specificity_spec_vs_random,mae,72,0.07197021981082852,3
specificity_spec_vs_random,mae,73,0.07171903180695827,3
specificity_spec_vs_random,mae,74,0.07157456741962553,3
specificity_spec_vs_random,mae,75,0.07166760536767125,3
specificity_spec_vs_random,mae,76,0.071366738956955,3
specificity_spec_vs_random,mae,77,0.07111745294984484,3
specificity_spec_vs_random,mae,78,0.07082121814528053,3
specificity_spec_vs_random,mae,79,0.06931522180963601,3
specificity_spec_vs_random,mae,80,0.06831774746467234,3
specificity_spec_vs_random,mae,81,0.06874230485701238,3
specificity_spec_vs_random,mae,82,0.07044489372969309,3
specificity_spec_vs_random,mae,83,0.06812969035163041,3
specificity_spec_vs_random,mae,84,0.06507201701404064,3
specificity_spec_vs_random,mae,85,0.06598560710840085,3
specificity_spec_vs_random,mae,86,0.06320232099178646,3
specificity_spec_vs_random,mae,87,0.0626681635593207,3
specificity_spec_vs_random,mae,88,0.0628209146728298,3
specificity_spec_vs_random,mae,89,0.06492188875457439,3
specificity_spec_vs_random,mae,90,0.06686471868010191,3
specificity_spec_vs_random,mae,91,0.06919421054887298,3
specificity_spec_vs_random,mae,92,0.06869871021600638,3
specificity_spec_vs_random,mae,93,0.06782157028255797,3
specificity_spec_vs_random,mae,94,0.0727115588652083,3
specificity_spec_vs_random,mae,95,0.0722769255794864,3
specificity_spec_vs_random,mae,96,0.07329736995768998,3
specificity_spec_vs_random,mae,97,0.07419334143373035,3
specificity_spec_vs_random,mae,98,0.07505678847045116,3
specificity_spec_vs_random,mae,99,0.07503757352262941,3
specificity_spec_vs_random,mae,100,0.0757213190875694,3
specificity_spec_vs_random,mae,101,0.07435090415294221,3
specificity_spec_vs_random,mae,102,0.07489156293057242,3
specificity_spec_vs_random,mae,103,0.07532429565177301,3
specificity_spec_vs_random,mae,104,0.07297363528199208,3
specificity_spec_vs_random,mae,105,0.07305898352236495,3
specificity_spec_vs_random,mae,106,0.0742532804106788,3
specificity_spec_vs_random,mae,107,0.0785745740818733,3
specificity_spec_vs_random,mae,108,0.07903153576503064,3
specificity_spec_vs_random,mae,109,0.07960149405878747,3
specificity_spec_vs_random,mae,110,0.08122207071583398,3
specificity_spec_vs_random,mae,111,0.08168204554624081,3
specificity_spec_vs_random,mae,112,0.08071060351962034,3
specificity_spec_vs_random,mae,113,0.08142695670930955,3
specificity_spec_vs_random,mae,114,0.07907776288953672,3
specificity_spec_vs_random,mae,115,0.0770232789084968,3
specificity_spec_vs_random,mae,116,0.07773056054303451,3
specificity_spec_vs_random,mae,117,0.08039631214310283,3
specificity_spec_vs_random,mae,118,0.07997936233313352,3
specificity_spec_vs_random,mae,119,0.07891310771898086,3
specificity_spec_vs_random,mae,120,0.07801662371751616,3
specificity_spec_vs_random,mae,121,0.07849872373445477,3
specificity_spec_vs_random,mae,122,0.07903209412131851,3
specificity_spec_vs_random,mae,123,0.07791492357309471,3
specificity_spec_vs_random,mae,124,0.07913268123515671,3
specificity_spec_vs_random,mae,125,0.08155680942902643,3
specificity_spec_vs_random,mae,126,0.0826559211447786,3
specificity_spec_vs_random,mae,127,0.08413394217031911,3
specificity_spec_vs_random,mae,128,0.08451516240330248,3
specificity_spec_vs_random,mae,129,0.08569534888394292,3
specificity_spec_vs_random,mae,130,0.08674676466813969,3
specificity_spec_vs_random,mae,131,0.08814962670833149,3
specificity_spec_vs_random,mae,132,0.08993983589701937,3
specificity_spec_vs_random,mae,133,0.08992123243807049,3
specificity_spec_vs_random,mae,134,0.08962724376311071,3
specificity_spec_vs_random,mae,135,0.09044476282744629,3
specificity_spec_vs_random,mae,136,0.0908291327995836,3
specificity_spec_vs_random,mae,137,0.0902914561027579,3
specificity_spec_vs_random,mae,138,0.0906782290097019,3
specificity_spec_vs_random,mae,139,0.09025229207992203,3
specificity_spec_vs_random,mae,140,0.08860234257842325,3
specificity_spec_vs_random,mae,141,0.08563355247325655,3
specificity_spec_vs_random,mae,142,0.08696427799909978,3
specificity_spec_vs_random,mae,143,0.08434951124509649,3
specificity_spec_vs_random,mae,144,0.0850942690614187,3
specificity_spec_vs_random,mae,145,0.08370458518806245,3
specificity_spec_vs_random,mae,146,0.08323842651021929,3
specificity_spec_vs_random,mae,147,0.08297490281800934,3
specificity_spec_vs_random,mae,148,0.08132237411381915,3
specificity_spec_vs_random,mae,149,0.08097773786219342,3
specificity_spec_vs_random,mae,150,0.08083889624321161,3
specificity_spec_vs_random,mae,151,0.08052104747303446,3
specificity_spec_vs_random,mae,152,0.08043848831342348,3
specificity_spec_vs_random,mae,153,0.08011100121057657,3
specificity_spec_vs_random,mae,154,0.08052826376119926,3
specificity_spec_vs_random,mae,155,0.0807431483579113,3
specificity_spec_vs_random,mae,156,0.08127766932886082,3
specificity_spec_vs_random,mae,157,0.0814374962494413,3
specificity_spec_vs_random,mae,158,0.08124252942046883,3
specificity_spec_vs_random,mae,159,0.08206751277142432,3
specificity_spec_vs_random,mae,160,0.08102690257503653,3
specificity_spec_vs_random,mae,161,0.08202333671353701,3
specificity_spec_vs_random,mae,162,0.08156651400656356,3
specificity_spec_vs_random,mae,163,0.08198307302428098,3
specificity_spec_vs_random,mae,164,0.08217745257149023,3
specificity_spec_vs_random,mae,165,0.08176089990204138,3
specificity_spec_vs_random,mae,166,0.08062019224887029,3
specificity_spec_vs_random,mae,167,0.08098181987517661,3
specificity_spec_vs_random,mae,168,0.08096907934612929,3
specificity_spec_vs_random,mae,169,0.08008337695361911,3
specificity_spec_vs_random,mae,170,0.08041103345177492,3
specificity_spec_vs_random,mae,171,0.08042696145668327,3
specificity_spec_vs_random,mae,172,0.08122571853455884,3
specificity_spec_vs_random,mae,173,0.08152209717645187,3
specificity_spec_vs_random,mae,174,0.08085013580454659,3
specificity_spec_vs_random,mae,175,0.08079768355500505,3
specificity_spec_vs_random,mae,176,0.08016095040928262,3
specificity_spec_vs_random,mae,177,0.08031790432333707,3
specificity_spec_vs_random,mae,178,0.07964573637889716,3
specificity_spec_vs_random,mae,179,0.07850649522434416,3
specificity_spec_vs_random,mae,180,0.07587902117817347,3
specificity_spec_vs_random,mae,181,0.07716186264598912,3
specificity_spec_vs_random,mae,182,0.07717512731018727,3
specificity_spec_vs_random,mae,183,0.07474978343273708,3
specificity_spec_vs_random,mae,184,0.07466663240109028,3
specificity_spec_vs_random,mae,185,0.0737683912989584,3
specificity_spec_vs_random,mae,186,0.07261186022031518,3
specificity_spec_vs_random,mae,187,0.07140862728329811,3
specificity_spec_vs_random,mae,188,0.07241942190889583,3
specificity_spec_vs_random,mae,189,0.07092366030670982,3
specificity_spec_vs_random,mae,190,0.07091408328024018,3
specificity_spec_vs_random,mae,191,0.07081248532543105,3
specificity_spec_vs_random,mae,192,0.07089085306416276,3
specificity_spec_vs_random,mae,193,0.06979029281129367,3
specificity_spec_vs_random,mae,194,0.06889600670747509,3
specificity_spec_vs_random,mae,195,0.06799714823142233,3
specificity_spec_vs_random,mae,196,0.06815908147953298,3
specificity_spec_vs_random,mae,197,0.06746813550368325,3
specificity_spec_vs_random,mae,198,0.06682602539057392,3
specificity_spec_vs_random,mae,199,0.06584492769329486,3
specificity_spec_vs_random,mae,200,0.0645187531949909,3
specificity_spec_vs_random,mae,201,0.0646696818965542,3
specificity_spec_vs_random,mae,202,0.06436061220568501,3
specificity_spec_vs_random,mae,203,0.06523262689701825,3
specificity_spec_vs_random,mae,204,0.06593308680967969,3
specificity_spec_vs_random,mae,205,0.06611868007041943,3
specificity_spec_vs_random,mae,206,0.06658814379984834,3
specificity_spec_vs_random,mae,207,0.06622494684762392,3
specificity_spec_vs_random,mae,208,0.06566660690293435,3
specificity_spec_vs_random,mae,209,0.06552053063010099,3
specificity_spec_vs_random,mae,210,0.06619518652649203,3
specificity_spec_vs_random,mae,211,0.06520083729373516,3
specificity_spec_vs_random,mae,212,0.06298208861968524,3
specificity_spec_vs_random,mae,213,0.06417407943063447,3
specificity_spec_vs_random,mae,214,0.06320901519943689,3
specificity_spec_vs_random,mae,215,0.06313484234687916,2
specificity_spec_vs_random,mae,216,0.0622875135038603,2
specificity_spec_vs_random,mae,217,0.06137103911449282,2
specificity_spec_vs_random,mae,218,0.060746667308120283,2
specificity_spec_vs_random,mae,219,0.06061741308997837,2
specificity_spec_vs_random,mae,220,0.06012636840478924,2
specificity_spec_vs_random,mae,221,0.05963633299792992,2
specificity_spec_vs_random,mae,222,0.060161153481728125,2
specificity_spec_vs_random,mae,223,0.059996207009069824,2
specificity_spec_vs_random,mae,224,0.059539724793487014,2
specificity_spec_vs_random,mae,225,0.05938285336279048,2
specificity_spec_vs_random,mae,226,0.05875851033941393,2
specificity_spec_vs_random,mae,227,0.05861100627761351,2
specificity_spec_vs_random,mae,228,0.057538726828278985,2
specificity_spec_vs_random,mae,229,0.05696913217912325,2
specificity_spec_vs_random,mae,230,0.057597326910361346,2
specificity_spec_vs_random,mae,231,0.05750861114982575,2
specificity_spec_vs_random,mae,232,0.05702781935573942,2
specificity_spec_vs_random,mae,233,0.05609008490494505,2
specificity_spec_vs_random,mae,234,0.055429656039056585,2
specificity_spec_vs_random,mae,235,0.055533590856149395,2
specificity_spec_vs_random,mae,236,0.05405623528963455,2
specificity_spec_vs_random,mae,237,0.05366462900405322,2
specificity_spec_vs_random,mae,238,0.051994201673613016,2
specificity_spec_vs_random,mae,239,0.0511458002698717,2
specificity_spec_vs_random,mae,240,0.05074715484509662,2
specificity_spec_vs_random,mae,241,0.04965684616597965,2
specificity_spec_vs_random,mae,242,0.049081132375377035,2
specificity_spec_vs_random,mae,243,0.049022004716818834,2
specificity_spec_vs_random,mae,244,0.04799972561291055,2
specificity_spec_vs_random,mae,245,0.04761644200324211,2
specificity_spec_vs_random,mae,246,0.04731770600396645,2
specificity_spec_vs_random,mae,247,0.04689150087396898,2
specificity_spec_vs_random,mae,248,0.04685587356800136,2
specificity_spec_vs_random,mae,249,0.045903162334834935,2
specificity_spec_vs_random,mae,250,0.045191658645562516,2
specificity_spec_vs_random,mae,251,0.04542706159067045,2
specificity_spec_vs_random,mae,252,0.04548405630651953,2
specificity_spec_vs_random,mae,253,0.04520687871339524,2
specificity_spec_vs_random,mae,254,0.04458542047206748,2
specificity_spec_vs_random,mae,255,0.04453697088778963,2
specificity_spec_vs_random,mae,256,0.043549786261145584,2
specificity_spec_vs_random,mae,257,0.041035692296989,2
specificity_spec_vs_random,mae,258,0.04030900774967039,2
specificity_spec_vs_random,mae,259,0.039835491628583686,2
specificity_spec_vs_random,mae,260,0.038890476868944646,2
specificity_spec_vs_random,mae,261,0.03983810749593086,2
specificity_spec_vs_random,mae,262,0.03992438053865177,2
specificity_spec_vs_random,mae,263,0.03967107640825418,2
specificity_spec_vs_random,mae,264,0.04010725994411546,2
specificity_spec_vs_random,mae,265,0.03958497457027699,2
specificity_spec_vs_random,mae,266,0.03987280283850314,2
specificity_spec_vs_random,mae,267,0.03922354427790431,2
specificity_spec_vs_random,mae,268,0.03855690983592286,2
specificity_spec_vs_random,mae,269,0.03824439483020692,2
specificity_spec_vs_random,mae,270,0.0370954234389953,2
specificity_spec_vs_random,mae,271,0.03611834157219773,2
specificity_spec_vs_random,mae,272,0.03535145617939106,2
specificity_spec_vs_random,mae,273,0.03538573092137787,2
specificity_spec_vs_random,mae,274,0.034218831490822055,2
specificity_spec_vs_random,mae,275,0.03392823847900184,2
specificity_spec_vs_random,mae,276,0.03350366070473676,2
specificity_spec_vs_random,mae,277,0.03310432981787459,2
specificity_spec_vs_random,mae,278,0.03282633531920709,2
specificity_spec_vs_random,mae,279,0.03247029461951767,2
specificity_spec_vs_random,mae,280,0.03179159231427198,2
specificity_spec_vs_random,mae,281,0.03093465825148689,2
specificity_spec_vs_random,mae,282,0.029940932526348885,2
specificity_spec_vs_random,mae,283,0.029718890273551235,2
specificity_spec_vs_random,mae,284,0.029292992932357098,2
specificity_spec_vs_random,mae,285,0.027783225865118943,2
specificity_spec_vs_random,mae,286,0.02745574792049732,2
specificity_spec_vs_random,mae,287,0.027171362712026248,2
specificity_spec_vs_random,mae,288,0.026705865044132082,2
specificity_spec_vs_random,mae,289,0.026439561918305543,2
specificity_spec_vs_random,mae,290,0.02598866693837687,2
specificity_spec_vs_random,mae,291,0.025704528980632357,2
specificity_spec_vs_random,mae,292,0.025228769595504463,2
specificity_spec_vs_random,mae,293,0.024244061805143158,2
specificity_spec_vs_random,mae,294,0.0238703200459911,2
specificity_spec_vs_random,mae,295,0.022900234341420855,2
specificity_spec_vs_random,mae,296,0.02209477980971153,2
specificity_spec_vs_random,mae,297,0.021840295871120574,2
specificity_spec_vs_random,mae,298,0.02139113515342128,2
specificity_spec_vs_random,mae,299,0.020795408159428597,2
specificity_spec_vs_random,mae,300,0.020283024591454257,2
specificity_spec_vs_random,mae,301,0.020442417273571767,2
specificity_spec_vs_random,mae,302,0.020510837488183498,3
specificity_spec_vs_random,mae,303,0.019614546873780725,2
specificity_spec_vs_random,mae,304,0.018557072678850872,2
specificity_spec_vs_random,mae,305,0.018024171021009394,2
specificity_spec_vs_random,mae,306,0.01772554151239003,3
specificity_spec_vs_random,mae,307,0.017455261493661833,3
specificity_spec_vs_random,mae,308,0.017229049863525248,3
specificity_spec_vs_random,mae,309,0.01715348908834402,3
specificity_spec_vs_random,mae,310,0.016556106448633034,3
specificity_spec_vs_random,mae,311,0.01689450211530108,3
specificity_spec_vs_random,mae,312,0.01630884925031939,3
specificity_spec_vs_random,mae,313,0.015343426528875437,3
specificity_spec_vs_random,mae,314,0.014565804184760722,3
specificity_spec_vs_random,mae,315,0.014063706815243826,3
specificity_spec_vs_random,mae,316,0.014261100767303247,3
specificity_spec_vs_random,mae,317,0.014431014088212013,3
specificity_spec_vs_random,mae,318,0.014119077205396735,3
specificity_spec_vs_random,mae,319,0.014143017419501192,3
specificity_spec_vs_random,mae,320,0.013049350507858826,3
specificity_spec_vs_random,mae,321,0.013597359836756695,3
specificity_spec_vs_random,mae,322,0.012769888709149857,3
specificity_spec_vs_random,mae,323,0.01276033655333908,3
specificity_spec_vs_random,mae,324,0.012317750745201028,3
specificity_spec_vs_random,mae,325,0.012023619049967849,3
specificity_spec_vs_random,mae,326,0.011305909332524067,3
specificity_spec_vs_random,mae,327,0.010980618229681216,3
specificity_spec_vs_random,mae,328,0.010839447044157513,3
specificity_spec_vs_random,mae,329,0.01005522318880736,3
specificity_spec_vs_random,mae,330,0.010674724382655487,3
specificity_spec_vs_random,mae,331,0.010508725195659263,3
specificity_spec_vs_random,mae,332,0.009446584768291189,3
specificity_spec_vs_random,mae,333,0.00940582079727914,3
specificity_spec_vs_random,mae,334,0.008771883006488679,3
specificity_spec_vs_random,mae,335,0.00871381773402291,3
specificity_spec_vs_random,mae,336,0.00863640615202943,3
specificity_spec_vs_random,mae,337,0.008376667048464181,3
specificity_spec_vs_random,mae,338,0.007717500899688812,3
specificity_spec_vs_random,mae,339,0.00751616070727712,3
specificity_spec_vs_random,mae,340,0.006644414261316456,3
specificity_spec_vs_random,mae,341,0.006737114805195343,3
specificity_spec_vs_random,mae,342,0.006793758110450465,3
specificity_spec_vs_random,mae,343,0.006890352745472228,3
specificity_spec_vs_random,mae,344,0.006585774071563577,3
specificity_spec_vs_random,mae,345,0.006327094967386593,3
specificity_spec_vs_random,mae,346,0.006072726791488403,3
specificity_spec_vs_random,mae,347,0.005932705563682639,3
specificity_spec_vs_random,mae,348,0.00609451724178367,3
specificity_spec_vs_random,mae,349,0.006406562862750764,3
specificity_spec_vs_random,mae,350,0.005697619158238076,3
specificity_spec_vs_random,mae,351,0.005365424125125529,3
specificity_spec_vs_random,mae,352,0.004563991141497414,3
specificity_spec_vs_random,mae,353,0.003165456386631238,3
specificity_spec_vs_random,mae,354,0.0025385986205228583,3
specificity_spec_vs_random,mae,355,0.002523430516294667,3
specificity_spec_vs_random,mae,356,0.002324721086206516,3
specificity_spec_vs_random,mae,357,0.0023876872522632375,3
specificity_spec_vs_random,mae,358,0.0018713251168112066,3
specificity_spec_vs_random,mae,359,0.002152796116492439,3
specificity_spec_vs_random,mae,360,0.0020179615446935806,3
specificity_spec_vs_random,mae,361,0.00168694750232401,3
specificity_spec_vs_random,mae,362,0.0012542060977405178,3
specificity_spec_vs_random,mae,363,0.0015539600993008662,3
specificity_spec_vs_random,mae,364,0.0010626564002569339,3
specificity_spec_vs_random,mae,365,0.001422366397634267,3
specificity_spec_vs_random,mae,366,0.001573913300003671,3
specificity_spec_vs_random,mae,367,0.002125016171039551,3
specificity_spec_vs_random,mae,368,0.0017003457250064358,3
specificity_spec_vs_random,mae,369,0.0010039624094471122,3
specificity_spec_vs_random,mae,370,0.0008510010992801575,3
specificity_spec_vs_random,mae,371,0.0002786733917004014,3
specificity_spec_vs_random,mae,372,4.832585045244642e-05,3
specificity_spec_vs_random,mae,373,-0.000789033247658999,3
specificity_spec_vs_random,mae,374,-0.0013737136453917387,3
specificity_spec_vs_random,mae,375,-0.0011025721116708631,3
specificity_spec_vs_random,mae,376,-0.0010354561341441304,3
specificity_spec_vs_random,mae,377,-0.0019280026808843331,3
specificity_spec_vs_random,mae,378,-0.0021506749054744922,3
specificity_spec_vs_random,mae,379,-0.0022009327631633546,3
specificity_spec_vs_random,mae,380,-0.0029538805230577836,3
specificity_spec_vs_random,mae,381,-0.0031078239348825143,3
specificity_spec_vs_random,mae,382,-0.0030736652863661007,3
specificity_spec_vs_random,mae,383,-0.003068906972589769,3
specificity_spec_vs_random,mae,384,-0.0037011035223422084,3
specificity_spec_vs_random,mae,385,-0.0039697025382601225,3
specificity_spec_vs_random,mae,386,-0.003934597972721221,3
specificity_spec_vs_random,mae,387,-0.004643023115589173,3
specificity_spec_vs_random,mae,388,-0.004451064941977112,3
specificity_spec_vs_random,mae,389,-0.004178819991909055,3
specificity_spec_vs_random,mae,390,-0.003998287981494819,3
specificity_spec_vs_random,mae,391,-0.004772092136602346,3
specificity_spec_vs_random,mae,392,-0.004673772372187912,3
specificity_spec_vs_random,mae,393,-0.005142454085178549,3
specificity_spec_vs_random,mae,394,-0.005258715938905034,3
specificity_spec_vs_random,mae,395,-0.005532891458062128,3
specificity_spec_vs_random,mae,396,-0.005367565353757708,3
specificity_spec_vs_random,mae,397,-0.005441143201851961,3
specificity_spec_vs_random,mae,398,-0.005854420937174698,3
specificity_spec_vs_random,mae,399,-0.005875290725485538,3
specificity_spec_vs_random,mae,400,-0.005708136837259126,3
specificity_spec_vs_random,mae,401,-0.0060908612317445154,3
specificity_spec_vs_random,mae,402,-0.005568253631165199,3
specificity_spec_vs_random,mae,403,-0.005934911278615562,3
specificity_spec_vs_random,mae,404,-0.0062501461135289205,3
specificity_spec_vs_random,mae,405,-0.0058417146200562264,3
specificity_spec_vs_random,mae,406,-0.006072820751872321,3
specificity_spec_vs_random,mae,407,-0.006334833756720393,3
specificity_spec_vs_random,mae,408,-0.0054805903901189446,3
specificity_spec_vs_random,mae,409,-0.005800841830827519,3
specificity_spec_vs_random,mae,410,-0.006131337589718733,3
specificity_spec_vs_random,mae,411,-0.006341749329710211,3
specificity_spec_vs_random,mae,412,-0.006911824966873148,3
specificity_spec_vs_random,mae,413,-0.00677484357273439,3
specificity_spec_vs_random,mae,414,-0.00712812397825946,3
specificity_spec_vs_random,mae,415,-0.006760393963034517,3
specificity_spec_vs_random,mae,416,-0.006343876902614731,3
specificity_spec_vs_random,mae,417,-0.006720362974048655,3
specificity_spec_vs_random,mae,418,-0.007405363650427876,3
specificity_spec_vs_random,mae,419,-0.00802819129706922,3
specificity_spec_vs_random,mae,420,-0.008503880915613493,3
specificity_spec_vs_random,mae,421,-0.008373522295723745,3
specificity_spec_vs_random,mae,422,-0.008022500123898713,3
specificity_spec_vs_random,mae,423,-0.007800212076818358,3
specificity_spec_vs_random,mae,424,-0.00788784634432993,3
specificity_spec_vs_random,mae,425,-0.00979877065595769,3
specificity_spec_vs_random,mae,426,-0.009240094874476412,3
specificity_spec_vs_random,mae,427,-0.009517149707343187,3
specificity_spec_vs_random,mae,428,-0.010388818745463713,3
specificity_spec_vs_random,mae,429,-0.010382566251050385,3
specificity_spec_vs_random,mae,430,-0.011233783801825048,3
specificity_spec_vs_random,mae,431,-0.010813652317984701,3
specificity_spec_vs_random,mae,432,-0.010395609506541614,3
specificity_spec_vs_random,mae,433,-0.01032996306478795,3
specificity_spec_vs_random,mae,434,-0.010494463904886508,3
specificity_spec_vs_random,mae,435,-0.011240409032253762,3
specificity_spec_vs_random,mae,436,-0.011683484035562852,3
specificity_spec_vs_random,mae,437,-0.012431190809436554,3
specificity_spec_vs_random,mae,438,-0.012490497801334044,3
specificity_spec_vs_random,mae,439,-0.01228494772862243,3
specificity_spec_vs_random,mae,440,-0.012967533670769082,3
specificity_spec_vs_random,mae,441,-0.013811543127040249,3
specificity_spec_vs_random,mae,442,-0.013871990850198301,3
specificity_spec_vs_random,mae,443,-0.014165222617856799,3
specificity_spec_vs_random,mae,444,-0.014453904080087288,3
specificity_spec_vs_random,mae,445,-0.014279426011845064,3
specificity_spec_vs_random,mae,446,-0.014560656008706374,3
specificity_spec_vs_random,mae,447,-0.014685040167770058,3
specificity_spec_vs_random,mae,448,-0.015191851477367457,3
specificity_spec_vs_random,mae,449,-0.015799850171018814,3
specificity_spec_vs_random,mae,450,-0.015266750990108324,3
specificity_spec_vs_random,mae,451,-0.015967996926038452,3
specificity_spec_vs_random,mae,452,-0.016455960915977563,3
specificity_spec_vs_random,mae,453,-0.017567942014060645,3
specificity_spec_vs_random,mae,454,-0.017013553018774275,3
specificity_spec_vs_random,mae,455,-0.017116746478329503,3
specificity_spec_vs_random,mae,456,-0.017650973260838754,3
specificity_spec_vs_random,mae,457,-0.018428993532484395,3
specificity_spec_vs_random,mae,458,-0.018426659539980683,3
specificity_spec_vs_random,mae,459,-0.018683257905836026,3
specificity_spec_vs_random,mae,460,-0.01892955898051607,3
specificity_spec_vs_random,mae,461,-0.018852210181237172,3
specificity_spec_vs_random,mae,462,-0.018837037212902086,3
specificity_spec_vs_random,mae,463,-0.018732789634701152,3
specificity_spec_vs_random,mae,464,-0.01899323157281918,3
specificity_spec_vs_random,mae,465,-0.018705119592443697,3
specificity_spec_vs_random,mae,466,-0.018575776443141567,3
specificity_spec_vs_random,mae,467,-0.018830827006477424,3
specificity_spec_vs_random,mae,468,-0.019350651552312303,3
specificity_spec_vs_random,mae,469,-0.019588127301837233,3
specificity_spec_vs_random,mae,470,-0.01929063881733084,3
specificity_spec_vs_random,mae,471,-0.019035406436216373,3
specificity_spec_vs_random,mae,472,-0.019796856239495675,3
specificity_spec_vs_random,mae,473,-0.019573163077029054,3
specificity_spec_vs_random,mae,474,-0.019615046601735298,3
specificity_spec_vs_random,mae,475,-0.01961508472195783,3
specificity_spec_vs_random,mae,476,-0.019968785943682565,3
specificity_spec_vs_random,mae,477,-0.020135945138528566,3
specificity_spec_vs_random,mae,478,-0.02040372705496729,3
specificity_spec_vs_random,mae,479,-0.02042667526794162,3
specificity_spec_vs_random,mae,480,-0.020046209203086196,3
specificity_spec_vs_random,mae,481,-0.019642705225508816,3
specificity_spec_vs_random,mae,482,-0.019908433658564206,3
specificity_spec_vs_random,mae,483,-0.020607690281220226,3
specificity_spec_vs_random,mae,484,-0.020329150201374713,3
specificity_spec_vs_random,mae,485,-0.020474651909254682,3
specificity_spec_vs_random,mae,486,-0.020250869869542498,3
specificity_spec_vs_random,mae,487,-0.021171983316858878,3
specificity_spec_vs_random,mae,488,-0.021076120345764338,3
specificity_spec_vs_random,mae,489,-0.02114866301933027,3
specificity_spec_vs_random,mae,490,-0.02160942158115242,3
specificity_spec_vs_random,mae,491,-0.021689692688362516,3
specificity_spec_vs_random,mae,492,-0.021238599356308008,3
specificity_spec_vs_random,mae,493,-0.021681110883167154,3
specificity_spec_vs_random,mae,494,-0.02129689248751898,3
specificity_spec_vs_random,mae,495,-0.021346816028515736,3
specificity_spec_vs_random,mae,496,-0.021520814684838907,3
specificity_spec_vs_random,mae,497,-0.02140182253538292,3
specificity_spec_vs_random,mae,498,-0.021338936430990163,3
specificity_spec_vs_random,mae,499,-0.020964677934980358,3
specificity_spec_vs_random,mae,500,-0.021036766372981575,3
specificity_spec_vs_random,mae,501,-0.020483478854338433,3
specificity_spec_vs_random,mae,502,-0.020821466271212508,3
specificity_spec_vs_random,mae,503,-0.020786993167078993,3
specificity_spec_vs_random,mae,504,-0.0208420396445419,3
specificity_spec_vs_random,mae,505,-0.020753605312855417,3
specificity_spec_vs_random,mae,506,-0.020588071195366542,3
specificity_spec_vs_random,mae,507,-0.020937695552325497,3
specificity_spec_vs_random,mae,508,-0.021353504946912683,3
specificity_spec_vs_random,mae,509,-0.021349852750069953,3
specificity_spec_vs_random,mae,510,-0.021143737978357446,3
specificity_spec_vs_random,mae,511,-0.021383246138895196,3
specificity_spec_vs_random,mae,512,-0.021559445145953315,3
specificity_spec_vs_random,mae,513,-0.02192371876614141,3
specificity_spec_vs_random,mae,514,-0.02195590340591913,3
specificity_spec_vs_random,mae,515,-0.022347496429382385,3
specificity_spec_vs_random,mae,516,-0.022516743776530568,3
specificity_spec_vs_random,mae,517,-0.022680457269639298,3
specificity_spec_vs_random,mae,518,-0.022401767002699913,3
specificity_spec_vs_random,mae,519,-0.02287386100404243,3
specificity_spec_vs_random,mae,520,-0.023418618814985415,3
specificity_spec_vs_random,mae,521,-0.0235772423394498,3
specificity_spec_vs_random,mae,522,-0.02388142086061862,3
specificity_spec_vs_random,mae,523,-0.023894522124203732,3
specificity_spec_vs_random,mae,524,-0.024128741635704998,3
specificity_spec_vs_random,mae,525,-0.02371779316892253,3
specificity_spec_vs_random,mae,526,-0.023648586448228315,3
specificity_spec_vs_random,mae,527,-0.02353869018774768,3
specificity_spec_vs_random,mae,528,-0.02427586100913981,3
specificity_spec_vs_random,mae,529,-0.024286470963761353,3
specificity_spec_vs_random,mae,530,-0.024952329986456245,3
specificity_spec_vs_random,mae,531,-0.02529016753772151,3
specificity_spec_vs_random,mae,532,-0.025597023827181875,3
specificity_spec_vs_random,mae,533,-0.025105690140838632,3
specificity_spec_vs_random,mae,534,-0.024966545390538997,3
specificity_spec_vs_random,mae,535,-0.025165417078110153,3
specificity_spec_vs_random,mae,536,-0.02532425491061696,3
specificity_spec_vs_random,mae,537,-0.025428086860597165,3
specificity_spec_vs_random,mae,538,-0.025165399969435676,3
specificity_spec_vs_random,mae,539,-0.02563129172596934,3
specificity_spec_vs_random,mae,540,-0.02524562833439603,3
specificity_spec_vs_random,mae,541,-0.0252908625137116,3
specificity_spec_vs_random,mae,542,-0.02514121192247032,3
specificity_spec_vs_random,mae,543,-0.025642711621716163,3
specificity_spec_vs_random,mae,544,-0.025812793365105335,3
specificity_spec_vs_random,mae,545,-0.026275960416428656,3
specificity_spec_vs_random,mae,546,-0.026723209165542272,3
specificity_spec_vs_random,mae,547,-0.026728314080417537,3
specificity_spec_vs_random,mae,548,-0.02725635044728225,3
specificity_spec_vs_random,mae,549,-0.027511036320768678,3
specificity_spec_vs_random,mae,550,-0.027893268068941435,3
specificity_spec_vs_random,mae,551,-0.02764244489274592,3
specificity_spec_vs_random,mae,552,-0.027521111006085786,3
specificity_spec_vs_random,mae,553,-0.027893209787521744,3
specificity_spec_vs_random,mae,554,-0.028775279094401807,3
specificity_spec_vs_random,mae,555,-0.028451956717847615,3
specificity_spec_vs_random,mae,556,-0.028270326366313103,3
specificity_spec_vs_random,mae,557,-0.028335273536510552,3
specificity_spec_vs_random,mae,558,-0.028612236446632355,3
specificity_spec_vs_random,mae,559,-0.029030147958093444,3
specificity_spec_vs_random,mae,560,-0.029002422513055848,3
specificity_spec_vs_random,mae,561,-0.02934909969680044,3
specificity_spec_vs_random,mae,562,-0.029083705419568062,3
specificity_spec_vs_random,mae,563,-0.028928969812767047,3
specificity_spec_vs_random,mae,564,-0.02900327758455168,3
specificity_spec_vs_random,mae,565,-0.029088393000473722,3
specificity_spec_vs_random,mae,566,-0.02938666296858905,3
specificity_spec_vs_random,mae,567,-0.03014221867819078,3
specificity_spec_vs_random,mae,568,-0.03067759228700062,3
specificity_spec_vs_random,mae,569,-0.030753033183219536,3
specificity_spec_vs_random,mae,570,-0.030574005356296396,3
specificity_spec_vs_random,mae,571,-0.030335634159963654,3
specificity_spec_vs_random,mae,572,-0.030487165651984505,3
specificity_spec_vs_random,mae,573,-0.030409995770832587,3
specificity_spec_vs_random,mae,574,-0.030813115846233252,3
specificity_spec_vs_random,mae,575,-0.03100972153945447,3
specificity_spec_vs_random,mae,576,-0.03152987831136489,3
specificity_spec_vs_random,mae,577,-0.03137467770645275,3
specificity_spec_vs_random,mae,578,-0.03153256396923876,3
specificity_spec_vs_random,mae,579,-0.031605640446406014,3
specificity_spec_vs_random,mae,580,-0.03125558187415223,3
specificity_spec_vs_random,mae,581,-0.031468379442110006,3
specificity_spec_vs_random,mae,582,-0.031322922201557635,3
specificity_spec_vs_random,mae,583,-0.031341315089916666,3
specificity_spec_vs_random,mae,584,-0.031180064400773144,3
specificity_spec_vs_random,mae,585,-0.03094387247471353,3
specificity_spec_vs_random,mae,586,-0.0310650016744618,3
specificity_spec_vs_random,mae,587,-0.031233970557018598,3
specificity_spec_vs_random,mae,588,-0.03134074294353972,3
specificity_spec_vs_random,mae,589,-0.031312774022600465,3
specificity_spec_vs_random,mae,590,-0.031317475526009275,3
specificity_spec_vs_random,mae,591,-0.03147862523126932,3
specificity_spec_vs_random,mae,592,-0.03105569401656849,3
specificity_spec_vs_random,mae,593,-0.031077710720399665,3
specificity_spec_vs_random,mae,594,-0.03165797650518831,3
specificity_spec_vs_random,mae,595,-0.03241759300175229,3
specificity_spec_vs_random,mae,596,-0.032744482146633835,3
specificity_spec_vs_random,mae,597,-0.033335805959906484,3
specificity_spec_vs_random,mae,598,-0.03323101507424875,3
specificity_spec_vs_random,mae,599,-0.033291395984116345,3
specificity_spec_vs_random,mae,600,-0.033573073967390066,3
specificity_spec_vs_random,mae,601,-0.03396457321410695,3
specificity_spec_vs_random,mae,602,-0.03390700805940838,3
specificity_spec_vs_random,mae,603,-0.03461841617816486,3
specificity_spec_vs_random,mae,604,-0.035048246619060475,3
specificity_spec_vs_random,mae,605,-0.03486394532985937,3
specificity_spec_vs_random,mae,606,-0.034198441126920276,3
specificity_spec_vs_random,mae,607,-0.03409071411285103,3
specificity_spec_vs_random,mae,608,-0.0342184546582458,3
specificity_spec_vs_random,mae,609,-0.034234218251079085,3
specificity_spec_vs_random,mae,610,-0.034161956476002064,3
specificity_spec_vs_random,mae,611,-0.03454487611895374,3
specificity_spec_vs_random,mae,612,-0.03474812983371711,3
specificity_spec_vs_random,mae,613,-0.03477503526843728,3
specificity_spec_vs_random,mae,614,-0.035262465984398084,3
specificity_spec_vs_random,mae,615,-0.03540684809328676,3
specificity_spec_vs_random,mae,616,-0.03559542396613935,3
specificity_spec_vs_random,mae,617,-0.036067369581191944,3
specificity_spec_vs_random,mae,618,-0.03654413666484224,3
specificity_spec_vs_random,mae,619,-0.036405484605888105,3
specificity_spec_vs_random,mae,620,-0.03705242465184222,3
specificity_spec_vs_random,mae,621,-0.037179467039458736,3
specificity_spec_vs_random,mae,622,-0.037236046358815056,3
specificity_spec_vs_random,mae,623,-0.03751723054898459,3
specificity_spec_vs_random,mae,624,-0.03734012461968028,3
specificity_spec_vs_random,mae,625,-0.03720821007065167,3
specificity_spec_vs_random,mae,626,-0.03762509999974073,3
specificity_spec_vs_random,mae,627,-0.03782856633823162,3
specificity_spec_vs_random,mae,628,-0.03809138066259932,3
specificity_spec_vs_random,mae,629,-0.03798785355276113,3
specificity_spec_vs_random,mae,630,-0.03783686497718097,3
specificity_spec_vs_random,mae,631,-0.03790559904339075,3
specificity_spec_vs_random,mae,632,-0.03789742408430552,3
specificity_spec_vs_random,mae,633,-0.03798646210717127,3
specificity_spec_vs_random,mae,634,-0.03795717248226582,3
specificity_spec_vs_random,mae,635,-0.037772926983818955,3
specificity_spec_vs_random,mae,636,-0.03758580401049594,3
specificity_spec_vs_random,mae,637,-0.0373796116763514,3
specificity_spec_vs_random,mae,638,-0.03735614100306872,3
specificity_spec_vs_random,mae,639,-0.03742722197033421,3
specificity_spec_vs_random,mae,640,-0.03768208248358995,3
specificity_spec_vs_random,mae,641,-0.037673851019996984,3
specificity_spec_vs_random,mae,642,-0.03755033731831947,3
specificity_spec_vs_random,mae,643,-0.03735034508953072,3
specificity_spec_vs_random,mae,644,-0.03751232076594668,3
specificity_spec_vs_random,mae,645,-0.037744393310028546,3
specificity_spec_vs_random,mae,646,-0.03757985802020025,3
specificity_spec_vs_random,mae,647,-0.03752212266031396,3
specificity_spec_vs_random,mae,648,-0.03751190922537617,3
specificity_spec_vs_random,mae,649,-0.03760475462592616,3
specificity_spec_vs_random,mae,650,-0.03811642124747827,3
specificity_spec_vs_random,mae,651,-0.03802938317111426,3
specificity_spec_vs_random,mae,652,-0.038177718195877564,3
specificity_spec_vs_random,mae,653,-0.038022233547192474,3
specificity_spec_vs_random,mae,654,-0.0380952875153584,3
specificity_spec_vs_random,mae,655,-0.03818883873293988,3
specificity_spec_vs_random,mae,656,-0.03823736628632446,3
specificity_spec_vs_random,mae,657,-0.03828806056038081,3
specificity_spec_vs_random,mae,658,-0.03809717100350163,3
specificity_spec_vs_random,mae,659,-0.03835762177857527,3
specificity_spec_vs_random,mae,660,-0.03881938952662756,3
specificity_spec_vs_random,mae,661,-0.03894341147759661,3
specificity_spec_vs_random,mae,662,-0.03956294239768843,3
specificity_spec_vs_random,mae,663,-0.03978732547995856,3
specificity_spec_vs_random,mae,664,-0.03966515502521473,3
specificity_spec_vs_random,mae,665,-0.039667203837217,3
specificity_spec_vs_random,mae,666,-0.03972620703897478,3
specificity_spec_vs_random,mae,667,-0.040182626400746546,3
specificity_spec_vs_random,mae,668,-0.040385061471068795,3
specificity_spec_vs_random,mae,669,-0.040557078793193035,3
specificity_spec_vs_random,mae,670,-0.04044166510475122,3
specificity_spec_vs_random,mae,671,-0.04056322193580986,3
specificity_spec_vs_random,mae,672,-0.04002825489706652,3
specificity_spec_vs_random,mae,673,-0.04004432555517967,3
specificity_spec_vs_random,mae,674,-0.04049097435778526,3
specificity_spec_vs_random,mae,675,-0.040800070680890865,3
specificity_spec_vs_random,mae,676,-0.04108348871365575,3
specificity_spec_vs_random,mae,677,-0.040955479133186756,3
specificity_spec_vs_random,mae,678,-0.04094898568837824,3
specificity_spec_vs_random,mae,679,-0.04103746441621148,3
specificity_spec_vs_random,mae,680,-0.04084870114199335,3
specificity_spec_vs_random,mae,681,-0.04113377166104604,3
specificity_spec_vs_random,mae,682,-0.04135220590154587,3
specificity_spec_vs_random,mae,683,-0.04147149433031405,3
specificity_spec_vs_random,mae,684,-0.041118710846037576,3
specificity_spec_vs_random,mae,685,-0.04115118216936109,3
specificity_spec_vs_random,mae,686,-0.04123354971951265,3
specificity_spec_vs_random,mae,687,-0.04111136554048045,3
specificity_spec_vs_random,mae,688,-0.04103027800555603,3
specificity_spec_vs_random,mae,689,-0.04093071007311044,3
specificity_spec_vs_random,mae,690,-0.04075496321810146,3
specificity_spec_vs_random,mae,691,-0.0410697561960327,3
specificity_spec_vs_random,mae,692,-0.041307917593138566,3
specificity_spec_vs_random,mae,693,-0.04125690904589918,3
specificity_spec_vs_random,mae,694,-0.041224463897433505,3
specificity_spec_vs_random,mae,695,-0.041449393997425865,3
specificity_spec_vs_random,mae,696,-0.041310712936657445,3
specificity_spec_vs_random,mae,697,-0.041372284203102794,3
specificity_spec_vs_random,mae,698,-0.041301218494649294,3
specificity_spec_vs_random,mae,699,-0.04121998351809486,3
specificity_spec_vs_random,mae,700,-0.04137893245208524,3
specificity_spec_vs_random,mae,701,-0.041766420150897154,3
specificity_spec_vs_random,mae,702,-0.041830805018892026,3
specificity_spec_vs_random,mae,703,-0.04203863649555606,3
specificity_spec_vs_random,mae,704,-0.04224691228563282,3
specificity_spec_vs_random,mae,705,-0.04232832808021891,3
specificity_spec_vs_random,mae,706,-0.0422221517688115,3
specificity_spec_vs_random,mae,707,-0.04263602649587028,3
specificity_spec_vs_random,mae,708,-0.04238968556848244,3
specificity_spec_vs_random,mae,709,-0.042164555361863254,3
specificity_spec_vs_random,mae,710,-0.042237374394225036,3
specificity_spec_vs_random,mae,711,-0.042837498426337994,3
specificity_spec_vs_random,mae,712,-0.04290837176532891,3
specificity_spec_vs_random,mae,713,-0.042893122865730327,3
specificity_spec_vs_random,mae,714,-0.04288814286645959,3
specificity_spec_vs_random,mae,715,-0.04286087747400025,3
specificity_spec_vs_random,mae,716,-0.043124408200734266,3
specificity_spec_vs_random,mae,717,-0.043049920368083416,3
specificity_spec_vs_random,mae,718,-0.043521665011025945,3
specificity_spec_vs_random,mae,719,-0.04361046180367367,3
specificity_spec_vs_random,mae,720,-0.04370740107070059,3
capacity_random_vs_a6,mse,1,2.7091889345652214,4
capacity_random_vs_a6,mse,2,0.012516022658866,3
capacity_random_vs_a6,mse,3,-1.0445773827739369,3
capacity_random_vs_a6,mse,4,-1.4288351249743547,2
capacity_random_vs_a6,mse,5,-1.4426788604380425,2
capacity_random_vs_a6,mse,6,-1.5809635514348175,2
capacity_random_vs_a6,mse,7,-1.636116051179244,2
capacity_random_vs_a6,mse,8,-1.8132941318759135,2
capacity_random_vs_a6,mse,9,-1.8725115855368757,2
capacity_random_vs_a6,mse,10,-1.8559602511802087,2
capacity_random_vs_a6,mse,11,-1.7816653616675526,2
capacity_random_vs_a6,mse,12,-1.7652774929678317,2
capacity_random_vs_a6,mse,13,-1.828369478307221,2
capacity_random_vs_a6,mse,14,-1.8511830675128313,2
capacity_random_vs_a6,mse,15,-1.8151992310918863,2
capacity_random_vs_a6,mse,16,-1.8082770184859198,2
capacity_random_vs_a6,mse,17,-1.7951365188057289,2
capacity_random_vs_a6,mse,18,-1.779207334030144,2
capacity_random_vs_a6,mse,19,-1.8209063613260201,1
capacity_random_vs_a6,mse,20,-1.7697977370247164,1
capacity_random_vs_a6,mse,21,-1.7069920997603938,1
capacity_random_vs_a6,mse,22,-1.68149899285585,1
capacity_random_vs_a6,mse,23,-1.6609763673383626,1
capacity_random_vs_a6,mse,24,-1.6623945172362053,1
capacity_random_vs_a6,mse,25,-1.6275434017261659,1
capacity_random_vs_a6,mse,26,-1.5945715173471742,1
capacity_random_vs_a6,mse,27,-1.5603346205513202,1
capacity_random_vs_a6,mse,28,-1.5331872822923343,2
capacity_random_vs_a6,mse,29,-1.504019933308609,2
capacity_random_vs_a6,mse,30,-1.4769105916325964,2
capacity_random_vs_a6,mse,31,-1.500931917010353,1
capacity_random_vs_a6,mse,32,-1.4640543456868937,1
capacity_random_vs_a6,mse,33,-1.4312474881601789,2
capacity_random_vs_a6,mse,34,-1.430049366184194,1
capacity_random_vs_a6,mse,35,-1.4410422934410083,1
capacity_random_vs_a6,mse,36,-1.4370657834590594,1
capacity_random_vs_a6,mse,37,-1.4271852707576271,1
capacity_random_vs_a6,mse,38,-1.4180211753080596,2
capacity_random_vs_a6,mse,39,-1.398432385184012,1
capacity_random_vs_a6,mse,40,-1.402302758001528,2
capacity_random_vs_a6,mse,41,-1.3882000458943677,2
capacity_random_vs_a6,mse,42,-1.37923574520469,2
capacity_random_vs_a6,mse,43,-1.3572165286853388,2
capacity_random_vs_a6,mse,44,-1.3594697076523476,2
capacity_random_vs_a6,mse,45,-1.3591547368657664,2
capacity_random_vs_a6,mse,46,-1.3453191808307863,2
capacity_random_vs_a6,mse,47,-1.3208716713101065,2
capacity_random_vs_a6,mse,48,-1.3374754479026696,2
capacity_random_vs_a6,mse,49,-1.3222303895456333,2
capacity_random_vs_a6,mse,50,-1.2799312111639982,2
capacity_random_vs_a6,mse,51,-1.250715007106471,2
capacity_random_vs_a6,mse,52,-1.1980131391119375,2
capacity_random_vs_a6,mse,53,-1.154132316827956,2
capacity_random_vs_a6,mse,54,-1.1422357275154083,2
capacity_random_vs_a6,mse,55,-1.1364328215569164,2
capacity_random_vs_a6,mse,56,-1.1174895041123745,2
capacity_random_vs_a6,mse,57,-1.0983102691768276,2
capacity_random_vs_a6,mse,58,-1.086834541860271,2
capacity_random_vs_a6,mse,59,-1.083526829127479,2
capacity_random_vs_a6,mse,60,-1.065552700565271,2
capacity_random_vs_a6,mse,61,-1.0567798114804905,2
capacity_random_vs_a6,mse,62,-1.0514310564441431,2
capacity_random_vs_a6,mse,63,-1.0230677281721112,2
capacity_random_vs_a6,mse,64,-1.0577153371691783,2
capacity_random_vs_a6,mse,65,-1.0399230170864238,2
capacity_random_vs_a6,mse,66,-1.047562402245208,2
capacity_random_vs_a6,mse,67,-1.0432363312420168,2
capacity_random_vs_a6,mse,68,-1.0354979339850545,2
capacity_random_vs_a6,mse,69,-1.036883719823436,2
capacity_random_vs_a6,mse,70,-1.0231949648138272,2
capacity_random_vs_a6,mse,71,-1.0295325294526991,2
capacity_random_vs_a6,mse,72,-1.0348051490834043,2
capacity_random_vs_a6,mse,73,-1.0219286166775787,2
capacity_random_vs_a6,mse,74,-1.010555498893333,2
capacity_random_vs_a6,mse,75,-0.9999182430274978,2
capacity_random_vs_a6,mse,76,-0.9903965655355229,2
capacity_random_vs_a6,mse,77,-1.0015696359319692,2
capacity_random_vs_a6,mse,78,-0.998594542068465,2
capacity_random_vs_a6,mse,79,-0.9975890510534668,2
capacity_random_vs_a6,mse,80,-0.9904481946915045,2
capacity_random_vs_a6,mse,81,-1.0043465782959915,2
capacity_random_vs_a6,mse,82,-1.0034375091497938,2
capacity_random_vs_a6,mse,83,-0.9958419057141144,2
capacity_random_vs_a6,mse,84,-0.9864790370499943,2
capacity_random_vs_a6,mse,85,-0.9845937091910884,2
capacity_random_vs_a6,mse,86,-0.9797767704796301,2
capacity_random_vs_a6,mse,87,-0.9719539787975462,2
capacity_random_vs_a6,mse,88,-0.9765076744882384,2
capacity_random_vs_a6,mse,89,-0.9931162546717198,2
capacity_random_vs_a6,mse,90,-1.0219501064484438,2
capacity_random_vs_a6,mse,91,-1.0347505406623214,2
capacity_random_vs_a6,mse,92,-1.0423386044577687,2
capacity_random_vs_a6,mse,93,-1.0536324935025032,2
capacity_random_vs_a6,mse,94,-1.0873877794149278,2
capacity_random_vs_a6,mse,95,-1.108118678090364,2
capacity_random_vs_a6,mse,96,-1.1093874241039736,2
capacity_random_vs_a6,mse,97,-1.12539875857802,2
capacity_random_vs_a6,mse,98,-1.137906832421609,2
capacity_random_vs_a6,mse,99,-1.1319320151790113,2
capacity_random_vs_a6,mse,100,-1.1336841107814832,2
capacity_random_vs_a6,mse,101,-1.1346214571516766,2
capacity_random_vs_a6,mse,102,-1.1212008461720435,2
capacity_random_vs_a6,mse,103,-1.1102092387813345,2
capacity_random_vs_a6,mse,104,-1.1101441140702417,2
capacity_random_vs_a6,mse,105,-1.1120271689921735,2
capacity_random_vs_a6,mse,106,-1.108940449201794,2
capacity_random_vs_a6,mse,107,-1.1194547238534613,2
capacity_random_vs_a6,mse,108,-1.1146560918175963,2
capacity_random_vs_a6,mse,109,-1.130454272757464,1
capacity_random_vs_a6,mse,110,-1.1384681516194295,1
capacity_random_vs_a6,mse,111,-1.1545658854685592,1
capacity_random_vs_a6,mse,112,-1.1546547609978242,1
capacity_random_vs_a6,mse,113,-1.1584993698320378,1
capacity_random_vs_a6,mse,114,-1.1653445492369552,1
capacity_random_vs_a6,mse,115,-1.1557260615803977,1
capacity_random_vs_a6,mse,116,-1.1639011795012788,1
capacity_random_vs_a6,mse,117,-1.1522392716897145,1
capacity_random_vs_a6,mse,118,-1.1600352496317168,1
capacity_random_vs_a6,mse,119,-1.1540809638424276,1
capacity_random_vs_a6,mse,120,-1.1406219829981934,1
capacity_random_vs_a6,mse,121,-1.1304027555053708,1
capacity_random_vs_a6,mse,122,-1.128798056023459,1
capacity_random_vs_a6,mse,123,-1.110253210510439,1
capacity_random_vs_a6,mse,124,-1.1098952519438376,1
capacity_random_vs_a6,mse,125,-1.1086205467254917,1
capacity_random_vs_a6,mse,126,-1.1072208161140384,1
capacity_random_vs_a6,mse,127,-1.1221772852385636,1
capacity_random_vs_a6,mse,128,-1.1220452299767647,1
capacity_random_vs_a6,mse,129,-1.1192213404328677,1
capacity_random_vs_a6,mse,130,-1.1247902954858136,1
capacity_random_vs_a6,mse,131,-1.1262480945425835,1
capacity_random_vs_a6,mse,132,-1.1246179222763608,1
capacity_random_vs_a6,mse,133,-1.1263120972740004,1
capacity_random_vs_a6,mse,134,-1.1269038920792473,1
capacity_random_vs_a6,mse,135,-1.1357086217063506,1
capacity_random_vs_a6,mse,136,-1.1509862001116744,1
capacity_random_vs_a6,mse,137,-1.1652255977496262,1
capacity_random_vs_a6,mse,138,-1.1648666302703514,1
capacity_random_vs_a6,mse,139,-1.1634799887975489,1
capacity_random_vs_a6,mse,140,-1.163466882351336,1
capacity_random_vs_a6,mse,141,-1.165244536348209,1
capacity_random_vs_a6,mse,142,-1.158369509165189,1
capacity_random_vs_a6,mse,143,-1.1712964640324963,1
capacity_random_vs_a6,mse,144,-1.1790550206715134,1
capacity_random_vs_a6,mse,145,-1.1746595509393853,1
capacity_random_vs_a6,mse,146,-1.1623149875643768,1
capacity_random_vs_a6,mse,147,-1.1553427942628813,1
capacity_random_vs_a6,mse,148,-1.1356825731404485,1
capacity_random_vs_a6,mse,149,-1.1304303830121554,1
capacity_random_vs_a6,mse,150,-1.129580628892668,1
capacity_random_vs_a6,mse,151,-1.1181086360457249,1
capacity_random_vs_a6,mse,152,-1.1081336423380694,1
capacity_random_vs_a6,mse,153,-1.1041975499201029,1
capacity_random_vs_a6,mse,154,-1.0991647729060094,1
capacity_random_vs_a6,mse,155,-1.1004115666063918,1
capacity_random_vs_a6,mse,156,-1.0982120879389856,1
capacity_random_vs_a6,mse,157,-1.0906716312436027,1
capacity_random_vs_a6,mse,158,-1.0885615533501203,1
capacity_random_vs_a6,mse,159,-1.0921796759560198,1
capacity_random_vs_a6,mse,160,-1.0850064124613845,1
capacity_random_vs_a6,mse,161,-1.0905770929806136,1
capacity_random_vs_a6,mse,162,-1.089744514387736,1
capacity_random_vs_a6,mse,163,-1.08307148586273,1
capacity_random_vs_a6,mse,164,-1.0950649213653252,1
capacity_random_vs_a6,mse,165,-1.0850652281389617,1
capacity_random_vs_a6,mse,166,-1.0881296191877765,1
capacity_random_vs_a6,mse,167,-1.0868943468043457,1
capacity_random_vs_a6,mse,168,-1.0956284123747984,1
capacity_random_vs_a6,mse,169,-1.0921083892985828,1
capacity_random_vs_a6,mse,170,-1.0856557083848273,1
capacity_random_vs_a6,mse,171,-1.0777499081490527,1
capacity_random_vs_a6,mse,172,-1.0638416018817476,1
capacity_random_vs_a6,mse,173,-1.054523142335333,1
capacity_random_vs_a6,mse,174,-1.0402186067029562,1
capacity_random_vs_a6,mse,175,-1.0262465168708879,1
capacity_random_vs_a6,mse,176,-1.0168984495965216,1
capacity_random_vs_a6,mse,177,-1.0081581610960066,1
capacity_random_vs_a6,mse,178,-1.0077905205092863,1
capacity_random_vs_a6,mse,179,-0.9955308764293447,1
capacity_random_vs_a6,mse,180,-0.9918707888757305,1
capacity_random_vs_a6,mse,181,-0.9827594514662419,1
capacity_random_vs_a6,mse,182,-0.9864867847705217,1
capacity_random_vs_a6,mse,183,-0.9811462870545617,1
capacity_random_vs_a6,mse,184,-0.9725891408491094,1
capacity_random_vs_a6,mse,185,-0.9708264214161111,1
capacity_random_vs_a6,mse,186,-0.975293708512166,1
capacity_random_vs_a6,mse,187,-0.9732121968526486,1
capacity_random_vs_a6,mse,188,-0.9672238227699803,1
capacity_random_vs_a6,mse,189,-0.9619633646991232,1
capacity_random_vs_a6,mse,190,-0.9599275490280457,1
capacity_random_vs_a6,mse,191,-0.9684690001148955,1
capacity_random_vs_a6,mse,192,-0.9676038576263357,1
capacity_random_vs_a6,mse,193,-0.9638596806488953,1
capacity_random_vs_a6,mse,194,-0.9675099926954744,1
capacity_random_vs_a6,mse,195,-0.9604509877427869,1
capacity_random_vs_a6,mse,196,-0.9544365243318453,1
capacity_random_vs_a6,mse,197,-0.9415188793016882,1
capacity_random_vs_a6,mse,198,-0.930713213876051,1
capacity_random_vs_a6,mse,199,-0.9235471388934635,1
capacity_random_vs_a6,mse,200,-0.9308785945937248,1
capacity_random_vs_a6,mse,201,-0.9312312740676187,1
capacity_random_vs_a6,mse,202,-0.9361519214779102,1
capacity_random_vs_a6,mse,203,-0.938915124777222,1
capacity_random_vs_a6,mse,204,-0.9428035626663145,1
capacity_random_vs_a6,mse,205,-0.9474408363362641,1
capacity_random_vs_a6,mse,206,-0.9474545034973869,1
capacity_random_vs_a6,mse,207,-0.9502931711111318,1
capacity_random_vs_a6,mse,208,-0.9491259685867415,1
capacity_random_vs_a6,mse,209,-0.9528925289855983,1
capacity_random_vs_a6,mse,210,-0.9552272036746401,1
capacity_random_vs_a6,mse,211,-0.95074960544828,1
capacity_random_vs_a6,mse,212,-0.9498825706811131,1
capacity_random_vs_a6,mse,213,-0.9564743958624122,1
capacity_random_vs_a6,mse,214,-0.945363185212742,1
capacity_random_vs_a6,mse,215,-0.942180815801843,1
capacity_random_vs_a6,mse,216,-0.9383727481381721,1
capacity_random_vs_a6,mse,217,-0.9266903453053588,1
capacity_random_vs_a6,mse,218,-0.9273413547094345,1
capacity_random_vs_a6,mse,219,-0.9194253201629721,1
capacity_random_vs_a6,mse,220,-0.9172219171089036,1
capacity_random_vs_a6,mse,221,-0.9034699621067754,1
capacity_random_vs_a6,mse,222,-0.9034358626272643,1
capacity_random_vs_a6,mse,223,-0.8921644294649411,1
capacity_random_vs_a6,mse,224,-0.8933294023684324,1
capacity_random_vs_a6,mse,225,-0.8895152764582415,1
capacity_random_vs_a6,mse,226,-0.88695546558472,1
capacity_random_vs_a6,mse,227,-0.8896722515018562,1
capacity_random_vs_a6,mse,228,-0.8905736899227712,1
capacity_random_vs_a6,mse,229,-0.8923506580945273,1
capacity_random_vs_a6,mse,230,-0.8935216481326691,1
capacity_random_vs_a6,mse,231,-0.894723277357885,1
capacity_random_vs_a6,mse,232,-0.8986058358100357,1
capacity_random_vs_a6,mse,233,-0.8979220906858743,1
capacity_random_vs_a6,mse,234,-0.903395324563987,1
capacity_random_vs_a6,mse,235,-0.9109100877833498,1
capacity_random_vs_a6,mse,236,-0.9086315396071387,1
capacity_random_vs_a6,mse,237,-0.9040445220086513,1
capacity_random_vs_a6,mse,238,-0.898976597487875,1
capacity_random_vs_a6,mse,239,-0.8921483898898375,1
capacity_random_vs_a6,mse,240,-0.8845386044762615,1
capacity_random_vs_a6,mse,241,-0.8765573149843142,1
capacity_random_vs_a6,mse,242,-0.8696384213246455,1
capacity_random_vs_a6,mse,243,-0.8631142108013456,1
capacity_random_vs_a6,mse,244,-0.8566301499770246,1
capacity_random_vs_a6,mse,245,-0.8465155631747145,2
capacity_random_vs_a6,mse,246,-0.8421635529315585,2
capacity_random_vs_a6,mse,247,-0.8405782735219369,2
capacity_random_vs_a6,mse,248,-0.8366562872384065,2
capacity_random_vs_a6,mse,249,-0.8371311431378103,2
capacity_random_vs_a6,mse,250,-0.8313860594353373,2
capacity_random_vs_a6,mse,251,-0.8247821668492272,2
capacity_random_vs_a6,mse,252,-0.8206734931691773,2
capacity_random_vs_a6,mse,253,-0.815365248445532,2
capacity_random_vs_a6,mse,254,-0.8104307833034929,2
capacity_random_vs_a6,mse,255,-0.8071472380625977,2
capacity_random_vs_a6,mse,256,-0.8131145067148227,2
capacity_random_vs_a6,mse,257,-0.8190430374591684,2
capacity_random_vs_a6,mse,258,-0.8197179535983667,2
capacity_random_vs_a6,mse,259,-0.8184148943166103,2
capacity_random_vs_a6,mse,260,-0.8115863632294351,2
capacity_random_vs_a6,mse,261,-0.8100819024896722,2
capacity_random_vs_a6,mse,262,-0.8158923886509184,2
capacity_random_vs_a6,mse,263,-0.818217765624305,2
capacity_random_vs_a6,mse,264,-0.8128692387085112,2
capacity_random_vs_a6,mse,265,-0.811150330107242,2
capacity_random_vs_a6,mse,266,-0.8043783896651258,2
capacity_random_vs_a6,mse,267,-0.7974922215330582,2
capacity_random_vs_a6,mse,268,-0.7897154550163488,2
capacity_random_vs_a6,mse,269,-0.7845634232935073,2
capacity_random_vs_a6,mse,270,-0.7762134138228527,2
capacity_random_vs_a6,mse,271,-0.7694710528011339,2
capacity_random_vs_a6,mse,272,-0.7629081048189379,2
capacity_random_vs_a6,mse,273,-0.7618629033039714,2
capacity_random_vs_a6,mse,274,-0.7597669450075584,2
capacity_random_vs_a6,mse,275,-0.7628943107484498,2
capacity_random_vs_a6,mse,276,-0.7631824903800144,2
capacity_random_vs_a6,mse,277,-0.7567566953078764,2
capacity_random_vs_a6,mse,278,-0.7591871834988839,2
capacity_random_vs_a6,mse,279,-0.7564514929696919,2
capacity_random_vs_a6,mse,280,-0.7603278856556694,2
capacity_random_vs_a6,mse,281,-0.7690860087291829,2
capacity_random_vs_a6,mse,282,-0.7812866813243735,2
capacity_random_vs_a6,mse,283,-0.7830468253665201,2
capacity_random_vs_a6,mse,284,-0.7831119873726533,2
capacity_random_vs_a6,mse,285,-0.7927052293350378,2
capacity_random_vs_a6,mse,286,-0.7914220774758918,2
capacity_random_vs_a6,mse,287,-0.7864256571034733,2
capacity_random_vs_a6,mse,288,-0.78635729190214,2
capacity_random_vs_a6,mse,289,-0.7873192383212224,2
capacity_random_vs_a6,mse,290,-0.787875735373631,2
capacity_random_vs_a6,mse,291,-0.7862734570481411,2
capacity_random_vs_a6,mse,292,-0.7848289352399118,2
capacity_random_vs_a6,mse,293,-0.7772993686031193,2
capacity_random_vs_a6,mse,294,-0.7743639123568413,2
capacity_random_vs_a6,mse,295,-0.7768319363871079,2
capacity_random_vs_a6,mse,296,-0.7712939529592711,2
capacity_random_vs_a6,mse,297,-0.7747785958817266,2
capacity_random_vs_a6,mse,298,-0.7753682337596857,2
capacity_random_vs_a6,mse,299,-0.7757354282915574,2
capacity_random_vs_a6,mse,300,-0.7781459104923028,2
capacity_random_vs_a6,mse,301,-0.7802679903893828,1
capacity_random_vs_a6,mse,302,-0.7851769854548829,2
capacity_random_vs_a6,mse,303,-0.7847186171082021,2
capacity_random_vs_a6,mse,304,-0.7848248331247643,2
capacity_random_vs_a6,mse,305,-0.7846253269303016,2
capacity_random_vs_a6,mse,306,-0.782338762344621,2
capacity_random_vs_a6,mse,307,-0.78206739456395,2
capacity_random_vs_a6,mse,308,-0.7829566271064703,2
capacity_random_vs_a6,mse,309,-0.7853431564596747,2
capacity_random_vs_a6,mse,310,-0.7871549247412513,2
capacity_random_vs_a6,mse,311,-0.7878852268898395,2
capacity_random_vs_a6,mse,312,-0.7852377761017082,2
capacity_random_vs_a6,mse,313,-0.7830939838374973,2
capacity_random_vs_a6,mse,314,-0.7811030829573173,2
capacity_random_vs_a6,mse,315,-0.7823544852633235,2
capacity_random_vs_a6,mse,316,-0.7812436768885878,2
capacity_random_vs_a6,mse,317,-0.7761174439321716,2
capacity_random_vs_a6,mse,318,-0.7720751128380399,2
capacity_random_vs_a6,mse,319,-0.7678073728352075,2
capacity_random_vs_a6,mse,320,-0.7712355762579826,2
capacity_random_vs_a6,mse,321,-0.7757565510975595,2
capacity_random_vs_a6,mse,322,-0.777084345078678,2
capacity_random_vs_a6,mse,323,-0.778275972319582,2
capacity_random_vs_a6,mse,324,-0.7807350837094207,2
capacity_random_vs_a6,mse,325,-0.7852618300098557,2
capacity_random_vs_a6,mse,326,-0.785114686571402,2
capacity_random_vs_a6,mse,327,-0.7919543848008526,2
capacity_random_vs_a6,mse,328,-0.7969363484090652,2
capacity_random_vs_a6,mse,329,-0.7911073957782722,2
capacity_random_vs_a6,mse,330,-0.790236530602535,2
capacity_random_vs_a6,mse,331,-0.7891427756470137,2
capacity_random_vs_a6,mse,332,-0.7861262189839047,2
capacity_random_vs_a6,mse,333,-0.7877351223235762,2
capacity_random_vs_a6,mse,334,-0.7845640871397919,2
capacity_random_vs_a6,mse,335,-0.7879629096995866,2
capacity_random_vs_a6,mse,336,-0.7925836895690952,2
capacity_random_vs_a6,mse,337,-0.7945150985919369,2
capacity_random_vs_a6,mse,338,-0.7930300088510944,2
capacity_random_vs_a6,mse,339,-0.7912436916879972,2
capacity_random_vs_a6,mse,340,-0.7843675700397768,2
capacity_random_vs_a6,mse,341,-0.7778283857770307,2
capacity_random_vs_a6,mse,342,-0.7743906765927533,2
capacity_random_vs_a6,mse,343,-0.7708869867591805,2
capacity_random_vs_a6,mse,344,-0.7666918179640647,2
capacity_random_vs_a6,mse,345,-0.769516607507772,2
capacity_random_vs_a6,mse,346,-0.7748499114137264,2
capacity_random_vs_a6,mse,347,-0.7722650956770383,2
capacity_random_vs_a6,mse,348,-0.7699768133441642,2
capacity_random_vs_a6,mse,349,-0.7711301318483144,2
capacity_random_vs_a6,mse,350,-0.7674829195234589,2
capacity_random_vs_a6,mse,351,-0.7664158027782242,2
capacity_random_vs_a6,mse,352,-0.7656843719751549,2
capacity_random_vs_a6,mse,353,-0.769436272682833,2
capacity_random_vs_a6,mse,354,-0.7677816323820763,2
capacity_random_vs_a6,mse,355,-0.7603374945911212,2
capacity_random_vs_a6,mse,356,-0.759596582793558,2
capacity_random_vs_a6,mse,357,-0.7606194616922402,2
capacity_random_vs_a6,mse,358,-0.7602300868931899,2
capacity_random_vs_a6,mse,359,-0.7588798264379881,2
capacity_random_vs_a6,mse,360,-0.7552752400007057,2
capacity_random_vs_a6,mse,361,-0.7502414904317933,2
capacity_random_vs_a6,mse,362,-0.7397308726638463,2
capacity_random_vs_a6,mse,363,-0.7346211913298673,2
capacity_random_vs_a6,mse,364,-0.7291136163228362,2
capacity_random_vs_a6,mse,365,-0.7217818562615075,2
capacity_random_vs_a6,mse,366,-0.7172695945713237,2
capacity_random_vs_a6,mse,367,-0.7099402678828404,2
capacity_random_vs_a6,mse,368,-0.708175498367738,2
capacity_random_vs_a6,mse,369,-0.7072499239198016,2
capacity_random_vs_a6,mse,370,-0.7051200691258397,2
capacity_random_vs_a6,mse,371,-0.7052667953070757,2
capacity_random_vs_a6,mse,372,-0.7038725315611716,2
capacity_random_vs_a6,mse,373,-0.6982432233250457,2
capacity_random_vs_a6,mse,374,-0.6982456888654154,2
capacity_random_vs_a6,mse,375,-0.699182227131594,2
capacity_random_vs_a6,mse,376,-0.7021792088068834,2
capacity_random_vs_a6,mse,377,-0.7055144928307189,2
capacity_random_vs_a6,mse,378,-0.7101046439943048,2
capacity_random_vs_a6,mse,379,-0.7107296185853751,2
capacity_random_vs_a6,mse,380,-0.7156115438858857,2
capacity_random_vs_a6,mse,381,-0.7137506747525091,2
capacity_random_vs_a6,mse,382,-0.7109678074340864,2
capacity_random_vs_a6,mse,383,-0.7119501908125914,2
capacity_random_vs_a6,mse,384,-0.7111928215311769,2
capacity_random_vs_a6,mse,385,-0.7086832165057788,2
capacity_random_vs_a6,mse,386,-0.707553845344604,2
capacity_random_vs_a6,mse,387,-0.7007942145956325,2
capacity_random_vs_a6,mse,388,-0.7004137681934064,2
capacity_random_vs_a6,mse,389,-0.7013304978262158,2
capacity_random_vs_a6,mse,390,-0.7001315054705715,2
capacity_random_vs_a6,mse,391,-0.7018151771671866,2
capacity_random_vs_a6,mse,392,-0.6995627711305619,2
capacity_random_vs_a6,mse,393,-0.6965625230249173,2
capacity_random_vs_a6,mse,394,-0.6978832454286166,2
capacity_random_vs_a6,mse,395,-0.7001102170760176,2
capacity_random_vs_a6,mse,396,-0.7065548659540144,2
capacity_random_vs_a6,mse,397,-0.7045320821740386,2
capacity_random_vs_a6,mse,398,-0.7081784441815464,2
capacity_random_vs_a6,mse,399,-0.7092893791910626,2
capacity_random_vs_a6,mse,400,-0.7137277389808361,2
capacity_random_vs_a6,mse,401,-0.7134996415223704,2
capacity_random_vs_a6,mse,402,-0.7144180741219186,2
capacity_random_vs_a6,mse,403,-0.7151011407688435,1
capacity_random_vs_a6,mse,404,-0.7174040448355123,1
capacity_random_vs_a6,mse,405,-0.7170415639872862,1
capacity_random_vs_a6,mse,406,-0.7175726663603532,1
capacity_random_vs_a6,mse,407,-0.7202067139980506,1
capacity_random_vs_a6,mse,408,-0.7186732538835616,1
capacity_random_vs_a6,mse,409,-0.7122401374975262,1
capacity_random_vs_a6,mse,410,-0.7069306787926655,1
capacity_random_vs_a6,mse,411,-0.7073217239232621,1
capacity_random_vs_a6,mse,412,-0.7038933422701055,1
capacity_random_vs_a6,mse,413,-0.706351596491781,1
capacity_random_vs_a6,mse,414,-0.7023478688982254,1
capacity_random_vs_a6,mse,415,-0.6954053579844199,1
capacity_random_vs_a6,mse,416,-0.6933861974421718,1
capacity_random_vs_a6,mse,417,-0.6889233362773184,1
capacity_random_vs_a6,mse,418,-0.6890769727709767,1
capacity_random_vs_a6,mse,419,-0.6907178440657913,1
capacity_random_vs_a6,mse,420,-0.6919992470091607,1
capacity_random_vs_a6,mse,421,-0.6909472296966612,1
capacity_random_vs_a6,mse,422,-0.6977036165044415,1
capacity_random_vs_a6,mse,423,-0.7007315894617006,1
capacity_random_vs_a6,mse,424,-0.7020428344469143,1
capacity_random_vs_a6,mse,425,-0.7003476154698318,1
capacity_random_vs_a6,mse,426,-0.70441949811888,1
capacity_random_vs_a6,mse,427,-0.704830850923539,1
capacity_random_vs_a6,mse,428,-0.7052299472125245,1
capacity_random_vs_a6,mse,429,-0.7065403701339013,1
capacity_random_vs_a6,mse,430,-0.7078706890376774,1
capacity_random_vs_a6,mse,431,-0.705524491030296,1
capacity_random_vs_a6,mse,432,-0.7059918420532196,1
capacity_random_vs_a6,mse,433,-0.6985532107385595,1
capacity_random_vs_a6,mse,434,-0.6959786714601601,1
capacity_random_vs_a6,mse,435,-0.6931257860367657,1
capacity_random_vs_a6,mse,436,-0.6928832492442694,1
capacity_random_vs_a6,mse,437,-0.6901242413144515,1
capacity_random_vs_a6,mse,438,-0.6854367138097173,1
capacity_random_vs_a6,mse,439,-0.6823899681289047,1
capacity_random_vs_a6,mse,440,-0.6781566460574395,1
capacity_random_vs_a6,mse,441,-0.6781094051746117,1
capacity_random_vs_a6,mse,442,-0.6785471186089365,1
capacity_random_vs_a6,mse,443,-0.6746205577276654,1
capacity_random_vs_a6,mse,444,-0.6733145402679308,1
capacity_random_vs_a6,mse,445,-0.6740808477393267,1
capacity_random_vs_a6,mse,446,-0.6735294357194044,1
capacity_random_vs_a6,mse,447,-0.6746273299826555,1
capacity_random_vs_a6,mse,448,-0.6707190229488114,1
capacity_random_vs_a6,mse,449,-0.673964639636564,1
capacity_random_vs_a6,mse,450,-0.6732631899946506,1
capacity_random_vs_a6,mse,451,-0.6746880492619756,1
capacity_random_vs_a6,mse,452,-0.6727240878389051,1
capacity_random_vs_a6,mse,453,-0.6764227350259056,1
capacity_random_vs_a6,mse,454,-0.6756206424071443,1
capacity_random_vs_a6,mse,455,-0.6744071979342503,1
capacity_random_vs_a6,mse,456,-0.6716944164805172,1
capacity_random_vs_a6,mse,457,-0.6716541284730515,1
capacity_random_vs_a6,mse,458,-0.6697244545674641,1
capacity_random_vs_a6,mse,459,-0.6659674369015822,1
capacity_random_vs_a6,mse,460,-0.6616753752699167,1
capacity_random_vs_a6,mse,461,-0.6602016931475263,1
capacity_random_vs_a6,mse,462,-0.6527432017130774,1
capacity_random_vs_a6,mse,463,-0.649812626787527,1
capacity_random_vs_a6,mse,464,-0.6454789142363215,1
capacity_random_vs_a6,mse,465,-0.6468219986654944,1
capacity_random_vs_a6,mse,466,-0.6437244287647959,1
capacity_random_vs_a6,mse,467,-0.6462658129151677,1
capacity_random_vs_a6,mse,468,-0.6478591304209136,1
capacity_random_vs_a6,mse,469,-0.6499540944944182,1
capacity_random_vs_a6,mse,470,-0.6498944121669936,1
capacity_random_vs_a6,mse,471,-0.6501088791552756,1
capacity_random_vs_a6,mse,472,-0.6486552391551403,1
capacity_random_vs_a6,mse,473,-0.6514131187560501,1
capacity_random_vs_a6,mse,474,-0.6489551397486704,1
capacity_random_vs_a6,mse,475,-0.6463257969807756,1
capacity_random_vs_a6,mse,476,-0.6457122325084086,1
capacity_random_vs_a6,mse,477,-0.6448232442388013,1
capacity_random_vs_a6,mse,478,-0.6463080826148282,1
capacity_random_vs_a6,mse,479,-0.6512663441281896,1
capacity_random_vs_a6,mse,480,-0.6545109199784971,1
capacity_random_vs_a6,mse,481,-0.6549660206118202,1
capacity_random_vs_a6,mse,482,-0.6562730001312644,1
capacity_random_vs_a6,mse,483,-0.6538725663355849,1
capacity_random_vs_a6,mse,484,-0.6565745508611132,1
capacity_random_vs_a6,mse,485,-0.6543347871652383,1
capacity_random_vs_a6,mse,486,-0.6529658631471791,1
capacity_random_vs_a6,mse,487,-0.6502168919046625,1
capacity_random_vs_a6,mse,488,-0.6509548813917854,1
capacity_random_vs_a6,mse,489,-0.6530471875716515,1
capacity_random_vs_a6,mse,490,-0.6511722941924991,1
capacity_random_vs_a6,mse,491,-0.6574207115036801,1
capacity_random_vs_a6,mse,492,-0.6596820778330992,1
capacity_random_vs_a6,mse,493,-0.6598408471368078,1
capacity_random_vs_a6,mse,494,-0.6612294467941027,1
capacity_random_vs_a6,mse,495,-0.6634579364978022,1
capacity_random_vs_a6,mse,496,-0.6676677543396847,1
capacity_random_vs_a6,mse,497,-0.6682846131642006,1
capacity_random_vs_a6,mse,498,-0.6691746076302252,1
capacity_random_vs_a6,mse,499,-0.674929679938312,1
capacity_random_vs_a6,mse,500,-0.6753469103807719,1
capacity_random_vs_a6,mse,501,-0.6766312330227886,1
capacity_random_vs_a6,mse,502,-0.6798871134519735,1
capacity_random_vs_a6,mse,503,-0.6831299282104508,1
capacity_random_vs_a6,mse,504,-0.6845139283121959,1
capacity_random_vs_a6,mse,505,-0.6841065444675309,1
capacity_random_vs_a6,mse,506,-0.6813767721061148,1
capacity_random_vs_a6,mse,507,-0.6821161869414882,1
capacity_random_vs_a6,mse,508,-0.6790814691043612,1
capacity_random_vs_a6,mse,509,-0.676859915760315,1
capacity_random_vs_a6,mse,510,-0.6778464096945092,1
capacity_random_vs_a6,mse,511,-0.6785056440449777,1
capacity_random_vs_a6,mse,512,-0.680113869759571,1
capacity_random_vs_a6,mse,513,-0.681567658521014,1
capacity_random_vs_a6,mse,514,-0.6816015016035903,1
capacity_random_vs_a6,mse,515,-0.6851846122487393,1
capacity_random_vs_a6,mse,516,-0.6861953179028779,1
capacity_random_vs_a6,mse,517,-0.6927654249897008,1
capacity_random_vs_a6,mse,518,-0.6943770172738906,1
capacity_random_vs_a6,mse,519,-0.6930920619515457,1
capacity_random_vs_a6,mse,520,-0.6942669347040731,1
capacity_random_vs_a6,mse,521,-0.6945690463787679,1
capacity_random_vs_a6,mse,522,-0.6937777222074515,1
capacity_random_vs_a6,mse,523,-0.6977214872941073,1
capacity_random_vs_a6,mse,524,-0.6997445689159143,1
capacity_random_vs_a6,mse,525,-0.700892747045827,1
capacity_random_vs_a6,mse,526,-0.6987347718155545,1
capacity_random_vs_a6,mse,527,-0.69905752775417,1
capacity_random_vs_a6,mse,528,-0.6981277719183332,1
capacity_random_vs_a6,mse,529,-0.6939664144045121,1
capacity_random_vs_a6,mse,530,-0.6887631975155206,1
capacity_random_vs_a6,mse,531,-0.6873663482570169,1
capacity_random_vs_a6,mse,532,-0.6833911614176036,1
capacity_random_vs_a6,mse,533,-0.6830699317443534,1
capacity_random_vs_a6,mse,534,-0.6855451129671364,1
capacity_random_vs_a6,mse,535,-0.6813083024576483,1
capacity_random_vs_a6,mse,536,-0.6810862182148214,1
capacity_random_vs_a6,mse,537,-0.6818563192402305,1
capacity_random_vs_a6,mse,538,-0.684187854377083,1
capacity_random_vs_a6,mse,539,-0.6850295496275138,1
capacity_random_vs_a6,mse,540,-0.6871939345476341,1
capacity_random_vs_a6,mse,541,-0.6872251840864396,1
capacity_random_vs_a6,mse,542,-0.6861359461781436,1
capacity_random_vs_a6,mse,543,-0.6883001864765137,1
capacity_random_vs_a6,mse,544,-0.6887072088705248,1
capacity_random_vs_a6,mse,545,-0.6916201412106782,1
capacity_random_vs_a6,mse,546,-0.6957326059248237,1
capacity_random_vs_a6,mse,547,-0.697707451467926,1
capacity_random_vs_a6,mse,548,-0.697266417544804,1
capacity_random_vs_a6,mse,549,-0.698439328120728,1
capacity_random_vs_a6,mse,550,-0.7002374813856083,1
capacity_random_vs_a6,mse,551,-0.7012819782457513,1
capacity_random_vs_a6,mse,552,-0.699060036289525,1
capacity_random_vs_a6,mse,553,-0.6956181783403381,1
capacity_random_vs_a6,mse,554,-0.693834010741714,1
capacity_random_vs_a6,mse,555,-0.6950533881473153,1
capacity_random_vs_a6,mse,556,-0.6933421223710967,1
capacity_random_vs_a6,mse,557,-0.6879700242009013,1
capacity_random_vs_a6,mse,558,-0.6856403029399449,1
capacity_random_vs_a6,mse,559,-0.6846962882551111,1
capacity_random_vs_a6,mse,560,-0.6830545624272277,1
capacity_random_vs_a6,mse,561,-0.6825670334231004,1
capacity_random_vs_a6,mse,562,-0.685312580498112,1
capacity_random_vs_a6,mse,563,-0.6909274911891061,1
capacity_random_vs_a6,mse,564,-0.6910347084181989,1
capacity_random_vs_a6,mse,565,-0.6921987728835322,1
capacity_random_vs_a6,mse,566,-0.6920385794690165,1
capacity_random_vs_a6,mse,567,-0.6973223377937932,1
capacity_random_vs_a6,mse,568,-0.6990067332094729,1
capacity_random_vs_a6,mse,569,-0.700988948874004,1
capacity_random_vs_a6,mse,570,-0.7036076838121352,1
capacity_random_vs_a6,mse,571,-0.7078278255730619,1
capacity_random_vs_a6,mse,572,-0.7110361540658405,1
capacity_random_vs_a6,mse,573,-0.7147794512356764,1
capacity_random_vs_a6,mse,574,-0.7169520279588237,1
capacity_random_vs_a6,mse,575,-0.7218838453449483,1
capacity_random_vs_a6,mse,576,-0.7205455014693474,1
capacity_random_vs_a6,mse,577,-0.7181101564359516,1
capacity_random_vs_a6,mse,578,-0.7154762108413215,1
capacity_random_vs_a6,mse,579,-0.7159478452368218,1
capacity_random_vs_a6,mse,580,-0.7161813691671504,1
capacity_random_vs_a6,mse,581,-0.713319964597765,1
capacity_random_vs_a6,mse,582,-0.7134231810487002,1
capacity_random_vs_a6,mse,583,-0.7105279001660891,1
capacity_random_vs_a6,mse,584,-0.7121491629277177,1
capacity_random_vs_a6,mse,585,-0.7149662516201527,1
capacity_random_vs_a6,mse,586,-0.7155648586989716,1
capacity_random_vs_a6,mse,587,-0.7145897090711695,1
capacity_random_vs_a6,mse,588,-0.7130780596242459,1
capacity_random_vs_a6,mse,589,-0.7149594114526447,1
capacity_random_vs_a6,mse,590,-0.7164829758801528,1
capacity_random_vs_a6,mse,591,-0.7170681089103725,1
capacity_random_vs_a6,mse,592,-0.7173433334018342,1
capacity_random_vs_a6,mse,593,-0.7161187599223129,1
capacity_random_vs_a6,mse,594,-0.7158149380188372,1
capacity_random_vs_a6,mse,595,-0.7178766489375144,1
capacity_random_vs_a6,mse,596,-0.7201954336013783,1
capacity_random_vs_a6,mse,597,-0.7208670122205629,1
capacity_random_vs_a6,mse,598,-0.7234244024695791,1
capacity_random_vs_a6,mse,599,-0.7260554942857333,1
capacity_random_vs_a6,mse,600,-0.7234822247573502,1
capacity_random_vs_a6,mse,601,-0.7212576237960278,1
capacity_random_vs_a6,mse,602,-0.719677663607261,1
capacity_random_vs_a6,mse,603,-0.7181336692253493,1
capacity_random_vs_a6,mse,604,-0.7145359494720216,1
capacity_random_vs_a6,mse,605,-0.714825118836051,1
capacity_random_vs_a6,mse,606,-0.7130002955469039,1
capacity_random_vs_a6,mse,607,-0.7145219032477867,1
capacity_random_vs_a6,mse,608,-0.7128749864714834,1
capacity_random_vs_a6,mse,609,-0.7105852277002467,1
capacity_random_vs_a6,mse,610,-0.7103728973205925,1
capacity_random_vs_a6,mse,611,-0.7125947178362146,1
capacity_random_vs_a6,mse,612,-0.7109377372399384,1
capacity_random_vs_a6,mse,613,-0.7110562466602643,1
capacity_random_vs_a6,mse,614,-0.7112847664608779,1
capacity_random_vs_a6,mse,615,-0.7099696024306468,1
capacity_random_vs_a6,mse,616,-0.7104925019052244,1
capacity_random_vs_a6,mse,617,-0.7122163002972215,1
capacity_random_vs_a6,mse,618,-0.7120035082725273,1
capacity_random_vs_a6,mse,619,-0.71338003326612,1
capacity_random_vs_a6,mse,620,-0.7154439170415716,1
capacity_random_vs_a6,mse,621,-0.7180997740472517,1
capacity_random_vs_a6,mse,622,-0.7198400254819282,1
capacity_random_vs_a6,mse,623,-0.7199810596030587,1
capacity_random_vs_a6,mse,624,-0.7206318821189073,1
capacity_random_vs_a6,mse,625,-0.719618454866664,1
capacity_random_vs_a6,mse,626,-0.7218192555250069,1
capacity_random_vs_a6,mse,627,-0.7179870704138103,1
capacity_random_vs_a6,mse,628,-0.7137784968378957,1
capacity_random_vs_a6,mse,629,-0.7129176492349765,1
capacity_random_vs_a6,mse,630,-0.7120320173374117,1
capacity_random_vs_a6,mse,631,-0.711945706838697,1
capacity_random_vs_a6,mse,632,-0.7101566213986898,1
capacity_random_vs_a6,mse,633,-0.7074884718657826,1
capacity_random_vs_a6,mse,634,-0.7097171389990264,1
capacity_random_vs_a6,mse,635,-0.7088699849495561,1
capacity_random_vs_a6,mse,636,-0.7116809763854981,1
capacity_random_vs_a6,mse,637,-0.7134165059193176,1
capacity_random_vs_a6,mse,638,-0.7135069500494828,1
capacity_random_vs_a6,mse,639,-0.7137000345837863,1
capacity_random_vs_a6,mse,640,-0.7166730003154509,1
capacity_random_vs_a6,mse,641,-0.7175095154544264,1
capacity_random_vs_a6,mse,642,-0.7189729488944119,1
capacity_random_vs_a6,mse,643,-0.7217399799000535,1
capacity_random_vs_a6,mse,644,-0.7289244246985227,1
capacity_random_vs_a6,mse,645,-0.7333901106236795,1
capacity_random_vs_a6,mse,646,-0.7341796018548985,1
capacity_random_vs_a6,mse,647,-0.7338002180868863,1
capacity_random_vs_a6,mse,648,-0.7341923243991433,1
capacity_random_vs_a6,mse,649,-0.7360008126336037,1
capacity_random_vs_a6,mse,650,-0.7378334182467317,1
capacity_random_vs_a6,mse,651,-0.7387305141966682,1
capacity_random_vs_a6,mse,652,-0.7375417106227578,1
capacity_random_vs_a6,mse,653,-0.7351998388536396,1
capacity_random_vs_a6,mse,654,-0.7327538303605152,1
capacity_random_vs_a6,mse,655,-0.733605292387447,1
capacity_random_vs_a6,mse,656,-0.7321243480731088,1
capacity_random_vs_a6,mse,657,-0.7327668820574629,1
capacity_random_vs_a6,mse,658,-0.7321125362331293,1
capacity_random_vs_a6,mse,659,-0.7321817702069433,1
capacity_random_vs_a6,mse,660,-0.7340455015113467,1
capacity_random_vs_a6,mse,661,-0.7320266395410346,1
capacity_random_vs_a6,mse,662,-0.730926127722622,1
capacity_random_vs_a6,mse,663,-0.7339149302608972,1
capacity_random_vs_a6,mse,664,-0.7350290683402227,1
capacity_random_vs_a6,mse,665,-0.7355992112673304,1
capacity_random_vs_a6,mse,666,-0.7349530305397045,1
capacity_random_vs_a6,mse,667,-0.7371097940156668,1
capacity_random_vs_a6,mse,668,-0.7378074721743011,1
capacity_random_vs_a6,mse,669,-0.7377163129393427,1
capacity_random_vs_a6,mse,670,-0.7395917663489748,1
capacity_random_vs_a6,mse,671,-0.738333202067909,1
capacity_random_vs_a6,mse,672,-0.7388124510501881,1
capacity_random_vs_a6,mse,673,-0.740322108295346,1
capacity_random_vs_a6,mse,674,-0.7388074081263052,1
capacity_random_vs_a6,mse,675,-0.7366655009351764,1
capacity_random_vs_a6,mse,676,-0.7344880427556766,1
capacity_random_vs_a6,mse,677,-0.730917760516614,1
capacity_random_vs_a6,mse,678,-0.7297010333031961,1
capacity_random_vs_a6,mse,679,-0.7273364349339762,1
capacity_random_vs_a6,mse,680,-0.725761997223402,1
capacity_random_vs_a6,mse,681,-0.7264309823568382,1
capacity_random_vs_a6,mse,682,-0.7253808269937245,1
capacity_random_vs_a6,mse,683,-0.7252334042614783,1
capacity_random_vs_a6,mse,684,-0.7243675674692018,1
capacity_random_vs_a6,mse,685,-0.7250004855595615,1
capacity_random_vs_a6,mse,686,-0.7274217586958787,1
capacity_random_vs_a6,mse,687,-0.7239527506095356,1
capacity_random_vs_a6,mse,688,-0.7230909033407174,1
capacity_random_vs_a6,mse,689,-0.7223046042520487,2
capacity_random_vs_a6,mse,690,-0.7226092178032117,2
capacity_random_vs_a6,mse,691,-0.7234871312150459,2
capacity_random_vs_a6,mse,692,-0.723168165741408,2
capacity_random_vs_a6,mse,693,-0.7222892905130696,2
capacity_random_vs_a6,mse,694,-0.7236549292903405,2
capacity_random_vs_a6,mse,695,-0.7270439823806885,2
capacity_random_vs_a6,mse,696,-0.7248215567797889,2
capacity_random_vs_a6,mse,697,-0.7269725247126235,2
capacity_random_vs_a6,mse,698,-0.7278360946604212,2
capacity_random_vs_a6,mse,699,-0.7263107151888049,2
capacity_random_vs_a6,mse,700,-0.7248840756296948,2
capacity_random_vs_a6,mse,701,-0.7242121878753349,2
capacity_random_vs_a6,mse,702,-0.7221877144179234,2
capacity_random_vs_a6,mse,703,-0.7220919717480045,2
capacity_random_vs_a6,mse,704,-0.7216930879285988,2
capacity_random_vs_a6,mse,705,-0.7215352540224318,2
capacity_random_vs_a6,mse,706,-0.7212180972600235,2
capacity_random_vs_a6,mse,707,-0.7216089237335477,2
capacity_random_vs_a6,mse,708,-0.7223485511747074,2
capacity_random_vs_a6,mse,709,-0.722915572854903,2
capacity_random_vs_a6,mse,710,-0.7239205277600314,2
capacity_random_vs_a6,mse,711,-0.7266589148327918,2
capacity_random_vs_a6,mse,712,-0.7277589318469757,2
capacity_random_vs_a6,mse,713,-0.7300438629947625,2
capacity_random_vs_a6,mse,714,-0.7318536162351186,2
capacity_random_vs_a6,mse,715,-0.7341636057496825,2
capacity_random_vs_a6,mse,716,-0.7360951611341982,2
capacity_random_vs_a6,mse,717,-0.7373999914658524,2
capacity_random_vs_a6,mse,718,-0.7380175459120442,2
capacity_random_vs_a6,mse,719,-0.7410284377937737,2
capacity_random_vs_a6,mse,720,-0.7414678556881449,2
capacity_random_vs_a6,mae,1,-0.43499913178725913,2
capacity_random_vs_a6,mae,2,-1.896327635092796,2
capacity_random_vs_a6,mae,3,-2.3247865542826895,2
capacity_random_vs_a6,mae,4,-2.4063581860985916,2
capacity_random_vs_a6,mae,5,-2.2133368605006076,2
capacity_random_vs_a6,mae,6,-2.0990169763682043,2
capacity_random_vs_a6,mae,7,-1.9880412638210099,2
capacity_random_vs_a6,mae,8,-1.9679312657707815,2
capacity_random_vs_a6,mae,9,-1.8961743366978556,2
capacity_random_vs_a6,mae,10,-1.7714912467190769,2
capacity_random_vs_a6,mae,11,-1.6363959570983377,2
capacity_random_vs_a6,mae,12,-1.5696557792096955,2
capacity_random_vs_a6,mae,13,-1.53771144341468,2
capacity_random_vs_a6,mae,14,-1.5074282307752451,2
capacity_random_vs_a6,mae,15,-1.4666070771573692,2
capacity_random_vs_a6,mae,16,-1.4333640924879987,2
capacity_random_vs_a6,mae,17,-1.3870243238746194,2
capacity_random_vs_a6,mae,18,-1.3586391802000208,2
capacity_random_vs_a6,mae,19,-1.3377744211289655,2
capacity_random_vs_a6,mae,20,-1.3053647088012732,2
capacity_random_vs_a6,mae,21,-1.2595759134409912,2
capacity_random_vs_a6,mae,22,-1.2388914894015057,2
capacity_random_vs_a6,mae,23,-1.2235232732422485,2
capacity_random_vs_a6,mae,24,-1.219649528388933,2
capacity_random_vs_a6,mae,25,-1.1891131480134098,2
capacity_random_vs_a6,mae,26,-1.1739722836493982,2
capacity_random_vs_a6,mae,27,-1.1546423942379747,2
capacity_random_vs_a6,mae,28,-1.1386944701097668,2
capacity_random_vs_a6,mae,29,-1.1286306219004638,2
capacity_random_vs_a6,mae,30,-1.1107425544304905,2
capacity_random_vs_a6,mae,31,-1.1221475294226324,2
capacity_random_vs_a6,mae,32,-1.1093139713613431,2
capacity_random_vs_a6,mae,33,-1.0950876958636013,2
capacity_random_vs_a6,mae,34,-1.0987037980553271,2
capacity_random_vs_a6,mae,35,-1.1018599205127289,1
capacity_random_vs_a6,mae,36,-1.105227133555975,1
capacity_random_vs_a6,mae,37,-1.0918209799197731,1
capacity_random_vs_a6,mae,38,-1.0805615197884544,2
capacity_random_vs_a6,mae,39,-1.0664815304451225,1
capacity_random_vs_a6,mae,40,-1.0755253271621967,1
capacity_random_vs_a6,mae,41,-1.0718256969526774,1
capacity_random_vs_a6,mae,42,-1.0615049282693323,1
capacity_random_vs_a6,mae,43,-1.0487048184054282,1
capacity_random_vs_a6,mae,44,-1.0453113031028671,0
capacity_random_vs_a6,mae,45,-1.0407493094366993,0
capacity_random_vs_a6,mae,46,-1.0353460507896006,0
capacity_random_vs_a6,mae,47,-1.0287492994890357,0
capacity_random_vs_a6,mae,48,-1.0418240018185942,0
capacity_random_vs_a6,mae,49,-1.0312606296412419,0
capacity_random_vs_a6,mae,50,-1.0129121370711136,0
capacity_random_vs_a6,mae,51,-0.9916200131603259,1
capacity_random_vs_a6,mae,52,-0.9620274839054543,2
capacity_random_vs_a6,mae,53,-0.9258643607048067,2
capacity_random_vs_a6,mae,54,-0.9157877982721763,2
capacity_random_vs_a6,mae,55,-0.9110343310954594,2
capacity_random_vs_a6,mae,56,-0.897845203834482,1
capacity_random_vs_a6,mae,57,-0.8842456139776855,1
capacity_random_vs_a6,mae,58,-0.8731685688642488,2
capacity_random_vs_a6,mae,59,-0.8691832966240476,2
capacity_random_vs_a6,mae,60,-0.8525140385727759,2
capacity_random_vs_a6,mae,61,-0.8429182958637282,2
capacity_random_vs_a6,mae,62,-0.8330191292435107,2
capacity_random_vs_a6,mae,63,-0.8136488116495921,2
capacity_random_vs_a6,mae,64,-0.8244790814503133,1
capacity_random_vs_a6,mae,65,-0.8099213519122972,1
capacity_random_vs_a6,mae,66,-0.8123571510754224,1
capacity_random_vs_a6,mae,67,-0.8053698400058185,1
capacity_random_vs_a6,mae,68,-0.8009574188503876,1
capacity_random_vs_a6,mae,69,-0.8025124724971877,1
capacity_random_vs_a6,mae,70,-0.7972260141461152,1
capacity_random_vs_a6,mae,71,-0.801081606573848,1
capacity_random_vs_a6,mae,72,-0.8015851169637722,1
capacity_random_vs_a6,mae,73,-0.7918461911161456,1
capacity_random_vs_a6,mae,74,-0.7863819224255386,1
capacity_random_vs_a6,mae,75,-0.7781428277523439,1
capacity_random_vs_a6,mae,76,-0.7692466560877365,1
capacity_random_vs_a6,mae,77,-0.7718403723765443,1
capacity_random_vs_a6,mae,78,-0.7715008028807224,1
capacity_random_vs_a6,mae,79,-0.7728275802610574,1
capacity_random_vs_a6,mae,80,-0.7669328800048691,1
capacity_random_vs_a6,mae,81,-0.7692395264348306,1
capacity_random_vs_a6,mae,82,-0.7714293817047557,1
capacity_random_vs_a6,mae,83,-0.7687259112198697,1
capacity_random_vs_a6,mae,84,-0.76522820721171,1
capacity_random_vs_a6,mae,85,-0.7644367795676099,1
capacity_random_vs_a6,mae,86,-0.7556830733349051,1
capacity_random_vs_a6,mae,87,-0.7512915798182118,1
capacity_random_vs_a6,mae,88,-0.7512235574641668,1
capacity_random_vs_a6,mae,89,-0.7616573869881504,1
capacity_random_vs_a6,mae,90,-0.7799555932318358,1
capacity_random_vs_a6,mae,91,-0.789458494292774,1
capacity_random_vs_a6,mae,92,-0.7917145486506882,1
capacity_random_vs_a6,mae,93,-0.7978343594981818,1
capacity_random_vs_a6,mae,94,-0.8165116349133283,1
capacity_random_vs_a6,mae,95,-0.8281796311810807,1
capacity_random_vs_a6,mae,96,-0.8264463433574165,1
capacity_random_vs_a6,mae,97,-0.8355525297882638,1
capacity_random_vs_a6,mae,98,-0.8414052498248936,1
capacity_random_vs_a6,mae,99,-0.8355755384920038,1
capacity_random_vs_a6,mae,100,-0.8337331488567168,1
capacity_random_vs_a6,mae,101,-0.8334645274284291,1
capacity_random_vs_a6,mae,102,-0.823401346473358,1
capacity_random_vs_a6,mae,103,-0.8151775114519522,1
capacity_random_vs_a6,mae,104,-0.8162101291517687,1
capacity_random_vs_a6,mae,105,-0.8151204059016726,1
capacity_random_vs_a6,mae,106,-0.8117052555012871,1
capacity_random_vs_a6,mae,107,-0.8204225224151185,1
capacity_random_vs_a6,mae,108,-0.8180166352316465,1
capacity_random_vs_a6,mae,109,-0.8284751091024756,1
capacity_random_vs_a6,mae,110,-0.8368899145913011,1
capacity_random_vs_a6,mae,111,-0.8490400285282229,1
capacity_random_vs_a6,mae,112,-0.8491093563822427,1
capacity_random_vs_a6,mae,113,-0.8525402704629625,1
capacity_random_vs_a6,mae,114,-0.8590448211449075,1
capacity_random_vs_a6,mae,115,-0.8558560710717833,0
capacity_random_vs_a6,mae,116,-0.8629161323947487,0
capacity_random_vs_a6,mae,117,-0.859073221106974,0
capacity_random_vs_a6,mae,118,-0.868648264918872,0
capacity_random_vs_a6,mae,119,-0.8665019224211168,0
capacity_random_vs_a6,mae,120,-0.8599319606600586,0
capacity_random_vs_a6,mae,121,-0.8559770019824242,0
capacity_random_vs_a6,mae,122,-0.8546053543583287,0
capacity_random_vs_a6,mae,123,-0.843849794316256,0
capacity_random_vs_a6,mae,124,-0.8442594948957627,0
capacity_random_vs_a6,mae,125,-0.8419315785698211,0
capacity_random_vs_a6,mae,126,-0.8427155135131636,0
capacity_random_vs_a6,mae,127,-0.8505178964064974,0
capacity_random_vs_a6,mae,128,-0.8502136038483599,0
capacity_random_vs_a6,mae,129,-0.8494591117450234,0
capacity_random_vs_a6,mae,130,-0.8523208283630312,0
capacity_random_vs_a6,mae,131,-0.8523607392731236,0
capacity_random_vs_a6,mae,132,-0.8522522804818777,0
capacity_random_vs_a6,mae,133,-0.851565648017103,0
capacity_random_vs_a6,mae,134,-0.8494562605075329,0
capacity_random_vs_a6,mae,135,-0.8561504083624749,0
capacity_random_vs_a6,mae,136,-0.8648577103111643,0
capacity_random_vs_a6,mae,137,-0.872673145627858,0
capacity_random_vs_a6,mae,138,-0.872406984535794,0
capacity_random_vs_a6,mae,139,-0.8695509688136838,0
capacity_random_vs_a6,mae,140,-0.8697980384337045,0
capacity_random_vs_a6,mae,141,-0.8689515331304243,0
capacity_random_vs_a6,mae,142,-0.8654097721441589,0
capacity_random_vs_a6,mae,143,-0.872642435068518,0
capacity_random_vs_a6,mae,144,-0.8776685083954394,0
capacity_random_vs_a6,mae,145,-0.8747304067421835,0
capacity_random_vs_a6,mae,146,-0.8672941979972704,0
capacity_random_vs_a6,mae,147,-0.862072032283514,0
capacity_random_vs_a6,mae,148,-0.8478800635746042,0
capacity_random_vs_a6,mae,149,-0.841235460856069,0
capacity_random_vs_a6,mae,150,-0.8384373665052269,0
capacity_random_vs_a6,mae,151,-0.830497785279749,0
capacity_random_vs_a6,mae,152,-0.8230715228006114,0
capacity_random_vs_a6,mae,153,-0.8187335001238338,0
capacity_random_vs_a6,mae,154,-0.8133811503819777,0
capacity_random_vs_a6,mae,155,-0.8121188037801774,0
capacity_random_vs_a6,mae,156,-0.8089841438205214,0
capacity_random_vs_a6,mae,157,-0.8020040508740633,0
capacity_random_vs_a6,mae,158,-0.8017085459068429,0
capacity_random_vs_a6,mae,159,-0.8025765000357543,0
capacity_random_vs_a6,mae,160,-0.7964470302700288,0
capacity_random_vs_a6,mae,161,-0.7978221723989076,0
capacity_random_vs_a6,mae,162,-0.7958173894165199,0
capacity_random_vs_a6,mae,163,-0.7914056515920453,0
capacity_random_vs_a6,mae,164,-0.8000501869374199,0
capacity_random_vs_a6,mae,165,-0.794637396124771,0
capacity_random_vs_a6,mae,166,-0.7940637369444614,0
capacity_random_vs_a6,mae,167,-0.790354852226085,0
capacity_random_vs_a6,mae,168,-0.7928466771993214,0
capacity_random_vs_a6,mae,169,-0.7888860911973383,0
capacity_random_vs_a6,mae,170,-0.7848058466817864,0
capacity_random_vs_a6,mae,171,-0.7777801163795228,0
capacity_random_vs_a6,mae,172,-0.7659627937302904,0
capacity_random_vs_a6,mae,173,-0.7591799640683261,0
capacity_random_vs_a6,mae,174,-0.7482807323638241,0
capacity_random_vs_a6,mae,175,-0.7373323775852159,0
capacity_random_vs_a6,mae,176,-0.7302252967996736,0
capacity_random_vs_a6,mae,177,-0.7224635138994939,0
capacity_random_vs_a6,mae,178,-0.71924416257934,0
capacity_random_vs_a6,mae,179,-0.7087260231358217,0
capacity_random_vs_a6,mae,180,-0.7048157369990937,0
capacity_random_vs_a6,mae,181,-0.6996783094183057,0
capacity_random_vs_a6,mae,182,-0.7010841234730592,0
capacity_random_vs_a6,mae,183,-0.6978841698834914,0
capacity_random_vs_a6,mae,184,-0.6928551687955942,0
capacity_random_vs_a6,mae,185,-0.6908950518741985,0
capacity_random_vs_a6,mae,186,-0.6938095675391054,0
capacity_random_vs_a6,mae,187,-0.6914600291143147,0
capacity_random_vs_a6,mae,188,-0.6863049366510809,0
capacity_random_vs_a6,mae,189,-0.6810583086952171,0
capacity_random_vs_a6,mae,190,-0.678450925187617,0
capacity_random_vs_a6,mae,191,-0.6822296503846426,0
capacity_random_vs_a6,mae,192,-0.6809931493745625,0
capacity_random_vs_a6,mae,193,-0.6781843295025869,0
capacity_random_vs_a6,mae,194,-0.6784384119274156,0
capacity_random_vs_a6,mae,195,-0.6720449325106825,0
capacity_random_vs_a6,mae,196,-0.6675895135004151,0
capacity_random_vs_a6,mae,197,-0.6588883586387029,0
capacity_random_vs_a6,mae,198,-0.650787778052182,0
capacity_random_vs_a6,mae,199,-0.6445978183308565,0
capacity_random_vs_a6,mae,200,-0.6462169533148066,0
capacity_random_vs_a6,mae,201,-0.6422785621625593,0
capacity_random_vs_a6,mae,202,-0.6429005007098931,0
capacity_random_vs_a6,mae,203,-0.6430451156494943,0
capacity_random_vs_a6,mae,204,-0.643009756251165,0
capacity_random_vs_a6,mae,205,-0.6449235121735297,0
capacity_random_vs_a6,mae,206,-0.644795197396193,0
capacity_random_vs_a6,mae,207,-0.6451415530250904,0
capacity_random_vs_a6,mae,208,-0.6438967454332767,0
capacity_random_vs_a6,mae,209,-0.6442771561024108,0
capacity_random_vs_a6,mae,210,-0.6444628407849606,0
capacity_random_vs_a6,mae,211,-0.6408731862510342,0
capacity_random_vs_a6,mae,212,-0.6389598179510836,0
capacity_random_vs_a6,mae,213,-0.6417171313135839,0
capacity_random_vs_a6,mae,214,-0.6335088441775616,0
capacity_random_vs_a6,mae,215,-0.62870649178278,0
capacity_random_vs_a6,mae,216,-0.6251451009288678,0
capacity_random_vs_a6,mae,217,-0.6173415399990967,0
capacity_random_vs_a6,mae,218,-0.6157333766913986,0
capacity_random_vs_a6,mae,219,-0.6098906903910928,0
capacity_random_vs_a6,mae,220,-0.6061779441253679,0
capacity_random_vs_a6,mae,221,-0.59599542297331,0
capacity_random_vs_a6,mae,222,-0.5949001889695005,0
capacity_random_vs_a6,mae,223,-0.5872757581978894,0
capacity_random_vs_a6,mae,224,-0.5870160305046124,0
capacity_random_vs_a6,mae,225,-0.5844847806759867,0
capacity_random_vs_a6,mae,226,-0.5825879228864972,0
capacity_random_vs_a6,mae,227,-0.5838515251391696,0
capacity_random_vs_a6,mae,228,-0.5849753267810609,0
capacity_random_vs_a6,mae,229,-0.5864948646135515,0
capacity_random_vs_a6,mae,230,-0.5873225178028152,0
capacity_random_vs_a6,mae,231,-0.5875404355848257,0
capacity_random_vs_a6,mae,232,-0.5884603762697926,0
capacity_random_vs_a6,mae,233,-0.5878583949568128,0
capacity_random_vs_a6,mae,234,-0.5914662797247017,0
capacity_random_vs_a6,mae,235,-0.5960965126032125,0
capacity_random_vs_a6,mae,236,-0.5961788942709356,0
capacity_random_vs_a6,mae,237,-0.5938862292977198,0
capacity_random_vs_a6,mae,238,-0.5911162736390407,0
capacity_random_vs_a6,mae,239,-0.5879913516829083,0
capacity_random_vs_a6,mae,240,-0.5836480618669482,0
capacity_random_vs_a6,mae,241,-0.579787575029167,0
capacity_random_vs_a6,mae,242,-0.5750115500334996,0
capacity_random_vs_a6,mae,243,-0.569600769870644,0
capacity_random_vs_a6,mae,244,-0.5649186998975608,0
capacity_random_vs_a6,mae,245,-0.5582531136465585,0
capacity_random_vs_a6,mae,246,-0.5553086793072071,0
capacity_random_vs_a6,mae,247,-0.5531123290445983,0
capacity_random_vs_a6,mae,248,-0.549948800472424,0
capacity_random_vs_a6,mae,249,-0.5489265807085353,0
capacity_random_vs_a6,mae,250,-0.5455128384339858,0
capacity_random_vs_a6,mae,251,-0.5411938339977551,0
capacity_random_vs_a6,mae,252,-0.5381738278910619,0
capacity_random_vs_a6,mae,253,-0.5349474454845504,0
capacity_random_vs_a6,mae,254,-0.5328958055419175,0
capacity_random_vs_a6,mae,255,-0.5303425717481813,0
capacity_random_vs_a6,mae,256,-0.5330377499582895,0
capacity_random_vs_a6,mae,257,-0.5375960906042243,0
capacity_random_vs_a6,mae,258,-0.5391754645095093,0
capacity_random_vs_a6,mae,259,-0.5382672874633121,0
capacity_random_vs_a6,mae,260,-0.5348595981746351,0
capacity_random_vs_a6,mae,261,-0.5338874029136953,0
capacity_random_vs_a6,mae,262,-0.5367338255614973,0
capacity_random_vs_a6,mae,263,-0.5371800841800445,0
capacity_random_vs_a6,mae,264,-0.5337004567783943,0
capacity_random_vs_a6,mae,265,-0.532696287515031,0
capacity_random_vs_a6,mae,266,-0.5286792721286826,0
capacity_random_vs_a6,mae,267,-0.5242359887116166,0
capacity_random_vs_a6,mae,268,-0.5188240239394193,1
capacity_random_vs_a6,mae,269,-0.5145508950781941,1
capacity_random_vs_a6,mae,270,-0.5097119881247147,1
capacity_random_vs_a6,mae,271,-0.5045189213808432,1
capacity_random_vs_a6,mae,272,-0.5003808875778026,1
capacity_random_vs_a6,mae,273,-0.49947566031506074,0
capacity_random_vs_a6,mae,274,-0.49819096411492847,0
capacity_random_vs_a6,mae,275,-0.49979606509955143,0
capacity_random_vs_a6,mae,276,-0.5000221925450488,0
capacity_random_vs_a6,mae,277,-0.49606014653349906,0
capacity_random_vs_a6,mae,278,-0.49652478951298207,0
capacity_random_vs_a6,mae,279,-0.4934166735891754,0
capacity_random_vs_a6,mae,280,-0.4950757908555037,0
capacity_random_vs_a6,mae,281,-0.4986754136451088,0
capacity_random_vs_a6,mae,282,-0.5053500362907171,0
capacity_random_vs_a6,mae,283,-0.5049649583894888,0
capacity_random_vs_a6,mae,284,-0.5049089445518407,0
capacity_random_vs_a6,mae,285,-0.5099975263185419,0
capacity_random_vs_a6,mae,286,-0.5086687778623178,0
capacity_random_vs_a6,mae,287,-0.506114053560438,0
capacity_random_vs_a6,mae,288,-0.5051997670338304,0
capacity_random_vs_a6,mae,289,-0.5046596001963977,0
capacity_random_vs_a6,mae,290,-0.5041284815453695,0
capacity_random_vs_a6,mae,291,-0.5024263200047807,0
capacity_random_vs_a6,mae,292,-0.5010143300318859,0
capacity_random_vs_a6,mae,293,-0.49596125987482864,0
capacity_random_vs_a6,mae,294,-0.49300780850914716,0
capacity_random_vs_a6,mae,295,-0.4935634198497718,0
capacity_random_vs_a6,mae,296,-0.48990496082027324,0
capacity_random_vs_a6,mae,297,-0.4902548465110135,0
capacity_random_vs_a6,mae,298,-0.4889706433190799,0
capacity_random_vs_a6,mae,299,-0.48764989670980974,0
capacity_random_vs_a6,mae,300,-0.4882201444588885,0
capacity_random_vs_a6,mae,301,-0.48886324837749573,0
capacity_random_vs_a6,mae,302,-0.49151104833655257,0
capacity_random_vs_a6,mae,303,-0.49021406567196113,0
capacity_random_vs_a6,mae,304,-0.48896834947123935,0
capacity_random_vs_a6,mae,305,-0.48801925467873986,0
capacity_random_vs_a6,mae,306,-0.4861180503278417,0
capacity_random_vs_a6,mae,307,-0.4866468356394904,0
capacity_random_vs_a6,mae,308,-0.48644832915555547,0
capacity_random_vs_a6,mae,309,-0.48811798213958646,0
capacity_random_vs_a6,mae,310,-0.4884393976983592,0
capacity_random_vs_a6,mae,311,-0.48831133851320097,0
capacity_random_vs_a6,mae,312,-0.48670561491825026,0
capacity_random_vs_a6,mae,313,-0.4850809334332995,0
capacity_random_vs_a6,mae,314,-0.48398155557003886,0
capacity_random_vs_a6,mae,315,-0.4841325795058271,0
capacity_random_vs_a6,mae,316,-0.4829045606597848,0
capacity_random_vs_a6,mae,317,-0.4791187065134528,0
capacity_random_vs_a6,mae,318,-0.47678199341257166,0
capacity_random_vs_a6,mae,319,-0.4737722106465725,0
capacity_random_vs_a6,mae,320,-0.47505709172932065,0
capacity_random_vs_a6,mae,321,-0.4778789789064142,0
capacity_random_vs_a6,mae,322,-0.47851997929440504,0
capacity_random_vs_a6,mae,323,-0.4791066276652467,0
capacity_random_vs_a6,mae,324,-0.4800276236186729,0
capacity_random_vs_a6,mae,325,-0.48267210013754,0
capacity_random_vs_a6,mae,326,-0.4824194553310157,0
capacity_random_vs_a6,mae,327,-0.48666414173625494,0
capacity_random_vs_a6,mae,328,-0.48898071777851104,0
capacity_random_vs_a6,mae,329,-0.48595058928451174,0
capacity_random_vs_a6,mae,330,-0.48594488314627426,0
capacity_random_vs_a6,mae,331,-0.4849366052998616,1
capacity_random_vs_a6,mae,332,-0.48341053547091173,1
capacity_random_vs_a6,mae,333,-0.48476783368224474,1
capacity_random_vs_a6,mae,334,-0.48372927036723246,1
capacity_random_vs_a6,mae,335,-0.4862268573247519,1
capacity_random_vs_a6,mae,336,-0.4892152982849107,1
capacity_random_vs_a6,mae,337,-0.4906069819322578,1
capacity_random_vs_a6,mae,338,-0.49044917440797864,1
capacity_random_vs_a6,mae,339,-0.48877927485930783,1
capacity_random_vs_a6,mae,340,-0.48525909303418935,1
capacity_random_vs_a6,mae,341,-0.4810955647653481,1
capacity_random_vs_a6,mae,342,-0.47901882164699483,1
capacity_random_vs_a6,mae,343,-0.47588915587378544,1
capacity_random_vs_a6,mae,344,-0.4734131247129669,1
capacity_random_vs_a6,mae,345,-0.47424292092953735,1
capacity_random_vs_a6,mae,346,-0.4770277418171398,1
capacity_random_vs_a6,mae,347,-0.47534903643502213,1
capacity_random_vs_a6,mae,348,-0.473720220484144,1
capacity_random_vs_a6,mae,349,-0.4750043470169607,1
capacity_random_vs_a6,mae,350,-0.4730714364941746,1
capacity_random_vs_a6,mae,351,-0.47190865967539963,1
capacity_random_vs_a6,mae,352,-0.4713618718596124,1
capacity_random_vs_a6,mae,353,-0.4739470371952259,1
capacity_random_vs_a6,mae,354,-0.47380902278527204,1
capacity_random_vs_a6,mae,355,-0.46974739376169694,1
capacity_random_vs_a6,mae,356,-0.4707118859929649,1
capacity_random_vs_a6,mae,357,-0.4708463847402511,1
capacity_random_vs_a6,mae,358,-0.47160128496696263,1
capacity_random_vs_a6,mae,359,-0.47105545209887856,1
capacity_random_vs_a6,mae,360,-0.4681200340280456,1
capacity_random_vs_a6,mae,361,-0.465310717384424,1
capacity_random_vs_a6,mae,362,-0.45976823156615776,2
capacity_random_vs_a6,mae,363,-0.45703284497468966,2
capacity_random_vs_a6,mae,364,-0.4536823029613579,2
capacity_random_vs_a6,mae,365,-0.44933163399008214,2
capacity_random_vs_a6,mae,366,-0.4464805839687669,2
capacity_random_vs_a6,mae,367,-0.4412927134005695,2
capacity_random_vs_a6,mae,368,-0.43954111733810475,2
capacity_random_vs_a6,mae,369,-0.43870709600122515,2
capacity_random_vs_a6,mae,370,-0.4369410670053431,2
capacity_random_vs_a6,mae,371,-0.43637191605601533,2
capacity_random_vs_a6,mae,372,-0.43566842843557607,2
capacity_random_vs_a6,mae,373,-0.43232294608815725,2
capacity_random_vs_a6,mae,374,-0.433018741283826,2
capacity_random_vs_a6,mae,375,-0.4336672520317064,2
capacity_random_vs_a6,mae,376,-0.43529601616965063,2
capacity_random_vs_a6,mae,377,-0.4383583526364321,2
capacity_random_vs_a6,mae,378,-0.4412441812797674,2
capacity_random_vs_a6,mae,379,-0.44139570950426865,2
capacity_random_vs_a6,mae,380,-0.4440616656510721,2
capacity_random_vs_a6,mae,381,-0.4434957281604235,2
capacity_random_vs_a6,mae,382,-0.4429822239909198,2
capacity_random_vs_a6,mae,383,-0.4446732442493273,2
capacity_random_vs_a6,mae,384,-0.4439018617453261,2
capacity_random_vs_a6,mae,385,-0.4426172966720121,2
capacity_random_vs_a6,mae,386,-0.4426868958582886,2
capacity_random_vs_a6,mae,387,-0.4385716503980386,2
capacity_random_vs_a6,mae,388,-0.4378770798895304,2
capacity_random_vs_a6,mae,389,-0.4375230729747104,2
capacity_random_vs_a6,mae,390,-0.43643753246974004,2
capacity_random_vs_a6,mae,391,-0.4362186311717253,2
capacity_random_vs_a6,mae,392,-0.434328176709462,2
capacity_random_vs_a6,mae,393,-0.43175927986833784,2
capacity_random_vs_a6,mae,394,-0.43201367495236287,2
capacity_random_vs_a6,mae,395,-0.4318225998537306,2
capacity_random_vs_a6,mae,396,-0.434421220804293,2
capacity_random_vs_a6,mae,397,-0.43285416155916634,2
capacity_random_vs_a6,mae,398,-0.43464547686992594,2
capacity_random_vs_a6,mae,399,-0.4349529489310089,2
capacity_random_vs_a6,mae,400,-0.4372737232416979,2
capacity_random_vs_a6,mae,401,-0.43667575526087576,2
capacity_random_vs_a6,mae,402,-0.4372951244179313,2
capacity_random_vs_a6,mae,403,-0.43737041684392963,2
capacity_random_vs_a6,mae,404,-0.43854707939984694,2
capacity_random_vs_a6,mae,405,-0.4378482925168048,2
capacity_random_vs_a6,mae,406,-0.4376962000572826,2
capacity_random_vs_a6,mae,407,-0.4398803013182384,2
capacity_random_vs_a6,mae,408,-0.4395008824840674,2
capacity_random_vs_a6,mae,409,-0.43618757375643025,2
capacity_random_vs_a6,mae,410,-0.4332579743895848,2
capacity_random_vs_a6,mae,411,-0.4337506268896729,2
capacity_random_vs_a6,mae,412,-0.4318824594244419,2
capacity_random_vs_a6,mae,413,-0.43347020120330315,2
capacity_random_vs_a6,mae,414,-0.43100346606621986,2
capacity_random_vs_a6,mae,415,-0.4264425111284642,2
capacity_random_vs_a6,mae,416,-0.4249910622778441,2
capacity_random_vs_a6,mae,417,-0.4229677163221268,2
capacity_random_vs_a6,mae,418,-0.4237224218522484,2
capacity_random_vs_a6,mae,419,-0.4256484134409666,2
capacity_random_vs_a6,mae,420,-0.42677306492948874,2
capacity_random_vs_a6,mae,421,-0.4263800836394127,2
capacity_random_vs_a6,mae,422,-0.4309568887606585,2
capacity_random_vs_a6,mae,423,-0.43304354369757325,2
capacity_random_vs_a6,mae,424,-0.43380918110564215,2
capacity_random_vs_a6,mae,425,-0.4327763647307936,2
capacity_random_vs_a6,mae,426,-0.4354803197372692,2
capacity_random_vs_a6,mae,427,-0.43599717225385026,2
capacity_random_vs_a6,mae,428,-0.4364048366270734,2
capacity_random_vs_a6,mae,429,-0.43746571139877677,2
capacity_random_vs_a6,mae,430,-0.4390639851507405,2
capacity_random_vs_a6,mae,431,-0.43856612406206086,2
capacity_random_vs_a6,mae,432,-0.4392444787897132,2
capacity_random_vs_a6,mae,433,-0.43564956361938467,2
capacity_random_vs_a6,mae,434,-0.4338389897544692,2
capacity_random_vs_a6,mae,435,-0.4327459430445435,2
capacity_random_vs_a6,mae,436,-0.4330312120042623,2
capacity_random_vs_a6,mae,437,-0.43148369628552175,2
capacity_random_vs_a6,mae,438,-0.4291279465106612,2
capacity_random_vs_a6,mae,439,-0.42752435198800454,2
capacity_random_vs_a6,mae,440,-0.42502896562587766,2
capacity_random_vs_a6,mae,441,-0.42484464971370484,2
capacity_random_vs_a6,mae,442,-0.424942064059346,2
capacity_random_vs_a6,mae,443,-0.4224577429707721,2
capacity_random_vs_a6,mae,444,-0.4222619650277193,2
capacity_random_vs_a6,mae,445,-0.4227930712827388,2
capacity_random_vs_a6,mae,446,-0.42276521245046883,2
capacity_random_vs_a6,mae,447,-0.4234956213302876,2
capacity_random_vs_a6,mae,448,-0.4216462845407998,2
capacity_random_vs_a6,mae,449,-0.4238934966880792,2
capacity_random_vs_a6,mae,450,-0.42331077145444596,2
capacity_random_vs_a6,mae,451,-0.4235228692233206,2
capacity_random_vs_a6,mae,452,-0.42292262310646755,2
capacity_random_vs_a6,mae,453,-0.42535273811545427,2
capacity_random_vs_a6,mae,454,-0.4253357284157233,2
capacity_random_vs_a6,mae,455,-0.42517552420793914,2
capacity_random_vs_a6,mae,456,-0.42369949339643664,2
capacity_random_vs_a6,mae,457,-0.42382192055374857,2
capacity_random_vs_a6,mae,458,-0.42239713265742607,2
capacity_random_vs_a6,mae,459,-0.41968574173572026,2
capacity_random_vs_a6,mae,460,-0.4171615807275675,2
capacity_random_vs_a6,mae,461,-0.41620671719405644,2
capacity_random_vs_a6,mae,462,-0.4122430244498698,2
capacity_random_vs_a6,mae,463,-0.41016300500470004,2
capacity_random_vs_a6,mae,464,-0.40684163893708325,2
capacity_random_vs_a6,mae,465,-0.4075463731182327,2
capacity_random_vs_a6,mae,466,-0.4055954359976499,2
capacity_random_vs_a6,mae,467,-0.4063681181836598,2
capacity_random_vs_a6,mae,468,-0.40678514155001677,2
capacity_random_vs_a6,mae,469,-0.40782638484591516,2
capacity_random_vs_a6,mae,470,-0.4076384193583027,2
capacity_random_vs_a6,mae,471,-0.4075077587701115,2
capacity_random_vs_a6,mae,472,-0.40631918912142906,2
capacity_random_vs_a6,mae,473,-0.4082286643638433,2
capacity_random_vs_a6,mae,474,-0.4071331943028311,2
capacity_random_vs_a6,mae,475,-0.40600966109386905,2
capacity_random_vs_a6,mae,476,-0.40575092833854187,2
capacity_random_vs_a6,mae,477,-0.4055432592269459,2
capacity_random_vs_a6,mae,478,-0.406398795060412,2
capacity_random_vs_a6,mae,479,-0.4089573537177582,2
capacity_random_vs_a6,mae,480,-0.4110003836161602,2
capacity_random_vs_a6,mae,481,-0.41130500507112533,2
capacity_random_vs_a6,mae,482,-0.411789032399108,2
capacity_random_vs_a6,mae,483,-0.41011006007593,2
capacity_random_vs_a6,mae,484,-0.4109536592248464,2
capacity_random_vs_a6,mae,485,-0.408740339153395,2
capacity_random_vs_a6,mae,486,-0.4076245212230978,2
capacity_random_vs_a6,mae,487,-0.40530181596296844,2
capacity_random_vs_a6,mae,488,-0.4048283212063031,2
capacity_random_vs_a6,mae,489,-0.4055237876699569,2
capacity_random_vs_a6,mae,490,-0.4038279630822905,2
capacity_random_vs_a6,mae,491,-0.40629355871794726,2
capacity_random_vs_a6,mae,492,-0.4065674820432652,2
capacity_random_vs_a6,mae,493,-0.405847786742366,2
capacity_random_vs_a6,mae,494,-0.40584417339319945,2
capacity_random_vs_a6,mae,495,-0.40674178916952686,2
capacity_random_vs_a6,mae,496,-0.4088878719457689,2
capacity_random_vs_a6,mae,497,-0.40911797885026635,2
capacity_random_vs_a6,mae,498,-0.40988594157888025,2
capacity_random_vs_a6,mae,499,-0.41280245071912525,2
capacity_random_vs_a6,mae,500,-0.4126107980096716,2
capacity_random_vs_a6,mae,501,-0.41297030637449605,2
capacity_random_vs_a6,mae,502,-0.41432999633251644,2
capacity_random_vs_a6,mae,503,-0.4157504392236788,2
capacity_random_vs_a6,mae,504,-0.4162228133772472,2
capacity_random_vs_a6,mae,505,-0.4152548749982188,2
capacity_random_vs_a6,mae,506,-0.4135444538904798,2
capacity_random_vs_a6,mae,507,-0.413713329494072,2
capacity_random_vs_a6,mae,508,-0.41161204303856946,2
capacity_random_vs_a6,mae,509,-0.4095679090893056,2
capacity_random_vs_a6,mae,510,-0.40946061083838137,2
capacity_random_vs_a6,mae,511,-0.4094220170448848,2
capacity_random_vs_a6,mae,512,-0.4101338186477621,2
capacity_random_vs_a6,mae,513,-0.41044842527971026,2
capacity_random_vs_a6,mae,514,-0.41035225220704685,2
capacity_random_vs_a6,mae,515,-0.4122739292004862,2
capacity_random_vs_a6,mae,516,-0.4124294860323907,2
capacity_random_vs_a6,mae,517,-0.4162359882661426,2
capacity_random_vs_a6,mae,518,-0.4169805736949228,2
capacity_random_vs_a6,mae,519,-0.41607136380659826,2
capacity_random_vs_a6,mae,520,-0.4164595737113941,2
capacity_random_vs_a6,mae,521,-0.41673457515856605,2
capacity_random_vs_a6,mae,522,-0.41592103705823114,2
capacity_random_vs_a6,mae,523,-0.41794416101437415,2
capacity_random_vs_a6,mae,524,-0.41945684681932827,2
capacity_random_vs_a6,mae,525,-0.42040695771456305,2
capacity_random_vs_a6,mae,526,-0.41916512100246717,2
capacity_random_vs_a6,mae,527,-0.4195343367194204,2
capacity_random_vs_a6,mae,528,-0.4191903399972108,2
capacity_random_vs_a6,mae,529,-0.41728839701461906,2
capacity_random_vs_a6,mae,530,-0.41498728942271024,2
capacity_random_vs_a6,mae,531,-0.4145709256133845,2
capacity_random_vs_a6,mae,532,-0.4127416737348044,2
capacity_random_vs_a6,mae,533,-0.4121688792266198,2
capacity_random_vs_a6,mae,534,-0.41342040771622734,2
capacity_random_vs_a6,mae,535,-0.41115477718963955,2
capacity_random_vs_a6,mae,536,-0.41081567158648635,2
capacity_random_vs_a6,mae,537,-0.4112716112835657,2
capacity_random_vs_a6,mae,538,-0.4126071290521671,2
capacity_random_vs_a6,mae,539,-0.413579497083163,2
capacity_random_vs_a6,mae,540,-0.41446434349045935,2
capacity_random_vs_a6,mae,541,-0.41432132788387976,2
capacity_random_vs_a6,mae,542,-0.41428962537812364,2
capacity_random_vs_a6,mae,543,-0.41568048699677673,2
capacity_random_vs_a6,mae,544,-0.41656393155699023,2
capacity_random_vs_a6,mae,545,-0.41842962127549344,2
capacity_random_vs_a6,mae,546,-0.4211486797106745,2
capacity_random_vs_a6,mae,547,-0.4231811377731698,2
capacity_random_vs_a6,mae,548,-0.423206157403202,2
capacity_random_vs_a6,mae,549,-0.425152724593878,2
capacity_random_vs_a6,mae,550,-0.4265941280707719,2
capacity_random_vs_a6,mae,551,-0.4274945752696979,2
capacity_random_vs_a6,mae,552,-0.4262012420554484,2
capacity_random_vs_a6,mae,553,-0.4246550368799973,2
capacity_random_vs_a6,mae,554,-0.4238343189695626,2
capacity_random_vs_a6,mae,555,-0.4241160957672485,2
capacity_random_vs_a6,mae,556,-0.423040642264636,2
capacity_random_vs_a6,mae,557,-0.41975907520294564,2
capacity_random_vs_a6,mae,558,-0.41837445521709427,2
capacity_random_vs_a6,mae,559,-0.4179041050982768,2
capacity_random_vs_a6,mae,560,-0.41717695876478,2
capacity_random_vs_a6,mae,561,-0.4170600858874951,2
capacity_random_vs_a6,mae,562,-0.4190154448626471,2
capacity_random_vs_a6,mae,563,-0.42243155967789825,2
capacity_random_vs_a6,mae,564,-0.4225201976973181,2
capacity_random_vs_a6,mae,565,-0.42310953570524834,2
capacity_random_vs_a6,mae,566,-0.42308442088823117,2
capacity_random_vs_a6,mae,567,-0.42598573667547823,2
capacity_random_vs_a6,mae,568,-0.4267476773103396,2
capacity_random_vs_a6,mae,569,-0.4277736118000619,2
capacity_random_vs_a6,mae,570,-0.4297605297901108,2
capacity_random_vs_a6,mae,571,-0.43222195423989085,2
capacity_random_vs_a6,mae,572,-0.43420591016135823,2
capacity_random_vs_a6,mae,573,-0.4362639098554544,2
capacity_random_vs_a6,mae,574,-0.4372890094832371,2
capacity_random_vs_a6,mae,575,-0.44053294211752414,2
capacity_random_vs_a6,mae,576,-0.43986003076501135,2
capacity_random_vs_a6,mae,577,-0.43857205842887215,2
capacity_random_vs_a6,mae,578,-0.43712876219592856,2
capacity_random_vs_a6,mae,579,-0.43745645463195704,2
capacity_random_vs_a6,mae,580,-0.4373623051520936,2
capacity_random_vs_a6,mae,581,-0.4354419297242762,2
capacity_random_vs_a6,mae,582,-0.4354914662943954,2
capacity_random_vs_a6,mae,583,-0.43361326101122977,2
capacity_random_vs_a6,mae,584,-0.43448447196441364,2
capacity_random_vs_a6,mae,585,-0.4360319762286391,2
capacity_random_vs_a6,mae,586,-0.4362055093350037,2
capacity_random_vs_a6,mae,587,-0.43523255709720043,2
capacity_random_vs_a6,mae,588,-0.4341803621192808,2
capacity_random_vs_a6,mae,589,-0.43508567034226786,2
capacity_random_vs_a6,mae,590,-0.4355015070535262,2
capacity_random_vs_a6,mae,591,-0.4358949396905287,2
capacity_random_vs_a6,mae,592,-0.43596545069716663,2
capacity_random_vs_a6,mae,593,-0.43558870603424227,2
capacity_random_vs_a6,mae,594,-0.4352829443914952,2
capacity_random_vs_a6,mae,595,-0.4362298476979576,2
capacity_random_vs_a6,mae,596,-0.4369059421460486,2
capacity_random_vs_a6,mae,597,-0.43683657302313605,2
capacity_random_vs_a6,mae,598,-0.43806089253997316,2
capacity_random_vs_a6,mae,599,-0.43900748857128136,2
capacity_random_vs_a6,mae,600,-0.43727113390997774,2
capacity_random_vs_a6,mae,601,-0.4359724657938191,2
capacity_random_vs_a6,mae,602,-0.43493807007106255,2
capacity_random_vs_a6,mae,603,-0.43399671980038024,2
capacity_random_vs_a6,mae,604,-0.431921106076103,2
capacity_random_vs_a6,mae,605,-0.4324580141823309,2
capacity_random_vs_a6,mae,606,-0.4314197226216443,2
capacity_random_vs_a6,mae,607,-0.431944545246814,2
capacity_random_vs_a6,mae,608,-0.43120961939081326,2
capacity_random_vs_a6,mae,609,-0.4302804776213742,2
capacity_random_vs_a6,mae,610,-0.43011514981849075,2
capacity_random_vs_a6,mae,611,-0.43163562886797235,2
capacity_random_vs_a6,mae,612,-0.4310131251293048,2
capacity_random_vs_a6,mae,613,-0.4311549676097348,2
capacity_random_vs_a6,mae,614,-0.43115799510888175,2
capacity_random_vs_a6,mae,615,-0.4304843136284897,2
capacity_random_vs_a6,mae,616,-0.43087843651225866,2
capacity_random_vs_a6,mae,617,-0.43194671876079616,2
capacity_random_vs_a6,mae,618,-0.4320814008879137,2
capacity_random_vs_a6,mae,619,-0.43278987760670296,2
capacity_random_vs_a6,mae,620,-0.43391289144561584,2
capacity_random_vs_a6,mae,621,-0.4352032964939223,2
capacity_random_vs_a6,mae,622,-0.43636352034149395,2
capacity_random_vs_a6,mae,623,-0.4367436731424812,2
capacity_random_vs_a6,mae,624,-0.43733405836704486,2
capacity_random_vs_a6,mae,625,-0.43689796767002687,2
capacity_random_vs_a6,mae,626,-0.4384150899889261,2
capacity_random_vs_a6,mae,627,-0.4358232255961725,2
capacity_random_vs_a6,mae,628,-0.4336129055318527,2
capacity_random_vs_a6,mae,629,-0.432927745065943,2
capacity_random_vs_a6,mae,630,-0.4325708990534216,2
capacity_random_vs_a6,mae,631,-0.43286393781715393,2
capacity_random_vs_a6,mae,632,-0.43182781058874076,2
capacity_random_vs_a6,mae,633,-0.4299620915243074,2
capacity_random_vs_a6,mae,634,-0.43126694531288035,2
capacity_random_vs_a6,mae,635,-0.43075156897988576,2
capacity_random_vs_a6,mae,636,-0.432079538979111,2
capacity_random_vs_a6,mae,637,-0.43317999308106536,2
capacity_random_vs_a6,mae,638,-0.43339298531005044,2
capacity_random_vs_a6,mae,639,-0.4337806087373508,2
capacity_random_vs_a6,mae,640,-0.43575381865900153,2
capacity_random_vs_a6,mae,641,-0.4362503641632465,2
capacity_random_vs_a6,mae,642,-0.4371042926978874,2
capacity_random_vs_a6,mae,643,-0.4388391088021848,2
capacity_random_vs_a6,mae,644,-0.44281582118040674,2
capacity_random_vs_a6,mae,645,-0.4450381434259376,2
capacity_random_vs_a6,mae,646,-0.4457353113738871,2
capacity_random_vs_a6,mae,647,-0.44564039389214827,2
capacity_random_vs_a6,mae,648,-0.44586806282164604,2
capacity_random_vs_a6,mae,649,-0.4467132182104949,2
capacity_random_vs_a6,mae,650,-0.4478661510506621,2
capacity_random_vs_a6,mae,651,-0.447999360877267,2
capacity_random_vs_a6,mae,652,-0.44705855344295387,2
capacity_random_vs_a6,mae,653,-0.44564497989747043,2
capacity_random_vs_a6,mae,654,-0.44366153755766913,2
capacity_random_vs_a6,mae,655,-0.4444030967411772,2
capacity_random_vs_a6,mae,656,-0.4433231386687031,2
capacity_random_vs_a6,mae,657,-0.4437020098686517,2
capacity_random_vs_a6,mae,658,-0.44351246981680026,2
capacity_random_vs_a6,mae,659,-0.4434195021694376,2
capacity_random_vs_a6,mae,660,-0.444750116527699,2
capacity_random_vs_a6,mae,661,-0.4435855167658298,2
capacity_random_vs_a6,mae,662,-0.44292493457919413,2
capacity_random_vs_a6,mae,663,-0.44484981676478297,2
capacity_random_vs_a6,mae,664,-0.44562114761531824,2
capacity_random_vs_a6,mae,665,-0.44606439584842006,2
capacity_random_vs_a6,mae,666,-0.44600617385848196,2
capacity_random_vs_a6,mae,667,-0.4470232786038397,2
capacity_random_vs_a6,mae,668,-0.447234653517663,2
capacity_random_vs_a6,mae,669,-0.44723708178764143,1
capacity_random_vs_a6,mae,670,-0.4485378213980096,1
capacity_random_vs_a6,mae,671,-0.44815789583059873,1
capacity_random_vs_a6,mae,672,-0.4484486184093117,1
capacity_random_vs_a6,mae,673,-0.44928083365155747,1
capacity_random_vs_a6,mae,674,-0.4482047959829383,1
capacity_random_vs_a6,mae,675,-0.44667047729169074,1
capacity_random_vs_a6,mae,676,-0.44515577250745064,1
capacity_random_vs_a6,mae,677,-0.4431399505167155,1
capacity_random_vs_a6,mae,678,-0.44194265644191155,1
capacity_random_vs_a6,mae,679,-0.4401872047514588,1
capacity_random_vs_a6,mae,680,-0.4390581924960224,1
capacity_random_vs_a6,mae,681,-0.4387980964217819,1
capacity_random_vs_a6,mae,682,-0.4372831524056253,1
capacity_random_vs_a6,mae,683,-0.4367753201201552,1
capacity_random_vs_a6,mae,684,-0.4361136336311988,1
capacity_random_vs_a6,mae,685,-0.4365527008666614,1
capacity_random_vs_a6,mae,686,-0.43786426905595865,1
capacity_random_vs_a6,mae,687,-0.43593451508466385,1
capacity_random_vs_a6,mae,688,-0.43537945276094003,1
capacity_random_vs_a6,mae,689,-0.43488300385131184,1
capacity_random_vs_a6,mae,690,-0.43486083827081856,1
capacity_random_vs_a6,mae,691,-0.43516627564574417,1
capacity_random_vs_a6,mae,692,-0.43506051637631105,1
capacity_random_vs_a6,mae,693,-0.43467127376274783,1
capacity_random_vs_a6,mae,694,-0.43524927179172,1
capacity_random_vs_a6,mae,695,-0.43702934803550697,1
capacity_random_vs_a6,mae,696,-0.4358475045271515,1
capacity_random_vs_a6,mae,697,-0.43731737582850094,1
capacity_random_vs_a6,mae,698,-0.43789721703377804,1
capacity_random_vs_a6,mae,699,-0.4370909421215097,1
capacity_random_vs_a6,mae,700,-0.4364766985726942,1
capacity_random_vs_a6,mae,701,-0.43629328337394746,1
capacity_random_vs_a6,mae,702,-0.4354250444667529,1
capacity_random_vs_a6,mae,703,-0.4355241201242177,1
capacity_random_vs_a6,mae,704,-0.4353682030888284,1
capacity_random_vs_a6,mae,705,-0.4355346383980718,1
capacity_random_vs_a6,mae,706,-0.43569867618213687,1
capacity_random_vs_a6,mae,707,-0.43597280586384457,1
capacity_random_vs_a6,mae,708,-0.43630047232894986,1
capacity_random_vs_a6,mae,709,-0.43682916504919955,1
capacity_random_vs_a6,mae,710,-0.43726217113317034,1
capacity_random_vs_a6,mae,711,-0.4385256643540214,1
capacity_random_vs_a6,mae,712,-0.4392323936485587,1
capacity_random_vs_a6,mae,713,-0.44057392189367883,1
capacity_random_vs_a6,mae,714,-0.44188700340972,1
capacity_random_vs_a6,mae,715,-0.44356377128584645,1
capacity_random_vs_a6,mae,716,-0.4445625959482924,1
capacity_random_vs_a6,mae,717,-0.4451138673124344,1
capacity_random_vs_a6,mae,718,-0.4457754540188841,1
capacity_random_vs_a6,mae,719,-0.4473445814935717,1
capacity_random_vs_a6,mae,720,-0.4477415889789427,1
