segment,mse,mae
1-96,0.30542171001434326,0.35743144154548645
97-192,0.36493417620658875,0.395854115486145
