{
  "mse": 0.3351779580116272,
  "mae": 0.37664276361465454
}