segment_a,segment_b,cosine
0,1,-0.5339993834495544
0,2,0.7442551255226135
0,3,-0.5624598264694214
1,2,-0.31990453600883484
1,3,0.9787834882736206
2,3,-0.25115376710891724
