dataset,sample_rank,validation_window_index,raw_forecast_origin,channel,future_step,ground_truth,prediction
ETTh1,1,8,8647,0,1,5.357999801635742,3.904690742492676
ETTh1,1,8,8647,0,2,3.1480002403259277,2.755251884460449
ETTh1,1,8,8647,0,3,-0.40199947357177734,3.329216957092285
ETTh1,1,8,8647,0,4,-5.090001106262207,-0.5050277709960938
ETTh1,1,8,8647,0,5,-1.5410003662109375,-2.1169891357421875
ETTh1,1,8,8647,0,6,3.9519999027252197,-1.4761056900024414
ETTh1,1,8,8647,0,7,-1.005000114440918,-0.9693231582641602
ETTh1,1,8,8647,0,8,2.745999813079834,0.3217811584472656
ETTh1,1,8,8647,0,9,6.831999778747559,3.2145023345947266
ETTh1,1,8,8647,0,10,9.779000282287598,5.662943363189697
ETTh1,1,8,8647,0,11,9.109000205993652,7.264970302581787
ETTh1,1,8,8647,0,12,9.51099967956543,9.660618782043457
ETTh1,1,8,8647,0,13,10.784000396728516,10.35177993774414
ETTh1,1,8,8647,0,14,9.779000282287598,10.339720726013184
ETTh1,1,8,8647,0,15,9.376999855041504,11.89144229888916
ETTh1,1,8,8647,0,16,10.04699993133545,10.875765800476074
ETTh1,1,8,8647,0,17,11.854999542236328,10.150446891784668
ETTh1,1,8,8647,0,18,13.26200008392334,11.127180099487305
ETTh1,1,8,8647,0,19,12.859999656677246,11.568033218383789
ETTh1,1,8,8647,0,20,12.390999794006348,11.063552856445312
ETTh1,1,8,8647,0,21,12.123000144958496,11.577427864074707
ETTh1,1,8,8647,0,22,13.932000160217285,9.725410461425781
ETTh1,1,8,8647,0,23,12.592000007629395,9.260552406311035
ETTh1,1,8,8647,0,24,8.975000381469727,7.661940574645996
ETTh1,1,8,8647,0,25,3.684000015258789,4.075932502746582
ETTh1,1,8,8647,0,26,2.1429996490478516,3.3036322593688965
ETTh1,1,8,8647,0,27,-3.0139999389648438,2.0832371711730957
ETTh1,1,8,8647,0,28,-5.760000228881836,-1.0043697357177734
ETTh1,1,8,8647,0,29,-11.588001251220703,-3.111682891845703
ETTh1,1,8,8647,0,30,-8.908000946044922,-1.428842544555664
ETTh1,1,8,8647,0,31,-8.975000381469727,-1.1436586380004883
ETTh1,1,8,8647,0,32,-5.961000442504883,1.0120844841003418
ETTh1,1,8,8647,0,33,-1.4069995880126953,4.301466464996338
ETTh1,1,8,8647,0,34,4.48799991607666,6.840644836425781
ETTh1,1,8,8647,0,35,6.497000217437744,7.144321918487549
ETTh1,1,8,8647,0,36,7.703000068664551,7.6487812995910645
ETTh1,1,8,8647,0,37,9.913000106811523,8.545234680175781
ETTh1,1,8,8647,0,38,9.109000205993652,9.50896167755127
ETTh1,1,8,8647,0,39,8.572999954223633,9.816688537597656
ETTh1,1,8,8647,0,40,10.180999755859375,10.098855018615723
ETTh1,1,8,8647,0,41,12.72599983215332,11.940921783447266
ETTh1,1,8,8647,0,42,12.524999618530273,10.765734672546387
ETTh1,1,8,8647,0,43,12.123000144958496,11.236150741577148
ETTh1,1,8,8647,0,44,12.324000358581543,11.76004695892334
ETTh1,1,8,8647,0,45,12.659000396728516,11.119293212890625
ETTh1,1,8,8647,0,46,12.055999755859375,10.52137565612793
ETTh1,1,8,8647,0,47,11.38700008392334,10.377190589904785
ETTh1,1,8,8647,0,48,8.439000129699707,6.838321685791016
ETTh1,1,8,8647,0,49,3.9519999027252197,4.367975234985352
ETTh1,1,8,8647,0,50,0.7369999885559082,3.394735336303711
ETTh1,1,8,8647,0,51,1.8749995231628418,1.8172979354858398
ETTh1,1,8,8647,0,52,-0.26799964904785156,-0.43470001220703125
ETTh1,1,8,8647,0,53,-2.0759992599487305,-1.926692008972168
ETTh1,1,8,8647,0,54,-2.0759992599487305,-1.6577577590942383
ETTh1,1,8,8647,0,55,-3.1479997634887695,-1.174520492553711
ETTh1,1,8,8647,0,56,-6.161999702453613,1.3700551986694336
ETTh1,1,8,8647,0,57,1.3400001525878906,3.755856513977051
ETTh1,1,8,8647,0,58,4.554999828338623,4.735457897186279
ETTh1,1,8,8647,0,59,5.090000152587891,6.328339576721191
ETTh1,1,8,8647,0,60,7.836999893188477,10.011260032653809
ETTh1,1,8,8647,0,61,9.979999542236328,9.353999137878418
ETTh1,1,8,8647,0,62,11.98900032043457,10.7261323928833
ETTh1,1,8,8647,0,63,11.854999542236328,10.488676071166992
ETTh1,1,8,8647,0,64,11.454000473022461,11.745208740234375
ETTh1,1,8,8647,0,65,10.85099983215332,10.168229103088379
ETTh1,1,8,8647,0,66,11.253000259399414,11.4558744430542
ETTh1,1,8,8647,0,67,11.319999694824219,11.376741409301758
ETTh1,1,8,8647,0,68,10.784000396728516,10.563467979431152
ETTh1,1,8,8647,0,69,10.180999755859375,10.42553424835205
ETTh1,1,8,8647,0,70,12.390999794006348,10.114890098571777
ETTh1,1,8,8647,0,71,10.649999618530273,9.001798629760742
ETTh1,1,8,8647,0,72,6.697999954223633,7.347591876983643
ETTh1,1,8,8647,0,73,0.9380002021789551,4.532063007354736
ETTh1,1,8,8647,0,74,-5.2910003662109375,1.6933341026306152
ETTh1,1,8,8647,0,75,-4.085999488830566,1.0948734283447266
ETTh1,1,8,8647,0,76,-4.554999351501465,-2.527644157409668
ETTh1,1,8,8647,0,77,-7.234000205993652,-2.9202022552490234
ETTh1,1,8,8647,0,78,-5.692999839782715,-1.7483634948730469
ETTh1,1,8,8647,0,79,-5.223999977111816,-1.4378738403320312
ETTh1,1,8,8647,0,80,-4.755999565124512,1.338517189025879
ETTh1,1,8,8647,0,81,0.5360002517700195,3.3273916244506836
ETTh1,1,8,8647,0,82,4.2870001792907715,4.096508502960205
ETTh1,1,8,8647,0,83,5.625999927520752,6.3615922927856445
ETTh1,1,8,8647,0,84,7.9710001945495605,8.144620895385742
ETTh1,1,8,8647,0,85,10.3149995803833,9.476737976074219
ETTh1,1,8,8647,0,86,10.381999969482422,9.163171768188477
ETTh1,1,8,8647,0,87,9.376999855041504,9.655338287353516
ETTh1,1,8,8647,0,88,9.57800006866455,9.783422470092773
ETTh1,1,8,8647,0,89,10.449000358581543,11.433235168457031
ETTh1,1,8,8647,0,90,9.376999855041504,9.908811569213867
ETTh1,1,8,8647,0,91,9.041999816894531,9.71619987487793
ETTh1,1,8,8647,0,92,8.305999755859375,11.101274490356445
ETTh1,1,8,8647,0,93,7.9039998054504395,10.361297607421875
ETTh1,1,8,8647,0,94,9.041999816894531,9.69723129272461
ETTh1,1,8,8647,0,95,11.052000045776367,8.81751823425293
ETTh1,1,8,8647,0,96,9.175999641418457,5.621606826782227
ETTh1,1,8,8647,0,97,6.63100004196167,3.0881099700927734
ETTh1,1,8,8647,0,98,6.229000091552734,3.120490550994873
ETTh1,1,8,8647,0,99,6.296000003814697,0.40723657608032227
ETTh1,1,8,8647,0,100,5.692999839782715,0.06761360168457031
ETTh1,1,8,8647,0,101,8.17199993133545,-1.897599220275879
ETTh1,1,8,8647,0,102,8.371999740600586,-3.3299245834350586
ETTh1,1,8,8647,0,103,2.880000114440918,-2.5588560104370117
ETTh1,1,8,8647,0,104,3.3489999771118164,-1.0757741928100586
ETTh1,1,8,8647,0,105,4.019000053405762,1.4436354637145996
ETTh1,1,8,8647,0,106,4.622000217437744,5.075506687164307
ETTh1,1,8,8647,0,107,6.229000091552734,6.197772979736328
ETTh1,1,8,8647,0,108,6.697999954223633,7.425207138061523
ETTh1,1,8,8647,0,109,7.0329999923706055,8.948135375976562
ETTh1,1,8,8647,0,110,6.63100004196167,8.516816139221191
ETTh1,1,8,8647,0,111,7.166999816894531,10.011838912963867
ETTh1,1,8,8647,0,112,8.706999778747559,9.846593856811523
ETTh1,1,8,8647,0,113,9.109000205993652,10.157666206359863
ETTh1,1,8,8647,0,114,9.779000282287598,10.979026794433594
ETTh1,1,8,8647,0,115,9.845999717712402,10.113113403320312
ETTh1,1,8,8647,0,116,8.975000381469727,10.467643737792969
ETTh1,1,8,8647,0,117,8.975000381469727,10.054901123046875
ETTh1,1,8,8647,0,118,11.052000045776367,10.304325103759766
ETTh1,1,8,8647,0,119,10.784000396728516,9.602354049682617
ETTh1,1,8,8647,0,120,10.11400032043457,8.0210542678833
ETTh1,1,8,8647,0,121,7.9710001945495605,4.260263442993164
ETTh1,1,8,8647,0,122,8.77400016784668,3.9309935569763184
ETTh1,1,8,8647,0,123,9.109000205993652,1.125373363494873
ETTh1,1,8,8647,0,124,9.243000030517578,-0.6988325119018555
ETTh1,1,8,8647,0,125,7.301000118255615,-2.8386383056640625
ETTh1,1,8,8647,0,126,3.885000228881836,-2.5374460220336914
ETTh1,1,8,8647,0,127,3.081000328063965,-1.5692367553710938
ETTh1,1,8,8647,0,128,3.3489999771118164,1.8725571632385254
ETTh1,1,8,8647,0,129,6.36299991607666,2.6623926162719727
ETTh1,1,8,8647,0,130,8.907999992370605,5.370271682739258
ETTh1,1,8,8647,0,131,5.425000190734863,7.383394718170166
ETTh1,1,8,8647,0,132,6.1620001792907715,8.066400527954102
ETTh1,1,8,8647,0,133,6.966000080108643,9.038894653320312
ETTh1,1,8,8647,0,134,6.0279998779296875,9.0283842086792
ETTh1,1,8,8647,0,135,6.229000091552734,10.036224365234375
ETTh1,1,8,8647,0,136,5.960999965667725,9.08584976196289
ETTh1,1,8,8647,0,137,7.434999942779541,10.943355560302734
ETTh1,1,8,8647,0,138,7.368000030517578,11.012460708618164
ETTh1,1,8,8647,0,139,6.764999866485596,13.129156112670898
ETTh1,1,8,8647,0,140,7.166999816894531,11.701231956481934
ETTh1,1,8,8647,0,141,6.831999778747559,12.249358177185059
ETTh1,1,8,8647,0,142,8.439000129699707,9.397634506225586
ETTh1,1,8,8647,0,143,8.907999992370605,8.741228103637695
ETTh1,1,8,8647,0,144,8.840999603271484,7.430545806884766
ETTh1,1,8,8647,0,145,9.3100004196167,5.0760064125061035
ETTh1,1,8,8647,0,146,8.572999954223633,1.002983570098877
ETTh1,1,8,8647,0,147,8.038000106811523,0.2493305206298828
ETTh1,1,8,8647,0,148,5.827000141143799,-0.8021459579467773
ETTh1,1,8,8647,0,149,6.697999954223633,-3.192776679992676
ETTh1,1,8,8647,0,150,2.611999988555908,-1.9847087860107422
ETTh1,1,8,8647,0,151,3.750999927520752,-1.886322021484375
ETTh1,1,8,8647,0,152,-5.692999839782715,-0.22359275817871094
ETTh1,1,8,8647,0,153,-3.3489999771118164,3.3034729957580566
ETTh1,1,8,8647,0,154,4.1529998779296875,4.757087707519531
ETTh1,1,8,8647,0,155,6.63100004196167,6.651094436645508
ETTh1,1,8,8647,0,156,6.89900016784668,7.868699073791504
ETTh1,1,8,8647,0,157,7.234000205993652,8.247419357299805
ETTh1,1,8,8647,0,158,7.166999816894531,9.448593139648438
ETTh1,1,8,8647,0,159,6.831999778747559,10.625419616699219
ETTh1,1,8,8647,0,160,7.099999904632568,11.007808685302734
ETTh1,1,8,8647,0,161,11.052000045776367,10.790456771850586
ETTh1,1,8,8647,0,162,10.717000007629395,11.060681343078613
ETTh1,1,8,8647,0,163,9.845999717712402,11.56108283996582
ETTh1,1,8,8647,0,164,9.845999717712402,12.090638160705566
ETTh1,1,8,8647,0,165,7.099999904632568,11.271032333374023
ETTh1,1,8,8647,0,166,9.444000244140625,10.466848373413086
ETTh1,1,8,8647,0,167,9.979999542236328,9.016621589660645
ETTh1,1,8,8647,0,168,8.104999542236328,6.061595916748047
ETTh1,1,8,8647,0,169,6.1620001792907715,4.403958320617676
ETTh1,1,8,8647,0,170,2.1429996490478516,2.453059673309326
ETTh1,1,8,8647,0,171,3.2149996757507324,0.1450662612915039
ETTh1,1,8,8647,0,172,-2.678999900817871,-0.9173412322998047
ETTh1,1,8,8647,0,173,0.6699995994567871,-2.8671369552612305
ETTh1,1,8,8647,0,174,0.20100021362304688,-2.010293960571289
ETTh1,1,8,8647,0,175,4.354000091552734,-2.145193099975586
ETTh1,1,8,8647,0,176,-1.273000717163086,0.330935001373291
ETTh1,1,8,8647,0,177,4.2870001792907715,1.6974372863769531
ETTh1,1,8,8647,0,178,6.429999828338623,4.817776203155518
ETTh1,1,8,8647,0,179,4.8899993896484375,6.765027046203613
ETTh1,1,8,8647,0,180,7.368000030517578,7.742260456085205
ETTh1,1,8,8647,0,181,8.104999542236328,9.457046508789062
ETTh1,1,8,8647,0,182,7.703000068664551,9.739439010620117
ETTh1,1,8,8647,0,183,7.434999942779541,10.391809463500977
ETTh1,1,8,8647,0,184,7.769999980926514,9.80359172821045
ETTh1,1,8,8647,0,185,9.3100004196167,10.999532699584961
ETTh1,1,8,8647,0,186,11.92199993133545,10.746315002441406
ETTh1,1,8,8647,0,187,10.717000007629395,11.169049263000488
ETTh1,1,8,8647,0,188,11.052000045776367,10.961540222167969
ETTh1,1,8,8647,0,189,9.711999893188477,11.754674911499023
ETTh1,1,8,8647,0,190,12.390999794006348,10.647672653198242
ETTh1,1,8,8647,0,191,10.784000396728516,9.673914909362793
ETTh1,1,8,8647,0,192,5.425000190734863,7.497880935668945
ETTh1,1,8,8647,0,193,1.6079998016357422,4.40303897857666
ETTh1,1,8,8647,0,194,-1.6739997863769531,2.3103442192077637
ETTh1,1,8,8647,0,195,-5.090001106262207,-0.7776041030883789
ETTh1,1,8,8647,0,196,-7.703000068664551,-2.25588321685791
ETTh1,1,8,8647,0,197,-3.7509994506835938,-2.7696781158447266
ETTh1,1,8,8647,0,198,-4.554999351501465,-1.2617082595825195
ETTh1,1,8,8647,0,199,-8.908000946044922,-1.5881986618041992
ETTh1,1,8,8647,0,200,-6.363000869750977,0.06750774383544922
ETTh1,1,8,8647,0,201,6.564000129699707,2.2154784202575684
ETTh1,1,8,8647,0,202,6.764999866485596,3.89208984375
ETTh1,1,8,8647,0,203,7.234000205993652,8.333806991577148
ETTh1,1,8,8647,0,204,7.836999893188477,7.739432334899902
ETTh1,1,8,8647,0,205,9.979999542236328,9.0330228805542
ETTh1,1,8,8647,0,206,9.109000205993652,10.159700393676758
ETTh1,1,8,8647,0,207,9.3100004196167,9.920806884765625
ETTh1,1,8,8647,0,208,10.04699993133545,10.811326026916504
ETTh1,1,8,8647,0,209,11.854999542236328,10.604757308959961
ETTh1,1,8,8647,0,210,11.588000297546387,11.711745262145996
ETTh1,1,8,8647,0,211,10.3149995803833,11.123241424560547
ETTh1,1,8,8647,0,212,10.918000221252441,11.968816757202148
ETTh1,1,8,8647,0,213,9.779000282287598,12.07046127319336
ETTh1,1,8,8647,0,214,10.918000221252441,10.511652946472168
ETTh1,1,8,8647,0,215,11.720999717712402,10.530603408813477
ETTh1,1,8,8647,0,216,4.8899993896484375,8.683445930480957
ETTh1,1,8,8647,0,217,4.622000217437744,5.5001020431518555
ETTh1,1,8,8647,0,218,-0.5360002517700195,2.6707653999328613
ETTh1,1,8,8647,0,219,-8.707000732421875,-0.6167936325073242
ETTh1,1,8,8647,0,220,-11.319999694824219,-2.738443374633789
ETTh1,1,8,8647,0,221,-12.458000183105469,-3.4108991622924805
ETTh1,1,8,8647,0,222,-13.79800033569336,-2.4699277877807617
ETTh1,1,8,8647,0,223,-4.487998962402344,-2.2853469848632812
ETTh1,1,8,8647,0,224,4.086000442504883,-1.0302085876464844
ETTh1,1,8,8647,0,225,1.6739997863769531,1.7643961906433105
ETTh1,1,8,8647,0,226,4.689000129699707,4.739559650421143
ETTh1,1,8,8647,0,227,6.0279998779296875,5.765926837921143
ETTh1,1,8,8647,0,228,8.439000129699707,8.304757118225098
ETTh1,1,8,8647,0,229,11.520999908447266,9.498894691467285
ETTh1,1,8,8647,0,230,11.119000434875488,9.805480003356934
ETTh1,1,8,8647,0,231,12.659000396728516,10.05377197265625
ETTh1,1,8,8647,0,232,12.524999618530273,10.536752700805664
ETTh1,1,8,8647,0,233,13.529999732971191,10.699874877929688
ETTh1,1,8,8647,0,234,12.793000221252441,10.653182029724121
ETTh1,1,8,8647,0,235,11.588000297546387,10.697928428649902
ETTh1,1,8,8647,0,236,12.994000434875488,11.247222900390625
ETTh1,1,8,8647,0,237,12.458000183105469,10.431615829467773
ETTh1,1,8,8647,0,238,11.253000259399414,10.887435913085938
ETTh1,1,8,8647,0,239,10.180999755859375,8.780306816101074
ETTh1,1,8,8647,0,240,7.836999893188477,7.390674591064453
ETTh1,1,8,8647,0,241,8.23900032043457,4.78217887878418
ETTh1,1,8,8647,0,242,0.6699995994567871,2.633726119995117
ETTh1,1,8,8647,0,243,1.4070000648498535,-0.444854736328125
ETTh1,1,8,8647,0,244,-1.875,-1.4183225631713867
ETTh1,1,8,8647,0,245,-12.055999755859375,-3.69936466217041
ETTh1,1,8,8647,0,246,-3.0139999389648438,-2.3016061782836914
ETTh1,1,8,8647,0,247,-10.985000610351562,-1.518906593322754
ETTh1,1,8,8647,0,248,-0.5360002517700195,0.8994855880737305
ETTh1,1,8,8647,0,249,-0.6700000762939453,1.471890926361084
ETTh1,1,8,8647,0,250,0.9380002021789551,4.187646865844727
ETTh1,1,8,8647,0,251,6.36299991607666,6.279721736907959
ETTh1,1,8,8647,0,252,9.444000244140625,8.17629337310791
ETTh1,1,8,8647,0,253,13.329000473022461,9.080896377563477
ETTh1,1,8,8647,0,254,13.128000259399414,9.634918212890625
ETTh1,1,8,8647,0,255,11.854999542236328,9.954883575439453
ETTh1,1,8,8647,0,256,11.454000473022461,10.357562065124512
ETTh1,1,8,8647,0,257,14.267000198364258,10.485721588134766
ETTh1,1,8,8647,0,258,11.98900032043457,10.496450424194336
ETTh1,1,8,8647,0,259,12.994000434875488,11.295806884765625
ETTh1,1,8,8647,0,260,11.588000297546387,10.924551010131836
ETTh1,1,8,8647,0,261,11.454000473022461,11.586347579956055
ETTh1,1,8,8647,0,262,11.119000434875488,10.848134994506836
ETTh1,1,8,8647,0,263,10.3149995803833,9.94040298461914
ETTh1,1,8,8647,0,264,8.104999542236328,8.622941017150879
ETTh1,1,8,8647,0,265,1.8749995231628418,5.245911598205566
ETTh1,1,8,8647,0,266,-0.13399982452392578,1.4538311958312988
ETTh1,1,8,8647,0,267,3.1480002403259277,0.4219322204589844
ETTh1,1,8,8647,0,268,-2.61199951171875,-1.937398910522461
ETTh1,1,8,8647,0,269,-1.3400001525878906,-3.242426872253418
ETTh1,1,8,8647,0,270,-2.746000289916992,-2.927140235900879
ETTh1,1,8,8647,0,271,1.3400001525878906,-2.8456878662109375
ETTh1,1,8,8647,0,272,3.5500001907348633,1.0730042457580566
ETTh1,1,8,8647,0,273,6.831999778747559,2.412144660949707
ETTh1,1,8,8647,0,274,7.568999767303467,4.720600605010986
ETTh1,1,8,8647,0,275,6.764999866485596,5.88499641418457
ETTh1,1,8,8647,0,276,9.711999893188477,7.285923957824707
ETTh1,1,8,8647,0,277,12.793000221252441,8.365574836730957
ETTh1,1,8,8647,0,278,12.458000183105469,9.207883834838867
ETTh1,1,8,8647,0,279,13.99899959564209,8.969283103942871
ETTh1,1,8,8647,0,280,12.994000434875488,8.947574615478516
ETTh1,1,8,8647,0,281,13.864999771118164,10.935600280761719
ETTh1,1,8,8647,0,282,14.937000274658203,11.049179077148438
ETTh1,1,8,8647,0,283,14.199999809265137,11.053446769714355
ETTh1,1,8,8647,0,284,13.329000473022461,11.645868301391602
ETTh1,1,8,8647,0,285,13.79800033569336,11.49039077758789
ETTh1,1,8,8647,0,286,12.592000007629395,9.357016563415527
ETTh1,1,8,8647,0,287,12.1899995803833,9.189647674560547
ETTh1,1,8,8647,0,288,11.38700008392334,6.1336541175842285
ETTh1,1,8,8647,0,289,6.697999954223633,5.943001747131348
ETTh1,1,8,8647,0,290,-1.1389999389648438,1.7261872291564941
ETTh1,1,8,8647,0,291,3.0139999389648438,0.8882489204406738
ETTh1,1,8,8647,0,292,2.4780001640319824,-2.081841468811035
ETTh1,1,8,8647,0,293,-10.180999755859375,-3.455447196960449
ETTh1,1,8,8647,0,294,0.26799964904785156,-3.088595390319824
ETTh1,1,8,8647,0,295,1.6739997863769531,-3.1121912002563477
ETTh1,1,8,8647,0,296,4.2870001792907715,-0.1928882598876953
ETTh1,1,8,8647,0,297,2.812999725341797,2.683485984802246
ETTh1,1,8,8647,0,298,6.89900016784668,3.9220094680786133
ETTh1,1,8,8647,0,299,6.764999866485596,6.5360260009765625
ETTh1,1,8,8647,0,300,8.907999992370605,7.35552978515625
ETTh1,1,8,8647,0,301,11.38700008392334,7.933065891265869
ETTh1,1,8,8647,0,302,10.649999618530273,9.065190315246582
ETTh1,1,8,8647,0,303,10.984999656677246,9.623519897460938
ETTh1,1,8,8647,0,304,11.454000473022461,9.67880916595459
ETTh1,1,8,8647,0,305,13.597000122070312,9.97555923461914
ETTh1,1,8,8647,0,306,12.72599983215332,10.101808547973633
ETTh1,1,8,8647,0,307,12.458000183105469,10.823189735412598
ETTh1,1,8,8647,0,308,10.918000221252441,10.974099159240723
ETTh1,1,8,8647,0,309,11.119000434875488,11.025660514831543
ETTh1,1,8,8647,0,310,12.458000183105469,9.688333511352539
ETTh1,1,8,8647,0,311,11.319999694824219,9.995565414428711
ETTh1,1,8,8647,0,312,9.645000457763672,6.8384809494018555
ETTh1,1,8,8647,0,313,7.703000068664551,5.840696811676025
ETTh1,1,8,8647,0,314,4.956999778747559,2.1836395263671875
ETTh1,1,8,8647,0,315,3.4830002784729004,0.08690690994262695
ETTh1,1,8,8647,0,316,4.354000091552734,-1.0254745483398438
ETTh1,1,8,8647,0,317,-1.4739999771118164,-4.144718170166016
ETTh1,1,8,8647,0,318,1.941999912261963,-2.792478561401367
ETTh1,1,8,8647,0,319,1.808000087738037,-2.081345558166504
ETTh1,1,8,8647,0,320,2.812999725341797,1.3792657852172852
ETTh1,1,8,8647,0,321,4.48799991607666,2.121817111968994
ETTh1,1,8,8647,0,322,6.0279998779296875,3.956249713897705
ETTh1,1,8,8647,0,323,6.63100004196167,5.985090255737305
ETTh1,1,8,8647,0,324,6.89900016784668,7.1804728507995605
ETTh1,1,8,8647,0,325,7.9039998054504395,7.283900260925293
ETTh1,1,8,8647,0,326,7.769999980926514,9.232728958129883
ETTh1,1,8,8647,0,327,9.779000282287598,9.37904167175293
ETTh1,1,8,8647,0,328,9.243000030517578,10.277819633483887
ETTh1,1,8,8647,0,329,10.85099983215332,9.848834991455078
ETTh1,1,8,8647,0,330,11.92199993133545,10.682369232177734
ETTh1,1,8,8647,0,331,11.588000297546387,10.761198043823242
ETTh1,1,8,8647,0,332,10.717000007629395,11.096122741699219
ETTh1,1,8,8647,0,333,9.376999855041504,11.542859077453613
ETTh1,1,8,8647,0,334,9.3100004196167,10.059946060180664
ETTh1,1,8,8647,0,335,8.104999542236328,8.66018295288086
ETTh1,1,8,8647,0,336,8.038000106811523,6.711014747619629
ETTh1,1,8,8647,0,337,7.166999816894531,5.309215545654297
ETTh1,1,8,8647,0,338,5.827000141143799,3.6386117935180664
ETTh1,1,8,8647,0,339,6.564000129699707,0.7736411094665527
ETTh1,1,8,8647,0,340,3.684000015258789,-2.2862348556518555
ETTh1,1,8,8647,0,341,-2.3439998626708984,-3.197124481201172
ETTh1,1,8,8647,0,342,-10.649999618530273,-3.0334625244140625
ETTh1,1,8,8647,0,343,-0.46899986267089844,-2.260186195373535
ETTh1,1,8,8647,0,344,-5.357999801635742,-0.4660320281982422
ETTh1,1,8,8647,0,345,1.1389999389648438,3.0379652976989746
ETTh1,1,8,8647,0,346,3.750999927520752,5.077342987060547
ETTh1,1,8,8647,0,347,5.625999927520752,5.810264587402344
ETTh1,1,8,8647,0,348,7.099999904632568,7.047733306884766
ETTh1,1,8,8647,0,349,9.041999816894531,8.605279922485352
ETTh1,1,8,8647,0,350,10.784000396728516,9.573795318603516
ETTh1,1,8,8647,0,351,9.3100004196167,8.913009643554688
ETTh1,1,8,8647,0,352,11.319999694824219,10.095367431640625
ETTh1,1,8,8647,0,353,10.180999755859375,10.41524600982666
ETTh1,1,8,8647,0,354,10.04699993133545,10.659379005432129
ETTh1,1,8,8647,0,355,9.913000106811523,10.353789329528809
ETTh1,1,8,8647,0,356,9.041999816894531,10.90527629852295
ETTh1,1,8,8647,0,357,10.515999794006348,11.338488578796387
ETTh1,1,8,8647,0,358,9.57800006866455,10.77554702758789
ETTh1,1,8,8647,0,359,9.913000106811523,9.105435371398926
ETTh1,1,8,8647,0,360,6.0279998779296875,7.773467063903809
ETTh1,1,8,8647,0,361,0.26799964904785156,4.957436561584473
ETTh1,1,8,8647,0,362,-6.228999137878418,1.9491839408874512
ETTh1,1,8,8647,0,363,-9.243000030517578,-0.31020641326904297
ETTh1,1,8,8647,0,364,-11.520999908447266,-2.369696617126465
ETTh1,1,8,8647,0,365,-13.597000122070312,-3.303452491760254
ETTh1,1,8,8647,0,366,-12.256999969482422,-3.053494453430176
ETTh1,1,8,8647,0,367,-10.44900131225586,-2.244072914123535
ETTh1,1,8,8647,0,368,-7.569000244140625,-0.4607582092285156
ETTh1,1,8,8647,0,369,-3.684000015258789,1.9581332206726074
ETTh1,1,8,8647,0,370,2.0759997367858887,4.210822105407715
ETTh1,1,8,8647,0,371,7.234000205993652,5.915359973907471
ETTh1,1,8,8647,0,372,8.975000381469727,7.018828868865967
ETTh1,1,8,8647,0,373,11.854999542236328,8.142363548278809
ETTh1,1,8,8647,0,374,11.454000473022461,8.21307373046875
ETTh1,1,8,8647,0,375,11.052000045776367,8.98685073852539
ETTh1,1,8,8647,0,376,10.649999618530273,9.122058868408203
ETTh1,1,8,8647,0,377,11.588000297546387,9.631377220153809
ETTh1,1,8,8647,0,378,9.979999542236328,10.076030731201172
ETTh1,1,8,8647,0,379,9.376999855041504,11.654226303100586
ETTh1,1,8,8647,0,380,10.649999618530273,11.628753662109375
ETTh1,1,8,8647,0,381,10.04699993133545,10.947564125061035
ETTh1,1,8,8647,0,382,11.720999717712402,9.902323722839355
ETTh1,1,8,8647,0,383,9.376999855041504,9.312583923339844
ETTh1,1,8,8647,0,384,7.9039998054504395,7.4677557945251465
ETTh1,1,8,8647,0,385,5.0229997634887695,4.730541229248047
ETTh1,1,8,8647,0,386,3.817999839782715,2.1303892135620117
ETTh1,1,8,8647,0,387,-10.583000183105469,-0.6552553176879883
ETTh1,1,8,8647,0,388,-4.286999702453613,-2.477375030517578
ETTh1,1,8,8647,0,389,-14.267000198364258,-2.8542346954345703
ETTh1,1,8,8647,0,390,-1.6079998016357422,-3.069669723510742
ETTh1,1,8,8647,0,391,-11.119001388549805,-2.070033073425293
ETTh1,1,8,8647,0,392,-6.161999702453613,-0.015964508056640625
ETTh1,1,8,8647,0,393,-3.7509994506835938,0.9810361862182617
ETTh1,1,8,8647,0,394,3.4159998893737793,5.136338233947754
ETTh1,1,8,8647,0,395,7.636000156402588,6.176666259765625
ETTh1,1,8,8647,0,396,10.3149995803833,7.2818827629089355
ETTh1,1,8,8647,0,397,14.267000198364258,8.776229858398438
ETTh1,1,8,8647,0,398,15.87399959564209,9.03017807006836
ETTh1,1,8,8647,0,399,15.538999557495117,9.973453521728516
ETTh1,1,8,8647,0,400,16.343000411987305,9.588424682617188
ETTh1,1,8,8647,0,401,15.13700008392334,9.787814140319824
ETTh1,1,8,8647,0,402,15.069999694824219,10.42790699005127
ETTh1,1,8,8647,0,403,13.79800033569336,11.042537689208984
ETTh1,1,8,8647,0,404,12.927000045776367,11.041699409484863
ETTh1,1,8,8647,0,405,12.72599983215332,11.398338317871094
ETTh1,1,8,8647,0,406,12.72599983215332,10.419291496276855
ETTh1,1,8,8647,0,407,11.98900032043457,9.383658409118652
ETTh1,1,8,8647,0,408,9.3100004196167,7.179684162139893
ETTh1,1,8,8647,0,409,5.425000190734863,4.370551109313965
ETTh1,1,8,8647,0,410,2.5450000762939453,0.9350142478942871
ETTh1,1,8,8647,0,411,3.2820000648498535,-1.4619007110595703
ETTh1,1,8,8647,0,412,-1.807999610900879,-3.2027416229248047
ETTh1,1,8,8647,0,413,3.0139999389648438,-3.56368350982666
ETTh1,1,8,8647,0,414,-1.1389999389648438,-3.741522789001465
ETTh1,1,8,8647,0,415,-0.7370004653930664,-2.165846824645996
ETTh1,1,8,8647,0,416,0.870999813079834,0.10382843017578125
ETTh1,1,8,8647,0,417,3.5500001907348633,2.762162685394287
ETTh1,1,8,8647,0,418,1.8749995231628418,3.6384520530700684
ETTh1,1,8,8647,0,419,8.706999778747559,6.372431755065918
ETTh1,1,8,8647,0,420,10.717000007629395,6.899641990661621
ETTh1,1,8,8647,0,421,14.668999671936035,9.632932662963867
ETTh1,1,8,8647,0,422,14.468000411987305,8.407613754272461
ETTh1,1,8,8647,0,423,15.605999946594238,9.272504806518555
ETTh1,1,8,8647,0,424,15.739999771118164,9.3102388381958
ETTh1,1,8,8647,0,425,17.01300048828125,9.133260726928711
ETTh1,1,8,8647,0,426,16.54400062561035,10.04103946685791
ETTh1,1,8,8647,0,427,15.204000473022461,11.122737884521484
ETTh1,1,8,8647,0,428,14.937000274658203,10.48387336730957
ETTh1,1,8,8647,0,429,12.72599983215332,11.248868942260742
ETTh1,1,8,8647,0,430,13.395999908447266,10.548322677612305
ETTh1,1,8,8647,0,431,11.119000434875488,9.770831108093262
ETTh1,1,8,8647,0,432,11.454000473022461,7.646709442138672
ETTh1,1,8,8647,0,433,8.706999778747559,6.402100563049316
ETTh1,1,8,8647,0,434,6.497000217437744,2.5701446533203125
ETTh1,1,8,8647,0,435,7.501999855041504,-0.8288946151733398
ETTh1,1,8,8647,0,436,3.1480002403259277,-2.8201828002929688
ETTh1,1,8,8647,0,437,-3.0139999389648438,-4.126458168029785
ETTh1,1,8,8647,0,438,-10.24799919128418,-3.486882209777832
ETTh1,1,8,8647,0,439,-7.167000770568848,-2.290353775024414
ETTh1,1,8,8647,0,440,-1.3400001525878906,0.03881072998046875
ETTh1,1,8,8647,0,441,-0.8039999008178711,0.4353480339050293
ETTh1,1,8,8647,0,442,9.51099967956543,4.755246162414551
ETTh1,1,8,8647,0,443,10.11400032043457,6.132366180419922
ETTh1,1,8,8647,0,444,12.123000144958496,7.798635959625244
ETTh1,1,8,8647,0,445,15.605999946594238,7.7728352546691895
ETTh1,1,8,8647,0,446,14.132999420166016,8.487646102905273
ETTh1,1,8,8647,0,447,14.736000061035156,9.678955078125
ETTh1,1,8,8647,0,448,13.864999771118164,8.190563201904297
ETTh1,1,8,8647,0,449,12.324000358581543,10.170422554016113
ETTh1,1,8,8647,0,450,13.463000297546387,9.036332130432129
ETTh1,1,8,8647,0,451,12.72599983215332,10.177569389343262
ETTh1,1,8,8647,0,452,12.123000144958496,9.562116622924805
ETTh1,1,8,8647,0,453,11.788000106811523,10.293545722961426
ETTh1,1,8,8647,0,454,10.784000396728516,10.61186408996582
ETTh1,1,8,8647,0,455,10.04699993133545,9.059773445129395
ETTh1,1,8,8647,0,456,7.568999767303467,7.4478044509887695
ETTh1,1,8,8647,0,457,1.4740004539489746,4.771844863891602
ETTh1,1,8,8647,0,458,2.0759997367858887,2.598334789276123
ETTh1,1,8,8647,0,459,0.13400030136108398,0.23210763931274414
ETTh1,1,8,8647,0,460,0.0,-0.8752326965332031
ETTh1,1,8,8647,0,461,-9.711999893188477,-3.9256486892700195
ETTh1,1,8,8647,0,462,-9.041999816894531,-2.2867231369018555
ETTh1,1,8,8647,0,463,-6.831999778747559,-2.652552604675293
ETTh1,1,8,8647,0,464,-4.152998924255371,0.14968013763427734
ETTh1,1,8,8647,0,465,-1.005000114440918,2.578361988067627
ETTh1,1,8,8647,0,466,3.617000102996826,4.550039291381836
ETTh1,1,8,8647,0,467,8.305999755859375,6.9056501388549805
ETTh1,1,8,8647,0,468,11.654999732971191,7.195639610290527
ETTh1,1,8,8647,0,469,16.40999984741211,7.297715187072754
ETTh1,1,8,8647,0,470,16.275999069213867,8.970176696777344
ETTh1,1,8,8647,0,471,16.7450008392334,9.426660537719727
ETTh1,1,8,8647,0,472,17.079999923706055,10.334433555603027
ETTh1,1,8,8647,0,473,18.486000061035156,10.457648277282715
ETTh1,1,8,8647,0,474,17.548999786376953,8.825928688049316
ETTh1,1,8,8647,0,475,17.347999572753906,10.772743225097656
ETTh1,1,8,8647,0,476,13.99899959564209,10.45974349975586
ETTh1,1,8,8647,0,477,15.13700008392334,10.565387725830078
ETTh1,1,8,8647,0,478,15.472000122070312,10.587865829467773
ETTh1,1,8,8647,0,479,12.458000183105469,9.436202049255371
ETTh1,1,8,8647,0,480,8.572999954223633,7.382165431976318
ETTh1,1,8,8647,0,481,2.947000026702881,4.679372787475586
ETTh1,1,8,8647,0,482,-0.13399982452392578,2.0926995277404785
ETTh1,1,8,8647,0,483,-0.40199947357177734,-0.5937795639038086
ETTh1,1,8,8647,0,484,-6.095000267028809,-3.4925317764282227
ETTh1,1,8,8647,0,485,0.5360002517700195,-3.527359962463379
ETTh1,1,8,8647,0,486,-0.9379997253417969,-3.925914764404297
ETTh1,1,8,8647,0,487,0.33500003814697266,-1.4294195175170898
ETTh1,1,8,8647,0,488,1.5409998893737793,0.47710084915161133
ETTh1,1,8,8647,0,489,0.26799964904785156,2.108654022216797
ETTh1,1,8,8647,0,490,5.692999839782715,4.302583694458008
ETTh1,1,8,8647,0,491,9.979999542236328,6.871664524078369
ETTh1,1,8,8647,0,492,12.72599983215332,7.198731422424316
ETTh1,1,8,8647,0,493,17.548999786376953,9.232023239135742
ETTh1,1,8,8647,0,494,16.67799949645996,8.097307205200195
ETTh1,1,8,8647,0,495,15.13700008392334,8.77534008026123
ETTh1,1,8,8647,0,496,16.007999420166016,10.412824630737305
ETTh1,1,8,8647,0,497,18.41900062561035,9.847468376159668
ETTh1,1,8,8647,0,498,15.33799934387207,8.44727611541748
ETTh1,1,8,8647,0,499,15.404999732971191,10.348490715026855
ETTh1,1,8,8647,0,500,12.390999794006348,10.300376892089844
ETTh1,1,8,8647,0,501,13.060999870300293,10.792268753051758
ETTh1,1,8,8647,0,502,15.270999908447266,10.383387565612793
ETTh1,1,8,8647,0,503,12.324000358581543,9.393579483032227
ETTh1,1,8,8647,0,504,8.371999740600586,8.308276176452637
ETTh1,1,8,8647,0,505,2.4109997749328613,4.70867395401001
ETTh1,1,8,8647,0,506,-1.4069995880126953,2.369009494781494
ETTh1,1,8,8647,0,507,-3.7509994506835938,-0.006364345550537109
ETTh1,1,8,8647,0,508,-5.090001106262207,-2.8607282638549805
ETTh1,1,8,8647,0,509,-6.430000305175781,-4.19803524017334
ETTh1,1,8,8647,0,510,-4.220000267028809,-2.459050178527832
ETTh1,1,8,8647,0,511,-3.415999412536621,-2.8125104904174805
ETTh1,1,8,8647,0,512,-0.7370004653930664,-0.5989742279052734
ETTh1,1,8,8647,0,513,2.4780001640319824,2.08663272857666
ETTh1,1,8,8647,0,514,5.894000053405762,5.05079460144043
ETTh1,1,8,8647,0,515,9.845999717712402,5.763667106628418
ETTh1,1,8,8647,0,516,13.194999694824219,7.25281286239624
ETTh1,1,8,8647,0,517,19.290000915527344,9.091256141662598
ETTh1,1,8,8647,0,518,19.759000778198242,8.854527473449707
ETTh1,1,8,8647,0,519,17.48200035095215,10.479229927062988
ETTh1,1,8,8647,0,520,18.084999084472656,9.30181884765625
ETTh1,1,8,8647,0,521,17.75,10.152325630187988
ETTh1,1,8,8647,0,522,18.01799964904785,9.931466102600098
ETTh1,1,8,8647,0,523,15.940999984741211,9.935977935791016
ETTh1,1,8,8647,0,524,14.60200023651123,11.686784744262695
ETTh1,1,8,8647,0,525,11.654999732971191,11.606033325195312
ETTh1,1,8,8647,0,526,11.98900032043457,11.443458557128906
ETTh1,1,8,8647,0,527,10.3149995803833,9.443092346191406
ETTh1,1,8,8647,0,528,8.17199993133545,8.216839790344238
ETTh1,1,8,8647,0,529,3.0139999389648438,4.901453971862793
ETTh1,1,8,8647,0,530,-2.812999725341797,1.6053204536437988
ETTh1,1,8,8647,0,531,-5.2910003662109375,-0.7151813507080078
ETTh1,1,8,8647,0,532,-5.692999839782715,-1.55908203125
ETTh1,1,8,8647,0,533,-6.831999778747559,-4.610879898071289
ETTh1,1,8,8647,0,534,-5.5590009689331055,-3.4271116256713867
ETTh1,1,8,8647,0,535,-3.081000328063965,-1.4602327346801758
ETTh1,1,8,8647,0,536,-0.6700000762939453,-0.5659294128417969
ETTh1,1,8,8647,0,537,0.6699995994567871,1.3845667839050293
ETTh1,1,8,8647,0,538,7.501999855041504,4.570427894592285
ETTh1,1,8,8647,0,539,7.501999855041504,5.965549468994141
ETTh1,1,8,8647,0,540,11.854999542236328,6.954283237457275
ETTh1,1,8,8647,0,541,18.55299949645996,8.519853591918945
ETTh1,1,8,8647,0,542,19.1560001373291,8.414971351623535
ETTh1,1,8,8647,0,543,19.1560001373291,9.56019115447998
ETTh1,1,8,8647,0,544,18.2189998626709,10.309691429138184
ETTh1,1,8,8647,0,545,22.638999938964844,8.769010543823242
ETTh1,1,8,8647,0,546,18.88800048828125,9.48051929473877
ETTh1,1,8,8647,0,547,15.472000122070312,10.659184455871582
ETTh1,1,8,8647,0,548,15.404999732971191,10.012351036071777
ETTh1,1,8,8647,0,549,14.60200023651123,10.514631271362305
ETTh1,1,8,8647,0,550,14.468000411987305,9.508227348327637
ETTh1,1,8,8647,0,551,13.463000297546387,8.305547714233398
ETTh1,1,8,8647,0,552,9.711999893188477,7.231616973876953
ETTh1,1,8,8647,0,553,3.1480002403259277,4.391103744506836
ETTh1,1,8,8647,0,554,-1.273000717163086,2.0410842895507812
ETTh1,1,8,8647,0,555,0.7369999885559082,-0.41745567321777344
ETTh1,1,8,8647,0,556,-7.7699995040893555,-1.8162250518798828
ETTh1,1,8,8647,0,557,-8.439001083374023,-4.313566207885742
ETTh1,1,8,8647,0,558,-7.5019989013671875,-4.023466110229492
ETTh1,1,8,8647,0,559,-5.692999839782715,-2.718672752380371
ETTh1,1,8,8647,0,560,-2.746000289916992,-0.17948341369628906
ETTh1,1,8,8647,0,561,0.40199995040893555,1.8188867568969727
ETTh1,1,8,8647,0,562,5.357999801635742,2.7695536613464355
ETTh1,1,8,8647,0,563,10.3149995803833,5.947998046875
ETTh1,1,8,8647,0,564,12.123000144958496,7.235393524169922
ETTh1,1,8,8647,0,565,17.75,8.208584785461426
ETTh1,1,8,8647,0,566,19.625,8.56767463684082
ETTh1,1,8,8647,0,567,19.02199935913086,9.272963523864746
ETTh1,1,8,8647,0,568,18.152000427246094,9.29960823059082
ETTh1,1,8,8647,0,569,17.816999435424805,10.606771469116211
ETTh1,1,8,8647,0,570,17.48200035095215,9.860297203063965
ETTh1,1,8,8647,0,571,19.826000213623047,10.344294548034668
ETTh1,1,8,8647,0,572,14.736000061035156,10.314811706542969
ETTh1,1,8,8647,0,573,16.275999069213867,10.918795585632324
ETTh1,1,8,8647,0,574,16.7450008392334,10.341324806213379
ETTh1,1,8,8647,0,575,15.069999694824219,9.03287410736084
ETTh1,1,8,8647,0,576,11.052000045776367,7.164028167724609
ETTh1,1,8,8647,0,577,4.756000518798828,4.30908727645874
ETTh1,1,8,8647,0,578,0.0,1.4307780265808105
ETTh1,1,8,8647,0,579,-4.487998962402344,0.016237735748291016
ETTh1,1,8,8647,0,580,-6.0279998779296875,-1.9219427108764648
ETTh1,1,8,8647,0,581,-7.300999641418457,-2.8031129837036133
ETTh1,1,8,8647,0,582,-5.760000228881836,-2.959671974182129
ETTh1,1,8,8647,0,583,-4.554999351501465,-2.4776268005371094
ETTh1,1,8,8647,0,584,-1.1389999389648438,-0.4665794372558594
ETTh1,1,8,8647,0,585,-0.13399982452392578,1.3139152526855469
ETTh1,1,8,8647,0,586,4.689000129699707,4.356180191040039
ETTh1,1,8,8647,0,587,9.444000244140625,5.551290512084961
ETTh1,1,8,8647,0,588,12.458000183105469,7.074514389038086
ETTh1,1,8,8647,0,589,18.486000061035156,8.240151405334473
ETTh1,1,8,8647,0,590,20.62999725341797,8.941023826599121
ETTh1,1,8,8647,0,591,20.093997955322266,8.547536849975586
ETTh1,1,8,8647,0,592,18.687000274658203,9.433362007141113
ETTh1,1,8,8647,0,593,19.759000778198242,9.668603897094727
ETTh1,1,8,8647,0,594,19.558000564575195,9.164021492004395
ETTh1,1,8,8647,0,595,20.027000427246094,10.053834915161133
ETTh1,1,8,8647,0,596,18.152000427246094,9.7734956741333
ETTh1,1,8,8647,0,597,16.40999984741211,8.769207000732422
ETTh1,1,8,8647,0,598,15.33799934387207,8.082934379577637
ETTh1,1,8,8647,0,599,15.538999557495117,8.277589797973633
ETTh1,1,8,8647,0,600,11.588000297546387,6.968335151672363
ETTh1,1,8,8647,0,601,5.223999977111816,5.6370673179626465
ETTh1,1,8,8647,0,602,-1.2060003280639648,2.2425036430358887
ETTh1,1,8,8647,0,603,-3.5500001907348633,0.12293529510498047
ETTh1,1,8,8647,0,604,-5.157000541687012,-1.2889184951782227
ETTh1,1,8,8647,0,605,-5.826999664306641,-3.665837287902832
ETTh1,1,8,8647,0,606,-5.492000579833984,-1.8920440673828125
ETTh1,1,8,8647,0,607,-3.3489999771118164,-1.8832082748413086
ETTh1,1,8,8647,0,608,-0.5360002517700195,-0.6779136657714844
ETTh1,1,8,8647,0,609,1.072000503540039,2.875863552093506
ETTh1,1,8,8647,0,610,6.764999866485596,3.4631290435791016
ETTh1,1,8,8647,0,611,10.649999618530273,5.609856605529785
ETTh1,1,8,8647,0,612,13.060999870300293,7.517052173614502
ETTh1,1,8,8647,0,613,19.625,8.363012313842773
ETTh1,1,8,8647,0,614,20.093997955322266,8.77427864074707
ETTh1,1,8,8647,0,615,20.027000427246094,8.878983497619629
ETTh1,1,8,8647,0,616,19.959999084472656,8.885398864746094
ETTh1,1,8,8647,0,617,20.763999938964844,9.249881744384766
ETTh1,1,8,8647,0,618,19.89299964904785,9.351545333862305
ETTh1,1,8,8647,0,619,19.423999786376953,9.748178482055664
ETTh1,1,8,8647,0,620,17.548999786376953,9.58992862701416
ETTh1,1,8,8647,0,621,17.75,9.511062622070312
ETTh1,1,8,8647,0,622,17.2810001373291,9.881977081298828
ETTh1,1,8,8647,0,623,15.67300033569336,8.139492988586426
ETTh1,1,8,8647,0,624,13.597000122070312,7.357770919799805
ETTh1,1,8,8647,0,625,5.223999977111816,3.791501045227051
ETTh1,1,8,8647,0,626,0.46899986267089844,2.13350248336792
ETTh1,1,8,8647,0,627,-1.7410001754760742,1.218449592590332
ETTh1,1,8,8647,0,628,-3.081000328063965,-0.8906078338623047
ETTh1,1,8,8647,0,629,-3.9519996643066406,-2.58554744720459
ETTh1,1,8,8647,0,630,-1.6079998016357422,-2.3385581970214844
ETTh1,1,8,8647,0,631,0.0,-2.8813705444335938
ETTh1,1,8,8647,0,632,2.1429996490478516,-1.208643913269043
ETTh1,1,8,8647,0,633,4.2870001792907715,1.051088809967041
ETTh1,1,8,8647,0,634,7.301000118255615,3.942370891571045
ETTh1,1,8,8647,0,635,10.918000221252441,5.236932754516602
ETTh1,1,8,8647,0,636,14.400999069213867,5.977283477783203
ETTh1,1,8,8647,0,637,19.826000213623047,8.86319351196289
ETTh1,1,8,8647,0,638,20.62999725341797,7.459062099456787
ETTh1,1,8,8647,0,639,20.83099937438965,7.881568908691406
ETTh1,1,8,8647,0,640,20.763999938964844,8.43903923034668
ETTh1,1,8,8647,0,641,20.093997955322266,9.715958595275879
ETTh1,1,8,8647,0,642,19.89299964904785,9.165562629699707
ETTh1,1,8,8647,0,643,18.88800048828125,9.942124366760254
ETTh1,1,8,8647,0,644,18.2189998626709,9.893138885498047
ETTh1,1,8,8647,0,645,17.14699935913086,8.771650314331055
ETTh1,1,8,8647,0,646,17.615999221801758,8.602389335632324
ETTh1,1,8,8647,0,647,16.67799949645996,7.820001602172852
ETTh1,1,8,8647,0,648,12.256999969482422,6.269223213195801
ETTh1,1,8,8647,0,649,7.501999855041504,4.294539451599121
ETTh1,1,8,8647,0,650,1.808000087738037,2.646481513977051
ETTh1,1,8,8647,0,651,-0.6700000762939453,1.295332431793213
ETTh1,1,8,8647,0,652,-1.807999610900879,-0.9122066497802734
ETTh1,1,8,8647,0,653,-1.4069995880126953,-2.2311172485351562
ETTh1,1,8,8647,0,654,-1.2060003280639648,-2.115692138671875
ETTh1,1,8,8647,0,655,-0.26799964904785156,-1.26348876953125
ETTh1,1,8,8647,0,656,1.941999912261963,0.30591726303100586
ETTh1,1,8,8647,0,657,3.750999927520752,2.6776366233825684
ETTh1,1,8,8647,0,658,8.706999778747559,3.720353603363037
ETTh1,1,8,8647,0,659,11.454000473022461,5.13134765625
ETTh1,1,8,8647,0,660,14.468000411987305,6.799032688140869
ETTh1,1,8,8647,0,661,21.166000366210938,6.56348991394043
ETTh1,1,8,8647,0,662,15.069999694824219,8.28415584564209
ETTh1,1,8,8647,0,663,15.003999710083008,8.453353881835938
ETTh1,1,8,8647,0,664,15.538999557495117,9.333230972290039
ETTh1,1,8,8647,0,665,16.878999710083008,9.29726505279541
ETTh1,1,8,8647,0,666,14.60200023651123,9.514701843261719
ETTh1,1,8,8647,0,667,14.668999671936035,9.69741439819336
ETTh1,1,8,8647,0,668,12.659000396728516,9.769572257995605
ETTh1,1,8,8647,0,669,13.932000160217285,9.984851837158203
ETTh1,1,8,8647,0,670,11.454000473022461,9.255108833312988
ETTh1,1,8,8647,0,671,10.717000007629395,8.095343589782715
ETTh1,1,8,8647,0,672,8.305999755859375,7.397554397583008
ETTh1,1,8,8647,0,673,2.947000026702881,4.3953657150268555
ETTh1,1,8,8647,0,674,-4.487998962402344,2.4978013038635254
ETTh1,1,8,8647,0,675,-6.0279998779296875,-0.11044025421142578
ETTh1,1,8,8647,0,676,-8.639999389648438,-0.29265594482421875
ETTh1,1,8,8647,0,677,-8.840999603271484,-1.1715421676635742
ETTh1,1,8,8647,0,678,-7.5019989013671875,-1.4519834518432617
ETTh1,1,8,8647,0,679,-5.357999801635742,-1.7219676971435547
ETTh1,1,8,8647,0,680,-3.0139999389648438,1.7828269004821777
ETTh1,1,8,8647,0,681,-0.6029996871948242,2.0791850090026855
ETTh1,1,8,8647,0,682,2.678999900817871,3.5789995193481445
ETTh1,1,8,8647,0,683,7.301000118255615,5.672796249389648
ETTh1,1,8,8647,0,684,9.51099967956543,6.767048358917236
ETTh1,1,8,8647,0,685,13.730999946594238,7.1095075607299805
ETTh1,1,8,8647,0,686,13.864999771118164,7.965219974517822
ETTh1,1,8,8647,0,687,13.060999870300293,8.315933227539062
ETTh1,1,8,8647,0,688,11.854999542236328,9.615555763244629
ETTh1,1,8,8647,0,689,11.92199993133545,8.69802474975586
ETTh1,1,8,8647,0,690,12.72599983215332,9.28422737121582
ETTh1,1,8,8647,0,691,11.319999694824219,10.143733978271484
ETTh1,1,8,8647,0,692,11.185999870300293,8.4837064743042
ETTh1,1,8,8647,0,693,9.645000457763672,8.810803413391113
ETTh1,1,8,8647,0,694,11.185999870300293,8.92074203491211
ETTh1,1,8,8647,0,695,8.439000129699707,6.831442356109619
ETTh1,1,8,8647,0,696,6.36299991607666,6.946765899658203
ETTh1,1,8,8647,0,697,0.7369999885559082,5.040549278259277
ETTh1,1,8,8647,0,698,-3.482999801635742,3.2866883277893066
ETTh1,1,8,8647,0,699,-5.424999237060547,0.0037631988525390625
ETTh1,1,8,8647,0,700,-6.89900016784668,-0.1110830307006836
ETTh1,1,8,8647,0,701,-8.104999542236328,-2.8358306884765625
ETTh1,1,8,8647,0,702,-6.89900016784668,-1.7920303344726562
ETTh1,1,8,8647,0,703,-5.961000442504883,-1.6612768173217773
ETTh1,1,8,8647,0,704,-4.085999488830566,1.333395004272461
ETTh1,1,8,8647,0,705,-1.4069995880126953,2.060006618499756
ETTh1,1,8,8647,0,706,3.081000328063965,3.283902168273926
ETTh1,1,8,8647,0,707,6.697999954223633,5.257420539855957
ETTh1,1,8,8647,0,708,9.51099967956543,5.889908790588379
ETTh1,1,8,8647,0,709,13.395999908447266,7.426666736602783
ETTh1,1,8,8647,0,710,15.204000473022461,8.349385261535645
ETTh1,1,8,8647,0,711,14.400999069213867,8.870190620422363
ETTh1,1,8,8647,0,712,14.668999671936035,8.196094512939453
ETTh1,1,8,8647,0,713,15.940999984741211,8.954959869384766
ETTh1,1,8,8647,0,714,15.67300033569336,8.797536849975586
ETTh1,1,8,8647,0,715,15.003999710083008,8.884634017944336
ETTh1,1,8,8647,0,716,14.668999671936035,8.58353042602539
ETTh1,1,8,8647,0,717,12.72599983215332,9.205732345581055
ETTh1,1,8,8647,0,718,10.649999618530273,7.759636402130127
ETTh1,1,8,8647,0,719,10.649999618530273,7.354221343994141
ETTh1,1,8,8647,0,720,7.568999767303467,6.908404350280762
ETTh1,2,936,9575,0,1,12.72599983215332,13.588859558105469
ETTh1,2,936,9575,0,2,11.052000045776367,13.209362030029297
ETTh1,2,936,9575,0,3,12.458000183105469,12.544108390808105
ETTh1,2,936,9575,0,4,11.98900032043457,11.186909675598145
ETTh1,2,936,9575,0,5,11.454000473022461,11.622797012329102
ETTh1,2,936,9575,0,6,10.918000221252441,11.172741889953613
ETTh1,2,936,9575,0,7,11.788000106811523,10.768697738647461
ETTh1,2,936,9575,0,8,8.975000381469727,9.88277816772461
ETTh1,2,936,9575,0,9,4.554999828338623,7.09521484375
ETTh1,2,936,9575,0,10,-1.4739999771118164,3.3242101669311523
ETTh1,2,936,9575,0,11,-3.482999801635742,0.8082890510559082
ETTh1,2,936,9575,0,12,-5.5590009689331055,-2.801166534423828
ETTh1,2,936,9575,0,13,-5.760000228881836,-3.8862123489379883
ETTh1,2,936,9575,0,14,2.678999900817871,-1.7705411911010742
ETTh1,2,936,9575,0,15,-4.8899993896484375,0.7846107482910156
ETTh1,2,936,9575,0,16,10.515999794006348,2.607966423034668
ETTh1,2,936,9575,0,17,0.33500003814697266,2.65286922454834
ETTh1,2,936,9575,0,18,5.223999977111816,4.749177932739258
ETTh1,2,936,9575,0,19,9.444000244140625,10.580501556396484
ETTh1,2,936,9575,0,20,12.859999656677246,11.057772636413574
ETTh1,2,936,9575,0,21,18.084999084472656,12.999859809875488
ETTh1,2,936,9575,0,22,17.816999435424805,13.577714920043945
ETTh1,2,936,9575,0,23,16.142000198364258,12.451410293579102
ETTh1,2,936,9575,0,24,16.40999984741211,13.843496322631836
ETTh1,2,936,9575,0,25,17.884000778198242,14.568775177001953
ETTh1,2,936,9575,0,26,17.548999786376953,15.814749717712402
ETTh1,2,936,9575,0,27,14.333999633789062,12.56395435333252
ETTh1,2,936,9575,0,28,15.807001113891602,13.013711929321289
ETTh1,2,936,9575,0,29,13.663999557495117,12.76844596862793
ETTh1,2,936,9575,0,30,14.60200023651123,14.68210506439209
ETTh1,2,936,9575,0,31,14.333999633789062,13.250228881835938
ETTh1,2,936,9575,0,32,9.175999641418457,9.328651428222656
ETTh1,2,936,9575,0,33,4.822999954223633,5.887106895446777
ETTh1,2,936,9575,0,34,-0.7370004653930664,3.0646815299987793
ETTh1,2,936,9575,0,35,-1.6739997863769531,0.020866870880126953
ETTh1,2,936,9575,0,36,-4.286999702453613,-3.9817333221435547
ETTh1,2,936,9575,0,37,-4.822999954223633,-2.117232322692871
ETTh1,2,936,9575,0,38,-4.755999565124512,-2.8887577056884766
ETTh1,2,936,9575,0,39,-3.7509994506835938,-1.2428131103515625
ETTh1,2,936,9575,0,40,8.104999542236328,1.03228759765625
ETTh1,2,936,9575,0,41,4.019000053405762,1.979051113128662
ETTh1,2,936,9575,0,42,8.77400016784668,5.336300849914551
ETTh1,2,936,9575,0,43,11.98900032043457,5.928895473480225
ETTh1,2,936,9575,0,44,15.270999908447266,10.997936248779297
ETTh1,2,936,9575,0,45,19.1560001373291,13.169088363647461
ETTh1,2,936,9575,0,46,17.75,14.973161697387695
ETTh1,2,936,9575,0,47,15.069999694824219,13.826387405395508
ETTh1,2,936,9575,0,48,13.663999557495117,14.179048538208008
ETTh1,2,936,9575,0,49,15.404999732971191,14.441473007202148
ETTh1,2,936,9575,0,50,14.736000061035156,14.63559341430664
ETTh1,2,936,9575,0,51,13.194999694824219,13.849925994873047
ETTh1,2,936,9575,0,52,13.194999694824219,12.972650527954102
ETTh1,2,936,9575,0,53,12.793000221252441,12.937582969665527
ETTh1,2,936,9575,0,54,12.324000358581543,12.184453964233398
ETTh1,2,936,9575,0,55,11.38700008392334,11.960500717163086
ETTh1,2,936,9575,0,56,6.497000217437744,10.661149024963379
ETTh1,2,936,9575,0,57,1.5409998893737793,6.119309902191162
ETTh1,2,936,9575,0,58,-2.2100000381469727,3.4429945945739746
ETTh1,2,936,9575,0,59,-2.9469995498657227,-0.6049528121948242
ETTh1,2,936,9575,0,60,-4.8899993896484375,-2.308213233947754
ETTh1,2,936,9575,0,61,-4.354000091552734,-3.6224756240844727
ETTh1,2,936,9575,0,62,-4.354000091552734,-4.094536781311035
ETTh1,2,936,9575,0,63,-3.1479997634887695,-1.4483938217163086
ETTh1,2,936,9575,0,64,0.6030001640319824,1.6294569969177246
ETTh1,2,936,9575,0,65,3.817999839782715,3.9719855785369873
ETTh1,2,936,9575,0,66,8.038000106811523,8.171794891357422
ETTh1,2,936,9575,0,67,11.38700008392334,11.444389343261719
ETTh1,2,936,9575,0,68,15.204000473022461,12.957854270935059
ETTh1,2,936,9575,0,69,19.691999435424805,12.038286209106445
ETTh1,2,936,9575,0,70,20.160999298095703,12.751323699951172
ETTh1,2,936,9575,0,71,19.759000778198242,13.548181533813477
ETTh1,2,936,9575,0,72,18.6200008392334,13.491658210754395
ETTh1,2,936,9575,0,73,19.290000915527344,14.574634552001953
ETTh1,2,936,9575,0,74,18.6200008392334,15.057068824768066
ETTh1,2,936,9575,0,75,16.7450008392334,14.666158676147461
ETTh1,2,936,9575,0,76,16.40999984741211,14.136266708374023
ETTh1,2,936,9575,0,77,15.204000473022461,13.26822280883789
ETTh1,2,936,9575,0,78,15.87399959564209,13.830262184143066
ETTh1,2,936,9575,0,79,13.194999694824219,11.59371566772461
ETTh1,2,936,9575,0,80,10.381999969482422,9.744556427001953
ETTh1,2,936,9575,0,81,6.697999954223633,7.407899856567383
ETTh1,2,936,9575,0,82,-0.26799964904785156,3.559265613555908
ETTh1,2,936,9575,0,83,-1.4739999771118164,0.6387033462524414
ETTh1,2,936,9575,0,84,-2.9469995498657227,-2.593097686767578
ETTh1,2,936,9575,0,85,-2.678999900817871,-1.4748783111572266
ETTh1,2,936,9575,0,86,-2.3439998626708984,-4.0622358322143555
ETTh1,2,936,9575,0,87,0.8039999008178711,-0.8995904922485352
ETTh1,2,936,9575,0,88,6.0279998779296875,1.8535895347595215
ETTh1,2,936,9575,0,89,9.979999542236328,3.937417984008789
ETTh1,2,936,9575,0,90,8.305999755859375,7.936891555786133
ETTh1,2,936,9575,0,91,10.180999755859375,10.118350982666016
ETTh1,2,936,9575,0,92,15.404999732971191,11.344613075256348
ETTh1,2,936,9575,0,93,19.89299964904785,15.001011848449707
ETTh1,2,936,9575,0,94,18.285999298095703,13.988338470458984
ETTh1,2,936,9575,0,95,20.093997955322266,13.564913749694824
ETTh1,2,936,9575,0,96,15.807001113891602,13.820430755615234
ETTh1,2,936,9575,0,97,17.01300048828125,15.68787956237793
ETTh1,2,936,9575,0,98,15.605999946594238,15.329001426696777
ETTh1,2,936,9575,0,99,17.214000701904297,13.72205924987793
ETTh1,2,936,9575,0,100,13.99899959564209,14.986600875854492
ETTh1,2,936,9575,0,101,15.33799934387207,12.818967819213867
ETTh1,2,936,9575,0,102,15.13700008392334,14.186229705810547
ETTh1,2,936,9575,0,103,14.53499984741211,12.095590591430664
ETTh1,2,936,9575,0,104,12.927000045776367,9.316542625427246
ETTh1,2,936,9575,0,105,9.779000282287598,5.505424499511719
ETTh1,2,936,9575,0,106,8.17199993133545,3.4172215461730957
ETTh1,2,936,9575,0,107,8.975000381469727,1.0272369384765625
ETTh1,2,936,9575,0,108,8.975000381469727,-1.4804344177246094
ETTh1,2,936,9575,0,109,-0.20100021362304688,-2.908346176147461
ETTh1,2,936,9575,0,110,7.836999893188477,-3.4313879013061523
ETTh1,2,936,9575,0,111,3.4159998893737793,-0.7235536575317383
ETTh1,2,936,9575,0,112,5.290999889373779,0.35349369049072266
ETTh1,2,936,9575,0,113,8.439000129699707,4.518475532531738
ETTh1,2,936,9575,0,114,8.907999992370605,6.620220184326172
ETTh1,2,936,9575,0,115,7.703000068664551,9.193689346313477
ETTh1,2,936,9575,0,116,7.9039998054504395,12.740080833435059
ETTh1,2,936,9575,0,117,9.3100004196167,14.45766830444336
ETTh1,2,936,9575,0,118,8.104999542236328,13.708290100097656
ETTh1,2,936,9575,0,119,8.23900032043457,13.500312805175781
ETTh1,2,936,9575,0,120,7.9039998054504395,14.9220552444458
ETTh1,2,936,9575,0,121,10.984999656677246,13.947000503540039
ETTh1,2,936,9575,0,122,10.918000221252441,15.70135498046875
ETTh1,2,936,9575,0,123,10.449000358581543,14.526390075683594
ETTh1,2,936,9575,0,124,10.248000144958496,12.988698959350586
ETTh1,2,936,9575,0,125,10.04699993133545,13.977350234985352
ETTh1,2,936,9575,0,126,10.918000221252441,11.851187705993652
ETTh1,2,936,9575,0,127,10.11400032043457,13.172222137451172
ETTh1,2,936,9575,0,128,9.51099967956543,9.699114799499512
ETTh1,2,936,9575,0,129,9.845999717712402,7.04384708404541
ETTh1,2,936,9575,0,130,7.501999855041504,4.358948707580566
ETTh1,2,936,9575,0,131,6.764999866485596,2.673832893371582
ETTh1,2,936,9575,0,132,-2.1429996490478516,-1.6114683151245117
ETTh1,2,936,9575,0,133,-0.6700000762939453,-3.475581169128418
ETTh1,2,936,9575,0,134,0.9380002021789551,-2.9015369415283203
ETTh1,2,936,9575,0,135,0.6030001640319824,-0.01098775863647461
ETTh1,2,936,9575,0,136,4.756000518798828,1.794184684753418
ETTh1,2,936,9575,0,137,4.219999313354492,4.1842756271362305
ETTh1,2,936,9575,0,138,3.4159998893737793,7.476129055023193
ETTh1,2,936,9575,0,139,7.836999893188477,10.0584077835083
ETTh1,2,936,9575,0,140,8.439000129699707,12.12950325012207
ETTh1,2,936,9575,0,141,10.784000396728516,14.001771926879883
ETTh1,2,936,9575,0,142,9.3100004196167,13.087326049804688
ETTh1,2,936,9575,0,143,9.444000244140625,14.29102611541748
ETTh1,2,936,9575,0,144,9.57800006866455,15.171344757080078
ETTh1,2,936,9575,0,145,10.515999794006348,15.053665161132812
ETTh1,2,936,9575,0,146,11.38700008392334,14.687877655029297
ETTh1,2,936,9575,0,147,9.376999855041504,14.243228912353516
ETTh1,2,936,9575,0,148,9.845999717712402,13.669656753540039
ETTh1,2,936,9575,0,149,9.913000106811523,13.545218467712402
ETTh1,2,936,9575,0,150,9.979999542236328,13.350034713745117
ETTh1,2,936,9575,0,151,9.243000030517578,11.282051086425781
ETTh1,2,936,9575,0,152,5.960999965667725,9.393280029296875
ETTh1,2,936,9575,0,153,0.26799964904785156,5.90233039855957
ETTh1,2,936,9575,0,154,-5.223999977111816,3.8459835052490234
ETTh1,2,936,9575,0,155,-7.63599967956543,0.5608205795288086
ETTh1,2,936,9575,0,156,-6.831999778747559,-1.1025304794311523
ETTh1,2,936,9575,0,157,-10.784000396728516,-4.7942609786987305
ETTh1,2,936,9575,0,158,-10.85099983215332,-3.0405941009521484
ETTh1,2,936,9575,0,159,-8.23900032043457,-1.4927749633789062
ETTh1,2,936,9575,0,160,-4.822999954223633,1.0508074760437012
ETTh1,2,936,9575,0,161,-2.0759992599487305,4.833704948425293
ETTh1,2,936,9575,0,162,3.4159998893737793,6.950424671173096
ETTh1,2,936,9575,0,163,9.3100004196167,8.47246265411377
ETTh1,2,936,9575,0,164,9.913000106811523,11.149240493774414
ETTh1,2,936,9575,0,165,13.932000160217285,13.657590866088867
ETTh1,2,936,9575,0,166,14.668999671936035,14.420453071594238
ETTh1,2,936,9575,0,167,13.730999946594238,15.257436752319336
ETTh1,2,936,9575,0,168,13.663999557495117,14.61111831665039
ETTh1,2,936,9575,0,169,16.343000411987305,15.31820297241211
ETTh1,2,936,9575,0,170,16.142000198364258,15.912460327148438
ETTh1,2,936,9575,0,171,14.468000411987305,13.517409324645996
ETTh1,2,936,9575,0,172,14.400999069213867,14.160670280456543
ETTh1,2,936,9575,0,173,13.730999946594238,12.903932571411133
ETTh1,2,936,9575,0,174,12.994000434875488,13.183881759643555
ETTh1,2,936,9575,0,175,13.329000473022461,12.123722076416016
ETTh1,2,936,9575,0,176,10.180999755859375,9.841550827026367
ETTh1,2,936,9575,0,177,3.1480002403259277,7.409233093261719
ETTh1,2,936,9575,0,178,-4.286999702453613,3.57159423828125
ETTh1,2,936,9575,0,179,-1.4069995880126953,1.0413718223571777
ETTh1,2,936,9575,0,180,-8.23900032043457,-1.685002326965332
ETTh1,2,936,9575,0,181,-6.965999603271484,-3.6757774353027344
ETTh1,2,936,9575,0,182,6.36299991607666,-2.378903388977051
ETTh1,2,936,9575,0,183,1.5409998893737793,-1.1479196548461914
ETTh1,2,936,9575,0,184,3.750999927520752,1.5895500183105469
ETTh1,2,936,9575,0,185,5.960999965667725,4.073944568634033
ETTh1,2,936,9575,0,186,9.3100004196167,6.138638973236084
ETTh1,2,936,9575,0,187,9.3100004196167,9.320033073425293
ETTh1,2,936,9575,0,188,12.793000221252441,13.106045722961426
ETTh1,2,936,9575,0,189,15.472000122070312,13.697206497192383
ETTh1,2,936,9575,0,190,13.597000122070312,14.322654724121094
ETTh1,2,936,9575,0,191,12.592000007629395,14.679201126098633
ETTh1,2,936,9575,0,192,10.918000221252441,14.806849479675293
ETTh1,2,936,9575,0,193,13.194999694824219,15.434684753417969
ETTh1,2,936,9575,0,194,11.319999694824219,14.815546035766602
ETTh1,2,936,9575,0,195,12.256999969482422,14.23331069946289
ETTh1,2,936,9575,0,196,11.654999732971191,14.3310546875
ETTh1,2,936,9575,0,197,11.588000297546387,12.336509704589844
ETTh1,2,936,9575,0,198,10.11400032043457,10.995901107788086
ETTh1,2,936,9575,0,199,11.38700008392334,11.427964210510254
ETTh1,2,936,9575,0,200,9.243000030517578,8.562620162963867
ETTh1,2,936,9575,0,201,8.23900032043457,4.388484954833984
ETTh1,2,936,9575,0,202,7.501999855041504,3.831777572631836
ETTh1,2,936,9575,0,203,9.376999855041504,0.3738541603088379
ETTh1,2,936,9575,0,204,7.703000068664551,-2.781935691833496
ETTh1,2,936,9575,0,205,5.425000190734863,-3.5982160568237305
ETTh1,2,936,9575,0,206,2.880000114440918,-1.663961410522461
ETTh1,2,936,9575,0,207,6.296000003814697,-0.9052467346191406
ETTh1,2,936,9575,0,208,8.038000106811523,1.6739082336425781
ETTh1,2,936,9575,0,209,7.636000156402588,3.8622045516967773
ETTh1,2,936,9575,0,210,8.104999542236328,7.399860858917236
ETTh1,2,936,9575,0,211,6.966000080108643,10.816779136657715
ETTh1,2,936,9575,0,212,7.703000068664551,13.051899909973145
ETTh1,2,936,9575,0,213,8.572999954223633,13.720934867858887
ETTh1,2,936,9575,0,214,9.109000205993652,13.650372505187988
ETTh1,2,936,9575,0,215,9.779000282287598,14.542121887207031
ETTh1,2,936,9575,0,216,10.515999794006348,15.230683326721191
ETTh1,2,936,9575,0,217,12.793000221252441,14.090131759643555
ETTh1,2,936,9575,0,218,11.454000473022461,15.287422180175781
ETTh1,2,936,9575,0,219,11.38700008392334,15.152730941772461
ETTh1,2,936,9575,0,220,12.123000144958496,13.812131881713867
ETTh1,2,936,9575,0,221,11.788000106811523,12.924781799316406
ETTh1,2,936,9575,0,222,12.1899995803833,11.229677200317383
ETTh1,2,936,9575,0,223,12.055999755859375,10.197010040283203
ETTh1,2,936,9575,0,224,10.85099983215332,9.428380012512207
ETTh1,2,936,9575,0,225,10.3149995803833,6.195766925811768
ETTh1,2,936,9575,0,226,8.840999603271484,2.5635313987731934
ETTh1,2,936,9575,0,227,9.979999542236328,-0.2325763702392578
ETTh1,2,936,9575,0,228,3.2149996757507324,-2.1857919692993164
ETTh1,2,936,9575,0,229,4.956999778747559,-2.5146684646606445
ETTh1,2,936,9575,0,230,-4.085999488830566,-2.335470199584961
ETTh1,2,936,9575,0,231,-1.3400001525878906,-1.154149055480957
ETTh1,2,936,9575,0,232,2.5450000762939453,0.40123510360717773
ETTh1,2,936,9575,0,233,1.2059998512268066,2.9987425804138184
ETTh1,2,936,9575,0,234,5.827000141143799,6.466858863830566
ETTh1,2,936,9575,0,235,6.09499979019165,9.960434913635254
ETTh1,2,936,9575,0,236,8.104999542236328,12.045661926269531
ETTh1,2,936,9575,0,237,8.439000129699707,14.292303085327148
ETTh1,2,936,9575,0,238,7.9039998054504395,14.730192184448242
ETTh1,2,936,9575,0,239,9.913000106811523,14.355047225952148
ETTh1,2,936,9575,0,240,11.253000259399414,14.16495418548584
ETTh1,2,936,9575,0,241,13.128000259399414,13.787908554077148
ETTh1,2,936,9575,0,242,13.194999694824219,14.06209945678711
ETTh1,2,936,9575,0,243,12.458000183105469,14.143693923950195
ETTh1,2,936,9575,0,244,12.994000434875488,12.588762283325195
ETTh1,2,936,9575,0,245,13.329000473022461,11.224544525146484
ETTh1,2,936,9575,0,246,14.267000198364258,11.732744216918945
ETTh1,2,936,9575,0,247,13.99899959564209,9.438437461853027
ETTh1,2,936,9575,0,248,12.659000396728516,8.043219566345215
ETTh1,2,936,9575,0,249,9.979999542236328,4.940972328186035
ETTh1,2,936,9575,0,250,5.492000102996826,3.2891340255737305
ETTh1,2,936,9575,0,251,4.1529998779296875,0.18993091583251953
ETTh1,2,936,9575,0,252,5.692999839782715,-1.072920799255371
ETTh1,2,936,9575,0,253,3.885000228881836,-2.2519664764404297
ETTh1,2,936,9575,0,254,2.4780001640319824,-2.20156192779541
ETTh1,2,936,9575,0,255,1.6739997863769531,-1.1108589172363281
ETTh1,2,936,9575,0,256,3.885000228881836,2.128772258758545
ETTh1,2,936,9575,0,257,5.960999965667725,3.571925163269043
ETTh1,2,936,9575,0,258,8.038000106811523,6.841063499450684
ETTh1,2,936,9575,0,259,6.697999954223633,7.773777008056641
ETTh1,2,936,9575,0,260,6.89900016784668,10.493810653686523
ETTh1,2,936,9575,0,261,7.636000156402588,13.978436470031738
ETTh1,2,936,9575,0,262,8.77400016784668,14.803823471069336
ETTh1,2,936,9575,0,263,9.243000030517578,16.101688385009766
ETTh1,2,936,9575,0,264,9.913000106811523,15.645988464355469
ETTh1,2,936,9575,0,265,12.123000144958496,15.03895378112793
ETTh1,2,936,9575,0,266,11.119000434875488,15.809059143066406
ETTh1,2,936,9575,0,267,11.588000297546387,14.748977661132812
ETTh1,2,936,9575,0,268,10.180999755859375,13.965278625488281
ETTh1,2,936,9575,0,269,11.253000259399414,13.052414894104004
ETTh1,2,936,9575,0,270,9.376999855041504,11.715902328491211
ETTh1,2,936,9575,0,271,10.381999969482422,9.388509750366211
ETTh1,2,936,9575,0,272,8.572999954223633,9.808342933654785
ETTh1,2,936,9575,0,273,5.827000141143799,4.503054618835449
ETTh1,2,936,9575,0,274,1.3400001525878906,2.84515380859375
ETTh1,2,936,9575,0,275,-3.6170005798339844,-1.5015077590942383
ETTh1,2,936,9575,0,276,-10.716999053955078,-2.857452392578125
ETTh1,2,936,9575,0,277,-8.439001083374023,-3.6723623275756836
ETTh1,2,936,9575,0,278,-5.492000579833984,-3.1605329513549805
ETTh1,2,936,9575,0,279,-13.194999694824219,-1.3115482330322266
ETTh1,2,936,9575,0,280,-4.822999954223633,1.2448320388793945
ETTh1,2,936,9575,0,281,-3.415999412536621,4.382920265197754
ETTh1,2,936,9575,0,282,2.678999900817871,7.14000940322876
ETTh1,2,936,9575,0,283,6.296000003814697,8.755523681640625
ETTh1,2,936,9575,0,284,8.104999542236328,11.06136417388916
ETTh1,2,936,9575,0,285,11.253000259399414,13.938188552856445
ETTh1,2,936,9575,0,286,11.119000434875488,14.456560134887695
ETTh1,2,936,9575,0,287,11.92199993133545,14.870911598205566
ETTh1,2,936,9575,0,288,14.199999809265137,16.261627197265625
ETTh1,2,936,9575,0,289,13.932000160217285,15.221338272094727
ETTh1,2,936,9575,0,290,13.663999557495117,14.291084289550781
ETTh1,2,936,9575,0,291,13.329000473022461,14.458024024963379
ETTh1,2,936,9575,0,292,12.524999618530273,13.821964263916016
ETTh1,2,936,9575,0,293,12.256999969482422,11.660884857177734
ETTh1,2,936,9575,0,294,14.132999420166016,12.230531692504883
ETTh1,2,936,9575,0,295,11.788000106811523,10.716381072998047
ETTh1,2,936,9575,0,296,11.052000045776367,7.701498031616211
ETTh1,2,936,9575,0,297,6.966000080108643,5.656865119934082
ETTh1,2,936,9575,0,298,5.425000190734863,2.412501811981201
ETTh1,2,936,9575,0,299,2.2100000381469727,-0.02527332305908203
ETTh1,2,936,9575,0,300,5.894000053405762,-3.1623897552490234
ETTh1,2,936,9575,0,301,4.554999828338623,-4.783735275268555
ETTh1,2,936,9575,0,302,2.0759997367858887,-4.37530517578125
ETTh1,2,936,9575,0,303,-4.822999954223633,-2.5917739868164062
ETTh1,2,936,9575,0,304,-7.7699995040893555,0.5941505432128906
ETTh1,2,936,9575,0,305,-2.9469995498657227,2.0956249237060547
ETTh1,2,936,9575,0,306,7.099999904632568,7.028121471405029
ETTh1,2,936,9575,0,307,7.501999855041504,8.737521171569824
ETTh1,2,936,9575,0,308,7.9039998054504395,11.678730010986328
ETTh1,2,936,9575,0,309,9.645000457763672,13.60757827758789
ETTh1,2,936,9575,0,310,10.984999656677246,13.634912490844727
ETTh1,2,936,9575,0,311,11.520999908447266,14.382589340209961
ETTh1,2,936,9575,0,312,13.79800033569336,15.647314071655273
ETTh1,2,936,9575,0,313,12.524999618530273,15.007904052734375
ETTh1,2,936,9575,0,314,13.128000259399414,13.999464988708496
ETTh1,2,936,9575,0,315,12.72599983215332,14.55835247039795
ETTh1,2,936,9575,0,316,12.859999656677246,13.953767776489258
ETTh1,2,936,9575,0,317,13.529999732971191,11.895691871643066
ETTh1,2,936,9575,0,318,13.128000259399414,11.664759635925293
ETTh1,2,936,9575,0,319,13.463000297546387,10.569683074951172
ETTh1,2,936,9575,0,320,10.381999969482422,8.181467056274414
ETTh1,2,936,9575,0,321,7.166999816894531,4.426601409912109
ETTh1,2,936,9575,0,322,-3.3489999771118164,2.5247812271118164
ETTh1,2,936,9575,0,323,-6.095000267028809,0.5434303283691406
ETTh1,2,936,9575,0,324,-5.492000579833984,-2.816690444946289
ETTh1,2,936,9575,0,325,-9.041999816894531,-4.83442497253418
ETTh1,2,936,9575,0,326,-10.11400032043457,-4.214635848999023
ETTh1,2,936,9575,0,327,-9.913000106811523,-2.5276756286621094
ETTh1,2,936,9575,0,328,-7.234000205993652,0.2565011978149414
ETTh1,2,936,9575,0,329,-2.2769994735717773,2.4414191246032715
ETTh1,2,936,9575,0,330,3.9519999027252197,6.978684902191162
ETTh1,2,936,9575,0,331,6.229000091552734,8.412741661071777
ETTh1,2,936,9575,0,332,9.444000244140625,11.166648864746094
ETTh1,2,936,9575,0,333,11.654999732971191,13.079641342163086
ETTh1,2,936,9575,0,334,11.854999542236328,13.88240909576416
ETTh1,2,936,9575,0,335,12.123000144958496,13.881393432617188
ETTh1,2,936,9575,0,336,13.663999557495117,15.479888916015625
ETTh1,2,936,9575,0,337,15.739999771118164,13.616376876831055
ETTh1,2,936,9575,0,338,15.605999946594238,13.570294380187988
ETTh1,2,936,9575,0,339,14.199999809265137,13.11500072479248
ETTh1,2,936,9575,0,340,14.468000411987305,14.012770652770996
ETTh1,2,936,9575,0,341,15.204000473022461,12.836515426635742
ETTh1,2,936,9575,0,342,13.932000160217285,12.072090148925781
ETTh1,2,936,9575,0,343,15.13700008392334,10.829549789428711
ETTh1,2,936,9575,0,344,9.243000030517578,7.889762878417969
ETTh1,2,936,9575,0,345,1.7410001754760742,4.8258867263793945
ETTh1,2,936,9575,0,346,-3.415999412536621,1.6043939590454102
ETTh1,2,936,9575,0,347,-7.234000205993652,-0.12750244140625
ETTh1,2,936,9575,0,348,-10.516000747680664,-2.786802291870117
ETTh1,2,936,9575,0,349,-12.189998626708984,-4.153140068054199
ETTh1,2,936,9575,0,350,-11.052000045776367,-3.3486433029174805
ETTh1,2,936,9575,0,351,-8.908000946044922,-2.4724225997924805
ETTh1,2,936,9575,0,352,-6.564000129699707,0.29899072647094727
ETTh1,2,936,9575,0,353,4.956999778747559,3.3691816329956055
ETTh1,2,936,9575,0,354,3.817999839782715,6.281876564025879
ETTh1,2,936,9575,0,355,8.505999565124512,8.26878833770752
ETTh1,2,936,9575,0,356,11.454000473022461,9.386292457580566
ETTh1,2,936,9575,0,357,13.529999732971191,12.94522476196289
ETTh1,2,936,9575,0,358,13.128000259399414,13.819007873535156
ETTh1,2,936,9575,0,359,14.065999984741211,13.820579528808594
ETTh1,2,936,9575,0,360,13.864999771118164,14.559016227722168
ETTh1,2,936,9575,0,361,15.472000122070312,15.481962203979492
ETTh1,2,936,9575,0,362,15.538999557495117,13.847065925598145
ETTh1,2,936,9575,0,363,13.99899959564209,14.376394271850586
ETTh1,2,936,9575,0,364,14.333999633789062,14.684093475341797
ETTh1,2,936,9575,0,365,14.60200023651123,12.675347328186035
ETTh1,2,936,9575,0,366,13.395999908447266,11.669837951660156
ETTh1,2,936,9575,0,367,12.927000045776367,11.486486434936523
ETTh1,2,936,9575,0,368,9.243000030517578,7.874892711639404
ETTh1,2,936,9575,0,369,5.894000053405762,5.89607048034668
ETTh1,2,936,9575,0,370,3.9519999027252197,2.0666346549987793
ETTh1,2,936,9575,0,371,-7.032999038696289,0.15213823318481445
ETTh1,2,936,9575,0,372,-8.639999389648438,-2.9042444229125977
ETTh1,2,936,9575,0,373,-5.961000442504883,-5.0592756271362305
ETTh1,2,936,9575,0,374,0.13400030136108398,-4.921158790588379
ETTh1,2,936,9575,0,375,-11.720998764038086,-2.3863048553466797
ETTh1,2,936,9575,0,376,-4.354000091552734,-0.6272993087768555
ETTh1,2,936,9575,0,377,6.0279998779296875,2.9735612869262695
ETTh1,2,936,9575,0,378,7.501999855041504,5.883332252502441
ETTh1,2,936,9575,0,379,7.769999980926514,9.128677368164062
ETTh1,2,936,9575,0,380,9.979999542236328,10.833765983581543
ETTh1,2,936,9575,0,381,3.750999927520752,12.010427474975586
ETTh1,2,936,9575,0,382,4.354000091552734,12.959388732910156
ETTh1,2,936,9575,0,383,5.894000053405762,13.886797904968262
ETTh1,2,936,9575,0,384,8.23900032043457,14.21544075012207
ETTh1,2,936,9575,0,385,6.764999866485596,13.896018028259277
ETTh1,2,936,9575,0,386,2.0759997367858887,14.194015502929688
ETTh1,2,936,9575,0,387,3.081000328063965,14.209999084472656
ETTh1,2,936,9575,0,388,3.750999927520752,13.842379570007324
ETTh1,2,936,9575,0,389,4.019000053405762,13.166576385498047
ETTh1,2,936,9575,0,390,4.354000091552734,12.760150909423828
ETTh1,2,936,9575,0,391,4.8899993896484375,11.303741455078125
ETTh1,2,936,9575,0,392,6.764999866485596,8.011655807495117
ETTh1,2,936,9575,0,393,6.0279998779296875,5.472472190856934
ETTh1,2,936,9575,0,394,7.501999855041504,3.077300548553467
ETTh1,2,936,9575,0,395,8.706999778747559,0.07672643661499023
ETTh1,2,936,9575,0,396,7.099999904632568,-3.874563217163086
ETTh1,2,936,9575,0,397,0.6699995994567871,-5.0492095947265625
ETTh1,2,936,9575,0,398,7.166999816894531,-4.565069198608398
ETTh1,2,936,9575,0,399,-8.439001083374023,-2.900057792663574
ETTh1,2,936,9575,0,400,2.2769999504089355,0.38454294204711914
ETTh1,2,936,9575,0,401,3.2149996757507324,3.3774333000183105
ETTh1,2,936,9575,0,402,6.63100004196167,6.175805568695068
ETTh1,2,936,9575,0,403,10.04699993133545,7.8236165046691895
ETTh1,2,936,9575,0,404,11.720999717712402,11.20333194732666
ETTh1,2,936,9575,0,405,13.128000259399414,12.209617614746094
ETTh1,2,936,9575,0,406,12.055999755859375,13.926918029785156
ETTh1,2,936,9575,0,407,14.60200023651123,13.66343879699707
ETTh1,2,936,9575,0,408,15.13700008392334,13.428606033325195
ETTh1,2,936,9575,0,409,15.270999908447266,14.057291030883789
ETTh1,2,936,9575,0,410,14.937000274658203,13.899206161499023
ETTh1,2,936,9575,0,411,14.869998931884766,14.232358932495117
ETTh1,2,936,9575,0,412,14.736000061035156,13.863561630249023
ETTh1,2,936,9575,0,413,15.069999694824219,12.067440032958984
ETTh1,2,936,9575,0,414,13.79800033569336,11.798539161682129
ETTh1,2,936,9575,0,415,16.007999420166016,10.958755493164062
ETTh1,2,936,9575,0,416,13.128000259399414,9.09936809539795
ETTh1,2,936,9575,0,417,5.960999965667725,4.581360816955566
ETTh1,2,936,9575,0,418,-2.008999824523926,1.4152722358703613
ETTh1,2,936,9575,0,419,-5.424999237060547,-0.08782768249511719
ETTh1,2,936,9575,0,420,-8.77400016784668,-3.5819082260131836
ETTh1,2,936,9575,0,421,-10.046998977661133,-4.107485771179199
ETTh1,2,936,9575,0,422,-3.9519996643066406,-4.981107711791992
ETTh1,2,936,9575,0,423,-5.492000579833984,-2.6856231689453125
ETTh1,2,936,9575,0,424,-6.0279998779296875,0.4182853698730469
ETTh1,2,936,9575,0,425,7.9039998054504395,3.6454129219055176
ETTh1,2,936,9575,0,426,7.9710001945495605,5.34407901763916
ETTh1,2,936,9575,0,427,10.180999755859375,7.7690253257751465
ETTh1,2,936,9575,0,428,12.1899995803833,10.156166076660156
ETTh1,2,936,9575,0,429,13.932000160217285,11.658628463745117
ETTh1,2,936,9575,0,430,13.060999870300293,13.539551734924316
ETTh1,2,936,9575,0,431,12.659000396728516,12.832401275634766
ETTh1,2,936,9575,0,432,12.1899995803833,13.697077751159668
ETTh1,2,936,9575,0,433,13.79800033569336,13.34319019317627
ETTh1,2,936,9575,0,434,12.994000434875488,12.808683395385742
ETTh1,2,936,9575,0,435,12.927000045776367,14.547475814819336
ETTh1,2,936,9575,0,436,11.319999694824219,13.216154098510742
ETTh1,2,936,9575,0,437,11.788000106811523,12.488598823547363
ETTh1,2,936,9575,0,438,12.859999656677246,12.149076461791992
ETTh1,2,936,9575,0,439,11.98900032043457,9.949572563171387
ETTh1,2,936,9575,0,440,9.175999641418457,7.012506008148193
ETTh1,2,936,9575,0,441,6.764999866485596,4.635252952575684
ETTh1,2,936,9575,0,442,1.2730002403259277,1.8409786224365234
ETTh1,2,936,9575,0,443,-3.7509994506835938,-0.6590423583984375
ETTh1,2,936,9575,0,444,-8.505998611450195,-3.164374351501465
ETTh1,2,936,9575,0,445,-10.046998977661133,-6.179906845092773
ETTh1,2,936,9575,0,446,-9.37700080871582,-4.954983711242676
ETTh1,2,936,9575,0,447,-7.63599967956543,-2.6812915802001953
ETTh1,2,936,9575,0,448,-4.420999526977539,0.2137622833251953
ETTh1,2,936,9575,0,449,0.13400030136108398,1.4648308753967285
ETTh1,2,936,9575,0,450,5.625999927520752,5.644808769226074
ETTh1,2,936,9575,0,451,10.180999755859375,6.239560604095459
ETTh1,2,936,9575,0,452,12.659000396728516,10.272076606750488
ETTh1,2,936,9575,0,453,17.14699935913086,12.427399635314941
ETTh1,2,936,9575,0,454,15.739999771118164,12.278929710388184
ETTh1,2,936,9575,0,455,16.40999984741211,12.592291831970215
ETTh1,2,936,9575,0,456,17.214000701904297,13.691625595092773
ETTh1,2,936,9575,0,457,17.548999786376953,13.226995468139648
ETTh1,2,936,9575,0,458,18.88800048828125,13.010625839233398
ETTh1,2,936,9575,0,459,17.415000915527344,12.748641014099121
ETTh1,2,936,9575,0,460,14.199999809265137,13.30810546875
ETTh1,2,936,9575,0,461,16.075000762939453,12.616508483886719
ETTh1,2,936,9575,0,462,16.476999282836914,11.00341510772705
ETTh1,2,936,9575,0,463,14.60200023651123,11.525858879089355
ETTh1,2,936,9575,0,464,11.654999732971191,7.649423122406006
ETTh1,2,936,9575,0,465,4.1529998779296875,5.081829071044922
ETTh1,2,936,9575,0,466,-3.9519996643066406,2.0908355712890625
ETTh1,2,936,9575,0,467,-7.234000205993652,-0.3629426956176758
ETTh1,2,936,9575,0,468,-8.439001083374023,-3.5070886611938477
ETTh1,2,936,9575,0,469,-9.243000030517578,-5.534793853759766
ETTh1,2,936,9575,0,470,-7.5019989013671875,-5.639814376831055
ETTh1,2,936,9575,0,471,-5.62600040435791,-2.410122871398926
ETTh1,2,936,9575,0,472,-2.9469995498657227,-2.2055578231811523
ETTh1,2,936,9575,0,473,-0.46899986267089844,1.05403470993042
ETTh1,2,936,9575,0,474,5.0229997634887695,5.3646745681762695
ETTh1,2,936,9575,0,475,9.57800006866455,7.35932731628418
ETTh1,2,936,9575,0,476,13.26200008392334,11.028559684753418
ETTh1,2,936,9575,0,477,18.35300064086914,10.794041633605957
ETTh1,2,936,9575,0,478,19.691999435424805,12.651697158813477
ETTh1,2,936,9575,0,479,18.486000061035156,12.88913345336914
ETTh1,2,936,9575,0,480,17.816999435424805,12.800024032592773
ETTh1,2,936,9575,0,481,18.285999298095703,13.39702033996582
ETTh1,2,936,9575,0,482,17.816999435424805,13.940373420715332
ETTh1,2,936,9575,0,483,16.40999984741211,14.30164909362793
ETTh1,2,936,9575,0,484,16.7450008392334,13.39061164855957
ETTh1,2,936,9575,0,485,15.069999694824219,11.459714889526367
ETTh1,2,936,9575,0,486,13.932000160217285,11.98173713684082
ETTh1,2,936,9575,0,487,15.404999732971191,9.869145393371582
ETTh1,2,936,9575,0,488,11.654999732971191,7.613427639007568
ETTh1,2,936,9575,0,489,4.689000129699707,4.915924072265625
ETTh1,2,936,9575,0,490,0.6030001640319824,2.3818392753601074
ETTh1,2,936,9575,0,491,-5.357999801635742,-0.5327596664428711
ETTh1,2,936,9575,0,492,-4.822999954223633,-3.683706283569336
ETTh1,2,936,9575,0,493,-9.913000106811523,-5.248926162719727
ETTh1,2,936,9575,0,494,-7.903999328613281,-4.538863182067871
ETTh1,2,936,9575,0,495,-6.831999778747559,-2.8188838958740234
ETTh1,2,936,9575,0,496,-2.2100000381469727,-0.6838626861572266
ETTh1,2,936,9575,0,497,3.4159998893737793,0.7536473274230957
ETTh1,2,936,9575,0,498,6.89900016784668,3.525245189666748
ETTh1,2,936,9575,0,499,10.784000396728516,8.35505199432373
ETTh1,2,936,9575,0,500,13.463000297546387,9.98980712890625
ETTh1,2,936,9575,0,501,18.285999298095703,11.397703170776367
ETTh1,2,936,9575,0,502,17.415000915527344,11.883992195129395
ETTh1,2,936,9575,0,503,19.1560001373291,12.71532917022705
ETTh1,2,936,9575,0,504,19.959999084472656,12.649026870727539
ETTh1,2,936,9575,0,505,20.898000717163086,12.10682487487793
ETTh1,2,936,9575,0,506,17.48200035095215,14.102766036987305
ETTh1,2,936,9575,0,507,15.807001113891602,13.655117988586426
ETTh1,2,936,9575,0,508,16.7450008392334,12.723670959472656
ETTh1,2,936,9575,0,509,16.611000061035156,12.200157165527344
ETTh1,2,936,9575,0,510,15.404999732971191,11.088531494140625
ETTh1,2,936,9575,0,511,14.400999069213867,10.08674144744873
ETTh1,2,936,9575,0,512,11.520999908447266,7.790465831756592
ETTh1,2,936,9575,0,513,4.354000091552734,4.254919052124023
ETTh1,2,936,9575,0,514,-1.1389999389648438,1.9453926086425781
ETTh1,2,936,9575,0,515,-3.5500001907348633,-0.5643796920776367
ETTh1,2,936,9575,0,516,-7.167000770568848,-4.735078811645508
ETTh1,2,936,9575,0,517,-8.908000946044922,-5.195379257202148
ETTh1,2,936,9575,0,518,3.4830002784729004,-5.356863021850586
ETTh1,2,936,9575,0,519,-7.5019989013671875,-0.886174201965332
ETTh1,2,936,9575,0,520,-4.286999702453613,-1.5508489608764648
ETTh1,2,936,9575,0,521,9.913000106811523,2.0008773803710938
ETTh1,2,936,9575,0,522,9.711999893188477,4.268570423126221
ETTh1,2,936,9575,0,523,8.706999778747559,7.401327133178711
ETTh1,2,936,9575,0,524,9.3100004196167,10.607736587524414
ETTh1,2,936,9575,0,525,9.444000244140625,11.487060546875
ETTh1,2,936,9575,0,526,8.572999954223633,12.665392875671387
ETTh1,2,936,9575,0,527,9.175999641418457,12.056697845458984
ETTh1,2,936,9575,0,528,11.588000297546387,12.468215942382812
ETTh1,2,936,9575,0,529,11.788000106811523,12.990538597106934
ETTh1,2,936,9575,0,530,11.654999732971191,12.011629104614258
ETTh1,2,936,9575,0,531,10.381999969482422,12.29966926574707
ETTh1,2,936,9575,0,532,11.119000434875488,13.786444664001465
ETTh1,2,936,9575,0,533,10.784000396728516,11.351640701293945
ETTh1,2,936,9575,0,534,10.784000396728516,11.964441299438477
ETTh1,2,936,9575,0,535,10.180999755859375,9.417065620422363
ETTh1,2,936,9575,0,536,9.645000457763672,7.253366470336914
ETTh1,2,936,9575,0,537,7.568999767303467,4.446478366851807
ETTh1,2,936,9575,0,538,4.019000053405762,2.2420778274536133
ETTh1,2,936,9575,0,539,1.8749995231628418,-0.71051025390625
ETTh1,2,936,9575,0,540,4.554999828338623,-2.4957218170166016
ETTh1,2,936,9575,0,541,2.745999813079834,-5.368259429931641
ETTh1,2,936,9575,0,542,2.008999824523926,-3.7617578506469727
ETTh1,2,936,9575,0,543,1.5409998893737793,-3.066408157348633
ETTh1,2,936,9575,0,544,1.941999912261963,-0.7530107498168945
ETTh1,2,936,9575,0,545,0.8039999008178711,2.036956310272217
ETTh1,2,936,9575,0,546,3.817999839782715,5.752836227416992
ETTh1,2,936,9575,0,547,5.960999965667725,6.32585334777832
ETTh1,2,936,9575,0,548,8.104999542236328,9.976096153259277
ETTh1,2,936,9575,0,549,8.907999992370605,11.673990249633789
ETTh1,2,936,9575,0,550,9.711999893188477,12.332196235656738
ETTh1,2,936,9575,0,551,9.51099967956543,13.065654754638672
ETTh1,2,936,9575,0,552,11.588000297546387,12.743814468383789
ETTh1,2,936,9575,0,553,13.194999694824219,13.75849723815918
ETTh1,2,936,9575,0,554,11.854999542236328,12.58635139465332
ETTh1,2,936,9575,0,555,11.92199993133545,12.722779273986816
ETTh1,2,936,9575,0,556,12.055999755859375,12.57167911529541
ETTh1,2,936,9575,0,557,10.180999755859375,11.534979820251465
ETTh1,2,936,9575,0,558,12.256999969482422,11.151642799377441
ETTh1,2,936,9575,0,559,11.854999542236328,9.181903839111328
ETTh1,2,936,9575,0,560,8.572999954223633,7.432624816894531
ETTh1,2,936,9575,0,561,2.5450000762939453,5.089384078979492
ETTh1,2,936,9575,0,562,-2.880000114440918,3.1610708236694336
ETTh1,2,936,9575,0,563,-7.300999641418457,-0.8378610610961914
ETTh1,2,936,9575,0,564,-10.44900131225586,-3.794184684753418
ETTh1,2,936,9575,0,565,-11.454000473022461,-5.425393104553223
ETTh1,2,936,9575,0,566,-10.716999053955078,-3.7085962295532227
ETTh1,2,936,9575,0,567,-8.639999389648438,-2.8175554275512695
ETTh1,2,936,9575,0,568,-5.357999801635742,-1.3441505432128906
ETTh1,2,936,9575,0,569,-1.072000503540039,2.0070276260375977
ETTh1,2,936,9575,0,570,4.48799991607666,5.3282060623168945
ETTh1,2,936,9575,0,571,8.038000106811523,7.485622406005859
ETTh1,2,936,9575,0,572,10.85099983215332,9.874027252197266
ETTh1,2,936,9575,0,573,15.003999710083008,12.006481170654297
ETTh1,2,936,9575,0,574,14.468000411987305,12.996000289916992
ETTh1,2,936,9575,0,575,15.538999557495117,12.048501014709473
ETTh1,2,936,9575,0,576,16.67799949645996,13.50934886932373
ETTh1,2,936,9575,0,577,15.739999771118164,12.390739440917969
ETTh1,2,936,9575,0,578,15.270999908447266,13.118309020996094
ETTh1,2,936,9575,0,579,14.53499984741211,13.590173721313477
ETTh1,2,936,9575,0,580,13.79800033569336,12.890130996704102
ETTh1,2,936,9575,0,581,12.927000045776367,11.401662826538086
ETTh1,2,936,9575,0,582,13.128000259399414,11.91355037689209
ETTh1,2,936,9575,0,583,12.1899995803833,9.39944839477539
ETTh1,2,936,9575,0,584,9.109000205993652,8.11254596710205
ETTh1,2,936,9575,0,585,3.817999839782715,5.248878479003906
ETTh1,2,936,9575,0,586,-1.7410001754760742,1.9502897262573242
ETTh1,2,936,9575,0,587,-5.62600040435791,0.11234807968139648
ETTh1,2,936,9575,0,588,-8.305999755859375,-3.0227489471435547
ETTh1,2,936,9575,0,589,-8.908000946044922,-2.9033031463623047
ETTh1,2,936,9575,0,590,-8.305999755859375,-2.9247350692749023
ETTh1,2,936,9575,0,591,-2.880000114440918,-3.0074214935302734
ETTh1,2,936,9575,0,592,-3.2150001525878906,-1.2112083435058594
ETTh1,2,936,9575,0,593,0.0,2.203789710998535
ETTh1,2,936,9575,0,594,5.357999801635742,4.836173057556152
ETTh1,2,936,9575,0,595,9.3100004196167,8.0452299118042
ETTh1,2,936,9575,0,596,13.329000473022461,9.521929740905762
ETTh1,2,936,9575,0,597,17.214000701904297,11.895172119140625
ETTh1,2,936,9575,0,598,15.940999984741211,13.880725860595703
ETTh1,2,936,9575,0,599,15.807001113891602,12.178346633911133
ETTh1,2,936,9575,0,600,16.208999633789062,13.637920379638672
ETTh1,2,936,9575,0,601,16.878999710083008,13.533343315124512
ETTh1,2,936,9575,0,602,14.199999809265137,12.930357933044434
ETTh1,2,936,9575,0,603,12.123000144958496,13.817305564880371
ETTh1,2,936,9575,0,604,12.859999656677246,12.189552307128906
ETTh1,2,936,9575,0,605,11.854999542236328,11.627704620361328
ETTh1,2,936,9575,0,606,11.119000434875488,11.194080352783203
ETTh1,2,936,9575,0,607,11.788000106811523,10.344305992126465
ETTh1,2,936,9575,0,608,10.784000396728516,7.444213390350342
ETTh1,2,936,9575,0,609,8.640000343322754,5.093539237976074
ETTh1,2,936,9575,0,610,8.17199993133545,2.8619837760925293
ETTh1,2,936,9575,0,611,8.23900032043457,-0.0496211051940918
ETTh1,2,936,9575,0,612,3.081000328063965,-2.1159887313842773
ETTh1,2,936,9575,0,613,3.885000228881836,-2.4974985122680664
ETTh1,2,936,9575,0,614,4.48799991607666,-2.802257537841797
ETTh1,2,936,9575,0,615,4.2870001792907715,-3.1078081130981445
ETTh1,2,936,9575,0,616,4.756000518798828,-0.4693155288696289
ETTh1,2,936,9575,0,617,6.429999828338623,2.925544261932373
ETTh1,2,936,9575,0,618,8.038000106811523,4.7510457038879395
ETTh1,2,936,9575,0,619,7.234000205993652,7.56777811050415
ETTh1,2,936,9575,0,620,7.636000156402588,10.215612411499023
ETTh1,2,936,9575,0,621,8.439000129699707,12.16415023803711
ETTh1,2,936,9575,0,622,9.3100004196167,12.024101257324219
ETTh1,2,936,9575,0,623,8.975000381469727,14.810567855834961
ETTh1,2,936,9575,0,624,11.319999694824219,13.783912658691406
ETTh1,2,936,9575,0,625,12.390999794006348,13.849191665649414
ETTh1,2,936,9575,0,626,11.854999542236328,13.113021850585938
ETTh1,2,936,9575,0,627,11.788000106811523,13.878520965576172
ETTh1,2,936,9575,0,628,10.649999618530273,11.982917785644531
ETTh1,2,936,9575,0,629,12.1899995803833,12.319682121276855
ETTh1,2,936,9575,0,630,12.055999755859375,11.70827865600586
ETTh1,2,936,9575,0,631,11.98900032043457,9.854933738708496
ETTh1,2,936,9575,0,632,10.3149995803833,7.704487323760986
ETTh1,2,936,9575,0,633,9.175999641418457,4.654450416564941
ETTh1,2,936,9575,0,634,5.760000228881836,2.0290074348449707
ETTh1,2,936,9575,0,635,6.229000091552734,-0.28647708892822266
ETTh1,2,936,9575,0,636,3.885000228881836,-1.3274736404418945
ETTh1,2,936,9575,0,637,1.6079998016357422,-2.396747589111328
ETTh1,2,936,9575,0,638,1.6739997863769531,-2.6275177001953125
ETTh1,2,936,9575,0,639,2.4780001640319824,-1.7352523803710938
ETTh1,2,936,9575,0,640,3.9519999027252197,0.5324220657348633
ETTh1,2,936,9575,0,641,4.086000442504883,2.121212959289551
ETTh1,2,936,9575,0,642,6.429999828338623,4.652698516845703
ETTh1,2,936,9575,0,643,6.764999866485596,7.6420369148254395
ETTh1,2,936,9575,0,644,7.368000030517578,10.536351203918457
ETTh1,2,936,9575,0,645,7.9710001945495605,10.790264129638672
ETTh1,2,936,9575,0,646,6.966000080108643,13.646255493164062
ETTh1,2,936,9575,0,647,6.296000003814697,13.192960739135742
ETTh1,2,936,9575,0,648,8.305999755859375,13.640832901000977
ETTh1,2,936,9575,0,649,9.57800006866455,13.126813888549805
ETTh1,2,936,9575,0,650,9.57800006866455,12.674829483032227
ETTh1,2,936,9575,0,651,9.57800006866455,14.522281646728516
ETTh1,2,936,9575,0,652,9.57800006866455,13.997535705566406
ETTh1,2,936,9575,0,653,9.57800006866455,12.143712997436523
ETTh1,2,936,9575,0,654,9.57800006866455,10.97487735748291
ETTh1,2,936,9575,0,655,9.57800006866455,10.409783363342285
ETTh1,2,936,9575,0,656,9.57800006866455,7.223845958709717
ETTh1,2,936,9575,0,657,9.57800006866455,4.927172660827637
ETTh1,2,936,9575,0,658,9.57800006866455,3.378664970397949
ETTh1,2,936,9575,0,659,9.57800006866455,1.2023530006408691
ETTh1,2,936,9575,0,660,9.57800006866455,-0.6690454483032227
ETTh1,2,936,9575,0,661,9.57800006866455,-1.62860107421875
ETTh1,2,936,9575,0,662,9.57800006866455,-3.780977249145508
ETTh1,2,936,9575,0,663,9.57800006866455,-1.2575693130493164
ETTh1,2,936,9575,0,664,9.57800006866455,0.1966996192932129
ETTh1,2,936,9575,0,665,9.57800006866455,3.7036828994750977
ETTh1,2,936,9575,0,666,9.57800006866455,5.326083183288574
ETTh1,2,936,9575,0,667,9.57800006866455,8.742396354675293
ETTh1,2,936,9575,0,668,9.57800006866455,9.726963996887207
ETTh1,2,936,9575,0,669,9.57800006866455,11.075910568237305
ETTh1,2,936,9575,0,670,9.57800006866455,12.532400131225586
ETTh1,2,936,9575,0,671,9.57800006866455,13.40805721282959
ETTh1,2,936,9575,0,672,9.57800006866455,13.927353858947754
ETTh1,2,936,9575,0,673,11.92199993133545,14.162168502807617
ETTh1,2,936,9575,0,674,12.592000007629395,13.42289924621582
ETTh1,2,936,9575,0,675,12.458000183105469,13.28828239440918
ETTh1,2,936,9575,0,676,11.454000473022461,13.035651206970215
ETTh1,2,936,9575,0,677,11.588000297546387,12.600164413452148
ETTh1,2,936,9575,0,678,12.458000183105469,11.478487014770508
ETTh1,2,936,9575,0,679,13.128000259399414,10.760095596313477
ETTh1,2,936,9575,0,680,10.717000007629395,6.850429534912109
ETTh1,2,936,9575,0,681,8.505999565124512,6.041790008544922
ETTh1,2,936,9575,0,682,7.9039998054504395,2.6190271377563477
ETTh1,2,936,9575,0,683,5.894000053405762,0.7165684700012207
ETTh1,2,936,9575,0,684,3.2820000648498535,0.7619848251342773
ETTh1,2,936,9575,0,685,-1.6079998016357422,-2.657562255859375
ETTh1,2,936,9575,0,686,-0.9379997253417969,-3.7167253494262695
ETTh1,2,936,9575,0,687,-1.4739999771118164,-1.567692756652832
ETTh1,2,936,9575,0,688,-13.261999130249023,0.5708208084106445
ETTh1,2,936,9575,0,689,0.9380002021789551,2.461775779724121
ETTh1,2,936,9575,0,690,6.0279998779296875,5.5032196044921875
ETTh1,2,936,9575,0,691,7.166999816894531,7.416428565979004
ETTh1,2,936,9575,0,692,7.636000156402588,8.998974800109863
ETTh1,2,936,9575,0,693,7.368000030517578,11.552450180053711
ETTh1,2,936,9575,0,694,6.697999954223633,13.422945976257324
ETTh1,2,936,9575,0,695,6.966000080108643,11.891834259033203
ETTh1,2,936,9575,0,696,8.505999565124512,13.994346618652344
ETTh1,2,936,9575,0,697,10.717000007629395,14.325607299804688
ETTh1,2,936,9575,0,698,10.381999969482422,13.415882110595703
ETTh1,2,936,9575,0,699,9.51099967956543,13.887451171875
ETTh1,2,936,9575,0,700,8.371999740600586,12.95043659210205
ETTh1,2,936,9575,0,701,9.57800006866455,13.228311538696289
ETTh1,2,936,9575,0,702,8.907999992370605,11.202818870544434
ETTh1,2,936,9575,0,703,10.381999969482422,10.145421028137207
ETTh1,2,936,9575,0,704,7.234000205993652,7.898162841796875
ETTh1,2,936,9575,0,705,6.429999828338623,4.5329790115356445
ETTh1,2,936,9575,0,706,4.354000091552734,3.075374126434326
ETTh1,2,936,9575,0,707,4.1529998779296875,1.153106689453125
ETTh1,2,936,9575,0,708,4.554999828338623,-0.8432636260986328
ETTh1,2,936,9575,0,709,1.3400001525878906,-1.3337554931640625
ETTh1,2,936,9575,0,710,3.9519999027252197,-3.646866798400879
ETTh1,2,936,9575,0,711,1.4740004539489746,-1.2125797271728516
ETTh1,2,936,9575,0,712,0.6030001640319824,1.7288694381713867
ETTh1,2,936,9575,0,713,5.425000190734863,2.60764217376709
ETTh1,2,936,9575,0,714,6.497000217437744,4.538562774658203
ETTh1,2,936,9575,0,715,6.564000129699707,7.949977874755859
ETTh1,2,936,9575,0,716,7.234000205993652,9.8182373046875
ETTh1,2,936,9575,0,717,7.368000030517578,11.01121711730957
ETTh1,2,936,9575,0,718,6.497000217437744,11.94796371459961
ETTh1,2,936,9575,0,719,6.429999828338623,13.135372161865234
ETTh1,2,936,9575,0,720,7.434999942779541,13.357244491577148
ETTh2,1,1922,10561,0,1,26.554000854492188,28.305007934570312
ETTh2,1,1922,10561,0,2,30.743000030517578,30.376638412475586
ETTh2,1,1922,10561,0,3,28.31399917602539,29.65011978149414
ETTh2,1,1922,10561,0,4,30.90999984741211,29.081172943115234
ETTh2,1,1922,10561,0,5,29.235000610351562,28.885894775390625
ETTh2,1,1922,10561,0,6,35.18299865722656,30.430566787719727
ETTh2,1,1922,10561,0,7,28.481000900268555,29.597999572753906
ETTh2,1,1922,10561,0,8,30.1560001373291,31.882915496826172
ETTh2,1,1922,10561,0,9,28.062000274658203,32.856685638427734
ETTh2,1,1922,10561,0,10,33.590999603271484,32.59983825683594
ETTh2,1,1922,10561,0,11,27.726999282836914,32.653968811035156
ETTh2,1,1922,10561,0,12,27.225000381469727,33.449066162109375
ETTh2,1,1922,10561,0,13,27.47599983215332,33.26368713378906
ETTh2,1,1922,10561,0,14,33.005001068115234,34.11338806152344
ETTh2,1,1922,10561,0,15,33.92599868774414,35.83754348754883
ETTh2,1,1922,10561,0,16,40.29199981689453,36.156803131103516
ETTh2,1,1922,10561,0,17,33.0880012512207,36.19792175292969
ETTh2,1,1922,10561,0,18,30.743000030517578,35.18653106689453
ETTh2,1,1922,10561,0,19,33.34000015258789,34.70671844482422
ETTh2,1,1922,10561,0,20,33.92599868774414,33.44839859008789
ETTh2,1,1922,10561,0,21,29.820999145507812,32.74793243408203
ETTh2,1,1922,10561,0,22,31.413000106811523,31.672130584716797
ETTh2,1,1922,10561,0,23,32.250999450683594,30.99224281311035
ETTh2,1,1922,10561,0,24,28.062000274658203,30.446979522705078
ETTh2,1,1922,10561,0,25,28.64900016784668,31.27166748046875
ETTh2,1,1922,10561,0,26,30.072999954223633,30.282163619995117
ETTh2,1,1922,10561,0,27,32.33399963378906,30.237510681152344
ETTh2,1,1922,10561,0,28,32.417999267578125,30.606019973754883
ETTh2,1,1922,10561,0,29,34.763999938964844,30.411243438720703
ETTh2,1,1922,10561,0,30,35.85300064086914,30.397464752197266
ETTh2,1,1922,10561,0,31,31.58099937438965,30.932504653930664
ETTh2,1,1922,10561,0,32,34.0099983215332,32.460262298583984
ETTh2,1,1922,10561,0,33,33.42300033569336,32.21161651611328
ETTh2,1,1922,10561,0,34,37.444000244140625,33.69233703613281
ETTh2,1,1922,10561,0,35,37.61199951171875,33.66830062866211
ETTh2,1,1922,10561,0,36,39.202999114990234,34.66497039794922
ETTh2,1,1922,10561,0,37,38.36600112915039,35.52722930908203
ETTh2,1,1922,10561,0,38,34.763999938964844,34.97039031982422
ETTh2,1,1922,10561,0,39,34.42900085449219,35.84577941894531
ETTh2,1,1922,10561,0,40,37.77899932861328,34.96363067626953
ETTh2,1,1922,10561,0,41,33.005001068115234,35.674842834472656
ETTh2,1,1922,10561,0,42,34.176998138427734,35.89636993408203
ETTh2,1,1922,10561,0,43,35.18299865722656,35.68305587768555
ETTh2,1,1922,10561,0,44,37.444000244140625,35.50778579711914
ETTh2,1,1922,10561,0,45,37.946998596191406,34.78449630737305
ETTh2,1,1922,10561,0,46,36.02000045776367,32.91461944580078
ETTh2,1,1922,10561,0,47,29.150999069213867,31.235057830810547
ETTh2,1,1922,10561,0,48,25.968000411987305,31.881378173828125
ETTh2,1,1922,10561,0,49,31.16200065612793,30.56633758544922
ETTh2,1,1922,10561,0,50,32.58599853515625,31.256633758544922
ETTh2,1,1922,10561,0,51,28.565000534057617,30.490352630615234
ETTh2,1,1922,10561,0,52,34.09400177001953,30.372203826904297
ETTh2,1,1922,10561,0,53,33.34000015258789,28.899295806884766
ETTh2,1,1922,10561,0,54,31.496999740600586,31.055484771728516
ETTh2,1,1922,10561,0,55,30.492000579833984,30.43198013305664
ETTh2,1,1922,10561,0,56,34.59600067138672,31.468482971191406
ETTh2,1,1922,10561,0,57,35.85300064086914,33.29057312011719
ETTh2,1,1922,10561,0,58,38.70100021362305,33.32481384277344
ETTh2,1,1922,10561,0,59,34.0099983215332,34.24970626831055
ETTh2,1,1922,10561,0,60,33.84199905395508,34.321144104003906
ETTh2,1,1922,10561,0,61,33.67499923706055,34.385746002197266
ETTh2,1,1922,10561,0,62,32.417999267578125,36.017913818359375
ETTh2,1,1922,10561,0,63,37.277000427246094,36.837120056152344
ETTh2,1,1922,10561,0,64,34.09400177001953,36.53208923339844
ETTh2,1,1922,10561,0,65,37.025001525878906,36.180885314941406
ETTh2,1,1922,10561,0,66,37.361000061035156,36.669158935546875
ETTh2,1,1922,10561,0,67,33.42300033569336,36.54166793823242
ETTh2,1,1922,10561,0,68,38.44900131225586,35.657936096191406
ETTh2,1,1922,10561,0,69,36.606998443603516,35.23712158203125
ETTh2,1,1922,10561,0,70,33.005001068115234,32.75443649291992
ETTh2,1,1922,10561,0,71,26.63800048828125,32.93163299560547
ETTh2,1,1922,10561,0,72,33.172000885009766,31.55457305908203
ETTh2,1,1922,10561,0,73,28.565000534057617,31.922531127929688
ETTh2,1,1922,10561,0,74,24.96299934387207,32.520164489746094
ETTh2,1,1922,10561,0,75,30.072999954223633,31.6456356048584
ETTh2,1,1922,10561,0,76,31.58099937438965,31.26160430908203
ETTh2,1,1922,10561,0,77,30.82699966430664,30.39373779296875
ETTh2,1,1922,10561,0,78,30.1560001373291,31.724042892456055
ETTh2,1,1922,10561,0,79,25.632999420166016,31.743576049804688
ETTh2,1,1922,10561,0,80,30.993999481201172,33.380409240722656
ETTh2,1,1922,10561,0,81,36.43899917602539,34.64719772338867
ETTh2,1,1922,10561,0,82,38.86800003051758,34.001708984375
ETTh2,1,1922,10561,0,83,35.93600082397461,34.90449142456055
ETTh2,1,1922,10561,0,84,34.68000030517578,36.54703140258789
ETTh2,1,1922,10561,0,85,31.74799919128418,36.0423698425293
ETTh2,1,1922,10561,0,86,33.67499923706055,36.027889251708984
ETTh2,1,1922,10561,0,87,38.78499984741211,35.69088363647461
ETTh2,1,1922,10561,0,88,36.606998443603516,37.6219596862793
ETTh2,1,1922,10561,0,89,37.361000061035156,36.74803924560547
ETTh2,1,1922,10561,0,90,38.86800003051758,36.37525939941406
ETTh2,1,1922,10561,0,91,36.94200134277344,36.019935607910156
ETTh2,1,1922,10561,0,92,37.946998596191406,36.44984817504883
ETTh2,1,1922,10561,0,93,29.402999877929688,35.163814544677734
ETTh2,1,1922,10561,0,94,28.64900016784668,33.39490509033203
ETTh2,1,1922,10561,0,95,31.663997650146484,33.06401062011719
ETTh2,1,1922,10561,0,96,29.486000061035156,31.153411865234375
ETTh2,1,1922,10561,0,97,29.150999069213867,32.38022232055664
ETTh2,1,1922,10561,0,98,32.50199890136719,32.14503479003906
ETTh2,1,1922,10561,0,99,30.323999404907227,30.783031463623047
ETTh2,1,1922,10561,0,100,31.077999114990234,32.026954650878906
ETTh2,1,1922,10561,0,101,31.077999114990234,31.683124542236328
ETTh2,1,1922,10561,0,102,32.75299835205078,32.48681640625
ETTh2,1,1922,10561,0,103,30.408000946044922,32.02234649658203
ETTh2,1,1922,10561,0,104,32.66999816894531,32.76148223876953
ETTh2,1,1922,10561,0,105,26.554000854492188,33.60396957397461
ETTh2,1,1922,10561,0,106,29.319000244140625,34.617393493652344
ETTh2,1,1922,10561,0,107,27.141000747680664,34.14356231689453
ETTh2,1,1922,10561,0,108,34.930999755859375,36.52678680419922
ETTh2,1,1922,10561,0,109,36.689998626708984,35.94834518432617
ETTh2,1,1922,10561,0,110,37.946998596191406,36.952571868896484
ETTh2,1,1922,10561,0,111,37.69599914550781,36.67195129394531
ETTh2,1,1922,10561,0,112,36.606998443603516,37.246726989746094
ETTh2,1,1922,10561,0,113,39.53799819946289,37.201107025146484
ETTh2,1,1922,10561,0,114,37.946998596191406,37.33640670776367
ETTh2,1,1922,10561,0,115,34.763999938964844,37.23403549194336
ETTh2,1,1922,10561,0,116,38.70100021362305,36.62397766113281
ETTh2,1,1922,10561,0,117,36.35499954223633,35.1026725769043
ETTh2,1,1922,10561,0,118,34.345001220703125,35.33631896972656
ETTh2,1,1922,10561,0,119,33.42300033569336,33.51966094970703
ETTh2,1,1922,10561,0,120,34.59600067138672,31.9599666595459
ETTh2,1,1922,10561,0,121,33.92599868774414,32.71158981323242
ETTh2,1,1922,10561,0,122,32.08300018310547,30.452896118164062
ETTh2,1,1922,10561,0,123,29.066999435424805,31.924118041992188
ETTh2,1,1922,10561,0,124,34.512001037597656,32.152061462402344
ETTh2,1,1922,10561,0,125,32.83700180053711,31.493263244628906
ETTh2,1,1922,10561,0,126,33.42300033569336,32.44572830200195
ETTh2,1,1922,10561,0,127,27.47599983215332,32.4493293762207
ETTh2,1,1922,10561,0,128,28.481000900268555,32.85126495361328
ETTh2,1,1922,10561,0,129,33.005001068115234,34.455726623535156
ETTh2,1,1922,10561,0,130,32.250999450683594,35.24882888793945
ETTh2,1,1922,10561,0,131,31.16200065612793,35.18532180786133
ETTh2,1,1922,10561,0,132,28.81599998474121,35.701499938964844
ETTh2,1,1922,10561,0,133,30.743000030517578,36.12731170654297
ETTh2,1,1922,10561,0,134,30.90999984741211,36.295528411865234
ETTh2,1,1922,10561,0,135,36.94200134277344,37.49738311767578
ETTh2,1,1922,10561,0,136,37.277000427246094,36.19174575805664
ETTh2,1,1922,10561,0,137,39.790000915527344,38.54908752441406
ETTh2,1,1922,10561,0,138,34.42900085449219,37.03931427001953
ETTh2,1,1922,10561,0,139,34.68000030517578,35.6058235168457
ETTh2,1,1922,10561,0,140,37.361000061035156,36.35392379760742
ETTh2,1,1922,10561,0,141,35.85300064086914,34.782283782958984
ETTh2,1,1922,10561,0,142,34.42900085449219,34.211639404296875
ETTh2,1,1922,10561,0,143,32.33399963378906,33.10284423828125
ETTh2,1,1922,10561,0,144,29.235000610351562,31.466915130615234
ETTh2,1,1922,10561,0,145,30.743000030517578,31.42882537841797
ETTh2,1,1922,10561,0,146,29.56999969482422,31.161563873291016
ETTh2,1,1922,10561,0,147,30.993999481201172,31.144559860229492
ETTh2,1,1922,10561,0,148,30.82699966430664,31.73859405517578
ETTh2,1,1922,10561,0,149,31.413000106811523,30.765483856201172
ETTh2,1,1922,10561,0,150,33.25600051879883,33.0299072265625
ETTh2,1,1922,10561,0,151,28.899999618530273,32.32157516479492
ETTh2,1,1922,10561,0,152,35.433998107910156,32.23969268798828
ETTh2,1,1922,10561,0,153,30.239999771118164,33.17164993286133
ETTh2,1,1922,10561,0,154,34.42900085449219,34.24753189086914
ETTh2,1,1922,10561,0,155,33.005001068115234,34.6302490234375
ETTh2,1,1922,10561,0,156,32.66999816894531,37.076297760009766
ETTh2,1,1922,10561,0,157,31.077999114990234,35.31346130371094
ETTh2,1,1922,10561,0,158,33.42300033569336,35.92231750488281
ETTh2,1,1922,10561,0,159,33.172000885009766,36.164710998535156
ETTh2,1,1922,10561,0,160,35.76900100708008,36.57538604736328
ETTh2,1,1922,10561,0,161,34.84700012207031,36.282745361328125
ETTh2,1,1922,10561,0,162,34.42900085449219,36.61150360107422
ETTh2,1,1922,10561,0,163,34.59600067138672,35.18675231933594
ETTh2,1,1922,10561,0,164,36.52299880981445,35.23181915283203
ETTh2,1,1922,10561,0,165,34.512001037597656,34.99043273925781
ETTh2,1,1922,10561,0,166,34.345001220703125,33.90203857421875
ETTh2,1,1922,10561,0,167,32.250999450683594,32.77676773071289
ETTh2,1,1922,10561,0,168,30.072999954223633,31.843849182128906
ETTh2,1,1922,10561,0,169,31.32900047302246,32.11327362060547
ETTh2,1,1922,10561,0,170,29.066999435424805,32.3128547668457
ETTh2,1,1922,10561,0,171,30.993999481201172,31.063823699951172
ETTh2,1,1922,10561,0,172,32.83700180053711,31.602737426757812
ETTh2,1,1922,10561,0,173,35.0989990234375,32.059513092041016
ETTh2,1,1922,10561,0,174,33.92599868774414,32.084598541259766
ETTh2,1,1922,10561,0,175,29.56999969482422,31.87511444091797
ETTh2,1,1922,10561,0,176,34.84700012207031,32.373382568359375
ETTh2,1,1922,10561,0,177,31.413000106811523,34.433067321777344
ETTh2,1,1922,10561,0,178,33.172000885009766,34.941383361816406
ETTh2,1,1922,10561,0,179,32.33399963378906,33.99589538574219
ETTh2,1,1922,10561,0,180,31.413000106811523,34.072425842285156
ETTh2,1,1922,10561,0,181,29.066999435424805,35.9003791809082
ETTh2,1,1922,10561,0,182,30.072999954223633,36.04153823852539
ETTh2,1,1922,10561,0,183,35.01499938964844,36.976417541503906
ETTh2,1,1922,10561,0,184,35.85300064086914,36.99053192138672
ETTh2,1,1922,10561,0,185,37.19300079345703,36.96928405761719
ETTh2,1,1922,10561,0,186,31.916000366210938,36.805294036865234
ETTh2,1,1922,10561,0,187,33.172000885009766,35.77583694458008
ETTh2,1,1922,10561,0,188,34.68000030517578,35.6340446472168
ETTh2,1,1922,10561,0,189,34.68000030517578,34.14324951171875
ETTh2,1,1922,10561,0,190,35.85300064086914,34.601905822753906
ETTh2,1,1922,10561,0,191,32.417999267578125,33.432151794433594
ETTh2,1,1922,10561,0,192,32.250999450683594,32.19579315185547
ETTh2,1,1922,10561,0,193,29.235000610351562,31.859704971313477
ETTh2,1,1922,10561,0,194,29.319000244140625,32.26449966430664
ETTh2,1,1922,10561,0,195,31.663997650146484,31.376808166503906
ETTh2,1,1922,10561,0,196,33.0880012512207,31.459156036376953
ETTh2,1,1922,10561,0,197,36.77399826049805,31.90233612060547
ETTh2,1,1922,10561,0,198,33.34000015258789,32.11394500732422
ETTh2,1,1922,10561,0,199,29.486000061035156,31.498123168945312
ETTh2,1,1922,10561,0,200,34.0099983215332,32.85469055175781
ETTh2,1,1922,10561,0,201,31.663997650146484,33.08676528930664
ETTh2,1,1922,10561,0,202,31.58099937438965,34.122135162353516
ETTh2,1,1922,10561,0,203,34.176998138427734,34.37752151489258
ETTh2,1,1922,10561,0,204,34.42900085449219,35.557411193847656
ETTh2,1,1922,10561,0,205,33.172000885009766,35.681243896484375
ETTh2,1,1922,10561,0,206,30.90999984741211,36.480621337890625
ETTh2,1,1922,10561,0,207,34.930999755859375,36.051231384277344
ETTh2,1,1922,10561,0,208,33.84199905395508,36.61080551147461
ETTh2,1,1922,10561,0,209,32.16699981689453,36.4822883605957
ETTh2,1,1922,10561,0,210,37.277000427246094,35.91545867919922
ETTh2,1,1922,10561,0,211,35.76900100708008,35.49604034423828
ETTh2,1,1922,10561,0,212,37.025001525878906,34.81694793701172
ETTh2,1,1922,10561,0,213,29.066999435424805,34.78187561035156
ETTh2,1,1922,10561,0,214,33.25600051879883,33.65657043457031
ETTh2,1,1922,10561,0,215,31.663997650146484,33.40290069580078
ETTh2,1,1922,10561,0,216,29.905000686645508,32.255836486816406
ETTh2,1,1922,10561,0,217,29.905000686645508,31.65793800354004
ETTh2,1,1922,10561,0,218,31.32900047302246,31.665557861328125
ETTh2,1,1922,10561,0,219,27.308000564575195,31.824535369873047
ETTh2,1,1922,10561,0,220,25.884000778198242,31.111915588378906
ETTh2,1,1922,10561,0,221,24.459999084472656,31.518009185791016
ETTh2,1,1922,10561,0,222,27.392000198364258,32.56266784667969
ETTh2,1,1922,10561,0,223,22.617000579833984,32.19872283935547
ETTh2,1,1922,10561,0,224,26.052000045776367,31.71665382385254
ETTh2,1,1922,10561,0,225,29.820999145507812,32.87470245361328
ETTh2,1,1922,10561,0,226,29.820999145507812,34.65497970581055
ETTh2,1,1922,10561,0,227,28.565000534057617,34.020179748535156
ETTh2,1,1922,10561,0,228,33.42300033569336,35.89867401123047
ETTh2,1,1922,10561,0,229,33.005001068115234,35.60980987548828
ETTh2,1,1922,10561,0,230,33.92599868774414,37.39289855957031
ETTh2,1,1922,10561,0,231,33.84199905395508,34.87308120727539
ETTh2,1,1922,10561,0,232,33.34000015258789,37.25901794433594
ETTh2,1,1922,10561,0,233,37.444000244140625,36.5470085144043
ETTh2,1,1922,10561,0,234,33.67499923706055,36.31899642944336
ETTh2,1,1922,10561,0,235,33.92599868774414,35.79696273803711
ETTh2,1,1922,10561,0,236,38.28200149536133,34.9196891784668
ETTh2,1,1922,10561,0,237,35.26599884033203,34.366764068603516
ETTh2,1,1922,10561,0,238,31.32900047302246,35.076744079589844
ETTh2,1,1922,10561,0,239,29.150999069213867,32.83753204345703
ETTh2,1,1922,10561,0,240,30.492000579833984,32.25761413574219
ETTh2,1,1922,10561,0,241,30.072999954223633,31.805885314941406
ETTh2,1,1922,10561,0,242,28.899999618530273,31.47026824951172
ETTh2,1,1922,10561,0,243,26.63800048828125,31.84309959411621
ETTh2,1,1922,10561,0,244,29.319000244140625,31.002460479736328
ETTh2,1,1922,10561,0,245,30.408000946044922,31.463346481323242
ETTh2,1,1922,10561,0,246,33.005001068115234,32.57461929321289
ETTh2,1,1922,10561,0,247,27.895000457763672,33.60163879394531
ETTh2,1,1922,10561,0,248,27.726999282836914,32.94374465942383
ETTh2,1,1922,10561,0,249,30.1560001373291,32.58378982543945
ETTh2,1,1922,10561,0,250,31.663997650146484,33.600929260253906
ETTh2,1,1922,10561,0,251,30.743000030517578,35.483970642089844
ETTh2,1,1922,10561,0,252,32.92100143432617,35.154109954833984
ETTh2,1,1922,10561,0,253,29.066999435424805,36.31592559814453
ETTh2,1,1922,10561,0,254,32.92100143432617,37.25112533569336
ETTh2,1,1922,10561,0,255,32.75299835205078,37.69412612915039
ETTh2,1,1922,10561,0,256,37.52799987792969,37.5274772644043
ETTh2,1,1922,10561,0,257,34.176998138427734,37.779510498046875
ETTh2,1,1922,10561,0,258,32.250999450683594,35.77980422973633
ETTh2,1,1922,10561,0,259,33.92599868774414,36.63588333129883
ETTh2,1,1922,10561,0,260,35.85300064086914,36.312255859375
ETTh2,1,1922,10561,0,261,32.33399963378906,35.31021499633789
ETTh2,1,1922,10561,0,262,30.82699966430664,34.24797439575195
ETTh2,1,1922,10561,0,263,29.150999069213867,32.70146942138672
ETTh2,1,1922,10561,0,264,33.172000885009766,31.722496032714844
ETTh2,1,1922,10561,0,265,27.81100082397461,32.855682373046875
ETTh2,1,1922,10561,0,266,30.743000030517578,31.894901275634766
ETTh2,1,1922,10561,0,267,31.2450008392334,32.11420440673828
ETTh2,1,1922,10561,0,268,30.1560001373291,32.16485595703125
ETTh2,1,1922,10561,0,269,32.75299835205078,31.777820587158203
ETTh2,1,1922,10561,0,270,31.077999114990234,33.01768493652344
ETTh2,1,1922,10561,0,271,26.386999130249023,31.912546157836914
ETTh2,1,1922,10561,0,272,35.01499938964844,33.01693344116211
ETTh2,1,1922,10561,0,273,30.323999404907227,33.82902908325195
ETTh2,1,1922,10561,0,274,33.757999420166016,35.245521545410156
ETTh2,1,1922,10561,0,275,34.26100158691406,35.38209915161133
ETTh2,1,1922,10561,0,276,30.90999984741211,35.802894592285156
ETTh2,1,1922,10561,0,277,26.2189998626709,35.801727294921875
ETTh2,1,1922,10561,0,278,33.0880012512207,34.85714340209961
ETTh2,1,1922,10561,0,279,36.689998626708984,36.14393615722656
ETTh2,1,1922,10561,0,280,35.93600082397461,38.33083724975586
ETTh2,1,1922,10561,0,281,38.617000579833984,36.35548782348633
ETTh2,1,1922,10561,0,282,38.86800003051758,35.75663757324219
ETTh2,1,1922,10561,0,283,36.43899917602539,35.881752014160156
ETTh2,1,1922,10561,0,284,39.202999114990234,35.15678787231445
ETTh2,1,1922,10561,0,285,36.606998443603516,36.16694641113281
ETTh2,1,1922,10561,0,286,31.832000732421875,33.71561050415039
ETTh2,1,1922,10561,0,287,28.481000900268555,33.218910217285156
ETTh2,1,1922,10561,0,288,31.32900047302246,32.68310546875
ETTh2,1,1922,10561,0,289,30.1560001373291,33.173221588134766
ETTh2,1,1922,10561,0,290,28.229999542236328,32.226139068603516
ETTh2,1,1922,10561,0,291,29.98900032043457,31.969640731811523
ETTh2,1,1922,10561,0,292,29.98900032043457,31.283519744873047
ETTh2,1,1922,10561,0,293,33.34000015258789,31.314697265625
ETTh2,1,1922,10561,0,294,33.0880012512207,33.58393478393555
ETTh2,1,1922,10561,0,295,28.062000274658203,33.30986404418945
ETTh2,1,1922,10561,0,296,32.50199890136719,34.03559112548828
ETTh2,1,1922,10561,0,297,32.75299835205078,34.48878860473633
ETTh2,1,1922,10561,0,298,36.77399826049805,33.965572357177734
ETTh2,1,1922,10561,0,299,35.60100173950195,36.129173278808594
ETTh2,1,1922,10561,0,300,37.361000061035156,36.27070236206055
ETTh2,1,1922,10561,0,301,36.43899917602539,36.16960906982422
ETTh2,1,1922,10561,0,302,36.27199935913086,37.25824737548828
ETTh2,1,1922,10561,0,303,37.862998962402344,37.48762512207031
ETTh2,1,1922,10561,0,304,40.79499816894531,36.6039924621582
ETTh2,1,1922,10561,0,305,40.125,37.36929702758789
ETTh2,1,1922,10561,0,306,39.119998931884766,37.08104705810547
ETTh2,1,1922,10561,0,307,36.94200134277344,36.67222213745117
ETTh2,1,1922,10561,0,308,36.1879997253418,35.62507629394531
ETTh2,1,1922,10561,0,309,37.77899932861328,36.47639846801758
ETTh2,1,1922,10561,0,310,33.34000015258789,34.45164108276367
ETTh2,1,1922,10561,0,311,35.60100173950195,34.51624298095703
ETTh2,1,1922,10561,0,312,33.172000885009766,33.91318893432617
ETTh2,1,1922,10561,0,313,32.417999267578125,32.754539489746094
ETTh2,1,1922,10561,0,314,33.50699996948242,32.20110321044922
ETTh2,1,1922,10561,0,315,32.50199890136719,33.148780822753906
ETTh2,1,1922,10561,0,316,33.34000015258789,32.88433837890625
ETTh2,1,1922,10561,0,317,23.20400047302246,33.3433837890625
ETTh2,1,1922,10561,0,318,34.59600067138672,33.066680908203125
ETTh2,1,1922,10561,0,319,29.905000686645508,33.518585205078125
ETTh2,1,1922,10561,0,320,32.92100143432617,34.60700607299805
ETTh2,1,1922,10561,0,321,28.73200035095215,34.209999084472656
ETTh2,1,1922,10561,0,322,30.575000762939453,36.073707580566406
ETTh2,1,1922,10561,0,323,33.42300033569336,35.288326263427734
ETTh2,1,1922,10561,0,324,34.42900085449219,37.095821380615234
ETTh2,1,1922,10561,0,325,29.402999877929688,37.015968322753906
ETTh2,1,1922,10561,0,326,32.33399963378906,38.52461624145508
ETTh2,1,1922,10561,0,327,35.433998107910156,37.090293884277344
ETTh2,1,1922,10561,0,328,36.858001708984375,36.743507385253906
ETTh2,1,1922,10561,0,329,38.70100021362305,37.210243225097656
ETTh2,1,1922,10561,0,330,37.444000244140625,36.226715087890625
ETTh2,1,1922,10561,0,331,31.16200065612793,36.892757415771484
ETTh2,1,1922,10561,0,332,36.27199935913086,36.62848663330078
ETTh2,1,1922,10561,0,333,32.250999450683594,35.45766830444336
ETTh2,1,1922,10561,0,334,34.09400177001953,34.26130676269531
ETTh2,1,1922,10561,0,335,29.65399932861328,34.471099853515625
ETTh2,1,1922,10561,0,336,31.077999114990234,34.26233673095703
ETTh2,1,1922,10561,0,337,28.73200035095215,33.00981903076172
ETTh2,1,1922,10561,0,338,30.1560001373291,32.643131256103516
ETTh2,1,1922,10561,0,339,29.65399932861328,33.03184127807617
ETTh2,1,1922,10561,0,340,28.565000534057617,32.124053955078125
ETTh2,1,1922,10561,0,341,30.575000762939453,32.2733268737793
ETTh2,1,1922,10561,0,342,26.30299949645996,33.33013916015625
ETTh2,1,1922,10561,0,343,27.225000381469727,33.59312057495117
ETTh2,1,1922,10561,0,344,29.98900032043457,34.525787353515625
ETTh2,1,1922,10561,0,345,23.538999557495117,35.197837829589844
ETTh2,1,1922,10561,0,346,26.63800048828125,34.889217376708984
ETTh2,1,1922,10561,0,347,20.69099998474121,36.41692352294922
ETTh2,1,1922,10561,0,348,22.95199966430664,37.56925964355469
ETTh2,1,1922,10561,0,349,24.878999710083008,36.84590148925781
ETTh2,1,1922,10561,0,350,28.39699935913086,37.756927490234375
ETTh2,1,1922,10561,0,351,29.150999069213867,38.407379150390625
ETTh2,1,1922,10561,0,352,31.16200065612793,37.3292236328125
ETTh2,1,1922,10561,0,353,30.82699966430664,38.881874084472656
ETTh2,1,1922,10561,0,354,27.726999282836914,37.487388610839844
ETTh2,1,1922,10561,0,355,25.548999786376953,37.35511016845703
ETTh2,1,1922,10561,0,356,28.899999618530273,36.43265151977539
ETTh2,1,1922,10561,0,357,27.979000091552734,35.23516845703125
ETTh2,1,1922,10561,0,358,27.05699920654297,34.96265411376953
ETTh2,1,1922,10561,0,359,24.628000259399414,34.3887825012207
ETTh2,1,1922,10561,0,360,26.386999130249023,34.29802322387695
ETTh2,1,1922,10561,0,361,25.214000701904297,32.959930419921875
ETTh2,1,1922,10561,0,362,23.874000549316406,33.21941375732422
ETTh2,1,1922,10561,0,363,25.801000595092773,31.465898513793945
ETTh2,1,1922,10561,0,364,22.450000762939453,32.67728042602539
ETTh2,1,1922,10561,0,365,25.047000885009766,32.618289947509766
ETTh2,1,1922,10561,0,366,28.73200035095215,32.4824333190918
ETTh2,1,1922,10561,0,367,24.628000259399414,33.270450592041016
ETTh2,1,1922,10561,0,368,22.198999404907227,33.927337646484375
ETTh2,1,1922,10561,0,369,24.96299934387207,34.2611083984375
ETTh2,1,1922,10561,0,370,27.726999282836914,34.943355560302734
ETTh2,1,1922,10561,0,371,25.047000885009766,35.60369873046875
ETTh2,1,1922,10561,0,372,24.375999450683594,35.88047409057617
ETTh2,1,1922,10561,0,373,24.795000076293945,36.88993453979492
ETTh2,1,1922,10561,0,374,25.884000778198242,37.51755142211914
ETTh2,1,1922,10561,0,375,26.2189998626709,37.3729248046875
ETTh2,1,1922,10561,0,376,30.575000762939453,38.040626525878906
ETTh2,1,1922,10561,0,377,30.743000030517578,37.8092155456543
ETTh2,1,1922,10561,0,378,28.229999542236328,37.38534164428711
ETTh2,1,1922,10561,0,379,29.235000610351562,36.874874114990234
ETTh2,1,1922,10561,0,380,28.39699935913086,35.93952178955078
ETTh2,1,1922,10561,0,381,25.716999053955078,35.65266036987305
ETTh2,1,1922,10561,0,382,27.308000564575195,35.08338165283203
ETTh2,1,1922,10561,0,383,26.47100067138672,34.71162796020508
ETTh2,1,1922,10561,0,384,26.386999130249023,34.230995178222656
ETTh2,1,1922,10561,0,385,23.538999557495117,33.25193405151367
ETTh2,1,1922,10561,0,386,25.46500015258789,32.67054748535156
ETTh2,1,1922,10561,0,387,27.05699920654297,33.5307502746582
ETTh2,1,1922,10561,0,388,24.375999450683594,32.9578742980957
ETTh2,1,1922,10561,0,389,33.25600051879883,33.07586669921875
ETTh2,1,1922,10561,0,390,34.763999938964844,33.631736755371094
ETTh2,1,1922,10561,0,391,26.30299949645996,33.37645721435547
ETTh2,1,1922,10561,0,392,32.75299835205078,33.05393981933594
ETTh2,1,1922,10561,0,393,29.820999145507812,34.466644287109375
ETTh2,1,1922,10561,0,394,32.83700180053711,34.05534362792969
ETTh2,1,1922,10561,0,395,31.58099937438965,35.83829879760742
ETTh2,1,1922,10561,0,396,31.16200065612793,36.37750244140625
ETTh2,1,1922,10561,0,397,28.39699935913086,36.444034576416016
ETTh2,1,1922,10561,0,398,30.1560001373291,36.288482666015625
ETTh2,1,1922,10561,0,399,31.74799919128418,37.504573822021484
ETTh2,1,1922,10561,0,400,30.993999481201172,38.229454040527344
ETTh2,1,1922,10561,0,401,34.345001220703125,37.372032165527344
ETTh2,1,1922,10561,0,402,35.85300064086914,36.68086242675781
ETTh2,1,1922,10561,0,403,35.60100173950195,36.463584899902344
ETTh2,1,1922,10561,0,404,33.92599868774414,36.2344856262207
ETTh2,1,1922,10561,0,405,36.02000045776367,35.547203063964844
ETTh2,1,1922,10561,0,406,32.75299835205078,34.147579193115234
ETTh2,1,1922,10561,0,407,33.0880012512207,33.89442443847656
ETTh2,1,1922,10561,0,408,31.58099937438965,33.598819732666016
ETTh2,1,1922,10561,0,409,30.659000396728516,32.348663330078125
ETTh2,1,1922,10561,0,410,29.402999877929688,32.626197814941406
ETTh2,1,1922,10561,0,411,24.96299934387207,32.799983978271484
ETTh2,1,1922,10561,0,412,31.077999114990234,32.848388671875
ETTh2,1,1922,10561,0,413,31.663997650146484,33.052162170410156
ETTh2,1,1922,10561,0,414,31.16200065612793,32.648841857910156
ETTh2,1,1922,10561,0,415,23.28700065612793,32.987674713134766
ETTh2,1,1922,10561,0,416,30.408000946044922,33.34914779663086
ETTh2,1,1922,10561,0,417,26.805999755859375,34.84619140625
ETTh2,1,1922,10561,0,418,33.42300033569336,34.17863845825195
ETTh2,1,1922,10561,0,419,34.0099983215332,35.98694610595703
ETTh2,1,1922,10561,0,420,33.757999420166016,36.074920654296875
ETTh2,1,1922,10561,0,421,30.90999984741211,36.002525329589844
ETTh2,1,1922,10561,0,422,33.757999420166016,36.121360778808594
ETTh2,1,1922,10561,0,423,34.09400177001953,37.937583923339844
ETTh2,1,1922,10561,0,424,35.76900100708008,36.71891403198242
ETTh2,1,1922,10561,0,425,36.35499954223633,36.630069732666016
ETTh2,1,1922,10561,0,426,34.763999938964844,37.158546447753906
ETTh2,1,1922,10561,0,427,34.176998138427734,35.95867919921875
ETTh2,1,1922,10561,0,428,34.930999755859375,35.33167266845703
ETTh2,1,1922,10561,0,429,35.18299865722656,34.98407745361328
ETTh2,1,1922,10561,0,430,30.743000030517578,33.85871505737305
ETTh2,1,1922,10561,0,431,30.408000946044922,33.768959045410156
ETTh2,1,1922,10561,0,432,28.229999542236328,33.792415618896484
ETTh2,1,1922,10561,0,433,29.402999877929688,32.497684478759766
ETTh2,1,1922,10561,0,434,24.041000366210938,32.0423698425293
ETTh2,1,1922,10561,0,435,27.895000457763672,31.824661254882812
ETTh2,1,1922,10561,0,436,28.145999908447266,32.43714904785156
ETTh2,1,1922,10561,0,437,28.229999542236328,31.450119018554688
ETTh2,1,1922,10561,0,438,26.386999130249023,32.168678283691406
ETTh2,1,1922,10561,0,439,24.292999267578125,32.942527770996094
ETTh2,1,1922,10561,0,440,28.062000274658203,33.242610931396484
ETTh2,1,1922,10561,0,441,26.052000045776367,33.325469970703125
ETTh2,1,1922,10561,0,442,33.005001068115234,33.55890655517578
ETTh2,1,1922,10561,0,443,30.492000579833984,35.17777633666992
ETTh2,1,1922,10561,0,444,31.74799919128418,35.01887130737305
ETTh2,1,1922,10561,0,445,27.979000091552734,35.47748565673828
ETTh2,1,1922,10561,0,446,31.496999740600586,36.66392517089844
ETTh2,1,1922,10561,0,447,32.83700180053711,36.83919143676758
ETTh2,1,1922,10561,0,448,32.92100143432617,36.37065505981445
ETTh2,1,1922,10561,0,449,36.1879997253418,37.71132278442383
ETTh2,1,1922,10561,0,450,30.575000762939453,36.28451156616211
ETTh2,1,1922,10561,0,451,33.42300033569336,36.442176818847656
ETTh2,1,1922,10561,0,452,36.52299880981445,35.76218032836914
ETTh2,1,1922,10561,0,453,34.0099983215332,35.14262390136719
ETTh2,1,1922,10561,0,454,29.319000244140625,34.674076080322266
ETTh2,1,1922,10561,0,455,24.375999450683594,32.45257568359375
ETTh2,1,1922,10561,0,456,28.229999542236328,33.22454071044922
ETTh2,1,1922,10561,0,457,26.972999572753906,31.436344146728516
ETTh2,1,1922,10561,0,458,29.150999069213867,32.05602264404297
ETTh2,1,1922,10561,0,459,28.062000274658203,30.95949935913086
ETTh2,1,1922,10561,0,460,24.878999710083008,32.18580627441406
ETTh2,1,1922,10561,0,461,28.81599998474121,32.677921295166016
ETTh2,1,1922,10561,0,462,28.062000274658203,32.34103012084961
ETTh2,1,1922,10561,0,463,22.868999481201172,31.147789001464844
ETTh2,1,1922,10561,0,464,29.402999877929688,32.510887145996094
ETTh2,1,1922,10561,0,465,26.30299949645996,33.68790054321289
ETTh2,1,1922,10561,0,466,27.726999282836914,34.78802490234375
ETTh2,1,1922,10561,0,467,21.780000686645508,34.74855041503906
ETTh2,1,1922,10561,0,468,24.96299934387207,35.751731872558594
ETTh2,1,1922,10561,0,469,22.365999221801758,35.608184814453125
ETTh2,1,1922,10561,0,470,27.05699920654297,36.251792907714844
ETTh2,1,1922,10561,0,471,30.1560001373291,35.58832550048828
ETTh2,1,1922,10561,0,472,32.16699981689453,36.981407165527344
ETTh2,1,1922,10561,0,473,34.84700012207031,36.29716110229492
ETTh2,1,1922,10561,0,474,34.0099983215332,36.01062774658203
ETTh2,1,1922,10561,0,475,29.98900032043457,34.52080154418945
ETTh2,1,1922,10561,0,476,31.74799919128418,34.690185546875
ETTh2,1,1922,10561,0,477,29.486000061035156,34.25157165527344
ETTh2,1,1922,10561,0,478,29.905000686645508,33.862152099609375
ETTh2,1,1922,10561,0,479,27.559999465942383,32.793827056884766
ETTh2,1,1922,10561,0,480,26.722000122070312,32.73478698730469
ETTh2,1,1922,10561,0,481,24.54400062561035,32.064857482910156
ETTh2,1,1922,10561,0,482,25.548999786376953,32.0842399597168
ETTh2,1,1922,10561,0,483,27.47599983215332,31.902667999267578
ETTh2,1,1922,10561,0,484,24.96299934387207,32.03716278076172
ETTh2,1,1922,10561,0,485,28.062000274658203,31.01212501525879
ETTh2,1,1922,10561,0,486,24.54400062561035,31.849199295043945
ETTh2,1,1922,10561,0,487,21.780000686645508,31.76727294921875
ETTh2,1,1922,10561,0,488,26.889999389648438,31.996036529541016
ETTh2,1,1922,10561,0,489,25.884000778198242,33.10904312133789
ETTh2,1,1922,10561,0,490,29.319000244140625,33.01240158081055
ETTh2,1,1922,10561,0,491,28.899999618530273,33.75265884399414
ETTh2,1,1922,10561,0,492,24.96299934387207,36.26985168457031
ETTh2,1,1922,10561,0,493,24.208999633789062,35.781002044677734
ETTh2,1,1922,10561,0,494,26.972999572753906,35.82255172729492
ETTh2,1,1922,10561,0,495,25.884000778198242,36.504642486572266
ETTh2,1,1922,10561,0,496,24.208999633789062,36.92837142944336
ETTh2,1,1922,10561,0,497,29.235000610351562,36.39501953125
ETTh2,1,1922,10561,0,498,22.198999404907227,36.49324035644531
ETTh2,1,1922,10561,0,499,24.711999893188477,34.92638397216797
ETTh2,1,1922,10561,0,500,25.548999786376953,35.64864730834961
ETTh2,1,1922,10561,0,501,27.392000198364258,34.42423629760742
ETTh2,1,1922,10561,0,502,23.790000915527344,33.91952896118164
ETTh2,1,1922,10561,0,503,21.361000061035156,33.134098052978516
ETTh2,1,1922,10561,0,504,19.350000381469727,31.902172088623047
ETTh2,1,1922,10561,0,505,18.59600067138672,31.331127166748047
ETTh2,1,1922,10561,0,506,21.025999069213867,30.54784393310547
ETTh2,1,1922,10561,0,507,23.538999557495117,30.297889709472656
ETTh2,1,1922,10561,0,508,20.020999908447266,30.92322540283203
ETTh2,1,1922,10561,0,509,25.548999786376953,30.22963523864746
ETTh2,1,1922,10561,0,510,25.716999053955078,30.680578231811523
ETTh2,1,1922,10561,0,511,22.701000213623047,30.61256217956543
ETTh2,1,1922,10561,0,512,27.895000457763672,32.780723571777344
ETTh2,1,1922,10561,0,513,33.0880012512207,32.44931411743164
ETTh2,1,1922,10561,0,514,33.50699996948242,33.86338806152344
ETTh2,1,1922,10561,0,515,28.145999908447266,33.92206954956055
ETTh2,1,1922,10561,0,516,31.916000366210938,35.30671691894531
ETTh2,1,1922,10561,0,517,31.663997650146484,35.17230987548828
ETTh2,1,1922,10561,0,518,32.58599853515625,36.964317321777344
ETTh2,1,1922,10561,0,519,26.972999572753906,36.70539093017578
ETTh2,1,1922,10561,0,520,33.92599868774414,36.79661560058594
ETTh2,1,1922,10561,0,521,34.68000030517578,35.83286666870117
ETTh2,1,1922,10561,0,522,30.82699966430664,36.52927017211914
ETTh2,1,1922,10561,0,523,33.50699996948242,35.94427490234375
ETTh2,1,1922,10561,0,524,32.66999816894531,35.309391021728516
ETTh2,1,1922,10561,0,525,33.92599868774414,34.07736587524414
ETTh2,1,1922,10561,0,526,31.999000549316406,33.59854507446289
ETTh2,1,1922,10561,0,527,30.743000030517578,32.21674346923828
ETTh2,1,1922,10561,0,528,29.820999145507812,31.868165969848633
ETTh2,1,1922,10561,0,529,30.82699966430664,32.580352783203125
ETTh2,1,1922,10561,0,530,28.062000274658203,31.187458038330078
ETTh2,1,1922,10561,0,531,27.895000457763672,30.4593563079834
ETTh2,1,1922,10561,0,532,27.225000381469727,31.012367248535156
ETTh2,1,1922,10561,0,533,30.575000762939453,30.827579498291016
ETTh2,1,1922,10561,0,534,29.905000686645508,31.82080841064453
ETTh2,1,1922,10561,0,535,28.565000534057617,32.8724365234375
ETTh2,1,1922,10561,0,536,29.319000244140625,31.4036922454834
ETTh2,1,1922,10561,0,537,32.66999816894531,33.319679260253906
ETTh2,1,1922,10561,0,538,34.930999755859375,33.98992156982422
ETTh2,1,1922,10561,0,539,31.2450008392334,34.31332015991211
ETTh2,1,1922,10561,0,540,33.34000015258789,35.00718688964844
ETTh2,1,1922,10561,0,541,28.481000900268555,34.83015441894531
ETTh2,1,1922,10561,0,542,33.67499923706055,35.77490234375
ETTh2,1,1922,10561,0,543,35.85300064086914,35.36872482299805
ETTh2,1,1922,10561,0,544,32.83700180053711,36.058712005615234
ETTh2,1,1922,10561,0,545,34.345001220703125,35.65032196044922
ETTh2,1,1922,10561,0,546,34.26100158691406,35.76310729980469
ETTh2,1,1922,10561,0,547,32.83700180053711,36.064109802246094
ETTh2,1,1922,10561,0,548,36.35499954223633,34.39476013183594
ETTh2,1,1922,10561,0,549,31.496999740600586,34.46310806274414
ETTh2,1,1922,10561,0,550,33.67499923706055,33.92097473144531
ETTh2,1,1922,10561,0,551,32.417999267578125,32.63376998901367
ETTh2,1,1922,10561,0,552,29.066999435424805,31.535736083984375
ETTh2,1,1922,10561,0,553,30.492000579833984,32.338157653808594
ETTh2,1,1922,10561,0,554,29.402999877929688,31.93283462524414
ETTh2,1,1922,10561,0,555,28.899999618530273,31.49870491027832
ETTh2,1,1922,10561,0,556,30.743000030517578,31.362018585205078
ETTh2,1,1922,10561,0,557,29.905000686645508,31.911787033081055
ETTh2,1,1922,10561,0,558,33.590999603271484,30.44072914123535
ETTh2,1,1922,10561,0,559,27.726999282836914,32.48646926879883
ETTh2,1,1922,10561,0,560,32.50199890136719,33.50484848022461
ETTh2,1,1922,10561,0,561,35.349998474121094,33.42033004760742
ETTh2,1,1922,10561,0,562,36.35499954223633,33.75889205932617
ETTh2,1,1922,10561,0,563,28.145999908447266,35.72889709472656
ETTh2,1,1922,10561,0,564,29.150999069213867,35.121315002441406
ETTh2,1,1922,10561,0,565,31.077999114990234,34.49272918701172
ETTh2,1,1922,10561,0,566,34.512001037597656,36.34557342529297
ETTh2,1,1922,10561,0,567,34.345001220703125,36.52268600463867
ETTh2,1,1922,10561,0,568,35.518001556396484,36.0263786315918
ETTh2,1,1922,10561,0,569,37.19300079345703,35.828426361083984
ETTh2,1,1922,10561,0,570,34.09400177001953,36.303672790527344
ETTh2,1,1922,10561,0,571,33.34000015258789,34.79711151123047
ETTh2,1,1922,10561,0,572,36.858001708984375,34.30321502685547
ETTh2,1,1922,10561,0,573,39.37099838256836,33.74782943725586
ETTh2,1,1922,10561,0,574,27.308000564575195,33.34274673461914
ETTh2,1,1922,10561,0,575,33.172000885009766,33.0944938659668
ETTh2,1,1922,10561,0,576,22.450000762939453,31.674121856689453
ETTh2,1,1922,10561,0,577,30.90999984741211,31.93380355834961
ETTh2,1,1922,10561,0,578,32.50199890136719,31.758216857910156
ETTh2,1,1922,10561,0,579,27.81100082397461,31.708534240722656
ETTh2,1,1922,10561,0,580,30.993999481201172,31.232778549194336
ETTh2,1,1922,10561,0,581,28.565000534057617,32.34450912475586
ETTh2,1,1922,10561,0,582,32.417999267578125,31.92278289794922
ETTh2,1,1922,10561,0,583,28.31399917602539,32.73434829711914
ETTh2,1,1922,10561,0,584,30.993999481201172,32.61615753173828
ETTh2,1,1922,10561,0,585,33.172000885009766,34.74055480957031
ETTh2,1,1922,10561,0,586,35.349998474121094,35.061187744140625
ETTh2,1,1922,10561,0,587,34.763999938964844,34.8316535949707
ETTh2,1,1922,10561,0,588,34.763999938964844,34.77067184448242
ETTh2,1,1922,10561,0,589,35.18299865722656,36.2317008972168
ETTh2,1,1922,10561,0,590,34.42900085449219,35.700927734375
ETTh2,1,1922,10561,0,591,36.689998626708984,34.726661682128906
ETTh2,1,1922,10561,0,592,37.444000244140625,36.92013931274414
ETTh2,1,1922,10561,0,593,37.444000244140625,37.04808807373047
ETTh2,1,1922,10561,0,594,29.066999435424805,35.276466369628906
ETTh2,1,1922,10561,0,595,32.92100143432617,34.65882110595703
ETTh2,1,1922,10561,0,596,36.35499954223633,34.72763442993164
ETTh2,1,1922,10561,0,597,28.062000274658203,33.5461540222168
ETTh2,1,1922,10561,0,598,31.32900047302246,33.06511688232422
ETTh2,1,1922,10561,0,599,32.92100143432617,33.70134735107422
ETTh2,1,1922,10561,0,600,32.75299835205078,32.46473693847656
ETTh2,1,1922,10561,0,601,31.077999114990234,31.758941650390625
ETTh2,1,1922,10561,0,602,31.999000549316406,32.003597259521484
ETTh2,1,1922,10561,0,603,32.58599853515625,32.06024169921875
ETTh2,1,1922,10561,0,604,32.16699981689453,32.586883544921875
ETTh2,1,1922,10561,0,605,32.66999816894531,33.27540588378906
ETTh2,1,1922,10561,0,606,25.29800033569336,32.193359375
ETTh2,1,1922,10561,0,607,27.47599983215332,33.8746337890625
ETTh2,1,1922,10561,0,608,33.84199905395508,34.428218841552734
ETTh2,1,1922,10561,0,609,32.16699981689453,34.4477653503418
ETTh2,1,1922,10561,0,610,36.35499954223633,34.842857360839844
ETTh2,1,1922,10561,0,611,35.76900100708008,35.86195755004883
ETTh2,1,1922,10561,0,612,33.42300033569336,34.88201141357422
ETTh2,1,1922,10561,0,613,34.0099983215332,35.89844512939453
ETTh2,1,1922,10561,0,614,33.92599868774414,35.59870147705078
ETTh2,1,1922,10561,0,615,37.361000061035156,36.85733413696289
ETTh2,1,1922,10561,0,616,38.44900131225586,36.60319137573242
ETTh2,1,1922,10561,0,617,40.125,36.33102035522461
ETTh2,1,1922,10561,0,618,32.83700180053711,34.94102478027344
ETTh2,1,1922,10561,0,619,41.130001068115234,35.78981018066406
ETTh2,1,1922,10561,0,620,39.202999114990234,35.246116638183594
ETTh2,1,1922,10561,0,621,38.36600112915039,34.15622329711914
ETTh2,1,1922,10561,0,622,37.444000244140625,33.65769958496094
ETTh2,1,1922,10561,0,623,34.26100158691406,32.607826232910156
ETTh2,1,1922,10561,0,624,30.659000396728516,32.8184814453125
ETTh2,1,1922,10561,0,625,27.225000381469727,32.533790588378906
ETTh2,1,1922,10561,0,626,32.66999816894531,32.73892593383789
ETTh2,1,1922,10561,0,627,31.32900047302246,33.26803207397461
ETTh2,1,1922,10561,0,628,32.75299835205078,32.55665969848633
ETTh2,1,1922,10561,0,629,34.42900085449219,33.23186492919922
ETTh2,1,1922,10561,0,630,30.575000762939453,32.63066101074219
ETTh2,1,1922,10561,0,631,33.005001068115234,33.55339813232422
ETTh2,1,1922,10561,0,632,35.433998107910156,33.81301498413086
ETTh2,1,1922,10561,0,633,26.722000122070312,34.36967086791992
ETTh2,1,1922,10561,0,634,30.82699966430664,35.01811981201172
ETTh2,1,1922,10561,0,635,26.972999572753906,36.03065872192383
ETTh2,1,1922,10561,0,636,28.31399917602539,34.623443603515625
ETTh2,1,1922,10561,0,637,36.606998443603516,35.94011688232422
ETTh2,1,1922,10561,0,638,34.59600067138672,35.30083465576172
ETTh2,1,1922,10561,0,639,33.92599868774414,35.972137451171875
ETTh2,1,1922,10561,0,640,35.01499938964844,36.707275390625
ETTh2,1,1922,10561,0,641,37.19300079345703,35.43756866455078
ETTh2,1,1922,10561,0,642,34.68000030517578,36.921241760253906
ETTh2,1,1922,10561,0,643,30.82699966430664,35.734825134277344
ETTh2,1,1922,10561,0,644,31.413000106811523,35.643882751464844
ETTh2,1,1922,10561,0,645,36.1879997253418,33.546791076660156
ETTh2,1,1922,10561,0,646,33.25600051879883,33.61616516113281
ETTh2,1,1922,10561,0,647,33.172000885009766,33.934513092041016
ETTh2,1,1922,10561,0,648,29.820999145507812,32.455841064453125
ETTh2,1,1922,10561,0,649,29.402999877929688,32.30193328857422
ETTh2,1,1922,10561,0,650,33.42300033569336,33.230899810791016
ETTh2,1,1922,10561,0,651,25.1299991607666,33.477325439453125
ETTh2,1,1922,10561,0,652,31.58099937438965,31.518463134765625
ETTh2,1,1922,10561,0,653,34.0099983215332,33.077842712402344
ETTh2,1,1922,10561,0,654,35.433998107910156,33.185462951660156
ETTh2,1,1922,10561,0,655,27.726999282836914,33.88905715942383
ETTh2,1,1922,10561,0,656,32.50199890136719,32.67148208618164
ETTh2,1,1922,10561,0,657,30.492000579833984,33.92127990722656
ETTh2,1,1922,10561,0,658,30.239999771118164,34.76530456542969
ETTh2,1,1922,10561,0,659,31.74799919128418,33.03455352783203
ETTh2,1,1922,10561,0,660,28.983999252319336,34.47528839111328
ETTh2,1,1922,10561,0,661,24.96299934387207,35.66412353515625
ETTh2,1,1922,10561,0,662,30.239999771118164,35.529666900634766
ETTh2,1,1922,10561,0,663,33.42300033569336,36.959678649902344
ETTh2,1,1922,10561,0,664,35.85300064086914,36.07719802856445
ETTh2,1,1922,10561,0,665,37.10900115966797,36.128692626953125
ETTh2,1,1922,10561,0,666,31.832000732421875,34.66450500488281
ETTh2,1,1922,10561,0,667,34.345001220703125,36.066070556640625
ETTh2,1,1922,10561,0,668,35.85300064086914,35.49289321899414
ETTh2,1,1922,10561,0,669,32.58599853515625,34.79373550415039
ETTh2,1,1922,10561,0,670,29.486000061035156,33.901058197021484
ETTh2,1,1922,10561,0,671,27.05699920654297,32.3967170715332
ETTh2,1,1922,10561,0,672,26.30299949645996,32.978858947753906
ETTh2,1,1922,10561,0,673,26.386999130249023,33.66350555419922
ETTh2,1,1922,10561,0,674,27.726999282836914,31.981075286865234
ETTh2,1,1922,10561,0,675,24.628000259399414,32.733680725097656
ETTh2,1,1922,10561,0,676,27.225000381469727,33.572776794433594
ETTh2,1,1922,10561,0,677,22.114999771118164,31.822776794433594
ETTh2,1,1922,10561,0,678,29.319000244140625,32.37723159790039
ETTh2,1,1922,10561,0,679,26.30299949645996,33.531951904296875
ETTh2,1,1922,10561,0,680,32.08300018310547,33.92875671386719
ETTh2,1,1922,10561,0,681,29.235000610351562,34.919532775878906
ETTh2,1,1922,10561,0,682,30.743000030517578,35.27908706665039
ETTh2,1,1922,10561,0,683,29.905000686645508,35.80421829223633
ETTh2,1,1922,10561,0,684,30.323999404907227,36.14096450805664
ETTh2,1,1922,10561,0,685,28.229999542236328,35.09938430786133
ETTh2,1,1922,10561,0,686,28.899999618530273,35.5670166015625
ETTh2,1,1922,10561,0,687,31.16200065612793,36.38349151611328
ETTh2,1,1922,10561,0,688,31.2450008392334,34.95166015625
ETTh2,1,1922,10561,0,689,32.66999816894531,34.79586410522461
ETTh2,1,1922,10561,0,690,30.993999481201172,35.294559478759766
ETTh2,1,1922,10561,0,691,30.323999404907227,35.52727508544922
ETTh2,1,1922,10561,0,692,30.90999984741211,34.22897720336914
ETTh2,1,1922,10561,0,693,31.832000732421875,35.917564392089844
ETTh2,1,1922,10561,0,694,31.663997650146484,34.604923248291016
ETTh2,1,1922,10561,0,695,26.889999389648438,34.40715789794922
ETTh2,1,1922,10561,0,696,22.114999771118164,33.3725471496582
ETTh2,1,1922,10561,0,697,23.28700065612793,33.20401382446289
ETTh2,1,1922,10561,0,698,20.187999725341797,33.41754913330078
ETTh2,1,1922,10561,0,699,23.70599937438965,32.401451110839844
ETTh2,1,1922,10561,0,700,22.450000762939453,33.58054733276367
ETTh2,1,1922,10561,0,701,25.381999969482422,33.15937042236328
ETTh2,1,1922,10561,0,702,25.801000595092773,31.90326690673828
ETTh2,1,1922,10561,0,703,22.617000579833984,33.368099212646484
ETTh2,1,1922,10561,0,704,28.899999618530273,32.42475509643555
ETTh2,1,1922,10561,0,705,22.95199966430664,33.61709976196289
ETTh2,1,1922,10561,0,706,23.790000915527344,34.770477294921875
ETTh2,1,1922,10561,0,707,21.695999145507812,34.84897994995117
ETTh2,1,1922,10561,0,708,29.150999069213867,35.123321533203125
ETTh2,1,1922,10561,0,709,26.386999130249023,33.607120513916016
ETTh2,1,1922,10561,0,710,30.659000396728516,35.72867202758789
ETTh2,1,1922,10561,0,711,30.575000762939453,34.57792663574219
ETTh2,1,1922,10561,0,712,31.916000366210938,35.179786682128906
ETTh2,1,1922,10561,0,713,34.09400177001953,35.76023864746094
ETTh2,1,1922,10561,0,714,32.33399963378906,36.69614791870117
ETTh2,1,1922,10561,0,715,34.68000030517578,34.55361557006836
ETTh2,1,1922,10561,0,716,33.67499923706055,35.10783004760742
ETTh2,1,1922,10561,0,717,36.52299880981445,34.25904846191406
ETTh2,1,1922,10561,0,718,30.1560001373291,32.54018020629883
ETTh2,1,1922,10561,0,719,31.077999114990234,34.493350982666016
ETTh2,1,1922,10561,0,720,29.402999877929688,34.016021728515625
ETTh2,2,519,9158,0,1,48.66899871826172,45.170162200927734
ETTh2,2,519,9158,0,2,47.1609992980957,47.24467468261719
ETTh2,2,519,9158,0,3,49.757999420166016,46.99519348144531
ETTh2,2,519,9158,0,4,46.49100112915039,46.306400299072266
ETTh2,2,519,9158,0,5,40.04100036621094,45.241798400878906
ETTh2,2,519,9158,0,6,49.0880012512207,45.579017639160156
ETTh2,2,519,9158,0,7,50.428001403808594,45.72287368774414
ETTh2,2,519,9158,0,8,50.345001220703125,45.046302795410156
ETTh2,2,519,9158,0,9,47.49599838256836,43.86659622192383
ETTh2,2,519,9158,0,10,47.41299819946289,42.00114059448242
ETTh2,2,519,9158,0,11,41.96799850463867,38.99840545654297
ETTh2,2,519,9158,0,12,42.21900177001953,39.55973815917969
ETTh2,2,519,9158,0,13,40.71099853515625,39.73671340942383
ETTh2,2,519,9158,0,14,38.86800003051758,37.00885009765625
ETTh2,2,519,9158,0,15,38.86800003051758,39.801300048828125
ETTh2,2,519,9158,0,16,37.52799987792969,39.86012649536133
ETTh2,2,519,9158,0,17,39.53799819946289,39.73832702636719
ETTh2,2,519,9158,0,18,34.59600067138672,39.619476318359375
ETTh2,2,519,9158,0,19,37.277000427246094,39.356327056884766
ETTh2,2,519,9158,0,20,39.874000549316406,39.39769744873047
ETTh2,2,519,9158,0,21,40.29199981689453,41.655372619628906
ETTh2,2,519,9158,0,22,40.71099853515625,43.44737243652344
ETTh2,2,519,9158,0,23,44.900001525878906,43.7661018371582
ETTh2,2,519,9158,0,24,49.3390007019043,43.89284133911133
ETTh2,2,519,9158,0,25,50.68000030517578,46.1635856628418
ETTh2,2,519,9158,0,26,48.50199890136719,46.80697250366211
ETTh2,2,519,9158,0,27,47.244998931884766,45.39338302612305
ETTh2,2,519,9158,0,28,47.49599838256836,46.411006927490234
ETTh2,2,519,9158,0,29,46.57500076293945,44.86455535888672
ETTh2,2,519,9158,0,30,47.915000915527344,45.09537887573242
ETTh2,2,519,9158,0,31,53.946998596191406,44.839111328125
ETTh2,2,519,9158,0,32,49.92599868774414,44.58327102661133
ETTh2,2,519,9158,0,33,46.90999984741211,43.59991455078125
ETTh2,2,519,9158,0,34,43.30799865722656,42.59657287597656
ETTh2,2,519,9158,0,35,36.35499954223633,40.977970123291016
ETTh2,2,519,9158,0,36,34.345001220703125,39.79694366455078
ETTh2,2,519,9158,0,37,33.757999420166016,39.42713928222656
ETTh2,2,519,9158,0,38,33.0880012512207,38.46395492553711
ETTh2,2,519,9158,0,39,34.512001037597656,37.484771728515625
ETTh2,2,519,9158,0,40,37.69599914550781,37.35866928100586
ETTh2,2,519,9158,0,41,34.930999755859375,38.076419830322266
ETTh2,2,519,9158,0,42,34.84700012207031,39.91841506958008
ETTh2,2,519,9158,0,43,40.87900161743164,38.934566497802734
ETTh2,2,519,9158,0,44,41.96799850463867,40.181556701660156
ETTh2,2,519,9158,0,45,37.52799987792969,42.3065071105957
ETTh2,2,519,9158,0,46,38.617000579833984,42.1609992980957
ETTh2,2,519,9158,0,47,48.417999267578125,43.41082763671875
ETTh2,2,519,9158,0,48,42.972999572753906,44.548892974853516
ETTh2,2,519,9158,0,49,42.888999938964844,43.68806076049805
ETTh2,2,519,9158,0,50,42.051998138427734,44.59291458129883
ETTh2,2,519,9158,0,51,44.564998626708984,45.82542037963867
ETTh2,2,519,9158,0,52,41.79999923706055,45.15501403808594
ETTh2,2,519,9158,0,53,41.38100051879883,44.02164077758789
ETTh2,2,519,9158,0,54,45.486000061035156,44.21520233154297
ETTh2,2,519,9158,0,55,49.3390007019043,43.18169021606445
ETTh2,2,519,9158,0,56,49.3390007019043,41.8243293762207
ETTh2,2,519,9158,0,57,44.731998443603516,43.009925842285156
ETTh2,2,519,9158,0,58,40.54399871826172,40.136322021484375
ETTh2,2,519,9158,0,59,43.81100082397461,40.44303512573242
ETTh2,2,519,9158,0,60,38.198001861572266,38.370079040527344
ETTh2,2,519,9158,0,61,36.77399826049805,39.0181770324707
ETTh2,2,519,9158,0,62,37.862998962402344,37.799774169921875
ETTh2,2,519,9158,0,63,38.617000579833984,37.98601150512695
ETTh2,2,519,9158,0,64,35.60100173950195,37.109642028808594
ETTh2,2,519,9158,0,65,35.433998107910156,38.52089309692383
ETTh2,2,519,9158,0,66,35.685001373291016,37.89216613769531
ETTh2,2,519,9158,0,67,39.45500183105469,40.103511810302734
ETTh2,2,519,9158,0,68,40.54399871826172,40.40952682495117
ETTh2,2,519,9158,0,69,42.888999938964844,42.12744903564453
ETTh2,2,519,9158,0,70,42.1349983215332,41.25064468383789
ETTh2,2,519,9158,0,71,40.9630012512207,41.613861083984375
ETTh2,2,519,9158,0,72,44.64799880981445,43.96183395385742
ETTh2,2,519,9158,0,73,45.1510009765625,45.15039825439453
ETTh2,2,519,9158,0,74,44.39699935913086,44.91445541381836
ETTh2,2,519,9158,0,75,46.15599822998047,45.847442626953125
ETTh2,2,519,9158,0,76,41.79999923706055,45.77352523803711
ETTh2,2,519,9158,0,77,42.387001037597656,44.14776611328125
ETTh2,2,519,9158,0,78,42.051998138427734,44.53060531616211
ETTh2,2,519,9158,0,79,48.33399963378906,42.69091033935547
ETTh2,2,519,9158,0,80,46.15599822998047,44.155242919921875
ETTh2,2,519,9158,0,81,46.071998596191406,43.60562515258789
ETTh2,2,519,9158,0,82,41.54899978637695,41.867042541503906
ETTh2,2,519,9158,0,83,39.874000549316406,39.81879425048828
ETTh2,2,519,9158,0,84,41.715999603271484,40.73250198364258
ETTh2,2,519,9158,0,85,38.78499984741211,39.38468933105469
ETTh2,2,519,9158,0,86,37.277000427246094,37.826995849609375
ETTh2,2,519,9158,0,87,29.486000061035156,37.82229232788086
ETTh2,2,519,9158,0,88,35.518001556396484,38.60433578491211
ETTh2,2,519,9158,0,89,34.59600067138672,38.71862030029297
ETTh2,2,519,9158,0,90,41.88399887084961,38.572879791259766
ETTh2,2,519,9158,0,91,52.43899917602539,41.75433349609375
ETTh2,2,519,9158,0,92,55.957000732421875,42.028724670410156
ETTh2,2,519,9158,0,93,39.790000915527344,42.221923828125
ETTh2,2,519,9158,0,94,51.433998107910156,41.48774719238281
ETTh2,2,519,9158,0,95,34.09400177001953,43.76013946533203
ETTh2,2,519,9158,0,96,36.689998626708984,44.37425231933594
ETTh2,2,519,9158,0,97,33.25600051879883,44.82867431640625
ETTh2,2,519,9158,0,98,35.685001373291016,45.681053161621094
ETTh2,2,519,9158,0,99,36.35499954223633,45.04328536987305
ETTh2,2,519,9158,0,100,34.930999755859375,45.717864990234375
ETTh2,2,519,9158,0,101,49.25600051879883,43.984344482421875
ETTh2,2,519,9158,0,102,46.2400016784668,45.20781326293945
ETTh2,2,519,9158,0,103,48.25,44.34337615966797
ETTh2,2,519,9158,0,104,51.685001373291016,42.9121208190918
ETTh2,2,519,9158,0,105,46.82600021362305,41.200775146484375
ETTh2,2,519,9158,0,106,44.900001525878906,42.44674301147461
ETTh2,2,519,9158,0,107,39.957000732421875,39.55540084838867
ETTh2,2,519,9158,0,108,36.02000045776367,40.3100700378418
ETTh2,2,519,9158,0,109,38.28200149536133,38.41270446777344
ETTh2,2,519,9158,0,110,37.10900115966797,37.95927810668945
ETTh2,2,519,9158,0,111,39.790000915527344,38.69292449951172
ETTh2,2,519,9158,0,112,35.85300064086914,39.4284782409668
ETTh2,2,519,9158,0,113,32.250999450683594,39.43009567260742
ETTh2,2,519,9158,0,114,33.172000885009766,39.32897186279297
ETTh2,2,519,9158,0,115,40.20899963378906,40.87501525878906
ETTh2,2,519,9158,0,116,45.23500061035156,40.7165412902832
ETTh2,2,519,9158,0,117,45.31800079345703,39.7451171875
ETTh2,2,519,9158,0,118,45.56999969482422,42.73309326171875
ETTh2,2,519,9158,0,119,43.81100082397461,44.0780143737793
ETTh2,2,519,9158,0,120,45.73699951171875,43.543785095214844
ETTh2,2,519,9158,0,121,47.1609992980957,44.41514587402344
ETTh2,2,519,9158,0,122,46.90999984741211,45.38472366333008
ETTh2,2,519,9158,0,123,47.077999114990234,46.736793518066406
ETTh2,2,519,9158,0,124,42.051998138427734,45.306312561035156
ETTh2,2,519,9158,0,125,44.64799880981445,45.83039855957031
ETTh2,2,519,9158,0,126,47.832000732421875,45.22995376586914
ETTh2,2,519,9158,0,127,49.92599868774414,44.32756042480469
ETTh2,2,519,9158,0,128,44.39699935913086,43.08477783203125
ETTh2,2,519,9158,0,129,45.904998779296875,43.380001068115234
ETTh2,2,519,9158,0,130,43.30799865722656,41.582027435302734
ETTh2,2,519,9158,0,131,40.29199981689453,39.67596435546875
ETTh2,2,519,9158,0,132,41.79999923706055,39.041812896728516
ETTh2,2,519,9158,0,133,39.37099838256836,39.727359771728516
ETTh2,2,519,9158,0,134,32.50199890136719,37.96711730957031
ETTh2,2,519,9158,0,135,36.77399826049805,38.12998580932617
ETTh2,2,519,9158,0,136,37.52799987792969,37.75904846191406
ETTh2,2,519,9158,0,137,35.0989990234375,38.441429138183594
ETTh2,2,519,9158,0,138,35.0989990234375,40.00984191894531
ETTh2,2,519,9158,0,139,40.79499816894531,38.75154113769531
ETTh2,2,519,9158,0,140,43.89400100708008,41.07506561279297
ETTh2,2,519,9158,0,141,46.659000396728516,41.23721694946289
ETTh2,2,519,9158,0,142,48.16699981689453,42.08061981201172
ETTh2,2,519,9158,0,143,50.00899887084961,41.97166061401367
ETTh2,2,519,9158,0,144,47.74800109863281,42.94027328491211
ETTh2,2,519,9158,0,145,48.83700180053711,43.74345397949219
ETTh2,2,519,9158,0,146,47.41299819946289,45.060638427734375
ETTh2,2,519,9158,0,147,46.49100112915039,44.33919906616211
ETTh2,2,519,9158,0,148,43.30799865722656,45.89862823486328
ETTh2,2,519,9158,0,149,43.97800064086914,44.25053787231445
ETTh2,2,519,9158,0,150,48.08300018310547,43.69806671142578
ETTh2,2,519,9158,0,151,46.49100112915039,42.309478759765625
ETTh2,2,519,9158,0,152,46.15599822998047,42.46987533569336
ETTh2,2,519,9158,0,153,47.58000183105469,42.0811882019043
ETTh2,2,519,9158,0,154,43.558998107910156,39.78030776977539
ETTh2,2,519,9158,0,155,41.130001068115234,39.9701042175293
ETTh2,2,519,9158,0,156,40.20899963378906,39.22576904296875
ETTh2,2,519,9158,0,157,36.27199935913086,37.55623245239258
ETTh2,2,519,9158,0,158,36.689998626708984,38.191436767578125
ETTh2,2,519,9158,0,159,34.84700012207031,37.400020599365234
ETTh2,2,519,9158,0,160,36.689998626708984,38.26366424560547
ETTh2,2,519,9158,0,161,35.433998107910156,37.46687698364258
ETTh2,2,519,9158,0,162,33.590999603271484,38.159358978271484
ETTh2,2,519,9158,0,163,41.04600143432617,37.46689987182617
ETTh2,2,519,9158,0,164,41.632999420166016,38.2944450378418
ETTh2,2,519,9158,0,165,43.2239990234375,39.82710647583008
ETTh2,2,519,9158,0,166,43.72700119018555,42.08626174926758
ETTh2,2,519,9158,0,167,47.32899856567383,43.242034912109375
ETTh2,2,519,9158,0,168,47.66400146484375,43.65863037109375
ETTh2,2,519,9158,0,169,45.904998779296875,45.25251388549805
ETTh2,2,519,9158,0,170,45.82099914550781,45.23051834106445
ETTh2,2,519,9158,0,171,45.23500061035156,44.17438507080078
ETTh2,2,519,9158,0,172,43.89400100708008,46.07062911987305
ETTh2,2,519,9158,0,173,44.145999908447266,44.13117980957031
ETTh2,2,519,9158,0,174,45.402000427246094,44.90571212768555
ETTh2,2,519,9158,0,175,46.90999984741211,41.87975311279297
ETTh2,2,519,9158,0,176,50.428001403808594,40.877506256103516
ETTh2,2,519,9158,0,177,45.73699951171875,41.83002471923828
ETTh2,2,519,9158,0,178,44.64799880981445,40.986732482910156
ETTh2,2,519,9158,0,179,37.862998962402344,39.160255432128906
ETTh2,2,519,9158,0,180,41.54899978637695,38.543548583984375
ETTh2,2,519,9158,0,181,38.36600112915039,36.31840133666992
ETTh2,2,519,9158,0,182,35.85300064086914,37.157615661621094
ETTh2,2,519,9158,0,183,36.94200134277344,36.38579177856445
ETTh2,2,519,9158,0,184,35.60100173950195,36.8670654296875
ETTh2,2,519,9158,0,185,37.52799987792969,37.52906036376953
ETTh2,2,519,9158,0,186,38.44900131225586,37.8437614440918
ETTh2,2,519,9158,0,187,44.731998443603516,38.931575775146484
ETTh2,2,519,9158,0,188,45.73699951171875,39.28740692138672
ETTh2,2,519,9158,0,189,47.74800109863281,40.18723678588867
ETTh2,2,519,9158,0,190,50.512001037597656,40.947509765625
ETTh2,2,519,9158,0,191,48.584999084472656,42.584022521972656
ETTh2,2,519,9158,0,192,46.99399948120117,42.73869705200195
ETTh2,2,519,9158,0,193,47.58000183105469,42.3168830871582
ETTh2,2,519,9158,0,194,46.40700149536133,44.317142486572266
ETTh2,2,519,9158,0,195,46.071998596191406,44.32712173461914
ETTh2,2,519,9158,0,196,44.229000091552734,44.22439956665039
ETTh2,2,519,9158,0,197,43.81100082397461,43.91106414794922
ETTh2,2,519,9158,0,198,48.25,44.19327926635742
ETTh2,2,519,9158,0,199,50.345001220703125,42.486785888671875
ETTh2,2,519,9158,0,200,47.58000183105469,42.734275817871094
ETTh2,2,519,9158,0,201,48.50199890136719,42.3949089050293
ETTh2,2,519,9158,0,202,46.90999984741211,40.92057800292969
ETTh2,2,519,9158,0,203,41.632999420166016,39.295406341552734
ETTh2,2,519,9158,0,204,43.391998291015625,38.9971923828125
ETTh2,2,519,9158,0,205,38.53300094604492,36.93303680419922
ETTh2,2,519,9158,0,206,42.051998138427734,37.60688781738281
ETTh2,2,519,9158,0,207,37.946998596191406,37.439517974853516
ETTh2,2,519,9158,0,208,38.53300094604492,37.35729217529297
ETTh2,2,519,9158,0,209,33.92599868774414,37.31401443481445
ETTh2,2,519,9158,0,210,37.61199951171875,37.569114685058594
ETTh2,2,519,9158,0,211,42.888999938964844,38.708465576171875
ETTh2,2,519,9158,0,212,48.584999084472656,39.77720642089844
ETTh2,2,519,9158,0,213,53.10900115966797,40.069984436035156
ETTh2,2,519,9158,0,214,53.52799987792969,41.106536865234375
ETTh2,2,519,9158,0,215,52.77399826049805,42.878379821777344
ETTh2,2,519,9158,0,216,48.75299835205078,41.77301788330078
ETTh2,2,519,9158,0,217,51.097999572753906,43.08064651489258
ETTh2,2,519,9158,0,218,51.433998107910156,43.27510070800781
ETTh2,2,519,9158,0,219,44.48099899291992,42.94546127319336
ETTh2,2,519,9158,0,220,45.23500061035156,45.136009216308594
ETTh2,2,519,9158,0,221,47.832000732421875,44.412620544433594
ETTh2,2,519,9158,0,222,47.41299819946289,44.42443084716797
ETTh2,2,519,9158,0,223,49.42300033569336,43.235870361328125
ETTh2,2,519,9158,0,224,49.42300033569336,41.66313171386719
ETTh2,2,519,9158,0,225,47.74800109863281,40.93355178833008
ETTh2,2,519,9158,0,226,45.98899841308594,39.67747497558594
ETTh2,2,519,9158,0,227,45.56999969482422,39.19295883178711
ETTh2,2,519,9158,0,228,40.20899963378906,37.86906814575195
ETTh2,2,519,9158,0,229,39.2869987487793,37.030521392822266
ETTh2,2,519,9158,0,230,39.202999114990234,37.87647247314453
ETTh2,2,519,9158,0,231,36.35499954223633,35.81147384643555
ETTh2,2,519,9158,0,232,38.617000579833984,37.157169342041016
ETTh2,2,519,9158,0,233,39.119998931884766,38.340301513671875
ETTh2,2,519,9158,0,234,33.50699996948242,36.518463134765625
ETTh2,2,519,9158,0,235,40.54399871826172,37.04829406738281
ETTh2,2,519,9158,0,236,41.88399887084961,38.3536376953125
ETTh2,2,519,9158,0,237,43.558998107910156,39.08624267578125
ETTh2,2,519,9158,0,238,43.14099884033203,41.09104919433594
ETTh2,2,519,9158,0,239,43.558998107910156,42.44056701660156
ETTh2,2,519,9158,0,240,49.0880012512207,42.211238861083984
ETTh2,2,519,9158,0,241,46.99399948120117,43.52894592285156
ETTh2,2,519,9158,0,242,49.67399978637695,43.11274719238281
ETTh2,2,519,9158,0,243,46.90999984741211,44.04962158203125
ETTh2,2,519,9158,0,244,44.816001892089844,44.0233039855957
ETTh2,2,519,9158,0,245,45.06700134277344,43.88395309448242
ETTh2,2,519,9158,0,246,47.915000915527344,42.62110900878906
ETTh2,2,519,9158,0,247,48.08300018310547,43.63981246948242
ETTh2,2,519,9158,0,248,53.2760009765625,42.95891571044922
ETTh2,2,519,9158,0,249,50.84700012207031,41.714515686035156
ETTh2,2,519,9158,0,250,48.66899871826172,39.96714782714844
ETTh2,2,519,9158,0,251,40.79499816894531,39.843326568603516
ETTh2,2,519,9158,0,252,41.38100051879883,38.62497329711914
ETTh2,2,519,9158,0,253,38.11399841308594,37.973297119140625
ETTh2,2,519,9158,0,254,37.946998596191406,38.329742431640625
ETTh2,2,519,9158,0,255,37.19300079345703,37.298179626464844
ETTh2,2,519,9158,0,256,35.0989990234375,38.32442092895508
ETTh2,2,519,9158,0,257,40.79499816894531,38.3133430480957
ETTh2,2,519,9158,0,258,36.606998443603516,37.94014358520508
ETTh2,2,519,9158,0,259,42.21900177001953,38.63908386230469
ETTh2,2,519,9158,0,260,43.558998107910156,39.360511779785156
ETTh2,2,519,9158,0,261,48.25,40.98648452758789
ETTh2,2,519,9158,0,262,51.349998474121094,40.658775329589844
ETTh2,2,519,9158,0,263,48.83700180053711,42.0438117980957
ETTh2,2,519,9158,0,264,47.41299819946289,43.192970275878906
ETTh2,2,519,9158,0,265,44.983001708984375,44.05975341796875
ETTh2,2,519,9158,0,266,48.417999267578125,43.47489929199219
ETTh2,2,519,9158,0,267,44.731998443603516,43.160640716552734
ETTh2,2,519,9158,0,268,47.41299819946289,44.422035217285156
ETTh2,2,519,9158,0,269,44.145999908447266,43.91854476928711
ETTh2,2,519,9158,0,270,49.00400161743164,43.12394714355469
ETTh2,2,519,9158,0,271,50.68000030517578,42.22895812988281
ETTh2,2,519,9158,0,272,47.32899856567383,42.48142623901367
ETTh2,2,519,9158,0,273,48.16699981689453,41.54692840576172
ETTh2,2,519,9158,0,274,47.49599838256836,40.23434066772461
ETTh2,2,519,9158,0,275,44.900001525878906,39.36037826538086
ETTh2,2,519,9158,0,276,41.130001068115234,39.434349060058594
ETTh2,2,519,9158,0,277,43.81100082397461,37.9638786315918
ETTh2,2,519,9158,0,278,40.79499816894531,37.540489196777344
ETTh2,2,519,9158,0,279,38.86800003051758,37.053592681884766
ETTh2,2,519,9158,0,280,35.26599884033203,37.0257453918457
ETTh2,2,519,9158,0,281,38.78499984741211,36.979122161865234
ETTh2,2,519,9158,0,282,35.76900100708008,38.285057067871094
ETTh2,2,519,9158,0,283,42.470001220703125,38.04438781738281
ETTh2,2,519,9158,0,284,46.071998596191406,38.47250747680664
ETTh2,2,519,9158,0,285,20.27199935913086,41.88041687011719
ETTh2,2,519,9158,0,286,19.768999099731445,40.536170959472656
ETTh2,2,519,9158,0,287,49.25600051879883,41.347625732421875
ETTh2,2,519,9158,0,288,49.172000885009766,43.53220748901367
ETTh2,2,519,9158,0,289,50.84700012207031,43.162288665771484
ETTh2,2,519,9158,0,290,46.071998596191406,42.9056282043457
ETTh2,2,519,9158,0,291,46.32400131225586,43.55766677856445
ETTh2,2,519,9158,0,292,45.31800079345703,43.95863723754883
ETTh2,2,519,9158,0,293,37.19300079345703,42.60834503173828
ETTh2,2,519,9158,0,294,40.54399871826172,43.9306640625
ETTh2,2,519,9158,0,295,45.1510009765625,41.5164680480957
ETTh2,2,519,9158,0,296,44.229000091552734,40.45832443237305
ETTh2,2,519,9158,0,297,44.39699935913086,42.18555450439453
ETTh2,2,519,9158,0,298,45.1510009765625,39.69702911376953
ETTh2,2,519,9158,0,299,38.95199966430664,39.55312728881836
ETTh2,2,519,9158,0,300,39.45500183105469,38.810062408447266
ETTh2,2,519,9158,0,301,40.04100036621094,37.530120849609375
ETTh2,2,519,9158,0,302,37.361000061035156,38.252628326416016
ETTh2,2,519,9158,0,303,37.862998962402344,36.22996139526367
ETTh2,2,519,9158,0,304,37.946998596191406,37.59850311279297
ETTh2,2,519,9158,0,305,39.45500183105469,37.6140022277832
ETTh2,2,519,9158,0,306,34.763999938964844,38.272674560546875
ETTh2,2,519,9158,0,307,39.957000732421875,38.404117584228516
ETTh2,2,519,9158,0,308,42.470001220703125,38.7431755065918
ETTh2,2,519,9158,0,309,42.303001403808594,40.82038116455078
ETTh2,2,519,9158,0,310,40.71099853515625,40.297542572021484
ETTh2,2,519,9158,0,311,44.64799880981445,41.88458251953125
ETTh2,2,519,9158,0,312,47.58000183105469,42.25760269165039
ETTh2,2,519,9158,0,313,42.051998138427734,43.35965347290039
ETTh2,2,519,9158,0,314,45.23500061035156,42.94746017456055
ETTh2,2,519,9158,0,315,39.119998931884766,43.9551887512207
ETTh2,2,519,9158,0,316,38.198001861572266,44.23078918457031
ETTh2,2,519,9158,0,317,39.37099838256836,44.650856018066406
ETTh2,2,519,9158,0,318,40.125,42.7858772277832
ETTh2,2,519,9158,0,319,40.29199981689453,41.834197998046875
ETTh2,2,519,9158,0,320,42.972999572753906,41.58719253540039
ETTh2,2,519,9158,0,321,40.87900161743164,39.554443359375
ETTh2,2,519,9158,0,322,39.45500183105469,39.0101203918457
ETTh2,2,519,9158,0,323,39.45500183105469,38.18626022338867
ETTh2,2,519,9158,0,324,39.45500183105469,38.746978759765625
ETTh2,2,519,9158,0,325,39.45500183105469,37.60449981689453
ETTh2,2,519,9158,0,326,39.45500183105469,37.36384201049805
ETTh2,2,519,9158,0,327,39.45500183105469,37.49168395996094
ETTh2,2,519,9158,0,328,39.45500183105469,35.91582489013672
ETTh2,2,519,9158,0,329,39.45500183105469,36.18663024902344
ETTh2,2,519,9158,0,330,39.45500183105469,36.50630187988281
ETTh2,2,519,9158,0,331,39.45500183105469,38.25593185424805
ETTh2,2,519,9158,0,332,39.45500183105469,38.40290832519531
ETTh2,2,519,9158,0,333,39.45500183105469,38.05439376831055
ETTh2,2,519,9158,0,334,39.45500183105469,39.824317932128906
ETTh2,2,519,9158,0,335,39.45500183105469,40.77427673339844
ETTh2,2,519,9158,0,336,39.45500183105469,42.6566162109375
ETTh2,2,519,9158,0,337,39.45500183105469,42.50715637207031
ETTh2,2,519,9158,0,338,39.45500183105469,42.162086486816406
ETTh2,2,519,9158,0,339,39.45500183105469,42.58263397216797
ETTh2,2,519,9158,0,340,39.45500183105469,43.78606414794922
ETTh2,2,519,9158,0,341,39.45500183105469,43.589691162109375
ETTh2,2,519,9158,0,342,39.45500183105469,42.390052795410156
ETTh2,2,519,9158,0,343,39.45500183105469,42.74546432495117
ETTh2,2,519,9158,0,344,39.45500183105469,39.286434173583984
ETTh2,2,519,9158,0,345,39.45500183105469,41.89946746826172
ETTh2,2,519,9158,0,346,37.277000427246094,38.18734359741211
ETTh2,2,519,9158,0,347,38.95199966430664,38.989810943603516
ETTh2,2,519,9158,0,348,31.2450008392334,38.929813385009766
ETTh2,2,519,9158,0,349,33.757999420166016,36.48764419555664
ETTh2,2,519,9158,0,350,38.617000579833984,37.06969451904297
ETTh2,2,519,9158,0,351,35.85300064086914,37.038063049316406
ETTh2,2,519,9158,0,352,35.0989990234375,36.11211395263672
ETTh2,2,519,9158,0,353,35.85300064086914,36.84714889526367
ETTh2,2,519,9158,0,354,32.33399963378906,37.77455520629883
ETTh2,2,519,9158,0,355,35.18299865722656,37.18026351928711
ETTh2,2,519,9158,0,356,36.52299880981445,37.405765533447266
ETTh2,2,519,9158,0,357,36.104000091552734,39.62477493286133
ETTh2,2,519,9158,0,358,41.54899978637695,40.08864212036133
ETTh2,2,519,9158,0,359,42.051998138427734,41.33201217651367
ETTh2,2,519,9158,0,360,40.62699890136719,42.81074523925781
ETTh2,2,519,9158,0,361,36.1879997253418,41.87654113769531
ETTh2,2,519,9158,0,362,37.862998962402344,42.56618881225586
ETTh2,2,519,9158,0,363,36.35499954223633,42.64473342895508
ETTh2,2,519,9158,0,364,33.757999420166016,44.234737396240234
ETTh2,2,519,9158,0,365,34.09400177001953,43.34750747680664
ETTh2,2,519,9158,0,366,39.119998931884766,43.379119873046875
ETTh2,2,519,9158,0,367,39.119998931884766,41.90577697753906
ETTh2,2,519,9158,0,368,36.858001708984375,39.696781158447266
ETTh2,2,519,9158,0,369,35.85300064086914,40.475887298583984
ETTh2,2,519,9158,0,370,35.518001556396484,39.75749206542969
ETTh2,2,519,9158,0,371,35.26599884033203,38.54038619995117
ETTh2,2,519,9158,0,372,32.250999450683594,36.79942321777344
ETTh2,2,519,9158,0,373,33.67499923706055,36.74177169799805
ETTh2,2,519,9158,0,374,33.25600051879883,37.177494049072266
ETTh2,2,519,9158,0,375,27.979000091552734,35.11766052246094
ETTh2,2,519,9158,0,376,33.67499923706055,36.036033630371094
ETTh2,2,519,9158,0,377,33.42300033569336,36.834415435791016
ETTh2,2,519,9158,0,378,26.889999389648438,36.71214294433594
ETTh2,2,519,9158,0,379,34.09400177001953,37.483612060546875
ETTh2,2,519,9158,0,380,34.59600067138672,37.14875793457031
ETTh2,2,519,9158,0,381,32.250999450683594,37.8936653137207
ETTh2,2,519,9158,0,382,33.50699996948242,39.74156951904297
ETTh2,2,519,9158,0,383,36.94200134277344,40.953330993652344
ETTh2,2,519,9158,0,384,34.68000030517578,41.36063766479492
ETTh2,2,519,9158,0,385,36.52299880981445,42.52265548706055
ETTh2,2,519,9158,0,386,37.69599914550781,42.330780029296875
ETTh2,2,519,9158,0,387,38.198001861572266,42.93033981323242
ETTh2,2,519,9158,0,388,36.27199935913086,42.520992279052734
ETTh2,2,519,9158,0,389,35.0989990234375,42.00900650024414
ETTh2,2,519,9158,0,390,30.90999984741211,42.00188446044922
ETTh2,2,519,9158,0,391,31.916000366210938,41.77105712890625
ETTh2,2,519,9158,0,392,37.862998962402344,41.454124450683594
ETTh2,2,519,9158,0,393,31.496999740600586,40.56172561645508
ETTh2,2,519,9158,0,394,33.25600051879883,40.84383773803711
ETTh2,2,519,9158,0,395,26.805999755859375,38.8322868347168
ETTh2,2,519,9158,0,396,26.554000854492188,37.00746154785156
ETTh2,2,519,9158,0,397,26.47100067138672,37.355812072753906
ETTh2,2,519,9158,0,398,27.726999282836914,36.641578674316406
ETTh2,2,519,9158,0,399,25.884000778198242,35.90264129638672
ETTh2,2,519,9158,0,400,29.65399932861328,36.04818344116211
ETTh2,2,519,9158,0,401,30.575000762939453,37.60245132446289
ETTh2,2,519,9158,0,402,27.559999465942383,36.57025146484375
ETTh2,2,519,9158,0,403,34.68000030517578,36.78741455078125
ETTh2,2,519,9158,0,404,35.26599884033203,38.38550567626953
ETTh2,2,519,9158,0,405,35.85300064086914,38.7047004699707
ETTh2,2,519,9158,0,406,39.53799819946289,39.8649787902832
ETTh2,2,519,9158,0,407,40.71099853515625,41.059814453125
ETTh2,2,519,9158,0,408,36.689998626708984,42.47834777832031
ETTh2,2,519,9158,0,409,40.54399871826172,41.14071273803711
ETTh2,2,519,9158,0,410,37.19300079345703,42.897254943847656
ETTh2,2,519,9158,0,411,37.025001525878906,42.56500244140625
ETTh2,2,519,9158,0,412,35.433998107910156,43.309478759765625
ETTh2,2,519,9158,0,413,32.417999267578125,44.16185760498047
ETTh2,2,519,9158,0,414,31.832000732421875,41.7674560546875
ETTh2,2,519,9158,0,415,39.119998931884766,41.28806686401367
ETTh2,2,519,9158,0,416,41.46500015258789,42.05297088623047
ETTh2,2,519,9158,0,417,37.19300079345703,40.85230255126953
ETTh2,2,519,9158,0,418,34.512001037597656,39.51283264160156
ETTh2,2,519,9158,0,419,31.916000366210938,38.44009780883789
ETTh2,2,519,9158,0,420,30.743000030517578,38.79079055786133
ETTh2,2,519,9158,0,421,31.916000366210938,37.94208908081055
ETTh2,2,519,9158,0,422,28.39699935913086,36.13948059082031
ETTh2,2,519,9158,0,423,25.1299991607666,36.31915283203125
ETTh2,2,519,9158,0,424,29.65399932861328,36.56432342529297
ETTh2,2,519,9158,0,425,32.33399963378906,36.0643196105957
ETTh2,2,519,9158,0,426,31.58099937438965,37.090782165527344
ETTh2,2,519,9158,0,427,38.03099822998047,38.683349609375
ETTh2,2,519,9158,0,428,38.53300094604492,38.77247619628906
ETTh2,2,519,9158,0,429,41.632999420166016,39.29634475708008
ETTh2,2,519,9158,0,430,44.0620002746582,39.889949798583984
ETTh2,2,519,9158,0,431,43.05699920654297,40.97328186035156
ETTh2,2,519,9158,0,432,44.39699935913086,42.2371711730957
ETTh2,2,519,9158,0,433,40.04100036621094,42.757877349853516
ETTh2,2,519,9158,0,434,39.957000732421875,42.641326904296875
ETTh2,2,519,9158,0,435,41.2140007019043,41.28507614135742
ETTh2,2,519,9158,0,436,40.71099853515625,43.009376525878906
ETTh2,2,519,9158,0,437,41.46500015258789,43.41145324707031
ETTh2,2,519,9158,0,438,43.72700119018555,42.878883361816406
ETTh2,2,519,9158,0,439,42.972999572753906,41.2133903503418
ETTh2,2,519,9158,0,440,45.98899841308594,40.2815055847168
ETTh2,2,519,9158,0,441,43.05699920654297,40.82202911376953
ETTh2,2,519,9158,0,442,34.42900085449219,39.693763732910156
ETTh2,2,519,9158,0,443,32.50199890136719,39.23917770385742
ETTh2,2,519,9158,0,444,28.565000534057617,38.515533447265625
ETTh2,2,519,9158,0,445,34.26100158691406,37.203548431396484
ETTh2,2,519,9158,0,446,32.66999816894531,38.35417938232422
ETTh2,2,519,9158,0,447,36.02000045776367,36.24822998046875
ETTh2,2,519,9158,0,448,36.27199935913086,37.36659622192383
ETTh2,2,519,9158,0,449,34.512001037597656,38.2285041809082
ETTh2,2,519,9158,0,450,33.0880012512207,37.287391662597656
ETTh2,2,519,9158,0,451,37.361000061035156,37.02559280395508
ETTh2,2,519,9158,0,452,44.39699935913086,38.21648406982422
ETTh2,2,519,9158,0,453,44.900001525878906,39.35686492919922
ETTh2,2,519,9158,0,454,43.558998107910156,39.84965896606445
ETTh2,2,519,9158,0,455,45.65399932861328,40.68986129760742
ETTh2,2,519,9158,0,456,45.31800079345703,42.114418029785156
ETTh2,2,519,9158,0,457,43.05699920654297,43.61090087890625
ETTh2,2,519,9158,0,458,43.2239990234375,42.3850212097168
ETTh2,2,519,9158,0,459,43.30799865722656,43.3760986328125
ETTh2,2,519,9158,0,460,39.70600128173828,43.961204528808594
ETTh2,2,519,9158,0,461,39.70600128173828,42.82472229003906
ETTh2,2,519,9158,0,462,46.49100112915039,42.1402587890625
ETTh2,2,519,9158,0,463,44.731998443603516,40.48692321777344
ETTh2,2,519,9158,0,464,47.244998931884766,40.59041976928711
ETTh2,2,519,9158,0,465,41.04600143432617,41.26782989501953
ETTh2,2,519,9158,0,466,40.29199981689453,39.414180755615234
ETTh2,2,519,9158,0,467,42.888999938964844,37.96620559692383
ETTh2,2,519,9158,0,468,37.361000061035156,37.9210205078125
ETTh2,2,519,9158,0,469,35.93600082397461,36.91823959350586
ETTh2,2,519,9158,0,470,29.820999145507812,36.07654571533203
ETTh2,2,519,9158,0,471,32.16699981689453,35.6984748840332
ETTh2,2,519,9158,0,472,33.25600051879883,37.465972900390625
ETTh2,2,519,9158,0,473,33.590999603271484,36.52155685424805
ETTh2,2,519,9158,0,474,33.34000015258789,35.73126220703125
ETTh2,2,519,9158,0,475,37.946998596191406,36.66264343261719
ETTh2,2,519,9158,0,476,43.14099884033203,38.520851135253906
ETTh2,2,519,9158,0,477,46.40700149536133,38.59944534301758
ETTh2,2,519,9158,0,478,48.66899871826172,39.8669319152832
ETTh2,2,519,9158,0,479,46.15599822998047,40.62456512451172
ETTh2,2,519,9158,0,480,41.88399887084961,42.03340148925781
ETTh2,2,519,9158,0,481,42.55400085449219,41.05963134765625
ETTh2,2,519,9158,0,482,48.33399963378906,41.53944778442383
ETTh2,2,519,9158,0,483,43.81100082397461,43.162261962890625
ETTh2,2,519,9158,0,484,42.470001220703125,42.043853759765625
ETTh2,2,519,9158,0,485,38.28200149536133,41.698429107666016
ETTh2,2,519,9158,0,486,38.78499984741211,41.531471252441406
ETTh2,2,519,9158,0,487,45.486000061035156,41.9672737121582
ETTh2,2,519,9158,0,488,45.73699951171875,40.50667953491211
ETTh2,2,519,9158,0,489,47.832000732421875,40.045310974121094
ETTh2,2,519,9158,0,490,41.130001068115234,39.667842864990234
ETTh2,2,519,9158,0,491,36.77399826049805,38.79855728149414
ETTh2,2,519,9158,0,492,35.93600082397461,38.6014404296875
ETTh2,2,519,9158,0,493,37.361000061035156,37.657230377197266
ETTh2,2,519,9158,0,494,36.02000045776367,36.586795806884766
ETTh2,2,519,9158,0,495,34.345001220703125,36.56624221801758
ETTh2,2,519,9158,0,496,35.685001373291016,37.90359878540039
ETTh2,2,519,9158,0,497,31.32900047302246,37.22769546508789
ETTh2,2,519,9158,0,498,31.58099937438965,37.218101501464844
ETTh2,2,519,9158,0,499,37.862998962402344,37.350135803222656
ETTh2,2,519,9158,0,500,42.63800048828125,38.8299674987793
ETTh2,2,519,9158,0,501,45.06700134277344,39.8460578918457
ETTh2,2,519,9158,0,502,47.58000183105469,40.46449279785156
ETTh2,2,519,9158,0,503,51.01499938964844,39.21046829223633
ETTh2,2,519,9158,0,504,51.85200119018555,40.70610427856445
ETTh2,2,519,9158,0,505,46.659000396728516,42.032859802246094
ETTh2,2,519,9158,0,506,44.229000091552734,42.53086471557617
ETTh2,2,519,9158,0,507,42.80500030517578,43.004966735839844
ETTh2,2,519,9158,0,508,41.715999603271484,44.04341506958008
ETTh2,2,519,9158,0,509,44.48099899291992,42.02533721923828
ETTh2,2,519,9158,0,510,44.983001708984375,42.09746551513672
ETTh2,2,519,9158,0,511,44.983001708984375,42.36880111694336
ETTh2,2,519,9158,0,512,45.82099914550781,41.75424575805664
ETTh2,2,519,9158,0,513,40.459999084472656,40.678401947021484
ETTh2,2,519,9158,0,514,31.413000106811523,39.06410598754883
ETTh2,2,519,9158,0,515,33.25600051879883,39.65316390991211
ETTh2,2,519,9158,0,516,30.90999984741211,39.17957305908203
ETTh2,2,519,9158,0,517,30.82699966430664,38.15338134765625
ETTh2,2,519,9158,0,518,30.492000579833984,37.24946594238281
ETTh2,2,519,9158,0,519,28.39699935913086,37.297462463378906
ETTh2,2,519,9158,0,520,32.08300018310547,36.17494583129883
ETTh2,2,519,9158,0,521,30.1560001373291,37.02823257446289
ETTh2,2,519,9158,0,522,30.408000946044922,38.51119613647461
ETTh2,2,519,9158,0,523,30.575000762939453,37.98931121826172
ETTh2,2,519,9158,0,524,32.16699981689453,38.592952728271484
ETTh2,2,519,9158,0,525,28.145999908447266,39.511043548583984
ETTh2,2,519,9158,0,526,36.02000045776367,39.73270797729492
ETTh2,2,519,9158,0,527,34.512001037597656,41.57438278198242
ETTh2,2,519,9158,0,528,27.47599983215332,40.6568489074707
ETTh2,2,519,9158,0,529,32.16699981689453,42.03046417236328
ETTh2,2,519,9158,0,530,33.92599868774414,41.484657287597656
ETTh2,2,519,9158,0,531,31.496999740600586,41.71614074707031
ETTh2,2,519,9158,0,532,30.072999954223633,42.201622009277344
ETTh2,2,519,9158,0,533,32.66999816894531,42.815216064453125
ETTh2,2,519,9158,0,534,36.94200134277344,42.333621978759766
ETTh2,2,519,9158,0,535,34.0099983215332,42.31694030761719
ETTh2,2,519,9158,0,536,32.83700180053711,40.308109283447266
ETTh2,2,519,9158,0,537,30.1560001373291,38.9903450012207
ETTh2,2,519,9158,0,538,28.39699935913086,40.0295295715332
ETTh2,2,519,9158,0,539,28.73200035095215,38.69452667236328
ETTh2,2,519,9158,0,540,26.63800048828125,37.93391418457031
ETTh2,2,519,9158,0,541,27.392000198364258,37.087684631347656
ETTh2,2,519,9158,0,542,31.496999740600586,36.31346893310547
ETTh2,2,519,9158,0,543,27.225000381469727,36.45980453491211
ETTh2,2,519,9158,0,544,28.983999252319336,36.18267059326172
ETTh2,2,519,9158,0,545,28.145999908447266,36.41053771972656
ETTh2,2,519,9158,0,546,25.46500015258789,37.13170623779297
ETTh2,2,519,9158,0,547,30.993999481201172,37.481876373291016
ETTh2,2,519,9158,0,548,27.81100082397461,36.953861236572266
ETTh2,2,519,9158,0,549,29.820999145507812,38.46464920043945
ETTh2,2,519,9158,0,550,26.889999389648438,40.03909683227539
ETTh2,2,519,9158,0,551,28.983999252319336,40.67890548706055
ETTh2,2,519,9158,0,552,35.0989990234375,41.461849212646484
ETTh2,2,519,9158,0,553,34.345001220703125,41.68717575073242
ETTh2,2,519,9158,0,554,36.1879997253418,42.624855041503906
ETTh2,2,519,9158,0,555,34.0099983215332,42.48052978515625
ETTh2,2,519,9158,0,556,29.56999969482422,43.03303527832031
ETTh2,2,519,9158,0,557,30.492000579833984,42.85750961303711
ETTh2,2,519,9158,0,558,34.59600067138672,40.547637939453125
ETTh2,2,519,9158,0,559,32.75299835205078,41.72123718261719
ETTh2,2,519,9158,0,560,31.58099937438965,40.617706298828125
ETTh2,2,519,9158,0,561,30.072999954223633,38.814308166503906
ETTh2,2,519,9158,0,562,29.56999969482422,38.92767333984375
ETTh2,2,519,9158,0,563,26.30299949645996,39.142459869384766
ETTh2,2,519,9158,0,564,27.559999465942383,37.41917419433594
ETTh2,2,519,9158,0,565,25.632999420166016,37.58167266845703
ETTh2,2,519,9158,0,566,25.381999969482422,36.91358184814453
ETTh2,2,519,9158,0,567,27.225000381469727,35.65022659301758
ETTh2,2,519,9158,0,568,28.983999252319336,36.4583625793457
ETTh2,2,519,9158,0,569,27.895000457763672,36.60289764404297
ETTh2,2,519,9158,0,570,26.2189998626709,37.53886795043945
ETTh2,2,519,9158,0,571,32.250999450683594,37.22407531738281
ETTh2,2,519,9158,0,572,34.68000030517578,38.752952575683594
ETTh2,2,519,9158,0,573,31.413000106811523,39.447750091552734
ETTh2,2,519,9158,0,574,37.69599914550781,39.204010009765625
ETTh2,2,519,9158,0,575,39.874000549316406,40.26761245727539
ETTh2,2,519,9158,0,576,39.70600128173828,40.725250244140625
ETTh2,2,519,9158,0,577,39.62200164794922,40.86189651489258
ETTh2,2,519,9158,0,578,37.444000244140625,41.29396438598633
ETTh2,2,519,9158,0,579,37.61199951171875,41.66547393798828
ETTh2,2,519,9158,0,580,33.34000015258789,40.99045181274414
ETTh2,2,519,9158,0,581,37.025001525878906,41.251651763916016
ETTh2,2,519,9158,0,582,37.69599914550781,39.91559982299805
ETTh2,2,519,9158,0,583,39.119998931884766,40.76606369018555
ETTh2,2,519,9158,0,584,38.44900131225586,41.8226203918457
ETTh2,2,519,9158,0,585,40.459999084472656,38.34685134887695
ETTh2,2,519,9158,0,586,34.0099983215332,38.79214859008789
ETTh2,2,519,9158,0,587,33.50699996948242,39.466365814208984
ETTh2,2,519,9158,0,588,31.2450008392334,38.55465316772461
ETTh2,2,519,9158,0,589,30.1560001373291,36.33091735839844
ETTh2,2,519,9158,0,590,29.65399932861328,36.856719970703125
ETTh2,2,519,9158,0,591,30.492000579833984,36.23154067993164
ETTh2,2,519,9158,0,592,35.349998474121094,36.00611877441406
ETTh2,2,519,9158,0,593,32.250999450683594,36.568485260009766
ETTh2,2,519,9158,0,594,32.33399963378906,38.164520263671875
ETTh2,2,519,9158,0,595,35.76900100708008,37.84382247924805
ETTh2,2,519,9158,0,596,40.459999084472656,37.950809478759766
ETTh2,2,519,9158,0,597,42.303001403808594,37.7983512878418
ETTh2,2,519,9158,0,598,45.402000427246094,39.429718017578125
ETTh2,2,519,9158,0,599,40.71099853515625,39.56086730957031
ETTh2,2,519,9158,0,600,43.47600173950195,41.12745666503906
ETTh2,2,519,9158,0,601,40.375999450683594,40.67462921142578
ETTh2,2,519,9158,0,602,39.45500183105469,40.862491607666016
ETTh2,2,519,9158,0,603,39.202999114990234,41.434608459472656
ETTh2,2,519,9158,0,604,38.03099822998047,42.2567024230957
ETTh2,2,519,9158,0,605,41.130001068115234,41.400230407714844
ETTh2,2,519,9158,0,606,42.72200012207031,40.47279357910156
ETTh2,2,519,9158,0,607,42.972999572753906,40.05083084106445
ETTh2,2,519,9158,0,608,48.66899871826172,39.92353439331055
ETTh2,2,519,9158,0,609,43.2239990234375,39.155738830566406
ETTh2,2,519,9158,0,610,37.77899932861328,38.26786422729492
ETTh2,2,519,9158,0,611,35.76900100708008,37.678836822509766
ETTh2,2,519,9158,0,612,34.09400177001953,36.53093719482422
ETTh2,2,519,9158,0,613,32.16699981689453,37.387882232666016
ETTh2,2,519,9158,0,614,35.26599884033203,35.596614837646484
ETTh2,2,519,9158,0,615,34.42900085449219,36.945228576660156
ETTh2,2,519,9158,0,616,31.916000366210938,36.7498779296875
ETTh2,2,519,9158,0,617,33.84199905395508,36.577213287353516
ETTh2,2,519,9158,0,618,27.141000747680664,36.49496841430664
ETTh2,2,519,9158,0,619,30.072999954223633,36.882564544677734
ETTh2,2,519,9158,0,620,32.08300018310547,37.45653533935547
ETTh2,2,519,9158,0,621,27.225000381469727,37.67255401611328
ETTh2,2,519,9158,0,622,29.235000610351562,38.7238655090332
ETTh2,2,519,9158,0,623,31.74799919128418,39.03782653808594
ETTh2,2,519,9158,0,624,33.0880012512207,40.412147521972656
ETTh2,2,519,9158,0,625,31.413000106811523,40.582462310791016
ETTh2,2,519,9158,0,626,35.518001556396484,40.8426628112793
ETTh2,2,519,9158,0,627,39.957000732421875,40.38593673706055
ETTh2,2,519,9158,0,628,40.375999450683594,40.92365646362305
ETTh2,2,519,9158,0,629,42.888999938964844,40.47613525390625
ETTh2,2,519,9158,0,630,42.72200012207031,40.908138275146484
ETTh2,2,519,9158,0,631,41.54899978637695,40.95017623901367
ETTh2,2,519,9158,0,632,45.56999969482422,40.086490631103516
ETTh2,2,519,9158,0,633,40.62699890136719,39.715248107910156
ETTh2,2,519,9158,0,634,37.61199951171875,39.289119720458984
ETTh2,2,519,9158,0,635,38.198001861572266,37.61540222167969
ETTh2,2,519,9158,0,636,39.37099838256836,37.131736755371094
ETTh2,2,519,9158,0,637,36.02000045776367,38.257667541503906
ETTh2,2,519,9158,0,638,37.77899932861328,35.71356201171875
ETTh2,2,519,9158,0,639,36.858001708984375,36.4923210144043
ETTh2,2,519,9158,0,640,37.862998962402344,36.68020248413086
ETTh2,2,519,9158,0,641,38.36600112915039,37.901668548583984
ETTh2,2,519,9158,0,642,30.90999984741211,37.0580940246582
ETTh2,2,519,9158,0,643,36.1879997253418,39.0057487487793
ETTh2,2,519,9158,0,644,36.52299880981445,37.93735122680664
ETTh2,2,519,9158,0,645,39.37099838256836,38.885528564453125
ETTh2,2,519,9158,0,646,40.87900161743164,39.03547286987305
ETTh2,2,519,9158,0,647,40.29199981689453,40.3636360168457
ETTh2,2,519,9158,0,648,38.28200149536133,40.69700241088867
ETTh2,2,519,9158,0,649,40.79499816894531,41.62800216674805
ETTh2,2,519,9158,0,650,43.97800064086914,40.76579284667969
ETTh2,2,519,9158,0,651,44.229000091552734,40.688228607177734
ETTh2,2,519,9158,0,652,42.972999572753906,41.1237907409668
ETTh2,2,519,9158,0,653,39.957000732421875,40.55221176147461
ETTh2,2,519,9158,0,654,40.375999450683594,41.670745849609375
ETTh2,2,519,9158,0,655,41.130001068115234,39.65568923950195
ETTh2,2,519,9158,0,656,40.375999450683594,39.4851188659668
ETTh2,2,519,9158,0,657,41.04600143432617,39.331417083740234
ETTh2,2,519,9158,0,658,38.78499984741211,39.026275634765625
ETTh2,2,519,9158,0,659,34.68000030517578,38.950775146484375
ETTh2,2,519,9158,0,660,29.150999069213867,38.81884765625
ETTh2,2,519,9158,0,661,36.858001708984375,36.092193603515625
ETTh2,2,519,9158,0,662,33.34000015258789,37.641685485839844
ETTh2,2,519,9158,0,663,31.496999740600586,37.29435729980469
ETTh2,2,519,9158,0,664,36.606998443603516,38.10372543334961
ETTh2,2,519,9158,0,665,35.349998474121094,36.8623161315918
ETTh2,2,519,9158,0,666,33.84199905395508,37.271034240722656
ETTh2,2,519,9158,0,667,37.025001525878906,37.21708679199219
ETTh2,2,519,9158,0,668,37.946998596191406,37.694007873535156
ETTh2,2,519,9158,0,669,38.86800003051758,38.38483810424805
ETTh2,2,519,9158,0,670,41.88399887084961,39.244224548339844
ETTh2,2,519,9158,0,671,39.790000915527344,39.83845520019531
ETTh2,2,519,9158,0,672,33.50699996948242,40.18210220336914
ETTh2,2,519,9158,0,673,37.69599914550781,40.54928207397461
ETTh2,2,519,9158,0,674,39.2869987487793,40.79642105102539
ETTh2,2,519,9158,0,675,38.86800003051758,41.397987365722656
ETTh2,2,519,9158,0,676,40.20899963378906,40.47129440307617
ETTh2,2,519,9158,0,677,37.946998596191406,40.27367401123047
ETTh2,2,519,9158,0,678,38.86800003051758,40.22770690917969
ETTh2,2,519,9158,0,679,41.130001068115234,39.02857971191406
ETTh2,2,519,9158,0,680,43.97800064086914,39.997947692871094
ETTh2,2,519,9158,0,681,38.95199966430664,38.31393051147461
ETTh2,2,519,9158,0,682,39.790000915527344,38.28492736816406
ETTh2,2,519,9158,0,683,36.43899917602539,39.105125427246094
ETTh2,2,519,9158,0,684,35.433998107910156,37.72500991821289
ETTh2,2,519,9158,0,685,34.09400177001953,37.449859619140625
ETTh2,2,519,9158,0,686,36.104000091552734,37.7838020324707
ETTh2,2,519,9158,0,687,33.92599868774414,37.54060745239258
ETTh2,2,519,9158,0,688,38.617000579833984,37.3828239440918
ETTh2,2,519,9158,0,689,36.858001708984375,38.31377410888672
ETTh2,2,519,9158,0,690,32.250999450683594,37.74933624267578
ETTh2,2,519,9158,0,691,38.28200149536133,38.163272857666016
ETTh2,2,519,9158,0,692,39.70600128173828,38.39772415161133
ETTh2,2,519,9158,0,693,41.130001068115234,38.7322998046875
ETTh2,2,519,9158,0,694,41.715999603271484,38.727317810058594
ETTh2,2,519,9158,0,695,43.89400100708008,38.647281646728516
ETTh2,2,519,9158,0,696,41.96799850463867,40.053165435791016
ETTh2,2,519,9158,0,697,40.04100036621094,39.96622085571289
ETTh2,2,519,9158,0,698,41.130001068115234,41.2623405456543
ETTh2,2,519,9158,0,699,42.63800048828125,40.376495361328125
ETTh2,2,519,9158,0,700,42.72200012207031,40.86774444580078
ETTh2,2,519,9158,0,701,39.957000732421875,41.18340301513672
ETTh2,2,519,9158,0,702,43.05699920654297,40.16183090209961
ETTh2,2,519,9158,0,703,41.632999420166016,39.968570709228516
ETTh2,2,519,9158,0,704,43.89400100708008,38.575523376464844
ETTh2,2,519,9158,0,705,41.715999603271484,39.68174743652344
ETTh2,2,519,9158,0,706,38.95199966430664,39.60527420043945
ETTh2,2,519,9158,0,707,40.29199981689453,37.406612396240234
ETTh2,2,519,9158,0,708,35.93600082397461,38.175907135009766
ETTh2,2,519,9158,0,709,34.42900085449219,37.975311279296875
ETTh2,2,519,9158,0,710,35.18299865722656,37.306270599365234
ETTh2,2,519,9158,0,711,36.94200134277344,36.99397659301758
ETTh2,2,519,9158,0,712,36.1879997253418,36.40943145751953
ETTh2,2,519,9158,0,713,34.0099983215332,37.02618408203125
ETTh2,2,519,9158,0,714,33.34000015258789,37.00605773925781
ETTh2,2,519,9158,0,715,38.95199966430664,38.49170684814453
ETTh2,2,519,9158,0,716,37.77899932861328,38.43996047973633
ETTh2,2,519,9158,0,717,39.0359992980957,38.181026458740234
ETTh2,2,519,9158,0,718,39.202999114990234,38.7493782043457
ETTh2,2,519,9158,0,719,37.69599914550781,39.37529754638672
ETTh2,2,519,9158,0,720,32.33399963378906,39.52412414550781
ETTm1,1,10409,44968,0,1,8.907999992370605,7.284353256225586
ETTm1,1,10409,44968,0,2,8.038000106811523,6.611917018890381
ETTm1,1,10409,44968,0,3,7.234000205993652,6.079038619995117
ETTm1,1,10409,44968,0,4,5.157000541687012,5.108974456787109
ETTm1,1,10409,44968,0,5,4.689000129699707,4.572587966918945
ETTm1,1,10409,44968,0,6,4.956999778747559,3.9682254791259766
ETTm1,1,10409,44968,0,7,4.28700065612793,3.689896583557129
ETTm1,1,10409,44968,0,8,3.952000141143799,3.269707202911377
ETTm1,1,10409,44968,0,9,4.28700065612793,2.377072811126709
ETTm1,1,10409,44968,0,10,3.952000141143799,2.586068630218506
ETTm1,1,10409,44968,0,11,2.947000026702881,3.0084633827209473
ETTm1,1,10409,44968,0,12,4.689000129699707,3.281635284423828
ETTm1,1,10409,44968,0,13,2.5450005531311035,3.606147289276123
ETTm1,1,10409,44968,0,14,4.085999965667725,3.5895233154296875
ETTm1,1,10409,44968,0,15,4.555000305175781,3.966830253601074
ETTm1,1,10409,44968,0,16,3.1480002403259277,3.8049840927124023
ETTm1,1,10409,44968,0,17,4.75600004196167,4.259036540985107
ETTm1,1,10409,44968,0,18,5.62600040435791,4.2267913818359375
ETTm1,1,10409,44968,0,19,5.157000541687012,4.55264949798584
ETTm1,1,10409,44968,0,20,5.157000541687012,4.647765159606934
ETTm1,1,10409,44968,0,21,5.0229997634887695,4.828768730163574
ETTm1,1,10409,44968,0,22,4.956999778747559,5.331502437591553
ETTm1,1,10409,44968,0,23,5.559000015258789,5.816473007202148
ETTm1,1,10409,44968,0,24,5.894000053405762,6.770964622497559
ETTm1,1,10409,44968,0,25,6.095000267028809,7.165096282958984
ETTm1,1,10409,44968,0,26,6.764999866485596,8.069910049438477
ETTm1,1,10409,44968,0,27,7.836999893188477,8.54969310760498
ETTm1,1,10409,44968,0,28,8.706999778747559,9.037364959716797
ETTm1,1,10409,44968,0,29,8.439000129699707,9.522783279418945
ETTm1,1,10409,44968,0,30,8.17199993133545,9.902327537536621
ETTm1,1,10409,44968,0,31,6.89900016784668,9.992325782775879
ETTm1,1,10409,44968,0,32,7.0329999923706055,9.303304672241211
ETTm1,1,10409,44968,0,33,6.831999778747559,9.145453453063965
ETTm1,1,10409,44968,0,34,6.63100004196167,8.994281768798828
ETTm1,1,10409,44968,0,35,6.697999954223633,8.61967658996582
ETTm1,1,10409,44968,0,36,6.63100004196167,8.460827827453613
ETTm1,1,10409,44968,0,37,6.429999828338623,8.32143783569336
ETTm1,1,10409,44968,0,38,6.229000091552734,8.041922569274902
ETTm1,1,10409,44968,0,39,6.1620001792907715,7.803365230560303
ETTm1,1,10409,44968,0,40,5.961000442504883,7.683319091796875
ETTm1,1,10409,44968,0,41,5.492000579833984,7.359004974365234
ETTm1,1,10409,44968,0,42,5.357999801635742,7.234192848205566
ETTm1,1,10409,44968,0,43,5.357999801635742,7.528904914855957
ETTm1,1,10409,44968,0,44,5.559000015258789,7.740597248077393
ETTm1,1,10409,44968,0,45,7.099999904632568,8.100714683532715
ETTm1,1,10409,44968,0,46,7.568999767303467,8.41628360748291
ETTm1,1,10409,44968,0,47,7.568999767303467,8.417130470275879
ETTm1,1,10409,44968,0,48,9.3100004196167,9.238086700439453
ETTm1,1,10409,44968,0,49,9.913000106811523,9.329303741455078
ETTm1,1,10409,44968,0,50,10.180999755859375,10.156424522399902
ETTm1,1,10409,44968,0,51,11.253000259399414,10.01232624053955
ETTm1,1,10409,44968,0,52,10.04699993133545,10.295339584350586
ETTm1,1,10409,44968,0,53,11.788000106811523,10.632026672363281
ETTm1,1,10409,44968,0,54,11.253000259399414,10.370113372802734
ETTm1,1,10409,44968,0,55,10.11400032043457,10.60727596282959
ETTm1,1,10409,44968,0,56,10.583000183105469,10.376980781555176
ETTm1,1,10409,44968,0,57,10.248000144958496,10.42563247680664
ETTm1,1,10409,44968,0,58,10.784000396728516,9.976707458496094
ETTm1,1,10409,44968,0,59,11.38700008392334,10.605512619018555
ETTm1,1,10409,44968,0,60,11.319999694824219,10.348214149475098
ETTm1,1,10409,44968,0,61,10.381999969482422,10.44552230834961
ETTm1,1,10409,44968,0,62,10.784000396728516,10.0386962890625
ETTm1,1,10409,44968,0,63,10.984999656677246,10.081292152404785
ETTm1,1,10409,44968,0,64,10.449000358581543,9.746576309204102
ETTm1,1,10409,44968,0,65,10.85099983215332,9.934468269348145
ETTm1,1,10409,44968,0,66,10.717000007629395,9.780170440673828
ETTm1,1,10409,44968,0,67,10.515999794006348,9.859360694885254
ETTm1,1,10409,44968,0,68,9.243000030517578,9.775489807128906
ETTm1,1,10409,44968,0,69,11.319999694824219,9.766885757446289
ETTm1,1,10409,44968,0,70,11.454000473022461,10.052244186401367
ETTm1,1,10409,44968,0,71,9.645000457763672,9.949385643005371
ETTm1,1,10409,44968,0,72,9.444000244140625,10.290188789367676
ETTm1,1,10409,44968,0,73,11.319999694824219,10.881576538085938
ETTm1,1,10409,44968,0,74,10.784000396728516,10.205814361572266
ETTm1,1,10409,44968,0,75,11.319999694824219,10.468801498413086
ETTm1,1,10409,44968,0,76,11.92199993133545,10.81416130065918
ETTm1,1,10409,44968,0,77,11.38700008392334,10.973095893859863
ETTm1,1,10409,44968,0,78,11.119000434875488,10.943387985229492
ETTm1,1,10409,44968,0,79,13.128000259399414,11.422653198242188
ETTm1,1,10409,44968,0,80,13.060999870300293,11.496044158935547
ETTm1,1,10409,44968,0,81,11.253000259399414,11.334272384643555
ETTm1,1,10409,44968,0,82,12.859999656677246,11.80825424194336
ETTm1,1,10409,44968,0,83,13.597000122070312,11.821451187133789
ETTm1,1,10409,44968,0,84,13.060999870300293,11.834136009216309
ETTm1,1,10409,44968,0,85,10.248000144958496,11.219091415405273
ETTm1,1,10409,44968,0,86,8.975000381469727,10.319600105285645
ETTm1,1,10409,44968,0,87,7.301000118255615,9.520713806152344
ETTm1,1,10409,44968,0,88,7.9039998054504395,8.635805130004883
ETTm1,1,10409,44968,0,89,6.831999778747559,7.920759201049805
ETTm1,1,10409,44968,0,90,6.497000217437744,6.958385944366455
ETTm1,1,10409,44968,0,91,6.697999954223633,5.692255973815918
ETTm1,1,10409,44968,0,92,3.885000228881836,4.806992530822754
ETTm1,1,10409,44968,0,93,0.6029996871948242,4.046694755554199
ETTm1,1,10409,44968,0,94,2.4780001640319824,3.7019572257995605
ETTm1,1,10409,44968,0,95,3.0139999389648438,3.34647798538208
ETTm1,1,10409,44968,0,96,4.889999866485596,3.0305371284484863
ETTm1,1,10409,44968,0,97,4.28700065612793,2.551570415496826
ETTm1,1,10409,44968,0,98,5.62600040435791,2.248316764831543
ETTm1,1,10409,44968,0,99,3.818000316619873,1.2802414894104004
ETTm1,1,10409,44968,0,100,-2.1430001258850098,0.7782912254333496
ETTm1,1,10409,44968,0,101,-3.482999324798584,-0.010204792022705078
ETTm1,1,10409,44968,0,102,-5.090000629425049,0.024829864501953125
ETTm1,1,10409,44968,0,103,-5.4250006675720215,-1.202293872833252
ETTm1,1,10409,44968,0,104,-1.6080002784729004,-0.9794411659240723
ETTm1,1,10409,44968,0,105,0.40199995040893555,-1.5031895637512207
ETTm1,1,10409,44968,0,106,-1.4070000648498535,-1.8088746070861816
ETTm1,1,10409,44968,0,107,-3.818000316619873,-1.1294493675231934
ETTm1,1,10409,44968,0,108,-5.023000240325928,-1.4956936836242676
ETTm1,1,10409,44968,0,109,-2.3439993858337402,-0.8081364631652832
ETTm1,1,10409,44968,0,110,-2.6790003776550293,0.05976676940917969
ETTm1,1,10409,44968,0,111,-2.3439993858337402,-0.1297459602355957
ETTm1,1,10409,44968,0,112,-1.5409998893737793,0.18833017349243164
ETTm1,1,10409,44968,0,113,-3.952000141143799,0.6798381805419922
ETTm1,1,10409,44968,0,114,-3.1480002403259277,0.9889922142028809
ETTm1,1,10409,44968,0,115,-8.840999603271484,1.4387874603271484
ETTm1,1,10409,44968,0,116,-0.20099973678588867,1.6529970169067383
ETTm1,1,10409,44968,0,117,-1.139000415802002,2.9637956619262695
ETTm1,1,10409,44968,0,118,0.06699991226196289,2.9561781883239746
ETTm1,1,10409,44968,0,119,3.0139999389648438,3.2757554054260254
ETTm1,1,10409,44968,0,120,2.2769999504089355,4.427898406982422
ETTm1,1,10409,44968,0,121,3.2150001525878906,5.649325370788574
ETTm1,1,10409,44968,0,122,4.822999954223633,6.566936492919922
ETTm1,1,10409,44968,0,123,5.961000442504883,6.912979602813721
ETTm1,1,10409,44968,0,124,7.166999816894531,7.587132453918457
ETTm1,1,10409,44968,0,125,7.234000205993652,7.968931198120117
ETTm1,1,10409,44968,0,126,6.966000080108643,7.698206424713135
ETTm1,1,10409,44968,0,127,7.099999904632568,8.195504188537598
ETTm1,1,10409,44968,0,128,7.434999942779541,8.068193435668945
ETTm1,1,10409,44968,0,129,7.434999942779541,8.324275970458984
ETTm1,1,10409,44968,0,130,7.368000030517578,8.345458030700684
ETTm1,1,10409,44968,0,131,7.166999816894531,7.980838775634766
ETTm1,1,10409,44968,0,132,7.099999904632568,7.868777275085449
ETTm1,1,10409,44968,0,133,6.89900016784668,8.089787483215332
ETTm1,1,10409,44968,0,134,6.764999866485596,7.343017578125
ETTm1,1,10409,44968,0,135,6.697999954223633,7.162740230560303
ETTm1,1,10409,44968,0,136,6.36299991607666,7.201216220855713
ETTm1,1,10409,44968,0,137,6.296000003814697,7.360683917999268
ETTm1,1,10409,44968,0,138,6.0279998779296875,7.485062122344971
ETTm1,1,10409,44968,0,139,5.827000617980957,6.940579414367676
ETTm1,1,10409,44968,0,140,6.095000267028809,7.2445220947265625
ETTm1,1,10409,44968,0,141,8.23900032043457,7.682440757751465
ETTm1,1,10409,44968,0,142,8.305999755859375,8.340798377990723
ETTm1,1,10409,44968,0,143,8.038000106811523,8.16010570526123
ETTm1,1,10409,44968,0,144,9.913000106811523,8.554521560668945
ETTm1,1,10409,44968,0,145,11.185999870300293,9.312701225280762
ETTm1,1,10409,44968,0,146,10.583000183105469,9.210439682006836
ETTm1,1,10409,44968,0,147,10.85099983215332,9.56596851348877
ETTm1,1,10409,44968,0,148,11.92199993133545,9.22706413269043
ETTm1,1,10409,44968,0,149,11.185999870300293,10.233343124389648
ETTm1,1,10409,44968,0,150,11.520999908447266,10.116877555847168
ETTm1,1,10409,44968,0,151,11.185999870300293,9.791173934936523
ETTm1,1,10409,44968,0,152,10.784000396728516,9.872325897216797
ETTm1,1,10409,44968,0,153,10.248000144958496,9.978001594543457
ETTm1,1,10409,44968,0,154,12.055999755859375,10.164480209350586
ETTm1,1,10409,44968,0,155,11.588000297546387,10.188673973083496
ETTm1,1,10409,44968,0,156,10.583000183105469,9.920897483825684
ETTm1,1,10409,44968,0,157,9.645000457763672,9.487850189208984
ETTm1,1,10409,44968,0,158,11.38700008392334,9.374341011047363
ETTm1,1,10409,44968,0,159,11.185999870300293,9.067549705505371
ETTm1,1,10409,44968,0,160,10.515999794006348,9.4053955078125
ETTm1,1,10409,44968,0,161,10.3149995803833,9.124582290649414
ETTm1,1,10409,44968,0,162,10.515999794006348,9.583085060119629
ETTm1,1,10409,44968,0,163,10.381999969482422,9.487610816955566
ETTm1,1,10409,44968,0,164,11.38700008392334,9.49170970916748
ETTm1,1,10409,44968,0,165,11.720999717712402,9.275216102600098
ETTm1,1,10409,44968,0,166,10.248000144958496,9.013297080993652
ETTm1,1,10409,44968,0,167,10.85099983215332,9.782657623291016
ETTm1,1,10409,44968,0,168,10.515999794006348,9.804949760437012
ETTm1,1,10409,44968,0,169,10.784000396728516,9.57216739654541
ETTm1,1,10409,44968,0,170,11.185999870300293,9.527083396911621
ETTm1,1,10409,44968,0,171,10.717000007629395,9.963815689086914
ETTm1,1,10409,44968,0,172,11.588000297546387,9.700638771057129
ETTm1,1,10409,44968,0,173,10.918000221252441,9.768230438232422
ETTm1,1,10409,44968,0,174,11.788000106811523,10.427846908569336
ETTm1,1,10409,44968,0,175,11.654999732971191,10.137550354003906
ETTm1,1,10409,44968,0,176,11.92199993133545,10.551250457763672
ETTm1,1,10409,44968,0,177,12.793000221252441,10.752559661865234
ETTm1,1,10409,44968,0,178,12.659000396728516,10.6831636428833
ETTm1,1,10409,44968,0,179,13.730999946594238,10.708454132080078
ETTm1,1,10409,44968,0,180,14.199999809265137,10.50892162322998
ETTm1,1,10409,44968,0,181,13.530000686645508,10.158084869384766
ETTm1,1,10409,44968,0,182,13.864999771118164,9.388666152954102
ETTm1,1,10409,44968,0,183,11.92199993133545,8.001769065856934
ETTm1,1,10409,44968,0,184,10.180999755859375,7.028053283691406
ETTm1,1,10409,44968,0,185,6.564000129699707,6.1265974044799805
ETTm1,1,10409,44968,0,186,6.497000217437744,4.95072078704834
ETTm1,1,10409,44968,0,187,6.63100004196167,4.2828755378723145
ETTm1,1,10409,44968,0,188,4.822999954223633,3.0109009742736816
ETTm1,1,10409,44968,0,189,0.7370004653930664,2.3620262145996094
ETTm1,1,10409,44968,0,190,2.2100000381469727,1.858445167541504
ETTm1,1,10409,44968,0,191,-0.7369999885559082,1.7071709632873535
ETTm1,1,10409,44968,0,192,-0.6699995994567871,0.9661045074462891
ETTm1,1,10409,44968,0,193,1.139000415802002,0.5578598976135254
ETTm1,1,10409,44968,0,194,3.818000316619873,0.26889801025390625
ETTm1,1,10409,44968,0,195,-0.9380002021789551,-0.262601375579834
ETTm1,1,10409,44968,0,196,-1.740999698638916,-0.9290204048156738
ETTm1,1,10409,44968,0,197,0.33500003814697266,-1.90385103225708
ETTm1,1,10409,44968,0,198,2.4110002517700195,-2.5554137229919434
ETTm1,1,10409,44968,0,199,0.8710002899169922,-2.288520336151123
ETTm1,1,10409,44968,0,200,1.6740002632141113,-3.215193271636963
ETTm1,1,10409,44968,0,201,2.1429996490478516,-3.181887149810791
ETTm1,1,10409,44968,0,202,3.2150001525878906,-3.5234694480895996
ETTm1,1,10409,44968,0,203,2.0759997367858887,-2.972133159637451
ETTm1,1,10409,44968,0,204,2.947000026702881,-2.2008347511291504
ETTm1,1,10409,44968,0,205,2.947000026702881,-2.5855698585510254
ETTm1,1,10409,44968,0,206,2.880000114440918,-2.212202548980713
ETTm1,1,10409,44968,0,207,2.4780001640319824,-1.4880738258361816
ETTm1,1,10409,44968,0,208,3.4830002784729004,-1.4910941123962402
ETTm1,1,10409,44968,0,209,3.885000228881836,-0.32169008255004883
ETTm1,1,10409,44968,0,210,3.4830002784729004,-0.05434083938598633
ETTm1,1,10409,44968,0,211,3.617000102996826,0.12921142578125
ETTm1,1,10409,44968,0,212,3.0139999389648438,0.793494701385498
ETTm1,1,10409,44968,0,213,3.750999927520752,1.328402042388916
ETTm1,1,10409,44968,0,214,4.085999965667725,2.425539493560791
ETTm1,1,10409,44968,0,215,4.822999954223633,3.3922858238220215
ETTm1,1,10409,44968,0,216,5.692999839782715,4.118003845214844
ETTm1,1,10409,44968,0,217,6.429999828338623,4.8837995529174805
ETTm1,1,10409,44968,0,218,7.769999980926514,6.383800983428955
ETTm1,1,10409,44968,0,219,8.038000106811523,6.9262309074401855
ETTm1,1,10409,44968,0,220,7.703000068664551,7.117110252380371
ETTm1,1,10409,44968,0,221,7.501999855041504,8.202713012695312
ETTm1,1,10409,44968,0,222,7.368000030517578,8.19473934173584
ETTm1,1,10409,44968,0,223,7.234000205993652,8.5388765335083
ETTm1,1,10409,44968,0,224,7.434999942779541,9.05543327331543
ETTm1,1,10409,44968,0,225,7.568999767303467,9.077178001403809
ETTm1,1,10409,44968,0,226,7.368000030517578,8.5103759765625
ETTm1,1,10409,44968,0,227,7.234000205993652,8.63516902923584
ETTm1,1,10409,44968,0,228,6.966000080108643,8.602304458618164
ETTm1,1,10409,44968,0,229,6.966000080108643,8.256423950195312
ETTm1,1,10409,44968,0,230,6.831999778747559,8.189298629760742
ETTm1,1,10409,44968,0,231,6.63100004196167,8.323720932006836
ETTm1,1,10409,44968,0,232,6.497000217437744,8.003177642822266
ETTm1,1,10409,44968,0,233,6.36299991607666,8.157517433166504
ETTm1,1,10409,44968,0,234,6.497000217437744,7.77224063873291
ETTm1,1,10409,44968,0,235,6.36299991607666,8.257612228393555
ETTm1,1,10409,44968,0,236,6.095000267028809,8.199812889099121
ETTm1,1,10409,44968,0,237,8.038000106811523,8.214550971984863
ETTm1,1,10409,44968,0,238,8.23900032043457,8.680946350097656
ETTm1,1,10409,44968,0,239,7.703000068664551,9.037548065185547
ETTm1,1,10409,44968,0,240,9.444000244140625,9.309494018554688
ETTm1,1,10409,44968,0,241,10.515999794006348,9.61113452911377
ETTm1,1,10409,44968,0,242,10.717000007629395,10.269392967224121
ETTm1,1,10409,44968,0,243,11.185999870300293,10.226362228393555
ETTm1,1,10409,44968,0,244,11.319999694824219,10.491321563720703
ETTm1,1,10409,44968,0,245,10.11400032043457,10.498502731323242
ETTm1,1,10409,44968,0,246,10.180999755859375,10.619246482849121
ETTm1,1,10409,44968,0,247,10.11400032043457,10.750162124633789
ETTm1,1,10409,44968,0,248,10.180999755859375,11.201094627380371
ETTm1,1,10409,44968,0,249,10.918000221252441,10.712455749511719
ETTm1,1,10409,44968,0,250,10.3149995803833,10.535656929016113
ETTm1,1,10409,44968,0,251,10.717000007629395,10.584051132202148
ETTm1,1,10409,44968,0,252,10.85099983215332,10.814644813537598
ETTm1,1,10409,44968,0,253,10.515999794006348,10.358372688293457
ETTm1,1,10409,44968,0,254,9.645000457763672,10.35075569152832
ETTm1,1,10409,44968,0,255,10.11400032043457,10.145490646362305
ETTm1,1,10409,44968,0,256,9.243000030517578,10.398720741271973
ETTm1,1,10409,44968,0,257,9.913000106811523,10.505037307739258
ETTm1,1,10409,44968,0,258,9.57800006866455,10.138483047485352
ETTm1,1,10409,44968,0,259,10.180999755859375,10.06838607788086
ETTm1,1,10409,44968,0,260,10.449000358581543,10.101308822631836
ETTm1,1,10409,44968,0,261,10.449000358581543,10.174005508422852
ETTm1,1,10409,44968,0,262,9.51099967956543,9.662364959716797
ETTm1,1,10409,44968,0,263,10.649999618530273,10.266290664672852
ETTm1,1,10409,44968,0,264,10.984999656677246,10.245832443237305
ETTm1,1,10409,44968,0,265,9.779000282287598,10.048171997070312
ETTm1,1,10409,44968,0,266,10.784000396728516,10.553982734680176
ETTm1,1,10409,44968,0,267,10.449000358581543,10.51745891571045
ETTm1,1,10409,44968,0,268,10.918000221252441,10.362902641296387
ETTm1,1,10409,44968,0,269,10.918000221252441,10.71639633178711
ETTm1,1,10409,44968,0,270,10.717000007629395,10.981618881225586
ETTm1,1,10409,44968,0,271,10.649999618530273,10.720414161682129
ETTm1,1,10409,44968,0,272,11.854999542236328,10.653852462768555
ETTm1,1,10409,44968,0,273,11.720999717712402,11.136552810668945
ETTm1,1,10409,44968,0,274,12.390999794006348,11.317573547363281
ETTm1,1,10409,44968,0,275,13.463000297546387,11.012716293334961
ETTm1,1,10409,44968,0,276,12.859999656677246,11.121031761169434
ETTm1,1,10409,44968,0,277,12.592000007629395,10.337899208068848
ETTm1,1,10409,44968,0,278,11.92199993133545,9.881857872009277
ETTm1,1,10409,44968,0,279,11.119000434875488,8.323369979858398
ETTm1,1,10409,44968,0,280,8.907999992370605,7.661032199859619
ETTm1,1,10409,44968,0,281,10.248000144958496,6.256021976470947
ETTm1,1,10409,44968,0,282,9.109000205993652,5.454920291900635
ETTm1,1,10409,44968,0,283,6.966000080108643,3.5827832221984863
ETTm1,1,10409,44968,0,284,7.836999893188477,3.4696226119995117
ETTm1,1,10409,44968,0,285,7.568999767303467,2.5103397369384766
ETTm1,1,10409,44968,0,286,7.836999893188477,1.7985801696777344
ETTm1,1,10409,44968,0,287,7.099999904632568,1.592750072479248
ETTm1,1,10409,44968,0,288,7.099999904632568,0.47849035263061523
ETTm1,1,10409,44968,0,289,6.095000267028809,0.32719945907592773
ETTm1,1,10409,44968,0,290,7.166999816894531,-0.04720640182495117
ETTm1,1,10409,44968,0,291,6.229000091552734,-0.19507741928100586
ETTm1,1,10409,44968,0,292,3.750999927520752,-1.203122615814209
ETTm1,1,10409,44968,0,293,1.4070000648498535,-1.643202304840088
ETTm1,1,10409,44968,0,294,4.622000217437744,-2.763782024383545
ETTm1,1,10409,44968,0,295,2.2769999504089355,-2.507789134979248
ETTm1,1,10409,44968,0,296,3.5500001907348633,-2.6305480003356934
ETTm1,1,10409,44968,0,297,2.4780001640319824,-2.826843738555908
ETTm1,1,10409,44968,0,298,3.4830002784729004,-3.0507102012634277
ETTm1,1,10409,44968,0,299,2.880000114440918,-2.4965147972106934
ETTm1,1,10409,44968,0,300,3.4830002784729004,-2.3430676460266113
ETTm1,1,10409,44968,0,301,3.5500001907348633,-2.4082741737365723
ETTm1,1,10409,44968,0,302,3.885000228881836,-1.698235034942627
ETTm1,1,10409,44968,0,303,1.4739999771118164,-1.5048556327819824
ETTm1,1,10409,44968,0,304,3.081000328063965,-1.1184344291687012
ETTm1,1,10409,44968,0,305,2.6120004653930664,-0.6979794502258301
ETTm1,1,10409,44968,0,306,3.2820000648498535,-0.009445667266845703
ETTm1,1,10409,44968,0,307,5.157000541687012,-0.02487039566040039
ETTm1,1,10409,44968,0,308,4.956999778747559,1.1757373809814453
ETTm1,1,10409,44968,0,309,4.889999866485596,1.786574363708496
ETTm1,1,10409,44968,0,310,5.157000541687012,2.5325393676757812
ETTm1,1,10409,44968,0,311,5.492000579833984,3.614579200744629
ETTm1,1,10409,44968,0,312,6.229000091552734,4.675681114196777
ETTm1,1,10409,44968,0,313,6.63100004196167,5.1602702140808105
ETTm1,1,10409,44968,0,314,7.636000156402588,5.660247802734375
ETTm1,1,10409,44968,0,315,7.301000118255615,6.710024833679199
ETTm1,1,10409,44968,0,316,7.368000030517578,7.544209957122803
ETTm1,1,10409,44968,0,317,7.434999942779541,7.74643611907959
ETTm1,1,10409,44968,0,318,7.368000030517578,7.895841598510742
ETTm1,1,10409,44968,0,319,7.301000118255615,8.465158462524414
ETTm1,1,10409,44968,0,320,7.234000205993652,8.503472328186035
ETTm1,1,10409,44968,0,321,7.568999767303467,8.652063369750977
ETTm1,1,10409,44968,0,322,7.301000118255615,8.778528213500977
ETTm1,1,10409,44968,0,323,7.234000205993652,8.15570068359375
ETTm1,1,10409,44968,0,324,7.234000205993652,8.003753662109375
ETTm1,1,10409,44968,0,325,6.966000080108643,7.7738871574401855
ETTm1,1,10409,44968,0,326,6.89900016784668,7.7444329261779785
ETTm1,1,10409,44968,0,327,6.497000217437744,7.25295352935791
ETTm1,1,10409,44968,0,328,6.564000129699707,7.362155914306641
ETTm1,1,10409,44968,0,329,6.0279998779296875,7.459456443786621
ETTm1,1,10409,44968,0,330,5.894000053405762,7.333995819091797
ETTm1,1,10409,44968,0,331,5.692999839782715,7.440880298614502
ETTm1,1,10409,44968,0,332,5.760000228881836,7.534624099731445
ETTm1,1,10409,44968,0,333,8.17199993133545,7.926914691925049
ETTm1,1,10409,44968,0,334,7.501999855041504,8.058823585510254
ETTm1,1,10409,44968,0,335,8.038000106811523,8.498665809631348
ETTm1,1,10409,44968,0,336,10.04699993133545,8.658003807067871
ETTm1,1,10409,44968,0,337,10.3149995803833,8.663973808288574
ETTm1,1,10409,44968,0,338,10.85099983215332,9.403892517089844
ETTm1,1,10409,44968,0,339,9.444000244140625,9.27998161315918
ETTm1,1,10409,44968,0,340,10.583000183105469,9.620950698852539
ETTm1,1,10409,44968,0,341,9.979999542236328,9.612689971923828
ETTm1,1,10409,44968,0,342,11.720999717712402,10.039693832397461
ETTm1,1,10409,44968,0,343,12.123000144958496,9.691293716430664
ETTm1,1,10409,44968,0,344,11.854999542236328,9.686249732971191
ETTm1,1,10409,44968,0,345,11.654999732971191,9.974326133728027
ETTm1,1,10409,44968,0,346,12.1899995803833,9.96396255493164
ETTm1,1,10409,44968,0,347,12.458000183105469,9.942350387573242
ETTm1,1,10409,44968,0,348,11.185999870300293,9.600287437438965
ETTm1,1,10409,44968,0,349,11.98900032043457,9.775062561035156
ETTm1,1,10409,44968,0,350,11.98900032043457,9.485323905944824
ETTm1,1,10409,44968,0,351,11.588000297546387,9.149765014648438
ETTm1,1,10409,44968,0,352,11.520999908447266,9.253744125366211
ETTm1,1,10409,44968,0,353,11.253000259399414,9.257075309753418
ETTm1,1,10409,44968,0,354,11.319999694824219,9.140460014343262
ETTm1,1,10409,44968,0,355,11.253000259399414,9.172555923461914
ETTm1,1,10409,44968,0,356,10.85099983215332,9.221901893615723
ETTm1,1,10409,44968,0,357,11.654999732971191,9.288984298706055
ETTm1,1,10409,44968,0,358,12.055999755859375,9.624555587768555
ETTm1,1,10409,44968,0,359,11.720999717712402,9.80560302734375
ETTm1,1,10409,44968,0,360,10.11400032043457,9.580994606018066
ETTm1,1,10409,44968,0,361,12.390999794006348,9.564003944396973
ETTm1,1,10409,44968,0,362,11.588000297546387,9.745505332946777
ETTm1,1,10409,44968,0,363,12.1899995803833,9.910778045654297
ETTm1,1,10409,44968,0,364,11.253000259399414,10.239104270935059
ETTm1,1,10409,44968,0,365,12.524999618530273,9.981009483337402
ETTm1,1,10409,44968,0,366,11.98900032043457,10.517967224121094
ETTm1,1,10409,44968,0,367,12.859999656677246,10.666341781616211
ETTm1,1,10409,44968,0,368,13.395999908447266,10.751582145690918
ETTm1,1,10409,44968,0,369,11.788000106811523,10.516674041748047
ETTm1,1,10409,44968,0,370,13.060999870300293,10.765645027160645
ETTm1,1,10409,44968,0,371,13.329000473022461,10.602348327636719
ETTm1,1,10409,44968,0,372,12.123000144958496,10.245237350463867
ETTm1,1,10409,44968,0,373,12.458000183105469,9.834892272949219
ETTm1,1,10409,44968,0,374,10.248000144958496,8.861161231994629
ETTm1,1,10409,44968,0,375,11.052000045776367,8.37976360321045
ETTm1,1,10409,44968,0,376,9.913000106811523,7.337039470672607
ETTm1,1,10409,44968,0,377,9.243000030517578,6.403357028961182
ETTm1,1,10409,44968,0,378,7.703000068664551,5.854371070861816
ETTm1,1,10409,44968,0,379,6.966000080108643,4.264248847961426
ETTm1,1,10409,44968,0,380,4.822999954223633,3.8727712631225586
ETTm1,1,10409,44968,0,381,3.684000015258789,2.9345359802246094
ETTm1,1,10409,44968,0,382,0.7370004653930664,2.28995418548584
ETTm1,1,10409,44968,0,383,2.0759997367858887,1.5711560249328613
ETTm1,1,10409,44968,0,384,3.750999927520752,1.6751089096069336
ETTm1,1,10409,44968,0,385,6.831999778747559,0.6332659721374512
ETTm1,1,10409,44968,0,386,6.89900016784668,-0.037416934967041016
ETTm1,1,10409,44968,0,387,7.099999904632568,-0.2631974220275879
ETTm1,1,10409,44968,0,388,4.822999954223633,-0.9501090049743652
ETTm1,1,10409,44968,0,389,4.4210004806518555,-1.6879534721374512
ETTm1,1,10409,44968,0,390,4.28700065612793,-1.9076485633850098
ETTm1,1,10409,44968,0,391,4.822999954223633,-2.006141185760498
ETTm1,1,10409,44968,0,392,3.885000228881836,-2.6243224143981934
ETTm1,1,10409,44968,0,393,3.5500001907348633,-2.5934090614318848
ETTm1,1,10409,44968,0,394,1.4739999771118164,-2.7253098487854004
ETTm1,1,10409,44968,0,395,1.808000087738037,-2.450565814971924
ETTm1,1,10409,44968,0,396,2.0759997367858887,-2.2288365364074707
ETTm1,1,10409,44968,0,397,4.21999979019165,-2.2219929695129395
ETTm1,1,10409,44968,0,398,3.952000141143799,-1.3726019859313965
ETTm1,1,10409,44968,0,399,5.827000617980957,-1.1404995918273926
ETTm1,1,10409,44968,0,400,6.63100004196167,-0.7822861671447754
ETTm1,1,10409,44968,0,401,5.223999977111816,-0.4474358558654785
ETTm1,1,10409,44968,0,402,5.223999977111816,-0.0988917350769043
ETTm1,1,10409,44968,0,403,6.296000003814697,1.079993724822998
ETTm1,1,10409,44968,0,404,5.961000442504883,1.0350041389465332
ETTm1,1,10409,44968,0,405,5.760000228881836,2.0263257026672363
ETTm1,1,10409,44968,0,406,5.425000190734863,2.486095905303955
ETTm1,1,10409,44968,0,407,6.229000091552734,3.3364124298095703
ETTm1,1,10409,44968,0,408,6.564000129699707,4.148800849914551
ETTm1,1,10409,44968,0,409,6.697999954223633,5.175534248352051
ETTm1,1,10409,44968,0,410,7.301000118255615,5.758448600769043
ETTm1,1,10409,44968,0,411,7.9039998054504395,6.234585762023926
ETTm1,1,10409,44968,0,412,8.439000129699707,7.376407623291016
ETTm1,1,10409,44968,0,413,8.640000343322754,7.954189300537109
ETTm1,1,10409,44968,0,414,8.371999740600586,7.943599700927734
ETTm1,1,10409,44968,0,415,7.9039998054504395,8.462547302246094
ETTm1,1,10409,44968,0,416,7.9039998054504395,8.137739181518555
ETTm1,1,10409,44968,0,417,7.568999767303467,8.421284675598145
ETTm1,1,10409,44968,0,418,7.301000118255615,8.58447551727295
ETTm1,1,10409,44968,0,419,7.0329999923706055,8.101186752319336
ETTm1,1,10409,44968,0,420,7.166999816894531,8.466413497924805
ETTm1,1,10409,44968,0,421,6.89900016784668,7.923323154449463
ETTm1,1,10409,44968,0,422,6.831999778747559,7.915739059448242
ETTm1,1,10409,44968,0,423,6.497000217437744,7.635528564453125
ETTm1,1,10409,44968,0,424,6.296000003814697,7.545254230499268
ETTm1,1,10409,44968,0,425,5.894000053405762,7.584816932678223
ETTm1,1,10409,44968,0,426,5.692999839782715,7.64966344833374
ETTm1,1,10409,44968,0,427,5.62600040435791,7.445183753967285
ETTm1,1,10409,44968,0,428,5.894000053405762,7.702918529510498
ETTm1,1,10409,44968,0,429,7.9039998054504395,7.729578495025635
ETTm1,1,10409,44968,0,430,7.9039998054504395,7.841906547546387
ETTm1,1,10409,44968,0,431,7.099999904632568,8.319831848144531
ETTm1,1,10409,44968,0,432,7.9039998054504395,8.46369457244873
ETTm1,1,10409,44968,0,433,9.243000030517578,8.32292652130127
ETTm1,1,10409,44968,0,434,9.711999893188477,8.944021224975586
ETTm1,1,10409,44968,0,435,9.845999717712402,9.171727180480957
ETTm1,1,10409,44968,0,436,10.449000358581543,9.409278869628906
ETTm1,1,10409,44968,0,437,10.984999656677246,9.744104385375977
ETTm1,1,10409,44968,0,438,10.85099983215332,9.974430084228516
ETTm1,1,10409,44968,0,439,9.109000205993652,9.877346992492676
ETTm1,1,10409,44968,0,440,10.984999656677246,10.322053909301758
ETTm1,1,10409,44968,0,441,11.319999694824219,9.948689460754395
ETTm1,1,10409,44968,0,442,9.913000106811523,10.064900398254395
ETTm1,1,10409,44968,0,443,11.654999732971191,10.127172470092773
ETTm1,1,10409,44968,0,444,12.123000144958496,10.245975494384766
ETTm1,1,10409,44968,0,445,9.845999717712402,9.937826156616211
ETTm1,1,10409,44968,0,446,9.779000282287598,9.397069931030273
ETTm1,1,10409,44968,0,447,11.854999542236328,9.394886016845703
ETTm1,1,10409,44968,0,448,11.253000259399414,9.351808547973633
ETTm1,1,10409,44968,0,449,10.984999656677246,9.581037521362305
ETTm1,1,10409,44968,0,450,10.918000221252441,9.41529655456543
ETTm1,1,10409,44968,0,451,11.520999908447266,9.355408668518066
ETTm1,1,10409,44968,0,452,11.654999732971191,9.40304946899414
ETTm1,1,10409,44968,0,453,10.918000221252441,9.631229400634766
ETTm1,1,10409,44968,0,454,10.984999656677246,9.391396522521973
ETTm1,1,10409,44968,0,455,10.649999618530273,9.454015731811523
ETTm1,1,10409,44968,0,456,9.243000030517578,10.215936660766602
ETTm1,1,10409,44968,0,457,11.185999870300293,10.082590103149414
ETTm1,1,10409,44968,0,458,11.788000106811523,10.135055541992188
ETTm1,1,10409,44968,0,459,11.654999732971191,10.218496322631836
ETTm1,1,10409,44968,0,460,11.92199993133545,10.132325172424316
ETTm1,1,10409,44968,0,461,10.649999618530273,10.755967140197754
ETTm1,1,10409,44968,0,462,11.38700008392334,10.474245071411133
ETTm1,1,10409,44968,0,463,10.918000221252441,10.486635208129883
ETTm1,1,10409,44968,0,464,12.32400131225586,10.67276668548584
ETTm1,1,10409,44968,0,465,13.79800033569336,10.73599910736084
ETTm1,1,10409,44968,0,466,13.99899959564209,10.555290222167969
ETTm1,1,10409,44968,0,467,12.524999618530273,10.634910583496094
ETTm1,1,10409,44968,0,468,13.730999946594238,10.248092651367188
ETTm1,1,10409,44968,0,469,11.854999542236328,9.634705543518066
ETTm1,1,10409,44968,0,470,11.119000434875488,9.496675491333008
ETTm1,1,10409,44968,0,471,9.913000106811523,8.506606101989746
ETTm1,1,10409,44968,0,472,8.77400016784668,7.386468410491943
ETTm1,1,10409,44968,0,473,8.907999992370605,6.467811107635498
ETTm1,1,10409,44968,0,474,4.956999778747559,5.50701904296875
ETTm1,1,10409,44968,0,475,4.555000305175781,4.53862190246582
ETTm1,1,10409,44968,0,476,3.5500001907348633,3.690263271331787
ETTm1,1,10409,44968,0,477,1.3400001525878906,3.0270276069641113
ETTm1,1,10409,44968,0,478,2.4110002517700195,2.0885467529296875
ETTm1,1,10409,44968,0,479,2.813000202178955,1.9296746253967285
ETTm1,1,10409,44968,0,480,2.2769999504089355,1.2307114601135254
ETTm1,1,10409,44968,0,481,2.5450005531311035,0.45301294326782227
ETTm1,1,10409,44968,0,482,0.6029996871948242,-0.05756711959838867
ETTm1,1,10409,44968,0,483,-3.0139994621276855,-0.4314408302307129
ETTm1,1,10409,44968,0,484,-1.5409998893737793,-0.889441967010498
ETTm1,1,10409,44968,0,485,-1.740999698638916,-1.3390402793884277
ETTm1,1,10409,44968,0,486,-0.13400030136108398,-2.112880229949951
ETTm1,1,10409,44968,0,487,1.005000114440918,-1.9013152122497559
ETTm1,1,10409,44968,0,488,1.0720000267028809,-2.609422206878662
ETTm1,1,10409,44968,0,489,1.4070000648498535,-2.6437888145446777
ETTm1,1,10409,44968,0,490,2.1429996490478516,-3.091614246368408
ETTm1,1,10409,44968,0,491,2.746000289916992,-2.4774603843688965
ETTm1,1,10409,44968,0,492,2.0759997367858887,-2.589869976043701
ETTm1,1,10409,44968,0,493,1.7410001754760742,-1.8956398963928223
ETTm1,1,10409,44968,0,494,3.081000328063965,-1.499901294708252
ETTm1,1,10409,44968,0,495,-1.4070000648498535,-1.1880736351013184
ETTm1,1,10409,44968,0,496,-1.808000087738037,-1.2717041969299316
ETTm1,1,10409,44968,0,497,-1.6080002784729004,-0.8446545600891113
ETTm1,1,10409,44968,0,498,-1.2059998512268066,-0.10645246505737305
ETTm1,1,10409,44968,0,499,1.6740002632141113,0.44087696075439453
ETTm1,1,10409,44968,0,500,2.2100000381469727,1.0313916206359863
ETTm1,1,10409,44968,0,501,2.6790003776550293,1.50502347946167
ETTm1,1,10409,44968,0,502,1.6740002632141113,2.2229905128479004
ETTm1,1,10409,44968,0,503,3.818000316619873,3.0096921920776367
ETTm1,1,10409,44968,0,504,3.081000328063965,4.30126428604126
ETTm1,1,10409,44968,0,505,4.28700065612793,5.171038627624512
ETTm1,1,10409,44968,0,506,5.357999801635742,5.592955589294434
ETTm1,1,10409,44968,0,507,7.368000030517578,6.357510566711426
ETTm1,1,10409,44968,0,508,7.769999980926514,6.944342613220215
ETTm1,1,10409,44968,0,509,7.368000030517578,7.6974077224731445
ETTm1,1,10409,44968,0,510,6.831999778747559,8.120941162109375
ETTm1,1,10409,44968,0,511,6.89900016784668,8.640722274780273
ETTm1,1,10409,44968,0,512,7.0329999923706055,8.34384822845459
ETTm1,1,10409,44968,0,513,7.301000118255615,8.204015731811523
ETTm1,1,10409,44968,0,514,7.434999942779541,8.336522102355957
ETTm1,1,10409,44968,0,515,7.0329999923706055,8.220848083496094
ETTm1,1,10409,44968,0,516,6.966000080108643,7.596220016479492
ETTm1,1,10409,44968,0,517,6.831999778747559,7.7455034255981445
ETTm1,1,10409,44968,0,518,6.63100004196167,7.527076244354248
ETTm1,1,10409,44968,0,519,6.497000217437744,7.709933757781982
ETTm1,1,10409,44968,0,520,6.296000003814697,7.55464506149292
ETTm1,1,10409,44968,0,521,6.095000267028809,7.672886848449707
ETTm1,1,10409,44968,0,522,5.692999839782715,7.64854621887207
ETTm1,1,10409,44968,0,523,5.559000015258789,8.091470718383789
ETTm1,1,10409,44968,0,524,5.223999977111816,8.257244110107422
ETTm1,1,10409,44968,0,525,5.760000228881836,8.083468437194824
ETTm1,1,10409,44968,0,526,5.894000053405762,8.422639846801758
ETTm1,1,10409,44968,0,527,5.760000228881836,8.283263206481934
ETTm1,1,10409,44968,0,528,5.692999839782715,8.690644264221191
ETTm1,1,10409,44968,0,529,5.961000442504883,8.913595199584961
ETTm1,1,10409,44968,0,530,6.697999954223633,8.994651794433594
ETTm1,1,10409,44968,0,531,7.501999855041504,9.315059661865234
ETTm1,1,10409,44968,0,532,8.17199993133545,9.286949157714844
ETTm1,1,10409,44968,0,533,8.975000381469727,9.84659481048584
ETTm1,1,10409,44968,0,534,9.243000030517578,9.77668571472168
ETTm1,1,10409,44968,0,535,8.77400016784668,10.086813926696777
ETTm1,1,10409,44968,0,536,8.706999778747559,9.83740520477295
ETTm1,1,10409,44968,0,537,8.975000381469727,10.403661727905273
ETTm1,1,10409,44968,0,538,8.439000129699707,10.018928527832031
ETTm1,1,10409,44968,0,539,8.371999740600586,9.764381408691406
ETTm1,1,10409,44968,0,540,6.497000217437744,9.663508415222168
ETTm1,1,10409,44968,0,541,8.104999542236328,9.732494354248047
ETTm1,1,10409,44968,0,542,7.836999893188477,9.412327766418457
ETTm1,1,10409,44968,0,543,7.9710001945495605,9.243587493896484
ETTm1,1,10409,44968,0,544,8.038000106811523,9.357866287231445
ETTm1,1,10409,44968,0,545,8.572999954223633,8.970952987670898
ETTm1,1,10409,44968,0,546,8.640000343322754,9.027634620666504
ETTm1,1,10409,44968,0,547,7.9710001945495605,9.109796524047852
ETTm1,1,10409,44968,0,548,8.371999740600586,9.203853607177734
ETTm1,1,10409,44968,0,549,7.9039998054504395,9.293798446655273
ETTm1,1,10409,44968,0,550,7.368000030517578,9.285484313964844
ETTm1,1,10409,44968,0,551,7.769999980926514,9.421696662902832
ETTm1,1,10409,44968,0,552,8.17199993133545,9.33582592010498
ETTm1,1,10409,44968,0,553,8.305999755859375,9.757318496704102
ETTm1,1,10409,44968,0,554,8.104999542236328,9.802576065063477
ETTm1,1,10409,44968,0,555,8.17199993133545,9.927654266357422
ETTm1,1,10409,44968,0,556,7.703000068664551,10.029868125915527
ETTm1,1,10409,44968,0,557,9.041999816894531,10.047002792358398
ETTm1,1,10409,44968,0,558,8.706999778747559,10.371356010437012
ETTm1,1,10409,44968,0,559,9.444000244140625,10.469016075134277
ETTm1,1,10409,44968,0,560,9.645000457763672,10.34559440612793
ETTm1,1,10409,44968,0,561,9.243000030517578,10.557287216186523
ETTm1,1,10409,44968,0,562,9.645000457763672,10.785989761352539
ETTm1,1,10409,44968,0,563,10.3149995803833,10.413566589355469
ETTm1,1,10409,44968,0,564,10.583000183105469,10.224079132080078
ETTm1,1,10409,44968,0,565,9.243000030517578,9.292560577392578
ETTm1,1,10409,44968,0,566,7.769999980926514,9.04119873046875
ETTm1,1,10409,44968,0,567,7.636000156402588,7.646172046661377
ETTm1,1,10409,44968,0,568,6.564000129699707,7.08329439163208
ETTm1,1,10409,44968,0,569,6.564000129699707,5.907099723815918
ETTm1,1,10409,44968,0,570,6.564000129699707,5.317984104156494
ETTm1,1,10409,44968,0,571,6.89900016784668,4.290389060974121
ETTm1,1,10409,44968,0,572,6.229000091552734,3.243338108062744
ETTm1,1,10409,44968,0,573,4.956999778747559,2.224832057952881
ETTm1,1,10409,44968,0,574,4.622000217437744,1.8068461418151855
ETTm1,1,10409,44968,0,575,4.822999954223633,1.3684535026550293
ETTm1,1,10409,44968,0,576,4.354000091552734,0.8118743896484375
ETTm1,1,10409,44968,0,577,3.2820000648498535,0.342618465423584
ETTm1,1,10409,44968,0,578,6.831999778747559,-0.3020930290222168
ETTm1,1,10409,44968,0,579,5.62600040435791,-1.0939021110534668
ETTm1,1,10409,44968,0,580,4.4210004806518555,-1.3156094551086426
ETTm1,1,10409,44968,0,581,2.4780001640319824,-2.216142177581787
ETTm1,1,10409,44968,0,582,2.3440003395080566,-2.5382237434387207
ETTm1,1,10409,44968,0,583,0.8040003776550293,-3.109692096710205
ETTm1,1,10409,44968,0,584,-0.7369999885559082,-3.116036891937256
ETTm1,1,10409,44968,0,585,-0.13400030136108398,-3.9429945945739746
ETTm1,1,10409,44968,0,586,1.0720000267028809,-3.12483549118042
ETTm1,1,10409,44968,0,587,1.875,-3.0089879035949707
ETTm1,1,10409,44968,0,588,0.06699991226196289,-2.9823355674743652
ETTm1,1,10409,44968,0,589,0.0,-2.4768710136413574
ETTm1,1,10409,44968,0,590,1.3400001525878906,-1.8773703575134277
ETTm1,1,10409,44968,0,591,0.6700005531311035,-1.5422959327697754
ETTm1,1,10409,44968,0,592,2.813000202178955,-0.46964597702026367
ETTm1,1,10409,44968,0,593,1.2060003280639648,-0.8030562400817871
ETTm1,1,10409,44968,0,594,-0.8039994239807129,0.10239791870117188
ETTm1,1,10409,44968,0,595,-1.0720000267028809,0.362088680267334
ETTm1,1,10409,44968,0,596,0.40199995040893555,0.6108975410461426
ETTm1,1,10409,44968,0,597,1.5409998893737793,1.8301606178283691
ETTm1,1,10409,44968,0,598,2.5450005531311035,2.34660005569458
ETTm1,1,10409,44968,0,599,4.1529998779296875,3.4987306594848633
ETTm1,1,10409,44968,0,600,4.956999778747559,4.004498481750488
ETTm1,1,10409,44968,0,601,6.229000091552734,4.898455619812012
ETTm1,1,10409,44968,0,602,7.368000030517578,5.656063079833984
ETTm1,1,10409,44968,0,603,8.104999542236328,6.730016708374023
ETTm1,1,10409,44968,0,604,8.17199993133545,6.948119163513184
ETTm1,1,10409,44968,0,605,7.836999893188477,7.609813690185547
ETTm1,1,10409,44968,0,606,7.501999855041504,7.963159561157227
ETTm1,1,10409,44968,0,607,7.234000205993652,7.877135753631592
ETTm1,1,10409,44968,0,608,7.368000030517578,7.805549144744873
ETTm1,1,10409,44968,0,609,7.501999855041504,7.941283702850342
ETTm1,1,10409,44968,0,610,7.636000156402588,7.651305198669434
ETTm1,1,10409,44968,0,611,7.9039998054504395,7.822486400604248
ETTm1,1,10409,44968,0,612,7.9039998054504395,7.8408427238464355
ETTm1,1,10409,44968,0,613,7.568999767303467,7.5211334228515625
ETTm1,1,10409,44968,0,614,7.568999767303467,7.97824239730835
ETTm1,1,10409,44968,0,615,7.301000118255615,7.510603427886963
ETTm1,1,10409,44968,0,616,7.099999904632568,7.23157262802124
ETTm1,1,10409,44968,0,617,6.764999866485596,7.108260631561279
ETTm1,1,10409,44968,0,618,6.429999828338623,7.567416191101074
ETTm1,1,10409,44968,0,619,6.095000267028809,7.306760311126709
ETTm1,1,10409,44968,0,620,8.305999755859375,7.359292984008789
ETTm1,1,10409,44968,0,621,8.907999992370605,7.384905815124512
ETTm1,1,10409,44968,0,622,8.706999778747559,7.462419509887695
ETTm1,1,10409,44968,0,623,7.9039998054504395,7.814023971557617
ETTm1,1,10409,44968,0,624,8.77400016784668,7.8126749992370605
ETTm1,1,10409,44968,0,625,10.11400032043457,8.227973937988281
ETTm1,1,10409,44968,0,626,10.717000007629395,8.044289588928223
ETTm1,1,10409,44968,0,627,9.913000106811523,8.716275215148926
ETTm1,1,10409,44968,0,628,11.185999870300293,8.875798225402832
ETTm1,1,10409,44968,0,629,10.449000358581543,9.200004577636719
ETTm1,1,10409,44968,0,630,11.119000434875488,9.266051292419434
ETTm1,1,10409,44968,0,631,10.449000358581543,9.359329223632812
ETTm1,1,10409,44968,0,632,11.720999717712402,9.519475936889648
ETTm1,1,10409,44968,0,633,10.784000396728516,9.375720977783203
ETTm1,1,10409,44968,0,634,10.85099983215332,9.092500686645508
ETTm1,1,10409,44968,0,635,10.984999656677246,9.226454734802246
ETTm1,1,10409,44968,0,636,9.979999542236328,8.918018341064453
ETTm1,1,10409,44968,0,637,10.583000183105469,8.7800931930542
ETTm1,1,10409,44968,0,638,10.717000007629395,8.942085266113281
ETTm1,1,10409,44968,0,639,11.119000434875488,8.83716106414795
ETTm1,1,10409,44968,0,640,9.845999717712402,8.508912086486816
ETTm1,1,10409,44968,0,641,10.04699993133545,8.450950622558594
ETTm1,1,10409,44968,0,642,11.052000045776367,8.665437698364258
ETTm1,1,10409,44968,0,643,10.3149995803833,8.714637756347656
ETTm1,1,10409,44968,0,644,10.449000358581543,7.991048812866211
ETTm1,1,10409,44968,0,645,10.248000144958496,8.360613822937012
ETTm1,1,10409,44968,0,646,9.51099967956543,8.461429595947266
ETTm1,1,10409,44968,0,647,9.57800006866455,8.601667404174805
ETTm1,1,10409,44968,0,648,11.052000045776367,9.06167984008789
ETTm1,1,10409,44968,0,649,9.51099967956543,9.050101280212402
ETTm1,1,10409,44968,0,650,10.381999969482422,9.247167587280273
ETTm1,1,10409,44968,0,651,10.717000007629395,9.523323059082031
ETTm1,1,10409,44968,0,652,10.248000144958496,9.269730567932129
ETTm1,1,10409,44968,0,653,11.253000259399414,9.728425979614258
ETTm1,1,10409,44968,0,654,11.454000473022461,9.852861404418945
ETTm1,1,10409,44968,0,655,11.185999870300293,10.150823593139648
ETTm1,1,10409,44968,0,656,12.524999618530273,9.629650115966797
ETTm1,1,10409,44968,0,657,11.520999908447266,9.741056442260742
ETTm1,1,10409,44968,0,658,12.32400131225586,9.360651016235352
ETTm1,1,10409,44968,0,659,12.390999794006348,9.555712699890137
ETTm1,1,10409,44968,0,660,12.592000007629395,9.180166244506836
ETTm1,1,10409,44968,0,661,12.123000144958496,8.940701484680176
ETTm1,1,10409,44968,0,662,8.572999954223633,8.177533149719238
ETTm1,1,10409,44968,0,663,7.166999816894531,7.090678691864014
ETTm1,1,10409,44968,0,664,8.038000106811523,6.732150077819824
ETTm1,1,10409,44968,0,665,5.559000015258789,6.013624668121338
ETTm1,1,10409,44968,0,666,5.157000541687012,5.225600242614746
ETTm1,1,10409,44968,0,667,2.4780001640319824,3.8089599609375
ETTm1,1,10409,44968,0,668,3.885000228881836,3.40757417678833
ETTm1,1,10409,44968,0,669,1.6740002632141113,2.4458298683166504
ETTm1,1,10409,44968,0,670,2.2100000381469727,1.9217309951782227
ETTm1,1,10409,44968,0,671,-7.368000507354736,1.7047138214111328
ETTm1,1,10409,44968,0,672,2.947000026702881,1.1633491516113281
ETTm1,1,10409,44968,0,673,0.6700005531311035,0.16575956344604492
ETTm1,1,10409,44968,0,674,-0.20099973678588867,-0.1988072395324707
ETTm1,1,10409,44968,0,675,-7.166999340057373,-1.1233811378479004
ETTm1,1,10409,44968,0,676,-4.688999652862549,-1.4292407035827637
ETTm1,1,10409,44968,0,677,-1.2730002403259277,-1.688107967376709
ETTm1,1,10409,44968,0,678,0.8040003776550293,-2.1028695106506348
ETTm1,1,10409,44968,0,679,-1.2730002403259277,-2.5990090370178223
ETTm1,1,10409,44968,0,680,-1.0720000267028809,-3.5671133995056152
ETTm1,1,10409,44968,0,681,-1.5409998893737793,-3.5819668769836426
ETTm1,1,10409,44968,0,682,-4.488000392913818,-3.6040120124816895
ETTm1,1,10409,44968,0,683,-3.549999713897705,-3.517609119415283
ETTm1,1,10409,44968,0,684,-3.482999324798584,-3.200782299041748
ETTm1,1,10409,44968,0,685,-1.4739995002746582,-3.02455472946167
ETTm1,1,10409,44968,0,686,-1.6740002632141113,-2.206871509552002
ETTm1,1,10409,44968,0,687,0.13400030136108398,-1.580838680267334
ETTm1,1,10409,44968,0,688,0.06699991226196289,-1.1027560234069824
ETTm1,1,10409,44968,0,689,-0.46900033950805664,-0.33621835708618164
ETTm1,1,10409,44968,0,690,1.941999912261963,0.3824896812438965
ETTm1,1,10409,44968,0,691,0.7370004653930664,0.2657032012939453
ETTm1,1,10409,44968,0,692,2.008999824523926,0.9580783843994141
ETTm1,1,10409,44968,0,693,1.5409998893737793,1.3984012603759766
ETTm1,1,10409,44968,0,694,2.6790003776550293,1.9874167442321777
ETTm1,1,10409,44968,0,695,3.5500001907348633,2.8797292709350586
ETTm1,1,10409,44968,0,696,0.8040003776550293,3.669283390045166
ETTm1,1,10409,44968,0,697,2.880000114440918,4.467273235321045
ETTm1,1,10409,44968,0,698,6.764999866485596,5.309909820556641
ETTm1,1,10409,44968,0,699,7.703000068664551,6.304301738739014
ETTm1,1,10409,44968,0,700,8.23900032043457,6.648022174835205
ETTm1,1,10409,44968,0,701,8.439000129699707,7.355958938598633
ETTm1,1,10409,44968,0,702,8.23900032043457,7.82699728012085
ETTm1,1,10409,44968,0,703,8.23900032043457,8.1267671585083
ETTm1,1,10409,44968,0,704,8.371999740600586,8.004281997680664
ETTm1,1,10409,44968,0,705,8.371999740600586,8.212404251098633
ETTm1,1,10409,44968,0,706,8.23900032043457,8.07406234741211
ETTm1,1,10409,44968,0,707,8.17199993133545,7.994176864624023
ETTm1,1,10409,44968,0,708,8.038000106811523,8.261963844299316
ETTm1,1,10409,44968,0,709,7.9039998054504395,7.932551383972168
ETTm1,1,10409,44968,0,710,7.769999980926514,7.797478675842285
ETTm1,1,10409,44968,0,711,7.568999767303467,7.53268575668335
ETTm1,1,10409,44968,0,712,7.166999816894531,7.42252779006958
ETTm1,1,10409,44968,0,713,6.89900016784668,7.5510358810424805
ETTm1,1,10409,44968,0,714,6.497000217437744,7.403928756713867
ETTm1,1,10409,44968,0,715,6.0279998779296875,7.58003044128418
ETTm1,1,10409,44968,0,716,6.296000003814697,7.771212100982666
ETTm1,1,10409,44968,0,717,7.836999893188477,7.270875930786133
ETTm1,1,10409,44968,0,718,8.572999954223633,7.8684773445129395
ETTm1,1,10409,44968,0,719,8.038000106811523,7.875540256500244
ETTm1,1,10409,44968,0,720,8.907999992370605,8.329702377319336
ETTm1,2,6519,41078,0,1,6.564000129699707,6.920496463775635
ETTm1,2,6519,41078,0,2,6.966000080108643,6.935615062713623
ETTm1,2,6519,41078,0,3,7.501999855041504,7.321712493896484
ETTm1,2,6519,41078,0,4,7.568999767303467,7.288377285003662
ETTm1,2,6519,41078,0,5,6.764999866485596,7.6826863288879395
ETTm1,2,6519,41078,0,6,8.505999565124512,8.007372856140137
ETTm1,2,6519,41078,0,7,7.368000030517578,8.21792221069336
ETTm1,2,6519,41078,0,8,7.703000068664551,8.4407958984375
ETTm1,2,6519,41078,0,9,10.04699993133545,9.026546478271484
ETTm1,2,6519,41078,0,10,10.717000007629395,9.16889476776123
ETTm1,2,6519,41078,0,11,10.3149995803833,9.017369270324707
ETTm1,2,6519,41078,0,12,9.845999717712402,8.885641098022461
ETTm1,2,6519,41078,0,13,8.371999740600586,9.059292793273926
ETTm1,2,6519,41078,0,14,10.381999969482422,8.939398765563965
ETTm1,2,6519,41078,0,15,9.57800006866455,9.043824195861816
ETTm1,2,6519,41078,0,16,9.645000457763672,8.842836380004883
ETTm1,2,6519,41078,0,17,9.979999542236328,9.099837303161621
ETTm1,2,6519,41078,0,18,9.51099967956543,8.84736156463623
ETTm1,2,6519,41078,0,19,10.717000007629395,9.017308235168457
ETTm1,2,6519,41078,0,20,9.979999542236328,8.677907943725586
ETTm1,2,6519,41078,0,21,10.449000358581543,8.880614280700684
ETTm1,2,6519,41078,0,22,8.371999740600586,8.803546905517578
ETTm1,2,6519,41078,0,23,10.248000144958496,9.025106430053711
ETTm1,2,6519,41078,0,24,10.3149995803833,9.130556106567383
ETTm1,2,6519,41078,0,25,10.515999794006348,9.050039291381836
ETTm1,2,6519,41078,0,26,9.57800006866455,8.720335960388184
ETTm1,2,6519,41078,0,27,9.645000457763672,9.03991985321045
ETTm1,2,6519,41078,0,28,10.984999656677246,9.353754997253418
ETTm1,2,6519,41078,0,29,10.3149995803833,9.485159873962402
ETTm1,2,6519,41078,0,30,8.907999992370605,9.399406433105469
ETTm1,2,6519,41078,0,31,10.515999794006348,9.79534912109375
ETTm1,2,6519,41078,0,32,9.779000282287598,9.641722679138184
ETTm1,2,6519,41078,0,33,8.975000381469727,9.782268524169922
ETTm1,2,6519,41078,0,34,10.381999969482422,9.603812217712402
ETTm1,2,6519,41078,0,35,9.444000244140625,9.576404571533203
ETTm1,2,6519,41078,0,36,7.434999942779541,9.896111488342285
ETTm1,2,6519,41078,0,37,8.104999542236328,9.453782081604004
ETTm1,2,6519,41078,0,38,7.234000205993652,9.1007080078125
ETTm1,2,6519,41078,0,39,7.166999816894531,8.326254844665527
ETTm1,2,6519,41078,0,40,6.0279998779296875,7.677432537078857
ETTm1,2,6519,41078,0,41,6.429999828338623,7.162951469421387
ETTm1,2,6519,41078,0,42,6.429999828338623,6.684170722961426
ETTm1,2,6519,41078,0,43,5.425000190734863,6.01726770401001
ETTm1,2,6519,41078,0,44,5.492000579833984,5.66058349609375
ETTm1,2,6519,41078,0,45,5.760000228881836,5.174764633178711
ETTm1,2,6519,41078,0,46,4.354000091552734,4.506552219390869
ETTm1,2,6519,41078,0,47,4.1529998779296875,4.223969459533691
ETTm1,2,6519,41078,0,48,4.48799991607666,4.1058349609375
ETTm1,2,6519,41078,0,49,3.750999927520752,3.5928707122802734
ETTm1,2,6519,41078,0,50,4.1529998779296875,3.0597572326660156
ETTm1,2,6519,41078,0,51,4.956999778747559,2.624612331390381
ETTm1,2,6519,41078,0,52,4.889999866485596,2.2175540924072266
ETTm1,2,6519,41078,0,53,5.357999801635742,1.368605136871338
ETTm1,2,6519,41078,0,54,4.555000305175781,0.6536197662353516
ETTm1,2,6519,41078,0,55,3.885000228881836,-0.39978456497192383
ETTm1,2,6519,41078,0,56,3.2820000648498535,-0.9736161231994629
ETTm1,2,6519,41078,0,57,0.9380002021789551,-1.0327486991882324
ETTm1,2,6519,41078,0,58,1.3400001525878906,-1.2744078636169434
ETTm1,2,6519,41078,0,59,0.8040003776550293,-2.040832042694092
ETTm1,2,6519,41078,0,60,2.008999824523926,-1.2137017250061035
ETTm1,2,6519,41078,0,61,3.0139999389648438,-1.35709810256958
ETTm1,2,6519,41078,0,62,3.952000141143799,-0.8852591514587402
ETTm1,2,6519,41078,0,63,4.555000305175781,-0.6985077857971191
ETTm1,2,6519,41078,0,64,4.48799991607666,-0.5096869468688965
ETTm1,2,6519,41078,0,65,4.28700065612793,-0.9034342765808105
ETTm1,2,6519,41078,0,66,1.4739999771118164,-0.5046648979187012
ETTm1,2,6519,41078,0,67,1.3400001525878906,-0.8144421577453613
ETTm1,2,6519,41078,0,68,1.5409998893737793,-0.542905330657959
ETTm1,2,6519,41078,0,69,2.2769999504089355,-0.31123876571655273
ETTm1,2,6519,41078,0,70,0.6029996871948242,-0.06449651718139648
ETTm1,2,6519,41078,0,71,-0.33499956130981445,0.7109212875366211
ETTm1,2,6519,41078,0,72,2.008999824523926,1.3615922927856445
ETTm1,2,6519,41078,0,73,2.947000026702881,2.185666084289551
ETTm1,2,6519,41078,0,74,5.425000190734863,3.0208868980407715
ETTm1,2,6519,41078,0,75,5.157000541687012,3.7431507110595703
ETTm1,2,6519,41078,0,76,5.692999839782715,4.640163421630859
ETTm1,2,6519,41078,0,77,6.63100004196167,5.296422004699707
ETTm1,2,6519,41078,0,78,6.497000217437744,5.803939342498779
ETTm1,2,6519,41078,0,79,6.564000129699707,6.0869317054748535
ETTm1,2,6519,41078,0,80,6.429999828338623,6.304741859436035
ETTm1,2,6519,41078,0,81,6.429999828338623,6.579977035522461
ETTm1,2,6519,41078,0,82,6.564000129699707,6.739015579223633
ETTm1,2,6519,41078,0,83,6.564000129699707,7.228702545166016
ETTm1,2,6519,41078,0,84,6.89900016784668,7.442972660064697
ETTm1,2,6519,41078,0,85,6.89900016784668,7.714373588562012
ETTm1,2,6519,41078,0,86,7.234000205993652,8.169997215270996
ETTm1,2,6519,41078,0,87,7.769999980926514,8.108071327209473
ETTm1,2,6519,41078,0,88,7.368000030517578,8.489214897155762
ETTm1,2,6519,41078,0,89,7.234000205993652,8.899808883666992
ETTm1,2,6519,41078,0,90,7.368000030517578,8.97968864440918
ETTm1,2,6519,41078,0,91,7.368000030517578,9.13776969909668
ETTm1,2,6519,41078,0,92,6.966000080108643,8.700761795043945
ETTm1,2,6519,41078,0,93,6.831999778747559,8.684285163879395
ETTm1,2,6519,41078,0,94,6.497000217437744,8.856654167175293
ETTm1,2,6519,41078,0,95,6.764999866485596,8.565025329589844
ETTm1,2,6519,41078,0,96,6.229000091552734,8.670231819152832
ETTm1,2,6519,41078,0,97,6.0279998779296875,8.59758472442627
ETTm1,2,6519,41078,0,98,6.429999828338623,8.713190078735352
ETTm1,2,6519,41078,0,99,7.368000030517578,9.101737022399902
ETTm1,2,6519,41078,0,100,7.0329999923706055,9.306649208068848
ETTm1,2,6519,41078,0,101,6.831999778747559,9.874139785766602
ETTm1,2,6519,41078,0,102,7.434999942779541,9.905813217163086
ETTm1,2,6519,41078,0,103,7.703000068664551,10.2479248046875
ETTm1,2,6519,41078,0,104,7.501999855041504,10.308353424072266
ETTm1,2,6519,41078,0,105,8.104999542236328,10.716776847839355
ETTm1,2,6519,41078,0,106,10.248000144958496,10.950997352600098
ETTm1,2,6519,41078,0,107,9.175999641418457,10.953683853149414
ETTm1,2,6519,41078,0,108,8.104999542236328,10.714330673217773
ETTm1,2,6519,41078,0,109,7.9710001945495605,10.609781265258789
ETTm1,2,6519,41078,0,110,8.840999603271484,10.844583511352539
ETTm1,2,6519,41078,0,111,9.243000030517578,10.862007141113281
ETTm1,2,6519,41078,0,112,10.180999755859375,10.810561180114746
ETTm1,2,6519,41078,0,113,9.711999893188477,10.529833793640137
ETTm1,2,6519,41078,0,114,7.636000156402588,10.524211883544922
ETTm1,2,6519,41078,0,115,8.439000129699707,10.46296501159668
ETTm1,2,6519,41078,0,116,8.907999992370605,10.662216186523438
ETTm1,2,6519,41078,0,117,8.038000106811523,10.86684513092041
ETTm1,2,6519,41078,0,118,8.706999778747559,10.772459030151367
ETTm1,2,6519,41078,0,119,8.706999778747559,10.879587173461914
ETTm1,2,6519,41078,0,120,9.041999816894531,10.617254257202148
ETTm1,2,6519,41078,0,121,9.845999717712402,10.409472465515137
ETTm1,2,6519,41078,0,122,9.444000244140625,10.43445110321045
ETTm1,2,6519,41078,0,123,7.636000156402588,10.522627830505371
ETTm1,2,6519,41078,0,124,9.109000205993652,10.351861000061035
ETTm1,2,6519,41078,0,125,8.640000343322754,10.336523056030273
ETTm1,2,6519,41078,0,126,7.9710001945495605,10.752351760864258
ETTm1,2,6519,41078,0,127,8.17199993133545,10.569098472595215
ETTm1,2,6519,41078,0,128,7.703000068664551,10.226927757263184
ETTm1,2,6519,41078,0,129,8.038000106811523,10.704523086547852
ETTm1,2,6519,41078,0,130,9.3100004196167,10.37509822845459
ETTm1,2,6519,41078,0,131,8.505999565124512,10.388439178466797
ETTm1,2,6519,41078,0,132,8.371999740600586,9.819925308227539
ETTm1,2,6519,41078,0,133,8.975000381469727,9.86590576171875
ETTm1,2,6519,41078,0,134,7.501999855041504,9.553831100463867
ETTm1,2,6519,41078,0,135,6.229000091552734,8.687755584716797
ETTm1,2,6519,41078,0,136,6.229000091552734,8.36196231842041
ETTm1,2,6519,41078,0,137,5.894000053405762,7.240457057952881
ETTm1,2,6519,41078,0,138,4.28700065612793,6.91280460357666
ETTm1,2,6519,41078,0,139,4.956999778747559,6.373604774475098
ETTm1,2,6519,41078,0,140,4.28700065612793,5.183806419372559
ETTm1,2,6519,41078,0,141,4.21999979019165,4.913998126983643
ETTm1,2,6519,41078,0,142,3.818000316619873,3.9774718284606934
ETTm1,2,6519,41078,0,143,3.0139999389648438,4.3295416831970215
ETTm1,2,6519,41078,0,144,3.2150001525878906,4.308000564575195
ETTm1,2,6519,41078,0,145,2.880000114440918,3.4130210876464844
ETTm1,2,6519,41078,0,146,4.48799991607666,2.9496946334838867
ETTm1,2,6519,41078,0,147,6.229000091552734,2.3461928367614746
ETTm1,2,6519,41078,0,148,6.966000080108643,1.7134265899658203
ETTm1,2,6519,41078,0,149,4.75600004196167,1.1016921997070312
ETTm1,2,6519,41078,0,150,4.28700065612793,-0.09518671035766602
ETTm1,2,6519,41078,0,151,3.4159998893737793,-0.5140938758850098
ETTm1,2,6519,41078,0,152,3.3489999771118164,-1.2955632209777832
ETTm1,2,6519,41078,0,153,2.2100000381469727,-1.624152660369873
ETTm1,2,6519,41078,0,154,3.1480002403259277,-2.028132915496826
ETTm1,2,6519,41078,0,155,3.684000015258789,-1.955075740814209
ETTm1,2,6519,41078,0,156,4.1529998779296875,-2.1743969917297363
ETTm1,2,6519,41078,0,157,3.5500001907348633,-2.034167766571045
ETTm1,2,6519,41078,0,158,1.875,-1.7727761268615723
ETTm1,2,6519,41078,0,159,2.0759997367858887,-1.6669230461120605
ETTm1,2,6519,41078,0,160,2.4780001640319824,-1.7234234809875488
ETTm1,2,6519,41078,0,161,0.6700005531311035,-1.737053394317627
ETTm1,2,6519,41078,0,162,3.0139999389648438,-1.9831633567810059
ETTm1,2,6519,41078,0,163,3.5500001907348633,-1.818819522857666
ETTm1,2,6519,41078,0,164,3.4159998893737793,-1.75685453414917
ETTm1,2,6519,41078,0,165,2.008999824523926,-1.6686968803405762
ETTm1,2,6519,41078,0,166,2.0759997367858887,-1.2725415229797363
ETTm1,2,6519,41078,0,167,3.2820000648498535,-0.3856034278869629
ETTm1,2,6519,41078,0,168,2.4110002517700195,-0.08036279678344727
ETTm1,2,6519,41078,0,169,2.2769999504089355,0.9692468643188477
ETTm1,2,6519,41078,0,170,2.746000289916992,1.5962677001953125
ETTm1,2,6519,41078,0,171,3.3489999771118164,2.549224853515625
ETTm1,2,6519,41078,0,172,5.223999977111816,3.4895248413085938
ETTm1,2,6519,41078,0,173,6.564000129699707,4.222036361694336
ETTm1,2,6519,41078,0,174,7.301000118255615,4.740213394165039
ETTm1,2,6519,41078,0,175,6.764999866485596,5.028243064880371
ETTm1,2,6519,41078,0,176,6.697999954223633,5.665410995483398
ETTm1,2,6519,41078,0,177,6.296000003814697,5.707892417907715
ETTm1,2,6519,41078,0,178,6.229000091552734,6.0829572677612305
ETTm1,2,6519,41078,0,179,6.429999828338623,6.542670249938965
ETTm1,2,6519,41078,0,180,6.497000217437744,6.9959821701049805
ETTm1,2,6519,41078,0,181,6.764999866485596,7.013877868652344
ETTm1,2,6519,41078,0,182,6.89900016784668,7.299256801605225
ETTm1,2,6519,41078,0,183,6.966000080108643,7.722472667694092
ETTm1,2,6519,41078,0,184,6.63100004196167,8.116229057312012
ETTm1,2,6519,41078,0,185,6.497000217437744,8.326489448547363
ETTm1,2,6519,41078,0,186,6.36299991607666,8.271968841552734
ETTm1,2,6519,41078,0,187,6.429999828338623,8.087600708007812
ETTm1,2,6519,41078,0,188,6.429999828338623,8.274856567382812
ETTm1,2,6519,41078,0,189,6.229000091552734,8.260903358459473
ETTm1,2,6519,41078,0,190,7.099999904632568,8.128683090209961
ETTm1,2,6519,41078,0,191,7.769999980926514,8.360855102539062
ETTm1,2,6519,41078,0,192,8.17199993133545,8.168449401855469
ETTm1,2,6519,41078,0,193,7.636000156402588,8.205146789550781
ETTm1,2,6519,41078,0,194,8.104999542236328,8.337862968444824
ETTm1,2,6519,41078,0,195,9.51099967956543,8.911637306213379
ETTm1,2,6519,41078,0,196,9.041999816894531,8.963074684143066
ETTm1,2,6519,41078,0,197,9.109000205993652,9.349101066589355
ETTm1,2,6519,41078,0,198,10.649999618530273,9.338825225830078
ETTm1,2,6519,41078,0,199,10.85099983215332,9.576905250549316
ETTm1,2,6519,41078,0,200,11.588000297546387,9.813328742980957
ETTm1,2,6519,41078,0,201,10.381999969482422,10.185909271240234
ETTm1,2,6519,41078,0,202,11.253000259399414,10.283520698547363
ETTm1,2,6519,41078,0,203,11.185999870300293,10.562280654907227
ETTm1,2,6519,41078,0,204,11.119000434875488,10.532397270202637
ETTm1,2,6519,41078,0,205,10.515999794006348,10.516806602478027
ETTm1,2,6519,41078,0,206,10.984999656677246,10.464935302734375
ETTm1,2,6519,41078,0,207,11.185999870300293,10.4847412109375
ETTm1,2,6519,41078,0,208,11.052000045776367,10.354743003845215
ETTm1,2,6519,41078,0,209,11.720999717712402,9.978853225708008
ETTm1,2,6519,41078,0,210,10.449000358581543,9.914593696594238
ETTm1,2,6519,41078,0,211,9.57800006866455,10.132768630981445
ETTm1,2,6519,41078,0,212,9.845999717712402,9.930919647216797
ETTm1,2,6519,41078,0,213,11.052000045776367,10.087626457214355
ETTm1,2,6519,41078,0,214,10.85099983215332,10.150416374206543
ETTm1,2,6519,41078,0,215,10.04699993133545,10.23088264465332
ETTm1,2,6519,41078,0,216,10.649999618530273,10.43252944946289
ETTm1,2,6519,41078,0,217,10.515999794006348,10.002785682678223
ETTm1,2,6519,41078,0,218,11.052000045776367,10.277793884277344
ETTm1,2,6519,41078,0,219,10.918000221252441,9.843070983886719
ETTm1,2,6519,41078,0,220,10.784000396728516,10.146617889404297
ETTm1,2,6519,41078,0,221,12.390999794006348,9.985281944274902
ETTm1,2,6519,41078,0,222,10.984999656677246,10.101842880249023
ETTm1,2,6519,41078,0,223,11.588000297546387,9.79861831665039
ETTm1,2,6519,41078,0,224,11.654999732971191,10.470422744750977
ETTm1,2,6519,41078,0,225,12.055999755859375,10.42466926574707
ETTm1,2,6519,41078,0,226,12.859999656677246,10.277441024780273
ETTm1,2,6519,41078,0,227,12.1899995803833,10.590242385864258
ETTm1,2,6519,41078,0,228,11.119000434875488,10.301755905151367
ETTm1,2,6519,41078,0,229,11.38700008392334,9.962926864624023
ETTm1,2,6519,41078,0,230,10.449000358581543,9.438607215881348
ETTm1,2,6519,41078,0,231,9.376999855041504,9.006941795349121
ETTm1,2,6519,41078,0,232,8.439000129699707,8.085460662841797
ETTm1,2,6519,41078,0,233,7.9710001945495605,7.423004627227783
ETTm1,2,6519,41078,0,234,7.636000156402588,7.416192531585693
ETTm1,2,6519,41078,0,235,6.966000080108643,6.50422477722168
ETTm1,2,6519,41078,0,236,6.229000091552734,6.112037658691406
ETTm1,2,6519,41078,0,237,6.497000217437744,5.3421101570129395
ETTm1,2,6519,41078,0,238,6.497000217437744,5.1802544593811035
ETTm1,2,6519,41078,0,239,0.6029996871948242,4.908191680908203
ETTm1,2,6519,41078,0,240,-0.46900033950805664,4.705994606018066
ETTm1,2,6519,41078,0,241,3.952000141143799,4.122507095336914
ETTm1,2,6519,41078,0,242,4.622000217437744,3.510854721069336
ETTm1,2,6519,41078,0,243,4.889999866485596,3.4523391723632812
ETTm1,2,6519,41078,0,244,5.492000579833984,2.5799670219421387
ETTm1,2,6519,41078,0,245,6.831999778747559,2.028165340423584
ETTm1,2,6519,41078,0,246,4.555000305175781,1.4042062759399414
ETTm1,2,6519,41078,0,247,3.4159998893737793,1.0148162841796875
ETTm1,2,6519,41078,0,248,3.2820000648498535,0.19591093063354492
ETTm1,2,6519,41078,0,249,2.880000114440918,-0.1861720085144043
ETTm1,2,6519,41078,0,250,2.5450005531311035,-0.13971948623657227
ETTm1,2,6519,41078,0,251,-1.2730002403259277,-0.5538935661315918
ETTm1,2,6519,41078,0,252,-2.5450005531311035,-0.49837541580200195
ETTm1,2,6519,41078,0,253,-3.4159998893737793,-0.052881717681884766
ETTm1,2,6519,41078,0,254,-6.497000217437744,0.15064048767089844
ETTm1,2,6519,41078,0,255,-3.7509989738464355,0.048494815826416016
ETTm1,2,6519,41078,0,256,-3.0139994621276855,-0.17362165451049805
ETTm1,2,6519,41078,0,257,-1.3399996757507324,0.46686458587646484
ETTm1,2,6519,41078,0,258,-1.2730002403259277,0.16318750381469727
ETTm1,2,6519,41078,0,259,1.2730002403259277,0.03160524368286133
ETTm1,2,6519,41078,0,260,-0.46900033950805664,0.3604607582092285
ETTm1,2,6519,41078,0,261,-0.20099973678588867,0.7194662094116211
ETTm1,2,6519,41078,0,262,0.9380002021789551,0.8277759552001953
ETTm1,2,6519,41078,0,263,1.808000087738037,1.3341479301452637
ETTm1,2,6519,41078,0,264,2.008999824523926,2.089813232421875
ETTm1,2,6519,41078,0,265,2.2769999504089355,2.830479621887207
ETTm1,2,6519,41078,0,266,2.0759997367858887,3.598437786102295
ETTm1,2,6519,41078,0,267,3.684000015258789,4.137035846710205
ETTm1,2,6519,41078,0,268,4.956999778747559,5.250905990600586
ETTm1,2,6519,41078,0,269,5.961000442504883,5.7277960777282715
ETTm1,2,6519,41078,0,270,6.564000129699707,6.4675822257995605
ETTm1,2,6519,41078,0,271,6.429999828338623,6.374504089355469
ETTm1,2,6519,41078,0,272,5.157000541687012,6.9997334480285645
ETTm1,2,6519,41078,0,273,6.296000003814697,6.935911655426025
ETTm1,2,6519,41078,0,274,6.429999828338623,7.336452960968018
ETTm1,2,6519,41078,0,275,6.63100004196167,7.877219200134277
ETTm1,2,6519,41078,0,276,7.0329999923706055,7.606209754943848
ETTm1,2,6519,41078,0,277,7.234000205993652,8.052151679992676
ETTm1,2,6519,41078,0,278,7.434999942779541,8.18835163116455
ETTm1,2,6519,41078,0,279,8.038000106811523,8.656776428222656
ETTm1,2,6519,41078,0,280,8.104999542236328,8.833757400512695
ETTm1,2,6519,41078,0,281,7.9039998054504395,8.597905158996582
ETTm1,2,6519,41078,0,282,7.568999767303467,8.436494827270508
ETTm1,2,6519,41078,0,283,7.099999904632568,8.76312255859375
ETTm1,2,6519,41078,0,284,6.564000129699707,8.747632026672363
ETTm1,2,6519,41078,0,285,6.564000129699707,8.882950782775879
ETTm1,2,6519,41078,0,286,6.429999828338623,8.230230331420898
ETTm1,2,6519,41078,0,287,6.0279998779296875,8.367880821228027
ETTm1,2,6519,41078,0,288,6.229000091552734,8.393600463867188
ETTm1,2,6519,41078,0,289,6.564000129699707,8.600117683410645
ETTm1,2,6519,41078,0,290,6.764999866485596,8.782567977905273
ETTm1,2,6519,41078,0,291,6.89900016784668,8.731786727905273
ETTm1,2,6519,41078,0,292,7.099999904632568,9.294990539550781
ETTm1,2,6519,41078,0,293,7.368000030517578,9.549354553222656
ETTm1,2,6519,41078,0,294,9.243000030517578,9.575799942016602
ETTm1,2,6519,41078,0,295,8.907999992370605,9.600309371948242
ETTm1,2,6519,41078,0,296,9.51099967956543,10.02789306640625
ETTm1,2,6519,41078,0,297,8.640000343322754,10.237434387207031
ETTm1,2,6519,41078,0,298,10.04699993133545,10.786436080932617
ETTm1,2,6519,41078,0,299,8.17199993133545,10.984550476074219
ETTm1,2,6519,41078,0,300,9.376999855041504,10.742569923400879
ETTm1,2,6519,41078,0,301,9.913000106811523,10.431958198547363
ETTm1,2,6519,41078,0,302,9.913000106811523,10.65467643737793
ETTm1,2,6519,41078,0,303,8.840999603271484,10.719696998596191
ETTm1,2,6519,41078,0,304,8.77400016784668,10.410722732543945
ETTm1,2,6519,41078,0,305,7.636000156402588,10.522778511047363
ETTm1,2,6519,41078,0,306,9.444000244140625,10.392128944396973
ETTm1,2,6519,41078,0,307,7.501999855041504,10.346233367919922
ETTm1,2,6519,41078,0,308,9.711999893188477,9.940533638000488
ETTm1,2,6519,41078,0,309,9.444000244140625,10.173044204711914
ETTm1,2,6519,41078,0,310,9.3100004196167,10.401775360107422
ETTm1,2,6519,41078,0,311,8.371999740600586,10.10305404663086
ETTm1,2,6519,41078,0,312,7.769999980926514,10.070439338684082
ETTm1,2,6519,41078,0,313,8.17199993133545,10.358195304870605
ETTm1,2,6519,41078,0,314,7.703000068664551,10.557184219360352
ETTm1,2,6519,41078,0,315,9.376999855041504,10.351313591003418
ETTm1,2,6519,41078,0,316,7.9039998054504395,10.494263648986816
ETTm1,2,6519,41078,0,317,9.444000244140625,10.273805618286133
ETTm1,2,6519,41078,0,318,9.645000457763672,10.549572944641113
ETTm1,2,6519,41078,0,319,10.984999656677246,11.201851844787598
ETTm1,2,6519,41078,0,320,9.645000457763672,10.927933692932129
ETTm1,2,6519,41078,0,321,9.376999855041504,10.773399353027344
ETTm1,2,6519,41078,0,322,9.243000030517578,10.708003997802734
ETTm1,2,6519,41078,0,323,9.51099967956543,10.690437316894531
ETTm1,2,6519,41078,0,324,8.975000381469727,10.492009162902832
ETTm1,2,6519,41078,0,325,7.568999767303467,10.146484375
ETTm1,2,6519,41078,0,326,8.640000343322754,9.546063423156738
ETTm1,2,6519,41078,0,327,7.501999855041504,9.487311363220215
ETTm1,2,6519,41078,0,328,5.492000579833984,8.50678539276123
ETTm1,2,6519,41078,0,329,4.48799991607666,7.990131378173828
ETTm1,2,6519,41078,0,330,3.684000015258789,7.4621734619140625
ETTm1,2,6519,41078,0,331,2.813000202178955,7.171082019805908
ETTm1,2,6519,41078,0,332,2.2769999504089355,6.613590717315674
ETTm1,2,6519,41078,0,333,3.081000328063965,5.7828521728515625
ETTm1,2,6519,41078,0,334,3.2150001525878906,5.483455181121826
ETTm1,2,6519,41078,0,335,0.7370004653930664,4.905543327331543
ETTm1,2,6519,41078,0,336,2.3440003395080566,5.13078498840332
ETTm1,2,6519,41078,0,337,1.941999912261963,4.532812595367432
ETTm1,2,6519,41078,0,338,-0.6030001640319824,3.846007823944092
ETTm1,2,6519,41078,0,339,2.6120004653930664,3.8218531608581543
ETTm1,2,6519,41078,0,340,4.019000053405762,2.8723278045654297
ETTm1,2,6519,41078,0,341,3.5500001907348633,2.3896613121032715
ETTm1,2,6519,41078,0,342,-0.40199995040893555,1.7592077255249023
ETTm1,2,6519,41078,0,343,-4.421000003814697,1.3639001846313477
ETTm1,2,6519,41078,0,344,-5.3580002784729,0.5208277702331543
ETTm1,2,6519,41078,0,345,-5.827000141143799,0.2282581329345703
ETTm1,2,6519,41078,0,346,-3.1480002403259277,0.2599334716796875
ETTm1,2,6519,41078,0,347,-1.8749995231628418,-0.14567232131958008
ETTm1,2,6519,41078,0,348,0.6700005531311035,-0.05530881881713867
ETTm1,2,6519,41078,0,349,-1.6740002632141113,-0.21627569198608398
ETTm1,2,6519,41078,0,350,-9.310001373291016,-0.008159637451171875
ETTm1,2,6519,41078,0,351,-1.2059998512268066,0.15533447265625
ETTm1,2,6519,41078,0,352,-3.482999324798584,-0.011579036712646484
ETTm1,2,6519,41078,0,353,-3.482999324798584,0.12006378173828125
ETTm1,2,6519,41078,0,354,-3.0809998512268066,0.5555458068847656
ETTm1,2,6519,41078,0,355,0.7370004653930664,0.5075263977050781
ETTm1,2,6519,41078,0,356,-4.153000354766846,0.4898085594177246
ETTm1,2,6519,41078,0,357,-3.2820000648498535,0.47142887115478516
ETTm1,2,6519,41078,0,358,-0.9380002021789551,1.0910072326660156
ETTm1,2,6519,41078,0,359,-1.5409998893737793,1.3727188110351562
ETTm1,2,6519,41078,0,360,0.33500003814697266,1.8904943466186523
ETTm1,2,6519,41078,0,361,3.617000102996826,2.6462197303771973
ETTm1,2,6519,41078,0,362,3.684000015258789,3.3608622550964355
ETTm1,2,6519,41078,0,363,3.0139999389648438,4.408964157104492
ETTm1,2,6519,41078,0,364,5.090000152587891,4.832694053649902
ETTm1,2,6519,41078,0,365,5.692999839782715,5.1894025802612305
ETTm1,2,6519,41078,0,366,5.157000541687012,5.854955196380615
ETTm1,2,6519,41078,0,367,6.63100004196167,6.295971870422363
ETTm1,2,6519,41078,0,368,6.63100004196167,6.481183052062988
ETTm1,2,6519,41078,0,369,6.229000091552734,6.614537239074707
ETTm1,2,6519,41078,0,370,6.831999778747559,7.146589279174805
ETTm1,2,6519,41078,0,371,6.831999778747559,7.143246650695801
ETTm1,2,6519,41078,0,372,7.0329999923706055,7.610173225402832
ETTm1,2,6519,41078,0,373,6.966000080108643,7.488511085510254
ETTm1,2,6519,41078,0,374,7.769999980926514,7.917630195617676
ETTm1,2,6519,41078,0,375,8.038000106811523,7.947636127471924
ETTm1,2,6519,41078,0,376,7.9710001945495605,8.321905136108398
ETTm1,2,6519,41078,0,377,7.769999980926514,8.38415241241455
ETTm1,2,6519,41078,0,378,7.434999942779541,8.312911033630371
ETTm1,2,6519,41078,0,379,7.636000156402588,8.268510818481445
ETTm1,2,6519,41078,0,380,7.234000205993652,8.165478706359863
ETTm1,2,6519,41078,0,381,7.234000205993652,8.25743293762207
ETTm1,2,6519,41078,0,382,7.301000118255615,8.071221351623535
ETTm1,2,6519,41078,0,383,8.840999603271484,8.308308601379395
ETTm1,2,6519,41078,0,384,8.706999778747559,8.203947067260742
ETTm1,2,6519,41078,0,385,8.439000129699707,8.348685264587402
ETTm1,2,6519,41078,0,386,9.444000244140625,8.469700813293457
ETTm1,2,6519,41078,0,387,10.449000358581543,8.458976745605469
ETTm1,2,6519,41078,0,388,10.180999755859375,8.93461799621582
ETTm1,2,6519,41078,0,389,9.645000457763672,9.24036979675293
ETTm1,2,6519,41078,0,390,10.04699993133545,9.362913131713867
ETTm1,2,6519,41078,0,391,9.57800006866455,9.368749618530273
ETTm1,2,6519,41078,0,392,11.588000297546387,9.832690238952637
ETTm1,2,6519,41078,0,393,11.98900032043457,9.913583755493164
ETTm1,2,6519,41078,0,394,12.123000144958496,10.32181167602539
ETTm1,2,6519,41078,0,395,10.784000396728516,10.660961151123047
ETTm1,2,6519,41078,0,396,9.444000244140625,10.612770080566406
ETTm1,2,6519,41078,0,397,11.38700008392334,10.503393173217773
ETTm1,2,6519,41078,0,398,11.454000473022461,10.54466438293457
ETTm1,2,6519,41078,0,399,10.85099983215332,10.452866554260254
ETTm1,2,6519,41078,0,400,11.454000473022461,10.71160888671875
ETTm1,2,6519,41078,0,401,10.649999618530273,10.371931076049805
ETTm1,2,6519,41078,0,402,9.51099967956543,10.60103988647461
ETTm1,2,6519,41078,0,403,11.38700008392334,10.479175567626953
ETTm1,2,6519,41078,0,404,11.38700008392334,10.367632865905762
ETTm1,2,6519,41078,0,405,10.918000221252441,10.478137969970703
ETTm1,2,6519,41078,0,406,10.85099983215332,10.420755386352539
ETTm1,2,6519,41078,0,407,10.515999794006348,10.40460205078125
ETTm1,2,6519,41078,0,408,11.654999732971191,10.29141902923584
ETTm1,2,6519,41078,0,409,11.253000259399414,10.311640739440918
ETTm1,2,6519,41078,0,410,11.052000045776367,10.200801849365234
ETTm1,2,6519,41078,0,411,10.649999618530273,10.353787422180176
ETTm1,2,6519,41078,0,412,11.38700008392334,10.51362133026123
ETTm1,2,6519,41078,0,413,10.918000221252441,10.44558334350586
ETTm1,2,6519,41078,0,414,11.720999717712402,10.375386238098145
ETTm1,2,6519,41078,0,415,12.72599983215332,10.421384811401367
ETTm1,2,6519,41078,0,416,12.123000144958496,10.623908996582031
ETTm1,2,6519,41078,0,417,11.588000297546387,10.741483688354492
ETTm1,2,6519,41078,0,418,12.055999755859375,10.642434120178223
ETTm1,2,6519,41078,0,419,12.123000144958496,10.387517929077148
ETTm1,2,6519,41078,0,420,12.055999755859375,10.208137512207031
ETTm1,2,6519,41078,0,421,10.85099983215332,9.663945198059082
ETTm1,2,6519,41078,0,422,11.319999694824219,9.536849975585938
ETTm1,2,6519,41078,0,423,10.918000221252441,8.898992538452148
ETTm1,2,6519,41078,0,424,9.243000030517578,8.476550102233887
ETTm1,2,6519,41078,0,425,8.038000106811523,7.8057942390441895
ETTm1,2,6519,41078,0,426,8.104999542236328,7.013980865478516
ETTm1,2,6519,41078,0,427,5.223999977111816,6.6373114585876465
ETTm1,2,6519,41078,0,428,6.966000080108643,6.085770606994629
ETTm1,2,6519,41078,0,429,7.368000030517578,5.432345390319824
ETTm1,2,6519,41078,0,430,1.7410001754760742,5.199395179748535
ETTm1,2,6519,41078,0,431,2.2100000381469727,4.627463340759277
ETTm1,2,6519,41078,0,432,4.354000091552734,4.605772018432617
ETTm1,2,6519,41078,0,433,5.559000015258789,3.977080821990967
ETTm1,2,6519,41078,0,434,3.818000316619873,3.493896961212158
ETTm1,2,6519,41078,0,435,3.885000228881836,3.1940832138061523
ETTm1,2,6519,41078,0,436,3.1480002403259277,2.618290424346924
ETTm1,2,6519,41078,0,437,2.813000202178955,2.183411121368408
ETTm1,2,6519,41078,0,438,4.1529998779296875,1.7201166152954102
ETTm1,2,6519,41078,0,439,5.827000617980957,0.7368717193603516
ETTm1,2,6519,41078,0,440,6.229000091552734,0.40691709518432617
ETTm1,2,6519,41078,0,441,5.157000541687012,-0.20218896865844727
ETTm1,2,6519,41078,0,442,4.4210004806518555,-0.37560510635375977
ETTm1,2,6519,41078,0,443,4.689000129699707,-1.1051459312438965
ETTm1,2,6519,41078,0,444,4.889999866485596,-0.8646903038024902
ETTm1,2,6519,41078,0,445,5.62600040435791,-0.9516825675964355
ETTm1,2,6519,41078,0,446,5.62600040435791,-1.2623820304870605
ETTm1,2,6519,41078,0,447,5.425000190734863,-1.1419196128845215
ETTm1,2,6519,41078,0,448,4.085999965667725,-0.7613224983215332
ETTm1,2,6519,41078,0,449,3.4159998893737793,-0.9868569374084473
ETTm1,2,6519,41078,0,450,4.28700065612793,-0.43943262100219727
ETTm1,2,6519,41078,0,451,5.425000190734863,-0.6803097724914551
ETTm1,2,6519,41078,0,452,5.692999839782715,-0.46268415451049805
ETTm1,2,6519,41078,0,453,4.21999979019165,0.06559228897094727
ETTm1,2,6519,41078,0,454,4.822999954223633,0.2589249610900879
ETTm1,2,6519,41078,0,455,4.354000091552734,0.6192340850830078
ETTm1,2,6519,41078,0,456,3.4159998893737793,1.4876770973205566
ETTm1,2,6519,41078,0,457,3.885000228881836,1.919682502746582
ETTm1,2,6519,41078,0,458,5.0229997634887695,2.677248954772949
ETTm1,2,6519,41078,0,459,6.296000003814697,3.553206443786621
ETTm1,2,6519,41078,0,460,6.697999954223633,4.321025848388672
ETTm1,2,6519,41078,0,461,6.764999866485596,4.7901740074157715
ETTm1,2,6519,41078,0,462,6.697999954223633,5.214540481567383
ETTm1,2,6519,41078,0,463,6.764999866485596,5.878796577453613
ETTm1,2,6519,41078,0,464,6.564000129699707,6.313758850097656
ETTm1,2,6519,41078,0,465,6.764999866485596,6.623255252838135
ETTm1,2,6519,41078,0,466,6.63100004196167,6.796171188354492
ETTm1,2,6519,41078,0,467,6.497000217437744,6.814659595489502
ETTm1,2,6519,41078,0,468,6.831999778747559,7.179422855377197
ETTm1,2,6519,41078,0,469,6.89900016784668,7.398530960083008
ETTm1,2,6519,41078,0,470,7.166999816894531,7.817742347717285
ETTm1,2,6519,41078,0,471,7.568999767303467,8.104654312133789
ETTm1,2,6519,41078,0,472,7.301000118255615,8.432823181152344
ETTm1,2,6519,41078,0,473,7.501999855041504,8.637805938720703
ETTm1,2,6519,41078,0,474,7.099999904632568,8.489893913269043
ETTm1,2,6519,41078,0,475,6.63100004196167,8.307296752929688
ETTm1,2,6519,41078,0,476,6.564000129699707,8.2435941696167
ETTm1,2,6519,41078,0,477,6.296000003814697,8.38512134552002
ETTm1,2,6519,41078,0,478,8.907999992370605,8.21603012084961
ETTm1,2,6519,41078,0,479,8.505999565124512,7.9190449714660645
ETTm1,2,6519,41078,0,480,7.769999980926514,8.238587379455566
ETTm1,2,6519,41078,0,481,7.769999980926514,8.189475059509277
ETTm1,2,6519,41078,0,482,8.840999603271484,8.734169006347656
ETTm1,2,6519,41078,0,483,9.175999641418457,8.967278480529785
ETTm1,2,6519,41078,0,484,9.57800006866455,9.093456268310547
ETTm1,2,6519,41078,0,485,9.175999641418457,9.414773941040039
ETTm1,2,6519,41078,0,486,10.649999618530273,9.746513366699219
ETTm1,2,6519,41078,0,487,10.449000358581543,10.277088165283203
ETTm1,2,6519,41078,0,488,11.253000259399414,10.153244018554688
ETTm1,2,6519,41078,0,489,10.515999794006348,10.346933364868164
ETTm1,2,6519,41078,0,490,11.854999542236328,10.56248664855957
ETTm1,2,6519,41078,0,491,10.85099983215332,10.418069839477539
ETTm1,2,6519,41078,0,492,9.645000457763672,10.432291030883789
ETTm1,2,6519,41078,0,493,11.119000434875488,10.448759078979492
ETTm1,2,6519,41078,0,494,9.444000244140625,10.392691612243652
ETTm1,2,6519,41078,0,495,9.645000457763672,10.632768630981445
ETTm1,2,6519,41078,0,496,11.454000473022461,10.265341758728027
ETTm1,2,6519,41078,0,497,11.654999732971191,10.838357925415039
ETTm1,2,6519,41078,0,498,10.784000396728516,10.55496597290039
ETTm1,2,6519,41078,0,499,10.515999794006348,10.651891708374023
ETTm1,2,6519,41078,0,500,11.119000434875488,10.838268280029297
ETTm1,2,6519,41078,0,501,9.376999855041504,10.431468963623047
ETTm1,2,6519,41078,0,502,11.052000045776367,10.35008430480957
ETTm1,2,6519,41078,0,503,11.119000434875488,10.42712688446045
ETTm1,2,6519,41078,0,504,11.38700008392334,10.332979202270508
ETTm1,2,6519,41078,0,505,9.51099967956543,10.75214958190918
ETTm1,2,6519,41078,0,506,11.119000434875488,10.392423629760742
ETTm1,2,6519,41078,0,507,11.052000045776367,10.442314147949219
ETTm1,2,6519,41078,0,508,10.449000358581543,10.539977073669434
ETTm1,2,6519,41078,0,509,10.449000358581543,10.499256134033203
ETTm1,2,6519,41078,0,510,10.583000183105469,10.281083106994629
ETTm1,2,6519,41078,0,511,10.180999755859375,10.531481742858887
ETTm1,2,6519,41078,0,512,11.119000434875488,10.749776840209961
ETTm1,2,6519,41078,0,513,11.253000259399414,10.406717300415039
ETTm1,2,6519,41078,0,514,10.3149995803833,10.822213172912598
ETTm1,2,6519,41078,0,515,10.381999969482422,10.429922103881836
ETTm1,2,6519,41078,0,516,10.248000144958496,10.01521110534668
ETTm1,2,6519,41078,0,517,9.979999542236328,9.767024993896484
ETTm1,2,6519,41078,0,518,9.779000282287598,9.747838973999023
ETTm1,2,6519,41078,0,519,8.104999542236328,8.915022850036621
ETTm1,2,6519,41078,0,520,8.840999603271484,8.253961563110352
ETTm1,2,6519,41078,0,521,8.23900032043457,7.727367877960205
ETTm1,2,6519,41078,0,522,6.89900016784668,7.247000694274902
ETTm1,2,6519,41078,0,523,7.301000118255615,6.965216636657715
ETTm1,2,6519,41078,0,524,7.301000118255615,6.177870750427246
ETTm1,2,6519,41078,0,525,4.956999778747559,6.158348083496094
ETTm1,2,6519,41078,0,526,7.099999904632568,5.564533710479736
ETTm1,2,6519,41078,0,527,7.9039998054504395,4.9876861572265625
ETTm1,2,6519,41078,0,528,4.956999778747559,4.895804405212402
ETTm1,2,6519,41078,0,529,4.1529998779296875,4.388078689575195
ETTm1,2,6519,41078,0,530,2.813000202178955,4.229907989501953
ETTm1,2,6519,41078,0,531,-0.7369999885559082,3.7727999687194824
ETTm1,2,6519,41078,0,532,0.6700005531311035,3.1348447799682617
ETTm1,2,6519,41078,0,533,-0.13400030136108398,2.663181781768799
ETTm1,2,6519,41078,0,534,-3.0809998512268066,2.09867000579834
ETTm1,2,6519,41078,0,535,-4.688999652862549,1.2722492218017578
ETTm1,2,6519,41078,0,536,-5.224000453948975,1.0425515174865723
ETTm1,2,6519,41078,0,537,-9.846000671386719,0.3320913314819336
ETTm1,2,6519,41078,0,538,-3.0809998512268066,0.11324310302734375
ETTm1,2,6519,41078,0,539,-1.941999912261963,-0.10021448135375977
ETTm1,2,6519,41078,0,540,-9.176000595092773,-0.35648298263549805
ETTm1,2,6519,41078,0,541,-7.502000331878662,-0.19163942337036133
ETTm1,2,6519,41078,0,542,-9.37700080871582,-0.3565249443054199
ETTm1,2,6519,41078,0,543,-7.368000507354736,0.13260984420776367
ETTm1,2,6519,41078,0,544,-4.622000217437744,-0.10076284408569336
ETTm1,2,6519,41078,0,545,-3.617000102996826,0.045545101165771484
ETTm1,2,6519,41078,0,546,-1.6080002784729004,0.3112788200378418
ETTm1,2,6519,41078,0,547,-0.5359997749328613,0.054650306701660156
ETTm1,2,6519,41078,0,548,1.6740002632141113,0.15036773681640625
ETTm1,2,6519,41078,0,549,-1.0050005912780762,0.4097261428833008
ETTm1,2,6519,41078,0,550,-0.7369999885559082,0.8016457557678223
ETTm1,2,6519,41078,0,551,-0.8039994239807129,1.425011157989502
ETTm1,2,6519,41078,0,552,-4.554999828338623,1.8066129684448242
ETTm1,2,6519,41078,0,553,-5.960999965667725,2.8440990447998047
ETTm1,2,6519,41078,0,554,-4.9569993019104,3.402888298034668
ETTm1,2,6519,41078,0,555,-1.6080002784729004,4.025328159332275
ETTm1,2,6519,41078,0,556,0.9380002021789551,4.880889892578125
ETTm1,2,6519,41078,0,557,1.941999912261963,5.3643479347229
ETTm1,2,6519,41078,0,558,2.5450005531311035,5.93071985244751
ETTm1,2,6519,41078,0,559,3.684000015258789,6.7152605056762695
ETTm1,2,6519,41078,0,560,5.0229997634887695,7.129916667938232
ETTm1,2,6519,41078,0,561,5.692999839782715,7.269676685333252
ETTm1,2,6519,41078,0,562,6.63100004196167,7.089784622192383
ETTm1,2,6519,41078,0,563,6.966000080108643,7.822772979736328
ETTm1,2,6519,41078,0,564,7.234000205993652,7.622317314147949
ETTm1,2,6519,41078,0,565,7.501999855041504,8.028414726257324
ETTm1,2,6519,41078,0,566,7.703000068664551,8.369484901428223
ETTm1,2,6519,41078,0,567,7.769999980926514,8.427123069763184
ETTm1,2,6519,41078,0,568,8.038000106811523,8.551614761352539
ETTm1,2,6519,41078,0,569,8.305999755859375,8.857227325439453
ETTm1,2,6519,41078,0,570,7.9039998054504395,8.915560722351074
ETTm1,2,6519,41078,0,571,7.568999767303467,8.971903800964355
ETTm1,2,6519,41078,0,572,7.434999942779541,8.698141098022461
ETTm1,2,6519,41078,0,573,7.166999816894531,8.72858715057373
ETTm1,2,6519,41078,0,574,7.099999904632568,8.527936935424805
ETTm1,2,6519,41078,0,575,7.434999942779541,8.469209671020508
ETTm1,2,6519,41078,0,576,7.099999904632568,8.462325096130371
ETTm1,2,6519,41078,0,577,6.764999866485596,8.68913459777832
ETTm1,2,6519,41078,0,578,6.697999954223633,8.928040504455566
ETTm1,2,6519,41078,0,579,8.038000106811523,9.330421447753906
ETTm1,2,6519,41078,0,580,8.439000129699707,9.628730773925781
ETTm1,2,6519,41078,0,581,8.840999603271484,10.3245849609375
ETTm1,2,6519,41078,0,582,9.57800006866455,10.512540817260742
ETTm1,2,6519,41078,0,583,9.3100004196167,10.516583442687988
ETTm1,2,6519,41078,0,584,9.845999717712402,10.451488494873047
ETTm1,2,6519,41078,0,585,10.449000358581543,10.674553871154785
ETTm1,2,6519,41078,0,586,10.381999969482422,10.636658668518066
ETTm1,2,6519,41078,0,587,10.11400032043457,10.767152786254883
ETTm1,2,6519,41078,0,588,8.907999992370605,10.85830307006836
ETTm1,2,6519,41078,0,589,10.3149995803833,10.794759750366211
ETTm1,2,6519,41078,0,590,10.180999755859375,11.160409927368164
ETTm1,2,6519,41078,0,591,9.041999816894531,11.077024459838867
ETTm1,2,6519,41078,0,592,7.636000156402588,10.86082935333252
ETTm1,2,6519,41078,0,593,7.099999904632568,10.901626586914062
ETTm1,2,6519,41078,0,594,7.099999904632568,11.047213554382324
ETTm1,2,6519,41078,0,595,6.229000091552734,10.912323951721191
ETTm1,2,6519,41078,0,596,8.104999542236328,10.720855712890625
ETTm1,2,6519,41078,0,597,9.109000205993652,10.732012748718262
ETTm1,2,6519,41078,0,598,8.305999755859375,10.372125625610352
ETTm1,2,6519,41078,0,599,8.907999992370605,10.703391075134277
ETTm1,2,6519,41078,0,600,8.505999565124512,10.529754638671875
ETTm1,2,6519,41078,0,601,7.9710001945495605,10.452533721923828
ETTm1,2,6519,41078,0,602,7.9710001945495605,10.486664772033691
ETTm1,2,6519,41078,0,603,8.104999542236328,10.597147941589355
ETTm1,2,6519,41078,0,604,8.23900032043457,10.664285659790039
ETTm1,2,6519,41078,0,605,7.703000068664551,10.949481964111328
ETTm1,2,6519,41078,0,606,8.975000381469727,11.037933349609375
ETTm1,2,6519,41078,0,607,8.23900032043457,10.895233154296875
ETTm1,2,6519,41078,0,608,9.041999816894531,11.125261306762695
ETTm1,2,6519,41078,0,609,9.913000106811523,11.00485610961914
ETTm1,2,6519,41078,0,610,10.918000221252441,10.898429870605469
ETTm1,2,6519,41078,0,611,9.243000030517578,10.520068168640137
ETTm1,2,6519,41078,0,612,9.376999855041504,10.27028751373291
ETTm1,2,6519,41078,0,613,8.23900032043457,9.855999946594238
ETTm1,2,6519,41078,0,614,7.703000068664551,9.600215911865234
ETTm1,2,6519,41078,0,615,7.769999980926514,8.644086837768555
ETTm1,2,6519,41078,0,616,7.568999767303467,8.457996368408203
ETTm1,2,6519,41078,0,617,5.62600040435791,8.092071533203125
ETTm1,2,6519,41078,0,618,6.63100004196167,7.176239013671875
ETTm1,2,6519,41078,0,619,5.157000541687012,6.557914733886719
ETTm1,2,6519,41078,0,620,5.157000541687012,6.464552879333496
ETTm1,2,6519,41078,0,621,-4.421000003814697,5.614704608917236
ETTm1,2,6519,41078,0,622,0.6029996871948242,5.650019645690918
ETTm1,2,6519,41078,0,623,1.005000114440918,4.965085506439209
ETTm1,2,6519,41078,0,624,-0.870999813079834,4.56003999710083
ETTm1,2,6519,41078,0,625,-4.9569993019104,4.140763759613037
ETTm1,2,6519,41078,0,626,-4.354000568389893,3.828461170196533
ETTm1,2,6519,41078,0,627,-2.5450005531311035,2.921785354614258
ETTm1,2,6519,41078,0,628,-3.1480002403259277,2.6327404975891113
ETTm1,2,6519,41078,0,629,-4.153000354766846,1.8898320198059082
ETTm1,2,6519,41078,0,630,-8.172000885009766,1.2120800018310547
ETTm1,2,6519,41078,0,631,-9.37700080871582,0.7784276008605957
ETTm1,2,6519,41078,0,632,-11.922000885009766,0.16892528533935547
ETTm1,2,6519,41078,0,633,-10.248001098632812,0.1435260772705078
ETTm1,2,6519,41078,0,634,-7.166999340057373,-0.5035700798034668
ETTm1,2,6519,41078,0,635,-14.937000274658203,-0.5643210411071777
ETTm1,2,6519,41078,0,636,-11.721000671386719,-0.27550554275512695
ETTm1,2,6519,41078,0,637,-2.477999210357666,-0.34189558029174805
ETTm1,2,6519,41078,0,638,-8.172000885009766,-0.5138955116271973
ETTm1,2,6519,41078,0,639,-5.827000141143799,0.15301132202148438
ETTm1,2,6519,41078,0,640,-1.0050005912780762,-0.3838028907775879
ETTm1,2,6519,41078,0,641,-9.913000106811523,-0.2263016700744629
ETTm1,2,6519,41078,0,642,-8.172000885009766,-0.14003992080688477
ETTm1,2,6519,41078,0,643,-8.707000732421875,-0.23359251022338867
ETTm1,2,6519,41078,0,644,-8.707000732421875,0.03209972381591797
ETTm1,2,6519,41078,0,645,-11.253000259399414,0.12424659729003906
ETTm1,2,6519,41078,0,646,-8.104999542236328,0.4266839027404785
ETTm1,2,6519,41078,0,647,-5.4250006675720215,1.3756823539733887
ETTm1,2,6519,41078,0,648,-4.01900053024292,1.6144061088562012
ETTm1,2,6519,41078,0,649,-5.8939995765686035,2.795076370239258
ETTm1,2,6519,41078,0,650,-0.8039994239807129,3.223816394805908
ETTm1,2,6519,41078,0,651,3.2150001525878906,3.850383758544922
ETTm1,2,6519,41078,0,652,1.4070000648498535,4.48677921295166
ETTm1,2,6519,41078,0,653,2.4110002517700195,5.133769989013672
ETTm1,2,6519,41078,0,654,3.4159998893737793,5.751272678375244
ETTm1,2,6519,41078,0,655,4.622000217437744,6.0987162590026855
ETTm1,2,6519,41078,0,656,5.62600040435791,6.182289123535156
ETTm1,2,6519,41078,0,657,6.564000129699707,6.644416809082031
ETTm1,2,6519,41078,0,658,6.966000080108643,6.904149055480957
ETTm1,2,6519,41078,0,659,7.099999904632568,7.458743095397949
ETTm1,2,6519,41078,0,660,7.166999816894531,7.796422958374023
ETTm1,2,6519,41078,0,661,7.434999942779541,7.719753265380859
ETTm1,2,6519,41078,0,662,8.104999542236328,8.444681167602539
ETTm1,2,6519,41078,0,663,8.572999954223633,8.816413879394531
ETTm1,2,6519,41078,0,664,8.572999954223633,8.961359024047852
ETTm1,2,6519,41078,0,665,8.572999954223633,8.958067893981934
ETTm1,2,6519,41078,0,666,8.439000129699707,8.77334976196289
ETTm1,2,6519,41078,0,667,8.640000343322754,8.654460906982422
ETTm1,2,6519,41078,0,668,7.9710001945495605,9.039182662963867
ETTm1,2,6519,41078,0,669,7.703000068664551,8.392061233520508
ETTm1,2,6519,41078,0,670,9.51099967956543,8.83957576751709
ETTm1,2,6519,41078,0,671,9.3100004196167,8.523772239685059
ETTm1,2,6519,41078,0,672,9.109000205993652,8.414196968078613
ETTm1,2,6519,41078,0,673,9.243000030517578,8.824258804321289
ETTm1,2,6519,41078,0,674,10.717000007629395,8.863081932067871
ETTm1,2,6519,41078,0,675,10.784000396728516,9.34404468536377
ETTm1,2,6519,41078,0,676,10.11400032043457,9.770146369934082
ETTm1,2,6519,41078,0,677,11.052000045776367,10.079814910888672
ETTm1,2,6519,41078,0,678,10.449000358581543,10.245577812194824
ETTm1,2,6519,41078,0,679,12.123000144958496,9.91826343536377
ETTm1,2,6519,41078,0,680,12.123000144958496,10.58225154876709
ETTm1,2,6519,41078,0,681,12.592000007629395,10.737489700317383
ETTm1,2,6519,41078,0,682,13.262001037597656,10.486690521240234
ETTm1,2,6519,41078,0,683,12.659000396728516,10.572434425354004
ETTm1,2,6519,41078,0,684,12.32400131225586,10.772788047790527
ETTm1,2,6519,41078,0,685,11.588000297546387,10.692668914794922
ETTm1,2,6519,41078,0,686,10.11400032043457,10.634072303771973
ETTm1,2,6519,41078,0,687,11.588000297546387,10.65356159210205
ETTm1,2,6519,41078,0,688,10.984999656677246,10.663503646850586
ETTm1,2,6519,41078,0,689,10.449000358581543,10.489968299865723
ETTm1,2,6519,41078,0,690,10.918000221252441,10.591025352478027
ETTm1,2,6519,41078,0,691,11.654999732971191,10.770890235900879
ETTm1,2,6519,41078,0,692,10.85099983215332,10.249767303466797
ETTm1,2,6519,41078,0,693,11.92199993133545,10.305631637573242
ETTm1,2,6519,41078,0,694,11.788000106811523,10.030427932739258
ETTm1,2,6519,41078,0,695,10.717000007629395,9.682793617248535
ETTm1,2,6519,41078,0,696,10.3149995803833,9.543603897094727
ETTm1,2,6519,41078,0,697,11.454000473022461,10.028558731079102
ETTm1,2,6519,41078,0,698,12.055999755859375,9.974608421325684
ETTm1,2,6519,41078,0,699,11.588000297546387,10.038667678833008
ETTm1,2,6519,41078,0,700,12.458000183105469,10.360474586486816
ETTm1,2,6519,41078,0,701,12.659000396728516,10.32662582397461
ETTm1,2,6519,41078,0,702,11.788000106811523,10.412342071533203
ETTm1,2,6519,41078,0,703,12.72599983215332,10.375280380249023
ETTm1,2,6519,41078,0,704,12.592000007629395,10.297052383422852
ETTm1,2,6519,41078,0,705,12.123000144958496,10.21231460571289
ETTm1,2,6519,41078,0,706,12.592000007629395,10.186141967773438
ETTm1,2,6519,41078,0,707,11.253000259399414,10.071958541870117
ETTm1,2,6519,41078,0,708,8.907999992370605,9.500334739685059
ETTm1,2,6519,41078,0,709,7.836999893188477,9.14268970489502
ETTm1,2,6519,41078,0,710,9.376999855041504,8.681680679321289
ETTm1,2,6519,41078,0,711,7.234000205993652,8.454313278198242
ETTm1,2,6519,41078,0,712,4.555000305175781,7.595494747161865
ETTm1,2,6519,41078,0,713,3.750999927520752,7.3674492835998535
ETTm1,2,6519,41078,0,714,2.5450005531311035,6.997961521148682
ETTm1,2,6519,41078,0,715,1.808000087738037,6.693517208099365
ETTm1,2,6519,41078,0,716,0.46899986267089844,5.798650741577148
ETTm1,2,6519,41078,0,717,1.0720000267028809,5.55389928817749
ETTm1,2,6519,41078,0,718,-0.7369999885559082,5.078064918518066
ETTm1,2,6519,41078,0,719,-0.6030001640319824,4.8622236251831055
ETTm1,2,6519,41078,0,720,-5.3580002784729,4.279420852661133
ETTm2,1,8224,42783,0,1,36.94200134277344,35.84326934814453
ETTm2,1,8224,42783,0,2,36.858001708984375,36.447662353515625
ETTm2,1,8224,42783,0,3,38.86800003051758,35.94504165649414
ETTm2,1,8224,42783,0,4,36.77399826049805,36.64389419555664
ETTm2,1,8224,42783,0,5,37.277000427246094,36.27058029174805
ETTm2,1,8224,42783,0,6,37.10900115966797,36.75109100341797
ETTm2,1,8224,42783,0,7,38.53300094604492,36.89677810668945
ETTm2,1,8224,42783,0,8,39.2869987487793,36.98360824584961
ETTm2,1,8224,42783,0,9,39.790000915527344,37.616355895996094
ETTm2,1,8224,42783,0,10,37.52799987792969,37.365211486816406
ETTm2,1,8224,42783,0,11,38.03099822998047,37.469608306884766
ETTm2,1,8224,42783,0,12,39.45500183105469,37.41408920288086
ETTm2,1,8224,42783,0,13,34.42900085449219,36.879215240478516
ETTm2,1,8224,42783,0,14,31.078001022338867,36.321983337402344
ETTm2,1,8224,42783,0,15,34.09400177001953,35.62770080566406
ETTm2,1,8224,42783,0,16,33.42300033569336,35.782981872558594
ETTm2,1,8224,42783,0,17,34.68000030517578,35.25163269042969
ETTm2,1,8224,42783,0,18,36.94200134277344,35.13100051879883
ETTm2,1,8224,42783,0,19,35.60100173950195,35.144283294677734
ETTm2,1,8224,42783,0,20,37.52799987792969,35.52666473388672
ETTm2,1,8224,42783,0,21,37.361000061035156,35.032047271728516
ETTm2,1,8224,42783,0,22,35.85300064086914,34.92207336425781
ETTm2,1,8224,42783,0,23,35.685001373291016,35.09748840332031
ETTm2,1,8224,42783,0,24,36.94200134277344,34.371726989746094
ETTm2,1,8224,42783,0,25,35.85300064086914,34.44387435913086
ETTm2,1,8224,42783,0,26,32.66999816894531,34.18711471557617
ETTm2,1,8224,42783,0,27,34.59600067138672,33.75703048706055
ETTm2,1,8224,42783,0,28,34.512001037597656,33.514251708984375
ETTm2,1,8224,42783,0,29,34.42900085449219,33.74613571166992
ETTm2,1,8224,42783,0,30,31.58100128173828,33.084686279296875
ETTm2,1,8224,42783,0,31,30.073001861572266,32.66519546508789
ETTm2,1,8224,42783,0,32,33.92599868774414,32.415199279785156
ETTm2,1,8224,42783,0,33,32.33399963378906,31.394947052001953
ETTm2,1,8224,42783,0,34,31.329002380371094,31.85047149658203
ETTm2,1,8224,42783,0,35,33.25600051879883,30.6370849609375
ETTm2,1,8224,42783,0,36,30.90999984741211,30.999210357666016
ETTm2,1,8224,42783,0,37,29.235002517700195,31.241382598876953
ETTm2,1,8224,42783,0,38,29.067001342773438,30.989604949951172
ETTm2,1,8224,42783,0,39,30.993999481201172,30.488262176513672
ETTm2,1,8224,42783,0,40,29.989002227783203,30.714969635009766
ETTm2,1,8224,42783,0,41,30.743000030517578,30.19866943359375
ETTm2,1,8224,42783,0,42,32.08300018310547,30.647579193115234
ETTm2,1,8224,42783,0,43,27.643001556396484,30.573389053344727
ETTm2,1,8224,42783,0,44,29.067001342773438,30.307449340820312
ETTm2,1,8224,42783,0,45,29.56999969482422,31.022737503051758
ETTm2,1,8224,42783,0,46,30.82699966430664,30.9681396484375
ETTm2,1,8224,42783,0,47,31.49700164794922,30.51844596862793
ETTm2,1,8224,42783,0,48,30.90999984741211,30.89759635925293
ETTm2,1,8224,42783,0,49,30.993999481201172,30.282079696655273
ETTm2,1,8224,42783,0,50,28.816001892089844,31.00457000732422
ETTm2,1,8224,42783,0,51,26.89000129699707,30.80166244506836
ETTm2,1,8224,42783,0,52,30.32400131225586,31.171688079833984
ETTm2,1,8224,42783,0,53,30.82699966430664,30.53946304321289
ETTm2,1,8224,42783,0,54,30.82699966430664,30.915180206298828
ETTm2,1,8224,42783,0,55,31.66400146484375,31.174583435058594
ETTm2,1,8224,42783,0,56,30.32400131225586,31.274242401123047
ETTm2,1,8224,42783,0,57,31.413002014160156,31.345582962036133
ETTm2,1,8224,42783,0,58,32.33399963378906,31.360212326049805
ETTm2,1,8224,42783,0,59,32.92100143432617,31.183765411376953
ETTm2,1,8224,42783,0,60,31.329002380371094,31.502498626708984
ETTm2,1,8224,42783,0,61,33.25600051879883,31.474185943603516
ETTm2,1,8224,42783,0,62,29.486000061035156,30.951683044433594
ETTm2,1,8224,42783,0,63,30.408000946044922,30.6798095703125
ETTm2,1,8224,42783,0,64,29.989002227783203,30.063125610351562
ETTm2,1,8224,42783,0,65,28.900001525878906,30.300853729248047
ETTm2,1,8224,42783,0,66,31.162002563476562,30.717361450195312
ETTm2,1,8224,42783,0,67,35.01499938964844,30.9771728515625
ETTm2,1,8224,42783,0,68,33.757999420166016,31.228832244873047
ETTm2,1,8224,42783,0,69,35.433998107910156,31.36009979248047
ETTm2,1,8224,42783,0,70,34.84700012207031,32.342872619628906
ETTm2,1,8224,42783,0,71,34.345001220703125,31.98914337158203
ETTm2,1,8224,42783,0,72,31.832002639770508,32.35911178588867
ETTm2,1,8224,42783,0,73,30.240001678466797,32.08551788330078
ETTm2,1,8224,42783,0,74,32.33399963378906,32.15680694580078
ETTm2,1,8224,42783,0,75,31.748001098632812,31.931015014648438
ETTm2,1,8224,42783,0,76,35.0989990234375,32.76753234863281
ETTm2,1,8224,42783,0,77,34.42900085449219,32.48850631713867
ETTm2,1,8224,42783,0,78,33.25600051879883,32.483314514160156
ETTm2,1,8224,42783,0,79,32.75299835205078,31.925140380859375
ETTm2,1,8224,42783,0,80,33.590999603271484,32.703643798828125
ETTm2,1,8224,42783,0,81,33.005001068115234,32.847633361816406
ETTm2,1,8224,42783,0,82,33.005001068115234,33.00788497924805
ETTm2,1,8224,42783,0,83,33.67499923706055,32.734764099121094
ETTm2,1,8224,42783,0,84,33.67499923706055,32.844451904296875
ETTm2,1,8224,42783,0,85,32.66999816894531,32.84553909301758
ETTm2,1,8224,42783,0,86,29.90500259399414,34.49325180053711
ETTm2,1,8224,42783,0,87,29.90500259399414,33.23734664916992
ETTm2,1,8224,42783,0,88,31.832002639770508,33.65569305419922
ETTm2,1,8224,42783,0,89,31.078001022338867,33.587947845458984
ETTm2,1,8224,42783,0,90,30.240001678466797,34.21934127807617
ETTm2,1,8224,42783,0,91,33.92599868774414,34.923858642578125
ETTm2,1,8224,42783,0,92,32.92100143432617,34.692047119140625
ETTm2,1,8224,42783,0,93,33.42300033569336,34.91624069213867
ETTm2,1,8224,42783,0,94,30.32400131225586,34.750083923339844
ETTm2,1,8224,42783,0,95,35.0989990234375,35.1138801574707
ETTm2,1,8224,42783,0,96,35.18299865722656,35.72993469238281
ETTm2,1,8224,42783,0,97,33.172000885009766,35.42620086669922
ETTm2,1,8224,42783,0,98,35.76900100708008,35.99773406982422
ETTm2,1,8224,42783,0,99,36.77399826049805,36.23008728027344
ETTm2,1,8224,42783,0,100,36.858001708984375,36.36771011352539
ETTm2,1,8224,42783,0,101,35.76900100708008,36.83536148071289
ETTm2,1,8224,42783,0,102,33.005001068115234,35.89348220825195
ETTm2,1,8224,42783,0,103,35.85300064086914,36.98595428466797
ETTm2,1,8224,42783,0,104,37.444000244140625,36.91748046875
ETTm2,1,8224,42783,0,105,34.84700012207031,36.19700622558594
ETTm2,1,8224,42783,0,106,38.03099822998047,37.06169128417969
ETTm2,1,8224,42783,0,107,37.77899932861328,37.10099411010742
ETTm2,1,8224,42783,0,108,39.2869987487793,37.256561279296875
ETTm2,1,8224,42783,0,109,34.42900085449219,36.6849365234375
ETTm2,1,8224,42783,0,110,32.08300018310547,36.398590087890625
ETTm2,1,8224,42783,0,111,31.748001098632812,35.7143669128418
ETTm2,1,8224,42783,0,112,32.250999450683594,35.744712829589844
ETTm2,1,8224,42783,0,113,34.59600067138672,35.283912658691406
ETTm2,1,8224,42783,0,114,34.763999938964844,34.75283432006836
ETTm2,1,8224,42783,0,115,34.345001220703125,35.15125274658203
ETTm2,1,8224,42783,0,116,32.75299835205078,34.84319305419922
ETTm2,1,8224,42783,0,117,36.52299880981445,35.36319351196289
ETTm2,1,8224,42783,0,118,34.345001220703125,34.38798522949219
ETTm2,1,8224,42783,0,119,34.59600067138672,34.68848419189453
ETTm2,1,8224,42783,0,120,33.005001068115234,34.22215270996094
ETTm2,1,8224,42783,0,121,34.512001037597656,34.40781021118164
ETTm2,1,8224,42783,0,122,36.27199935913086,33.430423736572266
ETTm2,1,8224,42783,0,123,34.763999938964844,32.836517333984375
ETTm2,1,8224,42783,0,124,33.172000885009766,33.23597717285156
ETTm2,1,8224,42783,0,125,34.345001220703125,33.41841506958008
ETTm2,1,8224,42783,0,126,33.0880012512207,32.74885940551758
ETTm2,1,8224,42783,0,127,31.66400146484375,32.37531661987305
ETTm2,1,8224,42783,0,128,29.486000061035156,31.688518524169922
ETTm2,1,8224,42783,0,129,32.250999450683594,32.21550750732422
ETTm2,1,8224,42783,0,130,33.0880012512207,31.552412033081055
ETTm2,1,8224,42783,0,131,33.590999603271484,30.7222900390625
ETTm2,1,8224,42783,0,132,29.65399932861328,31.424957275390625
ETTm2,1,8224,42783,0,133,30.073001861572266,30.718761444091797
ETTm2,1,8224,42783,0,134,30.492002487182617,30.668212890625
ETTm2,1,8224,42783,0,135,31.329002380371094,30.491050720214844
ETTm2,1,8224,42783,0,136,28.481002807617188,30.44452667236328
ETTm2,1,8224,42783,0,137,31.329002380371094,31.22264862060547
ETTm2,1,8224,42783,0,138,30.408000946044922,31.48440933227539
ETTm2,1,8224,42783,0,139,28.56500244140625,30.92383575439453
ETTm2,1,8224,42783,0,140,26.47100067138672,30.16916847229004
ETTm2,1,8224,42783,0,141,29.067001342773438,30.555419921875
ETTm2,1,8224,42783,0,142,29.56999969482422,30.894527435302734
ETTm2,1,8224,42783,0,143,29.65399932861328,30.39248275756836
ETTm2,1,8224,42783,0,144,30.156002044677734,31.11894989013672
ETTm2,1,8224,42783,0,145,30.993999481201172,30.00084686279297
ETTm2,1,8224,42783,0,146,29.90500259399414,30.80103874206543
ETTm2,1,8224,42783,0,147,30.575002670288086,30.43692398071289
ETTm2,1,8224,42783,0,148,32.66999816894531,29.633533477783203
ETTm2,1,8224,42783,0,149,32.83700180053711,30.83820915222168
ETTm2,1,8224,42783,0,150,33.0880012512207,30.981773376464844
ETTm2,1,8224,42783,0,151,32.75299835205078,30.898265838623047
ETTm2,1,8224,42783,0,152,33.50699996948242,31.191913604736328
ETTm2,1,8224,42783,0,153,35.0989990234375,31.020244598388672
ETTm2,1,8224,42783,0,154,33.172000885009766,30.86919403076172
ETTm2,1,8224,42783,0,155,33.005001068115234,30.87177085876465
ETTm2,1,8224,42783,0,156,34.345001220703125,30.59001922607422
ETTm2,1,8224,42783,0,157,33.92599868774414,31.055950164794922
ETTm2,1,8224,42783,0,158,33.42300033569336,30.441574096679688
ETTm2,1,8224,42783,0,159,31.162002563476562,30.387651443481445
ETTm2,1,8224,42783,0,160,30.82699966430664,30.171363830566406
ETTm2,1,8224,42783,0,161,29.56999969482422,30.48977279663086
ETTm2,1,8224,42783,0,162,29.319002151489258,30.16277313232422
ETTm2,1,8224,42783,0,163,30.993999481201172,31.097900390625
ETTm2,1,8224,42783,0,164,30.90999984741211,30.993167877197266
ETTm2,1,8224,42783,0,165,34.84700012207031,31.567607879638672
ETTm2,1,8224,42783,0,166,34.512001037597656,31.37594223022461
ETTm2,1,8224,42783,0,167,34.345001220703125,31.45637321472168
ETTm2,1,8224,42783,0,168,31.24500274658203,31.739856719970703
ETTm2,1,8224,42783,0,169,31.413002014160156,31.55973243713379
ETTm2,1,8224,42783,0,170,31.916000366210938,31.549894332885742
ETTm2,1,8224,42783,0,171,32.66999816894531,31.756961822509766
ETTm2,1,8224,42783,0,172,32.50199890136719,32.106353759765625
ETTm2,1,8224,42783,0,173,33.172000885009766,31.85710906982422
ETTm2,1,8224,42783,0,174,35.60100173950195,31.764171600341797
ETTm2,1,8224,42783,0,175,33.92599868774414,32.774681091308594
ETTm2,1,8224,42783,0,176,34.763999938964844,32.175228118896484
ETTm2,1,8224,42783,0,177,32.33399963378906,32.22521209716797
ETTm2,1,8224,42783,0,178,32.66999816894531,32.16315460205078
ETTm2,1,8224,42783,0,179,33.34000015258789,31.795377731323242
ETTm2,1,8224,42783,0,180,34.26100158691406,32.93598937988281
ETTm2,1,8224,42783,0,181,31.413002014160156,33.13663101196289
ETTm2,1,8224,42783,0,182,29.486000061035156,33.50749969482422
ETTm2,1,8224,42783,0,183,27.895000457763672,32.98401641845703
ETTm2,1,8224,42783,0,184,27.979001998901367,32.95816421508789
ETTm2,1,8224,42783,0,185,29.067001342773438,34.0394401550293
ETTm2,1,8224,42783,0,186,28.39699935913086,34.606849670410156
ETTm2,1,8224,42783,0,187,28.649002075195312,34.27101516723633
ETTm2,1,8224,42783,0,188,28.900001525878906,34.53461837768555
ETTm2,1,8224,42783,0,189,30.073001861572266,34.300025939941406
ETTm2,1,8224,42783,0,190,31.832002639770508,34.28709030151367
ETTm2,1,8224,42783,0,191,32.83700180053711,34.95521926879883
ETTm2,1,8224,42783,0,192,34.68000030517578,34.819271087646484
ETTm2,1,8224,42783,0,193,35.01499938964844,35.24933624267578
ETTm2,1,8224,42783,0,194,35.93600082397461,34.87424850463867
ETTm2,1,8224,42783,0,195,36.1879997253418,35.08763885498047
ETTm2,1,8224,42783,0,196,36.104000091552734,35.613006591796875
ETTm2,1,8224,42783,0,197,35.85300064086914,35.69936752319336
ETTm2,1,8224,42783,0,198,35.349998474121094,35.282257080078125
ETTm2,1,8224,42783,0,199,36.35499954223633,35.622989654541016
ETTm2,1,8224,42783,0,200,36.1879997253418,36.50749588012695
ETTm2,1,8224,42783,0,201,37.19300079345703,36.635311126708984
ETTm2,1,8224,42783,0,202,38.617000579833984,35.52681350708008
ETTm2,1,8224,42783,0,203,35.685001373291016,35.59245300292969
ETTm2,1,8224,42783,0,204,37.69599914550781,35.49186325073242
ETTm2,1,8224,42783,0,205,31.916000366210938,35.12759780883789
ETTm2,1,8224,42783,0,206,29.40300178527832,35.94858169555664
ETTm2,1,8224,42783,0,207,34.345001220703125,36.23569869995117
ETTm2,1,8224,42783,0,208,31.832002639770508,35.19350814819336
ETTm2,1,8224,42783,0,209,33.172000885009766,35.1762809753418
ETTm2,1,8224,42783,0,210,34.84700012207031,35.72407150268555
ETTm2,1,8224,42783,0,211,33.42300033569336,34.03260040283203
ETTm2,1,8224,42783,0,212,35.0989990234375,34.43346405029297
ETTm2,1,8224,42783,0,213,34.68000030517578,35.0130500793457
ETTm2,1,8224,42783,0,214,38.03099822998047,34.11225509643555
ETTm2,1,8224,42783,0,215,35.76900100708008,34.921268463134766
ETTm2,1,8224,42783,0,216,33.590999603271484,34.47429275512695
ETTm2,1,8224,42783,0,217,34.68000030517578,33.468719482421875
ETTm2,1,8224,42783,0,218,35.18299865722656,33.44843673706055
ETTm2,1,8224,42783,0,219,37.52799987792969,33.454429626464844
ETTm2,1,8224,42783,0,220,36.77399826049805,32.67354202270508
ETTm2,1,8224,42783,0,221,35.85300064086914,33.09672164916992
ETTm2,1,8224,42783,0,222,34.59600067138672,31.71303367614746
ETTm2,1,8224,42783,0,223,31.329002380371094,32.193382263183594
ETTm2,1,8224,42783,0,224,32.58599853515625,30.87479591369629
ETTm2,1,8224,42783,0,225,32.417999267578125,30.386505126953125
ETTm2,1,8224,42783,0,226,33.0880012512207,31.055816650390625
ETTm2,1,8224,42783,0,227,33.172000885009766,29.99901580810547
ETTm2,1,8224,42783,0,228,28.73200225830078,30.289634704589844
ETTm2,1,8224,42783,0,229,32.250999450683594,30.110572814941406
ETTm2,1,8224,42783,0,230,32.75299835205078,30.66793441772461
ETTm2,1,8224,42783,0,231,32.33399963378906,30.643665313720703
ETTm2,1,8224,42783,0,232,32.58599853515625,30.3597469329834
ETTm2,1,8224,42783,0,233,29.235002517700195,30.327653884887695
ETTm2,1,8224,42783,0,234,28.98400115966797,30.3258056640625
ETTm2,1,8224,42783,0,235,29.73800277709961,30.760112762451172
ETTm2,1,8224,42783,0,236,31.329002380371094,30.102413177490234
ETTm2,1,8224,42783,0,237,29.319002151489258,29.094242095947266
ETTm2,1,8224,42783,0,238,28.649002075195312,29.782489776611328
ETTm2,1,8224,42783,0,239,32.50199890136719,30.72699737548828
ETTm2,1,8224,42783,0,240,29.821001052856445,29.71289825439453
ETTm2,1,8224,42783,0,241,31.66400146484375,31.008392333984375
ETTm2,1,8224,42783,0,242,29.486000061035156,30.084880828857422
ETTm2,1,8224,42783,0,243,32.250999450683594,29.489517211914062
ETTm2,1,8224,42783,0,244,33.590999603271484,30.006755828857422
ETTm2,1,8224,42783,0,245,33.0880012512207,30.487716674804688
ETTm2,1,8224,42783,0,246,33.172000885009766,30.02286720275879
ETTm2,1,8224,42783,0,247,33.590999603271484,30.392066955566406
ETTm2,1,8224,42783,0,248,33.172000885009766,30.28398323059082
ETTm2,1,8224,42783,0,249,36.77399826049805,30.4365177154541
ETTm2,1,8224,42783,0,250,33.84199905395508,31.151348114013672
ETTm2,1,8224,42783,0,251,31.24500274658203,30.560623168945312
ETTm2,1,8224,42783,0,252,33.84199905395508,30.790428161621094
ETTm2,1,8224,42783,0,253,33.34000015258789,31.01569938659668
ETTm2,1,8224,42783,0,254,35.85300064086914,30.381877899169922
ETTm2,1,8224,42783,0,255,31.329002380371094,30.019020080566406
ETTm2,1,8224,42783,0,256,29.486000061035156,29.586286544799805
ETTm2,1,8224,42783,0,257,29.486000061035156,30.172773361206055
ETTm2,1,8224,42783,0,258,29.486000061035156,29.79317855834961
ETTm2,1,8224,42783,0,259,32.75299835205078,30.598407745361328
ETTm2,1,8224,42783,0,260,29.821001052856445,30.384044647216797
ETTm2,1,8224,42783,0,261,34.0099983215332,31.109994888305664
ETTm2,1,8224,42783,0,262,33.005001068115234,31.09360694885254
ETTm2,1,8224,42783,0,263,35.85300064086914,31.644603729248047
ETTm2,1,8224,42783,0,264,32.50199890136719,31.347606658935547
ETTm2,1,8224,42783,0,265,31.66400146484375,31.884017944335938
ETTm2,1,8224,42783,0,266,29.90500259399414,31.26795196533203
ETTm2,1,8224,42783,0,267,27.476001739501953,32.271575927734375
ETTm2,1,8224,42783,0,268,30.82699966430664,31.966144561767578
ETTm2,1,8224,42783,0,269,31.58100128173828,32.155967712402344
ETTm2,1,8224,42783,0,270,34.26100158691406,32.22786331176758
ETTm2,1,8224,42783,0,271,35.26599884033203,32.138370513916016
ETTm2,1,8224,42783,0,272,34.763999938964844,32.532630920410156
ETTm2,1,8224,42783,0,273,34.176998138427734,32.65254211425781
ETTm2,1,8224,42783,0,274,34.763999938964844,32.97272872924805
ETTm2,1,8224,42783,0,275,33.757999420166016,33.281150817871094
ETTm2,1,8224,42783,0,276,34.59600067138672,32.59960174560547
ETTm2,1,8224,42783,0,277,34.42900085449219,32.86798858642578
ETTm2,1,8224,42783,0,278,31.413002014160156,33.09796142578125
ETTm2,1,8224,42783,0,279,31.162002563476562,33.48606872558594
ETTm2,1,8224,42783,0,280,33.84199905395508,33.595184326171875
ETTm2,1,8224,42783,0,281,33.172000885009766,34.29607391357422
ETTm2,1,8224,42783,0,282,33.34000015258789,33.36027908325195
ETTm2,1,8224,42783,0,283,34.26100158691406,34.23675537109375
ETTm2,1,8224,42783,0,284,33.0880012512207,34.555782318115234
ETTm2,1,8224,42783,0,285,30.90999984741211,34.400936126708984
ETTm2,1,8224,42783,0,286,34.09400177001953,34.36771011352539
ETTm2,1,8224,42783,0,287,34.09400177001953,35.38297653198242
ETTm2,1,8224,42783,0,288,34.512001037597656,34.99348068237305
ETTm2,1,8224,42783,0,289,34.930999755859375,35.36609649658203
ETTm2,1,8224,42783,0,290,32.92100143432617,35.687686920166016
ETTm2,1,8224,42783,0,291,36.606998443603516,36.015655517578125
ETTm2,1,8224,42783,0,292,33.25600051879883,35.50615692138672
ETTm2,1,8224,42783,0,293,33.84199905395508,35.936466217041016
ETTm2,1,8224,42783,0,294,35.349998474121094,35.87675476074219
ETTm2,1,8224,42783,0,295,35.18299865722656,35.596717834472656
ETTm2,1,8224,42783,0,296,36.1879997253418,35.947479248046875
ETTm2,1,8224,42783,0,297,32.16699981689453,35.34585189819336
ETTm2,1,8224,42783,0,298,37.025001525878906,36.251312255859375
ETTm2,1,8224,42783,0,299,40.71099853515625,36.95734786987305
ETTm2,1,8224,42783,0,300,38.53300094604492,35.82716751098633
ETTm2,1,8224,42783,0,301,37.277000427246094,36.14616394042969
ETTm2,1,8224,42783,0,302,35.26599884033203,35.035240173339844
ETTm2,1,8224,42783,0,303,34.42900085449219,36.27452850341797
ETTm2,1,8224,42783,0,304,34.763999938964844,35.40422058105469
ETTm2,1,8224,42783,0,305,35.76900100708008,35.18011474609375
ETTm2,1,8224,42783,0,306,37.862998962402344,34.933021545410156
ETTm2,1,8224,42783,0,307,37.69599914550781,35.1858024597168
ETTm2,1,8224,42783,0,308,35.60100173950195,34.67822265625
ETTm2,1,8224,42783,0,309,37.025001525878906,35.674827575683594
ETTm2,1,8224,42783,0,310,39.2869987487793,35.17069625854492
ETTm2,1,8224,42783,0,311,35.93600082397461,33.90365219116211
ETTm2,1,8224,42783,0,312,31.329002380371094,33.97529602050781
ETTm2,1,8224,42783,0,313,29.067001342773438,33.96785354614258
ETTm2,1,8224,42783,0,314,32.250999450683594,33.43323516845703
ETTm2,1,8224,42783,0,315,31.49700164794922,33.28175735473633
ETTm2,1,8224,42783,0,316,31.999000549316406,33.2375373840332
ETTm2,1,8224,42783,0,317,33.25600051879883,32.60590362548828
ETTm2,1,8224,42783,0,318,34.0099983215332,32.85134506225586
ETTm2,1,8224,42783,0,319,32.33399963378906,32.03736877441406
ETTm2,1,8224,42783,0,320,30.240001678466797,31.595720291137695
ETTm2,1,8224,42783,0,321,31.66400146484375,30.901947021484375
ETTm2,1,8224,42783,0,322,32.66999816894531,31.1239013671875
ETTm2,1,8224,42783,0,323,33.34000015258789,30.969974517822266
ETTm2,1,8224,42783,0,324,28.481002807617188,30.81584358215332
ETTm2,1,8224,42783,0,325,29.90500259399414,30.293750762939453
ETTm2,1,8224,42783,0,326,31.58100128173828,30.277509689331055
ETTm2,1,8224,42783,0,327,30.240001678466797,30.588172912597656
ETTm2,1,8224,42783,0,328,31.999000549316406,29.454191207885742
ETTm2,1,8224,42783,0,329,29.90500259399414,30.21900177001953
ETTm2,1,8224,42783,0,330,27.476001739501953,30.045873641967773
ETTm2,1,8224,42783,0,331,28.56500244140625,29.88821792602539
ETTm2,1,8224,42783,0,332,31.49700164794922,29.731460571289062
ETTm2,1,8224,42783,0,333,31.329002380371094,30.112754821777344
ETTm2,1,8224,42783,0,334,31.999000549316406,30.187103271484375
ETTm2,1,8224,42783,0,335,30.659000396728516,29.770050048828125
ETTm2,1,8224,42783,0,336,28.56500244140625,29.440128326416016
ETTm2,1,8224,42783,0,337,27.308002471923828,29.826534271240234
ETTm2,1,8224,42783,0,338,31.413002014160156,29.452171325683594
ETTm2,1,8224,42783,0,339,26.89000129699707,30.0483455657959
ETTm2,1,8224,42783,0,340,28.1460018157959,29.518211364746094
ETTm2,1,8224,42783,0,341,25.884002685546875,30.239765167236328
ETTm2,1,8224,42783,0,342,25.63300132751465,29.918758392333984
ETTm2,1,8224,42783,0,343,25.801002502441406,29.858362197875977
ETTm2,1,8224,42783,0,344,28.1460018157959,29.9804744720459
ETTm2,1,8224,42783,0,345,24.46000099182129,29.940311431884766
ETTm2,1,8224,42783,0,346,24.795001983642578,30.171998977661133
ETTm2,1,8224,42783,0,347,22.95199966430664,29.755882263183594
ETTm2,1,8224,42783,0,348,21.110000610351562,30.25649642944336
ETTm2,1,8224,42783,0,349,27.39200210571289,29.6043758392334
ETTm2,1,8224,42783,0,350,22.450002670288086,29.90311050415039
ETTm2,1,8224,42783,0,351,26.136001586914062,29.491615295410156
ETTm2,1,8224,42783,0,352,21.277002334594727,30.125019073486328
ETTm2,1,8224,42783,0,353,22.617002487182617,30.263195037841797
ETTm2,1,8224,42783,0,354,21.695999145507812,30.408935546875
ETTm2,1,8224,42783,0,355,22.70100212097168,30.158706665039062
ETTm2,1,8224,42783,0,356,25.549001693725586,30.500741958618164
ETTm2,1,8224,42783,0,357,26.052001953125,30.447612762451172
ETTm2,1,8224,42783,0,358,25.884002685546875,30.823877334594727
ETTm2,1,8224,42783,0,359,28.1460018157959,31.22527503967285
ETTm2,1,8224,42783,0,360,29.067001342773438,30.978347778320312
ETTm2,1,8224,42783,0,361,29.821001052856445,31.171432495117188
ETTm2,1,8224,42783,0,362,29.56999969482422,31.498058319091797
ETTm2,1,8224,42783,0,363,27.141002655029297,31.174392700195312
ETTm2,1,8224,42783,0,364,27.476001739501953,31.484272003173828
ETTm2,1,8224,42783,0,365,29.821001052856445,31.32006072998047
ETTm2,1,8224,42783,0,366,30.492002487182617,31.514753341674805
ETTm2,1,8224,42783,0,367,28.1460018157959,31.387451171875
ETTm2,1,8224,42783,0,368,29.90500259399414,31.812618255615234
ETTm2,1,8224,42783,0,369,28.56500244140625,31.869125366210938
ETTm2,1,8224,42783,0,370,25.968002319335938,31.942996978759766
ETTm2,1,8224,42783,0,371,26.052001953125,31.665498733520508
ETTm2,1,8224,42783,0,372,26.63800048828125,32.01347351074219
ETTm2,1,8224,42783,0,373,33.42300033569336,32.47800827026367
ETTm2,1,8224,42783,0,374,32.83700180053711,32.407257080078125
ETTm2,1,8224,42783,0,375,33.590999603271484,32.72054672241211
ETTm2,1,8224,42783,0,376,33.50699996948242,33.06889343261719
ETTm2,1,8224,42783,0,377,33.005001068115234,33.41696548461914
ETTm2,1,8224,42783,0,378,34.345001220703125,33.817562103271484
ETTm2,1,8224,42783,0,379,33.42300033569336,33.401668548583984
ETTm2,1,8224,42783,0,380,34.42900085449219,33.88669967651367
ETTm2,1,8224,42783,0,381,33.92599868774414,33.88820266723633
ETTm2,1,8224,42783,0,382,34.42900085449219,34.268150329589844
ETTm2,1,8224,42783,0,383,34.930999755859375,34.255592346191406
ETTm2,1,8224,42783,0,384,29.989002227783203,34.078826904296875
ETTm2,1,8224,42783,0,385,33.84199905395508,35.08843994140625
ETTm2,1,8224,42783,0,386,35.01499938964844,35.06715774536133
ETTm2,1,8224,42783,0,387,32.417999267578125,35.13473892211914
ETTm2,1,8224,42783,0,388,32.66999816894531,35.02008819580078
ETTm2,1,8224,42783,0,389,33.34000015258789,35.86935043334961
ETTm2,1,8224,42783,0,390,34.763999938964844,35.66115951538086
ETTm2,1,8224,42783,0,391,35.349998474121094,35.06443786621094
ETTm2,1,8224,42783,0,392,34.763999938964844,35.66511154174805
ETTm2,1,8224,42783,0,393,37.444000244140625,36.40742111206055
ETTm2,1,8224,42783,0,394,39.790000915527344,35.623260498046875
ETTm2,1,8224,42783,0,395,39.790000915527344,35.61848068237305
ETTm2,1,8224,42783,0,396,38.617000579833984,35.74475860595703
ETTm2,1,8224,42783,0,397,33.67499923706055,36.336666107177734
ETTm2,1,8224,42783,0,398,34.345001220703125,35.61561584472656
ETTm2,1,8224,42783,0,399,35.01499938964844,35.395591735839844
ETTm2,1,8224,42783,0,400,33.34000015258789,35.62092971801758
ETTm2,1,8224,42783,0,401,33.92599868774414,35.097904205322266
ETTm2,1,8224,42783,0,402,33.25600051879883,35.07259750366211
ETTm2,1,8224,42783,0,403,34.59600067138672,34.6996955871582
ETTm2,1,8224,42783,0,404,37.361000061035156,34.6812858581543
ETTm2,1,8224,42783,0,405,38.28200149536133,34.33380126953125
ETTm2,1,8224,42783,0,406,37.361000061035156,34.033447265625
ETTm2,1,8224,42783,0,407,33.67499923706055,34.110572814941406
ETTm2,1,8224,42783,0,408,35.26599884033203,34.23760986328125
ETTm2,1,8224,42783,0,409,35.26599884033203,34.29108810424805
ETTm2,1,8224,42783,0,410,35.433998107910156,33.42449188232422
ETTm2,1,8224,42783,0,411,34.68000030517578,32.725162506103516
ETTm2,1,8224,42783,0,412,28.98400115966797,32.54502487182617
ETTm2,1,8224,42783,0,413,31.329002380371094,31.648351669311523
ETTm2,1,8224,42783,0,414,28.900001525878906,32.167152404785156
ETTm2,1,8224,42783,0,415,28.649002075195312,31.786476135253906
ETTm2,1,8224,42783,0,416,31.58100128173828,31.42599105834961
ETTm2,1,8224,42783,0,417,29.1510009765625,31.155357360839844
ETTm2,1,8224,42783,0,418,27.39200210571289,31.08658790588379
ETTm2,1,8224,42783,0,419,28.31399917602539,30.96339225769043
ETTm2,1,8224,42783,0,420,30.408000946044922,31.024951934814453
ETTm2,1,8224,42783,0,421,30.492002487182617,30.683757781982422
ETTm2,1,8224,42783,0,422,28.56500244140625,30.641420364379883
ETTm2,1,8224,42783,0,423,26.052001953125,30.40926742553711
ETTm2,1,8224,42783,0,424,29.40300178527832,30.565311431884766
ETTm2,1,8224,42783,0,425,30.073001861572266,30.488536834716797
ETTm2,1,8224,42783,0,426,30.156002044677734,30.025001525878906
ETTm2,1,8224,42783,0,427,30.659000396728516,29.50889778137207
ETTm2,1,8224,42783,0,428,27.979001998901367,29.413000106811523
ETTm2,1,8224,42783,0,429,28.900001525878906,29.601516723632812
ETTm2,1,8224,42783,0,430,29.067001342773438,29.83102798461914
ETTm2,1,8224,42783,0,431,28.649002075195312,29.623977661132812
ETTm2,1,8224,42783,0,432,25.801002502441406,29.58612632751465
ETTm2,1,8224,42783,0,433,26.63800048828125,29.597888946533203
ETTm2,1,8224,42783,0,434,30.743000030517578,29.42003631591797
ETTm2,1,8224,42783,0,435,29.989002227783203,29.618391036987305
ETTm2,1,8224,42783,0,436,30.32400131225586,29.440872192382812
ETTm2,1,8224,42783,0,437,29.319002151489258,29.787166595458984
ETTm2,1,8224,42783,0,438,29.90500259399414,30.06751823425293
ETTm2,1,8224,42783,0,439,29.90500259399414,30.116724014282227
ETTm2,1,8224,42783,0,440,31.999000549316406,30.03899383544922
ETTm2,1,8224,42783,0,441,30.408000946044922,29.879070281982422
ETTm2,1,8224,42783,0,442,29.1510009765625,30.257875442504883
ETTm2,1,8224,42783,0,443,32.66999816894531,30.263633728027344
ETTm2,1,8224,42783,0,444,33.25600051879883,30.034526824951172
ETTm2,1,8224,42783,0,445,33.005001068115234,30.328277587890625
ETTm2,1,8224,42783,0,446,30.073001861572266,30.209735870361328
ETTm2,1,8224,42783,0,447,28.39699935913086,29.991012573242188
ETTm2,1,8224,42783,0,448,26.21900177001953,30.684354782104492
ETTm2,1,8224,42783,0,449,27.895000457763672,30.786096572875977
ETTm2,1,8224,42783,0,450,27.308002471923828,30.313499450683594
ETTm2,1,8224,42783,0,451,29.989002227783203,30.308626174926758
ETTm2,1,8224,42783,0,452,29.821001052856445,30.677886962890625
ETTm2,1,8224,42783,0,453,27.727001190185547,30.801589965820312
ETTm2,1,8224,42783,0,454,25.381999969482422,30.862754821777344
ETTm2,1,8224,42783,0,455,27.81100082397461,31.426986694335938
ETTm2,1,8224,42783,0,456,31.078001022338867,30.836549758911133
ETTm2,1,8224,42783,0,457,30.156002044677734,31.16893768310547
ETTm2,1,8224,42783,0,458,27.81100082397461,30.987716674804688
ETTm2,1,8224,42783,0,459,27.727001190185547,31.482267379760742
ETTm2,1,8224,42783,0,460,28.649002075195312,31.469606399536133
ETTm2,1,8224,42783,0,461,31.66400146484375,31.743547439575195
ETTm2,1,8224,42783,0,462,32.33399963378906,31.448047637939453
ETTm2,1,8224,42783,0,463,32.417999267578125,31.56396484375
ETTm2,1,8224,42783,0,464,30.82699966430664,31.5401668548584
ETTm2,1,8224,42783,0,465,30.743000030517578,31.250202178955078
ETTm2,1,8224,42783,0,466,31.999000549316406,31.531509399414062
ETTm2,1,8224,42783,0,467,32.250999450683594,31.987064361572266
ETTm2,1,8224,42783,0,468,31.329002380371094,32.75017166137695
ETTm2,1,8224,42783,0,469,32.92100143432617,32.48570251464844
ETTm2,1,8224,42783,0,470,29.90500259399414,32.89748001098633
ETTm2,1,8224,42783,0,471,30.32400131225586,33.1425666809082
ETTm2,1,8224,42783,0,472,29.821001052856445,33.38369369506836
ETTm2,1,8224,42783,0,473,29.067001342773438,33.555198669433594
ETTm2,1,8224,42783,0,474,30.90999984741211,33.566429138183594
ETTm2,1,8224,42783,0,475,32.50199890136719,33.644256591796875
ETTm2,1,8224,42783,0,476,32.75299835205078,33.11970520019531
ETTm2,1,8224,42783,0,477,32.92100143432617,33.505611419677734
ETTm2,1,8224,42783,0,478,34.0099983215332,33.93406677246094
ETTm2,1,8224,42783,0,479,34.930999755859375,34.29212188720703
ETTm2,1,8224,42783,0,480,34.84700012207031,34.60807418823242
ETTm2,1,8224,42783,0,481,32.75299835205078,34.932186126708984
ETTm2,1,8224,42783,0,482,35.349998474121094,34.815574645996094
ETTm2,1,8224,42783,0,483,36.689998626708984,35.27196502685547
ETTm2,1,8224,42783,0,484,36.858001708984375,35.20819091796875
ETTm2,1,8224,42783,0,485,37.52799987792969,35.62687301635742
ETTm2,1,8224,42783,0,486,35.60100173950195,35.871482849121094
ETTm2,1,8224,42783,0,487,37.361000061035156,35.823219299316406
ETTm2,1,8224,42783,0,488,37.61199951171875,36.27349090576172
ETTm2,1,8224,42783,0,489,34.176998138427734,35.95846176147461
ETTm2,1,8224,42783,0,490,39.62200164794922,35.579612731933594
ETTm2,1,8224,42783,0,491,35.349998474121094,35.74155044555664
ETTm2,1,8224,42783,0,492,34.763999938964844,35.99113845825195
ETTm2,1,8224,42783,0,493,32.250999450683594,35.410587310791016
ETTm2,1,8224,42783,0,494,33.590999603271484,35.571834564208984
ETTm2,1,8224,42783,0,495,33.34000015258789,35.436866760253906
ETTm2,1,8224,42783,0,496,35.349998474121094,35.11100769042969
ETTm2,1,8224,42783,0,497,33.92599868774414,35.352439880371094
ETTm2,1,8224,42783,0,498,34.68000030517578,35.21881103515625
ETTm2,1,8224,42783,0,499,35.93600082397461,34.87056350708008
ETTm2,1,8224,42783,0,500,35.60100173950195,34.59474563598633
ETTm2,1,8224,42783,0,501,35.85300064086914,34.52964782714844
ETTm2,1,8224,42783,0,502,33.0880012512207,34.036922454833984
ETTm2,1,8224,42783,0,503,34.09400177001953,34.12966537475586
ETTm2,1,8224,42783,0,504,31.832002639770508,33.66029739379883
ETTm2,1,8224,42783,0,505,32.33399963378906,33.566192626953125
ETTm2,1,8224,42783,0,506,33.005001068115234,33.033973693847656
ETTm2,1,8224,42783,0,507,33.34000015258789,32.80286407470703
ETTm2,1,8224,42783,0,508,29.56999969482422,32.35163116455078
ETTm2,1,8224,42783,0,509,30.82699966430664,33.136993408203125
ETTm2,1,8224,42783,0,510,34.176998138427734,32.03631591796875
ETTm2,1,8224,42783,0,511,32.58599853515625,31.704139709472656
ETTm2,1,8224,42783,0,512,34.26100158691406,31.814924240112305
ETTm2,1,8224,42783,0,513,29.1510009765625,31.457412719726562
ETTm2,1,8224,42783,0,514,32.33399963378906,31.255756378173828
ETTm2,1,8224,42783,0,515,31.66400146484375,30.913066864013672
ETTm2,1,8224,42783,0,516,31.999000549316406,31.069164276123047
ETTm2,1,8224,42783,0,517,33.172000885009766,30.523813247680664
ETTm2,1,8224,42783,0,518,32.250999450683594,30.621543884277344
ETTm2,1,8224,42783,0,519,31.832002639770508,30.247825622558594
ETTm2,1,8224,42783,0,520,30.993999481201172,30.369243621826172
ETTm2,1,8224,42783,0,521,27.81100082397461,30.189929962158203
ETTm2,1,8224,42783,0,522,31.078001022338867,29.85240936279297
ETTm2,1,8224,42783,0,523,30.240001678466797,29.970558166503906
ETTm2,1,8224,42783,0,524,30.743000030517578,30.444965362548828
ETTm2,1,8224,42783,0,525,30.743000030517578,29.732345581054688
ETTm2,1,8224,42783,0,526,31.078001022338867,30.30284881591797
ETTm2,1,8224,42783,0,527,30.993999481201172,29.82659149169922
ETTm2,1,8224,42783,0,528,32.250999450683594,30.013328552246094
ETTm2,1,8224,42783,0,529,31.24500274658203,29.752283096313477
ETTm2,1,8224,42783,0,530,29.90500259399414,29.72403907775879
ETTm2,1,8224,42783,0,531,27.476001739501953,29.973485946655273
ETTm2,1,8224,42783,0,532,30.993999481201172,29.33644676208496
ETTm2,1,8224,42783,0,533,30.156002044677734,29.868074417114258
ETTm2,1,8224,42783,0,534,32.75299835205078,29.616313934326172
ETTm2,1,8224,42783,0,535,31.329002380371094,30.043460845947266
ETTm2,1,8224,42783,0,536,34.42900085449219,29.997600555419922
ETTm2,1,8224,42783,0,537,32.75299835205078,29.311431884765625
ETTm2,1,8224,42783,0,538,34.68000030517578,30.098861694335938
ETTm2,1,8224,42783,0,539,34.345001220703125,29.92331314086914
ETTm2,1,8224,42783,0,540,34.930999755859375,30.226318359375
ETTm2,1,8224,42783,0,541,31.078001022338867,30.463701248168945
ETTm2,1,8224,42783,0,542,27.643001556396484,30.048234939575195
ETTm2,1,8224,42783,0,543,27.81100082397461,29.989761352539062
ETTm2,1,8224,42783,0,544,26.972999572753906,29.9885196685791
ETTm2,1,8224,42783,0,545,26.387001037597656,30.165592193603516
ETTm2,1,8224,42783,0,546,23.287002563476562,30.226028442382812
ETTm2,1,8224,42783,0,547,31.49700164794922,30.531450271606445
ETTm2,1,8224,42783,0,548,35.349998474121094,30.6075382232666
ETTm2,1,8224,42783,0,549,35.01499938964844,30.29479217529297
ETTm2,1,8224,42783,0,550,32.58599853515625,30.662460327148438
ETTm2,1,8224,42783,0,551,31.329002380371094,30.793895721435547
ETTm2,1,8224,42783,0,552,31.413002014160156,31.338178634643555
ETTm2,1,8224,42783,0,553,30.32400131225586,31.413551330566406
ETTm2,1,8224,42783,0,554,32.417999267578125,31.707345962524414
ETTm2,1,8224,42783,0,555,33.0880012512207,31.212282180786133
ETTm2,1,8224,42783,0,556,33.34000015258789,31.26186752319336
ETTm2,1,8224,42783,0,557,33.757999420166016,31.830810546875
ETTm2,1,8224,42783,0,558,35.18299865722656,31.59025001525879
ETTm2,1,8224,42783,0,559,34.763999938964844,31.894559860229492
ETTm2,1,8224,42783,0,560,35.0989990234375,31.440227508544922
ETTm2,1,8224,42783,0,561,34.26100158691406,31.58378028869629
ETTm2,1,8224,42783,0,562,33.172000885009766,32.6436882019043
ETTm2,1,8224,42783,0,563,33.0880012512207,32.18939971923828
ETTm2,1,8224,42783,0,564,32.92100143432617,32.04679870605469
ETTm2,1,8224,42783,0,565,30.90999984741211,33.285789489746094
ETTm2,1,8224,42783,0,566,32.58599853515625,32.75324630737305
ETTm2,1,8224,42783,0,567,29.65399932861328,33.31821060180664
ETTm2,1,8224,42783,0,568,26.806001663208008,33.491798400878906
ETTm2,1,8224,42783,0,569,26.21900177001953,33.4761962890625
ETTm2,1,8224,42783,0,570,30.575002670288086,33.63191223144531
ETTm2,1,8224,42783,0,571,30.32400131225586,33.450660705566406
ETTm2,1,8224,42783,0,572,33.0880012512207,34.02289581298828
ETTm2,1,8224,42783,0,573,33.0880012512207,34.070404052734375
ETTm2,1,8224,42783,0,574,34.26100158691406,34.294029235839844
ETTm2,1,8224,42783,0,575,35.518001556396484,34.45270538330078
ETTm2,1,8224,42783,0,576,36.43899917602539,34.151084899902344
ETTm2,1,8224,42783,0,577,36.689998626708984,34.910369873046875
ETTm2,1,8224,42783,0,578,36.689998626708984,34.81446075439453
ETTm2,1,8224,42783,0,579,34.176998138427734,34.448707580566406
ETTm2,1,8224,42783,0,580,36.1879997253418,35.28511047363281
ETTm2,1,8224,42783,0,581,35.93600082397461,35.11193084716797
ETTm2,1,8224,42783,0,582,35.76900100708008,34.71357345581055
ETTm2,1,8224,42783,0,583,35.85300064086914,35.406288146972656
ETTm2,1,8224,42783,0,584,36.02000045776367,35.17620849609375
ETTm2,1,8224,42783,0,585,38.617000579833984,35.34201431274414
ETTm2,1,8224,42783,0,586,39.119998931884766,35.581077575683594
ETTm2,1,8224,42783,0,587,40.04100036621094,35.15348815917969
ETTm2,1,8224,42783,0,588,39.45500183105469,34.97957229614258
ETTm2,1,8224,42783,0,589,38.86800003051758,35.128204345703125
ETTm2,1,8224,42783,0,590,35.433998107910156,35.041072845458984
ETTm2,1,8224,42783,0,591,31.162002563476562,35.33049392700195
ETTm2,1,8224,42783,0,592,36.858001708984375,35.16230773925781
ETTm2,1,8224,42783,0,593,36.43899917602539,34.550045013427734
ETTm2,1,8224,42783,0,594,36.77399826049805,34.5832633972168
ETTm2,1,8224,42783,0,595,37.444000244140625,34.281227111816406
ETTm2,1,8224,42783,0,596,36.52299880981445,34.50952911376953
ETTm2,1,8224,42783,0,597,39.202999114990234,33.78425598144531
ETTm2,1,8224,42783,0,598,31.832002639770508,34.34634017944336
ETTm2,1,8224,42783,0,599,31.66400146484375,33.61846160888672
ETTm2,1,8224,42783,0,600,36.104000091552734,33.94879150390625
ETTm2,1,8224,42783,0,601,36.606998443603516,33.554473876953125
ETTm2,1,8224,42783,0,602,36.689998626708984,33.599666595458984
ETTm2,1,8224,42783,0,603,36.1879997253418,32.94368362426758
ETTm2,1,8224,42783,0,604,36.689998626708984,32.90452575683594
ETTm2,1,8224,42783,0,605,31.832002639770508,32.777496337890625
ETTm2,1,8224,42783,0,606,32.33399963378906,31.959705352783203
ETTm2,1,8224,42783,0,607,31.58100128173828,31.944995880126953
ETTm2,1,8224,42783,0,608,31.58100128173828,31.226085662841797
ETTm2,1,8224,42783,0,609,28.481002807617188,31.257596969604492
ETTm2,1,8224,42783,0,610,31.329002380371094,31.709850311279297
ETTm2,1,8224,42783,0,611,32.50199890136719,31.460651397705078
ETTm2,1,8224,42783,0,612,32.50199890136719,30.912981033325195
ETTm2,1,8224,42783,0,613,31.329002380371094,30.959251403808594
ETTm2,1,8224,42783,0,614,31.24500274658203,30.920753479003906
ETTm2,1,8224,42783,0,615,31.49700164794922,30.69707489013672
ETTm2,1,8224,42783,0,616,30.743000030517578,30.82726287841797
ETTm2,1,8224,42783,0,617,30.156002044677734,30.358787536621094
ETTm2,1,8224,42783,0,618,28.649002075195312,29.598312377929688
ETTm2,1,8224,42783,0,619,23.53900146484375,30.012304306030273
ETTm2,1,8224,42783,0,620,27.643001556396484,29.688838958740234
ETTm2,1,8224,42783,0,621,28.229999542236328,29.846899032592773
ETTm2,1,8224,42783,0,622,28.39699935913086,29.955692291259766
ETTm2,1,8224,42783,0,623,30.492002487182617,29.76826286315918
ETTm2,1,8224,42783,0,624,30.743000030517578,29.864181518554688
ETTm2,1,8224,42783,0,625,29.989002227783203,29.44414520263672
ETTm2,1,8224,42783,0,626,30.659000396728516,29.693893432617188
ETTm2,1,8224,42783,0,627,31.329002380371094,29.538116455078125
ETTm2,1,8224,42783,0,628,31.748001098632812,30.161508560180664
ETTm2,1,8224,42783,0,629,29.989002227783203,29.665409088134766
ETTm2,1,8224,42783,0,630,28.56500244140625,29.947978973388672
ETTm2,1,8224,42783,0,631,28.73200225830078,29.47486114501953
ETTm2,1,8224,42783,0,632,31.999000549316406,29.818527221679688
ETTm2,1,8224,42783,0,633,33.34000015258789,29.99614715576172
ETTm2,1,8224,42783,0,634,33.67499923706055,29.860305786132812
ETTm2,1,8224,42783,0,635,32.58599853515625,29.870410919189453
ETTm2,1,8224,42783,0,636,33.757999420166016,30.035133361816406
ETTm2,1,8224,42783,0,637,33.0880012512207,29.830833435058594
ETTm2,1,8224,42783,0,638,31.078001022338867,29.510435104370117
ETTm2,1,8224,42783,0,639,28.481002807617188,29.816600799560547
ETTm2,1,8224,42783,0,640,28.900001525878906,30.36328887939453
ETTm2,1,8224,42783,0,641,28.062002182006836,30.381412506103516
ETTm2,1,8224,42783,0,642,30.240001678466797,31.133167266845703
ETTm2,1,8224,42783,0,643,29.821001052856445,30.590639114379883
ETTm2,1,8224,42783,0,644,30.240001678466797,30.756656646728516
ETTm2,1,8224,42783,0,645,32.50199890136719,30.673728942871094
ETTm2,1,8224,42783,0,646,31.832002639770508,30.485681533813477
ETTm2,1,8224,42783,0,647,32.08300018310547,31.3525390625
ETTm2,1,8224,42783,0,648,31.832002639770508,31.927581787109375
ETTm2,1,8224,42783,0,649,32.75299835205078,31.595169067382812
ETTm2,1,8224,42783,0,650,32.83700180053711,31.746620178222656
ETTm2,1,8224,42783,0,651,32.75299835205078,32.03237533569336
ETTm2,1,8224,42783,0,652,33.005001068115234,31.41505241394043
ETTm2,1,8224,42783,0,653,36.77399826049805,32.504276275634766
ETTm2,1,8224,42783,0,654,37.444000244140625,31.721412658691406
ETTm2,1,8224,42783,0,655,35.0989990234375,32.12351608276367
ETTm2,1,8224,42783,0,656,36.27199935913086,32.39423751831055
ETTm2,1,8224,42783,0,657,35.60100173950195,32.211917877197266
ETTm2,1,8224,42783,0,658,36.35499954223633,32.60517120361328
ETTm2,1,8224,42783,0,659,36.27199935913086,33.01555252075195
ETTm2,1,8224,42783,0,660,34.26100158691406,33.042659759521484
ETTm2,1,8224,42783,0,661,37.361000061035156,33.14740753173828
ETTm2,1,8224,42783,0,662,37.10900115966797,33.396324157714844
ETTm2,1,8224,42783,0,663,35.60100173950195,33.248321533203125
ETTm2,1,8224,42783,0,664,36.02000045776367,33.01884460449219
ETTm2,1,8224,42783,0,665,36.43899917602539,33.39528274536133
ETTm2,1,8224,42783,0,666,35.433998107910156,33.269317626953125
ETTm2,1,8224,42783,0,667,37.10900115966797,33.48458480834961
ETTm2,1,8224,42783,0,668,34.345001220703125,34.43720626831055
ETTm2,1,8224,42783,0,669,36.27199935913086,34.04501724243164
ETTm2,1,8224,42783,0,670,37.361000061035156,34.33442306518555
ETTm2,1,8224,42783,0,671,36.27199935913086,34.7453498840332
ETTm2,1,8224,42783,0,672,37.10900115966797,35.321739196777344
ETTm2,1,8224,42783,0,673,37.862998962402344,34.50259017944336
ETTm2,1,8224,42783,0,674,36.27199935913086,34.768165588378906
ETTm2,1,8224,42783,0,675,38.36600112915039,35.13426208496094
ETTm2,1,8224,42783,0,676,39.37099838256836,35.31383514404297
ETTm2,1,8224,42783,0,677,40.79499816894531,34.49164962768555
ETTm2,1,8224,42783,0,678,41.38100051879883,34.5634765625
ETTm2,1,8224,42783,0,679,38.617000579833984,34.950958251953125
ETTm2,1,8224,42783,0,680,37.277000427246094,35.019535064697266
ETTm2,1,8224,42783,0,681,40.125,35.47575378417969
ETTm2,1,8224,42783,0,682,42.21900177001953,35.16471481323242
ETTm2,1,8224,42783,0,683,41.715999603271484,35.31787109375
ETTm2,1,8224,42783,0,684,41.96799850463867,35.1893196105957
ETTm2,1,8224,42783,0,685,39.119998931884766,34.993011474609375
ETTm2,1,8224,42783,0,686,37.025001525878906,34.6405029296875
ETTm2,1,8224,42783,0,687,37.52799987792969,34.94053268432617
ETTm2,1,8224,42783,0,688,37.444000244140625,34.75381851196289
ETTm2,1,8224,42783,0,689,36.94200134277344,34.742767333984375
ETTm2,1,8224,42783,0,690,36.02000045776367,34.934791564941406
ETTm2,1,8224,42783,0,691,36.52299880981445,34.804874420166016
ETTm2,1,8224,42783,0,692,38.28200149536133,35.049171447753906
ETTm2,1,8224,42783,0,693,36.1879997253418,34.05082702636719
ETTm2,1,8224,42783,0,694,36.94200134277344,34.481021881103516
ETTm2,1,8224,42783,0,695,36.35499954223633,34.58772277832031
ETTm2,1,8224,42783,0,696,36.52299880981445,34.31252670288086
ETTm2,1,8224,42783,0,697,37.77899932861328,33.201969146728516
ETTm2,1,8224,42783,0,698,37.862998962402344,33.493560791015625
ETTm2,1,8224,42783,0,699,37.444000244140625,33.08697509765625
ETTm2,1,8224,42783,0,700,35.433998107910156,32.48772048950195
ETTm2,1,8224,42783,0,701,33.34000015258789,32.79692459106445
ETTm2,1,8224,42783,0,702,32.50199890136719,32.5389404296875
ETTm2,1,8224,42783,0,703,31.413002014160156,31.958702087402344
ETTm2,1,8224,42783,0,704,36.94200134277344,32.875831604003906
ETTm2,1,8224,42783,0,705,35.60100173950195,32.18157196044922
ETTm2,1,8224,42783,0,706,35.93600082397461,30.984176635742188
ETTm2,1,8224,42783,0,707,33.34000015258789,31.365795135498047
ETTm2,1,8224,42783,0,708,34.09400177001953,30.753877639770508
ETTm2,1,8224,42783,0,709,33.172000885009766,30.6481990814209
ETTm2,1,8224,42783,0,710,36.27199935913086,30.854082107543945
ETTm2,1,8224,42783,0,711,35.60100173950195,30.60124969482422
ETTm2,1,8224,42783,0,712,31.832002639770508,30.173147201538086
ETTm2,1,8224,42783,0,713,32.417999267578125,30.40682601928711
ETTm2,1,8224,42783,0,714,31.748001098632812,30.671844482421875
ETTm2,1,8224,42783,0,715,34.68000030517578,30.21044158935547
ETTm2,1,8224,42783,0,716,33.92599868774414,29.365070343017578
ETTm2,1,8224,42783,0,717,33.50699996948242,30.07623291015625
ETTm2,1,8224,42783,0,718,33.34000015258789,29.461658477783203
ETTm2,1,8224,42783,0,719,31.413002014160156,29.871129989624023
ETTm2,1,8224,42783,0,720,32.417999267578125,29.7623291015625
ETTm2,2,9248,43807,0,1,26.303001403808594,29.53125762939453
ETTm2,2,9248,43807,0,2,26.21900177001953,29.713489532470703
ETTm2,2,9248,43807,0,3,26.89000129699707,30.448226928710938
ETTm2,2,9248,43807,0,4,29.65399932861328,30.72422981262207
ETTm2,2,9248,43807,0,5,32.75299835205078,30.5351505279541
ETTm2,2,9248,43807,0,6,34.763999938964844,30.920408248901367
ETTm2,2,9248,43807,0,7,35.518001556396484,31.658824920654297
ETTm2,2,9248,43807,0,8,30.993999481201172,31.15219497680664
ETTm2,2,9248,43807,0,9,29.821001052856445,30.75775909423828
ETTm2,2,9248,43807,0,10,31.078001022338867,31.11086082458496
ETTm2,2,9248,43807,0,11,29.73800277709961,31.083229064941406
ETTm2,2,9248,43807,0,12,32.66999816894531,31.37177276611328
ETTm2,2,9248,43807,0,13,32.83700180053711,31.607219696044922
ETTm2,2,9248,43807,0,14,33.25600051879883,31.493934631347656
ETTm2,2,9248,43807,0,15,33.757999420166016,31.760208129882812
ETTm2,2,9248,43807,0,16,30.073001861572266,31.26581573486328
ETTm2,2,9248,43807,0,17,31.58100128173828,31.406551361083984
ETTm2,2,9248,43807,0,18,32.417999267578125,31.285606384277344
ETTm2,2,9248,43807,0,19,28.98400115966797,31.38922119140625
ETTm2,2,9248,43807,0,20,30.408000946044922,31.348182678222656
ETTm2,2,9248,43807,0,21,31.162002563476562,31.846572875976562
ETTm2,2,9248,43807,0,22,31.162002563476562,31.84093475341797
ETTm2,2,9248,43807,0,23,30.32400131225586,31.007694244384766
ETTm2,2,9248,43807,0,24,28.56500244140625,30.988386154174805
ETTm2,2,9248,43807,0,25,28.39699935913086,31.047025680541992
ETTm2,2,9248,43807,0,26,27.141002655029297,30.410799026489258
ETTm2,2,9248,43807,0,27,30.240001678466797,31.134746551513672
ETTm2,2,9248,43807,0,28,30.575002670288086,31.27717399597168
ETTm2,2,9248,43807,0,29,30.156002044677734,30.68000030517578
ETTm2,2,9248,43807,0,30,32.16699981689453,32.163047790527344
ETTm2,2,9248,43807,0,31,33.25600051879883,32.32539367675781
ETTm2,2,9248,43807,0,32,34.42900085449219,33.37416076660156
ETTm2,2,9248,43807,0,33,31.748001098632812,32.66179275512695
ETTm2,2,9248,43807,0,34,34.176998138427734,33.166419982910156
ETTm2,2,9248,43807,0,35,33.590999603271484,33.75860595703125
ETTm2,2,9248,43807,0,36,33.590999603271484,33.6494140625
ETTm2,2,9248,43807,0,37,30.993999481201172,33.05694580078125
ETTm2,2,9248,43807,0,38,32.83700180053711,33.79922866821289
ETTm2,2,9248,43807,0,39,33.50699996948242,34.433372497558594
ETTm2,2,9248,43807,0,40,33.25600051879883,34.18824768066406
ETTm2,2,9248,43807,0,41,34.345001220703125,34.860801696777344
ETTm2,2,9248,43807,0,42,36.27199935913086,35.145320892333984
ETTm2,2,9248,43807,0,43,38.11399841308594,35.69862747192383
ETTm2,2,9248,43807,0,44,37.77899932861328,35.62950897216797
ETTm2,2,9248,43807,0,45,35.85300064086914,34.94760513305664
ETTm2,2,9248,43807,0,46,33.757999420166016,33.828590393066406
ETTm2,2,9248,43807,0,47,33.50699996948242,34.058433532714844
ETTm2,2,9248,43807,0,48,33.34000015258789,32.63918685913086
ETTm2,2,9248,43807,0,49,35.60100173950195,33.24769592285156
ETTm2,2,9248,43807,0,50,35.349998474121094,33.39796829223633
ETTm2,2,9248,43807,0,51,33.42300033569336,32.836631774902344
ETTm2,2,9248,43807,0,52,36.606998443603516,33.51487350463867
ETTm2,2,9248,43807,0,53,33.92599868774414,33.0339469909668
ETTm2,2,9248,43807,0,54,33.84199905395508,32.97312927246094
ETTm2,2,9248,43807,0,55,36.689998626708984,31.990177154541016
ETTm2,2,9248,43807,0,56,36.1879997253418,32.27565002441406
ETTm2,2,9248,43807,0,57,36.02000045776367,32.59710693359375
ETTm2,2,9248,43807,0,58,35.85300064086914,32.64447021484375
ETTm2,2,9248,43807,0,59,36.02000045776367,32.35888671875
ETTm2,2,9248,43807,0,60,32.250999450683594,32.16207504272461
ETTm2,2,9248,43807,0,61,32.75299835205078,30.245264053344727
ETTm2,2,9248,43807,0,62,30.90999984741211,30.96239471435547
ETTm2,2,9248,43807,0,63,30.073001861572266,30.908248901367188
ETTm2,2,9248,43807,0,64,30.993999481201172,30.235000610351562
ETTm2,2,9248,43807,0,65,33.0880012512207,29.769779205322266
ETTm2,2,9248,43807,0,66,29.989002227783203,29.713590621948242
ETTm2,2,9248,43807,0,67,31.078001022338867,28.93720245361328
ETTm2,2,9248,43807,0,68,31.162002563476562,29.477510452270508
ETTm2,2,9248,43807,0,69,31.58100128173828,29.28357696533203
ETTm2,2,9248,43807,0,70,32.66999816894531,29.463422775268555
ETTm2,2,9248,43807,0,71,31.24500274658203,28.494165420532227
ETTm2,2,9248,43807,0,72,28.649002075195312,28.500049591064453
ETTm2,2,9248,43807,0,73,30.659000396728516,28.41085433959961
ETTm2,2,9248,43807,0,74,30.993999481201172,28.30881690979004
ETTm2,2,9248,43807,0,75,29.56999969482422,28.612449645996094
ETTm2,2,9248,43807,0,76,29.65399932861328,28.63803482055664
ETTm2,2,9248,43807,0,77,29.40300178527832,28.864181518554688
ETTm2,2,9248,43807,0,78,23.9580020904541,28.29471206665039
ETTm2,2,9248,43807,0,79,22.282001495361328,29.455060958862305
ETTm2,2,9248,43807,0,80,27.141002655029297,30.32037925720215
ETTm2,2,9248,43807,0,81,24.963001251220703,29.70758056640625
ETTm2,2,9248,43807,0,82,27.643001556396484,28.49501609802246
ETTm2,2,9248,43807,0,83,31.24500274658203,29.55510711669922
ETTm2,2,9248,43807,0,84,30.073001861572266,29.03474235534668
ETTm2,2,9248,43807,0,85,31.078001022338867,29.1335391998291
ETTm2,2,9248,43807,0,86,29.486000061035156,29.03427505493164
ETTm2,2,9248,43807,0,87,28.98400115966797,28.853439331054688
ETTm2,2,9248,43807,0,88,31.329002380371094,29.7445011138916
ETTm2,2,9248,43807,0,89,31.66400146484375,29.738117218017578
ETTm2,2,9248,43807,0,90,31.329002380371094,30.502685546875
ETTm2,2,9248,43807,0,91,27.643001556396484,30.819568634033203
ETTm2,2,9248,43807,0,92,30.32400131225586,31.029619216918945
ETTm2,2,9248,43807,0,93,31.162002563476562,29.921524047851562
ETTm2,2,9248,43807,0,94,26.89000129699707,29.252853393554688
ETTm2,2,9248,43807,0,95,23.371002197265625,29.095247268676758
ETTm2,2,9248,43807,0,96,27.308002471923828,28.740066528320312
ETTm2,2,9248,43807,0,97,23.287002563476562,29.210750579833984
ETTm2,2,9248,43807,0,98,27.643001556396484,29.462543487548828
ETTm2,2,9248,43807,0,99,28.56500244140625,30.170143127441406
ETTm2,2,9248,43807,0,100,27.141002655029297,29.964351654052734
ETTm2,2,9248,43807,0,101,30.408000946044922,29.303058624267578
ETTm2,2,9248,43807,0,102,29.067001342773438,30.69038963317871
ETTm2,2,9248,43807,0,103,29.989002227783203,30.166139602661133
ETTm2,2,9248,43807,0,104,25.21400260925293,30.13646697998047
ETTm2,2,9248,43807,0,105,26.806001663208008,30.143369674682617
ETTm2,2,9248,43807,0,106,28.481002807617188,30.23801612854004
ETTm2,2,9248,43807,0,107,28.39699935913086,31.014862060546875
ETTm2,2,9248,43807,0,108,34.763999938964844,31.15008544921875
ETTm2,2,9248,43807,0,109,33.42300033569336,30.38177490234375
ETTm2,2,9248,43807,0,110,34.345001220703125,30.45396614074707
ETTm2,2,9248,43807,0,111,33.42300033569336,31.08456802368164
ETTm2,2,9248,43807,0,112,33.50699996948242,30.509843826293945
ETTm2,2,9248,43807,0,113,34.0099983215332,30.069673538208008
ETTm2,2,9248,43807,0,114,33.92599868774414,30.05377197265625
ETTm2,2,9248,43807,0,115,33.757999420166016,30.189058303833008
ETTm2,2,9248,43807,0,116,33.42300033569336,30.760231018066406
ETTm2,2,9248,43807,0,117,33.757999420166016,30.50514793395996
ETTm2,2,9248,43807,0,118,35.18299865722656,30.67660903930664
ETTm2,2,9248,43807,0,119,30.659000396728516,30.544509887695312
ETTm2,2,9248,43807,0,120,29.1510009765625,30.727134704589844
ETTm2,2,9248,43807,0,121,30.90999984741211,30.87787628173828
ETTm2,2,9248,43807,0,122,30.156002044677734,30.854568481445312
ETTm2,2,9248,43807,0,123,31.832002639770508,31.176191329956055
ETTm2,2,9248,43807,0,124,33.0880012512207,30.96780776977539
ETTm2,2,9248,43807,0,125,33.757999420166016,31.582611083984375
ETTm2,2,9248,43807,0,126,33.50699996948242,31.837739944458008
ETTm2,2,9248,43807,0,127,31.66400146484375,31.998476028442383
ETTm2,2,9248,43807,0,128,31.078001022338867,32.69993209838867
ETTm2,2,9248,43807,0,129,34.09400177001953,32.7222785949707
ETTm2,2,9248,43807,0,130,35.76900100708008,33.10552215576172
ETTm2,2,9248,43807,0,131,34.763999938964844,33.49190139770508
ETTm2,2,9248,43807,0,132,35.349998474121094,32.722137451171875
ETTm2,2,9248,43807,0,133,35.76900100708008,33.266056060791016
ETTm2,2,9248,43807,0,134,37.61199951171875,32.93135070800781
ETTm2,2,9248,43807,0,135,32.92100143432617,34.33824920654297
ETTm2,2,9248,43807,0,136,35.685001373291016,34.621246337890625
ETTm2,2,9248,43807,0,137,36.35499954223633,34.49565505981445
ETTm2,2,9248,43807,0,138,37.277000427246094,34.570987701416016
ETTm2,2,9248,43807,0,139,37.025001525878906,34.98541259765625
ETTm2,2,9248,43807,0,140,32.58599853515625,34.877864837646484
ETTm2,2,9248,43807,0,141,34.763999938964844,34.61470031738281
ETTm2,2,9248,43807,0,142,34.09400177001953,33.70806884765625
ETTm2,2,9248,43807,0,143,33.42300033569336,34.14811325073242
ETTm2,2,9248,43807,0,144,33.0880012512207,33.58779525756836
ETTm2,2,9248,43807,0,145,34.176998138427734,33.61602783203125
ETTm2,2,9248,43807,0,146,33.590999603271484,33.197235107421875
ETTm2,2,9248,43807,0,147,30.408000946044922,33.65042495727539
ETTm2,2,9248,43807,0,148,30.743000030517578,33.12322998046875
ETTm2,2,9248,43807,0,149,34.930999755859375,33.5116081237793
ETTm2,2,9248,43807,0,150,37.444000244140625,32.9226188659668
ETTm2,2,9248,43807,0,151,36.27199935913086,33.04503631591797
ETTm2,2,9248,43807,0,152,35.349998474121094,32.725223541259766
ETTm2,2,9248,43807,0,153,35.18299865722656,32.39042282104492
ETTm2,2,9248,43807,0,154,31.413002014160156,32.53094482421875
ETTm2,2,9248,43807,0,155,28.816001892089844,31.962387084960938
ETTm2,2,9248,43807,0,156,30.32400131225586,32.32215881347656
ETTm2,2,9248,43807,0,157,30.743000030517578,31.444591522216797
ETTm2,2,9248,43807,0,158,30.32400131225586,30.948667526245117
ETTm2,2,9248,43807,0,159,31.329002380371094,30.588359832763672
ETTm2,2,9248,43807,0,160,28.816001892089844,30.108795166015625
ETTm2,2,9248,43807,0,161,30.408000946044922,29.787160873413086
ETTm2,2,9248,43807,0,162,30.90999984741211,29.382766723632812
ETTm2,2,9248,43807,0,163,31.58100128173828,29.786697387695312
ETTm2,2,9248,43807,0,164,30.659000396728516,30.222118377685547
ETTm2,2,9248,43807,0,165,28.229999542236328,29.07770538330078
ETTm2,2,9248,43807,0,166,29.989002227783203,29.423059463500977
ETTm2,2,9248,43807,0,167,30.073001861572266,29.60226821899414
ETTm2,2,9248,43807,0,168,29.1510009765625,29.25344467163086
ETTm2,2,9248,43807,0,169,29.40300178527832,28.619266510009766
ETTm2,2,9248,43807,0,170,28.39699935913086,28.37897300720215
ETTm2,2,9248,43807,0,171,24.87900161743164,28.58808135986328
ETTm2,2,9248,43807,0,172,24.293001174926758,29.23281478881836
ETTm2,2,9248,43807,0,173,24.04100227355957,29.55434799194336
ETTm2,2,9248,43807,0,174,26.972999572753906,28.694576263427734
ETTm2,2,9248,43807,0,175,28.56500244140625,29.063257217407227
ETTm2,2,9248,43807,0,176,28.816001892089844,29.135478973388672
ETTm2,2,9248,43807,0,177,27.895000457763672,29.63982391357422
ETTm2,2,9248,43807,0,178,30.073001861572266,29.344581604003906
ETTm2,2,9248,43807,0,179,25.801002502441406,28.858762741088867
ETTm2,2,9248,43807,0,180,26.972999572753906,29.232912063598633
ETTm2,2,9248,43807,0,181,28.1460018157959,29.06978988647461
ETTm2,2,9248,43807,0,182,30.492002487182617,29.00818634033203
ETTm2,2,9248,43807,0,183,30.743000030517578,29.407669067382812
ETTm2,2,9248,43807,0,184,28.649002075195312,29.30919075012207
ETTm2,2,9248,43807,0,185,28.229999542236328,29.697921752929688
ETTm2,2,9248,43807,0,186,27.22500228881836,29.29189682006836
ETTm2,2,9248,43807,0,187,30.073001861572266,29.723939895629883
ETTm2,2,9248,43807,0,188,29.65399932861328,29.830034255981445
ETTm2,2,9248,43807,0,189,26.387001037597656,29.24365234375
ETTm2,2,9248,43807,0,190,31.58100128173828,29.586456298828125
ETTm2,2,9248,43807,0,191,25.801002502441406,28.927139282226562
ETTm2,2,9248,43807,0,192,25.63300132751465,28.67095947265625
ETTm2,2,9248,43807,0,193,24.293001174926758,29.057348251342773
ETTm2,2,9248,43807,0,194,24.208999633789062,28.53765296936035
ETTm2,2,9248,43807,0,195,26.806001663208008,29.273029327392578
ETTm2,2,9248,43807,0,196,28.229999542236328,28.849834442138672
ETTm2,2,9248,43807,0,197,28.062002182006836,29.51300048828125
ETTm2,2,9248,43807,0,198,30.073001861572266,29.106101989746094
ETTm2,2,9248,43807,0,199,29.65399932861328,29.624366760253906
ETTm2,2,9248,43807,0,200,27.560001373291016,29.4844970703125
ETTm2,2,9248,43807,0,201,26.052001953125,29.45645523071289
ETTm2,2,9248,43807,0,202,28.56500244140625,29.17487335205078
ETTm2,2,9248,43807,0,203,26.303001403808594,29.913066864013672
ETTm2,2,9248,43807,0,204,30.659000396728516,30.103357315063477
ETTm2,2,9248,43807,0,205,33.005001068115234,30.543264389038086
ETTm2,2,9248,43807,0,206,33.172000885009766,29.05103302001953
ETTm2,2,9248,43807,0,207,30.575002670288086,29.562911987304688
ETTm2,2,9248,43807,0,208,29.90500259399414,29.666410446166992
ETTm2,2,9248,43807,0,209,30.492002487182617,29.68549919128418
ETTm2,2,9248,43807,0,210,30.993999481201172,29.30544662475586
ETTm2,2,9248,43807,0,211,31.413002014160156,30.00326156616211
ETTm2,2,9248,43807,0,212,31.078001022338867,29.596071243286133
ETTm2,2,9248,43807,0,213,31.748001098632812,29.95604705810547
ETTm2,2,9248,43807,0,214,31.329002380371094,30.268217086791992
ETTm2,2,9248,43807,0,215,30.743000030517578,30.013778686523438
ETTm2,2,9248,43807,0,216,28.31399917602539,30.28753662109375
ETTm2,2,9248,43807,0,217,27.979001998901367,30.516801834106445
ETTm2,2,9248,43807,0,218,29.90500259399414,30.380033493041992
ETTm2,2,9248,43807,0,219,31.329002380371094,31.43101692199707
ETTm2,2,9248,43807,0,220,30.82699966430664,31.298892974853516
ETTm2,2,9248,43807,0,221,31.49700164794922,31.547439575195312
ETTm2,2,9248,43807,0,222,30.156002044677734,31.883129119873047
ETTm2,2,9248,43807,0,223,31.24500274658203,32.6131706237793
ETTm2,2,9248,43807,0,224,33.50699996948242,32.50102996826172
ETTm2,2,9248,43807,0,225,32.83700180053711,32.76527786254883
ETTm2,2,9248,43807,0,226,33.005001068115234,32.907196044921875
ETTm2,2,9248,43807,0,227,31.66400146484375,32.910560607910156
ETTm2,2,9248,43807,0,228,30.32400131225586,33.53230667114258
ETTm2,2,9248,43807,0,229,32.92100143432617,33.22116470336914
ETTm2,2,9248,43807,0,230,31.66400146484375,33.069679260253906
ETTm2,2,9248,43807,0,231,33.25600051879883,33.59381866455078
ETTm2,2,9248,43807,0,232,35.433998107910156,34.574134826660156
ETTm2,2,9248,43807,0,233,36.1879997253418,33.971092224121094
ETTm2,2,9248,43807,0,234,33.92599868774414,34.008888244628906
ETTm2,2,9248,43807,0,235,37.444000244140625,34.27397537231445
ETTm2,2,9248,43807,0,236,35.518001556396484,34.27205276489258
ETTm2,2,9248,43807,0,237,30.575002670288086,33.75623321533203
ETTm2,2,9248,43807,0,238,31.58100128173828,33.28800964355469
ETTm2,2,9248,43807,0,239,32.250999450683594,32.97156524658203
ETTm2,2,9248,43807,0,240,31.66400146484375,33.34806823730469
ETTm2,2,9248,43807,0,241,33.42300033569336,32.94974899291992
ETTm2,2,9248,43807,0,242,33.0880012512207,32.447776794433594
ETTm2,2,9248,43807,0,243,33.50699996948242,32.44099044799805
ETTm2,2,9248,43807,0,244,35.349998474121094,32.845542907714844
ETTm2,2,9248,43807,0,245,36.52299880981445,32.805992126464844
ETTm2,2,9248,43807,0,246,35.60100173950195,32.72366714477539
ETTm2,2,9248,43807,0,247,36.1879997253418,32.56165313720703
ETTm2,2,9248,43807,0,248,31.329002380371094,32.075843811035156
ETTm2,2,9248,43807,0,249,34.0099983215332,31.851600646972656
ETTm2,2,9248,43807,0,250,32.83700180053711,32.070987701416016
ETTm2,2,9248,43807,0,251,31.162002563476562,31.21725845336914
ETTm2,2,9248,43807,0,252,31.24500274658203,31.256906509399414
ETTm2,2,9248,43807,0,253,29.319002151489258,31.23977279663086
ETTm2,2,9248,43807,0,254,29.65399932861328,30.595827102661133
ETTm2,2,9248,43807,0,255,30.240001678466797,30.294021606445312
ETTm2,2,9248,43807,0,256,25.884002685546875,30.417091369628906
ETTm2,2,9248,43807,0,257,24.376001358032227,29.565101623535156
ETTm2,2,9248,43807,0,258,27.22500228881836,30.124462127685547
ETTm2,2,9248,43807,0,259,26.21900177001953,29.198627471923828
ETTm2,2,9248,43807,0,260,28.31399917602539,29.18614387512207
ETTm2,2,9248,43807,0,261,28.229999542236328,29.754714965820312
ETTm2,2,9248,43807,0,262,27.81100082397461,28.837034225463867
ETTm2,2,9248,43807,0,263,25.968002319335938,29.594648361206055
ETTm2,2,9248,43807,0,264,26.303001403808594,29.196395874023438
ETTm2,2,9248,43807,0,265,26.972999572753906,28.491233825683594
ETTm2,2,9248,43807,0,266,27.308002471923828,28.388681411743164
ETTm2,2,9248,43807,0,267,27.22500228881836,28.198354721069336
ETTm2,2,9248,43807,0,268,28.56500244140625,28.616958618164062
ETTm2,2,9248,43807,0,269,29.1510009765625,28.38106346130371
ETTm2,2,9248,43807,0,270,27.39200210571289,29.55854034423828
ETTm2,2,9248,43807,0,271,25.298002243041992,29.005617141723633
ETTm2,2,9248,43807,0,272,27.81100082397461,28.84878921508789
ETTm2,2,9248,43807,0,273,28.062002182006836,28.478343963623047
ETTm2,2,9248,43807,0,274,27.895000457763672,28.092731475830078
ETTm2,2,9248,43807,0,275,27.05699920654297,28.780345916748047
ETTm2,2,9248,43807,0,276,29.56999969482422,28.406797409057617
ETTm2,2,9248,43807,0,277,24.87900161743164,28.200523376464844
ETTm2,2,9248,43807,0,278,28.229999542236328,28.643299102783203
ETTm2,2,9248,43807,0,279,27.476001739501953,28.811004638671875
ETTm2,2,9248,43807,0,280,30.32400131225586,28.863943099975586
ETTm2,2,9248,43807,0,281,28.816001892089844,29.278663635253906
ETTm2,2,9248,43807,0,282,29.319002151489258,29.733234405517578
ETTm2,2,9248,43807,0,283,27.308002471923828,29.175064086914062
ETTm2,2,9248,43807,0,284,29.40300178527832,29.415117263793945
ETTm2,2,9248,43807,0,285,28.062002182006836,28.76645278930664
ETTm2,2,9248,43807,0,286,24.04100227355957,28.822948455810547
ETTm2,2,9248,43807,0,287,22.70100212097168,27.964832305908203
ETTm2,2,9248,43807,0,288,22.450002670288086,28.050098419189453
ETTm2,2,9248,43807,0,289,22.869001388549805,28.766983032226562
ETTm2,2,9248,43807,0,290,19.183002471923828,28.267841339111328
ETTm2,2,9248,43807,0,291,23.036001205444336,27.89261245727539
ETTm2,2,9248,43807,0,292,26.387001037597656,29.644487380981445
ETTm2,2,9248,43807,0,293,29.40300178527832,29.254886627197266
ETTm2,2,9248,43807,0,294,30.408000946044922,29.089706420898438
ETTm2,2,9248,43807,0,295,28.98400115966797,29.990863800048828
ETTm2,2,9248,43807,0,296,27.81100082397461,29.22289276123047
ETTm2,2,9248,43807,0,297,26.303001403808594,29.341535568237305
ETTm2,2,9248,43807,0,298,25.968002319335938,30.376989364624023
ETTm2,2,9248,43807,0,299,24.71200180053711,29.207046508789062
ETTm2,2,9248,43807,0,300,25.298002243041992,29.38381576538086
ETTm2,2,9248,43807,0,301,27.727001190185547,28.954326629638672
ETTm2,2,9248,43807,0,302,28.39699935913086,29.227096557617188
ETTm2,2,9248,43807,0,303,26.89000129699707,29.679235458374023
ETTm2,2,9248,43807,0,304,24.208999633789062,29.234529495239258
ETTm2,2,9248,43807,0,305,21.78000259399414,29.895668029785156
ETTm2,2,9248,43807,0,306,19.768999099731445,29.54291534423828
ETTm2,2,9248,43807,0,307,22.36600112915039,29.94837760925293
ETTm2,2,9248,43807,0,308,22.95199966430664,29.935321807861328
ETTm2,2,9248,43807,0,309,24.963001251220703,29.97437858581543
ETTm2,2,9248,43807,0,310,25.549001693725586,29.46343994140625
ETTm2,2,9248,43807,0,311,25.884002685546875,29.953359603881836
ETTm2,2,9248,43807,0,312,25.0470027923584,30.31696891784668
ETTm2,2,9248,43807,0,313,22.36600112915039,30.748641967773438
ETTm2,2,9248,43807,0,314,22.0310001373291,30.686248779296875
ETTm2,2,9248,43807,0,315,19.35000228881836,31.42652130126953
ETTm2,2,9248,43807,0,316,23.53900146484375,30.675582885742188
ETTm2,2,9248,43807,0,317,27.05699920654297,31.11239242553711
ETTm2,2,9248,43807,0,318,30.32400131225586,31.322839736938477
ETTm2,2,9248,43807,0,319,31.413002014160156,31.97498321533203
ETTm2,2,9248,43807,0,320,31.078001022338867,32.13564682006836
ETTm2,2,9248,43807,0,321,30.156002044677734,32.759464263916016
ETTm2,2,9248,43807,0,322,32.08300018310547,32.040287017822266
ETTm2,2,9248,43807,0,323,33.42300033569336,32.76853561401367
ETTm2,2,9248,43807,0,324,31.748001098632812,33.12452697753906
ETTm2,2,9248,43807,0,325,32.16699981689453,33.16929244995117
ETTm2,2,9248,43807,0,326,31.66400146484375,33.96609878540039
ETTm2,2,9248,43807,0,327,29.56999969482422,33.915523529052734
ETTm2,2,9248,43807,0,328,32.08300018310547,33.98183822631836
ETTm2,2,9248,43807,0,329,34.84700012207031,33.95458221435547
ETTm2,2,9248,43807,0,330,33.67499923706055,33.916664123535156
ETTm2,2,9248,43807,0,331,31.49700164794922,34.33502960205078
ETTm2,2,9248,43807,0,332,35.26599884033203,33.78801727294922
ETTm2,2,9248,43807,0,333,34.0099983215332,33.115028381347656
ETTm2,2,9248,43807,0,334,29.90500259399414,33.59060287475586
ETTm2,2,9248,43807,0,335,30.82699966430664,33.05826187133789
ETTm2,2,9248,43807,0,336,30.073001861572266,33.049049377441406
ETTm2,2,9248,43807,0,337,29.989002227783203,33.046630859375
ETTm2,2,9248,43807,0,338,30.156002044677734,33.51164627075195
ETTm2,2,9248,43807,0,339,30.90999984741211,32.93683624267578
ETTm2,2,9248,43807,0,340,30.993999481201172,32.501365661621094
ETTm2,2,9248,43807,0,341,31.748001098632812,32.42873764038086
ETTm2,2,9248,43807,0,342,31.329002380371094,32.25669860839844
ETTm2,2,9248,43807,0,343,32.83700180053711,32.65284729003906
ETTm2,2,9248,43807,0,344,30.743000030517578,32.4880256652832
ETTm2,2,9248,43807,0,345,29.486000061035156,31.829212188720703
ETTm2,2,9248,43807,0,346,29.56999969482422,31.459125518798828
ETTm2,2,9248,43807,0,347,29.821001052856445,31.990840911865234
ETTm2,2,9248,43807,0,348,29.235002517700195,30.876989364624023
ETTm2,2,9248,43807,0,349,29.90500259399414,30.547325134277344
ETTm2,2,9248,43807,0,350,29.319002151489258,30.172311782836914
ETTm2,2,9248,43807,0,351,24.293001174926758,30.309383392333984
ETTm2,2,9248,43807,0,352,26.052001953125,29.414825439453125
ETTm2,2,9248,43807,0,353,27.560001373291016,29.349266052246094
ETTm2,2,9248,43807,0,354,26.89000129699707,29.55276870727539
ETTm2,2,9248,43807,0,355,27.39200210571289,29.418479919433594
ETTm2,2,9248,43807,0,356,25.465002059936523,29.35761833190918
ETTm2,2,9248,43807,0,357,26.722002029418945,29.425662994384766
ETTm2,2,9248,43807,0,358,27.308002471923828,29.216068267822266
ETTm2,2,9248,43807,0,359,26.47100067138672,28.994564056396484
ETTm2,2,9248,43807,0,360,26.554000854492188,28.930105209350586
ETTm2,2,9248,43807,0,361,24.54400062561035,28.257854461669922
ETTm2,2,9248,43807,0,362,20.77400016784668,27.809906005859375
ETTm2,2,9248,43807,0,363,22.450002670288086,28.08892059326172
ETTm2,2,9248,43807,0,364,22.869001388549805,28.22997283935547
ETTm2,2,9248,43807,0,365,25.549001693725586,28.712520599365234
ETTm2,2,9248,43807,0,366,24.54400062561035,28.067462921142578
ETTm2,2,9248,43807,0,367,24.208999633789062,27.69759750366211
ETTm2,2,9248,43807,0,368,27.05699920654297,26.95845603942871
ETTm2,2,9248,43807,0,369,27.476001739501953,28.187171936035156
ETTm2,2,9248,43807,0,370,28.98400115966797,28.098644256591797
ETTm2,2,9248,43807,0,371,25.801002502441406,27.88844108581543
ETTm2,2,9248,43807,0,372,26.47100067138672,28.205472946166992
ETTm2,2,9248,43807,0,373,24.963001251220703,28.259504318237305
ETTm2,2,9248,43807,0,374,25.381999969482422,28.464555740356445
ETTm2,2,9248,43807,0,375,26.303001403808594,28.464637756347656
ETTm2,2,9248,43807,0,376,28.229999542236328,27.92019271850586
ETTm2,2,9248,43807,0,377,28.062002182006836,28.763092041015625
ETTm2,2,9248,43807,0,378,27.39200210571289,28.87126922607422
ETTm2,2,9248,43807,0,379,27.727001190185547,28.798168182373047
ETTm2,2,9248,43807,0,380,28.229999542236328,28.364177703857422
ETTm2,2,9248,43807,0,381,24.54400062561035,29.496524810791016
ETTm2,2,9248,43807,0,382,26.722002029418945,28.042325973510742
ETTm2,2,9248,43807,0,383,21.44500160217285,28.314163208007812
ETTm2,2,9248,43807,0,384,22.95199966430664,28.67572021484375
ETTm2,2,9248,43807,0,385,21.78000259399414,28.28101921081543
ETTm2,2,9248,43807,0,386,24.125,28.422840118408203
ETTm2,2,9248,43807,0,387,24.795001983642578,28.654678344726562
ETTm2,2,9248,43807,0,388,26.136001586914062,29.961231231689453
ETTm2,2,9248,43807,0,389,26.89000129699707,28.932945251464844
ETTm2,2,9248,43807,0,390,26.89000129699707,29.740520477294922
ETTm2,2,9248,43807,0,391,25.884002685546875,29.482967376708984
ETTm2,2,9248,43807,0,392,24.628002166748047,29.0303955078125
ETTm2,2,9248,43807,0,393,25.884002685546875,29.503555297851562
ETTm2,2,9248,43807,0,394,26.63800048828125,28.323894500732422
ETTm2,2,9248,43807,0,395,28.649002075195312,28.76006507873535
ETTm2,2,9248,43807,0,396,31.329002380371094,29.073955535888672
ETTm2,2,9248,43807,0,397,29.319002151489258,29.211467742919922
ETTm2,2,9248,43807,0,398,29.73800277709961,29.295551300048828
ETTm2,2,9248,43807,0,399,28.481002807617188,28.988447189331055
ETTm2,2,9248,43807,0,400,27.308002471923828,29.068634033203125
ETTm2,2,9248,43807,0,401,28.900001525878906,29.029743194580078
ETTm2,2,9248,43807,0,402,28.73200225830078,29.37786102294922
ETTm2,2,9248,43807,0,403,27.141002655029297,29.584102630615234
ETTm2,2,9248,43807,0,404,27.643001556396484,30.06330108642578
ETTm2,2,9248,43807,0,405,24.963001251220703,29.649105072021484
ETTm2,2,9248,43807,0,406,24.795001983642578,29.98789405822754
ETTm2,2,9248,43807,0,407,27.895000457763672,30.483104705810547
ETTm2,2,9248,43807,0,408,28.1460018157959,30.577735900878906
ETTm2,2,9248,43807,0,409,24.208999633789062,29.785987854003906
ETTm2,2,9248,43807,0,410,27.05699920654297,29.915283203125
ETTm2,2,9248,43807,0,411,26.47100067138672,29.96392059326172
ETTm2,2,9248,43807,0,412,27.560001373291016,30.980648040771484
ETTm2,2,9248,43807,0,413,26.972999572753906,30.88793182373047
ETTm2,2,9248,43807,0,414,26.052001953125,31.03717041015625
ETTm2,2,9248,43807,0,415,27.308002471923828,31.41878890991211
ETTm2,2,9248,43807,0,416,28.73200225830078,31.58771514892578
ETTm2,2,9248,43807,0,417,25.884002685546875,31.807830810546875
ETTm2,2,9248,43807,0,418,27.39200210571289,32.17597198486328
ETTm2,2,9248,43807,0,419,28.56500244140625,32.44515609741211
ETTm2,2,9248,43807,0,420,27.560001373291016,31.854263305664062
ETTm2,2,9248,43807,0,421,24.208999633789062,32.6273193359375
ETTm2,2,9248,43807,0,422,28.56500244140625,32.49181365966797
ETTm2,2,9248,43807,0,423,28.816001892089844,33.17343521118164
ETTm2,2,9248,43807,0,424,27.895000457763672,33.602943420410156
ETTm2,2,9248,43807,0,425,29.235002517700195,33.85801315307617
ETTm2,2,9248,43807,0,426,26.806001663208008,33.11883544921875
ETTm2,2,9248,43807,0,427,28.31399917602539,33.07481002807617
ETTm2,2,9248,43807,0,428,22.70100212097168,33.362030029296875
ETTm2,2,9248,43807,0,429,22.19900131225586,34.26914596557617
ETTm2,2,9248,43807,0,430,22.36600112915039,32.99311447143555
ETTm2,2,9248,43807,0,431,23.287002563476562,33.811344146728516
ETTm2,2,9248,43807,0,432,22.70100212097168,32.185157775878906
ETTm2,2,9248,43807,0,433,24.71200180053711,33.04983139038086
ETTm2,2,9248,43807,0,434,27.727001190185547,32.592613220214844
ETTm2,2,9248,43807,0,435,25.63300132751465,33.32789611816406
ETTm2,2,9248,43807,0,436,26.554000854492188,32.24797821044922
ETTm2,2,9248,43807,0,437,25.549001693725586,32.349342346191406
ETTm2,2,9248,43807,0,438,25.465002059936523,32.80760955810547
ETTm2,2,9248,43807,0,439,25.801002502441406,32.58728790283203
ETTm2,2,9248,43807,0,440,26.21900177001953,31.898685455322266
ETTm2,2,9248,43807,0,441,27.39200210571289,31.74359893798828
ETTm2,2,9248,43807,0,442,27.05699920654297,31.640932083129883
ETTm2,2,9248,43807,0,443,24.87900161743164,30.9588565826416
ETTm2,2,9248,43807,0,444,20.77400016784668,30.8122501373291
ETTm2,2,9248,43807,0,445,23.790002822875977,31.19646453857422
ETTm2,2,9248,43807,0,446,22.95199966430664,30.038339614868164
ETTm2,2,9248,43807,0,447,23.036001205444336,29.950786590576172
ETTm2,2,9248,43807,0,448,21.193002700805664,30.33356475830078
ETTm2,2,9248,43807,0,449,21.36100196838379,29.61540985107422
ETTm2,2,9248,43807,0,450,23.455001831054688,29.679134368896484
ETTm2,2,9248,43807,0,451,24.376001358032227,28.665000915527344
ETTm2,2,9248,43807,0,452,23.455001831054688,29.298032760620117
ETTm2,2,9248,43807,0,453,19.35000228881836,28.735258102416992
ETTm2,2,9248,43807,0,454,21.86300277709961,28.60279655456543
ETTm2,2,9248,43807,0,455,21.612001419067383,28.642932891845703
ETTm2,2,9248,43807,0,456,21.110000610351562,28.55697250366211
ETTm2,2,9248,43807,0,457,18.59600067138672,28.51095962524414
ETTm2,2,9248,43807,0,458,22.115001678466797,28.296112060546875
ETTm2,2,9248,43807,0,459,23.53900146484375,27.819316864013672
ETTm2,2,9248,43807,0,460,23.287002563476562,28.309612274169922
ETTm2,2,9248,43807,0,461,21.0260009765625,28.779342651367188
ETTm2,2,9248,43807,0,462,20.523000717163086,27.61922836303711
ETTm2,2,9248,43807,0,463,22.617002487182617,27.212467193603516
ETTm2,2,9248,43807,0,464,22.785001754760742,28.25241470336914
ETTm2,2,9248,43807,0,465,23.53900146484375,27.697406768798828
ETTm2,2,9248,43807,0,466,23.623001098632812,28.20026397705078
ETTm2,2,9248,43807,0,467,21.0260009765625,27.41276741027832
ETTm2,2,9248,43807,0,468,21.86300277709961,27.634593963623047
ETTm2,2,9248,43807,0,469,20.020999908447266,27.54812240600586
ETTm2,2,9248,43807,0,470,21.78000259399414,27.951202392578125
ETTm2,2,9248,43807,0,471,24.71200180053711,27.698923110961914
ETTm2,2,9248,43807,0,472,25.63300132751465,27.93060302734375
ETTm2,2,9248,43807,0,473,25.549001693725586,28.539363861083984
ETTm2,2,9248,43807,0,474,22.95199966430664,27.961177825927734
ETTm2,2,9248,43807,0,475,24.795001983642578,28.172134399414062
ETTm2,2,9248,43807,0,476,26.303001403808594,28.304672241210938
ETTm2,2,9248,43807,0,477,25.71700096130371,28.454259872436523
ETTm2,2,9248,43807,0,478,26.89000129699707,28.752182006835938
ETTm2,2,9248,43807,0,479,17.843000411987305,28.329490661621094
ETTm2,2,9248,43807,0,480,21.52800178527832,28.93084716796875
ETTm2,2,9248,43807,0,481,22.70100212097168,28.614858627319336
ETTm2,2,9248,43807,0,482,23.790002822875977,27.779203414916992
ETTm2,2,9248,43807,0,483,24.54400062561035,28.516321182250977
ETTm2,2,9248,43807,0,484,25.63300132751465,29.140331268310547
ETTm2,2,9248,43807,0,485,27.895000457763672,28.956995010375977
ETTm2,2,9248,43807,0,486,27.727001190185547,28.77861976623535
ETTm2,2,9248,43807,0,487,28.481002807617188,28.952411651611328
ETTm2,2,9248,43807,0,488,31.999000549316406,28.227001190185547
ETTm2,2,9248,43807,0,489,33.0880012512207,28.466808319091797
ETTm2,2,9248,43807,0,490,30.743000030517578,28.515594482421875
ETTm2,2,9248,43807,0,491,31.413002014160156,28.411109924316406
ETTm2,2,9248,43807,0,492,33.757999420166016,29.09957504272461
ETTm2,2,9248,43807,0,493,33.50699996948242,28.649452209472656
ETTm2,2,9248,43807,0,494,32.250999450683594,29.01864242553711
ETTm2,2,9248,43807,0,495,31.832002639770508,29.139907836914062
ETTm2,2,9248,43807,0,496,29.73800277709961,29.517812728881836
ETTm2,2,9248,43807,0,497,28.1460018157959,29.20409393310547
ETTm2,2,9248,43807,0,498,30.743000030517578,29.53199577331543
ETTm2,2,9248,43807,0,499,31.24500274658203,29.171634674072266
ETTm2,2,9248,43807,0,500,31.078001022338867,29.63726806640625
ETTm2,2,9248,43807,0,501,31.916000366210938,29.459054946899414
ETTm2,2,9248,43807,0,502,29.067001342773438,29.64977264404297
ETTm2,2,9248,43807,0,503,25.298002243041992,29.777320861816406
ETTm2,2,9248,43807,0,504,27.727001190185547,29.988862991333008
ETTm2,2,9248,43807,0,505,31.66400146484375,29.46371841430664
ETTm2,2,9248,43807,0,506,30.993999481201172,30.552310943603516
ETTm2,2,9248,43807,0,507,26.63800048828125,30.42165756225586
ETTm2,2,9248,43807,0,508,31.162002563476562,31.337669372558594
ETTm2,2,9248,43807,0,509,32.58599853515625,30.927528381347656
ETTm2,2,9248,43807,0,510,31.832002639770508,30.886411666870117
ETTm2,2,9248,43807,0,511,26.89000129699707,31.71951675415039
ETTm2,2,9248,43807,0,512,27.308002471923828,31.82155990600586
ETTm2,2,9248,43807,0,513,26.972999572753906,32.111175537109375
ETTm2,2,9248,43807,0,514,27.643001556396484,32.04912185668945
ETTm2,2,9248,43807,0,515,31.49700164794922,32.62492752075195
ETTm2,2,9248,43807,0,516,32.83700180053711,33.466552734375
ETTm2,2,9248,43807,0,517,33.92599868774414,32.52349853515625
ETTm2,2,9248,43807,0,518,33.92599868774414,33.659278869628906
ETTm2,2,9248,43807,0,519,31.916000366210938,32.49689483642578
ETTm2,2,9248,43807,0,520,35.26599884033203,33.07567596435547
ETTm2,2,9248,43807,0,521,34.68000030517578,33.668121337890625
ETTm2,2,9248,43807,0,522,32.417999267578125,33.2879638671875
ETTm2,2,9248,43807,0,523,35.518001556396484,33.42097091674805
ETTm2,2,9248,43807,0,524,30.82699966430664,34.102394104003906
ETTm2,2,9248,43807,0,525,30.82699966430664,33.12225341796875
ETTm2,2,9248,43807,0,526,30.575002670288086,33.760616302490234
ETTm2,2,9248,43807,0,527,31.748001098632812,33.429683685302734
ETTm2,2,9248,43807,0,528,32.58599853515625,33.50250244140625
ETTm2,2,9248,43807,0,529,33.50699996948242,32.6451301574707
ETTm2,2,9248,43807,0,530,31.413002014160156,33.00057601928711
ETTm2,2,9248,43807,0,531,33.005001068115234,33.105350494384766
ETTm2,2,9248,43807,0,532,34.176998138427734,33.45808792114258
ETTm2,2,9248,43807,0,533,32.66999816894531,32.61021041870117
ETTm2,2,9248,43807,0,534,31.916000366210938,32.3511848449707
ETTm2,2,9248,43807,0,535,30.993999481201172,32.03479766845703
ETTm2,2,9248,43807,0,536,30.82699966430664,31.917823791503906
ETTm2,2,9248,43807,0,537,33.92599868774414,31.919673919677734
ETTm2,2,9248,43807,0,538,31.162002563476562,31.27328109741211
ETTm2,2,9248,43807,0,539,29.56999969482422,31.659759521484375
ETTm2,2,9248,43807,0,540,32.16699981689453,31.119007110595703
ETTm2,2,9248,43807,0,541,31.999000549316406,30.217769622802734
ETTm2,2,9248,43807,0,542,29.73800277709961,30.50082778930664
ETTm2,2,9248,43807,0,543,30.575002670288086,30.175495147705078
ETTm2,2,9248,43807,0,544,33.005001068115234,30.13481903076172
ETTm2,2,9248,43807,0,545,30.743000030517578,29.50235939025879
ETTm2,2,9248,43807,0,546,29.486000061035156,29.69957733154297
ETTm2,2,9248,43807,0,547,29.989002227783203,29.67850112915039
ETTm2,2,9248,43807,0,548,31.329002380371094,29.649246215820312
ETTm2,2,9248,43807,0,549,29.821001052856445,29.621034622192383
ETTm2,2,9248,43807,0,550,30.82699966430664,28.810951232910156
ETTm2,2,9248,43807,0,551,31.24500274658203,29.20672607421875
ETTm2,2,9248,43807,0,552,28.900001525878906,28.15045166015625
ETTm2,2,9248,43807,0,553,30.82699966430664,28.971240997314453
ETTm2,2,9248,43807,0,554,31.49700164794922,28.468101501464844
ETTm2,2,9248,43807,0,555,30.492002487182617,28.643848419189453
ETTm2,2,9248,43807,0,556,26.387001037597656,28.46685028076172
ETTm2,2,9248,43807,0,557,28.062002182006836,28.172584533691406
ETTm2,2,9248,43807,0,558,29.1510009765625,28.733402252197266
ETTm2,2,9248,43807,0,559,29.65399932861328,27.557262420654297
ETTm2,2,9248,43807,0,560,26.47100067138672,28.09070587158203
ETTm2,2,9248,43807,0,561,27.895000457763672,28.362241744995117
ETTm2,2,9248,43807,0,562,27.979001998901367,28.864856719970703
ETTm2,2,9248,43807,0,563,25.298002243041992,27.93816566467285
ETTm2,2,9248,43807,0,564,25.21400260925293,27.644821166992188
ETTm2,2,9248,43807,0,565,27.22500228881836,27.923479080200195
ETTm2,2,9248,43807,0,566,30.993999481201172,27.9112548828125
ETTm2,2,9248,43807,0,567,29.989002227783203,27.85666275024414
ETTm2,2,9248,43807,0,568,28.816001892089844,27.902326583862305
ETTm2,2,9248,43807,0,569,30.575002670288086,27.825279235839844
ETTm2,2,9248,43807,0,570,29.989002227783203,28.54661750793457
ETTm2,2,9248,43807,0,571,29.486000061035156,27.556766510009766
ETTm2,2,9248,43807,0,572,29.1510009765625,28.645679473876953
ETTm2,2,9248,43807,0,573,29.90500259399414,28.724348068237305
ETTm2,2,9248,43807,0,574,30.156002044677734,28.892704010009766
ETTm2,2,9248,43807,0,575,28.649002075195312,29.050533294677734
ETTm2,2,9248,43807,0,576,27.141002655029297,28.193967819213867
ETTm2,2,9248,43807,0,577,28.56500244140625,27.59626007080078
ETTm2,2,9248,43807,0,578,24.376001358032227,27.480850219726562
ETTm2,2,9248,43807,0,579,26.972999572753906,28.194368362426758
ETTm2,2,9248,43807,0,580,27.643001556396484,27.917766571044922
ETTm2,2,9248,43807,0,581,29.319002151489258,28.43814468383789
ETTm2,2,9248,43807,0,582,32.33399963378906,28.778120040893555
ETTm2,2,9248,43807,0,583,31.49700164794922,28.883163452148438
ETTm2,2,9248,43807,0,584,31.078001022338867,28.741535186767578
ETTm2,2,9248,43807,0,585,32.66999816894531,28.31939697265625
ETTm2,2,9248,43807,0,586,34.930999755859375,28.35602378845215
ETTm2,2,9248,43807,0,587,34.68000030517578,29.237384796142578
ETTm2,2,9248,43807,0,588,32.33399963378906,29.08306884765625
ETTm2,2,9248,43807,0,589,34.930999755859375,29.526731491088867
ETTm2,2,9248,43807,0,590,34.512001037597656,29.429393768310547
ETTm2,2,9248,43807,0,591,31.413002014160156,29.12499237060547
ETTm2,2,9248,43807,0,592,31.24500274658203,30.0960636138916
ETTm2,2,9248,43807,0,593,31.24500274658203,29.811847686767578
ETTm2,2,9248,43807,0,594,31.49700164794922,29.387104034423828
ETTm2,2,9248,43807,0,595,34.176998138427734,29.99382781982422
ETTm2,2,9248,43807,0,596,34.84700012207031,29.832569122314453
ETTm2,2,9248,43807,0,597,33.34000015258789,30.26910972595215
ETTm2,2,9248,43807,0,598,30.156002044677734,30.42534637451172
ETTm2,2,9248,43807,0,599,30.408000946044922,30.859895706176758
ETTm2,2,9248,43807,0,600,25.968002319335938,30.474407196044922
ETTm2,2,9248,43807,0,601,28.481002807617188,30.574687957763672
ETTm2,2,9248,43807,0,602,32.33399963378906,30.682167053222656
ETTm2,2,9248,43807,0,603,34.26100158691406,31.19462776184082
ETTm2,2,9248,43807,0,604,34.26100158691406,31.276084899902344
ETTm2,2,9248,43807,0,605,33.67499923706055,31.301881790161133
ETTm2,2,9248,43807,0,606,30.743000030517578,31.871034622192383
ETTm2,2,9248,43807,0,607,32.83700180053711,31.784576416015625
ETTm2,2,9248,43807,0,608,33.0880012512207,31.96106719970703
ETTm2,2,9248,43807,0,609,35.85300064086914,32.35221862792969
ETTm2,2,9248,43807,0,610,34.0099983215332,32.34711456298828
ETTm2,2,9248,43807,0,611,35.518001556396484,32.150634765625
ETTm2,2,9248,43807,0,612,36.94200134277344,32.95650863647461
ETTm2,2,9248,43807,0,613,32.83700180053711,32.66984939575195
ETTm2,2,9248,43807,0,614,32.417999267578125,32.704830169677734
ETTm2,2,9248,43807,0,615,35.26599884033203,32.8584098815918
ETTm2,2,9248,43807,0,616,35.60100173950195,32.94559097290039
ETTm2,2,9248,43807,0,617,34.345001220703125,32.948707580566406
ETTm2,2,9248,43807,0,618,35.349998474121094,33.52299499511719
ETTm2,2,9248,43807,0,619,38.28200149536133,33.82130432128906
ETTm2,2,9248,43807,0,620,33.005001068115234,33.56775665283203
ETTm2,2,9248,43807,0,621,34.26100158691406,33.00173568725586
ETTm2,2,9248,43807,0,622,31.999000549316406,32.787513732910156
ETTm2,2,9248,43807,0,623,32.08300018310547,33.60540771484375
ETTm2,2,9248,43807,0,624,31.49700164794922,33.347389221191406
ETTm2,2,9248,43807,0,625,32.83700180053711,33.2181396484375
ETTm2,2,9248,43807,0,626,33.92599868774414,32.54871368408203
ETTm2,2,9248,43807,0,627,33.42300033569336,32.76816177368164
ETTm2,2,9248,43807,0,628,34.345001220703125,32.831966400146484
ETTm2,2,9248,43807,0,629,36.35499954223633,32.703147888183594
ETTm2,2,9248,43807,0,630,35.518001556396484,32.62379455566406
ETTm2,2,9248,43807,0,631,33.50699996948242,32.16073226928711
ETTm2,2,9248,43807,0,632,32.66999816894531,32.215415954589844
ETTm2,2,9248,43807,0,633,31.49700164794922,32.137840270996094
ETTm2,2,9248,43807,0,634,34.68000030517578,31.783416748046875
ETTm2,2,9248,43807,0,635,34.930999755859375,31.302534103393555
ETTm2,2,9248,43807,0,636,34.59600067138672,31.009225845336914
ETTm2,2,9248,43807,0,637,33.67499923706055,32.00529479980469
ETTm2,2,9248,43807,0,638,31.66400146484375,30.69644546508789
ETTm2,2,9248,43807,0,639,29.821001052856445,30.428686141967773
ETTm2,2,9248,43807,0,640,32.16699981689453,30.933757781982422
ETTm2,2,9248,43807,0,641,32.417999267578125,30.57797622680664
ETTm2,2,9248,43807,0,642,30.408000946044922,30.277711868286133
ETTm2,2,9248,43807,0,643,27.560001373291016,29.558120727539062
ETTm2,2,9248,43807,0,644,27.39200210571289,29.588180541992188
ETTm2,2,9248,43807,0,645,29.067001342773438,29.779495239257812
ETTm2,2,9248,43807,0,646,28.98400115966797,29.29813003540039
ETTm2,2,9248,43807,0,647,31.162002563476562,29.184497833251953
ETTm2,2,9248,43807,0,648,31.49700164794922,29.227519989013672
ETTm2,2,9248,43807,0,649,30.492002487182617,29.059629440307617
ETTm2,2,9248,43807,0,650,29.56999969482422,28.840106964111328
ETTm2,2,9248,43807,0,651,30.492002487182617,28.486793518066406
ETTm2,2,9248,43807,0,652,30.82699966430664,28.945775985717773
ETTm2,2,9248,43807,0,653,29.40300178527832,28.9449462890625
ETTm2,2,9248,43807,0,654,31.24500274658203,28.690143585205078
ETTm2,2,9248,43807,0,655,30.156002044677734,28.551448822021484
ETTm2,2,9248,43807,0,656,28.816001892089844,28.528566360473633
ETTm2,2,9248,43807,0,657,28.900001525878906,28.666574478149414
ETTm2,2,9248,43807,0,658,26.21900177001953,28.272342681884766
ETTm2,2,9248,43807,0,659,29.1510009765625,27.879322052001953
ETTm2,2,9248,43807,0,660,30.32400131225586,28.500560760498047
ETTm2,2,9248,43807,0,661,30.743000030517578,27.705904006958008
ETTm2,2,9248,43807,0,662,27.979001998901367,28.257761001586914
ETTm2,2,9248,43807,0,663,30.82699966430664,27.85080909729004
ETTm2,2,9248,43807,0,664,32.417999267578125,28.297380447387695
ETTm2,2,9248,43807,0,665,29.90500259399414,27.524139404296875
ETTm2,2,9248,43807,0,666,31.916000366210938,28.094688415527344
ETTm2,2,9248,43807,0,667,32.66999816894531,27.740449905395508
ETTm2,2,9248,43807,0,668,29.73800277709961,27.822769165039062
ETTm2,2,9248,43807,0,669,33.590999603271484,27.908815383911133
ETTm2,2,9248,43807,0,670,32.50199890136719,28.051118850708008
ETTm2,2,9248,43807,0,671,22.115001678466797,27.489892959594727
ETTm2,2,9248,43807,0,672,24.125,27.612102508544922
ETTm2,2,9248,43807,0,673,27.727001190185547,28.078983306884766
ETTm2,2,9248,43807,0,674,28.816001892089844,28.31391143798828
ETTm2,2,9248,43807,0,675,28.98400115966797,28.50567626953125
ETTm2,2,9248,43807,0,676,32.16699981689453,27.958839416503906
ETTm2,2,9248,43807,0,677,32.50199890136719,28.42264175415039
ETTm2,2,9248,43807,0,678,31.999000549316406,28.42635726928711
ETTm2,2,9248,43807,0,679,35.01499938964844,28.456111907958984
ETTm2,2,9248,43807,0,680,35.26599884033203,28.28471565246582
ETTm2,2,9248,43807,0,681,35.349998474121094,28.092092514038086
ETTm2,2,9248,43807,0,682,35.76900100708008,28.453659057617188
ETTm2,2,9248,43807,0,683,36.43899917602539,28.711769104003906
ETTm2,2,9248,43807,0,684,34.84700012207031,28.819183349609375
ETTm2,2,9248,43807,0,685,36.35499954223633,29.156036376953125
ETTm2,2,9248,43807,0,686,33.84199905395508,29.18659210205078
ETTm2,2,9248,43807,0,687,33.42300033569336,29.485942840576172
ETTm2,2,9248,43807,0,688,32.417999267578125,29.252334594726562
ETTm2,2,9248,43807,0,689,28.1460018157959,29.316062927246094
ETTm2,2,9248,43807,0,690,31.66400146484375,29.601490020751953
ETTm2,2,9248,43807,0,691,33.005001068115234,29.633764266967773
ETTm2,2,9248,43807,0,692,33.92599868774414,29.81159019470215
ETTm2,2,9248,43807,0,693,29.1510009765625,29.50497055053711
ETTm2,2,9248,43807,0,694,28.98400115966797,29.9191951751709
ETTm2,2,9248,43807,0,695,29.90500259399414,29.888757705688477
ETTm2,2,9248,43807,0,696,31.66400146484375,29.799457550048828
ETTm2,2,9248,43807,0,697,31.078001022338867,30.650182723999023
ETTm2,2,9248,43807,0,698,31.329002380371094,30.818130493164062
ETTm2,2,9248,43807,0,699,32.50199890136719,30.691659927368164
ETTm2,2,9248,43807,0,700,31.748001098632812,31.42742156982422
ETTm2,2,9248,43807,0,701,34.512001037597656,31.36847686767578
ETTm2,2,9248,43807,0,702,34.345001220703125,32.07358932495117
ETTm2,2,9248,43807,0,703,34.176998138427734,31.815937042236328
ETTm2,2,9248,43807,0,704,34.26100158691406,31.908184051513672
ETTm2,2,9248,43807,0,705,34.345001220703125,32.29537582397461
ETTm2,2,9248,43807,0,706,34.176998138427734,32.39051818847656
ETTm2,2,9248,43807,0,707,34.0099983215332,31.381195068359375
ETTm2,2,9248,43807,0,708,35.518001556396484,32.70064926147461
ETTm2,2,9248,43807,0,709,35.518001556396484,33.26357650756836
ETTm2,2,9248,43807,0,710,34.176998138427734,32.59333038330078
ETTm2,2,9248,43807,0,711,35.433998107910156,32.55908203125
ETTm2,2,9248,43807,0,712,36.858001708984375,33.28996276855469
ETTm2,2,9248,43807,0,713,37.19300079345703,33.21034622192383
ETTm2,2,9248,43807,0,714,35.518001556396484,32.88624954223633
ETTm2,2,9248,43807,0,715,36.52299880981445,34.00714111328125
ETTm2,2,9248,43807,0,716,34.26100158691406,33.301551818847656
ETTm2,2,9248,43807,0,717,34.09400177001953,32.95957946777344
ETTm2,2,9248,43807,0,718,35.26599884033203,33.20332717895508
ETTm2,2,9248,43807,0,719,30.659000396728516,32.88628005981445
ETTm2,2,9248,43807,0,720,35.518001556396484,32.99365234375
Weather,1,3914,40800,0,1,992.6599731445312,992.6697387695312
Weather,1,3914,40800,0,2,992.7899780273438,992.7874755859375
Weather,1,3914,40800,0,3,992.9400024414062,992.8314819335938
Weather,1,3914,40800,0,4,993.0599975585938,992.6595458984375
Weather,1,3914,40800,0,5,993.1300048828125,992.9453125
Weather,1,3914,40800,0,6,993.0800170898438,993.3280639648438
Weather,1,3914,40800,0,7,993.0899658203125,993.0792846679688
Weather,1,3914,40800,0,8,993.1300048828125,993.2169799804688
Weather,1,3914,40800,0,9,993.1799926757812,993.2168579101562
Weather,1,3914,40800,0,10,993.1900024414062,993.1835327148438
Weather,1,3914,40800,0,11,993.219970703125,993.322509765625
Weather,1,3914,40800,0,12,993.2799682617188,993.416015625
Weather,1,3914,40800,0,13,993.3099975585938,993.217041015625
Weather,1,3914,40800,0,14,993.2999877929688,993.59814453125
Weather,1,3914,40800,0,15,993.3699951171875,993.7840576171875
Weather,1,3914,40800,0,16,993.469970703125,993.3753662109375
Weather,1,3914,40800,0,17,993.52001953125,993.7664794921875
Weather,1,3914,40800,0,18,993.5599975585938,993.4894409179688
Weather,1,3914,40800,0,19,993.6099853515625,993.3826904296875
Weather,1,3914,40800,0,20,993.6900024414062,993.4846801757812
Weather,1,3914,40800,0,21,993.72998046875,993.3099365234375
Weather,1,3914,40800,0,22,993.739990234375,993.21044921875
Weather,1,3914,40800,0,23,993.6900024414062,993.4927368164062
Weather,1,3914,40800,0,24,993.6099853515625,993.8935546875
Weather,1,3914,40800,0,25,993.5800170898438,993.31396484375
Weather,1,3914,40800,0,26,993.5700073242188,993.440673828125
Weather,1,3914,40800,0,27,993.5299682617188,993.7133178710938
Weather,1,3914,40800,0,28,993.469970703125,993.5486450195312
Weather,1,3914,40800,0,29,993.52001953125,993.7589721679688
Weather,1,3914,40800,0,30,993.5800170898438,993.7933349609375
Weather,1,3914,40800,0,31,993.5399780273438,993.0379638671875
Weather,1,3914,40800,0,32,993.52001953125,993.6325073242188
Weather,1,3914,40800,0,33,993.5,993.7542724609375
Weather,1,3914,40800,0,34,993.469970703125,993.47998046875
Weather,1,3914,40800,0,35,993.4600219726562,993.80615234375
Weather,1,3914,40800,0,36,993.4199829101562,993.6785888671875
Weather,1,3914,40800,0,37,993.4400024414062,993.2723999023438
Weather,1,3914,40800,0,38,993.4000244140625,994.0011596679688
Weather,1,3914,40800,0,39,993.3200073242188,993.4354858398438
Weather,1,3914,40800,0,40,993.27001953125,993.9052734375
Weather,1,3914,40800,0,41,993.22998046875,993.563232421875
Weather,1,3914,40800,0,42,993.1799926757812,993.676513671875
Weather,1,3914,40800,0,43,993.219970703125,993.5030517578125
Weather,1,3914,40800,0,44,993.219970703125,994.2597045898438
Weather,1,3914,40800,0,45,993.22998046875,993.6409912109375
Weather,1,3914,40800,0,46,993.2799682617188,993.8767700195312
Weather,1,3914,40800,0,47,993.3300170898438,993.479248046875
Weather,1,3914,40800,0,48,993.3900146484375,993.9983520507812
Weather,1,3914,40800,0,49,993.469970703125,993.9359130859375
Weather,1,3914,40800,0,50,993.5,994.074951171875
Weather,1,3914,40800,0,51,993.6300048828125,993.69287109375
Weather,1,3914,40800,0,52,993.6199951171875,994.0655517578125
Weather,1,3914,40800,0,53,993.6699829101562,993.9662475585938
Weather,1,3914,40800,0,54,993.6599731445312,994.0768432617188
Weather,1,3914,40800,0,55,993.6799926757812,994.1409301757812
Weather,1,3914,40800,0,56,993.6900024414062,994.12548828125
Weather,1,3914,40800,0,57,993.719970703125,994.0994873046875
Weather,1,3914,40800,0,58,993.8499755859375,994.0328369140625
Weather,1,3914,40800,0,59,993.8599853515625,993.8103637695312
Weather,1,3914,40800,0,60,993.8900146484375,994.7056884765625
Weather,1,3914,40800,0,61,993.9099731445312,994.3550415039062
Weather,1,3914,40800,0,62,993.989990234375,994.3013305664062
Weather,1,3914,40800,0,63,994.0299682617188,994.8026123046875
Weather,1,3914,40800,0,64,994.02001953125,994.6126708984375
Weather,1,3914,40800,0,65,993.9600219726562,994.374755859375
Weather,1,3914,40800,0,66,993.969970703125,993.6890869140625
Weather,1,3914,40800,0,67,993.97998046875,994.6505126953125
Weather,1,3914,40800,0,68,993.9600219726562,994.4978637695312
Weather,1,3914,40800,0,69,994.010009765625,993.8298950195312
Weather,1,3914,40800,0,70,994.0,994.19873046875
Weather,1,3914,40800,0,71,993.9000244140625,994.5112915039062
Weather,1,3914,40800,0,72,993.9099731445312,994.4796752929688
Weather,1,3914,40800,0,73,993.9299926757812,994.1607666015625
Weather,1,3914,40800,0,74,993.9199829101562,993.9683227539062
Weather,1,3914,40800,0,75,993.9099731445312,993.8629760742188
Weather,1,3914,40800,0,76,993.9000244140625,994.6632690429688
Weather,1,3914,40800,0,77,993.8499755859375,994.4692993164062
Weather,1,3914,40800,0,78,993.760009765625,994.3492431640625
Weather,1,3914,40800,0,79,993.7000122070312,994.528076171875
Weather,1,3914,40800,0,80,993.6099853515625,994.0376586914062
Weather,1,3914,40800,0,81,993.52001953125,994.5582275390625
Weather,1,3914,40800,0,82,993.5299682617188,994.0209350585938
Weather,1,3914,40800,0,83,993.5,994.3211669921875
Weather,1,3914,40800,0,84,993.469970703125,994.1306762695312
Weather,1,3914,40800,0,85,993.4400024414062,994.2811279296875
Weather,1,3914,40800,0,86,993.3699951171875,994.2670288085938
Weather,1,3914,40800,0,87,993.3200073242188,994.2481689453125
Weather,1,3914,40800,0,88,993.239990234375,994.1753540039062
Weather,1,3914,40800,0,89,993.2000122070312,993.539794921875
Weather,1,3914,40800,0,90,993.1500244140625,993.9047241210938
Weather,1,3914,40800,0,91,993.1099853515625,993.864990234375
Weather,1,3914,40800,0,92,993.0999755859375,993.7114868164062
Weather,1,3914,40800,0,93,993.010009765625,993.92431640625
Weather,1,3914,40800,0,94,992.9500122070312,993.9937133789062
Weather,1,3914,40800,0,95,992.8800048828125,994.0450439453125
Weather,1,3914,40800,0,96,992.8300170898438,993.9677124023438
Weather,1,3914,40800,0,97,992.8099975585938,993.91748046875
Weather,1,3914,40800,0,98,992.7999877929688,993.7522583007812
Weather,1,3914,40800,0,99,992.739990234375,993.3739624023438
Weather,1,3914,40800,0,100,992.7100219726562,993.4075317382812
Weather,1,3914,40800,0,101,992.6900024414062,993.15380859375
Weather,1,3914,40800,0,102,992.6199951171875,993.0584106445312
Weather,1,3914,40800,0,103,992.5999755859375,993.44775390625
Weather,1,3914,40800,0,104,992.489990234375,992.5903930664062
Weather,1,3914,40800,0,105,992.4400024414062,993.0335083007812
Weather,1,3914,40800,0,106,992.3800048828125,993.4567260742188
Weather,1,3914,40800,0,107,992.2999877929688,993.5377197265625
Weather,1,3914,40800,0,108,992.2899780273438,992.66845703125
Weather,1,3914,40800,0,109,992.2899780273438,993.1593017578125
Weather,1,3914,40800,0,110,992.3800048828125,993.106201171875
Weather,1,3914,40800,0,111,992.3800048828125,993.2528076171875
Weather,1,3914,40800,0,112,992.27001953125,992.0645751953125
Weather,1,3914,40800,0,113,992.2899780273438,992.4613647460938
Weather,1,3914,40800,0,114,992.3200073242188,992.55029296875
Weather,1,3914,40800,0,115,992.3499755859375,992.7156372070312
Weather,1,3914,40800,0,116,992.3200073242188,992.7958984375
Weather,1,3914,40800,0,117,992.3300170898438,992.8041381835938
Weather,1,3914,40800,0,118,992.2999877929688,992.6912231445312
Weather,1,3914,40800,0,119,992.3300170898438,992.8504028320312
Weather,1,3914,40800,0,120,992.2999877929688,992.9041137695312
Weather,1,3914,40800,0,121,992.219970703125,991.56884765625
Weather,1,3914,40800,0,122,992.239990234375,992.3458251953125
Weather,1,3914,40800,0,123,992.260009765625,992.1311645507812
Weather,1,3914,40800,0,124,992.22998046875,992.4629516601562
Weather,1,3914,40800,0,125,992.2100219726562,992.3648071289062
Weather,1,3914,40800,0,126,992.2100219726562,992.095947265625
Weather,1,3914,40800,0,127,992.2000122070312,992.7859497070312
Weather,1,3914,40800,0,128,992.1599731445312,992.5995483398438
Weather,1,3914,40800,0,129,992.2000122070312,992.1258544921875
Weather,1,3914,40800,0,130,992.1900024414062,992.4931030273438
Weather,1,3914,40800,0,131,992.2999877929688,992.7931518554688
Weather,1,3914,40800,0,132,992.3900146484375,992.941162109375
Weather,1,3914,40800,0,133,992.4600219726562,992.3057250976562
Weather,1,3914,40800,0,134,992.5599975585938,992.1747436523438
Weather,1,3914,40800,0,135,992.5299682617188,992.7059326171875
Weather,1,3914,40800,0,136,992.5299682617188,991.9112548828125
Weather,1,3914,40800,0,137,992.6400146484375,993.0245361328125
Weather,1,3914,40800,0,138,992.6099853515625,992.5374145507812
Weather,1,3914,40800,0,139,992.5599975585938,992.8549194335938
Weather,1,3914,40800,0,140,992.6199951171875,992.1704711914062
Weather,1,3914,40800,0,141,992.6199951171875,993.1932373046875
Weather,1,3914,40800,0,142,992.5499877929688,992.3936157226562
Weather,1,3914,40800,0,143,992.469970703125,992.3217163085938
Weather,1,3914,40800,0,144,992.3900146484375,993.0602416992188
Weather,1,3914,40800,0,145,992.489990234375,991.855712890625
Weather,1,3914,40800,0,146,992.5999755859375,992.6680297851562
Weather,1,3914,40800,0,147,992.6300048828125,992.4197998046875
Weather,1,3914,40800,0,148,992.6500244140625,991.9758911132812
Weather,1,3914,40800,0,149,992.5999755859375,992.043212890625
Weather,1,3914,40800,0,150,992.6099853515625,992.3446044921875
Weather,1,3914,40800,0,151,992.5800170898438,991.9822998046875
Weather,1,3914,40800,0,152,992.489990234375,991.916748046875
Weather,1,3914,40800,0,153,992.4400024414062,991.4786376953125
Weather,1,3914,40800,0,154,992.4199829101562,992.5284423828125
Weather,1,3914,40800,0,155,992.3599853515625,992.3195190429688
Weather,1,3914,40800,0,156,992.2899780273438,992.3099975585938
Weather,1,3914,40800,0,157,992.3399658203125,991.7992553710938
Weather,1,3914,40800,0,158,992.2799682617188,992.1242065429688
Weather,1,3914,40800,0,159,992.260009765625,992.3176879882812
Weather,1,3914,40800,0,160,992.260009765625,991.9296875
Weather,1,3914,40800,0,161,992.27001953125,992.089111328125
Weather,1,3914,40800,0,162,992.219970703125,992.1449584960938
Weather,1,3914,40800,0,163,992.22998046875,991.4956665039062
Weather,1,3914,40800,0,164,992.1900024414062,992.0396118164062
Weather,1,3914,40800,0,165,992.1599731445312,991.746337890625
Weather,1,3914,40800,0,166,992.219970703125,991.3009033203125
Weather,1,3914,40800,0,167,992.219970703125,991.165283203125
Weather,1,3914,40800,0,168,992.1799926757812,991.2528686523438
Weather,1,3914,40800,0,169,992.2000122070312,990.9581298828125
Weather,1,3914,40800,0,170,992.1599731445312,991.10546875
Weather,1,3914,40800,0,171,992.1599731445312,991.2655639648438
Weather,1,3914,40800,0,172,992.1799926757812,990.971923828125
Weather,1,3914,40800,0,173,992.1900024414062,990.6095581054688
Weather,1,3914,40800,0,174,992.1599731445312,990.4784545898438
Weather,1,3914,40800,0,175,992.1699829101562,990.6998291015625
Weather,1,3914,40800,0,176,992.1799926757812,990.6636962890625
Weather,1,3914,40800,0,177,992.2000122070312,990.5524291992188
Weather,1,3914,40800,0,178,992.2100219726562,990.6890258789062
Weather,1,3914,40800,0,179,992.22998046875,990.4500732421875
Weather,1,3914,40800,0,180,992.239990234375,990.1906127929688
Weather,1,3914,40800,0,181,992.239990234375,990.4348754882812
Weather,1,3914,40800,0,182,992.2000122070312,990.5953369140625
Weather,1,3914,40800,0,183,992.1400146484375,990.7468872070312
Weather,1,3914,40800,0,184,992.1099853515625,990.7258911132812
Weather,1,3914,40800,0,185,992.1400146484375,990.367919921875
Weather,1,3914,40800,0,186,992.1199951171875,989.9518432617188
Weather,1,3914,40800,0,187,992.1400146484375,990.7515869140625
Weather,1,3914,40800,0,188,992.0999755859375,990.3642578125
Weather,1,3914,40800,0,189,992.1099853515625,990.5640869140625
Weather,1,3914,40800,0,190,992.1500244140625,990.25048828125
Weather,1,3914,40800,0,191,992.2100219726562,990.674072265625
Weather,1,3914,40800,0,192,992.27001953125,991.1464233398438
Weather,1,3914,40800,0,193,992.3099975585938,990.6209106445312
Weather,1,3914,40800,0,194,992.3499755859375,990.5687866210938
Weather,1,3914,40800,0,195,992.3599853515625,990.699951171875
Weather,1,3914,40800,0,196,992.3300170898438,990.4054565429688
Weather,1,3914,40800,0,197,992.3399658203125,990.4105224609375
Weather,1,3914,40800,0,198,992.3699951171875,990.4517822265625
Weather,1,3914,40800,0,199,992.4199829101562,990.712890625
Weather,1,3914,40800,0,200,992.4099731445312,990.0764770507812
Weather,1,3914,40800,0,201,992.4199829101562,990.6463012695312
Weather,1,3914,40800,0,202,992.489990234375,990.6547241210938
Weather,1,3914,40800,0,203,992.52001953125,990.8949584960938
Weather,1,3914,40800,0,204,992.510009765625,990.4156494140625
Weather,1,3914,40800,0,205,992.5,990.2539672851562
Weather,1,3914,40800,0,206,992.5599975585938,990.489990234375
Weather,1,3914,40800,0,207,992.6199951171875,990.1442260742188
Weather,1,3914,40800,0,208,992.6799926757812,990.0595092773438
Weather,1,3914,40800,0,209,992.760009765625,990.5138549804688
Weather,1,3914,40800,0,210,992.75,990.5625
Weather,1,3914,40800,0,211,992.719970703125,990.3837890625
Weather,1,3914,40800,0,212,992.7999877929688,990.0765380859375
Weather,1,3914,40800,0,213,992.8599853515625,990.1018676757812
Weather,1,3914,40800,0,214,992.8599853515625,990.4841918945312
Weather,1,3914,40800,0,215,992.7899780273438,990.6198120117188
Weather,1,3914,40800,0,216,992.7999877929688,990.561279296875
Weather,1,3914,40800,0,217,992.8300170898438,989.7568359375
Weather,1,3914,40800,0,218,992.8599853515625,990.6146850585938
Weather,1,3914,40800,0,219,992.8699951171875,990.1976928710938
Weather,1,3914,40800,0,220,992.8900146484375,990.364013671875
Weather,1,3914,40800,0,221,992.9199829101562,990.3751831054688
Weather,1,3914,40800,0,222,992.9000244140625,989.6744995117188
Weather,1,3914,40800,0,223,992.8200073242188,990.3809814453125
Weather,1,3914,40800,0,224,992.7799682617188,989.8192749023438
Weather,1,3914,40800,0,225,992.719970703125,989.986083984375
Weather,1,3914,40800,0,226,992.739990234375,989.69873046875
Weather,1,3914,40800,0,227,992.6799926757812,990.1249389648438
Weather,1,3914,40800,0,228,992.6599731445312,989.7293090820312
Weather,1,3914,40800,0,229,992.6400146484375,990.552734375
Weather,1,3914,40800,0,230,992.5899658203125,990.2099609375
Weather,1,3914,40800,0,231,992.5399780273438,990.55078125
Weather,1,3914,40800,0,232,992.510009765625,990.7415161132812
Weather,1,3914,40800,0,233,992.510009765625,990.2252197265625
Weather,1,3914,40800,0,234,992.5399780273438,989.8577270507812
Weather,1,3914,40800,0,235,992.5599975585938,990.4452514648438
Weather,1,3914,40800,0,236,992.5599975585938,989.6917114257812
Weather,1,3914,40800,0,237,992.6099853515625,990.160400390625
Weather,1,3914,40800,0,238,992.6099853515625,990.35107421875
Weather,1,3914,40800,0,239,992.5,990.1495971679688
Weather,1,3914,40800,0,240,992.3599853515625,990.1343383789062
Weather,1,3914,40800,0,241,992.27001953125,989.9442138671875
Weather,1,3914,40800,0,242,992.2899780273438,990.0083618164062
Weather,1,3914,40800,0,243,992.2799682617188,990.0107421875
Weather,1,3914,40800,0,244,992.3200073242188,990.4096069335938
Weather,1,3914,40800,0,245,992.3499755859375,989.7416381835938
Weather,1,3914,40800,0,246,992.2999877929688,990.40283203125
Weather,1,3914,40800,0,247,992.239990234375,990.0617065429688
Weather,1,3914,40800,0,248,992.1099853515625,989.86572265625
Weather,1,3914,40800,0,249,992.0299682617188,989.9564819335938
Weather,1,3914,40800,0,250,992.0599975585938,990.4720458984375
Weather,1,3914,40800,0,251,992.02001953125,989.9093627929688
Weather,1,3914,40800,0,252,991.9600219726562,989.8076171875
Weather,1,3914,40800,0,253,991.9000244140625,989.4547119140625
Weather,1,3914,40800,0,254,991.9400024414062,990.1034545898438
Weather,1,3914,40800,0,255,992.02001953125,990.2520751953125
Weather,1,3914,40800,0,256,992.0399780273438,989.9219360351562
Weather,1,3914,40800,0,257,992.0899658203125,989.922119140625
Weather,1,3914,40800,0,258,992.1099853515625,989.5128173828125
Weather,1,3914,40800,0,259,992.0899658203125,989.6085205078125
Weather,1,3914,40800,0,260,992.1300048828125,989.4552612304688
Weather,1,3914,40800,0,261,992.1400146484375,989.608642578125
Weather,1,3914,40800,0,262,992.1599731445312,990.2864990234375
Weather,1,3914,40800,0,263,992.0700073242188,990.028564453125
Weather,1,3914,40800,0,264,991.97998046875,990.2083129882812
Weather,1,3914,40800,0,265,991.969970703125,990.342529296875
Weather,1,3914,40800,0,266,991.9299926757812,990.32958984375
Weather,1,3914,40800,0,267,991.969970703125,990.2111206054688
Weather,1,3914,40800,0,268,992.0399780273438,990.5165405273438
Weather,1,3914,40800,0,269,992.0299682617188,989.875244140625
Weather,1,3914,40800,0,270,991.989990234375,990.1251831054688
Weather,1,3914,40800,0,271,992.010009765625,990.0856323242188
Weather,1,3914,40800,0,272,992.0299682617188,990.4239501953125
Weather,1,3914,40800,0,273,992.0999755859375,989.693115234375
Weather,1,3914,40800,0,274,992.1799926757812,990.352294921875
Weather,1,3914,40800,0,275,992.22998046875,990.1334838867188
Weather,1,3914,40800,0,276,992.2000122070312,990.1245727539062
Weather,1,3914,40800,0,277,992.1799926757812,990.0171508789062
Weather,1,3914,40800,0,278,992.219970703125,990.356689453125
Weather,1,3914,40800,0,279,992.239990234375,990.3814086914062
Weather,1,3914,40800,0,280,992.219970703125,989.9903564453125
Weather,1,3914,40800,0,281,992.2799682617188,990.476806640625
Weather,1,3914,40800,0,282,992.219970703125,990.336181640625
Weather,1,3914,40800,0,283,992.260009765625,990.2623291015625
Weather,1,3914,40800,0,284,992.3200073242188,989.9754028320312
Weather,1,3914,40800,0,285,992.3300170898438,991.01953125
Weather,1,3914,40800,0,286,992.2799682617188,990.1389770507812
Weather,1,3914,40800,0,287,992.3300170898438,990.3662109375
Weather,1,3914,40800,0,288,992.2899780273438,990.4559326171875
Weather,1,3914,40800,0,289,992.3599853515625,990.2163696289062
Weather,1,3914,40800,0,290,992.4199829101562,989.6812744140625
Weather,1,3914,40800,0,291,992.2999877929688,989.9661254882812
Weather,1,3914,40800,0,292,992.2000122070312,990.2030639648438
Weather,1,3914,40800,0,293,992.1799926757812,989.9312133789062
Weather,1,3914,40800,0,294,992.1400146484375,991.0660400390625
Weather,1,3914,40800,0,295,992.239990234375,990.1124877929688
Weather,1,3914,40800,0,296,992.239990234375,989.8230590820312
Weather,1,3914,40800,0,297,992.1500244140625,990.005859375
Weather,1,3914,40800,0,298,992.0700073242188,990.2781982421875
Weather,1,3914,40800,0,299,992.0399780273438,989.7844848632812
Weather,1,3914,40800,0,300,991.9600219726562,989.7047119140625
Weather,1,3914,40800,0,301,991.8399658203125,989.70263671875
Weather,1,3914,40800,0,302,991.7000122070312,989.6435546875
Weather,1,3914,40800,0,303,991.6599731445312,989.9520263671875
Weather,1,3914,40800,0,304,991.5700073242188,989.7993774414062
Weather,1,3914,40800,0,305,991.489990234375,989.5276489257812
Weather,1,3914,40800,0,306,991.4000244140625,989.2689208984375
Weather,1,3914,40800,0,307,991.3599853515625,989.2763671875
Weather,1,3914,40800,0,308,991.3499755859375,989.1461181640625
Weather,1,3914,40800,0,309,991.239990234375,989.3694458007812
Weather,1,3914,40800,0,310,991.1199951171875,989.2561645507812
Weather,1,3914,40800,0,311,991.0800170898438,989.2820434570312
Weather,1,3914,40800,0,312,991.0800170898438,989.0960083007812
Weather,1,3914,40800,0,313,991.0,988.7833251953125
Weather,1,3914,40800,0,314,990.9199829101562,988.8316040039062
Weather,1,3914,40800,0,315,990.8699951171875,988.7721557617188
Weather,1,3914,40800,0,316,990.8200073242188,988.66455078125
Weather,1,3914,40800,0,317,990.72998046875,989.1079711914062
Weather,1,3914,40800,0,318,990.6099853515625,987.9901123046875
Weather,1,3914,40800,0,319,990.510009765625,988.3386840820312
Weather,1,3914,40800,0,320,990.47998046875,988.3426513671875
Weather,1,3914,40800,0,321,990.47998046875,988.5093383789062
Weather,1,3914,40800,0,322,990.4299926757812,988.1072998046875
Weather,1,3914,40800,0,323,990.3900146484375,988.2864990234375
Weather,1,3914,40800,0,324,990.3900146484375,988.6599731445312
Weather,1,3914,40800,0,325,990.3599853515625,988.3640747070312
Weather,1,3914,40800,0,326,990.2899780273438,989.013916015625
Weather,1,3914,40800,0,327,990.25,988.8703002929688
Weather,1,3914,40800,0,328,990.3099975585938,988.1041259765625
Weather,1,3914,40800,0,329,990.3599853515625,988.3301391601562
Weather,1,3914,40800,0,330,990.3900146484375,988.3009033203125
Weather,1,3914,40800,0,331,990.3399658203125,988.4898071289062
Weather,1,3914,40800,0,332,990.5,988.460693359375
Weather,1,3914,40800,0,333,990.7799682617188,987.947021484375
Weather,1,3914,40800,0,334,990.97998046875,988.029052734375
Weather,1,3914,40800,0,335,991.0499877929688,988.70849609375
Weather,1,3914,40800,0,336,991.0700073242188,988.7906494140625
Weather,1,3914,40800,0,337,991.0399780273438,987.987548828125
Weather,1,3914,40800,0,338,991.0299682617188,988.0117797851562
Weather,1,3914,40800,0,339,991.0599975585938,987.7252197265625
Weather,1,3914,40800,0,340,991.0999755859375,988.2721557617188
Weather,1,3914,40800,0,341,991.1599731445312,988.1546630859375
Weather,1,3914,40800,0,342,991.219970703125,988.3717041015625
Weather,1,3914,40800,0,343,991.2000122070312,988.5726928710938
Weather,1,3914,40800,0,344,991.1599731445312,987.9365844726562
Weather,1,3914,40800,0,345,991.1799926757812,988.4281616210938
Weather,1,3914,40800,0,346,991.219970703125,988.712646484375
Weather,1,3914,40800,0,347,991.2100219726562,988.23388671875
Weather,1,3914,40800,0,348,991.219970703125,988.2711181640625
Weather,1,3914,40800,0,349,991.1599731445312,989.0398559570312
Weather,1,3914,40800,0,350,991.1199951171875,988.917236328125
Weather,1,3914,40800,0,351,991.0899658203125,988.7907104492188
Weather,1,3914,40800,0,352,991.1699829101562,988.6907348632812
Weather,1,3914,40800,0,353,991.260009765625,988.6637573242188
Weather,1,3914,40800,0,354,991.239990234375,988.5694580078125
Weather,1,3914,40800,0,355,991.0800170898438,988.6552124023438
Weather,1,3914,40800,0,356,990.989990234375,988.93505859375
Weather,1,3914,40800,0,357,991.0999755859375,988.8831787109375
Weather,1,3914,40800,0,358,991.1099853515625,988.5798950195312
Weather,1,3914,40800,0,359,991.1199951171875,988.6406860351562
Weather,1,3914,40800,0,360,991.1099853515625,988.6046142578125
Weather,1,3914,40800,0,361,991.1199951171875,987.9833984375
Weather,1,3914,40800,0,362,991.1199951171875,988.1049194335938
Weather,1,3914,40800,0,363,991.02001953125,988.8050537109375
Weather,1,3914,40800,0,364,991.0,988.567626953125
Weather,1,3914,40800,0,365,991.0,988.2318115234375
Weather,1,3914,40800,0,366,990.8699951171875,988.629638671875
Weather,1,3914,40800,0,367,990.9299926757812,988.3768920898438
Weather,1,3914,40800,0,368,990.9299926757812,988.160888671875
Weather,1,3914,40800,0,369,990.8699951171875,988.21484375
Weather,1,3914,40800,0,370,990.8300170898438,988.12548828125
Weather,1,3914,40800,0,371,990.6900024414062,988.8941040039062
Weather,1,3914,40800,0,372,990.6799926757812,988.6920776367188
Weather,1,3914,40800,0,373,990.5999755859375,989.0364990234375
Weather,1,3914,40800,0,374,990.3800048828125,988.35498046875
Weather,1,3914,40800,0,375,990.25,988.4083862304688
Weather,1,3914,40800,0,376,990.1599731445312,988.2959594726562
Weather,1,3914,40800,0,377,990.1099853515625,988.5532836914062
Weather,1,3914,40800,0,378,990.0899658203125,988.4660034179688
Weather,1,3914,40800,0,379,990.02001953125,988.8677368164062
Weather,1,3914,40800,0,380,990.0299682617188,988.39013671875
Weather,1,3914,40800,0,381,990.0499877929688,988.5208740234375
Weather,1,3914,40800,0,382,989.9500122070312,988.8245849609375
Weather,1,3914,40800,0,383,989.9400024414062,988.1741943359375
Weather,1,3914,40800,0,384,989.8399658203125,988.4017333984375
Weather,1,3914,40800,0,385,989.760009765625,987.8173828125
Weather,1,3914,40800,0,386,989.6599731445312,988.6083374023438
Weather,1,3914,40800,0,387,989.6300048828125,988.257080078125
Weather,1,3914,40800,0,388,989.5800170898438,987.965576171875
Weather,1,3914,40800,0,389,989.5299682617188,988.32275390625
Weather,1,3914,40800,0,390,989.4400024414062,988.248291015625
Weather,1,3914,40800,0,391,989.3300170898438,988.01220703125
Weather,1,3914,40800,0,392,989.3300170898438,988.3097534179688
Weather,1,3914,40800,0,393,989.27001953125,988.4230346679688
Weather,1,3914,40800,0,394,989.1500244140625,988.5404663085938
Weather,1,3914,40800,0,395,988.9500122070312,987.763671875
Weather,1,3914,40800,0,396,988.8200073242188,988.728515625
Weather,1,3914,40800,0,397,988.7799682617188,988.1657104492188
Weather,1,3914,40800,0,398,988.8399658203125,988.4038696289062
Weather,1,3914,40800,0,399,988.8499755859375,988.8654174804688
Weather,1,3914,40800,0,400,988.760009765625,988.5225219726562
Weather,1,3914,40800,0,401,988.8300170898438,988.4483032226562
Weather,1,3914,40800,0,402,988.8399658203125,987.8762817382812
Weather,1,3914,40800,0,403,988.739990234375,988.3428955078125
Weather,1,3914,40800,0,404,988.7899780273438,988.1992797851562
Weather,1,3914,40800,0,405,988.77001953125,988.590087890625
Weather,1,3914,40800,0,406,988.8599853515625,988.4651489257812
Weather,1,3914,40800,0,407,988.8800048828125,987.995849609375
Weather,1,3914,40800,0,408,988.8900146484375,988.6489868164062
Weather,1,3914,40800,0,409,988.8599853515625,988.9635009765625
Weather,1,3914,40800,0,410,988.8499755859375,988.3871459960938
Weather,1,3914,40800,0,411,988.760009765625,989.1874389648438
Weather,1,3914,40800,0,412,988.7899780273438,988.3759155273438
Weather,1,3914,40800,0,413,988.760009765625,988.4526977539062
Weather,1,3914,40800,0,414,988.7899780273438,988.8665771484375
Weather,1,3914,40800,0,415,988.75,988.4777221679688
Weather,1,3914,40800,0,416,988.6799926757812,989.388671875
Weather,1,3914,40800,0,417,988.6400146484375,988.4169921875
Weather,1,3914,40800,0,418,988.5999755859375,989.1790161132812
Weather,1,3914,40800,0,419,988.5700073242188,988.94921875
Weather,1,3914,40800,0,420,988.6099853515625,988.76171875
Weather,1,3914,40800,0,421,988.72998046875,989.37646484375
Weather,1,3914,40800,0,422,988.760009765625,989.0125122070312
Weather,1,3914,40800,0,423,988.8399658203125,989.0582275390625
Weather,1,3914,40800,0,424,988.9000244140625,989.7593994140625
Weather,1,3914,40800,0,425,988.9400024414062,989.2970581054688
Weather,1,3914,40800,0,426,988.8200073242188,989.6979370117188
Weather,1,3914,40800,0,427,988.8099975585938,989.5511474609375
Weather,1,3914,40800,0,428,988.7899780273438,989.4000854492188
Weather,1,3914,40800,0,429,988.739990234375,989.8844604492188
Weather,1,3914,40800,0,430,988.7799682617188,989.679931640625
Weather,1,3914,40800,0,431,988.75,989.5075073242188
Weather,1,3914,40800,0,432,988.739990234375,989.1134033203125
Weather,1,3914,40800,0,433,988.7000122070312,989.516845703125
Weather,1,3914,40800,0,434,988.6699829101562,989.7219848632812
Weather,1,3914,40800,0,435,988.6500244140625,989.3894653320312
Weather,1,3914,40800,0,436,988.6300048828125,989.3590698242188
Weather,1,3914,40800,0,437,988.5,989.7003784179688
Weather,1,3914,40800,0,438,988.3399658203125,989.300048828125
Weather,1,3914,40800,0,439,988.1799926757812,990.1041870117188
Weather,1,3914,40800,0,440,988.0999755859375,989.3262939453125
Weather,1,3914,40800,0,441,988.0899658203125,989.0970458984375
Weather,1,3914,40800,0,442,988.0599975585938,989.2083129882812
Weather,1,3914,40800,0,443,988.0800170898438,990.5128784179688
Weather,1,3914,40800,0,444,988.0800170898438,989.2606201171875
Weather,1,3914,40800,0,445,988.1199951171875,989.76220703125
Weather,1,3914,40800,0,446,988.0999755859375,989.5350952148438
Weather,1,3914,40800,0,447,988.0999755859375,989.5006103515625
Weather,1,3914,40800,0,448,988.0899658203125,989.0462036132812
Weather,1,3914,40800,0,449,988.0,989.3216552734375
Weather,1,3914,40800,0,450,987.9199829101562,989.1386108398438
Weather,1,3914,40800,0,451,987.8599853515625,989.2704467773438
Weather,1,3914,40800,0,452,987.760009765625,988.6064453125
Weather,1,3914,40800,0,453,987.6799926757812,988.5415649414062
Weather,1,3914,40800,0,454,987.510009765625,989.1436157226562
Weather,1,3914,40800,0,455,987.3800048828125,988.3406372070312
Weather,1,3914,40800,0,456,987.27001953125,988.621826171875
Weather,1,3914,40800,0,457,987.1799926757812,988.7418212890625
Weather,1,3914,40800,0,458,987.1400146484375,988.9317626953125
Weather,1,3914,40800,0,459,987.1099853515625,989.139404296875
Weather,1,3914,40800,0,460,987.0499877929688,987.893310546875
Weather,1,3914,40800,0,461,987.1599731445312,988.2893676757812
Weather,1,3914,40800,0,462,987.3099975585938,987.9600219726562
Weather,1,3914,40800,0,463,987.3399658203125,988.0750122070312
Weather,1,3914,40800,0,464,987.3399658203125,988.6708984375
Weather,1,3914,40800,0,465,987.2899780273438,987.537353515625
Weather,1,3914,40800,0,466,987.2000122070312,987.8133544921875
Weather,1,3914,40800,0,467,987.1900024414062,987.970947265625
Weather,1,3914,40800,0,468,987.1900024414062,987.4640502929688
Weather,1,3914,40800,0,469,987.1599731445312,987.0531616210938
Weather,1,3914,40800,0,470,987.0499877929688,988.1323852539062
Weather,1,3914,40800,0,471,987.0,988.0159912109375
Weather,1,3914,40800,0,472,987.0299682617188,987.8941650390625
Weather,1,3914,40800,0,473,987.0700073242188,987.7567138671875
Weather,1,3914,40800,0,474,987.0999755859375,987.9133911132812
Weather,1,3914,40800,0,475,987.1400146484375,987.6715698242188
Weather,1,3914,40800,0,476,987.0999755859375,988.19384765625
Weather,1,3914,40800,0,477,987.1799926757812,987.8855590820312
Weather,1,3914,40800,0,478,987.25,988.5032348632812
Weather,1,3914,40800,0,479,987.1900024414062,987.7978515625
Weather,1,3914,40800,0,480,987.1500244140625,987.927978515625
Weather,1,3914,40800,0,481,987.1099853515625,988.2740478515625
Weather,1,3914,40800,0,482,987.1099853515625,987.8630981445312
Weather,1,3914,40800,0,483,987.219970703125,987.8275146484375
Weather,1,3914,40800,0,484,987.27001953125,988.0726928710938
Weather,1,3914,40800,0,485,987.239990234375,988.0335083007812
Weather,1,3914,40800,0,486,987.2899780273438,987.9879150390625
Weather,1,3914,40800,0,487,987.3800048828125,988.0231323242188
Weather,1,3914,40800,0,488,987.469970703125,987.8758544921875
Weather,1,3914,40800,0,489,987.52001953125,987.6286010742188
Weather,1,3914,40800,0,490,987.5,988.3799438476562
Weather,1,3914,40800,0,491,987.489990234375,988.1621704101562
Weather,1,3914,40800,0,492,987.5,987.6538696289062
Weather,1,3914,40800,0,493,987.5299682617188,988.2454833984375
Weather,1,3914,40800,0,494,987.52001953125,987.90234375
Weather,1,3914,40800,0,495,987.489990234375,988.7738647460938
Weather,1,3914,40800,0,496,987.4299926757812,987.781494140625
Weather,1,3914,40800,0,497,987.4099731445312,988.377197265625
Weather,1,3914,40800,0,498,987.4000244140625,988.1630249023438
Weather,1,3914,40800,0,499,987.4199829101562,988.41455078125
Weather,1,3914,40800,0,500,987.4600219726562,987.2117309570312
Weather,1,3914,40800,0,501,987.47998046875,988.1514282226562
Weather,1,3914,40800,0,502,987.47998046875,988.21435546875
Weather,1,3914,40800,0,503,987.4500122070312,988.0738525390625
Weather,1,3914,40800,0,504,987.4099731445312,988.7734985351562
Weather,1,3914,40800,0,505,987.4099731445312,987.9562377929688
Weather,1,3914,40800,0,506,987.4099731445312,988.10009765625
Weather,1,3914,40800,0,507,987.3499755859375,987.857666015625
Weather,1,3914,40800,0,508,987.3099975585938,987.8704223632812
Weather,1,3914,40800,0,509,987.27001953125,988.3721313476562
Weather,1,3914,40800,0,510,987.260009765625,988.4859008789062
Weather,1,3914,40800,0,511,987.25,988.04833984375
Weather,1,3914,40800,0,512,987.25,988.8523559570312
Weather,1,3914,40800,0,513,987.2000122070312,988.5654296875
Weather,1,3914,40800,0,514,987.1099853515625,988.670654296875
Weather,1,3914,40800,0,515,987.0599975585938,988.8036499023438
Weather,1,3914,40800,0,516,986.97998046875,987.88232421875
Weather,1,3914,40800,0,517,986.8900146484375,988.8092651367188
Weather,1,3914,40800,0,518,986.7999877929688,989.1275024414062
Weather,1,3914,40800,0,519,986.72998046875,988.3562622070312
Weather,1,3914,40800,0,520,986.760009765625,988.1131591796875
Weather,1,3914,40800,0,521,986.760009765625,988.679931640625
Weather,1,3914,40800,0,522,986.719970703125,988.71435546875
Weather,1,3914,40800,0,523,986.6300048828125,988.354248046875
Weather,1,3914,40800,0,524,986.5599975585938,988.7066040039062
Weather,1,3914,40800,0,525,986.5999755859375,988.2042846679688
Weather,1,3914,40800,0,526,986.6500244140625,988.0291748046875
Weather,1,3914,40800,0,527,986.5599975585938,987.9785766601562
Weather,1,3914,40800,0,528,986.5299682617188,988.138427734375
Weather,1,3914,40800,0,529,986.5399780273438,988.1604614257812
Weather,1,3914,40800,0,530,986.469970703125,988.3426513671875
Weather,1,3914,40800,0,531,986.2799682617188,988.1987915039062
Weather,1,3914,40800,0,532,986.1599731445312,988.2648315429688
Weather,1,3914,40800,0,533,986.0399780273438,988.9015502929688
Weather,1,3914,40800,0,534,985.8900146484375,988.5006103515625
Weather,1,3914,40800,0,535,985.7899780273438,988.6620483398438
Weather,1,3914,40800,0,536,985.7899780273438,988.55078125
Weather,1,3914,40800,0,537,985.72998046875,989.1155395507812
Weather,1,3914,40800,0,538,985.739990234375,988.4747924804688
Weather,1,3914,40800,0,539,985.72998046875,988.2131958007812
Weather,1,3914,40800,0,540,985.8200073242188,988.8091430664062
Weather,1,3914,40800,0,541,985.6199951171875,988.5228271484375
Weather,1,3914,40800,0,542,985.3900146484375,989.2692260742188
Weather,1,3914,40800,0,543,985.3800048828125,988.8751220703125
Weather,1,3914,40800,0,544,985.27001953125,988.5206909179688
Weather,1,3914,40800,0,545,985.0499877929688,988.5770263671875
Weather,1,3914,40800,0,546,984.9500122070312,989.0051879882812
Weather,1,3914,40800,0,547,985.010009765625,988.3792114257812
Weather,1,3914,40800,0,548,985.0999755859375,988.4747924804688
Weather,1,3914,40800,0,549,985.0899658203125,988.8973388671875
Weather,1,3914,40800,0,550,985.02001953125,988.8370971679688
Weather,1,3914,40800,0,551,984.8699951171875,988.7747802734375
Weather,1,3914,40800,0,552,984.9000244140625,988.6773071289062
Weather,1,3914,40800,0,553,984.7899780273438,988.588623046875
Weather,1,3914,40800,0,554,984.75,988.6129760742188
Weather,1,3914,40800,0,555,984.7899780273438,988.6358032226562
Weather,1,3914,40800,0,556,984.8399658203125,988.8099975585938
Weather,1,3914,40800,0,557,984.7999877929688,988.6951293945312
Weather,1,3914,40800,0,558,984.8399658203125,988.9508056640625
Weather,1,3914,40800,0,559,984.75,989.447265625
Weather,1,3914,40800,0,560,984.6699829101562,989.0278930664062
Weather,1,3914,40800,0,561,984.75,988.8936767578125
Weather,1,3914,40800,0,562,984.77001953125,988.6744384765625
Weather,1,3914,40800,0,563,984.719970703125,989.4000244140625
Weather,1,3914,40800,0,564,984.7100219726562,989.3677978515625
Weather,1,3914,40800,0,565,984.6500244140625,989.596435546875
Weather,1,3914,40800,0,566,984.5899658203125,989.2399291992188
Weather,1,3914,40800,0,567,984.5800170898438,989.3635864257812
Weather,1,3914,40800,0,568,984.5,989.8441772460938
Weather,1,3914,40800,0,569,984.489990234375,990.0446166992188
Weather,1,3914,40800,0,570,984.4600219726562,989.7794799804688
Weather,1,3914,40800,0,571,984.3599853515625,989.9778442382812
Weather,1,3914,40800,0,572,984.3399658203125,990.2079467773438
Weather,1,3914,40800,0,573,984.3599853515625,990.195556640625
Weather,1,3914,40800,0,574,984.4199829101562,989.7371826171875
Weather,1,3914,40800,0,575,984.3499755859375,990.068603515625
Weather,1,3914,40800,0,576,984.3300170898438,989.6871337890625
Weather,1,3914,40800,0,577,984.260009765625,990.5006713867188
Weather,1,3914,40800,0,578,984.1799926757812,990.8494873046875
Weather,1,3914,40800,0,579,984.010009765625,989.8153686523438
Weather,1,3914,40800,0,580,983.8599853515625,990.3292236328125
Weather,1,3914,40800,0,581,983.8499755859375,990.4708862304688
Weather,1,3914,40800,0,582,983.8300170898438,990.3919067382812
Weather,1,3914,40800,0,583,983.72998046875,990.1898193359375
Weather,1,3914,40800,0,584,983.6799926757812,990.2280883789062
Weather,1,3914,40800,0,585,983.7899780273438,990.81591796875
Weather,1,3914,40800,0,586,983.7999877929688,990.1132202148438
Weather,1,3914,40800,0,587,983.8200073242188,990.4303588867188
Weather,1,3914,40800,0,588,983.8300170898438,990.261474609375
Weather,1,3914,40800,0,589,983.8900146484375,990.1984252929688
Weather,1,3914,40800,0,590,983.8800048828125,989.7134399414062
Weather,1,3914,40800,0,591,983.7899780273438,989.7633666992188
Weather,1,3914,40800,0,592,983.75,989.94677734375
Weather,1,3914,40800,0,593,983.739990234375,990.2861328125
Weather,1,3914,40800,0,594,983.719970703125,989.4784545898438
Weather,1,3914,40800,0,595,983.719970703125,989.8109130859375
Weather,1,3914,40800,0,596,983.6500244140625,989.1162719726562
Weather,1,3914,40800,0,597,983.6300048828125,989.2257080078125
Weather,1,3914,40800,0,598,983.6599731445312,989.1378784179688
Weather,1,3914,40800,0,599,983.719970703125,989.526611328125
Weather,1,3914,40800,0,600,983.75,989.08935546875
Weather,1,3914,40800,0,601,983.739990234375,989.27294921875
Weather,1,3914,40800,0,602,983.6599731445312,988.3956909179688
Weather,1,3914,40800,0,603,983.6900024414062,988.5361328125
Weather,1,3914,40800,0,604,983.6799926757812,989.0084838867188
Weather,1,3914,40800,0,605,983.7100219726562,989.173828125
Weather,1,3914,40800,0,606,983.6799926757812,988.4295043945312
Weather,1,3914,40800,0,607,983.6500244140625,988.9913330078125
Weather,1,3914,40800,0,608,983.6599731445312,988.6959228515625
Weather,1,3914,40800,0,609,983.6199951171875,988.3919067382812
Weather,1,3914,40800,0,610,983.6699829101562,988.4706420898438
Weather,1,3914,40800,0,611,983.6199951171875,988.3320922851562
Weather,1,3914,40800,0,612,983.6300048828125,988.4674682617188
Weather,1,3914,40800,0,613,983.6300048828125,988.6913452148438
Weather,1,3914,40800,0,614,983.6699829101562,988.4920654296875
Weather,1,3914,40800,0,615,983.6799926757812,989.0810546875
Weather,1,3914,40800,0,616,983.72998046875,988.7835693359375
Weather,1,3914,40800,0,617,983.7999877929688,988.7097778320312
Weather,1,3914,40800,0,618,983.8800048828125,988.5802612304688
Weather,1,3914,40800,0,619,983.8900146484375,988.6611328125
Weather,1,3914,40800,0,620,983.8699951171875,988.518310546875
Weather,1,3914,40800,0,621,983.9500122070312,988.9796142578125
Weather,1,3914,40800,0,622,983.97998046875,988.8919677734375
Weather,1,3914,40800,0,623,984.0999755859375,989.05859375
Weather,1,3914,40800,0,624,984.1199951171875,988.9151000976562
Weather,1,3914,40800,0,625,984.1099853515625,988.8705444335938
Weather,1,3914,40800,0,626,984.1400146484375,989.2901611328125
Weather,1,3914,40800,0,627,984.1799926757812,989.2313232421875
Weather,1,3914,40800,0,628,984.25,988.9097900390625
Weather,1,3914,40800,0,629,984.3399658203125,989.1973876953125
Weather,1,3914,40800,0,630,984.3599853515625,988.7565307617188
Weather,1,3914,40800,0,631,984.4299926757812,989.39453125
Weather,1,3914,40800,0,632,984.4500122070312,989.0469360351562
Weather,1,3914,40800,0,633,984.4299926757812,989.1869506835938
Weather,1,3914,40800,0,634,984.469970703125,989.6910400390625
Weather,1,3914,40800,0,635,984.510009765625,989.4077758789062
Weather,1,3914,40800,0,636,984.5,989.2025146484375
Weather,1,3914,40800,0,637,984.489990234375,989.4057006835938
Weather,1,3914,40800,0,638,984.5299682617188,989.5286865234375
Weather,1,3914,40800,0,639,984.5800170898438,989.0526123046875
Weather,1,3914,40800,0,640,984.6199951171875,989.2051391601562
Weather,1,3914,40800,0,641,984.6400146484375,989.058837890625
Weather,1,3914,40800,0,642,984.75,989.3767700195312
Weather,1,3914,40800,0,643,984.8300170898438,989.7062377929688
Weather,1,3914,40800,0,644,984.8800048828125,989.485595703125
Weather,1,3914,40800,0,645,984.9099731445312,989.1775512695312
Weather,1,3914,40800,0,646,984.97998046875,988.6646728515625
Weather,1,3914,40800,0,647,985.010009765625,988.3303833007812
Weather,1,3914,40800,0,648,985.0499877929688,989.072021484375
Weather,1,3914,40800,0,649,985.1699829101562,989.2160034179688
Weather,1,3914,40800,0,650,985.219970703125,988.3048706054688
Weather,1,3914,40800,0,651,985.27001953125,989.4746704101562
Weather,1,3914,40800,0,652,985.3200073242188,988.7427368164062
Weather,1,3914,40800,0,653,985.3499755859375,988.5723266601562
Weather,1,3914,40800,0,654,985.4000244140625,988.7396850585938
Weather,1,3914,40800,0,655,985.4199829101562,987.9922485351562
Weather,1,3914,40800,0,656,985.489990234375,988.599365234375
Weather,1,3914,40800,0,657,985.5,988.6605224609375
Weather,1,3914,40800,0,658,985.5399780273438,988.0755615234375
Weather,1,3914,40800,0,659,985.5800170898438,988.8993530273438
Weather,1,3914,40800,0,660,985.6300048828125,988.2570190429688
Weather,1,3914,40800,0,661,985.5899658203125,988.4059448242188
Weather,1,3914,40800,0,662,985.5999755859375,988.0853271484375
Weather,1,3914,40800,0,663,985.6199951171875,988.0922241210938
Weather,1,3914,40800,0,664,985.6300048828125,988.528076171875
Weather,1,3914,40800,0,665,985.6199951171875,988.3729858398438
Weather,1,3914,40800,0,666,985.760009765625,988.3587646484375
Weather,1,3914,40800,0,667,985.8800048828125,988.8651733398438
Weather,1,3914,40800,0,668,985.97998046875,988.4144897460938
Weather,1,3914,40800,0,669,985.969970703125,988.8215942382812
Weather,1,3914,40800,0,670,985.989990234375,987.79150390625
Weather,1,3914,40800,0,671,986.0700073242188,988.2838745117188
Weather,1,3914,40800,0,672,986.1199951171875,988.0929565429688
Weather,1,3914,40800,0,673,986.1500244140625,988.1331787109375
Weather,1,3914,40800,0,674,986.219970703125,987.8197021484375
Weather,1,3914,40800,0,675,986.2899780273438,987.9522094726562
Weather,1,3914,40800,0,676,986.2999877929688,987.896484375
Weather,1,3914,40800,0,677,986.2799682617188,988.2949829101562
Weather,1,3914,40800,0,678,986.27001953125,988.2048950195312
Weather,1,3914,40800,0,679,986.2899780273438,988.3886108398438
Weather,1,3914,40800,0,680,986.3300170898438,987.2705688476562
Weather,1,3914,40800,0,681,986.3399658203125,988.4500732421875
Weather,1,3914,40800,0,682,986.3099975585938,987.3768310546875
Weather,1,3914,40800,0,683,986.3200073242188,988.4609375
Weather,1,3914,40800,0,684,986.4099731445312,988.06005859375
Weather,1,3914,40800,0,685,986.4299926757812,988.18798828125
Weather,1,3914,40800,0,686,986.4199829101562,988.211669921875
Weather,1,3914,40800,0,687,986.4400024414062,988.0574951171875
Weather,1,3914,40800,0,688,986.4500122070312,987.9114379882812
Weather,1,3914,40800,0,689,986.4600219726562,988.6943359375
Weather,1,3914,40800,0,690,986.469970703125,988.346923828125
Weather,1,3914,40800,0,691,986.4400024414062,988.810546875
Weather,1,3914,40800,0,692,986.510009765625,988.651123046875
Weather,1,3914,40800,0,693,986.5899658203125,989.171875
Weather,1,3914,40800,0,694,986.6300048828125,988.2687377929688
Weather,1,3914,40800,0,695,986.6599731445312,989.5400390625
Weather,1,3914,40800,0,696,986.739990234375,989.114501953125
Weather,1,3914,40800,0,697,986.8399658203125,988.3455810546875
Weather,1,3914,40800,0,698,986.9400024414062,988.607421875
Weather,1,3914,40800,0,699,987.0499877929688,988.7208862304688
Weather,1,3914,40800,0,700,987.0800170898438,988.6715087890625
Weather,1,3914,40800,0,701,987.1099853515625,989.6304321289062
Weather,1,3914,40800,0,702,987.2100219726562,989.3389282226562
Weather,1,3914,40800,0,703,987.2000122070312,989.1656494140625
Weather,1,3914,40800,0,704,987.25,990.1082153320312
Weather,1,3914,40800,0,705,987.3599853515625,989.4481811523438
Weather,1,3914,40800,0,706,987.4099731445312,989.3937377929688
Weather,1,3914,40800,0,707,987.4299926757812,989.6177978515625
Weather,1,3914,40800,0,708,987.52001953125,989.5487060546875
Weather,1,3914,40800,0,709,987.6699829101562,989.7826538085938
Weather,1,3914,40800,0,710,987.760009765625,989.724853515625
Weather,1,3914,40800,0,711,987.8300170898438,989.611083984375
Weather,1,3914,40800,0,712,987.9099731445312,989.6851806640625
Weather,1,3914,40800,0,713,988.0,989.376953125
Weather,1,3914,40800,0,714,988.1300048828125,990.6865844726562
Weather,1,3914,40800,0,715,988.1799926757812,989.8646240234375
Weather,1,3914,40800,0,716,988.2100219726562,989.5802612304688
Weather,1,3914,40800,0,717,988.3599853515625,990.3174438476562
Weather,1,3914,40800,0,718,988.4099731445312,989.764404296875
Weather,1,3914,40800,0,719,988.4600219726562,990.191650390625
Weather,1,3914,40800,0,720,988.6099853515625,990.0482177734375
Weather,2,0,36886,0,1,998.989990234375,999.2594604492188
Weather,2,0,36886,0,2,999.0599975585938,999.27783203125
Weather,2,0,36886,0,3,999.0599975585938,999.3201293945312
Weather,2,0,36886,0,4,999.1699829101562,999.3857421875
Weather,2,0,36886,0,5,999.27001953125,999.5100708007812
Weather,2,0,36886,0,6,999.1199951171875,999.5053100585938
Weather,2,0,36886,0,7,999.0999755859375,999.5359497070312
Weather,2,0,36886,0,8,999.1699829101562,999.7635498046875
Weather,2,0,36886,0,9,999.2799682617188,999.5238037109375
Weather,2,0,36886,0,10,999.3599853515625,999.6595458984375
Weather,2,0,36886,0,11,999.3900146484375,999.725341796875
Weather,2,0,36886,0,12,999.510009765625,999.976318359375
Weather,2,0,36886,0,13,999.510009765625,999.9312744140625
Weather,2,0,36886,0,14,999.4400024414062,999.8631591796875
Weather,2,0,36886,0,15,999.4600219726562,1000.2369995117188
Weather,2,0,36886,0,16,999.47998046875,1000.146728515625
Weather,2,0,36886,0,17,999.6199951171875,1000.0906982421875
Weather,2,0,36886,0,18,999.72998046875,1000.0339965820312
Weather,2,0,36886,0,19,999.7999877929688,1000.2506103515625
Weather,2,0,36886,0,20,999.9400024414062,1000.2473754882812
Weather,2,0,36886,0,21,1000.1400146484375,1000.1834716796875
Weather,2,0,36886,0,22,1000.239990234375,1000.6397705078125
Weather,2,0,36886,0,23,1000.0999755859375,1000.33203125
Weather,2,0,36886,0,24,1000.1400146484375,1000.2916870117188
Weather,2,0,36886,0,25,1000.22998046875,1000.4083251953125
Weather,2,0,36886,0,26,1000.25,1000.4163818359375
Weather,2,0,36886,0,27,1000.2799682617188,1000.405029296875
Weather,2,0,36886,0,28,1000.2799682617188,1000.3890991210938
Weather,2,0,36886,0,29,1000.3399658203125,1000.2179565429688
Weather,2,0,36886,0,30,1000.3800048828125,1000.4904174804688
Weather,2,0,36886,0,31,1000.4199829101562,1000.3628540039062
Weather,2,0,36886,0,32,1000.4400024414062,1000.6292114257812
Weather,2,0,36886,0,33,1000.3599853515625,1000.2645874023438
Weather,2,0,36886,0,34,1000.25,1000.2513427734375
Weather,2,0,36886,0,35,1000.1799926757812,1000.4697265625
Weather,2,0,36886,0,36,1000.1699829101562,1000.5726928710938
Weather,2,0,36886,0,37,1000.1199951171875,1000.0377807617188
Weather,2,0,36886,0,38,1000.0399780273438,1000.1746215820312
Weather,2,0,36886,0,39,999.969970703125,1000.2332763671875
Weather,2,0,36886,0,40,999.9299926757812,999.9605102539062
Weather,2,0,36886,0,41,999.969970703125,1000.0100708007812
Weather,2,0,36886,0,42,999.9299926757812,1000.2360229492188
Weather,2,0,36886,0,43,999.8499755859375,1000.1971435546875
Weather,2,0,36886,0,44,999.77001953125,999.9696655273438
Weather,2,0,36886,0,45,999.760009765625,1000.15478515625
Weather,2,0,36886,0,46,999.739990234375,999.9473266601562
Weather,2,0,36886,0,47,999.6799926757812,999.6217041015625
Weather,2,0,36886,0,48,999.6199951171875,999.987548828125
Weather,2,0,36886,0,49,999.5700073242188,999.5028686523438
Weather,2,0,36886,0,50,999.469970703125,999.2752685546875
Weather,2,0,36886,0,51,999.3900146484375,999.2804565429688
Weather,2,0,36886,0,52,999.2799682617188,999.1746826171875
Weather,2,0,36886,0,53,999.27001953125,999.14697265625
Weather,2,0,36886,0,54,999.2899780273438,999.1276245117188
Weather,2,0,36886,0,55,999.2899780273438,998.8236083984375
Weather,2,0,36886,0,56,999.22998046875,999.2088012695312
Weather,2,0,36886,0,57,999.1799926757812,999.0073852539062
Weather,2,0,36886,0,58,999.1199951171875,998.886474609375
Weather,2,0,36886,0,59,999.0999755859375,998.9765625
Weather,2,0,36886,0,60,999.0800170898438,998.55908203125
Weather,2,0,36886,0,61,999.010009765625,998.6414184570312
Weather,2,0,36886,0,62,999.0399780273438,998.4608764648438
Weather,2,0,36886,0,63,999.0800170898438,998.2731323242188
Weather,2,0,36886,0,64,999.0700073242188,998.4976196289062
Weather,2,0,36886,0,65,999.010009765625,998.4649047851562
Weather,2,0,36886,0,66,998.989990234375,998.3153686523438
Weather,2,0,36886,0,67,998.9600219726562,998.3441772460938
Weather,2,0,36886,0,68,998.9099731445312,998.1629028320312
Weather,2,0,36886,0,69,998.9099731445312,998.388916015625
Weather,2,0,36886,0,70,998.8800048828125,998.2108154296875
Weather,2,0,36886,0,71,998.8900146484375,998.1419067382812
Weather,2,0,36886,0,72,998.8699951171875,998.3539428710938
Weather,2,0,36886,0,73,998.9199829101562,998.3705444335938
Weather,2,0,36886,0,74,998.97998046875,998.2378540039062
Weather,2,0,36886,0,75,998.989990234375,997.9276123046875
Weather,2,0,36886,0,76,998.969970703125,998.0633544921875
Weather,2,0,36886,0,77,998.989990234375,998.3255615234375
Weather,2,0,36886,0,78,999.0299682617188,998.2109985351562
Weather,2,0,36886,0,79,998.989990234375,998.3046875
Weather,2,0,36886,0,80,999.0,998.0478515625
Weather,2,0,36886,0,81,999.1199951171875,998.285888671875
Weather,2,0,36886,0,82,999.219970703125,998.4552001953125
Weather,2,0,36886,0,83,999.2100219726562,998.6203002929688
Weather,2,0,36886,0,84,999.3699951171875,998.6871948242188
Weather,2,0,36886,0,85,999.5,998.6079711914062
Weather,2,0,36886,0,86,999.6799926757812,998.7860107421875
Weather,2,0,36886,0,87,999.8699951171875,998.6239013671875
Weather,2,0,36886,0,88,1000.02001953125,998.6177978515625
Weather,2,0,36886,0,89,1000.1300048828125,999.0358276367188
Weather,2,0,36886,0,90,1000.2000122070312,998.677978515625
Weather,2,0,36886,0,91,1000.3200073242188,999.091796875
Weather,2,0,36886,0,92,1000.4199829101562,998.9973754882812
Weather,2,0,36886,0,93,1000.510009765625,999.2217407226562
Weather,2,0,36886,0,94,1000.5800170898438,998.9171142578125
Weather,2,0,36886,0,95,1000.6699829101562,999.52197265625
Weather,2,0,36886,0,96,1000.739990234375,999.156982421875
Weather,2,0,36886,0,97,1000.8099975585938,999.1449584960938
Weather,2,0,36886,0,98,1000.8499755859375,999.3724975585938
Weather,2,0,36886,0,99,1000.8900146484375,999.628662109375
Weather,2,0,36886,0,100,1000.8699951171875,999.4453125
Weather,2,0,36886,0,101,1000.9299926757812,999.65380859375
Weather,2,0,36886,0,102,1000.9600219726562,999.39013671875
Weather,2,0,36886,0,103,1000.989990234375,999.4872436523438
Weather,2,0,36886,0,104,1001.02001953125,999.6968383789062
Weather,2,0,36886,0,105,1001.02001953125,999.5735473632812
Weather,2,0,36886,0,106,1001.0299682617188,999.67333984375
Weather,2,0,36886,0,107,1001.0899658203125,999.8592529296875
Weather,2,0,36886,0,108,1001.1199951171875,999.7262573242188
Weather,2,0,36886,0,109,1001.1400146484375,999.8388061523438
Weather,2,0,36886,0,110,1001.1699829101562,999.4818725585938
Weather,2,0,36886,0,111,1001.1799926757812,999.9669189453125
Weather,2,0,36886,0,112,1001.1900024414062,999.78271484375
Weather,2,0,36886,0,113,1001.2000122070312,999.7767944335938
Weather,2,0,36886,0,114,1001.260009765625,1000.0557861328125
Weather,2,0,36886,0,115,1001.260009765625,999.9132690429688
Weather,2,0,36886,0,116,1001.27001953125,999.8731079101562
Weather,2,0,36886,0,117,1001.260009765625,999.7107543945312
Weather,2,0,36886,0,118,1001.25,1000.0952758789062
Weather,2,0,36886,0,119,1001.25,1000.2503662109375
Weather,2,0,36886,0,120,1001.260009765625,999.9826049804688
Weather,2,0,36886,0,121,1001.2799682617188,1000.0966796875
Weather,2,0,36886,0,122,1001.2999877929688,1000.085205078125
Weather,2,0,36886,0,123,1001.260009765625,999.9005737304688
Weather,2,0,36886,0,124,1001.219970703125,1000.0821533203125
Weather,2,0,36886,0,125,1001.219970703125,999.85009765625
Weather,2,0,36886,0,126,1001.219970703125,999.9110717773438
Weather,2,0,36886,0,127,1001.1500244140625,1000.0642700195312
Weather,2,0,36886,0,128,1001.1900024414062,999.8671264648438
Weather,2,0,36886,0,129,1001.2100219726562,999.97998046875
Weather,2,0,36886,0,130,1001.1799926757812,1000.1470947265625
Weather,2,0,36886,0,131,1001.1500244140625,999.9645385742188
Weather,2,0,36886,0,132,1001.1400146484375,999.9203491210938
Weather,2,0,36886,0,133,1001.1099853515625,999.9577026367188
Weather,2,0,36886,0,134,1001.0800170898438,999.7391357421875
Weather,2,0,36886,0,135,1001.0399780273438,999.8310546875
Weather,2,0,36886,0,136,1001.0499877929688,999.6057739257812
Weather,2,0,36886,0,137,1001.1099853515625,999.5966796875
Weather,2,0,36886,0,138,1001.1300048828125,999.4192504882812
Weather,2,0,36886,0,139,1001.0700073242188,999.7402954101562
Weather,2,0,36886,0,140,1001.0399780273438,999.535888671875
Weather,2,0,36886,0,141,1001.0299682617188,999.2694702148438
Weather,2,0,36886,0,142,1000.989990234375,999.2633056640625
Weather,2,0,36886,0,143,1000.97998046875,999.72607421875
Weather,2,0,36886,0,144,1000.9199829101562,999.652099609375
Weather,2,0,36886,0,145,1000.8599853515625,999.0079956054688
Weather,2,0,36886,0,146,1000.8900146484375,999.1611328125
Weather,2,0,36886,0,147,1000.8800048828125,999.1848754882812
Weather,2,0,36886,0,148,1000.9099731445312,999.4880981445312
Weather,2,0,36886,0,149,1000.969970703125,999.3427124023438
Weather,2,0,36886,0,150,1001.0,999.5803833007812
Weather,2,0,36886,0,151,1001.0399780273438,999.330810546875
Weather,2,0,36886,0,152,1001.0299682617188,999.220458984375
Weather,2,0,36886,0,153,1001.010009765625,999.1390991210938
Weather,2,0,36886,0,154,1001.0499877929688,999.3369140625
Weather,2,0,36886,0,155,1001.0800170898438,999.3153686523438
Weather,2,0,36886,0,156,1001.1699829101562,999.3942260742188
Weather,2,0,36886,0,157,1001.25,999.425048828125
Weather,2,0,36886,0,158,1001.3099975585938,999.4486083984375
Weather,2,0,36886,0,159,1001.3800048828125,999.6214599609375
Weather,2,0,36886,0,160,1001.4099731445312,999.6136474609375
Weather,2,0,36886,0,161,1001.4099731445312,999.7762451171875
Weather,2,0,36886,0,162,1001.3499755859375,999.29052734375
Weather,2,0,36886,0,163,1001.3300170898438,999.3265991210938
Weather,2,0,36886,0,164,1001.3200073242188,999.4640502929688
Weather,2,0,36886,0,165,1001.3200073242188,999.7362670898438
Weather,2,0,36886,0,166,1001.3900146484375,999.4977416992188
Weather,2,0,36886,0,167,1001.4400024414062,999.17822265625
Weather,2,0,36886,0,168,1001.4500122070312,999.2939453125
Weather,2,0,36886,0,169,1001.47998046875,999.5623779296875
Weather,2,0,36886,0,170,1001.5499877929688,999.11767578125
Weather,2,0,36886,0,171,1001.6099853515625,999.70751953125
Weather,2,0,36886,0,172,1001.6599731445312,999.3277587890625
Weather,2,0,36886,0,173,1001.6400146484375,999.3265991210938
Weather,2,0,36886,0,174,1001.5999755859375,999.2119140625
Weather,2,0,36886,0,175,1001.5399780273438,999.312255859375
Weather,2,0,36886,0,176,1001.4500122070312,999.3659057617188
Weather,2,0,36886,0,177,1001.3800048828125,999.142333984375
Weather,2,0,36886,0,178,1001.3200073242188,999.2199096679688
Weather,2,0,36886,0,179,1001.25,999.2557373046875
Weather,2,0,36886,0,180,1001.1599731445312,999.3543090820312
Weather,2,0,36886,0,181,1001.0999755859375,999.44482421875
Weather,2,0,36886,0,182,1001.0599975585938,999.369384765625
Weather,2,0,36886,0,183,1001.0399780273438,999.2098999023438
Weather,2,0,36886,0,184,1000.9299926757812,999.255859375
Weather,2,0,36886,0,185,1000.8300170898438,999.0101928710938
Weather,2,0,36886,0,186,1000.760009765625,999.0628662109375
Weather,2,0,36886,0,187,1000.6900024414062,998.5389404296875
Weather,2,0,36886,0,188,1000.6099853515625,998.330322265625
Weather,2,0,36886,0,189,1000.47998046875,998.7927856445312
Weather,2,0,36886,0,190,1000.3800048828125,998.6998901367188
Weather,2,0,36886,0,191,1000.239990234375,998.1163940429688
Weather,2,0,36886,0,192,1000.1599731445312,997.8173217773438
Weather,2,0,36886,0,193,1000.0899658203125,998.2265625
Weather,2,0,36886,0,194,999.969970703125,998.0147705078125
Weather,2,0,36886,0,195,999.8599853515625,998.1016845703125
Weather,2,0,36886,0,196,999.7799682617188,997.9846801757812
Weather,2,0,36886,0,197,999.6699829101562,997.8299560546875
Weather,2,0,36886,0,198,999.5999755859375,997.54638671875
Weather,2,0,36886,0,199,999.469970703125,997.7994995117188
Weather,2,0,36886,0,200,999.3499755859375,996.9519653320312
Weather,2,0,36886,0,201,999.239990234375,997.3856811523438
Weather,2,0,36886,0,202,999.1699829101562,997.6976928710938
Weather,2,0,36886,0,203,999.0899658203125,997.1270141601562
Weather,2,0,36886,0,204,998.989990234375,997.1768188476562
Weather,2,0,36886,0,205,998.8599853515625,997.5040283203125
Weather,2,0,36886,0,206,998.7799682617188,997.1091918945312
Weather,2,0,36886,0,207,998.6699829101562,997.4797973632812
Weather,2,0,36886,0,208,998.5899658203125,997.2570190429688
Weather,2,0,36886,0,209,998.510009765625,997.3552856445312
Weather,2,0,36886,0,210,998.4199829101562,997.2733764648438
Weather,2,0,36886,0,211,998.3300170898438,997.069580078125
Weather,2,0,36886,0,212,998.25,996.8900146484375
Weather,2,0,36886,0,213,998.1699829101562,996.8604736328125
Weather,2,0,36886,0,214,998.0899658203125,996.7813110351562
Weather,2,0,36886,0,215,998.0899658203125,996.7606811523438
Weather,2,0,36886,0,216,998.010009765625,997.0289306640625
Weather,2,0,36886,0,217,997.9600219726562,996.4935913085938
Weather,2,0,36886,0,218,997.9099731445312,997.2222900390625
Weather,2,0,36886,0,219,997.8599853515625,996.69140625
Weather,2,0,36886,0,220,997.8200073242188,996.619140625
Weather,2,0,36886,0,221,997.739990234375,996.9119262695312
Weather,2,0,36886,0,222,997.6900024414062,997.0096435546875
Weather,2,0,36886,0,223,997.6699829101562,996.6781616210938
Weather,2,0,36886,0,224,997.6400146484375,996.6826782226562
Weather,2,0,36886,0,225,997.6300048828125,996.7832641601562
Weather,2,0,36886,0,226,997.6300048828125,996.8389892578125
Weather,2,0,36886,0,227,997.6099853515625,997.1854858398438
Weather,2,0,36886,0,228,997.6099853515625,997.215087890625
Weather,2,0,36886,0,229,997.7000122070312,997.13134765625
Weather,2,0,36886,0,230,997.75,997.1195678710938
Weather,2,0,36886,0,231,997.75,997.4285888671875
Weather,2,0,36886,0,232,997.72998046875,997.3849487304688
Weather,2,0,36886,0,233,997.7100219726562,997.030517578125
Weather,2,0,36886,0,234,997.77001953125,997.2153930664062
Weather,2,0,36886,0,235,997.77001953125,997.7279663085938
Weather,2,0,36886,0,236,997.7799682617188,996.9808959960938
Weather,2,0,36886,0,237,997.8200073242188,996.959716796875
Weather,2,0,36886,0,238,997.8499755859375,997.3472290039062
Weather,2,0,36886,0,239,997.8800048828125,997.490966796875
Weather,2,0,36886,0,240,997.8800048828125,997.5051879882812
Weather,2,0,36886,0,241,997.8599853515625,997.6572265625
Weather,2,0,36886,0,242,997.8200073242188,997.9649658203125
Weather,2,0,36886,0,243,997.8099975585938,997.5536499023438
Weather,2,0,36886,0,244,997.8499755859375,997.7913208007812
Weather,2,0,36886,0,245,997.7999877929688,997.4146728515625
Weather,2,0,36886,0,246,997.760009765625,997.8712158203125
Weather,2,0,36886,0,247,997.72998046875,997.7691040039062
Weather,2,0,36886,0,248,997.7100219726562,997.8411865234375
Weather,2,0,36886,0,249,997.760009765625,997.9552001953125
Weather,2,0,36886,0,250,997.7999877929688,997.79833984375
Weather,2,0,36886,0,251,997.7899780273438,997.8734741210938
Weather,2,0,36886,0,252,997.77001953125,997.8749389648438
Weather,2,0,36886,0,253,997.7799682617188,997.6610717773438
Weather,2,0,36886,0,254,997.77001953125,998.1475830078125
Weather,2,0,36886,0,255,997.77001953125,998.504638671875
Weather,2,0,36886,0,256,997.6699829101562,997.9705810546875
Weather,2,0,36886,0,257,997.6099853515625,998.2249145507812
Weather,2,0,36886,0,258,997.5999755859375,998.0208129882812
Weather,2,0,36886,0,259,997.5899658203125,998.2437133789062
Weather,2,0,36886,0,260,997.5399780273438,998.0581665039062
Weather,2,0,36886,0,261,997.469970703125,997.6900024414062
Weather,2,0,36886,0,262,997.3800048828125,998.2459106445312
Weather,2,0,36886,0,263,997.3699951171875,998.4796752929688
Weather,2,0,36886,0,264,997.3200073242188,998.2308349609375
Weather,2,0,36886,0,265,997.2799682617188,998.2000122070312
Weather,2,0,36886,0,266,997.239990234375,997.97021484375
Weather,2,0,36886,0,267,997.2000122070312,998.1690063476562
Weather,2,0,36886,0,268,997.1400146484375,998.2484741210938
Weather,2,0,36886,0,269,997.0899658203125,997.97314453125
Weather,2,0,36886,0,270,996.969970703125,998.1571655273438
Weather,2,0,36886,0,271,996.9199829101562,998.04541015625
Weather,2,0,36886,0,272,996.8800048828125,997.703125
Weather,2,0,36886,0,273,996.8399658203125,997.7649536132812
Weather,2,0,36886,0,274,996.7799682617188,997.8032836914062
Weather,2,0,36886,0,275,996.72998046875,998.0894775390625
Weather,2,0,36886,0,276,996.6699829101562,998.1580200195312
Weather,2,0,36886,0,277,996.5999755859375,997.7654418945312
Weather,2,0,36886,0,278,996.5399780273438,997.6264038085938
Weather,2,0,36886,0,279,996.4500122070312,997.8014526367188
Weather,2,0,36886,0,280,996.4199829101562,997.8034057617188
Weather,2,0,36886,0,281,996.3699951171875,997.6986083984375
Weather,2,0,36886,0,282,996.3499755859375,997.477294921875
Weather,2,0,36886,0,283,996.2999877929688,997.4625244140625
Weather,2,0,36886,0,284,996.2999877929688,997.5327758789062
Weather,2,0,36886,0,285,996.27001953125,997.8815307617188
Weather,2,0,36886,0,286,996.1799926757812,997.4029541015625
Weather,2,0,36886,0,287,996.1500244140625,997.5625610351562
Weather,2,0,36886,0,288,996.0299682617188,997.307861328125
Weather,2,0,36886,0,289,995.969970703125,997.7075805664062
Weather,2,0,36886,0,290,995.9500122070312,997.9060668945312
Weather,2,0,36886,0,291,995.9500122070312,997.447509765625
Weather,2,0,36886,0,292,995.9400024414062,997.555419921875
Weather,2,0,36886,0,293,995.9199829101562,997.5194091796875
Weather,2,0,36886,0,294,995.8800048828125,997.8587646484375
Weather,2,0,36886,0,295,995.8200073242188,997.3234252929688
Weather,2,0,36886,0,296,995.7799682617188,997.6301879882812
Weather,2,0,36886,0,297,995.7799682617188,997.6495361328125
Weather,2,0,36886,0,298,995.8099975585938,997.7702026367188
Weather,2,0,36886,0,299,995.77001953125,997.7915649414062
Weather,2,0,36886,0,300,995.75,998.0601196289062
Weather,2,0,36886,0,301,995.7899780273438,998.0405883789062
Weather,2,0,36886,0,302,995.8200073242188,997.7737426757812
Weather,2,0,36886,0,303,995.8900146484375,997.7277221679688
Weather,2,0,36886,0,304,995.8800048828125,997.3238525390625
Weather,2,0,36886,0,305,995.8699951171875,997.7603759765625
Weather,2,0,36886,0,306,995.9299926757812,997.8382568359375
Weather,2,0,36886,0,307,995.97998046875,997.7979736328125
Weather,2,0,36886,0,308,996.02001953125,998.1022338867188
Weather,2,0,36886,0,309,996.0399780273438,998.1195678710938
Weather,2,0,36886,0,310,996.0299682617188,998.059326171875
Weather,2,0,36886,0,311,996.010009765625,997.759765625
Weather,2,0,36886,0,312,995.989990234375,997.937744140625
Weather,2,0,36886,0,313,995.9500122070312,997.7783203125
Weather,2,0,36886,0,314,995.9299926757812,998.2032470703125
Weather,2,0,36886,0,315,995.9000244140625,997.9561157226562
Weather,2,0,36886,0,316,995.8599853515625,997.7383422851562
Weather,2,0,36886,0,317,995.8200073242188,997.9415893554688
Weather,2,0,36886,0,318,995.77001953125,997.688232421875
Weather,2,0,36886,0,319,995.7100219726562,997.6932373046875
Weather,2,0,36886,0,320,995.6400146484375,997.5050659179688
Weather,2,0,36886,0,321,995.52001953125,997.327392578125
Weather,2,0,36886,0,322,995.3800048828125,997.4912109375
Weather,2,0,36886,0,323,995.2899780273438,997.360107421875
Weather,2,0,36886,0,324,995.2000122070312,997.5330200195312
Weather,2,0,36886,0,325,995.1500244140625,997.2227172851562
Weather,2,0,36886,0,326,995.0499877929688,997.6096801757812
Weather,2,0,36886,0,327,995.0299682617188,997.48095703125
Weather,2,0,36886,0,328,994.9199829101562,997.1605224609375
Weather,2,0,36886,0,329,994.8300170898438,997.3763427734375
Weather,2,0,36886,0,330,994.6900024414062,996.9375610351562
Weather,2,0,36886,0,331,994.5700073242188,997.1166381835938
Weather,2,0,36886,0,332,994.4199829101562,996.5306396484375
Weather,2,0,36886,0,333,994.3300170898438,997.2691040039062
Weather,2,0,36886,0,334,994.25,996.7582397460938
Weather,2,0,36886,0,335,994.1500244140625,996.8707275390625
Weather,2,0,36886,0,336,994.0499877929688,997.0297241210938
Weather,2,0,36886,0,337,994.02001953125,996.5482177734375
Weather,2,0,36886,0,338,993.9000244140625,996.1663818359375
Weather,2,0,36886,0,339,993.7799682617188,996.126953125
Weather,2,0,36886,0,340,993.7000122070312,996.482666015625
Weather,2,0,36886,0,341,993.6099853515625,996.2891235351562
Weather,2,0,36886,0,342,993.5299682617188,996.5421752929688
Weather,2,0,36886,0,343,993.4400024414062,996.3246459960938
Weather,2,0,36886,0,344,993.3699951171875,995.8289794921875
Weather,2,0,36886,0,345,993.3200073242188,996.0067138671875
Weather,2,0,36886,0,346,993.239990234375,996.634765625
Weather,2,0,36886,0,347,993.1400146484375,995.8621215820312
Weather,2,0,36886,0,348,993.0299682617188,995.8557739257812
Weather,2,0,36886,0,349,992.9099731445312,995.7894287109375
Weather,2,0,36886,0,350,992.8499755859375,996.084716796875
Weather,2,0,36886,0,351,992.7999877929688,995.9588623046875
Weather,2,0,36886,0,352,992.72998046875,995.69580078125
Weather,2,0,36886,0,353,992.6400146484375,995.8056030273438
Weather,2,0,36886,0,354,992.5599975585938,995.2451782226562
Weather,2,0,36886,0,355,992.5,995.5908813476562
Weather,2,0,36886,0,356,992.3800048828125,995.8120727539062
Weather,2,0,36886,0,357,992.2999877929688,995.5128173828125
Weather,2,0,36886,0,358,992.25,995.6571655273438
Weather,2,0,36886,0,359,992.2000122070312,995.5407104492188
Weather,2,0,36886,0,360,992.1799926757812,995.3828735351562
Weather,2,0,36886,0,361,992.1500244140625,995.7608642578125
Weather,2,0,36886,0,362,992.1500244140625,996.03125
Weather,2,0,36886,0,363,992.1300048828125,995.8351440429688
Weather,2,0,36886,0,364,992.1300048828125,996.1661376953125
Weather,2,0,36886,0,365,992.2000122070312,995.8524780273438
Weather,2,0,36886,0,366,992.1599731445312,996.0634155273438
Weather,2,0,36886,0,367,992.1199951171875,996.1533203125
Weather,2,0,36886,0,368,992.1199951171875,996.3583374023438
Weather,2,0,36886,0,369,992.1599731445312,995.9400634765625
Weather,2,0,36886,0,370,992.219970703125,996.5127563476562
Weather,2,0,36886,0,371,992.2799682617188,996.2855834960938
Weather,2,0,36886,0,372,992.3099975585938,996.2623291015625
Weather,2,0,36886,0,373,992.3800048828125,995.9839477539062
Weather,2,0,36886,0,374,992.47998046875,996.5405883789062
Weather,2,0,36886,0,375,992.5499877929688,996.440673828125
Weather,2,0,36886,0,376,992.510009765625,997.030029296875
Weather,2,0,36886,0,377,992.489990234375,996.5764770507812
Weather,2,0,36886,0,378,992.489990234375,996.708740234375
Weather,2,0,36886,0,379,992.52001953125,996.906494140625
Weather,2,0,36886,0,380,992.5399780273438,997.19775390625
Weather,2,0,36886,0,381,992.5899658203125,997.4799194335938
Weather,2,0,36886,0,382,992.6099853515625,997.2147216796875
Weather,2,0,36886,0,383,992.5899658203125,997.2054443359375
Weather,2,0,36886,0,384,992.5299682617188,997.00341796875
Weather,2,0,36886,0,385,992.489990234375,997.1719360351562
Weather,2,0,36886,0,386,992.47998046875,997.2457275390625
Weather,2,0,36886,0,387,992.4600219726562,997.5769653320312
Weather,2,0,36886,0,388,992.4500122070312,997.574951171875
Weather,2,0,36886,0,389,992.4400024414062,997.7618408203125
Weather,2,0,36886,0,390,992.510009765625,997.6182861328125
Weather,2,0,36886,0,391,992.5399780273438,997.7265625
Weather,2,0,36886,0,392,992.5599975585938,997.4684448242188
Weather,2,0,36886,0,393,992.5899658203125,997.6549682617188
Weather,2,0,36886,0,394,992.6300048828125,997.2042846679688
Weather,2,0,36886,0,395,992.6500244140625,998.0770874023438
Weather,2,0,36886,0,396,992.6900024414062,997.4393920898438
Weather,2,0,36886,0,397,992.72998046875,997.3605346679688
Weather,2,0,36886,0,398,992.6699829101562,997.6417236328125
Weather,2,0,36886,0,399,992.6900024414062,997.7159423828125
Weather,2,0,36886,0,400,992.6099853515625,997.6420288085938
Weather,2,0,36886,0,401,992.5999755859375,997.3703002929688
Weather,2,0,36886,0,402,992.6799926757812,997.5230102539062
Weather,2,0,36886,0,403,992.6799926757812,997.6923828125
Weather,2,0,36886,0,404,992.6699829101562,997.7987670898438
Weather,2,0,36886,0,405,992.6199951171875,998.3148193359375
Weather,2,0,36886,0,406,992.5700073242188,997.8482666015625
Weather,2,0,36886,0,407,992.5599975585938,997.9889526367188
Weather,2,0,36886,0,408,992.4600219726562,997.6885986328125
Weather,2,0,36886,0,409,992.4099731445312,997.8939819335938
Weather,2,0,36886,0,410,992.4199829101562,998.1537475585938
Weather,2,0,36886,0,411,992.4000244140625,998.1344604492188
Weather,2,0,36886,0,412,992.3200073242188,997.6394653320312
Weather,2,0,36886,0,413,992.3300170898438,997.669921875
Weather,2,0,36886,0,414,992.3099975585938,997.8522338867188
Weather,2,0,36886,0,415,992.2999877929688,998.0361938476562
Weather,2,0,36886,0,416,992.25,997.95703125
Weather,2,0,36886,0,417,992.2100219726562,998.1981201171875
Weather,2,0,36886,0,418,992.239990234375,998.0588989257812
Weather,2,0,36886,0,419,992.27001953125,998.1865234375
Weather,2,0,36886,0,420,992.27001953125,998.196044921875
Weather,2,0,36886,0,421,992.219970703125,997.9556274414062
Weather,2,0,36886,0,422,992.1699829101562,997.6962280273438
Weather,2,0,36886,0,423,992.1199951171875,997.8178100585938
Weather,2,0,36886,0,424,992.1099853515625,998.39892578125
Weather,2,0,36886,0,425,992.0499877929688,998.284423828125
Weather,2,0,36886,0,426,991.969970703125,997.856689453125
Weather,2,0,36886,0,427,991.9600219726562,998.0896606445312
Weather,2,0,36886,0,428,991.9400024414062,998.0215454101562
Weather,2,0,36886,0,429,991.969970703125,998.1720581054688
Weather,2,0,36886,0,430,991.969970703125,998.2786254882812
Weather,2,0,36886,0,431,991.9500122070312,997.6243286132812
Weather,2,0,36886,0,432,991.9199829101562,998.076904296875
Weather,2,0,36886,0,433,991.9500122070312,998.365234375
Weather,2,0,36886,0,434,991.969970703125,998.4984130859375
Weather,2,0,36886,0,435,992.0,998.4430541992188
Weather,2,0,36886,0,436,992.0599975585938,998.6444091796875
Weather,2,0,36886,0,437,992.0899658203125,998.5565795898438
Weather,2,0,36886,0,438,992.1599731445312,998.5664672851562
Weather,2,0,36886,0,439,992.1699829101562,998.5234375
Weather,2,0,36886,0,440,992.1400146484375,998.6337280273438
Weather,2,0,36886,0,441,992.1900024414062,998.705078125
Weather,2,0,36886,0,442,992.25,998.373291015625
Weather,2,0,36886,0,443,992.3699951171875,998.452880859375
Weather,2,0,36886,0,444,992.4600219726562,998.9506225585938
Weather,2,0,36886,0,445,992.510009765625,999.244140625
Weather,2,0,36886,0,446,992.5700073242188,998.7694091796875
Weather,2,0,36886,0,447,992.5899658203125,998.46240234375
Weather,2,0,36886,0,448,992.5700073242188,998.7926635742188
Weather,2,0,36886,0,449,992.5399780273438,999.1158447265625
Weather,2,0,36886,0,450,992.5599975585938,998.609130859375
Weather,2,0,36886,0,451,992.6500244140625,998.307861328125
Weather,2,0,36886,0,452,992.6699829101562,998.829833984375
Weather,2,0,36886,0,453,992.6900024414062,998.7752685546875
Weather,2,0,36886,0,454,992.7100219726562,998.9044799804688
Weather,2,0,36886,0,455,992.7000122070312,998.7724609375
Weather,2,0,36886,0,456,992.6900024414062,998.645263671875
Weather,2,0,36886,0,457,992.6900024414062,998.28076171875
Weather,2,0,36886,0,458,992.6599731445312,998.3136596679688
Weather,2,0,36886,0,459,992.5999755859375,998.6426391601562
Weather,2,0,36886,0,460,992.5700073242188,998.5281372070312
Weather,2,0,36886,0,461,992.6400146484375,998.3104248046875
Weather,2,0,36886,0,462,992.5800170898438,997.8948364257812
Weather,2,0,36886,0,463,992.489990234375,998.1434326171875
Weather,2,0,36886,0,464,992.4299926757812,997.9974365234375
Weather,2,0,36886,0,465,992.4000244140625,998.423828125
Weather,2,0,36886,0,466,992.3699951171875,997.9189453125
Weather,2,0,36886,0,467,992.2899780273438,997.6954345703125
Weather,2,0,36886,0,468,992.1599731445312,997.678955078125
Weather,2,0,36886,0,469,992.0999755859375,997.4669189453125
Weather,2,0,36886,0,470,991.989990234375,997.0885620117188
Weather,2,0,36886,0,471,991.8800048828125,997.2833862304688
Weather,2,0,36886,0,472,991.8200073242188,997.2674560546875
Weather,2,0,36886,0,473,991.77001953125,997.1837158203125
Weather,2,0,36886,0,474,991.719970703125,997.0274658203125
Weather,2,0,36886,0,475,991.7100219726562,996.8876342773438
Weather,2,0,36886,0,476,991.6500244140625,996.556640625
Weather,2,0,36886,0,477,991.5800170898438,996.896728515625
Weather,2,0,36886,0,478,991.489990234375,996.6675415039062
Weather,2,0,36886,0,479,991.4199829101562,996.8462524414062
Weather,2,0,36886,0,480,991.3499755859375,996.5823364257812
Weather,2,0,36886,0,481,991.2999877929688,996.7583618164062
Weather,2,0,36886,0,482,991.239990234375,996.8165283203125
Weather,2,0,36886,0,483,991.1900024414062,996.2971801757812
Weather,2,0,36886,0,484,991.1699829101562,996.0420532226562
Weather,2,0,36886,0,485,991.1300048828125,996.5679931640625
Weather,2,0,36886,0,486,991.1300048828125,995.8822631835938
Weather,2,0,36886,0,487,991.010009765625,995.802001953125
Weather,2,0,36886,0,488,991.0,995.8379516601562
Weather,2,0,36886,0,489,990.989990234375,995.5841674804688
Weather,2,0,36886,0,490,990.989990234375,995.9614868164062
Weather,2,0,36886,0,491,990.969970703125,995.9702758789062
Weather,2,0,36886,0,492,990.9400024414062,995.7625122070312
Weather,2,0,36886,0,493,990.9600219726562,995.3723754882812
Weather,2,0,36886,0,494,990.9500122070312,995.134521484375
Weather,2,0,36886,0,495,990.9199829101562,995.7185668945312
Weather,2,0,36886,0,496,990.9099731445312,995.2674560546875
Weather,2,0,36886,0,497,990.8900146484375,995.2706909179688
Weather,2,0,36886,0,498,990.9000244140625,995.2667236328125
Weather,2,0,36886,0,499,990.8900146484375,995.1181640625
Weather,2,0,36886,0,500,990.8699951171875,995.078857421875
Weather,2,0,36886,0,501,990.8699951171875,995.298583984375
Weather,2,0,36886,0,502,990.8699951171875,995.50732421875
Weather,2,0,36886,0,503,990.8499755859375,995.5592651367188
Weather,2,0,36886,0,504,990.8499755859375,995.6406860351562
Weather,2,0,36886,0,505,990.8800048828125,995.23779296875
Weather,2,0,36886,0,506,990.9400024414062,995.3995971679688
Weather,2,0,36886,0,507,990.9199829101562,995.5011596679688
Weather,2,0,36886,0,508,990.9199829101562,995.7734375
Weather,2,0,36886,0,509,990.97998046875,995.7098388671875
Weather,2,0,36886,0,510,991.0,995.8331909179688
Weather,2,0,36886,0,511,990.97998046875,995.8392944335938
Weather,2,0,36886,0,512,991.010009765625,995.7255859375
Weather,2,0,36886,0,513,991.0700073242188,995.7212524414062
Weather,2,0,36886,0,514,991.1300048828125,995.6506958007812
Weather,2,0,36886,0,515,991.25,996.0516967773438
Weather,2,0,36886,0,516,991.3699951171875,996.2426147460938
Weather,2,0,36886,0,517,991.5,996.4420166015625
Weather,2,0,36886,0,518,991.5800170898438,996.1119995117188
Weather,2,0,36886,0,519,991.6199951171875,996.2823486328125
Weather,2,0,36886,0,520,991.6900024414062,995.88525390625
Weather,2,0,36886,0,521,991.739990234375,996.6050415039062
Weather,2,0,36886,0,522,991.8099975585938,996.6502685546875
Weather,2,0,36886,0,523,992.02001953125,996.2435302734375
Weather,2,0,36886,0,524,992.1500244140625,996.4714965820312
Weather,2,0,36886,0,525,992.2999877929688,996.6714477539062
Weather,2,0,36886,0,526,992.3599853515625,996.73583984375
Weather,2,0,36886,0,527,992.469970703125,997.513427734375
Weather,2,0,36886,0,528,992.52001953125,996.7154541015625
Weather,2,0,36886,0,529,992.6599731445312,996.9721069335938
Weather,2,0,36886,0,530,992.8499755859375,997.0204467773438
Weather,2,0,36886,0,531,993.0999755859375,996.4027709960938
Weather,2,0,36886,0,532,993.3399658203125,997.2471313476562
Weather,2,0,36886,0,533,993.52001953125,997.0573120117188
Weather,2,0,36886,0,534,993.739990234375,996.7201538085938
Weather,2,0,36886,0,535,993.97998046875,997.2304077148438
Weather,2,0,36886,0,536,994.2100219726562,997.6620483398438
Weather,2,0,36886,0,537,994.27001953125,997.1735229492188
Weather,2,0,36886,0,538,994.3800048828125,996.783935546875
Weather,2,0,36886,0,539,994.5,996.80517578125
Weather,2,0,36886,0,540,994.6300048828125,997.0855102539062
Weather,2,0,36886,0,541,994.7899780273438,997.1475219726562
Weather,2,0,36886,0,542,995.0,996.9553833007812
Weather,2,0,36886,0,543,995.1599731445312,997.4922485351562
Weather,2,0,36886,0,544,995.2899780273438,997.5134887695312
Weather,2,0,36886,0,545,995.3900146484375,997.2686157226562
Weather,2,0,36886,0,546,995.489990234375,997.4183959960938
Weather,2,0,36886,0,547,995.5999755859375,997.707275390625
Weather,2,0,36886,0,548,995.6599731445312,997.8729858398438
Weather,2,0,36886,0,549,995.72998046875,997.2391357421875
Weather,2,0,36886,0,550,995.8699951171875,997.046142578125
Weather,2,0,36886,0,551,995.9400024414062,997.3876342773438
Weather,2,0,36886,0,552,996.0700073242188,997.3743286132812
Weather,2,0,36886,0,553,996.0700073242188,997.8505249023438
Weather,2,0,36886,0,554,996.010009765625,997.60400390625
Weather,2,0,36886,0,555,996.0899658203125,997.7410888671875
Weather,2,0,36886,0,556,996.219970703125,997.6005859375
Weather,2,0,36886,0,557,996.22998046875,997.3746948242188
Weather,2,0,36886,0,558,996.2799682617188,997.701904296875
Weather,2,0,36886,0,559,996.3599853515625,997.6218872070312
Weather,2,0,36886,0,560,996.3499755859375,997.6594848632812
Weather,2,0,36886,0,561,996.3900146484375,997.9879150390625
Weather,2,0,36886,0,562,996.4500122070312,997.5363159179688
Weather,2,0,36886,0,563,996.5800170898438,997.534423828125
Weather,2,0,36886,0,564,996.6900024414062,997.7484741210938
Weather,2,0,36886,0,565,996.739990234375,997.7896728515625
Weather,2,0,36886,0,566,996.8099975585938,997.6541748046875
Weather,2,0,36886,0,567,996.8399658203125,998.0767822265625
Weather,2,0,36886,0,568,996.8699951171875,997.6098022460938
Weather,2,0,36886,0,569,996.8699951171875,997.8688354492188
Weather,2,0,36886,0,570,996.9500122070312,997.9721069335938
Weather,2,0,36886,0,571,997.0599975585938,997.9288330078125
Weather,2,0,36886,0,572,997.0999755859375,997.9110717773438
Weather,2,0,36886,0,573,997.1699829101562,998.0750732421875
Weather,2,0,36886,0,574,997.3699951171875,997.9452514648438
Weather,2,0,36886,0,575,997.47998046875,997.8482666015625
Weather,2,0,36886,0,576,997.47998046875,997.9258422851562
Weather,2,0,36886,0,577,997.6199951171875,997.6320190429688
Weather,2,0,36886,0,578,997.77001953125,997.6334838867188
Weather,2,0,36886,0,579,997.9600219726562,997.8438720703125
Weather,2,0,36886,0,580,998.0399780273438,998.260009765625
Weather,2,0,36886,0,581,998.1400146484375,997.9375610351562
Weather,2,0,36886,0,582,998.260009765625,998.0107421875
Weather,2,0,36886,0,583,998.3900146484375,997.95263671875
Weather,2,0,36886,0,584,998.5700073242188,997.9144897460938
Weather,2,0,36886,0,585,998.6799926757812,997.8212280273438
Weather,2,0,36886,0,586,998.9000244140625,997.9923706054688
Weather,2,0,36886,0,587,999.0399780273438,998.0127563476562
Weather,2,0,36886,0,588,999.0999755859375,998.0271606445312
Weather,2,0,36886,0,589,999.2000122070312,998.0538940429688
Weather,2,0,36886,0,590,999.4199829101562,998.4105834960938
Weather,2,0,36886,0,591,999.5700073242188,998.3048706054688
Weather,2,0,36886,0,592,999.719970703125,997.72802734375
Weather,2,0,36886,0,593,999.8900146484375,998.037841796875
Weather,2,0,36886,0,594,999.9099731445312,997.7715454101562
Weather,2,0,36886,0,595,1000.0599975585938,998.19189453125
Weather,2,0,36886,0,596,1000.25,997.7465209960938
Weather,2,0,36886,0,597,1000.3800048828125,997.615478515625
Weather,2,0,36886,0,598,1000.52001953125,997.8656005859375
Weather,2,0,36886,0,599,1000.6500244140625,997.7509765625
Weather,2,0,36886,0,600,1000.7100219726562,997.8361206054688
Weather,2,0,36886,0,601,1000.719970703125,997.4544067382812
Weather,2,0,36886,0,602,1000.7899780273438,997.4968872070312
Weather,2,0,36886,0,603,1000.8399658203125,997.4777221679688
Weather,2,0,36886,0,604,1000.8200073242188,997.7146606445312
Weather,2,0,36886,0,605,1000.9199829101562,997.504150390625
Weather,2,0,36886,0,606,1000.9600219726562,997.1862182617188
Weather,2,0,36886,0,607,1000.9500122070312,997.3162231445312
Weather,2,0,36886,0,608,1000.9600219726562,997.2745361328125
Weather,2,0,36886,0,609,1000.9000244140625,997.2744140625
Weather,2,0,36886,0,610,1000.8499755859375,997.3950805664062
Weather,2,0,36886,0,611,1000.8200073242188,997.15087890625
Weather,2,0,36886,0,612,1000.8399658203125,996.9307250976562
Weather,2,0,36886,0,613,1000.760009765625,997.2945556640625
Weather,2,0,36886,0,614,1000.7100219726562,997.0296630859375
Weather,2,0,36886,0,615,1000.7000122070312,996.6607055664062
Weather,2,0,36886,0,616,1000.719970703125,996.6353759765625
Weather,2,0,36886,0,617,1000.7899780273438,996.4542236328125
Weather,2,0,36886,0,618,1000.8499755859375,996.1336059570312
Weather,2,0,36886,0,619,1000.9500122070312,996.3432006835938
Weather,2,0,36886,0,620,1000.9500122070312,996.2572631835938
Weather,2,0,36886,0,621,1000.9099731445312,996.375244140625
Weather,2,0,36886,0,622,1000.8599853515625,995.8497314453125
Weather,2,0,36886,0,623,1000.8399658203125,995.7962646484375
Weather,2,0,36886,0,624,1000.7999877929688,995.5736694335938
Weather,2,0,36886,0,625,1000.7799682617188,995.4777221679688
Weather,2,0,36886,0,626,1000.7999877929688,995.3883666992188
Weather,2,0,36886,0,627,1000.8200073242188,995.2781982421875
Weather,2,0,36886,0,628,1000.7999877929688,995.3842163085938
Weather,2,0,36886,0,629,1000.739990234375,995.4505004882812
Weather,2,0,36886,0,630,1000.739990234375,995.3552856445312
Weather,2,0,36886,0,631,1000.7000122070312,994.9367065429688
Weather,2,0,36886,0,632,1000.6400146484375,994.8533325195312
Weather,2,0,36886,0,633,1000.5800170898438,995.228759765625
Weather,2,0,36886,0,634,1000.4299926757812,995.2694702148438
Weather,2,0,36886,0,635,1000.4199829101562,995.0964965820312
Weather,2,0,36886,0,636,1000.3399658203125,994.6339721679688
Weather,2,0,36886,0,637,1000.3800048828125,994.8331298828125
Weather,2,0,36886,0,638,1000.3300170898438,994.9188842773438
Weather,2,0,36886,0,639,1000.3499755859375,994.8116455078125
Weather,2,0,36886,0,640,1000.3399658203125,994.9176025390625
Weather,2,0,36886,0,641,1000.3499755859375,994.7789916992188
Weather,2,0,36886,0,642,1000.3399658203125,994.6670532226562
Weather,2,0,36886,0,643,1000.4000244140625,994.7885131835938
Weather,2,0,36886,0,644,1000.4400024414062,994.9832153320312
Weather,2,0,36886,0,645,1000.4400024414062,994.5346069335938
Weather,2,0,36886,0,646,1000.5399780273438,994.472900390625
Weather,2,0,36886,0,647,1000.5299682617188,994.6261596679688
Weather,2,0,36886,0,648,1000.5700073242188,994.6245727539062
Weather,2,0,36886,0,649,1000.52001953125,994.5094604492188
Weather,2,0,36886,0,650,1000.5399780273438,994.5611572265625
Weather,2,0,36886,0,651,1000.5599975585938,994.8728637695312
Weather,2,0,36886,0,652,1000.6099853515625,994.7774047851562
Weather,2,0,36886,0,653,1000.75,994.916748046875
Weather,2,0,36886,0,654,1000.8099975585938,994.906494140625
Weather,2,0,36886,0,655,1000.9400024414062,994.78369140625
Weather,2,0,36886,0,656,1001.0399780273438,995.0391845703125
Weather,2,0,36886,0,657,1001.1500244140625,995.1640014648438
Weather,2,0,36886,0,658,1001.1199951171875,995.0929565429688
Weather,2,0,36886,0,659,1001.0399780273438,995.2299194335938
Weather,2,0,36886,0,660,1001.0499877929688,994.9979248046875
Weather,2,0,36886,0,661,1001.0299682617188,995.67578125
Weather,2,0,36886,0,662,1001.0700073242188,994.9674072265625
Weather,2,0,36886,0,663,1001.1500244140625,995.6788330078125
Weather,2,0,36886,0,664,1001.1400146484375,995.5180053710938
Weather,2,0,36886,0,665,1001.2100219726562,995.5178833007812
Weather,2,0,36886,0,666,1001.2899780273438,995.4061889648438
Weather,2,0,36886,0,667,1001.3699951171875,995.5311279296875
Weather,2,0,36886,0,668,1001.469970703125,995.4292602539062
Weather,2,0,36886,0,669,1001.469970703125,995.688720703125
Weather,2,0,36886,0,670,1001.5599975585938,995.8238525390625
Weather,2,0,36886,0,671,1001.6500244140625,995.3900146484375
Weather,2,0,36886,0,672,1001.760009765625,995.8939819335938
Weather,2,0,36886,0,673,1001.8499755859375,995.6372680664062
Weather,2,0,36886,0,674,1001.8200073242188,996.196533203125
Weather,2,0,36886,0,675,1001.9299926757812,996.4896850585938
Weather,2,0,36886,0,676,1002.02001953125,996.0770263671875
Weather,2,0,36886,0,677,1002.0299682617188,996.1345825195312
Weather,2,0,36886,0,678,1002.0599975585938,996.3096923828125
Weather,2,0,36886,0,679,1002.0299682617188,996.6090698242188
Weather,2,0,36886,0,680,1002.0,996.3749389648438
Weather,2,0,36886,0,681,1002.0,996.6070556640625
Weather,2,0,36886,0,682,1002.0,996.5218505859375
Weather,2,0,36886,0,683,1001.9600219726562,996.85546875
Weather,2,0,36886,0,684,1001.9400024414062,996.67529296875
Weather,2,0,36886,0,685,1001.9299926757812,996.9547119140625
Weather,2,0,36886,0,686,1001.9099731445312,996.6692504882812
Weather,2,0,36886,0,687,1001.8200073242188,996.6473999023438
Weather,2,0,36886,0,688,1001.77001953125,996.850830078125
Weather,2,0,36886,0,689,1001.6900024414062,996.8260498046875
Weather,2,0,36886,0,690,1001.77001953125,996.597900390625
Weather,2,0,36886,0,691,1001.77001953125,997.2777709960938
Weather,2,0,36886,0,692,1001.8200073242188,996.6033325195312
Weather,2,0,36886,0,693,1001.8399658203125,996.7430419921875
Weather,2,0,36886,0,694,1001.77001953125,996.7662353515625
Weather,2,0,36886,0,695,1001.6799926757812,997.0635375976562
Weather,2,0,36886,0,696,1001.6699829101562,996.8551635742188
Weather,2,0,36886,0,697,1001.739990234375,997.1127319335938
Weather,2,0,36886,0,698,1001.7999877929688,997.0885009765625
Weather,2,0,36886,0,699,1001.7999877929688,996.945556640625
Weather,2,0,36886,0,700,1001.72998046875,996.7261352539062
Weather,2,0,36886,0,701,1001.5700073242188,997.1657104492188
Weather,2,0,36886,0,702,1001.4600219726562,997.1032104492188
Weather,2,0,36886,0,703,1001.489990234375,996.7630004882812
Weather,2,0,36886,0,704,1001.3800048828125,997.1611328125
Weather,2,0,36886,0,705,1001.25,996.5449829101562
Weather,2,0,36886,0,706,1001.1699829101562,996.9774169921875
Weather,2,0,36886,0,707,1001.1300048828125,997.1389770507812
Weather,2,0,36886,0,708,1001.1300048828125,997.0625610351562
Weather,2,0,36886,0,709,1001.1500244140625,996.7478637695312
Weather,2,0,36886,0,710,1001.1599731445312,996.9312133789062
Weather,2,0,36886,0,711,1001.1900024414062,996.6238403320312
Weather,2,0,36886,0,712,1001.22998046875,996.7565307617188
Weather,2,0,36886,0,713,1001.27001953125,997.2153930664062
Weather,2,0,36886,0,714,1001.3300170898438,997.0283813476562
Weather,2,0,36886,0,715,1001.260009765625,996.9470825195312
Weather,2,0,36886,0,716,1001.239990234375,997.0782470703125
Weather,2,0,36886,0,717,1001.25,996.8253173828125
Weather,2,0,36886,0,718,1001.3200073242188,996.8942260742188
Weather,2,0,36886,0,719,1001.3200073242188,996.9426879882812
Weather,2,0,36886,0,720,1001.3200073242188,997.158203125
ECL,1,222,18633,0,1,8.0,2.882913589477539
ECL,1,222,18633,0,2,7.0,3.281492233276367
ECL,1,222,18633,0,3,7.0,6.478973388671875
ECL,1,222,18633,0,4,7.0,7.121845245361328
ECL,1,222,18633,0,5,6.0,7.296939849853516
ECL,1,222,18633,0,6,9.999999046325684,9.932372093200684
ECL,1,222,18633,0,7,8.0,8.191886901855469
ECL,1,222,18633,0,8,9.0,7.106208801269531
ECL,1,222,18633,0,9,9.0,7.951953887939453
ECL,1,222,18633,0,10,10.999999046325684,9.608360290527344
ECL,1,222,18633,0,11,10.999999046325684,9.488799095153809
ECL,1,222,18633,0,12,9.999999046325684,9.572617530822754
ECL,1,222,18633,0,13,10.999999046325684,9.931150436401367
ECL,1,222,18633,0,14,10.999999046325684,9.73647403717041
ECL,1,222,18633,0,15,10.999999046325684,10.180359840393066
ECL,1,222,18633,0,16,11.999999046325684,9.79497241973877
ECL,1,222,18633,0,17,10.999999046325684,10.05493450164795
ECL,1,222,18633,0,18,10.999999046325684,9.199769973754883
ECL,1,222,18633,0,19,9.999999046325684,9.471972465515137
ECL,1,222,18633,0,20,11.999999046325684,9.655957221984863
ECL,1,222,18633,0,21,9.999999046325684,9.184553146362305
ECL,1,222,18633,0,22,10.999999046325684,7.63580322265625
ECL,1,222,18633,0,23,7.0,6.055751800537109
ECL,1,222,18633,0,24,6.0,16.291366577148438
ECL,1,222,18633,0,25,4.0,7.146854400634766
ECL,1,222,18633,0,26,6.0,6.88725471496582
ECL,1,222,18633,0,27,7.0,9.703384399414062
ECL,1,222,18633,0,28,4.0,9.652664184570312
ECL,1,222,18633,0,29,7.0,9.25837516784668
ECL,1,222,18633,0,30,8.0,11.575936317443848
ECL,1,222,18633,0,31,9.0,10.372032165527344
ECL,1,222,18633,0,32,4.0,8.515508651733398
ECL,1,222,18633,0,33,8.0,8.881343841552734
ECL,1,222,18633,0,34,9.0,10.098984718322754
ECL,1,222,18633,0,35,9.0,10.843707084655762
ECL,1,222,18633,0,36,9.0,10.685392379760742
ECL,1,222,18633,0,37,9.999999046325684,10.387222290039062
ECL,1,222,18633,0,38,9.0,10.406620979309082
ECL,1,222,18633,0,39,9.999999046325684,11.000264167785645
ECL,1,222,18633,0,40,9.999999046325684,10.779217720031738
ECL,1,222,18633,0,41,9.0,10.604158401489258
ECL,1,222,18633,0,42,9.0,10.290533065795898
ECL,1,222,18633,0,43,9.0,10.40519905090332
ECL,1,222,18633,0,44,9.999999046325684,10.910881042480469
ECL,1,222,18633,0,45,9.0,10.672335624694824
ECL,1,222,18633,0,46,8.0,8.854475021362305
ECL,1,222,18633,0,47,10.999999046325684,8.695930480957031
ECL,1,222,18633,0,48,36.0,21.350622177124023
ECL,1,222,18633,0,49,2.0,12.588530540466309
ECL,1,222,18633,0,50,5.0,12.823203086853027
ECL,1,222,18633,0,51,10.999999046325684,14.078085899353027
ECL,1,222,18633,0,52,13.0,13.036569595336914
ECL,1,222,18633,0,53,16.0,12.181903839111328
ECL,1,222,18633,0,54,17.0,14.449808120727539
ECL,1,222,18633,0,55,11.999999046325684,12.235503196716309
ECL,1,222,18633,0,56,8.0,9.688864707946777
ECL,1,222,18633,0,57,8.0,9.630868911743164
ECL,1,222,18633,0,58,9.0,10.032732009887695
ECL,1,222,18633,0,59,9.999999046325684,10.65044116973877
ECL,1,222,18633,0,60,9.999999046325684,11.001396179199219
ECL,1,222,18633,0,61,9.999999046325684,11.346150398254395
ECL,1,222,18633,0,62,9.0,11.129555702209473
ECL,1,222,18633,0,63,9.999999046325684,11.00582218170166
ECL,1,222,18633,0,64,10.999999046325684,10.964756965637207
ECL,1,222,18633,0,65,9.0,10.676596641540527
ECL,1,222,18633,0,66,9.999999046325684,10.664969444274902
ECL,1,222,18633,0,67,10.999999046325684,10.494721412658691
ECL,1,222,18633,0,68,9.0,10.276415824890137
ECL,1,222,18633,0,69,9.999999046325684,10.00110149383545
ECL,1,222,18633,0,70,8.0,9.633915901184082
ECL,1,222,18633,0,71,13.0,10.144383430480957
ECL,1,222,18633,0,72,11.999999046325684,24.1934757232666
ECL,1,222,18633,0,73,23.0,15.230372428894043
ECL,1,222,18633,0,74,11.999999046325684,14.443068504333496
ECL,1,222,18633,0,75,16.0,15.871408462524414
ECL,1,222,18633,0,76,13.0,14.88036060333252
ECL,1,222,18633,0,77,13.0,13.748710632324219
ECL,1,222,18633,0,78,14.0,16.03375244140625
ECL,1,222,18633,0,79,11.999999046325684,12.772311210632324
ECL,1,222,18633,0,80,9.0,9.748927116394043
ECL,1,222,18633,0,81,8.0,9.337906837463379
ECL,1,222,18633,0,82,10.999999046325684,10.53353500366211
ECL,1,222,18633,0,83,10.999999046325684,10.6547269821167
ECL,1,222,18633,0,84,9.999999046325684,11.036993026733398
ECL,1,222,18633,0,85,10.999999046325684,11.186349868774414
ECL,1,222,18633,0,86,10.999999046325684,10.745072364807129
ECL,1,222,18633,0,87,10.999999046325684,10.771739959716797
ECL,1,222,18633,0,88,9.999999046325684,11.626994132995605
ECL,1,222,18633,0,89,10.999999046325684,11.416582107543945
ECL,1,222,18633,0,90,11.999999046325684,10.954120635986328
ECL,1,222,18633,0,91,9.999999046325684,10.886358261108398
ECL,1,222,18633,0,92,10.999999046325684,10.417969703674316
ECL,1,222,18633,0,93,10.999999046325684,10.452345848083496
ECL,1,222,18633,0,94,9.999999046325684,10.605180740356445
ECL,1,222,18633,0,95,9.999999046325684,11.899073600769043
ECL,1,222,18633,0,96,14.999999046325684,23.951318740844727
ECL,1,222,18633,0,97,10.999999046325684,14.367427825927734
ECL,1,222,18633,0,98,11.999999046325684,12.400829315185547
ECL,1,222,18633,0,99,6.0,14.345200538635254
ECL,1,222,18633,0,100,8.0,13.428006172180176
ECL,1,222,18633,0,101,9.0,12.306255340576172
ECL,1,222,18633,0,102,18.0,13.93635082244873
ECL,1,222,18633,0,103,9.999999046325684,11.164924621582031
ECL,1,222,18633,0,104,11.999999046325684,8.576705932617188
ECL,1,222,18633,0,105,9.999999046325684,8.873922348022461
ECL,1,222,18633,0,106,13.0,10.95934772491455
ECL,1,222,18633,0,107,13.0,11.013683319091797
ECL,1,222,18633,0,108,11.999999046325684,11.351164817810059
ECL,1,222,18633,0,109,11.999999046325684,11.961030960083008
ECL,1,222,18633,0,110,13.0,11.813802719116211
ECL,1,222,18633,0,111,13.0,11.593145370483398
ECL,1,222,18633,0,112,11.999999046325684,11.399632453918457
ECL,1,222,18633,0,113,13.0,10.952754020690918
ECL,1,222,18633,0,114,11.999999046325684,10.52141284942627
ECL,1,222,18633,0,115,13.0,9.665504455566406
ECL,1,222,18633,0,116,11.999999046325684,9.762322425842285
ECL,1,222,18633,0,117,13.0,10.677501678466797
ECL,1,222,18633,0,118,10.999999046325684,11.114045143127441
ECL,1,222,18633,0,119,9.0,12.590295791625977
ECL,1,222,18633,0,120,11.999999046325684,25.011215209960938
ECL,1,222,18633,0,121,4.0,14.96495532989502
ECL,1,222,18633,0,122,9.0,13.357069969177246
ECL,1,222,18633,0,123,10.999999046325684,15.125042915344238
ECL,1,222,18633,0,124,9.0,14.03243350982666
ECL,1,222,18633,0,125,8.0,13.09591293334961
ECL,1,222,18633,0,126,19.0,14.768903732299805
ECL,1,222,18633,0,127,14.0,12.137377738952637
ECL,1,222,18633,0,128,10.999999046325684,9.652999877929688
ECL,1,222,18633,0,129,9.999999046325684,9.41970443725586
ECL,1,222,18633,0,130,10.999999046325684,10.782150268554688
ECL,1,222,18633,0,131,10.999999046325684,10.593262672424316
ECL,1,222,18633,0,132,11.999999046325684,10.415457725524902
ECL,1,222,18633,0,133,10.999999046325684,10.208252906799316
ECL,1,222,18633,0,134,10.999999046325684,9.656901359558105
ECL,1,222,18633,0,135,10.999999046325684,10.520476341247559
ECL,1,222,18633,0,136,11.999999046325684,10.60966682434082
ECL,1,222,18633,0,137,11.999999046325684,11.095026016235352
ECL,1,222,18633,0,138,10.999999046325684,11.02448844909668
ECL,1,222,18633,0,139,11.999999046325684,10.559557914733887
ECL,1,222,18633,0,140,10.999999046325684,11.068626403808594
ECL,1,222,18633,0,141,10.999999046325684,11.94955825805664
ECL,1,222,18633,0,142,10.999999046325684,12.416604042053223
ECL,1,222,18633,0,143,9.0,13.59239387512207
ECL,1,222,18633,0,144,9.999999046325684,25.702640533447266
ECL,1,222,18633,0,145,24.0,14.850022315979004
ECL,1,222,18633,0,146,16.0,13.023290634155273
ECL,1,222,18633,0,147,13.0,13.745991706848145
ECL,1,222,18633,0,148,9.999999046325684,12.92052936553955
ECL,1,222,18633,0,149,9.0,12.061047554016113
ECL,1,222,18633,0,150,20.0,13.808918952941895
ECL,1,222,18633,0,151,13.0,11.029803276062012
ECL,1,222,18633,0,152,10.999999046325684,9.257756233215332
ECL,1,222,18633,0,153,9.0,9.40230655670166
ECL,1,222,18633,0,154,9.999999046325684,11.075831413269043
ECL,1,222,18633,0,155,9.999999046325684,10.92789077758789
ECL,1,222,18633,0,156,10.999999046325684,11.556135177612305
ECL,1,222,18633,0,157,10.999999046325684,11.972373962402344
ECL,1,222,18633,0,158,9.999999046325684,11.245522499084473
ECL,1,222,18633,0,159,10.999999046325684,11.575860977172852
ECL,1,222,18633,0,160,10.999999046325684,11.380995750427246
ECL,1,222,18633,0,161,10.999999046325684,11.175089836120605
ECL,1,222,18633,0,162,9.999999046325684,10.978392601013184
ECL,1,222,18633,0,163,10.999999046325684,10.70197868347168
ECL,1,222,18633,0,164,10.999999046325684,10.413895606994629
ECL,1,222,18633,0,165,10.999999046325684,9.92711067199707
ECL,1,222,18633,0,166,9.0,8.251970291137695
ECL,1,222,18633,0,167,7.0,6.81077766418457
ECL,1,222,18633,0,168,4.0,17.712871551513672
ECL,1,222,18633,0,169,2.0,7.173290252685547
ECL,1,222,18633,0,170,9.999999046325684,5.860540390014648
ECL,1,222,18633,0,171,14.999999046325684,8.111501693725586
ECL,1,222,18633,0,172,11.999999046325684,8.594219207763672
ECL,1,222,18633,0,173,13.0,8.225471496582031
ECL,1,222,18633,0,174,11.999999046325684,11.238113403320312
ECL,1,222,18633,0,175,6.0,9.353747367858887
ECL,1,222,18633,0,176,6.0,8.149957656860352
ECL,1,222,18633,0,177,9.0,9.244827270507812
ECL,1,222,18633,0,178,9.0,10.232667922973633
ECL,1,222,18633,0,179,9.0,10.324151992797852
ECL,1,222,18633,0,180,9.999999046325684,10.851001739501953
ECL,1,222,18633,0,181,9.999999046325684,11.000372886657715
ECL,1,222,18633,0,182,9.999999046325684,10.229331970214844
ECL,1,222,18633,0,183,9.0,10.329009056091309
ECL,1,222,18633,0,184,10.999999046325684,10.401217460632324
ECL,1,222,18633,0,185,9.0,10.232290267944336
ECL,1,222,18633,0,186,9.999999046325684,9.651522636413574
ECL,1,222,18633,0,187,9.999999046325684,9.673501014709473
ECL,1,222,18633,0,188,9.999999046325684,10.151225090026855
ECL,1,222,18633,0,189,9.999999046325684,9.347907066345215
ECL,1,222,18633,0,190,8.0,7.812490463256836
ECL,1,222,18633,0,191,7.0,6.668910980224609
ECL,1,222,18633,0,192,2.0,17.754396438598633
ECL,1,222,18633,0,193,2.0,8.033306121826172
ECL,1,222,18633,0,194,2.0,7.182458877563477
ECL,1,222,18633,0,195,4.0,9.840113639831543
ECL,1,222,18633,0,196,2.0,9.468853950500488
ECL,1,222,18633,0,197,11.999999046325684,9.511588096618652
ECL,1,222,18633,0,198,14.0,11.808627128601074
ECL,1,222,18633,0,199,11.999999046325684,9.77801513671875
ECL,1,222,18633,0,200,9.0,8.283475875854492
ECL,1,222,18633,0,201,8.0,9.475333213806152
ECL,1,222,18633,0,202,9.0,10.80910873413086
ECL,1,222,18633,0,203,9.999999046325684,10.767807006835938
ECL,1,222,18633,0,204,9.999999046325684,10.852923393249512
ECL,1,222,18633,0,205,9.999999046325684,11.429858207702637
ECL,1,222,18633,0,206,9.0,11.090934753417969
ECL,1,222,18633,0,207,10.999999046325684,11.272706031799316
ECL,1,222,18633,0,208,9.999999046325684,11.103341102600098
ECL,1,222,18633,0,209,9.0,10.636639595031738
ECL,1,222,18633,0,210,9.999999046325684,10.84105396270752
ECL,1,222,18633,0,211,10.999999046325684,10.842418670654297
ECL,1,222,18633,0,212,9.0,10.625129699707031
ECL,1,222,18633,0,213,9.999999046325684,10.370421409606934
ECL,1,222,18633,0,214,8.0,8.82235336303711
ECL,1,222,18633,0,215,7.0,9.609623908996582
ECL,1,222,18633,0,216,19.0,21.77509880065918
ECL,1,222,18633,0,217,16.0,12.773161888122559
ECL,1,222,18633,0,218,8.0,12.491558074951172
ECL,1,222,18633,0,219,7.0,14.257424354553223
ECL,1,222,18633,0,220,6.0,13.840872764587402
ECL,1,222,18633,0,221,7.0,12.577042579650879
ECL,1,222,18633,0,222,13.0,14.624685287475586
ECL,1,222,18633,0,223,9.999999046325684,12.021326065063477
ECL,1,222,18633,0,224,10.999999046325684,9.525304794311523
ECL,1,222,18633,0,225,9.999999046325684,9.736076354980469
ECL,1,222,18633,0,226,13.0,11.435172080993652
ECL,1,222,18633,0,227,11.999999046325684,10.800576210021973
ECL,1,222,18633,0,228,14.0,10.957091331481934
ECL,1,222,18633,0,229,13.0,11.493572235107422
ECL,1,222,18633,0,230,11.999999046325684,10.74705982208252
ECL,1,222,18633,0,231,13.0,11.23890495300293
ECL,1,222,18633,0,232,13.0,11.362642288208008
ECL,1,222,18633,0,233,14.0,10.577392578125
ECL,1,222,18633,0,234,11.999999046325684,10.673495292663574
ECL,1,222,18633,0,235,11.999999046325684,10.27226448059082
ECL,1,222,18633,0,236,14.0,10.089686393737793
ECL,1,222,18633,0,237,11.999999046325684,9.88551139831543
ECL,1,222,18633,0,238,10.999999046325684,10.073657989501953
ECL,1,222,18633,0,239,9.0,11.27578067779541
ECL,1,222,18633,0,240,36.0,23.522716522216797
ECL,1,222,18633,0,241,9.999999046325684,14.944280624389648
ECL,1,222,18633,0,242,10.999999046325684,13.751259803771973
ECL,1,222,18633,0,243,9.999999046325684,15.82484245300293
ECL,1,222,18633,0,244,7.0,15.002265930175781
ECL,1,222,18633,0,245,6.0,14.05970573425293
ECL,1,222,18633,0,246,9.999999046325684,15.696903228759766
ECL,1,222,18633,0,247,9.999999046325684,12.787445068359375
ECL,1,222,18633,0,248,9.0,10.257120132446289
ECL,1,222,18633,0,249,9.0,9.625248908996582
ECL,1,222,18633,0,250,10.999999046325684,10.803446769714355
ECL,1,222,18633,0,251,10.999999046325684,10.658931732177734
ECL,1,222,18633,0,252,10.999999046325684,11.092537879943848
ECL,1,222,18633,0,253,10.999999046325684,11.431731224060059
ECL,1,222,18633,0,254,10.999999046325684,11.097973823547363
ECL,1,222,18633,0,255,10.999999046325684,11.084096908569336
ECL,1,222,18633,0,256,11.999999046325684,11.471867561340332
ECL,1,222,18633,0,257,9.999999046325684,11.388111114501953
ECL,1,222,18633,0,258,10.999999046325684,11.554503440856934
ECL,1,222,18633,0,259,11.999999046325684,10.878155708312988
ECL,1,222,18633,0,260,9.999999046325684,10.193073272705078
ECL,1,222,18633,0,261,10.999999046325684,10.035582542419434
ECL,1,222,18633,0,262,9.999999046325684,10.511963844299316
ECL,1,222,18633,0,263,8.0,11.432385444641113
ECL,1,222,18633,0,264,24.0,24.11250877380371
ECL,1,222,18633,0,265,7.0,14.358501434326172
ECL,1,222,18633,0,266,8.0,12.523401260375977
ECL,1,222,18633,0,267,11.999999046325684,13.658426284790039
ECL,1,222,18633,0,268,9.0,12.890278816223145
ECL,1,222,18633,0,269,6.0,12.437010765075684
ECL,1,222,18633,0,270,11.999999046325684,14.38427448272705
ECL,1,222,18633,0,271,11.999999046325684,11.796660423278809
ECL,1,222,18633,0,272,10.999999046325684,9.359368324279785
ECL,1,222,18633,0,273,9.999999046325684,9.394360542297363
ECL,1,222,18633,0,274,14.0,10.662942886352539
ECL,1,222,18633,0,275,11.999999046325684,11.078600883483887
ECL,1,222,18633,0,276,11.999999046325684,11.609196662902832
ECL,1,222,18633,0,277,13.0,11.908227920532227
ECL,1,222,18633,0,278,11.999999046325684,11.218358993530273
ECL,1,222,18633,0,279,11.999999046325684,11.122461318969727
ECL,1,222,18633,0,280,14.0,11.411126136779785
ECL,1,222,18633,0,281,11.999999046325684,11.187853813171387
ECL,1,222,18633,0,282,13.0,10.990877151489258
ECL,1,222,18633,0,283,11.999999046325684,10.206576347351074
ECL,1,222,18633,0,284,14.0,10.329362869262695
ECL,1,222,18633,0,285,11.999999046325684,10.445493698120117
ECL,1,222,18633,0,286,10.999999046325684,10.607691764831543
ECL,1,222,18633,0,287,9.999999046325684,12.767603874206543
ECL,1,222,18633,0,288,7.0,24.445526123046875
ECL,1,222,18633,0,289,37.0,15.276633262634277
ECL,1,222,18633,0,290,16.0,13.301111221313477
ECL,1,222,18633,0,291,21.0,14.523409843444824
ECL,1,222,18633,0,292,14.999999046325684,13.610054016113281
ECL,1,222,18633,0,293,13.0,12.630030632019043
ECL,1,222,18633,0,294,20.0,14.820369720458984
ECL,1,222,18633,0,295,14.999999046325684,12.268440246582031
ECL,1,222,18633,0,296,11.999999046325684,9.923227310180664
ECL,1,222,18633,0,297,9.999999046325684,9.841161727905273
ECL,1,222,18633,0,298,11.999999046325684,10.926494598388672
ECL,1,222,18633,0,299,10.999999046325684,10.253222465515137
ECL,1,222,18633,0,300,10.999999046325684,10.434367179870605
ECL,1,222,18633,0,301,11.999999046325684,10.663171768188477
ECL,1,222,18633,0,302,11.999999046325684,10.074557304382324
ECL,1,222,18633,0,303,10.999999046325684,10.480687141418457
ECL,1,222,18633,0,304,10.999999046325684,10.38339614868164
ECL,1,222,18633,0,305,13.0,10.345697402954102
ECL,1,222,18633,0,306,10.999999046325684,10.276453971862793
ECL,1,222,18633,0,307,11.999999046325684,10.479410171508789
ECL,1,222,18633,0,308,11.999999046325684,10.683228492736816
ECL,1,222,18633,0,309,13.0,11.031357765197754
ECL,1,222,18633,0,310,9.0,11.40116024017334
ECL,1,222,18633,0,311,10.999999046325684,12.660996437072754
ECL,1,222,18633,0,312,13.0,24.64630889892578
ECL,1,222,18633,0,313,18.0,14.763468742370605
ECL,1,222,18633,0,314,9.0,12.511679649353027
ECL,1,222,18633,0,315,21.0,13.7516450881958
ECL,1,222,18633,0,316,14.999999046325684,12.4960298538208
ECL,1,222,18633,0,317,14.999999046325684,11.564454078674316
ECL,1,222,18633,0,318,16.0,13.750535011291504
ECL,1,222,18633,0,319,13.0,11.663905143737793
ECL,1,222,18633,0,320,9.999999046325684,9.48177433013916
ECL,1,222,18633,0,321,9.999999046325684,9.90041732788086
ECL,1,222,18633,0,322,10.999999046325684,10.76828670501709
ECL,1,222,18633,0,323,9.999999046325684,10.488134384155273
ECL,1,222,18633,0,324,11.999999046325684,11.249149322509766
ECL,1,222,18633,0,325,10.999999046325684,11.473061561584473
ECL,1,222,18633,0,326,11.999999046325684,11.054289817810059
ECL,1,222,18633,0,327,9.999999046325684,11.272445678710938
ECL,1,222,18633,0,328,11.999999046325684,11.603109359741211
ECL,1,222,18633,0,329,11.999999046325684,10.995207786560059
ECL,1,222,18633,0,330,10.999999046325684,10.989845275878906
ECL,1,222,18633,0,331,10.999999046325684,10.563481330871582
ECL,1,222,18633,0,332,11.999999046325684,10.072103500366211
ECL,1,222,18633,0,333,10.999999046325684,9.307897567749023
ECL,1,222,18633,0,334,9.999999046325684,7.853681564331055
ECL,1,222,18633,0,335,9.0,7.451082229614258
ECL,1,222,18633,0,336,9.0,17.799060821533203
ECL,1,222,18633,0,337,8.0,7.644309997558594
ECL,1,222,18633,0,338,9.0,6.21270751953125
ECL,1,222,18633,0,339,9.0,8.43264389038086
ECL,1,222,18633,0,340,8.0,7.859098434448242
ECL,1,222,18633,0,341,9.0,7.936342239379883
ECL,1,222,18633,0,342,11.999999046325684,11.315632820129395
ECL,1,222,18633,0,343,9.0,9.488568305969238
ECL,1,222,18633,0,344,9.0,8.107721328735352
ECL,1,222,18633,0,345,10.999999046325684,8.813274383544922
ECL,1,222,18633,0,346,10.999999046325684,10.00649642944336
ECL,1,222,18633,0,347,10.999999046325684,9.820631980895996
ECL,1,222,18633,0,348,11.999999046325684,10.487587928771973
ECL,1,222,18633,0,349,10.999999046325684,11.009078025817871
ECL,1,222,18633,0,350,10.999999046325684,10.472973823547363
ECL,1,222,18633,0,351,13.0,11.149669647216797
ECL,1,222,18633,0,352,10.999999046325684,10.906963348388672
ECL,1,222,18633,0,353,10.999999046325684,10.61257553100586
ECL,1,222,18633,0,354,11.999999046325684,10.328701972961426
ECL,1,222,18633,0,355,10.999999046325684,10.223685264587402
ECL,1,222,18633,0,356,11.999999046325684,9.818038940429688
ECL,1,222,18633,0,357,10.999999046325684,8.96065902709961
ECL,1,222,18633,0,358,10.999999046325684,7.325004577636719
ECL,1,222,18633,0,359,8.0,6.353982925415039
ECL,1,222,18633,0,360,6.0,16.696012496948242
ECL,1,222,18633,0,361,8.0,7.781255722045898
ECL,1,222,18633,0,362,9.0,6.925809860229492
ECL,1,222,18633,0,363,9.0,9.705232620239258
ECL,1,222,18633,0,364,9.999999046325684,9.656658172607422
ECL,1,222,18633,0,365,9.0,9.48189926147461
ECL,1,222,18633,0,366,9.0,11.588233947753906
ECL,1,222,18633,0,367,9.999999046325684,9.939550399780273
ECL,1,222,18633,0,368,6.0,8.332649230957031
ECL,1,222,18633,0,369,8.0,9.057689666748047
ECL,1,222,18633,0,370,9.0,10.243948936462402
ECL,1,222,18633,0,371,9.999999046325684,10.48326587677002
ECL,1,222,18633,0,372,9.999999046325684,10.647201538085938
ECL,1,222,18633,0,373,9.999999046325684,11.18641471862793
ECL,1,222,18633,0,374,9.0,11.079087257385254
ECL,1,222,18633,0,375,10.999999046325684,11.365437507629395
ECL,1,222,18633,0,376,9.0,11.350860595703125
ECL,1,222,18633,0,377,9.999999046325684,10.970751762390137
ECL,1,222,18633,0,378,9.999999046325684,10.430196762084961
ECL,1,222,18633,0,379,9.999999046325684,10.296082496643066
ECL,1,222,18633,0,380,9.999999046325684,10.114981651306152
ECL,1,222,18633,0,381,9.0,10.173858642578125
ECL,1,222,18633,0,382,8.0,8.726799011230469
ECL,1,222,18633,0,383,10.999999046325684,9.596996307373047
ECL,1,222,18633,0,384,75.0,20.98834228515625
ECL,1,222,18633,0,385,14.999999046325684,12.661959648132324
ECL,1,222,18633,0,386,25.0,11.8682222366333
ECL,1,222,18633,0,387,19.0,14.446659088134766
ECL,1,222,18633,0,388,17.0,13.726263046264648
ECL,1,222,18633,0,389,14.0,13.028836250305176
ECL,1,222,18633,0,390,14.999999046325684,13.986553192138672
ECL,1,222,18633,0,391,10.999999046325684,11.414922714233398
ECL,1,222,18633,0,392,8.0,9.114167213439941
ECL,1,222,18633,0,393,6.0,9.47470760345459
ECL,1,222,18633,0,394,9.999999046325684,10.595478057861328
ECL,1,222,18633,0,395,9.999999046325684,10.27951431274414
ECL,1,222,18633,0,396,9.999999046325684,10.941515922546387
ECL,1,222,18633,0,397,9.999999046325684,10.999348640441895
ECL,1,222,18633,0,398,9.0,10.958396911621094
ECL,1,222,18633,0,399,10.999999046325684,11.42263126373291
ECL,1,222,18633,0,400,9.999999046325684,11.423418998718262
ECL,1,222,18633,0,401,9.0,11.297974586486816
ECL,1,222,18633,0,402,9.999999046325684,10.266683578491211
ECL,1,222,18633,0,403,9.999999046325684,10.185254096984863
ECL,1,222,18633,0,404,9.999999046325684,9.554527282714844
ECL,1,222,18633,0,405,9.0,9.845059394836426
ECL,1,222,18633,0,406,7.0,9.560748100280762
ECL,1,222,18633,0,407,11.999999046325684,10.966659545898438
ECL,1,222,18633,0,408,45.0,22.901565551757812
ECL,1,222,18633,0,409,38.0,15.04104232788086
ECL,1,222,18633,0,410,52.0,13.989152908325195
ECL,1,222,18633,0,411,20.0,15.514690399169922
ECL,1,222,18633,0,412,14.999999046325684,14.792338371276855
ECL,1,222,18633,0,413,14.999999046325684,13.46957778930664
ECL,1,222,18633,0,414,11.999999046325684,14.578787803649902
ECL,1,222,18633,0,415,6.0,12.046126365661621
ECL,1,222,18633,0,416,6.0,9.732081413269043
ECL,1,222,18633,0,417,8.0,9.811808586120605
ECL,1,222,18633,0,418,9.0,10.477625846862793
ECL,1,222,18633,0,419,9.999999046325684,10.429245948791504
ECL,1,222,18633,0,420,9.0,10.81814956665039
ECL,1,222,18633,0,421,9.999999046325684,11.279974937438965
ECL,1,222,18633,0,422,9.0,10.96631908416748
ECL,1,222,18633,0,423,9.999999046325684,11.27047348022461
ECL,1,222,18633,0,424,9.999999046325684,11.658320426940918
ECL,1,222,18633,0,425,9.0,11.584508895874023
ECL,1,222,18633,0,426,9.999999046325684,11.118395805358887
ECL,1,222,18633,0,427,9.999999046325684,10.495729446411133
ECL,1,222,18633,0,428,9.0,9.876026153564453
ECL,1,222,18633,0,429,9.999999046325684,9.895223617553711
ECL,1,222,18633,0,430,8.0,9.954512596130371
ECL,1,222,18633,0,431,8.0,10.939257621765137
ECL,1,222,18633,0,432,56.0,23.019155502319336
ECL,1,222,18633,0,433,5.0,13.80840015411377
ECL,1,222,18633,0,434,8.0,12.370058059692383
ECL,1,222,18633,0,435,20.0,13.640068054199219
ECL,1,222,18633,0,436,20.0,12.50248908996582
ECL,1,222,18633,0,437,16.0,12.523463249206543
ECL,1,222,18633,0,438,19.0,13.809164047241211
ECL,1,222,18633,0,439,13.0,11.590394973754883
ECL,1,222,18633,0,440,8.0,8.996362686157227
ECL,1,222,18633,0,441,8.0,9.47220230102539
ECL,1,222,18633,0,442,9.0,9.953256607055664
ECL,1,222,18633,0,443,9.999999046325684,10.276607513427734
ECL,1,222,18633,0,444,9.999999046325684,11.051786422729492
ECL,1,222,18633,0,445,9.999999046325684,11.093636512756348
ECL,1,222,18633,0,446,9.0,11.010689735412598
ECL,1,222,18633,0,447,9.999999046325684,11.186064720153809
ECL,1,222,18633,0,448,10.999999046325684,11.149648666381836
ECL,1,222,18633,0,449,9.0,11.078180313110352
ECL,1,222,18633,0,450,9.999999046325684,10.676517486572266
ECL,1,222,18633,0,451,9.999999046325684,10.191377639770508
ECL,1,222,18633,0,452,9.999999046325684,9.840754508972168
ECL,1,222,18633,0,453,9.999999046325684,10.542949676513672
ECL,1,222,18633,0,454,6.0,10.767183303833008
ECL,1,222,18633,0,455,7.0,12.362881660461426
ECL,1,222,18633,0,456,20.0,23.900497436523438
ECL,1,222,18633,0,457,2.0,14.806768417358398
ECL,1,222,18633,0,458,8.0,13.153244018554688
ECL,1,222,18633,0,459,14.0,14.575346946716309
ECL,1,222,18633,0,460,17.0,13.041077613830566
ECL,1,222,18633,0,461,14.999999046325684,13.034756660461426
ECL,1,222,18633,0,462,14.999999046325684,14.680584907531738
ECL,1,222,18633,0,463,11.999999046325684,11.64043140411377
ECL,1,222,18633,0,464,6.0,9.446030616760254
ECL,1,222,18633,0,465,8.0,9.307581901550293
ECL,1,222,18633,0,466,9.0,10.108659744262695
ECL,1,222,18633,0,467,9.0,9.823376655578613
ECL,1,222,18633,0,468,10.999999046325684,10.671087265014648
ECL,1,222,18633,0,469,9.0,10.455294609069824
ECL,1,222,18633,0,470,9.999999046325684,9.855400085449219
ECL,1,222,18633,0,471,9.999999046325684,10.668221473693848
ECL,1,222,18633,0,472,9.999999046325684,10.622861862182617
ECL,1,222,18633,0,473,9.0,9.823145866394043
ECL,1,222,18633,0,474,9.999999046325684,10.275087356567383
ECL,1,222,18633,0,475,10.999999046325684,9.859561920166016
ECL,1,222,18633,0,476,9.0,10.053165435791016
ECL,1,222,18633,0,477,9.999999046325684,10.764503479003906
ECL,1,222,18633,0,478,8.0,10.885091781616211
ECL,1,222,18633,0,479,7.0,12.063430786132812
ECL,1,222,18633,0,480,2.0,23.342924118041992
ECL,1,222,18633,0,481,37.0,13.786465644836426
ECL,1,222,18633,0,482,14.0,12.51805305480957
ECL,1,222,18633,0,483,18.0,13.491869926452637
ECL,1,222,18633,0,484,14.0,12.114152908325195
ECL,1,222,18633,0,485,14.999999046325684,11.6604642868042
ECL,1,222,18633,0,486,14.999999046325684,13.39737319946289
ECL,1,222,18633,0,487,14.0,11.375150680541992
ECL,1,222,18633,0,488,9.999999046325684,8.883337020874023
ECL,1,222,18633,0,489,8.0,9.3272066116333
ECL,1,222,18633,0,490,9.0,10.280403137207031
ECL,1,222,18633,0,491,9.0,10.073784828186035
ECL,1,222,18633,0,492,9.999999046325684,10.846043586730957
ECL,1,222,18633,0,493,9.999999046325684,10.936012268066406
ECL,1,222,18633,0,494,9.999999046325684,10.841756820678711
ECL,1,222,18633,0,495,9.0,11.607208251953125
ECL,1,222,18633,0,496,9.999999046325684,11.208403587341309
ECL,1,222,18633,0,497,9.999999046325684,10.590272903442383
ECL,1,222,18633,0,498,9.999999046325684,10.335766792297363
ECL,1,222,18633,0,499,9.0,9.663220405578613
ECL,1,222,18633,0,500,10.999999046325684,9.472941398620605
ECL,1,222,18633,0,501,9.0,9.02301025390625
ECL,1,222,18633,0,502,8.0,7.740009307861328
ECL,1,222,18633,0,503,6.0,6.811168670654297
ECL,1,222,18633,0,504,8.0,16.666461944580078
ECL,1,222,18633,0,505,8.0,7.929693222045898
ECL,1,222,18633,0,506,6.0,7.312982559204102
ECL,1,222,18633,0,507,6.0,9.151925086975098
ECL,1,222,18633,0,508,6.0,8.48646354675293
ECL,1,222,18633,0,509,8.0,9.332109451293945
ECL,1,222,18633,0,510,6.0,11.075294494628906
ECL,1,222,18633,0,511,8.0,9.531420707702637
ECL,1,222,18633,0,512,6.0,8.254823684692383
ECL,1,222,18633,0,513,7.0,8.90241813659668
ECL,1,222,18633,0,514,9.0,9.891283988952637
ECL,1,222,18633,0,515,9.999999046325684,9.68286418914795
ECL,1,222,18633,0,516,9.999999046325684,10.4509916305542
ECL,1,222,18633,0,517,9.0,10.551923751831055
ECL,1,222,18633,0,518,9.999999046325684,10.471427917480469
ECL,1,222,18633,0,519,9.0,10.843649864196777
ECL,1,222,18633,0,520,10.999999046325684,10.594902038574219
ECL,1,222,18633,0,521,9.0,10.592743873596191
ECL,1,222,18633,0,522,9.999999046325684,10.528924942016602
ECL,1,222,18633,0,523,9.0,9.998233795166016
ECL,1,222,18633,0,524,9.999999046325684,9.669297218322754
ECL,1,222,18633,0,525,9.999999046325684,9.11669921875
ECL,1,222,18633,0,526,7.0,6.910451889038086
ECL,1,222,18633,0,527,6.0,6.287174224853516
ECL,1,222,18633,0,528,6.0,16.24168586730957
ECL,1,222,18633,0,529,7.0,7.947843551635742
ECL,1,222,18633,0,530,6.0,7.517679214477539
ECL,1,222,18633,0,531,8.0,9.925758361816406
ECL,1,222,18633,0,532,7.0,9.30064868927002
ECL,1,222,18633,0,533,6.0,9.460674285888672
ECL,1,222,18633,0,534,6.0,11.77492618560791
ECL,1,222,18633,0,535,6.0,10.501995086669922
ECL,1,222,18633,0,536,7.0,8.975715637207031
ECL,1,222,18633,0,537,6.0,9.453439712524414
ECL,1,222,18633,0,538,9.0,10.234763145446777
ECL,1,222,18633,0,539,9.999999046325684,10.074572563171387
ECL,1,222,18633,0,540,9.999999046325684,11.095381736755371
ECL,1,222,18633,0,541,9.999999046325684,11.092369079589844
ECL,1,222,18633,0,542,9.0,11.206608772277832
ECL,1,222,18633,0,543,9.999999046325684,11.519671440124512
ECL,1,222,18633,0,544,9.999999046325684,11.081705093383789
ECL,1,222,18633,0,545,9.999999046325684,10.706275939941406
ECL,1,222,18633,0,546,9.0,10.205151557922363
ECL,1,222,18633,0,547,9.999999046325684,10.105825424194336
ECL,1,222,18633,0,548,9.999999046325684,10.252920150756836
ECL,1,222,18633,0,549,9.999999046325684,10.23791790008545
ECL,1,222,18633,0,550,6.0,8.997322082519531
ECL,1,222,18633,0,551,9.999999046325684,9.793663024902344
ECL,1,222,18633,0,552,43.0,20.53092384338379
ECL,1,222,18633,0,553,31.0,12.725250244140625
ECL,1,222,18633,0,554,65.0,12.153708457946777
ECL,1,222,18633,0,555,9.999999046325684,13.858534812927246
ECL,1,222,18633,0,556,6.0,13.021297454833984
ECL,1,222,18633,0,557,7.0,13.104012489318848
ECL,1,222,18633,0,558,13.0,14.391210556030273
ECL,1,222,18633,0,559,11.999999046325684,12.005420684814453
ECL,1,222,18633,0,560,7.0,9.668848037719727
ECL,1,222,18633,0,561,9.0,9.976850509643555
ECL,1,222,18633,0,562,9.999999046325684,10.686043739318848
ECL,1,222,18633,0,563,10.999999046325684,10.451424598693848
ECL,1,222,18633,0,564,10.999999046325684,10.998324394226074
ECL,1,222,18633,0,565,9.999999046325684,10.986743927001953
ECL,1,222,18633,0,566,9.999999046325684,11.04257869720459
ECL,1,222,18633,0,567,10.999999046325684,11.826236724853516
ECL,1,222,18633,0,568,9.999999046325684,11.374423027038574
ECL,1,222,18633,0,569,10.999999046325684,10.953056335449219
ECL,1,222,18633,0,570,10.999999046325684,10.649415969848633
ECL,1,222,18633,0,571,10.999999046325684,9.633332252502441
ECL,1,222,18633,0,572,10.999999046325684,9.46242618560791
ECL,1,222,18633,0,573,10.999999046325684,9.859649658203125
ECL,1,222,18633,0,574,7.0,9.301797866821289
ECL,1,222,18633,0,575,9.0,10.97451114654541
ECL,1,222,18633,0,576,6.0,22.59724235534668
ECL,1,222,18633,0,577,17.0,15.209159851074219
ECL,1,222,18633,0,578,29.0,14.032282829284668
ECL,1,222,18633,0,579,16.0,15.562896728515625
ECL,1,222,18633,0,580,9.0,14.950277328491211
ECL,1,222,18633,0,581,19.0,13.923380851745605
ECL,1,222,18633,0,582,28.0,15.150243759155273
ECL,1,222,18633,0,583,7.0,12.299251556396484
ECL,1,222,18633,0,584,6.0,9.699508666992188
ECL,1,222,18633,0,585,6.0,9.492055892944336
ECL,1,222,18633,0,586,9.0,10.738879203796387
ECL,1,222,18633,0,587,9.999999046325684,10.119719505310059
ECL,1,222,18633,0,588,9.999999046325684,11.248948097229004
ECL,1,222,18633,0,589,9.0,11.183887481689453
ECL,1,222,18633,0,590,9.999999046325684,11.84219741821289
ECL,1,222,18633,0,591,9.999999046325684,11.993279457092285
ECL,1,222,18633,0,592,9.0,12.037083625793457
ECL,1,222,18633,0,593,9.999999046325684,11.506335258483887
ECL,1,222,18633,0,594,10.999999046325684,11.41826057434082
ECL,1,222,18633,0,595,9.999999046325684,9.994481086730957
ECL,1,222,18633,0,596,9.0,10.250029563903809
ECL,1,222,18633,0,597,9.999999046325684,10.058725357055664
ECL,1,222,18633,0,598,7.0,9.665608406066895
ECL,1,222,18633,0,599,18.0,11.63405990600586
ECL,1,222,18633,0,600,45.0,22.269411087036133
ECL,1,222,18633,0,601,6.0,14.188946723937988
ECL,1,222,18633,0,602,9.999999046325684,12.767498016357422
ECL,1,222,18633,0,603,9.999999046325684,14.086430549621582
ECL,1,222,18633,0,604,19.0,13.128198623657227
ECL,1,222,18633,0,605,18.0,12.353610038757324
ECL,1,222,18633,0,606,19.0,13.655035018920898
ECL,1,222,18633,0,607,13.0,11.471585273742676
ECL,1,222,18633,0,608,9.999999046325684,9.124491691589355
ECL,1,222,18633,0,609,9.0,9.440038681030273
ECL,1,222,18633,0,610,10.999999046325684,10.963221549987793
ECL,1,222,18633,0,611,10.999999046325684,10.240274429321289
ECL,1,222,18633,0,612,11.999999046325684,11.311775207519531
ECL,1,222,18633,0,613,10.999999046325684,11.002737998962402
ECL,1,222,18633,0,614,10.999999046325684,11.26118278503418
ECL,1,222,18633,0,615,10.999999046325684,11.468560218811035
ECL,1,222,18633,0,616,11.999999046325684,11.402690887451172
ECL,1,222,18633,0,617,11.999999046325684,10.925442695617676
ECL,1,222,18633,0,618,11.999999046325684,10.783960342407227
ECL,1,222,18633,0,619,10.999999046325684,10.304146766662598
ECL,1,222,18633,0,620,11.999999046325684,10.416074752807617
ECL,1,222,18633,0,621,10.999999046325684,10.870282173156738
ECL,1,222,18633,0,622,9.0,10.525080680847168
ECL,1,222,18633,0,623,20.0,12.7620849609375
ECL,1,222,18633,0,624,45.0,23.413726806640625
ECL,1,222,18633,0,625,6.0,15.29096508026123
ECL,1,222,18633,0,626,8.0,13.084480285644531
ECL,1,222,18633,0,627,8.0,14.374143600463867
ECL,1,222,18633,0,628,6.0,13.205707550048828
ECL,1,222,18633,0,629,6.0,12.43699836730957
ECL,1,222,18633,0,630,9.999999046325684,14.257332801818848
ECL,1,222,18633,0,631,8.0,11.923007011413574
ECL,1,222,18633,0,632,9.0,9.530354499816895
ECL,1,222,18633,0,633,9.0,9.737077713012695
ECL,1,222,18633,0,634,9.999999046325684,10.799829483032227
ECL,1,222,18633,0,635,10.999999046325684,10.0758695602417
ECL,1,222,18633,0,636,10.999999046325684,10.725895881652832
ECL,1,222,18633,0,637,10.999999046325684,10.613472938537598
ECL,1,222,18633,0,638,10.999999046325684,10.248661994934082
ECL,1,222,18633,0,639,9.999999046325684,10.17265510559082
ECL,1,222,18633,0,640,9.999999046325684,10.233235359191895
ECL,1,222,18633,0,641,10.999999046325684,10.018814086914062
ECL,1,222,18633,0,642,10.999999046325684,10.355223655700684
ECL,1,222,18633,0,643,10.999999046325684,9.924931526184082
ECL,1,222,18633,0,644,10.999999046325684,10.462983131408691
ECL,1,222,18633,0,645,10.999999046325684,10.714225769042969
ECL,1,222,18633,0,646,8.0,10.57905101776123
ECL,1,222,18633,0,647,7.0,12.528205871582031
ECL,1,222,18633,0,648,33.0,22.918642044067383
ECL,1,222,18633,0,649,6.0,15.089262008666992
ECL,1,222,18633,0,650,8.0,12.476651191711426
ECL,1,222,18633,0,651,6.0,13.563915252685547
ECL,1,222,18633,0,652,5.0,12.435334205627441
ECL,1,222,18633,0,653,7.0,11.65900993347168
ECL,1,222,18633,0,654,10.999999046325684,13.672022819519043
ECL,1,222,18633,0,655,7.0,11.554240226745605
ECL,1,222,18633,0,656,9.999999046325684,9.343960762023926
ECL,1,222,18633,0,657,8.0,9.432071685791016
ECL,1,222,18633,0,658,10.999999046325684,10.461994171142578
ECL,1,222,18633,0,659,9.999999046325684,10.188909530639648
ECL,1,222,18633,0,660,10.999999046325684,11.04078197479248
ECL,1,222,18633,0,661,10.999999046325684,11.02528190612793
ECL,1,222,18633,0,662,10.999999046325684,10.963788032531738
ECL,1,222,18633,0,663,10.999999046325684,10.704636573791504
ECL,1,222,18633,0,664,10.999999046325684,10.634258270263672
ECL,1,222,18633,0,665,11.999999046325684,10.41567611694336
ECL,1,222,18633,0,666,9.999999046325684,10.487014770507812
ECL,1,222,18633,0,667,11.999999046325684,9.907621383666992
ECL,1,222,18633,0,668,9.999999046325684,9.796380043029785
ECL,1,222,18633,0,669,9.999999046325684,8.907268524169922
ECL,1,222,18633,0,670,9.999999046325684,7.976701736450195
ECL,1,222,18633,0,671,6.0,9.123211860656738
ECL,1,222,18633,0,672,5.0,18.726940155029297
ECL,1,222,18633,0,673,6.0,10.957999229431152
ECL,1,222,18633,0,674,6.0,8.22012710571289
ECL,1,222,18633,0,675,6.0,9.278447151184082
ECL,1,222,18633,0,676,6.0,8.549676895141602
ECL,1,222,18633,0,677,5.0,8.127897262573242
ECL,1,222,18633,0,678,8.0,10.784653663635254
ECL,1,222,18633,0,679,4.0,9.495790481567383
ECL,1,222,18633,0,680,6.0,7.938261032104492
ECL,1,222,18633,0,681,4.0,8.611963272094727
ECL,1,222,18633,0,682,9.0,10.135986328125
ECL,1,222,18633,0,683,8.0,10.011774063110352
ECL,1,222,18633,0,684,9.0,11.320412635803223
ECL,1,222,18633,0,685,9.0,11.477547645568848
ECL,1,222,18633,0,686,9.0,11.477096557617188
ECL,1,222,18633,0,687,9.0,11.215181350708008
ECL,1,222,18633,0,688,9.0,11.054317474365234
ECL,1,222,18633,0,689,9.0,10.350178718566895
ECL,1,222,18633,0,690,9.0,10.47106647491455
ECL,1,222,18633,0,691,9.0,9.933868408203125
ECL,1,222,18633,0,692,9.0,9.848930358886719
ECL,1,222,18633,0,693,9.0,8.87867546081543
ECL,1,222,18633,0,694,4.0,7.731958389282227
ECL,1,222,18633,0,695,6.0,8.498136520385742
ECL,1,222,18633,0,696,7.0,17.467628479003906
ECL,1,222,18633,0,697,6.0,9.781620025634766
ECL,1,222,18633,0,698,6.0,7.64042854309082
ECL,1,222,18633,0,699,5.0,9.122518539428711
ECL,1,222,18633,0,700,8.0,9.027557373046875
ECL,1,222,18633,0,701,4.0,8.727058410644531
ECL,1,222,18633,0,702,9.999999046325684,11.662424087524414
ECL,1,222,18633,0,703,6.0,10.25597095489502
ECL,1,222,18633,0,704,2.0,8.179994583129883
ECL,1,222,18633,0,705,5.0,8.803619384765625
ECL,1,222,18633,0,706,8.0,10.088608741760254
ECL,1,222,18633,0,707,8.0,9.719823837280273
ECL,1,222,18633,0,708,8.0,10.526360511779785
ECL,1,222,18633,0,709,9.0,10.561189651489258
ECL,1,222,18633,0,710,8.0,10.745762825012207
ECL,1,222,18633,0,711,8.0,10.59334659576416
ECL,1,222,18633,0,712,9.0,10.653922080993652
ECL,1,222,18633,0,713,8.0,10.26103401184082
ECL,1,222,18633,0,714,7.0,10.500834465026855
ECL,1,222,18633,0,715,8.0,10.330401420593262
ECL,1,222,18633,0,716,7.0,10.25014877319336
ECL,1,222,18633,0,717,7.0,10.129386901855469
ECL,1,222,18633,0,718,4.0,9.744893074035645
ECL,1,222,18633,0,719,7.0,10.931872367858887
ECL,1,222,18633,0,720,19.0,20.40264892578125
ECL,2,1145,19556,0,1,11.999999046325684,8.892536163330078
ECL,2,1145,19556,0,2,10.999999046325684,9.125434875488281
ECL,2,1145,19556,0,3,9.999999046325684,8.99441146850586
ECL,2,1145,19556,0,4,10.999999046325684,9.819735527038574
ECL,2,1145,19556,0,5,10.999999046325684,10.67464542388916
ECL,2,1145,19556,0,6,10.999999046325684,10.380526542663574
ECL,2,1145,19556,0,7,10.999999046325684,10.486117362976074
ECL,2,1145,19556,0,8,10.999999046325684,9.53828239440918
ECL,2,1145,19556,0,9,11.999999046325684,12.235464096069336
ECL,2,1145,19556,0,10,9.0,12.938143730163574
ECL,2,1145,19556,0,11,9.999999046325684,12.611865997314453
ECL,2,1145,19556,0,12,6.0,15.297721862792969
ECL,2,1145,19556,0,13,16.0,23.881118774414062
ECL,2,1145,19556,0,14,7.0,6.402187347412109
ECL,2,1145,19556,0,15,23.0,5.200342178344727
ECL,2,1145,19556,0,16,10.999999046325684,5.844814300537109
ECL,2,1145,19556,0,17,10.999999046325684,6.219799041748047
ECL,2,1145,19556,0,18,14.999999046325684,8.758975982666016
ECL,2,1145,19556,0,19,14.0,16.251937866210938
ECL,2,1145,19556,0,20,11.999999046325684,15.464506149291992
ECL,2,1145,19556,0,21,9.0,12.435786247253418
ECL,2,1145,19556,0,22,8.0,12.076848030090332
ECL,2,1145,19556,0,23,9.0,12.76330280303955
ECL,2,1145,19556,0,24,9.999999046325684,13.284058570861816
ECL,2,1145,19556,0,25,10.999999046325684,13.809012413024902
ECL,2,1145,19556,0,26,9.999999046325684,13.536059379577637
ECL,2,1145,19556,0,27,9.999999046325684,12.891039848327637
ECL,2,1145,19556,0,28,10.999999046325684,14.213001251220703
ECL,2,1145,19556,0,29,10.999999046325684,13.9072847366333
ECL,2,1145,19556,0,30,9.999999046325684,13.541792869567871
ECL,2,1145,19556,0,31,9.999999046325684,13.69476318359375
ECL,2,1145,19556,0,32,10.999999046325684,12.744338989257812
ECL,2,1145,19556,0,33,10.999999046325684,13.643843650817871
ECL,2,1145,19556,0,34,9.999999046325684,13.435908317565918
ECL,2,1145,19556,0,35,8.0,13.210784912109375
ECL,2,1145,19556,0,36,9.999999046325684,14.910076141357422
ECL,2,1145,19556,0,37,35.0,26.28730010986328
ECL,2,1145,19556,0,38,6.0,9.234973907470703
ECL,2,1145,19556,0,39,9.999999046325684,9.003717422485352
ECL,2,1145,19556,0,40,11.999999046325684,9.443707466125488
ECL,2,1145,19556,0,41,14.999999046325684,8.981462478637695
ECL,2,1145,19556,0,42,14.999999046325684,10.509605407714844
ECL,2,1145,19556,0,43,13.0,17.780105590820312
ECL,2,1145,19556,0,44,14.0,15.659348487854004
ECL,2,1145,19556,0,45,9.0,12.828511238098145
ECL,2,1145,19556,0,46,9.0,12.274919509887695
ECL,2,1145,19556,0,47,10.999999046325684,13.125082015991211
ECL,2,1145,19556,0,48,9.999999046325684,13.169931411743164
ECL,2,1145,19556,0,49,10.999999046325684,12.572534561157227
ECL,2,1145,19556,0,50,9.999999046325684,12.13442325592041
ECL,2,1145,19556,0,51,9.999999046325684,11.9199857711792
ECL,2,1145,19556,0,52,10.999999046325684,12.405921936035156
ECL,2,1145,19556,0,53,10.999999046325684,11.445915222167969
ECL,2,1145,19556,0,54,10.999999046325684,11.957097053527832
ECL,2,1145,19556,0,55,10.999999046325684,12.465993881225586
ECL,2,1145,19556,0,56,9.999999046325684,12.619176864624023
ECL,2,1145,19556,0,57,11.999999046325684,13.71320629119873
ECL,2,1145,19556,0,58,9.999999046325684,13.236231803894043
ECL,2,1145,19556,0,59,9.0,12.146557807922363
ECL,2,1145,19556,0,60,9.0,13.790568351745605
ECL,2,1145,19556,0,61,38.0,25.289005279541016
ECL,2,1145,19556,0,62,8.0,9.769800186157227
ECL,2,1145,19556,0,63,10.999999046325684,10.133522987365723
ECL,2,1145,19556,0,64,22.0,10.865429878234863
ECL,2,1145,19556,0,65,14.0,9.756086349487305
ECL,2,1145,19556,0,66,14.999999046325684,10.620725631713867
ECL,2,1145,19556,0,67,14.0,18.51848030090332
ECL,2,1145,19556,0,68,10.999999046325684,16.949337005615234
ECL,2,1145,19556,0,69,7.0,13.398170471191406
ECL,2,1145,19556,0,70,6.0,13.188422203063965
ECL,2,1145,19556,0,71,8.0,14.855046272277832
ECL,2,1145,19556,0,72,9.0,14.263084411621094
ECL,2,1145,19556,0,73,9.999999046325684,14.266578674316406
ECL,2,1145,19556,0,74,8.0,13.566475868225098
ECL,2,1145,19556,0,75,9.0,12.973283767700195
ECL,2,1145,19556,0,76,9.0,13.47828197479248
ECL,2,1145,19556,0,77,9.999999046325684,12.812929153442383
ECL,2,1145,19556,0,78,9.0,11.807784080505371
ECL,2,1145,19556,0,79,9.0,12.62559986114502
ECL,2,1145,19556,0,80,9.0,12.429389953613281
ECL,2,1145,19556,0,81,9.0,12.081913948059082
ECL,2,1145,19556,0,82,9.0,11.382156372070312
ECL,2,1145,19556,0,83,6.0,8.454248428344727
ECL,2,1145,19556,0,84,6.0,9.101577758789062
ECL,2,1145,19556,0,85,6.0,18.708932876586914
ECL,2,1145,19556,0,86,6.0,3.788402557373047
ECL,2,1145,19556,0,87,4.0,4.337621688842773
ECL,2,1145,19556,0,88,8.0,6.44793701171875
ECL,2,1145,19556,0,89,6.0,6.266349792480469
ECL,2,1145,19556,0,90,4.0,7.8123321533203125
ECL,2,1145,19556,0,91,6.0,13.765495300292969
ECL,2,1145,19556,0,92,8.0,11.99048137664795
ECL,2,1145,19556,0,93,4.0,10.468674659729004
ECL,2,1145,19556,0,94,6.0,9.539225578308105
ECL,2,1145,19556,0,95,7.0,11.153674125671387
ECL,2,1145,19556,0,96,9.0,11.731487274169922
ECL,2,1145,19556,0,97,9.0,11.248675346374512
ECL,2,1145,19556,0,98,9.0,12.015552520751953
ECL,2,1145,19556,0,99,9.999999046325684,10.707006454467773
ECL,2,1145,19556,0,100,9.999999046325684,11.717405319213867
ECL,2,1145,19556,0,101,0.0,11.914946556091309
ECL,2,1145,19556,0,102,9.0,11.047185897827148
ECL,2,1145,19556,0,103,9.0,11.653063774108887
ECL,2,1145,19556,0,104,9.999999046325684,10.276052474975586
ECL,2,1145,19556,0,105,8.0,9.766143798828125
ECL,2,1145,19556,0,106,9.999999046325684,9.677949905395508
ECL,2,1145,19556,0,107,7.0,7.853706359863281
ECL,2,1145,19556,0,108,7.0,9.010162353515625
ECL,2,1145,19556,0,109,6.0,19.30951690673828
ECL,2,1145,19556,0,110,4.0,3.321542739868164
ECL,2,1145,19556,0,111,8.0,4.343915939331055
ECL,2,1145,19556,0,112,6.0,5.504354476928711
ECL,2,1145,19556,0,113,4.0,4.80610466003418
ECL,2,1145,19556,0,114,6.0,6.394186019897461
ECL,2,1145,19556,0,115,5.0,13.66865348815918
ECL,2,1145,19556,0,116,6.0,12.756213188171387
ECL,2,1145,19556,0,117,4.0,9.616415023803711
ECL,2,1145,19556,0,118,6.0,9.886746406555176
ECL,2,1145,19556,0,119,6.0,12.012046813964844
ECL,2,1145,19556,0,120,9.0,11.877538681030273
ECL,2,1145,19556,0,121,9.0,11.354721069335938
ECL,2,1145,19556,0,122,9.999999046325684,9.910264015197754
ECL,2,1145,19556,0,123,8.0,9.475781440734863
ECL,2,1145,19556,0,124,9.999999046325684,9.141181945800781
ECL,2,1145,19556,0,125,9.0,8.575227737426758
ECL,2,1145,19556,0,126,9.0,8.079963684082031
ECL,2,1145,19556,0,127,9.999999046325684,7.603069305419922
ECL,2,1145,19556,0,128,9.0,7.333791732788086
ECL,2,1145,19556,0,129,9.0,8.989616394042969
ECL,2,1145,19556,0,130,9.0,11.237178802490234
ECL,2,1145,19556,0,131,9.0,12.329728126525879
ECL,2,1145,19556,0,132,11.999999046325684,15.568307876586914
ECL,2,1145,19556,0,133,34.0,27.469907760620117
ECL,2,1145,19556,0,134,9.0,11.877630233764648
ECL,2,1145,19556,0,135,11.999999046325684,9.882010459899902
ECL,2,1145,19556,0,136,14.0,10.934977531433105
ECL,2,1145,19556,0,137,23.0,9.915250778198242
ECL,2,1145,19556,0,138,18.0,10.582021713256836
ECL,2,1145,19556,0,139,17.0,19.216777801513672
ECL,2,1145,19556,0,140,14.0,19.577957153320312
ECL,2,1145,19556,0,141,11.999999046325684,17.981077194213867
ECL,2,1145,19556,0,142,9.999999046325684,17.899843215942383
ECL,2,1145,19556,0,143,9.0,20.403392791748047
ECL,2,1145,19556,0,144,10.999999046325684,20.275550842285156
ECL,2,1145,19556,0,145,11.999999046325684,19.767438888549805
ECL,2,1145,19556,0,146,13.0,18.738018035888672
ECL,2,1145,19556,0,147,11.999999046325684,18.43170166015625
ECL,2,1145,19556,0,148,11.999999046325684,19.07650375366211
ECL,2,1145,19556,0,149,13.0,17.9052734375
ECL,2,1145,19556,0,150,11.999999046325684,16.954700469970703
ECL,2,1145,19556,0,151,11.999999046325684,16.419708251953125
ECL,2,1145,19556,0,152,11.999999046325684,15.2951021194458
ECL,2,1145,19556,0,153,13.0,17.212900161743164
ECL,2,1145,19556,0,154,10.999999046325684,17.5459041595459
ECL,2,1145,19556,0,155,11.999999046325684,17.27889633178711
ECL,2,1145,19556,0,156,10.999999046325684,19.22920799255371
ECL,2,1145,19556,0,157,55.0,29.01748275756836
ECL,2,1145,19556,0,158,14.0,12.319141387939453
ECL,2,1145,19556,0,159,32.0,9.575778007507324
ECL,2,1145,19556,0,160,14.999999046325684,8.774421691894531
ECL,2,1145,19556,0,161,20.0,6.911905288696289
ECL,2,1145,19556,0,162,18.0,6.837677001953125
ECL,2,1145,19556,0,163,17.0,14.763583183288574
ECL,2,1145,19556,0,164,13.0,13.913839340209961
ECL,2,1145,19556,0,165,9.0,11.030830383300781
ECL,2,1145,19556,0,166,9.999999046325684,11.173833847045898
ECL,2,1145,19556,0,167,9.0,12.536392211914062
ECL,2,1145,19556,0,168,10.999999046325684,12.546879768371582
ECL,2,1145,19556,0,169,10.999999046325684,12.113387107849121
ECL,2,1145,19556,0,170,10.999999046325684,11.746725082397461
ECL,2,1145,19556,0,171,11.999999046325684,10.804003715515137
ECL,2,1145,19556,0,172,10.999999046325684,10.451130867004395
ECL,2,1145,19556,0,173,10.999999046325684,10.932229995727539
ECL,2,1145,19556,0,174,10.999999046325684,9.84622573852539
ECL,2,1145,19556,0,175,11.999999046325684,9.661539077758789
ECL,2,1145,19556,0,176,10.999999046325684,8.951211929321289
ECL,2,1145,19556,0,177,10.999999046325684,9.930146217346191
ECL,2,1145,19556,0,178,10.999999046325684,11.788798332214355
ECL,2,1145,19556,0,179,11.999999046325684,11.66742992401123
ECL,2,1145,19556,0,180,8.0,14.89006233215332
ECL,2,1145,19556,0,181,31.0,24.9783878326416
ECL,2,1145,19556,0,182,6.0,9.85987377166748
ECL,2,1145,19556,0,183,8.0,9.714249610900879
ECL,2,1145,19556,0,184,10.999999046325684,10.474531173706055
ECL,2,1145,19556,0,185,19.0,9.611653327941895
ECL,2,1145,19556,0,186,17.0,10.508345603942871
ECL,2,1145,19556,0,187,16.0,18.74814796447754
ECL,2,1145,19556,0,188,13.0,16.857051849365234
ECL,2,1145,19556,0,189,8.0,13.199393272399902
ECL,2,1145,19556,0,190,9.0,12.31436824798584
ECL,2,1145,19556,0,191,8.0,13.348573684692383
ECL,2,1145,19556,0,192,9.0,13.299796104431152
ECL,2,1145,19556,0,193,10.999999046325684,13.523985862731934
ECL,2,1145,19556,0,194,9.999999046325684,12.378807067871094
ECL,2,1145,19556,0,195,10.999999046325684,11.115044593811035
ECL,2,1145,19556,0,196,10.999999046325684,11.569753646850586
ECL,2,1145,19556,0,197,9.999999046325684,11.566605567932129
ECL,2,1145,19556,0,198,9.999999046325684,10.52731990814209
ECL,2,1145,19556,0,199,10.999999046325684,10.10741901397705
ECL,2,1145,19556,0,200,11.999999046325684,9.804612159729004
ECL,2,1145,19556,0,201,9.999999046325684,11.076702117919922
ECL,2,1145,19556,0,202,10.999999046325684,11.662208557128906
ECL,2,1145,19556,0,203,9.0,10.952204704284668
ECL,2,1145,19556,0,204,13.0,13.443276405334473
ECL,2,1145,19556,0,205,36.0,23.812047958374023
ECL,2,1145,19556,0,206,8.0,9.046512603759766
ECL,2,1145,19556,0,207,9.0,8.836669921875
ECL,2,1145,19556,0,208,11.999999046325684,10.07384967803955
ECL,2,1145,19556,0,209,19.0,9.166988372802734
ECL,2,1145,19556,0,210,14.999999046325684,10.55241584777832
ECL,2,1145,19556,0,211,14.999999046325684,17.61782455444336
ECL,2,1145,19556,0,212,14.0,15.271954536437988
ECL,2,1145,19556,0,213,9.0,10.848782539367676
ECL,2,1145,19556,0,214,8.0,10.441153526306152
ECL,2,1145,19556,0,215,8.0,11.970259666442871
ECL,2,1145,19556,0,216,9.999999046325684,12.737055778503418
ECL,2,1145,19556,0,217,13.0,12.347054481506348
ECL,2,1145,19556,0,218,10.999999046325684,11.453484535217285
ECL,2,1145,19556,0,219,10.999999046325684,11.154006958007812
ECL,2,1145,19556,0,220,10.999999046325684,11.338945388793945
ECL,2,1145,19556,0,221,11.999999046325684,10.545058250427246
ECL,2,1145,19556,0,222,10.999999046325684,9.205820083618164
ECL,2,1145,19556,0,223,11.999999046325684,9.824050903320312
ECL,2,1145,19556,0,224,10.999999046325684,11.39016342163086
ECL,2,1145,19556,0,225,11.999999046325684,12.232132911682129
ECL,2,1145,19556,0,226,10.999999046325684,12.839035034179688
ECL,2,1145,19556,0,227,9.999999046325684,11.346630096435547
ECL,2,1145,19556,0,228,16.0,13.780096054077148
ECL,2,1145,19556,0,229,64.0,24.237173080444336
ECL,2,1145,19556,0,230,69.0,9.265488624572754
ECL,2,1145,19556,0,231,71.0,8.74453353881836
ECL,2,1145,19556,0,232,70.0,10.648695945739746
ECL,2,1145,19556,0,233,89.0,9.903939247131348
ECL,2,1145,19556,0,234,77.0,10.375737190246582
ECL,2,1145,19556,0,235,50.0,17.693702697753906
ECL,2,1145,19556,0,236,10.999999046325684,15.84335708618164
ECL,2,1145,19556,0,237,9.999999046325684,11.60645580291748
ECL,2,1145,19556,0,238,9.999999046325684,11.232817649841309
ECL,2,1145,19556,0,239,9.0,12.455435752868652
ECL,2,1145,19556,0,240,10.999999046325684,13.445640563964844
ECL,2,1145,19556,0,241,13.0,13.38187313079834
ECL,2,1145,19556,0,242,10.999999046325684,13.271037101745605
ECL,2,1145,19556,0,243,10.999999046325684,12.263311386108398
ECL,2,1145,19556,0,244,11.999999046325684,12.046216011047363
ECL,2,1145,19556,0,245,11.999999046325684,11.365534782409668
ECL,2,1145,19556,0,246,10.999999046325684,11.049493789672852
ECL,2,1145,19556,0,247,11.999999046325684,10.392669677734375
ECL,2,1145,19556,0,248,10.999999046325684,10.36676025390625
ECL,2,1145,19556,0,249,10.999999046325684,11.321662902832031
ECL,2,1145,19556,0,250,11.999999046325684,10.771849632263184
ECL,2,1145,19556,0,251,10.999999046325684,8.549039840698242
ECL,2,1145,19556,0,252,7.0,9.288189888000488
ECL,2,1145,19556,0,253,4.0,18.897048950195312
ECL,2,1145,19556,0,254,7.0,4.56634521484375
ECL,2,1145,19556,0,255,6.0,4.965217590332031
ECL,2,1145,19556,0,256,4.0,6.578823089599609
ECL,2,1145,19556,0,257,5.0,5.947395324707031
ECL,2,1145,19556,0,258,7.0,6.913713455200195
ECL,2,1145,19556,0,259,9.0,13.706785202026367
ECL,2,1145,19556,0,260,8.0,13.115184783935547
ECL,2,1145,19556,0,261,9.0,9.181379318237305
ECL,2,1145,19556,0,262,7.0,8.334182739257812
ECL,2,1145,19556,0,263,7.0,9.88923454284668
ECL,2,1145,19556,0,264,9.0,10.736873626708984
ECL,2,1145,19556,0,265,9.999999046325684,10.995128631591797
ECL,2,1145,19556,0,266,9.999999046325684,11.0227689743042
ECL,2,1145,19556,0,267,10.999999046325684,10.636216163635254
ECL,2,1145,19556,0,268,9.999999046325684,12.014708518981934
ECL,2,1145,19556,0,269,10.999999046325684,10.980134010314941
ECL,2,1145,19556,0,270,10.999999046325684,10.582928657531738
ECL,2,1145,19556,0,271,9.999999046325684,9.81013011932373
ECL,2,1145,19556,0,272,9.999999046325684,10.346010208129883
ECL,2,1145,19556,0,273,9.999999046325684,10.397442817687988
ECL,2,1145,19556,0,274,11.999999046325684,9.464859962463379
ECL,2,1145,19556,0,275,8.0,7.54429817199707
ECL,2,1145,19556,0,276,7.0,9.049476623535156
ECL,2,1145,19556,0,277,6.0,18.77711296081543
ECL,2,1145,19556,0,278,6.0,3.837617874145508
ECL,2,1145,19556,0,279,4.0,4.681550979614258
ECL,2,1145,19556,0,280,6.0,5.804904937744141
ECL,2,1145,19556,0,281,8.0,5.42784309387207
ECL,2,1145,19556,0,282,6.0,6.198879241943359
ECL,2,1145,19556,0,283,7.0,13.268576622009277
ECL,2,1145,19556,0,284,4.0,13.07181167602539
ECL,2,1145,19556,0,285,6.0,9.073753356933594
ECL,2,1145,19556,0,286,4.0,8.882408142089844
ECL,2,1145,19556,0,287,4.0,9.694005012512207
ECL,2,1145,19556,0,288,6.0,9.783445358276367
ECL,2,1145,19556,0,289,9.0,8.91084098815918
ECL,2,1145,19556,0,290,8.0,8.481605529785156
ECL,2,1145,19556,0,291,9.0,7.893537521362305
ECL,2,1145,19556,0,292,8.0,8.536224365234375
ECL,2,1145,19556,0,293,8.0,8.101861953735352
ECL,2,1145,19556,0,294,9.999999046325684,7.184377670288086
ECL,2,1145,19556,0,295,8.0,6.467573165893555
ECL,2,1145,19556,0,296,8.0,7.535078048706055
ECL,2,1145,19556,0,297,8.0,7.8771820068359375
ECL,2,1145,19556,0,298,9.0,9.924652099609375
ECL,2,1145,19556,0,299,4.0,10.184128761291504
ECL,2,1145,19556,0,300,38.0,14.257740020751953
ECL,2,1145,19556,0,301,44.0,25.508264541625977
ECL,2,1145,19556,0,302,2.0,12.635403633117676
ECL,2,1145,19556,0,303,4.0,11.291637420654297
ECL,2,1145,19556,0,304,2.0,10.962578773498535
ECL,2,1145,19556,0,305,4.0,9.503722190856934
ECL,2,1145,19556,0,306,9.999999046325684,10.210949897766113
ECL,2,1145,19556,0,307,14.999999046325684,17.607707977294922
ECL,2,1145,19556,0,308,11.999999046325684,17.59341812133789
ECL,2,1145,19556,0,309,7.0,15.461277961730957
ECL,2,1145,19556,0,310,8.0,16.208415985107422
ECL,2,1145,19556,0,311,6.0,18.167613983154297
ECL,2,1145,19556,0,312,9.0,19.35751724243164
ECL,2,1145,19556,0,313,9.999999046325684,18.375303268432617
ECL,2,1145,19556,0,314,9.999999046325684,17.652009963989258
ECL,2,1145,19556,0,315,9.0,17.750648498535156
ECL,2,1145,19556,0,316,9.999999046325684,18.59954833984375
ECL,2,1145,19556,0,317,10.999999046325684,17.693256378173828
ECL,2,1145,19556,0,318,9.0,16.378524780273438
ECL,2,1145,19556,0,319,9.999999046325684,15.270066261291504
ECL,2,1145,19556,0,320,9.999999046325684,15.11727523803711
ECL,2,1145,19556,0,321,10.999999046325684,15.17496395111084
ECL,2,1145,19556,0,322,9.0,15.995885848999023
ECL,2,1145,19556,0,323,7.0,15.649307250976562
ECL,2,1145,19556,0,324,62.0,18.96471405029297
ECL,2,1145,19556,0,325,50.0,29.258956909179688
ECL,2,1145,19556,0,326,8.0,14.02551555633545
ECL,2,1145,19556,0,327,9.999999046325684,11.421778678894043
ECL,2,1145,19556,0,328,6.0,10.316828727722168
ECL,2,1145,19556,0,329,43.0,7.565267562866211
ECL,2,1145,19556,0,330,14.999999046325684,8.089561462402344
ECL,2,1145,19556,0,331,16.0,15.71823501586914
ECL,2,1145,19556,0,332,10.999999046325684,15.560181617736816
ECL,2,1145,19556,0,333,6.0,12.547584533691406
ECL,2,1145,19556,0,334,6.0,13.05573558807373
ECL,2,1145,19556,0,335,6.0,13.329320907592773
ECL,2,1145,19556,0,336,8.0,13.778804779052734
ECL,2,1145,19556,0,337,10.999999046325684,13.302865982055664
ECL,2,1145,19556,0,338,9.0,11.898172378540039
ECL,2,1145,19556,0,339,9.0,12.24038028717041
ECL,2,1145,19556,0,340,9.999999046325684,12.334166526794434
ECL,2,1145,19556,0,341,9.999999046325684,10.555479049682617
ECL,2,1145,19556,0,342,9.0,10.306806564331055
ECL,2,1145,19556,0,343,9.999999046325684,9.044858932495117
ECL,2,1145,19556,0,344,9.999999046325684,9.520342826843262
ECL,2,1145,19556,0,345,9.999999046325684,9.964699745178223
ECL,2,1145,19556,0,346,9.999999046325684,11.149500846862793
ECL,2,1145,19556,0,347,6.0,11.34165096282959
ECL,2,1145,19556,0,348,28.0,14.718820571899414
ECL,2,1145,19556,0,349,41.0,24.939847946166992
ECL,2,1145,19556,0,350,38.0,11.081950187683105
ECL,2,1145,19556,0,351,36.0,10.428178787231445
ECL,2,1145,19556,0,352,6.0,10.498988151550293
ECL,2,1145,19556,0,353,4.0,9.86083698272705
ECL,2,1145,19556,0,354,5.0,11.18189525604248
ECL,2,1145,19556,0,355,14.0,19.42630386352539
ECL,2,1145,19556,0,356,10.999999046325684,18.086069107055664
ECL,2,1145,19556,0,357,6.0,13.172479629516602
ECL,2,1145,19556,0,358,4.0,12.654324531555176
ECL,2,1145,19556,0,359,6.0,12.43535041809082
ECL,2,1145,19556,0,360,7.0,12.688374519348145
ECL,2,1145,19556,0,361,9.0,12.199396133422852
ECL,2,1145,19556,0,362,9.0,11.63672924041748
ECL,2,1145,19556,0,363,9.0,11.277192115783691
ECL,2,1145,19556,0,364,9.999999046325684,11.522063255310059
ECL,2,1145,19556,0,365,8.0,9.049917221069336
ECL,2,1145,19556,0,366,9.0,8.397529602050781
ECL,2,1145,19556,0,367,9.0,7.867317199707031
ECL,2,1145,19556,0,368,9.999999046325684,8.604507446289062
ECL,2,1145,19556,0,369,9.0,9.050052642822266
ECL,2,1145,19556,0,370,9.0,10.017441749572754
ECL,2,1145,19556,0,371,8.0,10.701311111450195
ECL,2,1145,19556,0,372,36.0,12.910833358764648
ECL,2,1145,19556,0,373,60.0,23.70714569091797
ECL,2,1145,19556,0,374,18.0,10.396215438842773
ECL,2,1145,19556,0,375,5.0,10.053640365600586
ECL,2,1145,19556,0,376,7.0,10.305089950561523
ECL,2,1145,19556,0,377,6.0,8.872095108032227
ECL,2,1145,19556,0,378,6.0,9.95578670501709
ECL,2,1145,19556,0,379,14.0,16.495662689208984
ECL,2,1145,19556,0,380,11.999999046325684,15.058530807495117
ECL,2,1145,19556,0,381,9.0,10.389277458190918
ECL,2,1145,19556,0,382,8.0,9.455818176269531
ECL,2,1145,19556,0,383,8.0,10.851025581359863
ECL,2,1145,19556,0,384,9.0,11.881712913513184
ECL,2,1145,19556,0,385,11.999999046325684,11.41958236694336
ECL,2,1145,19556,0,386,10.999999046325684,12.097221374511719
ECL,2,1145,19556,0,387,9.999999046325684,11.157872200012207
ECL,2,1145,19556,0,388,9.999999046325684,11.604623794555664
ECL,2,1145,19556,0,389,10.999999046325684,9.281579971313477
ECL,2,1145,19556,0,390,10.999999046325684,8.945291519165039
ECL,2,1145,19556,0,391,10.999999046325684,8.964195251464844
ECL,2,1145,19556,0,392,10.999999046325684,9.7090482711792
ECL,2,1145,19556,0,393,11.999999046325684,10.571928024291992
ECL,2,1145,19556,0,394,10.999999046325684,10.798775672912598
ECL,2,1145,19556,0,395,9.0,10.521175384521484
ECL,2,1145,19556,0,396,35.0,12.74351978302002
ECL,2,1145,19556,0,397,47.0,23.233278274536133
ECL,2,1145,19556,0,398,14.999999046325684,10.318089485168457
ECL,2,1145,19556,0,399,14.0,9.59416389465332
ECL,2,1145,19556,0,400,4.0,10.925553321838379
ECL,2,1145,19556,0,401,6.0,9.696246147155762
ECL,2,1145,19556,0,402,54.0,10.333670616149902
ECL,2,1145,19556,0,403,14.999999046325684,16.535614013671875
ECL,2,1145,19556,0,404,11.999999046325684,15.300970077514648
ECL,2,1145,19556,0,405,9.0,10.613364219665527
ECL,2,1145,19556,0,406,6.0,10.310133934020996
ECL,2,1145,19556,0,407,6.0,11.694266319274902
ECL,2,1145,19556,0,408,8.0,12.484206199645996
ECL,2,1145,19556,0,409,9.999999046325684,11.948528289794922
ECL,2,1145,19556,0,410,9.999999046325684,12.36090087890625
ECL,2,1145,19556,0,411,9.0,11.7807035446167
ECL,2,1145,19556,0,412,9.999999046325684,12.179213523864746
ECL,2,1145,19556,0,413,9.999999046325684,10.03636646270752
ECL,2,1145,19556,0,414,9.999999046325684,9.834611892700195
ECL,2,1145,19556,0,415,9.999999046325684,9.900497436523438
ECL,2,1145,19556,0,416,9.0,10.59716510772705
ECL,2,1145,19556,0,417,9.999999046325684,9.973803520202637
ECL,2,1145,19556,0,418,9.999999046325684,9.195274353027344
ECL,2,1145,19556,0,419,8.0,7.857387542724609
ECL,2,1145,19556,0,420,7.0,8.930049896240234
ECL,2,1145,19556,0,421,2.0,18.692955017089844
ECL,2,1145,19556,0,422,2.0,5.24664306640625
ECL,2,1145,19556,0,423,6.0,4.528036117553711
ECL,2,1145,19556,0,424,2.0,5.74049186706543
ECL,2,1145,19556,0,425,2.0,5.055280685424805
ECL,2,1145,19556,0,426,2.0,5.790266036987305
ECL,2,1145,19556,0,427,6.0,12.575124740600586
ECL,2,1145,19556,0,428,4.0,11.756418228149414
ECL,2,1145,19556,0,429,7.0,8.161727905273438
ECL,2,1145,19556,0,430,16.0,8.425785064697266
ECL,2,1145,19556,0,431,7.0,10.174371719360352
ECL,2,1145,19556,0,432,8.0,10.531783103942871
ECL,2,1145,19556,0,433,9.999999046325684,10.732151985168457
ECL,2,1145,19556,0,434,9.999999046325684,10.91524887084961
ECL,2,1145,19556,0,435,9.999999046325684,10.218328475952148
ECL,2,1145,19556,0,436,9.0,10.5567045211792
ECL,2,1145,19556,0,437,9.999999046325684,9.306758880615234
ECL,2,1145,19556,0,438,9.999999046325684,9.00741958618164
ECL,2,1145,19556,0,439,9.999999046325684,9.196702003479004
ECL,2,1145,19556,0,440,9.0,8.586313247680664
ECL,2,1145,19556,0,441,9.999999046325684,8.123250961303711
ECL,2,1145,19556,0,442,9.999999046325684,7.773002624511719
ECL,2,1145,19556,0,443,8.0,8.024280548095703
ECL,2,1145,19556,0,444,2.0,9.349374771118164
ECL,2,1145,19556,0,445,2.0,18.706790924072266
ECL,2,1145,19556,0,446,4.0,5.052091598510742
ECL,2,1145,19556,0,447,2.0,5.039548873901367
ECL,2,1145,19556,0,448,4.0,6.256216049194336
ECL,2,1145,19556,0,449,0.0,4.851888656616211
ECL,2,1145,19556,0,450,2.0,6.194269180297852
ECL,2,1145,19556,0,451,13.0,13.318764686584473
ECL,2,1145,19556,0,452,10.999999046325684,12.940450668334961
ECL,2,1145,19556,0,453,6.0,9.394468307495117
ECL,2,1145,19556,0,454,6.0,8.70843505859375
ECL,2,1145,19556,0,455,6.0,10.154434204101562
ECL,2,1145,19556,0,456,8.0,10.336769104003906
ECL,2,1145,19556,0,457,10.999999046325684,8.90400505065918
ECL,2,1145,19556,0,458,9.0,8.531942367553711
ECL,2,1145,19556,0,459,9.0,7.784694671630859
ECL,2,1145,19556,0,460,9.999999046325684,7.564790725708008
ECL,2,1145,19556,0,461,9.999999046325684,7.400918960571289
ECL,2,1145,19556,0,462,9.999999046325684,6.198537826538086
ECL,2,1145,19556,0,463,9.0,6.559686660766602
ECL,2,1145,19556,0,464,9.999999046325684,6.84788703918457
ECL,2,1145,19556,0,465,9.999999046325684,7.686338424682617
ECL,2,1145,19556,0,466,9.999999046325684,9.154932022094727
ECL,2,1145,19556,0,467,8.0,11.03548812866211
ECL,2,1145,19556,0,468,21.0,14.275620460510254
ECL,2,1145,19556,0,469,31.0,24.442386627197266
ECL,2,1145,19556,0,470,6.0,10.846698760986328
ECL,2,1145,19556,0,471,8.0,9.801451683044434
ECL,2,1145,19556,0,472,9.0,10.073371887207031
ECL,2,1145,19556,0,473,9.0,8.728710174560547
ECL,2,1145,19556,0,474,8.0,9.891083717346191
ECL,2,1145,19556,0,475,8.0,17.53171157836914
ECL,2,1145,19556,0,476,6.0,17.93402671813965
ECL,2,1145,19556,0,477,9.0,15.129493713378906
ECL,2,1145,19556,0,478,8.0,15.43835163116455
ECL,2,1145,19556,0,479,8.0,17.881013870239258
ECL,2,1145,19556,0,480,8.0,18.868946075439453
ECL,2,1145,19556,0,481,10.999999046325684,18.26274299621582
ECL,2,1145,19556,0,482,9.999999046325684,18.528650283813477
ECL,2,1145,19556,0,483,9.999999046325684,17.378074645996094
ECL,2,1145,19556,0,484,9.0,18.104890823364258
ECL,2,1145,19556,0,485,10.999999046325684,17.101123809814453
ECL,2,1145,19556,0,486,10.999999046325684,15.705765724182129
ECL,2,1145,19556,0,487,9.999999046325684,14.93028450012207
ECL,2,1145,19556,0,488,9.999999046325684,13.657551765441895
ECL,2,1145,19556,0,489,9.999999046325684,13.892297744750977
ECL,2,1145,19556,0,490,10.999999046325684,14.682188034057617
ECL,2,1145,19556,0,491,8.0,16.547321319580078
ECL,2,1145,19556,0,492,6.0,18.39814567565918
ECL,2,1145,19556,0,493,14.999999046325684,27.91287612915039
ECL,2,1145,19556,0,494,58.0,13.585488319396973
ECL,2,1145,19556,0,495,58.0,10.91987133026123
ECL,2,1145,19556,0,496,37.0,10.10748291015625
ECL,2,1145,19556,0,497,4.0,8.148908615112305
ECL,2,1145,19556,0,498,4.0,9.910861015319824
ECL,2,1145,19556,0,499,7.0,17.492687225341797
ECL,2,1145,19556,0,500,9.999999046325684,17.50301170349121
ECL,2,1145,19556,0,501,9.999999046325684,14.13166332244873
ECL,2,1145,19556,0,502,10.999999046325684,13.612810134887695
ECL,2,1145,19556,0,503,9.999999046325684,14.811868667602539
ECL,2,1145,19556,0,504,10.999999046325684,15.029256820678711
ECL,2,1145,19556,0,505,11.999999046325684,15.193365097045898
ECL,2,1145,19556,0,506,13.0,14.64504337310791
ECL,2,1145,19556,0,507,11.999999046325684,13.139687538146973
ECL,2,1145,19556,0,508,11.999999046325684,13.684833526611328
ECL,2,1145,19556,0,509,13.0,13.059632301330566
ECL,2,1145,19556,0,510,13.0,10.388442993164062
ECL,2,1145,19556,0,511,13.0,9.679085731506348
ECL,2,1145,19556,0,512,13.0,9.557047843933105
ECL,2,1145,19556,0,513,11.999999046325684,9.565678596496582
ECL,2,1145,19556,0,514,14.0,10.054115295410156
ECL,2,1145,19556,0,515,10.999999046325684,12.136083602905273
ECL,2,1145,19556,0,516,16.0,15.385418891906738
ECL,2,1145,19556,0,517,44.0,25.62017250061035
ECL,2,1145,19556,0,518,4.0,12.442360877990723
ECL,2,1145,19556,0,519,9.0,10.815740585327148
ECL,2,1145,19556,0,520,16.0,10.58987045288086
ECL,2,1145,19556,0,521,19.0,9.750992774963379
ECL,2,1145,19556,0,522,36.0,11.594633102416992
ECL,2,1145,19556,0,523,16.0,18.48219871520996
ECL,2,1145,19556,0,524,9.999999046325684,18.827341079711914
ECL,2,1145,19556,0,525,6.0,14.161824226379395
ECL,2,1145,19556,0,526,8.0,12.474729537963867
ECL,2,1145,19556,0,527,6.0,13.282444953918457
ECL,2,1145,19556,0,528,7.0,13.098069190979004
ECL,2,1145,19556,0,529,9.999999046325684,13.791895866394043
ECL,2,1145,19556,0,530,9.999999046325684,13.403639793395996
ECL,2,1145,19556,0,531,9.0,11.519055366516113
ECL,2,1145,19556,0,532,9.999999046325684,11.9039945602417
ECL,2,1145,19556,0,533,9.999999046325684,10.633584976196289
ECL,2,1145,19556,0,534,9.0,9.229381561279297
ECL,2,1145,19556,0,535,9.999999046325684,8.759143829345703
ECL,2,1145,19556,0,536,9.999999046325684,9.693415641784668
ECL,2,1145,19556,0,537,9.999999046325684,10.340250968933105
ECL,2,1145,19556,0,538,9.0,9.673463821411133
ECL,2,1145,19556,0,539,8.0,11.463460922241211
ECL,2,1145,19556,0,540,38.0,14.65893268585205
ECL,2,1145,19556,0,541,37.0,23.950422286987305
ECL,2,1145,19556,0,542,16.0,12.057073593139648
ECL,2,1145,19556,0,543,10.999999046325684,10.216341018676758
ECL,2,1145,19556,0,544,2.0,10.373547554016113
ECL,2,1145,19556,0,545,2.0,8.291292190551758
ECL,2,1145,19556,0,546,2.0,10.047935485839844
ECL,2,1145,19556,0,547,2.0,17.203977584838867
ECL,2,1145,19556,0,548,8.0,16.877613067626953
ECL,2,1145,19556,0,549,6.0,12.01353931427002
ECL,2,1145,19556,0,550,8.0,10.876317977905273
ECL,2,1145,19556,0,551,8.0,11.847506523132324
ECL,2,1145,19556,0,552,7.0,12.4519681930542
ECL,2,1145,19556,0,553,9.0,13.093674659729004
ECL,2,1145,19556,0,554,9.999999046325684,12.930685997009277
ECL,2,1145,19556,0,555,9.999999046325684,11.766878128051758
ECL,2,1145,19556,0,556,9.0,12.23177719116211
ECL,2,1145,19556,0,557,9.999999046325684,11.152205467224121
ECL,2,1145,19556,0,558,9.999999046325684,9.111470222473145
ECL,2,1145,19556,0,559,9.999999046325684,9.404730796813965
ECL,2,1145,19556,0,560,9.999999046325684,10.798291206359863
ECL,2,1145,19556,0,561,9.999999046325684,11.452576637268066
ECL,2,1145,19556,0,562,9.999999046325684,10.877493858337402
ECL,2,1145,19556,0,563,8.0,12.421906471252441
ECL,2,1145,19556,0,564,6.0,14.413260459899902
ECL,2,1145,19556,0,565,8.0,24.460580825805664
ECL,2,1145,19556,0,566,8.0,12.975207328796387
ECL,2,1145,19556,0,567,6.0,11.746915817260742
ECL,2,1145,19556,0,568,8.0,11.571795463562012
ECL,2,1145,19556,0,569,6.0,9.718027114868164
ECL,2,1145,19556,0,570,8.0,11.335554122924805
ECL,2,1145,19556,0,571,8.0,16.72341537475586
ECL,2,1145,19556,0,572,8.0,16.545303344726562
ECL,2,1145,19556,0,573,6.0,11.167802810668945
ECL,2,1145,19556,0,574,9.0,9.798018455505371
ECL,2,1145,19556,0,575,6.0,11.223160743713379
ECL,2,1145,19556,0,576,8.0,11.369097709655762
ECL,2,1145,19556,0,577,10.999999046325684,12.86046314239502
ECL,2,1145,19556,0,578,9.999999046325684,12.376944541931152
ECL,2,1145,19556,0,579,9.999999046325684,11.600174903869629
ECL,2,1145,19556,0,580,9.0,11.2998685836792
ECL,2,1145,19556,0,581,10.999999046325684,10.494543075561523
ECL,2,1145,19556,0,582,9.999999046325684,9.201922416687012
ECL,2,1145,19556,0,583,9.999999046325684,8.520978927612305
ECL,2,1145,19556,0,584,9.999999046325684,8.775407791137695
ECL,2,1145,19556,0,585,9.999999046325684,10.27536678314209
ECL,2,1145,19556,0,586,9.999999046325684,8.41261100769043
ECL,2,1145,19556,0,587,8.0,9.89460277557373
ECL,2,1145,19556,0,588,8.0,9.565458297729492
ECL,2,1145,19556,0,589,8.0,18.35208511352539
ECL,2,1145,19556,0,590,6.0,7.119632720947266
ECL,2,1145,19556,0,591,7.0,6.253192901611328
ECL,2,1145,19556,0,592,8.0,6.43658447265625
ECL,2,1145,19556,0,593,6.0,4.907505035400391
ECL,2,1145,19556,0,594,8.0,6.693689346313477
ECL,2,1145,19556,0,595,8.0,12.639447212219238
ECL,2,1145,19556,0,596,8.0,12.040017127990723
ECL,2,1145,19556,0,597,6.0,8.63237190246582
ECL,2,1145,19556,0,598,8.0,7.850761413574219
ECL,2,1145,19556,0,599,5.0,9.913802146911621
ECL,2,1145,19556,0,600,9.0,9.881990432739258
ECL,2,1145,19556,0,601,9.0,10.710902214050293
ECL,2,1145,19556,0,602,9.999999046325684,10.049736976623535
ECL,2,1145,19556,0,603,9.999999046325684,9.301668167114258
ECL,2,1145,19556,0,604,9.999999046325684,9.959831237792969
ECL,2,1145,19556,0,605,9.999999046325684,9.667646408081055
ECL,2,1145,19556,0,606,9.999999046325684,8.09356689453125
ECL,2,1145,19556,0,607,10.999999046325684,7.628959655761719
ECL,2,1145,19556,0,608,9.0,8.921331405639648
ECL,2,1145,19556,0,609,9.999999046325684,9.392313003540039
ECL,2,1145,19556,0,610,10.999999046325684,6.712587356567383
ECL,2,1145,19556,0,611,8.0,9.548810005187988
ECL,2,1145,19556,0,612,8.0,9.831075668334961
ECL,2,1145,19556,0,613,8.0,18.16107940673828
ECL,2,1145,19556,0,614,6.0,7.537382125854492
ECL,2,1145,19556,0,615,8.0,5.961023330688477
ECL,2,1145,19556,0,616,6.0,6.312349319458008
ECL,2,1145,19556,0,617,8.0,5.557390213012695
ECL,2,1145,19556,0,618,8.0,7.046403884887695
ECL,2,1145,19556,0,619,8.0,12.672714233398438
ECL,2,1145,19556,0,620,6.0,12.477787017822266
ECL,2,1145,19556,0,621,8.0,7.692852020263672
ECL,2,1145,19556,0,622,6.0,6.523683547973633
ECL,2,1145,19556,0,623,8.0,8.530769348144531
ECL,2,1145,19556,0,624,8.0,9.308883666992188
ECL,2,1145,19556,0,625,9.999999046325684,9.122947692871094
ECL,2,1145,19556,0,626,9.999999046325684,8.58694839477539
ECL,2,1145,19556,0,627,9.999999046325684,7.206480026245117
ECL,2,1145,19556,0,628,9.999999046325684,7.230947494506836
ECL,2,1145,19556,0,629,10.999999046325684,8.011011123657227
ECL,2,1145,19556,0,630,9.999999046325684,5.685380935668945
ECL,2,1145,19556,0,631,9.999999046325684,5.314472198486328
ECL,2,1145,19556,0,632,9.999999046325684,6.095394134521484
ECL,2,1145,19556,0,633,9.999999046325684,8.729339599609375
ECL,2,1145,19556,0,634,9.0,7.820148468017578
ECL,2,1145,19556,0,635,8.0,12.148918151855469
ECL,2,1145,19556,0,636,35.0,13.788047790527344
ECL,2,1145,19556,0,637,50.0,23.22821044921875
ECL,2,1145,19556,0,638,9.999999046325684,13.45619010925293
ECL,2,1145,19556,0,639,9.0,11.2994966506958
ECL,2,1145,19556,0,640,17.0,11.031055450439453
ECL,2,1145,19556,0,641,16.0,10.128429412841797
ECL,2,1145,19556,0,642,18.0,11.876730918884277
ECL,2,1145,19556,0,643,53.0,17.327592849731445
ECL,2,1145,19556,0,644,9.999999046325684,17.999553680419922
ECL,2,1145,19556,0,645,8.0,14.276577949523926
ECL,2,1145,19556,0,646,8.0,13.802870750427246
ECL,2,1145,19556,0,647,9.999999046325684,16.56623077392578
ECL,2,1145,19556,0,648,8.0,17.639617919921875
ECL,2,1145,19556,0,649,10.999999046325684,18.827484130859375
ECL,2,1145,19556,0,650,10.999999046325684,17.92276954650879
ECL,2,1145,19556,0,651,10.999999046325684,16.618501663208008
ECL,2,1145,19556,0,652,10.999999046325684,16.19107437133789
ECL,2,1145,19556,0,653,10.999999046325684,14.962566375732422
ECL,2,1145,19556,0,654,10.999999046325684,11.554838180541992
ECL,2,1145,19556,0,655,10.999999046325684,10.795282363891602
ECL,2,1145,19556,0,656,10.999999046325684,11.021007537841797
ECL,2,1145,19556,0,657,9.999999046325684,12.87462043762207
ECL,2,1145,19556,0,658,10.999999046325684,12.820708274841309
ECL,2,1145,19556,0,659,9.0,16.744800567626953
ECL,2,1145,19556,0,660,24.0,19.00548553466797
ECL,2,1145,19556,0,661,62.0,26.985389709472656
ECL,2,1145,19556,0,662,66.0,15.409586906433105
ECL,2,1145,19556,0,663,31.0,12.191911697387695
ECL,2,1145,19556,0,664,62.0,10.415868759155273
ECL,2,1145,19556,0,665,62.0,8.110918045043945
ECL,2,1145,19556,0,666,43.0,9.657487869262695
ECL,2,1145,19556,0,667,45.0,15.099554061889648
ECL,2,1145,19556,0,668,67.0,15.304363250732422
ECL,2,1145,19556,0,669,68.0,12.165278434753418
ECL,2,1145,19556,0,670,69.0,11.413464546203613
ECL,2,1145,19556,0,671,70.0,13.579150199890137
ECL,2,1145,19556,0,672,70.0,14.312602043151855
ECL,2,1145,19556,0,673,74.0,15.015298843383789
ECL,2,1145,19556,0,674,29.0,13.857699394226074
ECL,2,1145,19556,0,675,63.0,11.701051712036133
ECL,2,1145,19556,0,676,71.0,10.627573013305664
ECL,2,1145,19556,0,677,42.0,10.275821685791016
ECL,2,1145,19556,0,678,69.0,7.574649810791016
ECL,2,1145,19556,0,679,69.0,6.831821441650391
ECL,2,1145,19556,0,680,73.0,7.328290939331055
ECL,2,1145,19556,0,681,71.0,11.114990234375
ECL,2,1145,19556,0,682,27.0,10.941078186035156
ECL,2,1145,19556,0,683,64.0,16.06317901611328
ECL,2,1145,19556,0,684,96.0,17.519121170043945
ECL,2,1145,19556,0,685,93.0,25.474275588989258
ECL,2,1145,19556,0,686,68.0,14.5954008102417
ECL,2,1145,19556,0,687,67.0,11.841773986816406
ECL,2,1145,19556,0,688,64.0,9.674692153930664
ECL,2,1145,19556,0,689,64.0,8.051162719726562
ECL,2,1145,19556,0,690,63.0,9.119098663330078
ECL,2,1145,19556,0,691,90.0,15.241190910339355
ECL,2,1145,19556,0,692,66.0,15.619634628295898
ECL,2,1145,19556,0,693,65.0,11.230621337890625
ECL,2,1145,19556,0,694,18.0,10.901840209960938
ECL,2,1145,19556,0,695,9.0,12.70444393157959
ECL,2,1145,19556,0,696,9.0,12.454166412353516
ECL,2,1145,19556,0,697,10.999999046325684,13.19652271270752
ECL,2,1145,19556,0,698,10.999999046325684,12.406949996948242
ECL,2,1145,19556,0,699,10.999999046325684,10.217705726623535
ECL,2,1145,19556,0,700,10.999999046325684,9.89271068572998
ECL,2,1145,19556,0,701,9.999999046325684,10.093217849731445
ECL,2,1145,19556,0,702,11.999999046325684,7.439458847045898
ECL,2,1145,19556,0,703,9.999999046325684,7.536165237426758
ECL,2,1145,19556,0,704,10.999999046325684,8.896602630615234
ECL,2,1145,19556,0,705,10.999999046325684,11.989472389221191
ECL,2,1145,19556,0,706,10.999999046325684,10.965935707092285
ECL,2,1145,19556,0,707,8.0,15.558934211730957
ECL,2,1145,19556,0,708,7.0,16.48137092590332
ECL,2,1145,19556,0,709,55.0,24.711284637451172
ECL,2,1145,19556,0,710,5.0,14.151555061340332
ECL,2,1145,19556,0,711,2.0,10.272811889648438
ECL,2,1145,19556,0,712,2.0,9.222670555114746
ECL,2,1145,19556,0,713,4.0,8.307838439941406
ECL,2,1145,19556,0,714,4.0,8.990224838256836
ECL,2,1145,19556,0,715,16.0,14.34233283996582
ECL,2,1145,19556,0,716,11.999999046325684,14.384987831115723
ECL,2,1145,19556,0,717,6.0,9.994379997253418
ECL,2,1145,19556,0,718,6.0,9.819253921508789
ECL,2,1145,19556,0,719,8.0,11.916114807128906
ECL,2,1145,19556,0,720,6.0,11.421321868896484
Solar,1,1884,38675,0,1,42.75,43.24504470825195
Solar,1,1884,38675,0,2,42.95000076293945,42.829254150390625
Solar,1,1884,38675,0,3,42.900001525878906,42.48280334472656
Solar,1,1884,38675,0,4,42.099998474121094,41.58709716796875
Solar,1,1884,38675,0,5,41.75,41.029544830322266
Solar,1,1884,38675,0,6,41.75,39.98768997192383
Solar,1,1884,38675,0,7,41.099998474121094,38.95823287963867
Solar,1,1884,38675,0,8,39.79999923706055,36.65871810913086
Solar,1,1884,38675,0,9,37.20000076293945,35.555965423583984
Solar,1,1884,38675,0,10,35.79999923706055,34.064395904541016
Solar,1,1884,38675,0,11,33.39999771118164,32.624717712402344
Solar,1,1884,38675,0,12,30.75,30.31527328491211
Solar,1,1884,38675,0,13,28.149999618530273,28.171714782714844
Solar,1,1884,38675,0,14,26.700000762939453,26.258182525634766
Solar,1,1884,38675,0,15,24.799999237060547,23.83895492553711
Solar,1,1884,38675,0,16,22.5,21.48360824584961
Solar,1,1884,38675,0,17,20.299999237060547,18.10426902770996
Solar,1,1884,38675,0,18,17.850000381469727,15.01501750946045
Solar,1,1884,38675,0,19,14.699999809265137,11.535088539123535
Solar,1,1884,38675,0,20,11.699999809265137,8.569377899169922
Solar,1,1884,38675,0,21,3.450000762939453,5.529821395874023
Solar,1,1884,38675,0,22,0.0,3.8609533309936523
Solar,1,1884,38675,0,23,0.0,2.0660781860351562
Solar,1,1884,38675,0,24,0.0,0.959864616394043
Solar,1,1884,38675,0,25,0.0,0.4057588577270508
Solar,1,1884,38675,0,26,0.0,0.38660430908203125
Solar,1,1884,38675,0,27,0.0,0.22080516815185547
Solar,1,1884,38675,0,28,0.0,0.17572021484375
Solar,1,1884,38675,0,29,0.0,0.3805675506591797
Solar,1,1884,38675,0,30,0.0,0.8167428970336914
Solar,1,1884,38675,0,31,0.0,0.706608772277832
Solar,1,1884,38675,0,32,0.0,0.6588592529296875
Solar,1,1884,38675,0,33,0.0,0.5509700775146484
Solar,1,1884,38675,0,34,0.0,0.3325014114379883
Solar,1,1884,38675,0,35,0.0,0.015918731689453125
Solar,1,1884,38675,0,36,0.0,-0.13768482208251953
Solar,1,1884,38675,0,37,0.0,-0.4421977996826172
Solar,1,1884,38675,0,38,0.0,-0.2552671432495117
Solar,1,1884,38675,0,39,0.0,-0.09604167938232422
Solar,1,1884,38675,0,40,0.0,-0.25592041015625
Solar,1,1884,38675,0,41,0.0,0.0857858657836914
Solar,1,1884,38675,0,42,0.0,0.05708885192871094
Solar,1,1884,38675,0,43,0.0,0.15073585510253906
Solar,1,1884,38675,0,44,0.0,-0.08538627624511719
Solar,1,1884,38675,0,45,0.0,0.16651535034179688
Solar,1,1884,38675,0,46,0.0,-0.4141731262207031
Solar,1,1884,38675,0,47,0.0,-0.4094352722167969
Solar,1,1884,38675,0,48,0.0,-0.3563261032104492
Solar,1,1884,38675,0,49,0.0,-0.06637287139892578
Solar,1,1884,38675,0,50,0.0,-0.1390666961669922
Solar,1,1884,38675,0,51,0.0,-0.3154897689819336
Solar,1,1884,38675,0,52,0.0,-0.3559122085571289
Solar,1,1884,38675,0,53,0.0,-0.12270641326904297
Solar,1,1884,38675,0,54,0.0,-0.3568143844604492
Solar,1,1884,38675,0,55,0.0,-0.11913871765136719
Solar,1,1884,38675,0,56,0.0,-0.25026893615722656
Solar,1,1884,38675,0,57,0.0,-0.35099220275878906
Solar,1,1884,38675,0,58,0.0,-0.43804359436035156
Solar,1,1884,38675,0,59,0.0,-0.20795822143554688
Solar,1,1884,38675,0,60,0.0,-0.15874290466308594
Solar,1,1884,38675,0,61,0.0,-0.08784866333007812
Solar,1,1884,38675,0,62,0.0,-0.40843772888183594
Solar,1,1884,38675,0,63,0.0,-0.2870950698852539
Solar,1,1884,38675,0,64,0.0,-0.5257072448730469
Solar,1,1884,38675,0,65,0.0,-0.2715263366699219
Solar,1,1884,38675,0,66,0.0,-0.19948959350585938
Solar,1,1884,38675,0,67,0.0,-0.027103424072265625
Solar,1,1884,38675,0,68,0.0,-0.19512271881103516
Solar,1,1884,38675,0,69,0.0,-0.2384967803955078
Solar,1,1884,38675,0,70,0.0,-0.2901182174682617
Solar,1,1884,38675,0,71,0.0,-0.4015989303588867
Solar,1,1884,38675,0,72,0.0,-0.112335205078125
Solar,1,1884,38675,0,73,0.0,-0.17882251739501953
Solar,1,1884,38675,0,74,0.0,-0.14551830291748047
Solar,1,1884,38675,0,75,0.0,-0.02728557586669922
Solar,1,1884,38675,0,76,0.0,0.042740821838378906
Solar,1,1884,38675,0,77,0.0,-0.21395206451416016
Solar,1,1884,38675,0,78,0.0,-0.32817745208740234
Solar,1,1884,38675,0,79,0.0,-0.29297924041748047
Solar,1,1884,38675,0,80,0.0,-0.5841484069824219
Solar,1,1884,38675,0,81,0.0,-0.33177852630615234
Solar,1,1884,38675,0,82,0.0,-0.1456623077392578
Solar,1,1884,38675,0,83,0.0,-0.13688182830810547
Solar,1,1884,38675,0,84,0.0,0.18691539764404297
Solar,1,1884,38675,0,85,0.0,0.20345497131347656
Solar,1,1884,38675,0,86,0.0,0.25939273834228516
Solar,1,1884,38675,0,87,0.0,0.12266826629638672
Solar,1,1884,38675,0,88,0.0,0.09399032592773438
Solar,1,1884,38675,0,89,0.0,0.06022834777832031
Solar,1,1884,38675,0,90,0.0,-0.4035043716430664
Solar,1,1884,38675,0,91,0.0,-0.6629648208618164
Solar,1,1884,38675,0,92,0.0,-0.44483184814453125
Solar,1,1884,38675,0,93,0.0,-0.42135047912597656
Solar,1,1884,38675,0,94,0.0,-0.055355072021484375
Solar,1,1884,38675,0,95,0.0,1.178976058959961
Solar,1,1884,38675,0,96,0.0,2.5226783752441406
Solar,1,1884,38675,0,97,4.550000190734863,4.849514007568359
Solar,1,1884,38675,0,98,12.949999809265137,8.076597213745117
Solar,1,1884,38675,0,99,18.25,11.034830093383789
Solar,1,1884,38675,0,100,21.649999618530273,14.349455833435059
Solar,1,1884,38675,0,101,22.200000762939453,18.386531829833984
Solar,1,1884,38675,0,102,23.5,21.428627014160156
Solar,1,1884,38675,0,103,24.700000762939453,24.37368392944336
Solar,1,1884,38675,0,104,28.75,27.681129455566406
Solar,1,1884,38675,0,105,33.5,30.445518493652344
Solar,1,1884,38675,0,106,36.349998474121094,32.33498764038086
Solar,1,1884,38675,0,107,38.75,34.03221893310547
Solar,1,1884,38675,0,108,40.349998474121094,36.11870574951172
Solar,1,1884,38675,0,109,40.64999771118164,37.1872673034668
Solar,1,1884,38675,0,110,41.94999694824219,38.64143753051758
Solar,1,1884,38675,0,111,41.69999694824219,39.70688247680664
Solar,1,1884,38675,0,112,42.0,41.271602630615234
Solar,1,1884,38675,0,113,43.04999923706055,41.30390167236328
Solar,1,1884,38675,0,114,43.95000076293945,42.55569839477539
Solar,1,1884,38675,0,115,44.94999694824219,42.66215515136719
Solar,1,1884,38675,0,116,45.099998474121094,44.05398941040039
Solar,1,1884,38675,0,117,44.29999923706055,43.20589828491211
Solar,1,1884,38675,0,118,43.54999923706055,44.35689163208008
Solar,1,1884,38675,0,119,42.650001525878906,44.836666107177734
Solar,1,1884,38675,0,120,42.45000076293945,44.350868225097656
Solar,1,1884,38675,0,121,42.599998474121094,44.24233627319336
Solar,1,1884,38675,0,122,42.650001525878906,44.58913040161133
Solar,1,1884,38675,0,123,41.64999771118164,44.24797439575195
Solar,1,1884,38675,0,124,41.04999923706055,44.153717041015625
Solar,1,1884,38675,0,125,41.0,43.25131607055664
Solar,1,1884,38675,0,126,41.20000076293945,43.59085464477539
Solar,1,1884,38675,0,127,41.20000076293945,42.49264907836914
Solar,1,1884,38675,0,128,41.04999923706055,42.70915985107422
Solar,1,1884,38675,0,129,42.0,42.41522979736328
Solar,1,1884,38675,0,130,42.25,42.47161102294922
Solar,1,1884,38675,0,131,42.650001525878906,41.81914520263672
Solar,1,1884,38675,0,132,43.29999923706055,42.14112091064453
Solar,1,1884,38675,0,133,43.0,42.09089279174805
Solar,1,1884,38675,0,134,43.70000076293945,42.184547424316406
Solar,1,1884,38675,0,135,43.19999694824219,41.623748779296875
Solar,1,1884,38675,0,136,43.04999923706055,41.70557403564453
Solar,1,1884,38675,0,137,43.39999771118164,41.5959587097168
Solar,1,1884,38675,0,138,44.349998474121094,42.19121170043945
Solar,1,1884,38675,0,139,43.89999771118164,42.07733917236328
Solar,1,1884,38675,0,140,43.599998474121094,42.240211486816406
Solar,1,1884,38675,0,141,44.099998474121094,42.133644104003906
Solar,1,1884,38675,0,142,44.25,42.91778564453125
Solar,1,1884,38675,0,143,43.25,42.85210037231445
Solar,1,1884,38675,0,144,42.099998474121094,42.937007904052734
Solar,1,1884,38675,0,145,41.5,44.23356628417969
Solar,1,1884,38675,0,146,42.349998474121094,43.72349548339844
Solar,1,1884,38675,0,147,43.29999923706055,43.30622100830078
Solar,1,1884,38675,0,148,42.849998474121094,43.83720397949219
Solar,1,1884,38675,0,149,42.29999923706055,41.65440368652344
Solar,1,1884,38675,0,150,41.04999923706055,40.849952697753906
Solar,1,1884,38675,0,151,39.599998474121094,39.7508659362793
Solar,1,1884,38675,0,152,38.849998474121094,37.84773254394531
Solar,1,1884,38675,0,153,38.099998474121094,36.69011688232422
Solar,1,1884,38675,0,154,36.64999771118164,34.4012565612793
Solar,1,1884,38675,0,155,34.650001525878906,32.93569564819336
Solar,1,1884,38675,0,156,32.70000076293945,30.491430282592773
Solar,1,1884,38675,0,157,30.849998474121094,29.14085578918457
Solar,1,1884,38675,0,158,28.149999618530273,26.01018524169922
Solar,1,1884,38675,0,159,25.099998474121094,23.501134872436523
Solar,1,1884,38675,0,160,22.25,21.108627319335938
Solar,1,1884,38675,0,161,19.0,17.625518798828125
Solar,1,1884,38675,0,162,15.050000190734863,14.350532531738281
Solar,1,1884,38675,0,163,10.100000381469727,11.48885726928711
Solar,1,1884,38675,0,164,0.2500009536743164,8.713998794555664
Solar,1,1884,38675,0,165,0.0,6.178157806396484
Solar,1,1884,38675,0,166,0.0,4.1075334548950195
Solar,1,1884,38675,0,167,0.0,2.1639404296875
Solar,1,1884,38675,0,168,0.0,0.8992033004760742
Solar,1,1884,38675,0,169,0.0,0.41382598876953125
Solar,1,1884,38675,0,170,0.0,-0.03778648376464844
Solar,1,1884,38675,0,171,0.0,-0.22390174865722656
Solar,1,1884,38675,0,172,0.0,-0.0356597900390625
Solar,1,1884,38675,0,173,0.0,0.20136356353759766
Solar,1,1884,38675,0,174,0.0,0.5888004302978516
Solar,1,1884,38675,0,175,0.0,0.5415096282958984
Solar,1,1884,38675,0,176,0.0,0.7951145172119141
Solar,1,1884,38675,0,177,0.0,0.4419078826904297
Solar,1,1884,38675,0,178,0.0,0.05291175842285156
Solar,1,1884,38675,0,179,0.0,0.2192373275756836
Solar,1,1884,38675,0,180,0.0,-0.00714874267578125
Solar,1,1884,38675,0,181,0.0,-0.008048057556152344
Solar,1,1884,38675,0,182,0.0,-0.45473194122314453
Solar,1,1884,38675,0,183,0.0,-0.07459640502929688
Solar,1,1884,38675,0,184,0.0,-0.5576086044311523
Solar,1,1884,38675,0,185,0.0,-0.19760417938232422
Solar,1,1884,38675,0,186,0.0,0.36557865142822266
Solar,1,1884,38675,0,187,0.0,0.04751014709472656
Solar,1,1884,38675,0,188,0.0,0.1862506866455078
Solar,1,1884,38675,0,189,0.0,0.028924942016601562
Solar,1,1884,38675,0,190,0.0,-0.044724464416503906
Solar,1,1884,38675,0,191,0.0,-0.08757686614990234
Solar,1,1884,38675,0,192,0.0,0.07652091979980469
Solar,1,1884,38675,0,193,0.0,0.03900146484375
Solar,1,1884,38675,0,194,0.0,-0.3796854019165039
Solar,1,1884,38675,0,195,0.0,-0.32190895080566406
Solar,1,1884,38675,0,196,0.0,-0.3536796569824219
Solar,1,1884,38675,0,197,0.0,-0.07384014129638672
Solar,1,1884,38675,0,198,0.0,-0.18525028228759766
Solar,1,1884,38675,0,199,0.0,-0.3591785430908203
Solar,1,1884,38675,0,200,0.0,-0.1965932846069336
Solar,1,1884,38675,0,201,0.0,-0.3864145278930664
Solar,1,1884,38675,0,202,0.0,-0.09076404571533203
Solar,1,1884,38675,0,203,0.0,0.08802604675292969
Solar,1,1884,38675,0,204,0.0,0.07750225067138672
Solar,1,1884,38675,0,205,0.0,-0.07784557342529297
Solar,1,1884,38675,0,206,0.0,-0.03596210479736328
Solar,1,1884,38675,0,207,0.0,-0.1317424774169922
Solar,1,1884,38675,0,208,0.0,-0.37924766540527344
Solar,1,1884,38675,0,209,0.0,-0.13703155517578125
Solar,1,1884,38675,0,210,0.0,-0.2627906799316406
Solar,1,1884,38675,0,211,0.0,-0.49631786346435547
Solar,1,1884,38675,0,212,0.0,-0.4795093536376953
Solar,1,1884,38675,0,213,0.0,-0.23019886016845703
Solar,1,1884,38675,0,214,0.0,-0.5677938461303711
Solar,1,1884,38675,0,215,0.0,-0.3303108215332031
Solar,1,1884,38675,0,216,0.0,-0.3079719543457031
Solar,1,1884,38675,0,217,0.0,-0.19720745086669922
Solar,1,1884,38675,0,218,0.0,-0.3585834503173828
Solar,1,1884,38675,0,219,0.0,-0.4363574981689453
Solar,1,1884,38675,0,220,0.0,-0.13869380950927734
Solar,1,1884,38675,0,221,0.0,-0.15889644622802734
Solar,1,1884,38675,0,222,0.0,-0.16142559051513672
Solar,1,1884,38675,0,223,0.0,-0.3639688491821289
Solar,1,1884,38675,0,224,0.0,-0.13930988311767578
Solar,1,1884,38675,0,225,0.0,-0.3916816711425781
Solar,1,1884,38675,0,226,0.0,0.14609622955322266
Solar,1,1884,38675,0,227,0.0,-0.09545421600341797
Solar,1,1884,38675,0,228,0.0,0.1533060073852539
Solar,1,1884,38675,0,229,0.0,0.10956096649169922
Solar,1,1884,38675,0,230,0.0,0.4232635498046875
Solar,1,1884,38675,0,231,0.0,-0.02891254425048828
Solar,1,1884,38675,0,232,0.0,-0.13512516021728516
Solar,1,1884,38675,0,233,0.0,-0.19173145294189453
Solar,1,1884,38675,0,234,0.0,-0.4825286865234375
Solar,1,1884,38675,0,235,0.0,-0.6634178161621094
Solar,1,1884,38675,0,236,0.0,-0.7422046661376953
Solar,1,1884,38675,0,237,0.0,-0.3424854278564453
Solar,1,1884,38675,0,238,0.0,-0.10919570922851562
Solar,1,1884,38675,0,239,0.0,1.0536775588989258
Solar,1,1884,38675,0,240,0.0,2.922499656677246
Solar,1,1884,38675,0,241,0.05000114440917969,4.380954742431641
Solar,1,1884,38675,0,242,9.300000190734863,7.4054765701293945
Solar,1,1884,38675,0,243,14.699999809265137,10.792612075805664
Solar,1,1884,38675,0,244,19.549999237060547,14.090365409851074
Solar,1,1884,38675,0,245,24.0,17.933225631713867
Solar,1,1884,38675,0,246,26.75,21.164506912231445
Solar,1,1884,38675,0,247,28.899999618530273,24.31155014038086
Solar,1,1884,38675,0,248,29.799999237060547,27.8632869720459
Solar,1,1884,38675,0,249,31.099998474121094,30.487430572509766
Solar,1,1884,38675,0,250,32.5,33.03717041015625
Solar,1,1884,38675,0,251,33.5,34.498538970947266
Solar,1,1884,38675,0,252,34.599998474121094,36.25802230834961
Solar,1,1884,38675,0,253,36.29999923706055,37.608665466308594
Solar,1,1884,38675,0,254,38.849998474121094,38.79832077026367
Solar,1,1884,38675,0,255,42.25,39.46237564086914
Solar,1,1884,38675,0,256,43.39999771118164,41.52743911743164
Solar,1,1884,38675,0,257,44.150001525878906,41.64518737792969
Solar,1,1884,38675,0,258,44.89999771118164,42.36857604980469
Solar,1,1884,38675,0,259,45.04999923706055,42.825965881347656
Solar,1,1884,38675,0,260,44.400001525878906,43.536415100097656
Solar,1,1884,38675,0,261,43.5,44.02173614501953
Solar,1,1884,38675,0,262,43.14999771118164,43.14936828613281
Solar,1,1884,38675,0,263,42.95000076293945,43.82033920288086
Solar,1,1884,38675,0,264,43.04999923706055,43.74597930908203
Solar,1,1884,38675,0,265,43.14999771118164,44.15944290161133
Solar,1,1884,38675,0,266,43.349998474121094,43.941375732421875
Solar,1,1884,38675,0,267,44.0,44.3681640625
Solar,1,1884,38675,0,268,44.64999771118164,42.97595977783203
Solar,1,1884,38675,0,269,44.20000076293945,43.35774230957031
Solar,1,1884,38675,0,270,44.0,42.96517562866211
Solar,1,1884,38675,0,271,43.70000076293945,42.321773529052734
Solar,1,1884,38675,0,272,42.900001525878906,42.19012451171875
Solar,1,1884,38675,0,273,42.400001525878906,42.537391662597656
Solar,1,1884,38675,0,274,42.0,41.90702438354492
Solar,1,1884,38675,0,275,43.25,41.11107635498047
Solar,1,1884,38675,0,276,43.39999771118164,41.40073776245117
Solar,1,1884,38675,0,277,43.95000076293945,40.866146087646484
Solar,1,1884,38675,0,278,43.25,40.75246047973633
Solar,1,1884,38675,0,279,41.45000076293945,40.70186996459961
Solar,1,1884,38675,0,280,37.95000076293945,40.373207092285156
Solar,1,1884,38675,0,281,36.150001525878906,41.20550537109375
Solar,1,1884,38675,0,282,45.29999923706055,40.7669563293457
Solar,1,1884,38675,0,283,40.099998474121094,40.86513137817383
Solar,1,1884,38675,0,284,40.349998474121094,40.931373596191406
Solar,1,1884,38675,0,285,42.25,42.0213508605957
Solar,1,1884,38675,0,286,43.25,42.18967819213867
Solar,1,1884,38675,0,287,43.849998474121094,42.60438537597656
Solar,1,1884,38675,0,288,43.04999923706055,42.45059585571289
Solar,1,1884,38675,0,289,41.75,43.12899398803711
Solar,1,1884,38675,0,290,42.79999923706055,42.24844741821289
Solar,1,1884,38675,0,291,43.0,42.79320526123047
Solar,1,1884,38675,0,292,42.45000076293945,41.617645263671875
Solar,1,1884,38675,0,293,41.150001525878906,40.502017974853516
Solar,1,1884,38675,0,294,40.25,39.37240219116211
Solar,1,1884,38675,0,295,39.29999923706055,38.28809356689453
Solar,1,1884,38675,0,296,37.650001525878906,36.99435806274414
Solar,1,1884,38675,0,297,35.45000076293945,35.37632751464844
Solar,1,1884,38675,0,298,33.39999771118164,33.56541061401367
Solar,1,1884,38675,0,299,30.89999771118164,31.66942596435547
Solar,1,1884,38675,0,300,29.049999237060547,29.340007781982422
Solar,1,1884,38675,0,301,26.900001525878906,27.36318588256836
Solar,1,1884,38675,0,302,25.049999237060547,24.729440689086914
Solar,1,1884,38675,0,303,23.0,22.43834686279297
Solar,1,1884,38675,0,304,20.200000762939453,19.736528396606445
Solar,1,1884,38675,0,305,17.399999618530273,17.15146827697754
Solar,1,1884,38675,0,306,13.449999809265137,13.572250366210938
Solar,1,1884,38675,0,307,6.450000762939453,10.837930679321289
Solar,1,1884,38675,0,308,0.0,8.041463851928711
Solar,1,1884,38675,0,309,0.0,5.825448036193848
Solar,1,1884,38675,0,310,0.0,3.5121517181396484
Solar,1,1884,38675,0,311,0.0,1.9910554885864258
Solar,1,1884,38675,0,312,0.0,0.7882480621337891
Solar,1,1884,38675,0,313,0.0,-0.061794281005859375
Solar,1,1884,38675,0,314,0.0,-0.6284017562866211
Solar,1,1884,38675,0,315,0.0,-0.3573484420776367
Solar,1,1884,38675,0,316,0.0,0.017004013061523438
Solar,1,1884,38675,0,317,0.0,0.3569660186767578
Solar,1,1884,38675,0,318,0.0,0.16766643524169922
Solar,1,1884,38675,0,319,0.0,0.6937665939331055
Solar,1,1884,38675,0,320,0.0,0.6733627319335938
Solar,1,1884,38675,0,321,0.0,0.5642366409301758
Solar,1,1884,38675,0,322,0.0,0.4022684097290039
Solar,1,1884,38675,0,323,0.0,0.44318580627441406
Solar,1,1884,38675,0,324,0.0,-0.10393333435058594
Solar,1,1884,38675,0,325,0.0,-0.25493717193603516
Solar,1,1884,38675,0,326,0.0,-0.07340621948242188
Solar,1,1884,38675,0,327,0.0,-0.21685314178466797
Solar,1,1884,38675,0,328,0.0,-0.35535240173339844
Solar,1,1884,38675,0,329,0.0,-0.20816421508789062
Solar,1,1884,38675,0,330,0.0,-0.17476463317871094
Solar,1,1884,38675,0,331,0.0,-0.27173614501953125
Solar,1,1884,38675,0,332,0.0,-0.05558490753173828
Solar,1,1884,38675,0,333,0.0,0.0152130126953125
Solar,1,1884,38675,0,334,0.0,-0.16386032104492188
Solar,1,1884,38675,0,335,0.0,-0.1637887954711914
Solar,1,1884,38675,0,336,0.0,-0.2613534927368164
Solar,1,1884,38675,0,337,0.0,-0.5113515853881836
Solar,1,1884,38675,0,338,0.0,-0.16204166412353516
Solar,1,1884,38675,0,339,0.0,-0.48140621185302734
Solar,1,1884,38675,0,340,0.0,-0.1483173370361328
Solar,1,1884,38675,0,341,0.0,-0.2991142272949219
Solar,1,1884,38675,0,342,0.0,-0.04005146026611328
Solar,1,1884,38675,0,343,0.0,-0.04847145080566406
Solar,1,1884,38675,0,344,0.0,-0.05273628234863281
Solar,1,1884,38675,0,345,0.0,-0.29096126556396484
Solar,1,1884,38675,0,346,0.0,0.030275344848632812
Solar,1,1884,38675,0,347,0.0,-0.05559825897216797
Solar,1,1884,38675,0,348,0.0,0.07622432708740234
Solar,1,1884,38675,0,349,0.0,0.13151931762695312
Solar,1,1884,38675,0,350,0.0,-0.15706634521484375
Solar,1,1884,38675,0,351,0.0,0.023224830627441406
Solar,1,1884,38675,0,352,0.0,-0.1211538314819336
Solar,1,1884,38675,0,353,0.0,-0.2118673324584961
Solar,1,1884,38675,0,354,0.0,-0.010983467102050781
Solar,1,1884,38675,0,355,0.0,-0.1337594985961914
Solar,1,1884,38675,0,356,0.0,-0.28690052032470703
Solar,1,1884,38675,0,357,0.0,-0.2988424301147461
Solar,1,1884,38675,0,358,0.0,-0.14172077178955078
Solar,1,1884,38675,0,359,0.0,-0.06558036804199219
Solar,1,1884,38675,0,360,0.0,-0.039279937744140625
Solar,1,1884,38675,0,361,0.0,-0.23122787475585938
Solar,1,1884,38675,0,362,0.0,-0.1244354248046875
Solar,1,1884,38675,0,363,0.0,-0.24129486083984375
Solar,1,1884,38675,0,364,0.0,-0.33525753021240234
Solar,1,1884,38675,0,365,0.0,-0.2580699920654297
Solar,1,1884,38675,0,366,0.0,-0.44266510009765625
Solar,1,1884,38675,0,367,0.0,-0.2893247604370117
Solar,1,1884,38675,0,368,0.0,-0.1972675323486328
Solar,1,1884,38675,0,369,0.0,-0.1479349136352539
Solar,1,1884,38675,0,370,0.0,-0.1713409423828125
Solar,1,1884,38675,0,371,0.0,-0.019865989685058594
Solar,1,1884,38675,0,372,0.0,0.046199798583984375
Solar,1,1884,38675,0,373,0.0,0.21704673767089844
Solar,1,1884,38675,0,374,0.0,0.2716178894042969
Solar,1,1884,38675,0,375,0.0,0.3497457504272461
Solar,1,1884,38675,0,376,0.0,0.12334918975830078
Solar,1,1884,38675,0,377,0.0,0.08222389221191406
Solar,1,1884,38675,0,378,0.0,-0.39886951446533203
Solar,1,1884,38675,0,379,0.0,-0.3803882598876953
Solar,1,1884,38675,0,380,0.0,-0.41306591033935547
Solar,1,1884,38675,0,381,0.0,-0.19861316680908203
Solar,1,1884,38675,0,382,0.0,0.07889270782470703
Solar,1,1884,38675,0,383,0.0,0.8345394134521484
Solar,1,1884,38675,0,384,0.0,2.5080766677856445
Solar,1,1884,38675,0,385,0.05000114440917969,4.525934219360352
Solar,1,1884,38675,0,386,6.550000190734863,7.205326080322266
Solar,1,1884,38675,0,387,14.75,9.874228477478027
Solar,1,1884,38675,0,388,19.200000762939453,13.040559768676758
Solar,1,1884,38675,0,389,21.649999618530273,16.884998321533203
Solar,1,1884,38675,0,390,24.049999237060547,19.58607292175293
Solar,1,1884,38675,0,391,26.600000381469727,22.86888885498047
Solar,1,1884,38675,0,392,29.5,25.731836318969727
Solar,1,1884,38675,0,393,33.29999923706055,27.977930068969727
Solar,1,1884,38675,0,394,35.849998474121094,30.511764526367188
Solar,1,1884,38675,0,395,37.349998474121094,32.12810134887695
Solar,1,1884,38675,0,396,38.75,33.7685432434082
Solar,1,1884,38675,0,397,39.25,34.98906326293945
Solar,1,1884,38675,0,398,41.349998474121094,36.23744201660156
Solar,1,1884,38675,0,399,42.25,38.2578239440918
Solar,1,1884,38675,0,400,42.849998474121094,38.59690856933594
Solar,1,1884,38675,0,401,42.20000076293945,39.85934829711914
Solar,1,1884,38675,0,402,42.29999923706055,39.45021057128906
Solar,1,1884,38675,0,403,42.29999923706055,40.4514045715332
Solar,1,1884,38675,0,404,43.04999923706055,41.04940414428711
Solar,1,1884,38675,0,405,44.400001525878906,41.159847259521484
Solar,1,1884,38675,0,406,44.20000076293945,40.800148010253906
Solar,1,1884,38675,0,407,44.25,41.83823013305664
Solar,1,1884,38675,0,408,44.599998474121094,41.939849853515625
Solar,1,1884,38675,0,409,44.400001525878906,41.88776397705078
Solar,1,1884,38675,0,410,44.349998474121094,42.115272521972656
Solar,1,1884,38675,0,411,43.0,41.28667068481445
Solar,1,1884,38675,0,412,42.29999923706055,41.21525955200195
Solar,1,1884,38675,0,413,42.349998474121094,41.58745574951172
Solar,1,1884,38675,0,414,42.599998474121094,40.68918991088867
Solar,1,1884,38675,0,415,42.14999771118164,40.33562088012695
Solar,1,1884,38675,0,416,41.54999923706055,40.09447479248047
Solar,1,1884,38675,0,417,41.64999771118164,39.61071014404297
Solar,1,1884,38675,0,418,41.04999923706055,38.87213897705078
Solar,1,1884,38675,0,419,41.599998474121094,39.081085205078125
Solar,1,1884,38675,0,420,41.69999694824219,38.56357955932617
Solar,1,1884,38675,0,421,42.04999923706055,38.25455856323242
Solar,1,1884,38675,0,422,41.64999771118164,37.85750961303711
Solar,1,1884,38675,0,423,41.39999771118164,37.3060188293457
Solar,1,1884,38675,0,424,41.29999923706055,37.34972381591797
Solar,1,1884,38675,0,425,40.75,37.89799880981445
Solar,1,1884,38675,0,426,40.900001525878906,38.10932540893555
Solar,1,1884,38675,0,427,40.54999923706055,38.40501403808594
Solar,1,1884,38675,0,428,41.45000076293945,38.192100524902344
Solar,1,1884,38675,0,429,42.400001525878906,39.40061950683594
Solar,1,1884,38675,0,430,42.20000076293945,39.714569091796875
Solar,1,1884,38675,0,431,44.70000076293945,39.8479118347168
Solar,1,1884,38675,0,432,47.0,39.829742431640625
Solar,1,1884,38675,0,433,47.89999771118164,40.384559631347656
Solar,1,1884,38675,0,434,46.39999771118164,40.28479766845703
Solar,1,1884,38675,0,435,42.849998474121094,40.308265686035156
Solar,1,1884,38675,0,436,42.14999771118164,39.838069915771484
Solar,1,1884,38675,0,437,41.20000076293945,38.952911376953125
Solar,1,1884,38675,0,438,39.599998474121094,38.00862121582031
Solar,1,1884,38675,0,439,38.89999771118164,36.54621124267578
Solar,1,1884,38675,0,440,37.900001525878906,35.104644775390625
Solar,1,1884,38675,0,441,36.349998474121094,33.635501861572266
Solar,1,1884,38675,0,442,34.5,32.14013671875
Solar,1,1884,38675,0,443,32.29999923706055,30.008018493652344
Solar,1,1884,38675,0,444,30.049999237060547,28.003875732421875
Solar,1,1884,38675,0,445,27.149999618530273,25.976367950439453
Solar,1,1884,38675,0,446,25.200000762939453,23.67795181274414
Solar,1,1884,38675,0,447,23.899999618530273,21.1901798248291
Solar,1,1884,38675,0,448,21.099998474121094,18.271907806396484
Solar,1,1884,38675,0,449,17.700000762939453,15.4805326461792
Solar,1,1884,38675,0,450,13.25,12.831459999084473
Solar,1,1884,38675,0,451,6.700000286102295,10.152742385864258
Solar,1,1884,38675,0,452,0.0,7.350270748138428
Solar,1,1884,38675,0,453,0.0,5.125631332397461
Solar,1,1884,38675,0,454,0.0,2.9798669815063477
Solar,1,1884,38675,0,455,0.0,1.9265918731689453
Solar,1,1884,38675,0,456,0.0,0.31412315368652344
Solar,1,1884,38675,0,457,0.0,0.1493053436279297
Solar,1,1884,38675,0,458,0.0,-0.20856952667236328
Solar,1,1884,38675,0,459,0.0,0.030612945556640625
Solar,1,1884,38675,0,460,0.0,-0.26978206634521484
Solar,1,1884,38675,0,461,0.0,0.28463077545166016
Solar,1,1884,38675,0,462,0.0,0.3714303970336914
Solar,1,1884,38675,0,463,0.0,0.6289224624633789
Solar,1,1884,38675,0,464,0.0,0.6323766708374023
Solar,1,1884,38675,0,465,0.0,0.5154294967651367
Solar,1,1884,38675,0,466,0.0,0.5072078704833984
Solar,1,1884,38675,0,467,0.0,0.06393051147460938
Solar,1,1884,38675,0,468,0.0,-0.12040328979492188
Solar,1,1884,38675,0,469,0.0,-0.0817880630493164
Solar,1,1884,38675,0,470,0.0,-0.12225055694580078
Solar,1,1884,38675,0,471,0.0,-0.20992755889892578
Solar,1,1884,38675,0,472,0.0,-0.26498889923095703
Solar,1,1884,38675,0,473,0.0,-0.26412105560302734
Solar,1,1884,38675,0,474,0.0,-0.42905426025390625
Solar,1,1884,38675,0,475,0.0,-0.33701133728027344
Solar,1,1884,38675,0,476,0.0,-0.16374683380126953
Solar,1,1884,38675,0,477,0.0,-0.0941915512084961
Solar,1,1884,38675,0,478,0.0,-0.20066356658935547
Solar,1,1884,38675,0,479,0.0,-0.24152660369873047
Solar,1,1884,38675,0,480,0.0,-0.3654298782348633
Solar,1,1884,38675,0,481,0.0,-0.12089729309082031
Solar,1,1884,38675,0,482,0.0,-0.23955917358398438
Solar,1,1884,38675,0,483,0.0,-0.29741764068603516
Solar,1,1884,38675,0,484,0.0,-0.4824371337890625
Solar,1,1884,38675,0,485,0.0,-0.24576282501220703
Solar,1,1884,38675,0,486,0.0,-0.09073066711425781
Solar,1,1884,38675,0,487,0.0,-0.07220077514648438
Solar,1,1884,38675,0,488,0.0,-0.14478302001953125
Solar,1,1884,38675,0,489,0.0,-0.12825775146484375
Solar,1,1884,38675,0,490,0.0,-0.10042953491210938
Solar,1,1884,38675,0,491,0.0,-0.10184097290039062
Solar,1,1884,38675,0,492,0.0,-0.09446239471435547
Solar,1,1884,38675,0,493,0.0,-0.1329498291015625
Solar,1,1884,38675,0,494,0.0,-0.17365264892578125
Solar,1,1884,38675,0,495,0.0,-0.02955150604248047
Solar,1,1884,38675,0,496,0.0,-0.24042606353759766
Solar,1,1884,38675,0,497,0.0,-0.05494880676269531
Solar,1,1884,38675,0,498,0.0,-0.172882080078125
Solar,1,1884,38675,0,499,0.0,-0.014475822448730469
Solar,1,1884,38675,0,500,0.0,-0.15760326385498047
Solar,1,1884,38675,0,501,0.0,-0.21846771240234375
Solar,1,1884,38675,0,502,0.0,-0.23346233367919922
Solar,1,1884,38675,0,503,0.0,-0.20649433135986328
Solar,1,1884,38675,0,504,0.0,-0.3501768112182617
Solar,1,1884,38675,0,505,0.0,-0.21833419799804688
Solar,1,1884,38675,0,506,0.0,-0.1337604522705078
Solar,1,1884,38675,0,507,0.0,0.004954338073730469
Solar,1,1884,38675,0,508,0.0,-0.18266963958740234
Solar,1,1884,38675,0,509,0.0,-0.1392660140991211
Solar,1,1884,38675,0,510,0.0,-0.20766448974609375
Solar,1,1884,38675,0,511,0.0,-0.14192867279052734
Solar,1,1884,38675,0,512,0.0,-0.1867818832397461
Solar,1,1884,38675,0,513,0.0,-0.2618093490600586
Solar,1,1884,38675,0,514,0.0,-0.007809638977050781
Solar,1,1884,38675,0,515,0.0,0.22266864776611328
Solar,1,1884,38675,0,516,0.0,0.4350471496582031
Solar,1,1884,38675,0,517,0.0,0.27584362030029297
Solar,1,1884,38675,0,518,0.0,0.19785785675048828
Solar,1,1884,38675,0,519,0.0,0.18754959106445312
Solar,1,1884,38675,0,520,0.0,0.26830101013183594
Solar,1,1884,38675,0,521,0.0,0.14763641357421875
Solar,1,1884,38675,0,522,0.0,-0.1852741241455078
Solar,1,1884,38675,0,523,0.0,-0.3100728988647461
Solar,1,1884,38675,0,524,0.0,-0.31256675720214844
Solar,1,1884,38675,0,525,0.0,-0.1716909408569336
Solar,1,1884,38675,0,526,0.0,0.3122396469116211
Solar,1,1884,38675,0,527,0.0,1.2017297744750977
Solar,1,1884,38675,0,528,0.0,2.963944435119629
Solar,1,1884,38675,0,529,0.10000038146972656,4.899847030639648
Solar,1,1884,38675,0,530,10.149999618530273,7.5366082191467285
Solar,1,1884,38675,0,531,15.149999618530273,10.393123626708984
Solar,1,1884,38675,0,532,18.700000762939453,13.304885864257812
Solar,1,1884,38675,0,533,21.25,16.45498275756836
Solar,1,1884,38675,0,534,23.0,19.468416213989258
Solar,1,1884,38675,0,535,25.25,22.784992218017578
Solar,1,1884,38675,0,536,27.75,25.235084533691406
Solar,1,1884,38675,0,537,29.5,28.390121459960938
Solar,1,1884,38675,0,538,30.099998474121094,30.37242317199707
Solar,1,1884,38675,0,539,32.099998474121094,32.57019805908203
Solar,1,1884,38675,0,540,32.5,34.38143539428711
Solar,1,1884,38675,0,541,34.45000076293945,35.93495559692383
Solar,1,1884,38675,0,542,37.900001525878906,36.549598693847656
Solar,1,1884,38675,0,543,38.64999771118164,38.204612731933594
Solar,1,1884,38675,0,544,39.25,38.68695068359375
Solar,1,1884,38675,0,545,39.599998474121094,40.00164794921875
Solar,1,1884,38675,0,546,40.5,40.63802719116211
Solar,1,1884,38675,0,547,41.099998474121094,40.76008987426758
Solar,1,1884,38675,0,548,41.5,41.23282241821289
Solar,1,1884,38675,0,549,42.0,41.4566650390625
Solar,1,1884,38675,0,550,41.599998474121094,41.80342102050781
Solar,1,1884,38675,0,551,40.599998474121094,42.14065933227539
Solar,1,1884,38675,0,552,40.599998474121094,42.47012710571289
Solar,1,1884,38675,0,553,40.5,42.377132415771484
Solar,1,1884,38675,0,554,40.900001525878906,42.18498611450195
Solar,1,1884,38675,0,555,41.79999923706055,42.747711181640625
Solar,1,1884,38675,0,556,42.599998474121094,42.15964889526367
Solar,1,1884,38675,0,557,42.849998474121094,42.27970504760742
Solar,1,1884,38675,0,558,42.70000076293945,41.66840744018555
Solar,1,1884,38675,0,559,41.849998474121094,41.15393829345703
Solar,1,1884,38675,0,560,40.95000076293945,40.842994689941406
Solar,1,1884,38675,0,561,40.79999923706055,40.656002044677734
Solar,1,1884,38675,0,562,41.349998474121094,40.087162017822266
Solar,1,1884,38675,0,563,41.849998474121094,39.852294921875
Solar,1,1884,38675,0,564,41.75,39.19803237915039
Solar,1,1884,38675,0,565,41.349998474121094,38.984832763671875
Solar,1,1884,38675,0,566,41.150001525878906,39.00204086303711
Solar,1,1884,38675,0,567,41.64999771118164,38.72602081298828
Solar,1,1884,38675,0,568,40.79999923706055,39.46286392211914
Solar,1,1884,38675,0,569,40.14999771118164,39.21502685546875
Solar,1,1884,38675,0,570,40.04999923706055,39.59376907348633
Solar,1,1884,38675,0,571,39.849998474121094,39.849308013916016
Solar,1,1884,38675,0,572,40.04999923706055,39.961761474609375
Solar,1,1884,38675,0,573,40.900001525878906,40.69173812866211
Solar,1,1884,38675,0,574,40.04999923706055,40.417198181152344
Solar,1,1884,38675,0,575,39.79999923706055,41.33119201660156
Solar,1,1884,38675,0,576,39.5,41.53396987915039
Solar,1,1884,38675,0,577,39.25,41.290653228759766
Solar,1,1884,38675,0,578,38.44999694824219,41.807437896728516
Solar,1,1884,38675,0,579,37.349998474121094,41.238285064697266
Solar,1,1884,38675,0,580,36.89999771118164,40.87278366088867
Solar,1,1884,38675,0,581,35.599998474121094,40.08203125
Solar,1,1884,38675,0,582,35.75,38.894039154052734
Solar,1,1884,38675,0,583,35.099998474121094,37.84038543701172
Solar,1,1884,38675,0,584,35.099998474121094,36.69684982299805
Solar,1,1884,38675,0,585,35.04999923706055,34.863765716552734
Solar,1,1884,38675,0,586,33.89999771118164,33.55926513671875
Solar,1,1884,38675,0,587,32.20000076293945,32.0098876953125
Solar,1,1884,38675,0,588,29.649999618530273,29.32390594482422
Solar,1,1884,38675,0,589,27.299999237060547,26.957958221435547
Solar,1,1884,38675,0,590,25.049999237060547,24.518611907958984
Solar,1,1884,38675,0,591,23.299999237060547,21.66741180419922
Solar,1,1884,38675,0,592,21.25,18.8604736328125
Solar,1,1884,38675,0,593,19.100000381469727,15.842156410217285
Solar,1,1884,38675,0,594,15.850000381469727,12.892224311828613
Solar,1,1884,38675,0,595,12.200000762939453,10.456624984741211
Solar,1,1884,38675,0,596,8.25,7.5920634269714355
Solar,1,1884,38675,0,597,0.05000114440917969,5.154782295227051
Solar,1,1884,38675,0,598,0.0,3.1131067276000977
Solar,1,1884,38675,0,599,0.0,1.8318967819213867
Solar,1,1884,38675,0,600,0.0,0.8219375610351562
Solar,1,1884,38675,0,601,0.0,-0.03538990020751953
Solar,1,1884,38675,0,602,0.0,-0.5170125961303711
Solar,1,1884,38675,0,603,0.0,-0.4829702377319336
Solar,1,1884,38675,0,604,0.0,-0.23598480224609375
Solar,1,1884,38675,0,605,0.0,-0.2877511978149414
Solar,1,1884,38675,0,606,0.0,0.02907848358154297
Solar,1,1884,38675,0,607,0.0,0.18600940704345703
Solar,1,1884,38675,0,608,0.0,0.3855438232421875
Solar,1,1884,38675,0,609,0.0,0.2630167007446289
Solar,1,1884,38675,0,610,0.0,0.25296592712402344
Solar,1,1884,38675,0,611,0.0,0.1699991226196289
Solar,1,1884,38675,0,612,0.0,-0.03389453887939453
Solar,1,1884,38675,0,613,0.0,-0.038023948669433594
Solar,1,1884,38675,0,614,0.0,-0.24044418334960938
Solar,1,1884,38675,0,615,0.0,-0.2787027359008789
Solar,1,1884,38675,0,616,0.0,-0.33133792877197266
Solar,1,1884,38675,0,617,0.0,-0.2992057800292969
Solar,1,1884,38675,0,618,0.0,-0.3550539016723633
Solar,1,1884,38675,0,619,0.0,-0.18763256072998047
Solar,1,1884,38675,0,620,0.0,-0.17551803588867188
Solar,1,1884,38675,0,621,0.0,-0.17319011688232422
Solar,1,1884,38675,0,622,0.0,-0.27019596099853516
Solar,1,1884,38675,0,623,0.0,-0.23414993286132812
Solar,1,1884,38675,0,624,0.0,-0.23875713348388672
Solar,1,1884,38675,0,625,0.0,-0.2776021957397461
Solar,1,1884,38675,0,626,0.0,-0.17773056030273438
Solar,1,1884,38675,0,627,0.0,-0.037056922912597656
Solar,1,1884,38675,0,628,0.0,-0.2864952087402344
Solar,1,1884,38675,0,629,0.0,-0.21117877960205078
Solar,1,1884,38675,0,630,0.0,-0.1416034698486328
Solar,1,1884,38675,0,631,0.0,-0.19988441467285156
Solar,1,1884,38675,0,632,0.0,-0.1857748031616211
Solar,1,1884,38675,0,633,0.0,-0.015131950378417969
Solar,1,1884,38675,0,634,0.0,-0.33473968505859375
Solar,1,1884,38675,0,635,0.0,-0.15715694427490234
Solar,1,1884,38675,0,636,0.0,-0.17458534240722656
Solar,1,1884,38675,0,637,0.0,-0.24777507781982422
Solar,1,1884,38675,0,638,0.0,-0.20537471771240234
Solar,1,1884,38675,0,639,0.0,-0.2371377944946289
Solar,1,1884,38675,0,640,0.0,-0.22560596466064453
Solar,1,1884,38675,0,641,0.0,-0.2882099151611328
Solar,1,1884,38675,0,642,0.0,-0.1678943634033203
Solar,1,1884,38675,0,643,0.0,-0.11830425262451172
Solar,1,1884,38675,0,644,0.0,-0.19614124298095703
Solar,1,1884,38675,0,645,0.0,-0.10236072540283203
Solar,1,1884,38675,0,646,0.0,-0.2864828109741211
Solar,1,1884,38675,0,647,0.0,-0.12670421600341797
Solar,1,1884,38675,0,648,0.0,-0.1429147720336914
Solar,1,1884,38675,0,649,0.0,-0.12270069122314453
Solar,1,1884,38675,0,650,0.0,-0.17649459838867188
Solar,1,1884,38675,0,651,0.0,-0.11324882507324219
Solar,1,1884,38675,0,652,0.0,-0.20408916473388672
Solar,1,1884,38675,0,653,0.0,-0.3020906448364258
Solar,1,1884,38675,0,654,0.0,-0.31598663330078125
Solar,1,1884,38675,0,655,0.0,-0.27967071533203125
Solar,1,1884,38675,0,656,0.0,-0.14231586456298828
Solar,1,1884,38675,0,657,0.0,-0.12129592895507812
Solar,1,1884,38675,0,658,0.0,0.08485794067382812
Solar,1,1884,38675,0,659,0.0,0.4053974151611328
Solar,1,1884,38675,0,660,0.0,0.5327301025390625
Solar,1,1884,38675,0,661,0.0,0.4867820739746094
Solar,1,1884,38675,0,662,0.0,0.5911331176757812
Solar,1,1884,38675,0,663,0.0,0.3423328399658203
Solar,1,1884,38675,0,664,0.0,0.19907474517822266
Solar,1,1884,38675,0,665,0.0,0.14957714080810547
Solar,1,1884,38675,0,666,0.0,0.17673683166503906
Solar,1,1884,38675,0,667,0.0,-0.30965709686279297
Solar,1,1884,38675,0,668,0.0,-0.2805061340332031
Solar,1,1884,38675,0,669,0.0,0.07429885864257812
Solar,1,1884,38675,0,670,0.0,0.6538763046264648
Solar,1,1884,38675,0,671,0.0,1.6855974197387695
Solar,1,1884,38675,0,672,0.0,3.1228723526000977
Solar,1,1884,38675,0,673,0.10000038146972656,5.399759292602539
Solar,1,1884,38675,0,674,10.65000057220459,7.63096284866333
Solar,1,1884,38675,0,675,18.149999618530273,10.599736213684082
Solar,1,1884,38675,0,676,21.5,13.606082916259766
Solar,1,1884,38675,0,677,22.850000381469727,16.667604446411133
Solar,1,1884,38675,0,678,23.75,20.0212345123291
Solar,1,1884,38675,0,679,26.0,22.940616607666016
Solar,1,1884,38675,0,680,29.700000762939453,25.789920806884766
Solar,1,1884,38675,0,681,33.5,28.238845825195312
Solar,1,1884,38675,0,682,35.349998474121094,30.843402862548828
Solar,1,1884,38675,0,683,37.14999771118164,32.75693893432617
Solar,1,1884,38675,0,684,38.64999771118164,34.25277328491211
Solar,1,1884,38675,0,685,39.94999694824219,36.22317123413086
Solar,1,1884,38675,0,686,40.64999771118164,36.92190170288086
Solar,1,1884,38675,0,687,40.64999771118164,38.549835205078125
Solar,1,1884,38675,0,688,41.849998474121094,39.219970703125
Solar,1,1884,38675,0,689,43.14999771118164,39.84473419189453
Solar,1,1884,38675,0,690,44.5,40.52419662475586
Solar,1,1884,38675,0,691,44.849998474121094,41.07048034667969
Solar,1,1884,38675,0,692,44.349998474121094,41.53661346435547
Solar,1,1884,38675,0,693,44.0,41.79027557373047
Solar,1,1884,38675,0,694,43.79999923706055,42.110321044921875
Solar,1,1884,38675,0,695,43.349998474121094,42.186363220214844
Solar,1,1884,38675,0,696,42.75,42.13170623779297
Solar,1,1884,38675,0,697,41.75,42.003902435302734
Solar,1,1884,38675,0,698,41.39999771118164,41.754241943359375
Solar,1,1884,38675,0,699,44.70000076293945,41.73796081542969
Solar,1,1884,38675,0,700,48.249996185302734,41.7041015625
Solar,1,1884,38675,0,701,49.0,41.364715576171875
Solar,1,1884,38675,0,702,46.150001525878906,41.70920181274414
Solar,1,1884,38675,0,703,45.0,41.35755920410156
Solar,1,1884,38675,0,704,43.599998474121094,40.56771469116211
Solar,1,1884,38675,0,705,40.25,39.976985931396484
Solar,1,1884,38675,0,706,39.94999694824219,39.45005798339844
Solar,1,1884,38675,0,707,40.599998474121094,38.62440872192383
Solar,1,1884,38675,0,708,40.5,38.636940002441406
Solar,1,1884,38675,0,709,40.95000076293945,38.28236770629883
Solar,1,1884,38675,0,710,40.29999923706055,37.38961410522461
Solar,1,1884,38675,0,711,34.89999771118164,37.329132080078125
Solar,1,1884,38675,0,712,38.44999694824219,37.122066497802734
Solar,1,1884,38675,0,713,35.25,37.24847412109375
Solar,1,1884,38675,0,714,29.049999237060547,37.705238342285156
Solar,1,1884,38675,0,715,19.5,38.00224685668945
Solar,1,1884,38675,0,716,35.39999771118164,38.75592803955078
Solar,1,1884,38675,0,717,38.25,39.39851760864258
Solar,1,1884,38675,0,718,41.849998474121094,39.567745208740234
Solar,1,1884,38675,0,719,41.150001525878906,40.24405288696289
Solar,1,1884,38675,0,720,38.25,40.493709564208984
Solar,2,2943,39734,0,1,0.0,-0.0044307708740234375
Solar,2,2943,39734,0,2,0.0,-0.09356498718261719
Solar,2,2943,39734,0,3,0.0,0.07589340209960938
Solar,2,2943,39734,0,4,0.0,-0.13695907592773438
Solar,2,2943,39734,0,5,0.0,-0.08158016204833984
Solar,2,2943,39734,0,6,0.0,-0.20035171508789062
Solar,2,2943,39734,0,7,0.0,-0.10977554321289062
Solar,2,2943,39734,0,8,0.0,-0.19548702239990234
Solar,2,2943,39734,0,9,0.0,0.07697582244873047
Solar,2,2943,39734,0,10,0.0,0.011330604553222656
Solar,2,2943,39734,0,11,0.0,-0.23041820526123047
Solar,2,2943,39734,0,12,0.0,-0.271209716796875
Solar,2,2943,39734,0,13,0.0,-0.26166343688964844
Solar,2,2943,39734,0,14,0.0,-0.0863943099975586
Solar,2,2943,39734,0,15,0.0,-0.23775100708007812
Solar,2,2943,39734,0,16,0.0,-0.17376232147216797
Solar,2,2943,39734,0,17,0.0,-0.21969223022460938
Solar,2,2943,39734,0,18,0.0,-0.19969844818115234
Solar,2,2943,39734,0,19,0.0,-0.2103710174560547
Solar,2,2943,39734,0,20,0.0,-0.14262676239013672
Solar,2,2943,39734,0,21,0.0,-0.17481613159179688
Solar,2,2943,39734,0,22,0.0,-0.0044155120849609375
Solar,2,2943,39734,0,23,0.0,-0.10098648071289062
Solar,2,2943,39734,0,24,0.0,-0.25730323791503906
Solar,2,2943,39734,0,25,0.0,-0.15267181396484375
Solar,2,2943,39734,0,26,0.0,-0.25330352783203125
Solar,2,2943,39734,0,27,0.0,-0.2781553268432617
Solar,2,2943,39734,0,28,0.0,-0.28636646270751953
Solar,2,2943,39734,0,29,0.0,-0.38063526153564453
Solar,2,2943,39734,0,30,0.0,-0.4534912109375
Solar,2,2943,39734,0,31,0.0,-0.31795310974121094
Solar,2,2943,39734,0,32,0.0,-0.12085628509521484
Solar,2,2943,39734,0,33,0.0,-0.35626983642578125
Solar,2,2943,39734,0,34,0.0,-0.24018096923828125
Solar,2,2943,39734,0,35,0.0,-0.07224464416503906
Solar,2,2943,39734,0,36,0.0,0.0019969940185546875
Solar,2,2943,39734,0,37,0.0,-0.14822959899902344
Solar,2,2943,39734,0,38,0.0,-0.3210783004760742
Solar,2,2943,39734,0,39,0.0,-0.696934700012207
Solar,2,2943,39734,0,40,0.0,-1.0197639465332031
Solar,2,2943,39734,0,41,0.0,-1.3006973266601562
Solar,2,2943,39734,0,42,0.0,-0.7571849822998047
Solar,2,2943,39734,0,43,0.0,0.2494049072265625
Solar,2,2943,39734,0,44,0.0,1.1279230117797852
Solar,2,2943,39734,0,45,0.0,3.3353147506713867
Solar,2,2943,39734,0,46,1.1999998092651367,5.501334190368652
Solar,2,2943,39734,0,47,12.15000057220459,8.323795318603516
Solar,2,2943,39734,0,48,17.700000762939453,11.486116409301758
Solar,2,2943,39734,0,49,21.25,14.56787395477295
Solar,2,2943,39734,0,50,22.799999237060547,17.242753982543945
Solar,2,2943,39734,0,51,24.950000762939453,20.308273315429688
Solar,2,2943,39734,0,52,28.299999237060547,22.90911102294922
Solar,2,2943,39734,0,53,29.200000762939453,25.315155029296875
Solar,2,2943,39734,0,54,34.599998474121094,27.521512985229492
Solar,2,2943,39734,0,55,38.04999923706055,29.380157470703125
Solar,2,2943,39734,0,56,38.95000076293945,31.05062484741211
Solar,2,2943,39734,0,57,38.20000076293945,32.56357192993164
Solar,2,2943,39734,0,58,39.599998474121094,33.91202926635742
Solar,2,2943,39734,0,59,40.45000076293945,35.23460006713867
Solar,2,2943,39734,0,60,40.70000076293945,36.061614990234375
Solar,2,2943,39734,0,61,41.94999694824219,36.998191833496094
Solar,2,2943,39734,0,62,42.599998474121094,37.435081481933594
Solar,2,2943,39734,0,63,43.14999771118164,38.72384262084961
Solar,2,2943,39734,0,64,43.29999923706055,38.944923400878906
Solar,2,2943,39734,0,65,43.099998474121094,39.331947326660156
Solar,2,2943,39734,0,66,42.0,39.89057159423828
Solar,2,2943,39734,0,67,42.75,40.07442092895508
Solar,2,2943,39734,0,68,43.39999771118164,40.152042388916016
Solar,2,2943,39734,0,69,43.64999771118164,39.92928695678711
Solar,2,2943,39734,0,70,43.89999771118164,40.24968719482422
Solar,2,2943,39734,0,71,43.5,40.336036682128906
Solar,2,2943,39734,0,72,42.650001525878906,39.86665725708008
Solar,2,2943,39734,0,73,43.14999771118164,39.4503173828125
Solar,2,2943,39734,0,74,43.04999923706055,38.832698822021484
Solar,2,2943,39734,0,75,42.349998474121094,38.591224670410156
Solar,2,2943,39734,0,76,41.20000076293945,38.105628967285156
Solar,2,2943,39734,0,77,40.54999923706055,37.810203552246094
Solar,2,2943,39734,0,78,41.04999923706055,37.616947174072266
Solar,2,2943,39734,0,79,40.0,37.10683059692383
Solar,2,2943,39734,0,80,39.5,37.27389144897461
Solar,2,2943,39734,0,81,40.900001525878906,36.48925018310547
Solar,2,2943,39734,0,82,42.95000076293945,35.653114318847656
Solar,2,2943,39734,0,83,41.20000076293945,35.225528717041016
Solar,2,2943,39734,0,84,27.950000762939453,34.80893325805664
Solar,2,2943,39734,0,85,21.399999618530273,34.801639556884766
Solar,2,2943,39734,0,86,26.5,34.51998519897461
Solar,2,2943,39734,0,87,37.20000076293945,35.096797943115234
Solar,2,2943,39734,0,88,30.64999771118164,34.402931213378906
Solar,2,2943,39734,0,89,34.54999923706055,34.23317337036133
Solar,2,2943,39734,0,90,39.94999694824219,34.42655944824219
Solar,2,2943,39734,0,91,26.600000381469727,34.34995651245117
Solar,2,2943,39734,0,92,40.0,34.60489273071289
Solar,2,2943,39734,0,93,36.849998474121094,34.51267623901367
Solar,2,2943,39734,0,94,34.0,33.98699188232422
Solar,2,2943,39734,0,95,22.75,33.84919738769531
Solar,2,2943,39734,0,96,36.5,33.045204162597656
Solar,2,2943,39734,0,97,37.599998474121094,32.157875061035156
Solar,2,2943,39734,0,98,38.44999694824219,31.640277862548828
Solar,2,2943,39734,0,99,35.95000076293945,31.226425170898438
Solar,2,2943,39734,0,100,34.54999923706055,29.814029693603516
Solar,2,2943,39734,0,101,35.45000076293945,29.14542579650879
Solar,2,2943,39734,0,102,36.75,27.95421600341797
Solar,2,2943,39734,0,103,34.54999923706055,26.809213638305664
Solar,2,2943,39734,0,104,32.849998474121094,24.726451873779297
Solar,2,2943,39734,0,105,31.099998474121094,23.363683700561523
Solar,2,2943,39734,0,106,28.549999237060547,21.05634307861328
Solar,2,2943,39734,0,107,25.200000762939453,18.91168785095215
Solar,2,2943,39734,0,108,22.25,16.266559600830078
Solar,2,2943,39734,0,109,19.350000381469727,14.028027534484863
Solar,2,2943,39734,0,110,15.75,11.073090553283691
Solar,2,2943,39734,0,111,11.550000190734863,8.127985000610352
Solar,2,2943,39734,0,112,6.0,6.087462425231934
Solar,2,2943,39734,0,113,0.35000038146972656,3.954193115234375
Solar,2,2943,39734,0,114,0.0,2.3622379302978516
Solar,2,2943,39734,0,115,0.0,1.4155664443969727
Solar,2,2943,39734,0,116,0.0,0.5251083374023438
Solar,2,2943,39734,0,117,0.0,-0.10056114196777344
Solar,2,2943,39734,0,118,0.0,-0.3409910202026367
Solar,2,2943,39734,0,119,0.0,-0.41945362091064453
Solar,2,2943,39734,0,120,0.0,-0.30115604400634766
Solar,2,2943,39734,0,121,0.0,-0.21433448791503906
Solar,2,2943,39734,0,122,0.0,-0.3812875747680664
Solar,2,2943,39734,0,123,0.0,-0.17151832580566406
Solar,2,2943,39734,0,124,0.0,-0.2557830810546875
Solar,2,2943,39734,0,125,0.0,-0.13597965240478516
Solar,2,2943,39734,0,126,0.0,-0.19779014587402344
Solar,2,2943,39734,0,127,0.0,-0.3277626037597656
Solar,2,2943,39734,0,128,0.0,-0.12038898468017578
Solar,2,2943,39734,0,129,0.0,-0.26152801513671875
Solar,2,2943,39734,0,130,0.0,-0.19260406494140625
Solar,2,2943,39734,0,131,0.0,-0.12036895751953125
Solar,2,2943,39734,0,132,0.0,0.11652660369873047
Solar,2,2943,39734,0,133,0.0,-0.1010589599609375
Solar,2,2943,39734,0,134,0.0,0.17008686065673828
Solar,2,2943,39734,0,135,0.0,-0.133453369140625
Solar,2,2943,39734,0,136,0.0,0.10821151733398438
Solar,2,2943,39734,0,137,0.0,-0.04517173767089844
Solar,2,2943,39734,0,138,0.0,-0.012373924255371094
Solar,2,2943,39734,0,139,0.0,0.10415458679199219
Solar,2,2943,39734,0,140,0.0,0.17023944854736328
Solar,2,2943,39734,0,141,0.0,0.1740560531616211
Solar,2,2943,39734,0,142,0.0,0.17555904388427734
Solar,2,2943,39734,0,143,0.0,0.26499080657958984
Solar,2,2943,39734,0,144,0.0,0.12583160400390625
Solar,2,2943,39734,0,145,0.0,-0.08035945892333984
Solar,2,2943,39734,0,146,0.0,-0.13557910919189453
Solar,2,2943,39734,0,147,0.0,-0.03749370574951172
Solar,2,2943,39734,0,148,0.0,-0.3888702392578125
Solar,2,2943,39734,0,149,0.0,-0.2598724365234375
Solar,2,2943,39734,0,150,0.0,-0.21674346923828125
Solar,2,2943,39734,0,151,0.0,-0.04069805145263672
Solar,2,2943,39734,0,152,0.0,-0.06406402587890625
Solar,2,2943,39734,0,153,0.0,-0.07724761962890625
Solar,2,2943,39734,0,154,0.0,-0.10332393646240234
Solar,2,2943,39734,0,155,0.0,-0.1940746307373047
Solar,2,2943,39734,0,156,0.0,-0.09041786193847656
Solar,2,2943,39734,0,157,0.0,-0.26434326171875
Solar,2,2943,39734,0,158,0.0,-0.19516658782958984
Solar,2,2943,39734,0,159,0.0,-0.3809528350830078
Solar,2,2943,39734,0,160,0.0,-0.28119564056396484
Solar,2,2943,39734,0,161,0.0,-0.08432674407958984
Solar,2,2943,39734,0,162,0.0,-0.3579244613647461
Solar,2,2943,39734,0,163,0.0,-0.24622154235839844
Solar,2,2943,39734,0,164,0.0,-0.1405162811279297
Solar,2,2943,39734,0,165,0.0,-0.1617288589477539
Solar,2,2943,39734,0,166,0.0,-0.22511959075927734
Solar,2,2943,39734,0,167,0.0,-0.018701553344726562
Solar,2,2943,39734,0,168,0.0,-0.13894271850585938
Solar,2,2943,39734,0,169,0.0,-0.1125030517578125
Solar,2,2943,39734,0,170,0.0,-0.1759014129638672
Solar,2,2943,39734,0,171,0.0,-0.4328651428222656
Solar,2,2943,39734,0,172,0.0,-0.2767019271850586
Solar,2,2943,39734,0,173,0.0,-0.24672985076904297
Solar,2,2943,39734,0,174,0.0,-0.18800067901611328
Solar,2,2943,39734,0,175,0.0,-0.3631010055541992
Solar,2,2943,39734,0,176,0.0,-0.23400497436523438
Solar,2,2943,39734,0,177,0.0,-0.1556100845336914
Solar,2,2943,39734,0,178,0.0,-0.009519577026367188
Solar,2,2943,39734,0,179,0.0,-0.16279220581054688
Solar,2,2943,39734,0,180,0.0,-0.21851062774658203
Solar,2,2943,39734,0,181,0.0,-0.1273345947265625
Solar,2,2943,39734,0,182,0.0,-0.346649169921875
Solar,2,2943,39734,0,183,0.0,-0.495819091796875
Solar,2,2943,39734,0,184,0.0,-0.7714405059814453
Solar,2,2943,39734,0,185,0.0,-0.7473611831665039
Solar,2,2943,39734,0,186,0.0,-0.28293323516845703
Solar,2,2943,39734,0,187,0.0,0.5987958908081055
Solar,2,2943,39734,0,188,0.0,1.7046699523925781
Solar,2,2943,39734,0,189,0.0,3.558356285095215
Solar,2,2943,39734,0,190,0.05000114440917969,5.653624534606934
Solar,2,2943,39734,0,191,8.699999809265137,8.56300163269043
Solar,2,2943,39734,0,192,17.399999618530273,11.813411712646484
Solar,2,2943,39734,0,193,21.299999237060547,14.631589889526367
Solar,2,2943,39734,0,194,24.799999237060547,18.22352409362793
Solar,2,2943,39734,0,195,27.200000762939453,21.753273010253906
Solar,2,2943,39734,0,196,28.5,24.465896606445312
Solar,2,2943,39734,0,197,30.349998474121094,27.01508140563965
Solar,2,2943,39734,0,198,34.150001525878906,29.340728759765625
Solar,2,2943,39734,0,199,34.89999771118164,31.81371307373047
Solar,2,2943,39734,0,200,35.45000076293945,33.30227279663086
Solar,2,2943,39734,0,201,35.900001525878906,34.75920867919922
Solar,2,2943,39734,0,202,36.54999923706055,36.53855514526367
Solar,2,2943,39734,0,203,38.14999771118164,37.81721115112305
Solar,2,2943,39734,0,204,39.400001525878906,39.030948638916016
Solar,2,2943,39734,0,205,39.45000076293945,39.748924255371094
Solar,2,2943,39734,0,206,39.70000076293945,40.163330078125
Solar,2,2943,39734,0,207,40.39999771118164,40.956756591796875
Solar,2,2943,39734,0,208,41.25,41.44050216674805
Solar,2,2943,39734,0,209,41.54999923706055,41.9544677734375
Solar,2,2943,39734,0,210,42.0,42.46782302856445
Solar,2,2943,39734,0,211,41.89999771118164,42.51026153564453
Solar,2,2943,39734,0,212,41.54999923706055,42.713191986083984
Solar,2,2943,39734,0,213,41.20000076293945,42.74435806274414
Solar,2,2943,39734,0,214,41.04999923706055,42.46977233886719
Solar,2,2943,39734,0,215,41.150001525878906,41.94476318359375
Solar,2,2943,39734,0,216,41.29999923706055,41.699066162109375
Solar,2,2943,39734,0,217,40.849998474121094,41.841827392578125
Solar,2,2943,39734,0,218,40.70000076293945,40.989158630371094
Solar,2,2943,39734,0,219,40.599998474121094,40.065818786621094
Solar,2,2943,39734,0,220,40.64999771118164,40.3991584777832
Solar,2,2943,39734,0,221,40.95000076293945,39.7853889465332
Solar,2,2943,39734,0,222,41.45000076293945,39.23371505737305
Solar,2,2943,39734,0,223,40.349998474121094,38.46991729736328
Solar,2,2943,39734,0,224,40.29999923706055,38.12918472290039
Solar,2,2943,39734,0,225,42.45000076293945,37.769927978515625
Solar,2,2943,39734,0,226,42.849998474121094,37.60045623779297
Solar,2,2943,39734,0,227,41.599998474121094,37.12278747558594
Solar,2,2943,39734,0,228,39.45000076293945,36.88002014160156
Solar,2,2943,39734,0,229,24.25,36.23062515258789
Solar,2,2943,39734,0,230,14.75,36.65187072753906
Solar,2,2943,39734,0,231,32.54999923706055,36.45354461669922
Solar,2,2943,39734,0,232,35.19999694824219,36.43442153930664
Solar,2,2943,39734,0,233,38.29999923706055,36.39094543457031
Solar,2,2943,39734,0,234,41.5,36.36079025268555
Solar,2,2943,39734,0,235,37.70000076293945,36.367862701416016
Solar,2,2943,39734,0,236,26.700000762939453,36.696044921875
Solar,2,2943,39734,0,237,36.25,36.095008850097656
Solar,2,2943,39734,0,238,32.150001525878906,35.58894348144531
Solar,2,2943,39734,0,239,31.0,34.72365188598633
Solar,2,2943,39734,0,240,41.349998474121094,34.57083511352539
Solar,2,2943,39734,0,241,41.45000076293945,33.40245056152344
Solar,2,2943,39734,0,242,40.95000076293945,32.562652587890625
Solar,2,2943,39734,0,243,40.599998474121094,31.815200805664062
Solar,2,2943,39734,0,244,39.849998474121094,30.458354949951172
Solar,2,2943,39734,0,245,38.20000076293945,29.40088653564453
Solar,2,2943,39734,0,246,36.20000076293945,28.073413848876953
Solar,2,2943,39734,0,247,34.20000076293945,26.888442993164062
Solar,2,2943,39734,0,248,32.20000076293945,24.73550796508789
Solar,2,2943,39734,0,249,30.64999771118164,23.241497039794922
Solar,2,2943,39734,0,250,25.099998474121094,21.35793685913086
Solar,2,2943,39734,0,251,22.799999237060547,19.05271339416504
Solar,2,2943,39734,0,252,21.649999618530273,16.913286209106445
Solar,2,2943,39734,0,253,18.799999237060547,13.71341323852539
Solar,2,2943,39734,0,254,15.199999809265137,11.510515213012695
Solar,2,2943,39734,0,255,10.90000057220459,8.68975830078125
Solar,2,2943,39734,0,256,3.7500009536743164,6.727352619171143
Solar,2,2943,39734,0,257,0.05000114440917969,4.63507080078125
Solar,2,2943,39734,0,258,0.0,2.8232717514038086
Solar,2,2943,39734,0,259,0.0,1.741647720336914
Solar,2,2943,39734,0,260,0.0,0.6557226181030273
Solar,2,2943,39734,0,261,0.0,0.02270793914794922
Solar,2,2943,39734,0,262,0.0,-0.23511505126953125
Solar,2,2943,39734,0,263,0.0,-0.4529533386230469
Solar,2,2943,39734,0,264,0.0,-0.3289022445678711
Solar,2,2943,39734,0,265,0.0,-0.26500797271728516
Solar,2,2943,39734,0,266,0.0,-0.20139694213867188
Solar,2,2943,39734,0,267,0.0,-0.21048736572265625
Solar,2,2943,39734,0,268,0.0,-0.34262943267822266
Solar,2,2943,39734,0,269,0.0,-0.18628978729248047
Solar,2,2943,39734,0,270,0.0,-0.14701271057128906
Solar,2,2943,39734,0,271,0.0,-0.3004732131958008
Solar,2,2943,39734,0,272,0.0,0.04318523406982422
Solar,2,2943,39734,0,273,0.0,0.0010080337524414062
Solar,2,2943,39734,0,274,0.0,0.04227256774902344
Solar,2,2943,39734,0,275,0.0,-0.1043233871459961
Solar,2,2943,39734,0,276,0.0,0.06195068359375
Solar,2,2943,39734,0,277,0.0,-0.008227348327636719
Solar,2,2943,39734,0,278,0.0,0.16570091247558594
Solar,2,2943,39734,0,279,0.0,0.01960468292236328
Solar,2,2943,39734,0,280,0.0,0.12307071685791016
Solar,2,2943,39734,0,281,0.0,0.08149242401123047
Solar,2,2943,39734,0,282,0.0,0.08215713500976562
Solar,2,2943,39734,0,283,0.0,0.2399425506591797
Solar,2,2943,39734,0,284,0.0,0.0795602798461914
Solar,2,2943,39734,0,285,0.0,0.07465648651123047
Solar,2,2943,39734,0,286,0.0,0.24252605438232422
Solar,2,2943,39734,0,287,0.0,0.07474422454833984
Solar,2,2943,39734,0,288,0.0,0.033702850341796875
Solar,2,2943,39734,0,289,0.0,-0.07188606262207031
Solar,2,2943,39734,0,290,0.0,-0.08672618865966797
Solar,2,2943,39734,0,291,0.0,-0.1326303482055664
Solar,2,2943,39734,0,292,0.0,-0.23400497436523438
Solar,2,2943,39734,0,293,0.0,-0.26400279998779297
Solar,2,2943,39734,0,294,0.0,-0.11808490753173828
Solar,2,2943,39734,0,295,0.0,-0.1544628143310547
Solar,2,2943,39734,0,296,0.0,-0.10906124114990234
Solar,2,2943,39734,0,297,0.0,0.043091773986816406
Solar,2,2943,39734,0,298,0.0,-0.014247894287109375
Solar,2,2943,39734,0,299,0.0,0.06075000762939453
Solar,2,2943,39734,0,300,0.0,-0.10331249237060547
Solar,2,2943,39734,0,301,0.0,0.02404308319091797
Solar,2,2943,39734,0,302,0.0,-0.15816783905029297
Solar,2,2943,39734,0,303,0.0,-0.19391822814941406
Solar,2,2943,39734,0,304,0.0,-0.15929603576660156
Solar,2,2943,39734,0,305,0.0,-0.11921405792236328
Solar,2,2943,39734,0,306,0.0,-0.16877269744873047
Solar,2,2943,39734,0,307,0.0,-0.2545156478881836
Solar,2,2943,39734,0,308,0.0,-0.3366823196411133
Solar,2,2943,39734,0,309,0.0,-0.16155529022216797
Solar,2,2943,39734,0,310,0.0,-0.10143661499023438
Solar,2,2943,39734,0,311,0.0,-0.0062122344970703125
Solar,2,2943,39734,0,312,0.0,-0.035811424255371094
Solar,2,2943,39734,0,313,0.0,-0.19820117950439453
Solar,2,2943,39734,0,314,0.0,0.05553150177001953
Solar,2,2943,39734,0,315,0.0,-0.21823978424072266
Solar,2,2943,39734,0,316,0.0,-0.11930561065673828
Solar,2,2943,39734,0,317,0.0,-0.3234996795654297
Solar,2,2943,39734,0,318,0.0,-0.2341175079345703
Solar,2,2943,39734,0,319,0.0,-0.28751182556152344
Solar,2,2943,39734,0,320,0.0,-0.181427001953125
Solar,2,2943,39734,0,321,0.0,-0.18296051025390625
Solar,2,2943,39734,0,322,0.0,0.019263267517089844
Solar,2,2943,39734,0,323,0.0,-0.0635223388671875
Solar,2,2943,39734,0,324,0.0,-0.01564502716064453
Solar,2,2943,39734,0,325,0.0,-0.21542072296142578
Solar,2,2943,39734,0,326,0.0,-0.3438911437988281
Solar,2,2943,39734,0,327,0.0,-0.632502555847168
Solar,2,2943,39734,0,328,0.0,-0.8557529449462891
Solar,2,2943,39734,0,329,0.0,-0.7946329116821289
Solar,2,2943,39734,0,330,0.0,-0.4748401641845703
Solar,2,2943,39734,0,331,0.0,0.44133663177490234
Solar,2,2943,39734,0,332,0.0,1.6214122772216797
Solar,2,2943,39734,0,333,0.0,3.6159162521362305
Solar,2,2943,39734,0,334,0.0,5.905102729797363
Solar,2,2943,39734,0,335,6.0,8.669927597045898
Solar,2,2943,39734,0,336,15.149999618530273,11.943641662597656
Solar,2,2943,39734,0,337,18.950000762939453,15.229037284851074
Solar,2,2943,39734,0,338,22.399999618530273,18.562992095947266
Solar,2,2943,39734,0,339,23.950000762939453,21.58489418029785
Solar,2,2943,39734,0,340,25.149999618530273,24.250511169433594
Solar,2,2943,39734,0,341,28.19999885559082,26.90314483642578
Solar,2,2943,39734,0,342,32.75,29.211360931396484
Solar,2,2943,39734,0,343,34.54999923706055,31.305248260498047
Solar,2,2943,39734,0,344,37.54999923706055,32.81193542480469
Solar,2,2943,39734,0,345,39.45000076293945,34.4325065612793
Solar,2,2943,39734,0,346,40.19999694824219,36.17237854003906
Solar,2,2943,39734,0,347,41.099998474121094,36.712364196777344
Solar,2,2943,39734,0,348,41.150001525878906,38.090457916259766
Solar,2,2943,39734,0,349,41.79999923706055,38.737815856933594
Solar,2,2943,39734,0,350,42.650001525878906,39.42365646362305
Solar,2,2943,39734,0,351,43.04999923706055,40.5352897644043
Solar,2,2943,39734,0,352,43.44999694824219,41.54998779296875
Solar,2,2943,39734,0,353,43.25,41.18781280517578
Solar,2,2943,39734,0,354,41.94999694824219,41.786781311035156
Solar,2,2943,39734,0,355,41.25,41.92407989501953
Solar,2,2943,39734,0,356,41.349998474121094,42.27836608886719
Solar,2,2943,39734,0,357,42.04999923706055,41.65375900268555
Solar,2,2943,39734,0,358,42.04999923706055,41.5633659362793
Solar,2,2943,39734,0,359,42.20000076293945,41.4685173034668
Solar,2,2943,39734,0,360,42.099998474121094,41.31874084472656
Solar,2,2943,39734,0,361,42.04999923706055,40.42471694946289
Solar,2,2943,39734,0,362,42.0,40.376522064208984
Solar,2,2943,39734,0,363,42.79999923706055,39.74833679199219
Solar,2,2943,39734,0,364,43.79999923706055,39.18716049194336
Solar,2,2943,39734,0,365,43.70000076293945,39.0556526184082
Solar,2,2943,39734,0,366,41.349998474121094,37.931888580322266
Solar,2,2943,39734,0,367,41.849998474121094,37.468074798583984
Solar,2,2943,39734,0,368,43.75,36.9885368347168
Solar,2,2943,39734,0,369,46.29999923706055,36.67379379272461
Solar,2,2943,39734,0,370,46.94999694824219,36.4432487487793
Solar,2,2943,39734,0,371,44.70000076293945,36.221038818359375
Solar,2,2943,39734,0,372,42.70000076293945,35.911739349365234
Solar,2,2943,39734,0,373,45.39999771118164,35.06563186645508
Solar,2,2943,39734,0,374,47.099998474121094,34.83348846435547
Solar,2,2943,39734,0,375,47.349998474121094,35.105934143066406
Solar,2,2943,39734,0,376,47.44999694824219,35.10091781616211
Solar,2,2943,39734,0,377,44.349998474121094,34.813865661621094
Solar,2,2943,39734,0,378,42.29999923706055,34.86199951171875
Solar,2,2943,39734,0,379,42.650001525878906,34.831932067871094
Solar,2,2943,39734,0,380,43.39999771118164,34.5482292175293
Solar,2,2943,39734,0,381,43.54999923706055,34.7184944152832
Solar,2,2943,39734,0,382,43.19999694824219,34.40847396850586
Solar,2,2943,39734,0,383,42.0,33.84686279296875
Solar,2,2943,39734,0,384,42.45000076293945,32.9076042175293
Solar,2,2943,39734,0,385,41.25,32.154449462890625
Solar,2,2943,39734,0,386,28.899999618530273,31.121509552001953
Solar,2,2943,39734,0,387,22.299999237060547,30.670940399169922
Solar,2,2943,39734,0,388,6.050000190734863,29.077869415283203
Solar,2,2943,39734,0,389,27.450000762939453,28.045578002929688
Solar,2,2943,39734,0,390,35.70000076293945,26.948644638061523
Solar,2,2943,39734,0,391,34.5,25.513103485107422
Solar,2,2943,39734,0,392,32.45000076293945,23.35379409790039
Solar,2,2943,39734,0,393,30.049999237060547,21.878686904907227
Solar,2,2943,39734,0,394,27.099998474121094,20.11216926574707
Solar,2,2943,39734,0,395,25.049999237060547,17.49242401123047
Solar,2,2943,39734,0,396,22.5,15.455414772033691
Solar,2,2943,39734,0,397,20.100000381469727,12.642107963562012
Solar,2,2943,39734,0,398,17.799999237060547,10.656131744384766
Solar,2,2943,39734,0,399,16.049999237060547,8.552810668945312
Solar,2,2943,39734,0,400,15.399999618530273,5.986808776855469
Solar,2,2943,39734,0,401,7.800000190734863,4.225852012634277
Solar,2,2943,39734,0,402,0.0,2.6296920776367188
Solar,2,2943,39734,0,403,0.0,1.5169734954833984
Solar,2,2943,39734,0,404,0.0,0.8441181182861328
Solar,2,2943,39734,0,405,0.0,-0.017159461975097656
Solar,2,2943,39734,0,406,0.0,-0.32314109802246094
Solar,2,2943,39734,0,407,0.0,-0.3679952621459961
Solar,2,2943,39734,0,408,0.0,-0.6016817092895508
Solar,2,2943,39734,0,409,0.0,-0.4262428283691406
Solar,2,2943,39734,0,410,0.0,-0.22085857391357422
Solar,2,2943,39734,0,411,0.0,-0.36576080322265625
Solar,2,2943,39734,0,412,0.0,-0.42220115661621094
Solar,2,2943,39734,0,413,0.0,-0.14401531219482422
Solar,2,2943,39734,0,414,0.0,-0.18254375457763672
Solar,2,2943,39734,0,415,0.0,0.008769989013671875
Solar,2,2943,39734,0,416,0.0,-0.1614208221435547
Solar,2,2943,39734,0,417,0.0,-0.008182525634765625
Solar,2,2943,39734,0,418,0.0,-0.04881572723388672
Solar,2,2943,39734,0,419,0.0,-0.029738426208496094
Solar,2,2943,39734,0,420,0.0,0.14501380920410156
Solar,2,2943,39734,0,421,0.0,0.06527996063232422
Solar,2,2943,39734,0,422,0.0,0.03989410400390625
Solar,2,2943,39734,0,423,0.0,-0.06338214874267578
Solar,2,2943,39734,0,424,0.0,-0.031386375427246094
Solar,2,2943,39734,0,425,0.0,-0.07804679870605469
Solar,2,2943,39734,0,426,0.0,0.10609149932861328
Solar,2,2943,39734,0,427,0.0,0.1454753875732422
Solar,2,2943,39734,0,428,0.0,0.14738750457763672
Solar,2,2943,39734,0,429,0.0,0.0211334228515625
Solar,2,2943,39734,0,430,0.0,0.08173084259033203
Solar,2,2943,39734,0,431,0.0,0.10898494720458984
Solar,2,2943,39734,0,432,0.0,0.05191230773925781
Solar,2,2943,39734,0,433,0.0,-0.08376216888427734
Solar,2,2943,39734,0,434,0.0,-0.07439517974853516
Solar,2,2943,39734,0,435,0.0,-0.13706684112548828
Solar,2,2943,39734,0,436,0.0,-0.12716293334960938
Solar,2,2943,39734,0,437,0.0,-0.05489635467529297
Solar,2,2943,39734,0,438,0.0,-0.1464710235595703
Solar,2,2943,39734,0,439,0.0,-0.1219625473022461
Solar,2,2943,39734,0,440,0.0,-0.18492794036865234
Solar,2,2943,39734,0,441,0.0,-0.01595020294189453
Solar,2,2943,39734,0,442,0.0,-0.10972213745117188
Solar,2,2943,39734,0,443,0.0,-0.13616180419921875
Solar,2,2943,39734,0,444,0.0,-0.07450389862060547
Solar,2,2943,39734,0,445,0.0,-0.23308849334716797
Solar,2,2943,39734,0,446,0.0,-0.09166431427001953
Solar,2,2943,39734,0,447,0.0,-0.2603302001953125
Solar,2,2943,39734,0,448,0.0,-0.2532377243041992
Solar,2,2943,39734,0,449,0.0,-0.16687297821044922
Solar,2,2943,39734,0,450,0.0,-0.027463912963867188
Solar,2,2943,39734,0,451,0.0,-0.10986042022705078
Solar,2,2943,39734,0,452,0.0,-0.0635519027709961
Solar,2,2943,39734,0,453,0.0,0.0054607391357421875
Solar,2,2943,39734,0,454,0.0,-0.09209728240966797
Solar,2,2943,39734,0,455,0.0,-0.0274658203125
Solar,2,2943,39734,0,456,0.0,-0.14139938354492188
Solar,2,2943,39734,0,457,0.0,0.06340980529785156
Solar,2,2943,39734,0,458,0.0,-0.12071514129638672
Solar,2,2943,39734,0,459,0.0,-0.2225933074951172
Solar,2,2943,39734,0,460,0.0,-0.23902511596679688
Solar,2,2943,39734,0,461,0.0,-0.208648681640625
Solar,2,2943,39734,0,462,0.0,-0.23038482666015625
Solar,2,2943,39734,0,463,0.0,-0.16483592987060547
Solar,2,2943,39734,0,464,0.0,-0.07750988006591797
Solar,2,2943,39734,0,465,0.0,0.035904884338378906
Solar,2,2943,39734,0,466,0.0,0.2710094451904297
Solar,2,2943,39734,0,467,0.0,0.19311809539794922
Solar,2,2943,39734,0,468,0.0,-0.043837547302246094
Solar,2,2943,39734,0,469,0.0,-0.4944419860839844
Solar,2,2943,39734,0,470,0.0,-0.5003833770751953
Solar,2,2943,39734,0,471,0.0,-0.5800447463989258
Solar,2,2943,39734,0,472,0.0,-0.7738780975341797
Solar,2,2943,39734,0,473,0.0,-0.772679328918457
Solar,2,2943,39734,0,474,0.0,-0.7084236145019531
Solar,2,2943,39734,0,475,0.0,0.21020126342773438
Solar,2,2943,39734,0,476,0.0,1.529057502746582
Solar,2,2943,39734,0,477,0.0,3.1635026931762695
Solar,2,2943,39734,0,478,0.05000114440917969,5.4896345138549805
Solar,2,2943,39734,0,479,10.050000190734863,8.054527282714844
Solar,2,2943,39734,0,480,17.299999237060547,11.324679374694824
Solar,2,2943,39734,0,481,21.700000762939453,14.26331901550293
Solar,2,2943,39734,0,482,26.049999237060547,16.915769577026367
Solar,2,2943,39734,0,483,29.450000762939453,20.073352813720703
Solar,2,2943,39734,0,484,32.349998474121094,22.857986450195312
Solar,2,2943,39734,0,485,34.599998474121094,25.670146942138672
Solar,2,2943,39734,0,486,36.849998474121094,27.980430603027344
Solar,2,2943,39734,0,487,38.95000076293945,30.01337242126465
Solar,2,2943,39734,0,488,40.19999694824219,31.514251708984375
Solar,2,2943,39734,0,489,41.099998474121094,33.21358108520508
Solar,2,2943,39734,0,490,41.5,34.662662506103516
Solar,2,2943,39734,0,491,42.650001525878906,35.84356689453125
Solar,2,2943,39734,0,492,42.75,37.02696228027344
Solar,2,2943,39734,0,493,43.19999694824219,37.870872497558594
Solar,2,2943,39734,0,494,43.0,38.4826545715332
Solar,2,2943,39734,0,495,43.54999923706055,39.26081466674805
Solar,2,2943,39734,0,496,43.5,39.35006332397461
Solar,2,2943,39734,0,497,44.54999923706055,40.35009765625
Solar,2,2943,39734,0,498,45.849998474121094,40.2534065246582
Solar,2,2943,39734,0,499,46.04999923706055,40.277984619140625
Solar,2,2943,39734,0,500,45.5,40.93933868408203
Solar,2,2943,39734,0,501,44.79999923706055,40.31990432739258
Solar,2,2943,39734,0,502,44.5,40.07770538330078
Solar,2,2943,39734,0,503,43.39999771118164,40.14253234863281
Solar,2,2943,39734,0,504,42.099998474121094,39.57637405395508
Solar,2,2943,39734,0,505,40.45000076293945,39.267120361328125
Solar,2,2943,39734,0,506,40.349998474121094,39.10444259643555
Solar,2,2943,39734,0,507,40.39999771118164,38.776458740234375
Solar,2,2943,39734,0,508,39.89999771118164,38.355552673339844
Solar,2,2943,39734,0,509,40.29999923706055,37.976802825927734
Solar,2,2943,39734,0,510,40.54999923706055,37.50693130493164
Solar,2,2943,39734,0,511,40.099998474121094,37.162288665771484
Solar,2,2943,39734,0,512,39.04999923706055,36.614891052246094
Solar,2,2943,39734,0,513,39.35000228881836,36.28762435913086
Solar,2,2943,39734,0,514,39.150001525878906,35.58434295654297
Solar,2,2943,39734,0,515,40.04999923706055,35.144248962402344
Solar,2,2943,39734,0,516,42.5,35.085899353027344
Solar,2,2943,39734,0,517,42.54999923706055,34.63666915893555
Solar,2,2943,39734,0,518,43.19999694824219,34.246063232421875
Solar,2,2943,39734,0,519,43.75,34.09445571899414
Solar,2,2943,39734,0,520,43.39999771118164,34.247703552246094
Solar,2,2943,39734,0,521,43.349998474121094,34.33919143676758
Solar,2,2943,39734,0,522,44.349998474121094,33.85000228881836
Solar,2,2943,39734,0,523,44.29999923706055,33.879966735839844
Solar,2,2943,39734,0,524,44.5,33.71204376220703
Solar,2,2943,39734,0,525,44.64999771118164,33.4609489440918
Solar,2,2943,39734,0,526,44.349998474121094,33.11271667480469
Solar,2,2943,39734,0,527,43.79999923706055,32.54228591918945
Solar,2,2943,39734,0,528,43.70000076293945,32.116634368896484
Solar,2,2943,39734,0,529,43.44999694824219,31.752891540527344
Solar,2,2943,39734,0,530,43.29999923706055,31.169410705566406
Solar,2,2943,39734,0,531,42.5,29.841075897216797
Solar,2,2943,39734,0,532,41.5,28.916973114013672
Solar,2,2943,39734,0,533,39.650001525878906,28.037208557128906
Solar,2,2943,39734,0,534,37.599998474121094,26.91826629638672
Solar,2,2943,39734,0,535,35.099998474121094,25.417293548583984
Solar,2,2943,39734,0,536,33.5,23.470123291015625
Solar,2,2943,39734,0,537,30.849998474121094,21.884166717529297
Solar,2,2943,39734,0,538,28.0,20.02867317199707
Solar,2,2943,39734,0,539,25.600000381469727,17.192028045654297
Solar,2,2943,39734,0,540,19.700000762939453,15.361595153808594
Solar,2,2943,39734,0,541,12.550000190734863,12.93625259399414
Solar,2,2943,39734,0,542,2.1999998092651367,10.774127960205078
Solar,2,2943,39734,0,543,0.0,8.093250274658203
Solar,2,2943,39734,0,544,0.0,6.120610237121582
Solar,2,2943,39734,0,545,0.0,4.4065704345703125
Solar,2,2943,39734,0,546,0.0,2.709451675415039
Solar,2,2943,39734,0,547,0.0,1.4101390838623047
Solar,2,2943,39734,0,548,0.0,0.5402584075927734
Solar,2,2943,39734,0,549,0.0,-0.2400064468383789
Solar,2,2943,39734,0,550,0.0,-0.29436397552490234
Solar,2,2943,39734,0,551,0.0,-0.40871238708496094
Solar,2,2943,39734,0,552,0.0,-0.5330333709716797
Solar,2,2943,39734,0,553,0.0,-0.4060850143432617
Solar,2,2943,39734,0,554,0.0,-0.41121578216552734
Solar,2,2943,39734,0,555,0.0,-0.26606178283691406
Solar,2,2943,39734,0,556,0.0,-0.2661609649658203
Solar,2,2943,39734,0,557,0.0,-0.06502723693847656
Solar,2,2943,39734,0,558,0.0,-0.1342296600341797
Solar,2,2943,39734,0,559,0.0,-0.07807159423828125
Solar,2,2943,39734,0,560,0.0,-0.17380046844482422
Solar,2,2943,39734,0,561,0.0,-0.09703540802001953
Solar,2,2943,39734,0,562,0.0,-0.1492910385131836
Solar,2,2943,39734,0,563,0.0,-0.06418323516845703
Solar,2,2943,39734,0,564,0.0,0.07508468627929688
Solar,2,2943,39734,0,565,0.0,-0.04989051818847656
Solar,2,2943,39734,0,566,0.0,0.008103370666503906
Solar,2,2943,39734,0,567,0.0,0.0647134780883789
Solar,2,2943,39734,0,568,0.0,-0.0052013397216796875
Solar,2,2943,39734,0,569,0.0,0.003962516784667969
Solar,2,2943,39734,0,570,0.0,-0.024369239807128906
Solar,2,2943,39734,0,571,0.0,0.012445449829101562
Solar,2,2943,39734,0,572,0.0,-0.08887767791748047
Solar,2,2943,39734,0,573,0.0,-0.08447456359863281
Solar,2,2943,39734,0,574,0.0,-0.048618316650390625
Solar,2,2943,39734,0,575,0.0,-0.019506454467773438
Solar,2,2943,39734,0,576,0.0,-0.07678890228271484
Solar,2,2943,39734,0,577,0.0,0.07089424133300781
Solar,2,2943,39734,0,578,0.0,-0.10469341278076172
Solar,2,2943,39734,0,579,0.0,-0.07819557189941406
Solar,2,2943,39734,0,580,0.0,-0.2713804244995117
Solar,2,2943,39734,0,581,0.0,-0.17815494537353516
Solar,2,2943,39734,0,582,0.0,-0.17703533172607422
Solar,2,2943,39734,0,583,0.0,-0.13278675079345703
Solar,2,2943,39734,0,584,0.0,-0.27480316162109375
Solar,2,2943,39734,0,585,0.0,-0.025522232055664062
Solar,2,2943,39734,0,586,0.0,-0.16219615936279297
Solar,2,2943,39734,0,587,0.0,-0.10046100616455078
Solar,2,2943,39734,0,588,0.0,-0.17326927185058594
Solar,2,2943,39734,0,589,0.0,-0.20098209381103516
Solar,2,2943,39734,0,590,0.0,-0.11882591247558594
Solar,2,2943,39734,0,591,0.0,-0.19459915161132812
Solar,2,2943,39734,0,592,0.0,-0.21037960052490234
Solar,2,2943,39734,0,593,0.0,-0.2178192138671875
Solar,2,2943,39734,0,594,0.0,-0.10480594635009766
Solar,2,2943,39734,0,595,0.0,-0.20766830444335938
Solar,2,2943,39734,0,596,0.0,-0.16472911834716797
Solar,2,2943,39734,0,597,0.0,-0.08226394653320312
Solar,2,2943,39734,0,598,0.0,-0.00035762786865234375
Solar,2,2943,39734,0,599,0.0,-0.19557857513427734
Solar,2,2943,39734,0,600,0.0,-0.09820175170898438
Solar,2,2943,39734,0,601,0.0,-0.14440345764160156
Solar,2,2943,39734,0,602,0.0,-0.24441909790039062
Solar,2,2943,39734,0,603,0.0,-0.20863819122314453
Solar,2,2943,39734,0,604,0.0,-0.1769571304321289
Solar,2,2943,39734,0,605,0.0,-0.21844196319580078
Solar,2,2943,39734,0,606,0.0,-0.03681373596191406
Solar,2,2943,39734,0,607,0.0,-0.02016735076904297
Solar,2,2943,39734,0,608,0.0,0.06582069396972656
Solar,2,2943,39734,0,609,0.0,0.1848621368408203
Solar,2,2943,39734,0,610,0.0,0.2803468704223633
Solar,2,2943,39734,0,611,0.0,0.098785400390625
Solar,2,2943,39734,0,612,0.0,-0.006627082824707031
Solar,2,2943,39734,0,613,0.0,-0.34343528747558594
Solar,2,2943,39734,0,614,0.0,-0.4752187728881836
Solar,2,2943,39734,0,615,0.0,-0.7573528289794922
Solar,2,2943,39734,0,616,0.0,-0.7800579071044922
Solar,2,2943,39734,0,617,0.0,-0.7440910339355469
Solar,2,2943,39734,0,618,0.0,-0.3555145263671875
Solar,2,2943,39734,0,619,0.0,0.4160308837890625
Solar,2,2943,39734,0,620,0.0,1.609792709350586
Solar,2,2943,39734,0,621,0.0,3.489407539367676
Solar,2,2943,39734,0,622,0.05000114440917969,5.688743591308594
Solar,2,2943,39734,0,623,8.850000381469727,7.932755947113037
Solar,2,2943,39734,0,624,17.350000381469727,11.264725685119629
Solar,2,2943,39734,0,625,22.399999618530273,14.333579063415527
Solar,2,2943,39734,0,626,26.299999237060547,17.301685333251953
Solar,2,2943,39734,0,627,29.400001525878906,20.29298210144043
Solar,2,2943,39734,0,628,32.099998474121094,23.54300308227539
Solar,2,2943,39734,0,629,34.54999923706055,25.960765838623047
Solar,2,2943,39734,0,630,36.849998474121094,28.375614166259766
Solar,2,2943,39734,0,631,39.0,30.58869743347168
Solar,2,2943,39734,0,632,41.150001525878906,32.44102096557617
Solar,2,2943,39734,0,633,42.95000076293945,34.22359085083008
Solar,2,2943,39734,0,634,44.04999923706055,35.57076644897461
Solar,2,2943,39734,0,635,44.849998474121094,36.58479690551758
Solar,2,2943,39734,0,636,44.5,37.34975051879883
Solar,2,2943,39734,0,637,46.150001525878906,38.3090705871582
Solar,2,2943,39734,0,638,46.75,39.157379150390625
Solar,2,2943,39734,0,639,47.14999771118164,39.82053756713867
Solar,2,2943,39734,0,640,47.849998474121094,40.515872955322266
Solar,2,2943,39734,0,641,47.04999923706055,40.66788101196289
Solar,2,2943,39734,0,642,44.64999771118164,41.11810302734375
Solar,2,2943,39734,0,643,44.0,40.856170654296875
Solar,2,2943,39734,0,644,43.70000076293945,41.20829391479492
Solar,2,2943,39734,0,645,43.44999694824219,41.572147369384766
Solar,2,2943,39734,0,646,43.44999694824219,41.1612434387207
Solar,2,2943,39734,0,647,43.95000076293945,40.829349517822266
Solar,2,2943,39734,0,648,44.099998474121094,40.51143264770508
Solar,2,2943,39734,0,649,44.70000076293945,40.23076248168945
Solar,2,2943,39734,0,650,43.54999923706055,40.186485290527344
Solar,2,2943,39734,0,651,43.39999771118164,39.38566207885742
Solar,2,2943,39734,0,652,43.0,39.116703033447266
Solar,2,2943,39734,0,653,43.0,38.886329650878906
Solar,2,2943,39734,0,654,41.5,38.31633377075195
Solar,2,2943,39734,0,655,42.20000076293945,38.12500762939453
Solar,2,2943,39734,0,656,42.95000076293945,37.66460418701172
Solar,2,2943,39734,0,657,43.44999694824219,37.31938552856445
Solar,2,2943,39734,0,658,44.599998474121094,36.08266067504883
Solar,2,2943,39734,0,659,43.70000076293945,35.731937408447266
Solar,2,2943,39734,0,660,41.150001525878906,35.79914474487305
Solar,2,2943,39734,0,661,41.349998474121094,35.65849304199219
Solar,2,2943,39734,0,662,41.349998474121094,35.18008804321289
Solar,2,2943,39734,0,663,41.45000076293945,34.93337631225586
Solar,2,2943,39734,0,664,41.29999923706055,34.39652633666992
Solar,2,2943,39734,0,665,44.29999923706055,35.009761810302734
Solar,2,2943,39734,0,666,43.599998474121094,34.48807907104492
Solar,2,2943,39734,0,667,43.599998474121094,34.1547966003418
Solar,2,2943,39734,0,668,43.0,33.905296325683594
Solar,2,2943,39734,0,669,42.75,33.80773162841797
Solar,2,2943,39734,0,670,42.5,33.69669723510742
Solar,2,2943,39734,0,671,42.14999771118164,32.73225784301758
Solar,2,2943,39734,0,672,38.79999923706055,32.757110595703125
Solar,2,2943,39734,0,673,39.54999923706055,32.268035888671875
Solar,2,2943,39734,0,674,43.099998474121094,31.57831573486328
Solar,2,2943,39734,0,675,43.79999923706055,30.656078338623047
Solar,2,2943,39734,0,676,42.14999771118164,29.828062057495117
Solar,2,2943,39734,0,677,39.70000076293945,28.736167907714844
Solar,2,2943,39734,0,678,37.599998474121094,27.39165496826172
Solar,2,2943,39734,0,679,36.75,26.303627014160156
Solar,2,2943,39734,0,680,25.899999618530273,24.29442024230957
Solar,2,2943,39734,0,681,29.100000381469727,22.564529418945312
Solar,2,2943,39734,0,682,28.599998474121094,20.268741607666016
Solar,2,2943,39734,0,683,24.899999618530273,17.683670043945312
Solar,2,2943,39734,0,684,19.899999618530273,15.890090942382812
Solar,2,2943,39734,0,685,12.850000381469727,13.119434356689453
Solar,2,2943,39734,0,686,3.0500001907348633,10.84379768371582
Solar,2,2943,39734,0,687,0.0,8.543314933776855
Solar,2,2943,39734,0,688,0.0,6.648972988128662
Solar,2,2943,39734,0,689,0.0,4.985869407653809
Solar,2,2943,39734,0,690,0.0,3.3200159072875977
Solar,2,2943,39734,0,691,0.0,1.761962890625
Solar,2,2943,39734,0,692,0.0,1.0048446655273438
Solar,2,2943,39734,0,693,0.0,0.4994678497314453
Solar,2,2943,39734,0,694,0.0,-0.11327266693115234
Solar,2,2943,39734,0,695,0.0,-0.34365272521972656
Solar,2,2943,39734,0,696,0.0,-0.42813682556152344
Solar,2,2943,39734,0,697,0.0,-0.4611234664916992
Solar,2,2943,39734,0,698,0.0,-0.30304431915283203
Solar,2,2943,39734,0,699,0.0,-0.26609230041503906
Solar,2,2943,39734,0,700,0.0,-0.1937389373779297
Solar,2,2943,39734,0,701,0.0,-0.022507667541503906
Solar,2,2943,39734,0,702,0.0,0.032118797302246094
Solar,2,2943,39734,0,703,0.0,0.02514934539794922
Solar,2,2943,39734,0,704,0.0,-0.06817054748535156
Solar,2,2943,39734,0,705,0.0,-0.1217803955078125
Solar,2,2943,39734,0,706,0.0,-0.026495933532714844
Solar,2,2943,39734,0,707,0.0,0.016048431396484375
Solar,2,2943,39734,0,708,0.0,-0.1291189193725586
Solar,2,2943,39734,0,709,0.0,-0.15113258361816406
Solar,2,2943,39734,0,710,0.0,-0.08667278289794922
Solar,2,2943,39734,0,711,0.0,0.015801429748535156
Solar,2,2943,39734,0,712,0.0,0.1319589614868164
Solar,2,2943,39734,0,713,0.0,0.047069549560546875
Solar,2,2943,39734,0,714,0.0,0.27623748779296875
Solar,2,2943,39734,0,715,0.0,0.20064640045166016
Solar,2,2943,39734,0,716,0.0,0.1392831802368164
Solar,2,2943,39734,0,717,0.0,0.1369466781616211
Solar,2,2943,39734,0,718,0.0,0.3152303695678711
Solar,2,2943,39734,0,719,0.0,0.0924215316772461
Solar,2,2943,39734,0,720,0.0,0.005307197570800781
