{
  "mse": 0.1920538991689682,
  "mae": 0.23978452384471893
}