segment,mse,mae
1-96,0.14959293603897095,0.19850262999534607
97-192,0.23451483249664307,0.281066358089447
