segment_a,segment_b,cosine
0,1,0.000821995607111603
0,2,-0.00397884426638484
0,3,0.86271071434021
1,2,0.22573576867580414
1,3,0.06907284259796143
2,3,0.11116798222064972
