segment,mse,mae
1-96,0.28333091735839844,0.34809982776641846
97-192,0.39427974820137024,0.4292934834957123
193-336,0.4445280134677887,0.4647422432899475
