{
  "mse": 0.3933617174625397,
  "mae": 0.4202650189399719
}