segment,mse,mae
1-96,0.33548763394355774,0.3886425793170929
97-192,0.3915362060070038,0.42119136452674866
193-336,0.4331614375114441,0.4407290518283844
