segment,mse,mae
1-96,0.30273088812828064,0.35670754313468933
97-192,0.4353557229042053,0.4440152645111084
