{
  "mse": 0.3690433204174042,
  "mae": 0.4003613591194153
}