segment_a,segment_b,cosine
0,1,0.7389796376228333
0,2,0.6261176466941833
0,3,0.5585775375366211
1,2,0.9813449382781982
1,3,0.9582906365394592
2,3,0.992935836315155
