segment,mse,mae
1-96,0.25423088669776917,0.32484668493270874
97-192,0.33559510111808777,0.38744282722473145
193-336,0.36506128311157227,0.42027610540390015
337-720,0.4900694489479065,0.4974299967288971
