{
  "mse": 0.4130260944366455,
  "mae": 0.4443231523036957
}