{
  "mse": 0.3057831823825836,
  "mae": 0.3571726381778717
}