segment,mse,mae
1-96,0.3057831823825836,0.3571726381778717
