segment,mse,mae
1-96,0.28188854455947876,0.3475760221481323
97-192,0.34587255120277405,0.38874614238739014
193-336,0.39696699380874634,0.4148556888103485
337-720,0.46101197600364685,0.44599273800849915
