{
  "mse": 0.4089679419994354,
  "mae": 0.4190102219581604
}