segment,mse,mae
1-96,0.25760042667388916,0.3281380832195282
97-192,0.34198299050331116,0.3903573155403137
193-336,0.3573133945465088,0.414482444524765
337-720,0.4789332151412964,0.4940193295478821
