{
  "mse": 0.40683820843696594,
  "mae": 0.4421728849411011
}