{
  "mse": 0.2531970143318176,
  "mae": 0.29095810651779175
}