segment,mse,mae
1-96,0.15677711367607117,0.2091984897851944
97-192,0.24593234062194824,0.2918055057525635
193-336,0.3223200738430023,0.34489962458610535
