segment,mse,mae
1-96,0.2497519701719284,0.3200547695159912
97-192,0.33811911940574646,0.386177659034729
193-336,0.36967068910598755,0.41950738430023193
337-720,0.4840433597564697,0.4898116886615753
