{
  "mse": 0.41047340631484985,
  "mae": 0.43929871916770935
}