{
  "mse": 0.3235003650188446,
  "mae": 0.33559462428092957
}