segment,mse,mae
1-96,0.149128720164299,0.1998487114906311
97-192,0.2339877188205719,0.28329402208328247
193-336,0.31525251269340515,0.3363351821899414
337-720,0.3925643861293793,0.38232851028442383
