{
  "mse": 0.20012323558330536,
  "mae": 0.2496446818113327
}