segment,mse,mae
1-96,0.15562720596790314,0.20850476622581482
97-192,0.24461929500102997,0.2907845973968506
