segment_a,segment_b,cosine
0,1,0.981723964214325
0,2,0.9876186847686768
0,3,0.9876756072044373
1,2,0.9868955016136169
1,3,0.9780324697494507
2,3,0.989201545715332
