segment_a,segment_b,cosine
0,1,0.04995783045887947
0,2,0.10082638263702393
0,3,0.061655014753341675
1,2,0.006167314946651459
1,3,0.16258504986763
2,3,0.06752412021160126
