segment,mse,mae
1-96,0.2952081263065338,0.350652277469635
97-192,0.36655718088150024,0.39242544770240784
