{
  "mse": 0.33088263869285583,
  "mae": 0.37153884768486023
}