{
  "mse": 0.31762751936912537,
  "mae": 0.3633808493614197
}