segment,mse,mae
1-96,0.31762751936912537,0.3633808493614197
