segment,mse,mae
1-96,0.1505371630191803,0.2030932456254959
97-192,0.2346375584602356,0.284371554851532
193-336,0.31583070755004883,0.3367351293563843
337-720,0.3933582305908203,0.38244199752807617
