{
  "mse": 0.32431384921073914,
  "mae": 0.336311399936676
}