{
  "mse": 0.2986849546432495,
  "mae": 0.35228273272514343
}