segment,mse,mae
1-96,0.2986849546432495,0.35228273272514343
