{
  "mse": 0.3661655783653259,
  "mae": 0.39285436272621155
}