segment,mse,mae
1-96,0.30170223116874695,0.3549039363861084
97-192,0.37064027786254883,0.3960445523262024
193-336,0.4061579704284668,0.4160277843475342
