segment,mse,mae
1-96,0.282134473323822,0.3478848934173584
97-192,0.3498978912830353,0.3918865919113159
193-336,0.3995979428291321,0.41727733612060547
337-720,0.46319469809532166,0.44919732213020325
