{
  "mse": 0.4112277328968048,
  "mae": 0.4216635525226593
}