{
  "mse": 0.4196692407131195,
  "mae": 0.4243876338005066
}