segment,mse,mae
1-96,0.2871623635292053,0.34887945652008057
97-192,0.35948535799980164,0.3938409984111786
193-336,0.4197574853897095,0.4244768023490906
337-720,0.46780890226364136,0.4508678615093231
