segment,mse,mae
1-96,0.2947411835193634,0.3491145670413971
