{
  "mse": 0.2947411835193634,
  "mae": 0.3491145670413971
}