target_horizon,mse,mae
96,0.15000879764556885,0.19945767521858215
192,0.19435086846351624,0.2414572536945343
336,0.24709753692150116,0.281923770904541
720,0.3235003650188446,0.33559462428092957
