{
  "mse": 0.1516939103603363,
  "mae": 0.2027682214975357
}