segment,mse,mae
1-96,0.1516939103603363,0.2027682214975357
