target_horizon,mse,mae
96,0.32680147886276245,0.36633071303367615
192,0.3939119279384613,0.4085543751716614
336,0.3929932117462158,0.418881356716156
720,0.42584842443466187,0.44707587361335754
