segment,mse,mae
1-96,0.25473055243492126,0.3248896300792694
97-192,0.33789119124412537,0.38943955302238464
193-336,0.348388671875,0.41002798080444336
337-720,0.4765813648700714,0.4924545884132385
