{
  "mse": 0.24555152654647827,
  "mae": 0.2820034325122833
}