segment,mse,mae
1-96,0.15141645073890686,0.20030628144741058
97-192,0.23784787952899933,0.2840965986251831
193-336,0.3134439289569855,0.33507272601127625
