segment_a,segment_b,cosine
0,1,0.9834995865821838
0,2,0.9599701166152954
0,3,0.9440125823020935
1,2,0.9766681790351868
1,3,0.9616338014602661
2,3,0.9851096272468567
