segment,mse,mae
1-96,0.29747316241264343,0.35075199604034424
