{
  "mse": 0.29747316241264343,
  "mae": 0.35075199604034424
}