config,candidate_arm,baseline,comparison,dataset,target_horizon,status,candidate_mse,baseline_mse,relative_mse_pct,candidate_mae,baseline_mae,relative_mae_pct,candidate_wins_mse
l48_r32,stbo_shared,a6_clean,l48_r32_stbo_shared_vs_a6_clean,ETTh2,96,ok,0.24583452939987183,0.24416223168373108,0.6849125291035651,0.31674379110336304,0.31473836302757263,0.6371730654310959,False
l48_r32,stbo_shared,a6_clean,l48_r32_stbo_shared_vs_a6_clean,ETTh2,192,ok,0.2874946594238281,0.2861934006214142,0.4546781300996061,0.34873390197753906,0.3473576307296753,0.3962116061687615,False
l48_r32,stbo_shared,a6_clean,l48_r32_stbo_shared_vs_a6_clean,ETTh2,336,ok,0.3164600729942322,0.31436556577682495,0.6662648347733446,0.37395262718200684,0.37210166454315186,0.4974346570385535,False
l48_r32,stbo_shared,a6_clean,l48_r32_stbo_shared_vs_a6_clean,ETTh2,720,ok,0.4015378952026367,0.3950280547142029,1.647943838607513,0.4334690272808075,0.4309396743774414,0.5869389740037478,False
l48_r32,stbo_shared,a6_clean,l48_r32_stbo_shared_vs_a6_clean,ETTm1,96,ok,0.2741909623146057,0.27276551723480225,0.5225899132170753,0.33183690905570984,0.33084431290626526,0.3000191058825319,False
l48_r32,stbo_shared,a6_clean,l48_r32_stbo_shared_vs_a6_clean,ETTm1,192,ok,0.3105483055114746,0.3091461658477783,0.4535523382123152,0.3537096083164215,0.35286661982536316,0.23889720469325582,False
l48_r32,stbo_shared,a6_clean,l48_r32_stbo_shared_vs_a6_clean,ETTm1,336,ok,0.3486526310443878,0.34693026542663574,0.4964587380792418,0.3747764229774475,0.3737157881259918,0.2838078789162868,False
l48_r32,stbo_shared,a6_clean,l48_r32_stbo_shared_vs_a6_clean,ETTm1,720,ok,0.4088747799396515,0.40836983919143677,0.123647904363966,0.4060046374797821,0.4053221046924591,0.16839268804274,False
l48_r32,stbo_shared,a6_clean,l48_r32_stbo_shared_vs_a6_clean,Weather,96,ok,0.14143246412277222,0.14136819541454315,0.04546192871783816,0.18167893588542938,0.18159954249858856,0.04371893549315331,False
l48_r32,stbo_shared,a6_clean,l48_r32_stbo_shared_vs_a6_clean,Weather,192,ok,0.1826334148645401,0.18240033090114594,0.12778702880780202,0.223366379737854,0.22314205765724182,0.10052882140074715,False
l48_r32,stbo_shared,a6_clean,l48_r32_stbo_shared_vs_a6_clean,Weather,336,ok,0.232025608420372,0.2316502183675766,0.1620503772630899,0.2638125717639923,0.26356613636016846,0.09350040457667408,False
l48_r32,stbo_shared,a6_clean,l48_r32_stbo_shared_vs_a6_clean,Weather,720,ok,0.30397331714630127,0.3030458390712738,0.30605207379512667,0.31462085247039795,0.3143439292907715,0.08809560288034479,False
l48_r32,stbo_shared,stbo_dct,l48_r32_stbo_shared_vs_stbo_dct,ETTh2,96,ok,0.24583452939987183,0.24858586490154266,-1.1067948303338015,0.31674379110336304,0.31912723183631897,-0.7468622214535481,True
l48_r32,stbo_shared,stbo_dct,l48_r32_stbo_shared_vs_stbo_dct,ETTh2,192,ok,0.2874946594238281,0.289305180311203,-0.6258169609777875,0.34873390197753906,0.34963706135749817,-0.25831339974443646,True
l48_r32,stbo_shared,stbo_dct,l48_r32_stbo_shared_vs_stbo_dct,ETTh2,336,ok,0.3164600729942322,0.31980228424072266,-1.0450867336440628,0.37395262718200684,0.3753042221069336,-0.360133152070341,True
l48_r32,stbo_shared,stbo_dct,l48_r32_stbo_shared_vs_stbo_dct,ETTh2,720,ok,0.4015378952026367,0.40735554695129395,-1.428150860396371,0.4334690272808075,0.43663063645362854,-0.7240923812630418,True
l48_r32,stbo_shared,stbo_dct,l48_r32_stbo_shared_vs_stbo_dct,ETTm1,96,ok,0.2741909623146057,0.2749953866004944,-0.29252282950379405,0.33183690905570984,0.33192315697669983,-0.025984303648940443,True
l48_r32,stbo_shared,stbo_dct,l48_r32_stbo_shared_vs_stbo_dct,ETTm1,192,ok,0.3105483055114746,0.31107258796691895,-0.1685402300700578,0.3537096083164215,0.3535393178462982,0.04816733571832987,True
l48_r32,stbo_shared,stbo_dct,l48_r32_stbo_shared_vs_stbo_dct,ETTm1,336,ok,0.3486526310443878,0.3490331470966339,-0.10902003302876162,0.3747764229774475,0.37439239025115967,0.10257492841405647,True
l48_r32,stbo_shared,stbo_dct,l48_r32_stbo_shared_vs_stbo_dct,ETTm1,720,ok,0.4088747799396515,0.40806812047958374,0.19767764732998572,0.4060046374797821,0.40516895055770874,0.2062564075857809,False
l48_r32,stbo_shared,stbo_dct,l48_r32_stbo_shared_vs_stbo_dct,Weather,96,ok,0.14143246412277222,0.14153119921684265,-0.06976206985935818,0.18167893588542938,0.18180164694786072,-0.06749722265526614,True
l48_r32,stbo_shared,stbo_dct,l48_r32_stbo_shared_vs_stbo_dct,Weather,192,ok,0.1826334148645401,0.18257436156272888,0.03234479436529103,0.223366379737854,0.22326938807964325,0.04344153896107539,False
l48_r32,stbo_shared,stbo_dct,l48_r32_stbo_shared_vs_stbo_dct,Weather,336,ok,0.232025608420372,0.2322750985622406,-0.10741148896843411,0.2638125717639923,0.2637217044830322,0.034455746120021224,True
l48_r32,stbo_shared,stbo_dct,l48_r32_stbo_shared_vs_stbo_dct,Weather,720,ok,0.30397331714630127,0.3045770823955536,-0.19823068909308184,0.31462085247039795,0.3148159980773926,-0.06198719511918416,True
l48_r32,stbo_shared,stbo_independent,l48_r32_stbo_shared_vs_stbo_independent,ETTh2,96,ok,0.24583452939987183,0.24643005430698395,-0.24166082695833424,0.31674379110336304,0.3166138827800751,0.04103052024986287,True
l48_r32,stbo_shared,stbo_independent,l48_r32_stbo_shared_vs_stbo_independent,ETTh2,192,ok,0.2874946594238281,0.2885763943195343,-0.3748521767544144,0.34873390197753906,0.34899604320526123,-0.07511295122850647,True
l48_r32,stbo_shared,stbo_independent,l48_r32_stbo_shared_vs_stbo_independent,ETTh2,336,ok,0.3164600729942322,0.31609028577804565,0.11698784582268029,0.37395262718200684,0.37343132495880127,0.13959788276012297,False
l48_r32,stbo_shared,stbo_independent,l48_r32_stbo_shared_vs_stbo_independent,ETTh2,720,ok,0.4015378952026367,0.40095075964927673,0.14643582515558862,0.4334690272808075,0.4333471655845642,0.028121032262640178,False
l48_r32,stbo_shared,stbo_independent,l48_r32_stbo_shared_vs_stbo_independent,ETTm1,96,ok,0.2741909623146057,0.2746913731098175,-0.18217200982563186,0.33183690905570984,0.33236175775527954,-0.15791488861849334,True
l48_r32,stbo_shared,stbo_independent,l48_r32_stbo_shared_vs_stbo_independent,ETTm1,192,ok,0.3105483055114746,0.31090429425239563,-0.11450106913994951,0.3537096083164215,0.3541737198829651,-0.13104065617769445,True
l48_r32,stbo_shared,stbo_independent,l48_r32_stbo_shared_vs_stbo_independent,ETTm1,336,ok,0.3486526310443878,0.34916529059410095,-0.1468243160254734,0.3747764229774475,0.3754100799560547,-0.16879061390182581,True
l48_r32,stbo_shared,stbo_independent,l48_r32_stbo_shared_vs_stbo_independent,ETTm1,720,ok,0.4088747799396515,0.4094148278236389,-0.13190726062810576,0.4060046374797821,0.40668970346450806,-0.16844930640977918,True
l48_r32,stbo_shared,stbo_independent,l48_r32_stbo_shared_vs_stbo_independent,Weather,96,ok,0.14143246412277222,0.14134864509105682,0.05929949428336023,0.18167893588542938,0.18156342208385468,0.06362173627756373,False
l48_r32,stbo_shared,stbo_independent,l48_r32_stbo_shared_vs_stbo_independent,Weather,192,ok,0.1826334148645401,0.18247704207897186,0.08569449821560493,0.223366379737854,0.22317837178707123,0.0842411158739731,False
l48_r32,stbo_shared,stbo_independent,l48_r32_stbo_shared_vs_stbo_independent,Weather,336,ok,0.232025608420372,0.23195183277130127,0.03180645230920209,0.2638125717639923,0.26378199458122253,0.011591838487046147,False
l48_r32,stbo_shared,stbo_independent,l48_r32_stbo_shared_vs_stbo_independent,Weather,720,ok,0.30397331714630127,0.30398693680763245,-0.004480344278678938,0.31462085247039795,0.3148082494735718,-0.05952734831033979,True
l48_r32,stbo_bank4,a6_clean,l48_r32_stbo_bank4_vs_a6_clean,ETTh2,96,ok,0.248702734708786,0.24416223168373108,1.8596254603932216,0.31898149847984314,0.31473836302757263,1.3481468898339566,False
l48_r32,stbo_bank4,a6_clean,l48_r32_stbo_bank4_vs_a6_clean,ETTh2,192,ok,0.29121601581573486,0.2861934006214142,1.7549724009760626,0.35153359174728394,0.3473576307296753,1.2022079402247199,False
l48_r32,stbo_bank4,a6_clean,l48_r32_stbo_bank4_vs_a6_clean,ETTh2,336,ok,0.32164105772972107,0.31436556577682495,2.314341246286866,0.3778762221336365,0.37210166454315186,1.5518763125057067,False
l48_r32,stbo_bank4,a6_clean,l48_r32_stbo_bank4_vs_a6_clean,ETTh2,720,ok,0.4109322428703308,0.3950280547142029,4.026090796926907,0.43999314308166504,0.4309396743774414,2.100866836478388,False
l48_r32,stbo_bank4,a6_clean,l48_r32_stbo_bank4_vs_a6_clean,ETTm1,96,ok,0.2745465338230133,0.27276551723480225,0.6529478528907839,0.33156561851501465,0.33084431290626526,0.2180196487021835,False
l48_r32,stbo_bank4,a6_clean,l48_r32_stbo_bank4_vs_a6_clean,ETTm1,192,ok,0.3114936947822571,0.3091461658477783,0.7593589032686365,0.35380539298057556,0.35286661982536316,0.2660419270252845,False
l48_r32,stbo_bank4,a6_clean,l48_r32_stbo_bank4_vs_a6_clean,ETTm1,336,ok,0.34971684217453003,0.34693026542663574,0.8032094704875314,0.3748440742492676,0.3737157881259918,0.3019102106800453,False
l48_r32,stbo_bank4,a6_clean,l48_r32_stbo_bank4_vs_a6_clean,ETTm1,720,ok,0.4100237488746643,0.40836983919143677,0.4050028979863507,0.40586739778518677,0.4053221046924591,0.13453327277608285,False
l48_r32,stbo_bank4,a6_clean,l48_r32_stbo_bank4_vs_a6_clean,Weather,96,ok,0.14141464233398438,0.14136819541454315,0.03285528212695343,0.18169519305229187,0.18159954249858856,0.05267114244191795,False
l48_r32,stbo_bank4,a6_clean,l48_r32_stbo_bank4_vs_a6_clean,Weather,192,ok,0.1823892891407013,0.18240033090114594,-0.006053585752885393,0.22311361134052277,0.22314205765724182,-0.012748074933843778,True
l48_r32,stbo_bank4,a6_clean,l48_r32_stbo_bank4_vs_a6_clean,Weather,336,ok,0.23174941539764404,0.2316502183675766,0.0428219022483356,0.2635509967803955,0.26356613636016846,-0.0057441293415116945,False
l48_r32,stbo_bank4,a6_clean,l48_r32_stbo_bank4_vs_a6_clean,Weather,720,ok,0.30402714014053345,0.3030458390712738,0.32381275132071785,0.3147503733634949,0.3143439292907715,0.1292991640208907,False
l48_r32,stbo_bank4,stbo_dct,l48_r32_stbo_bank4_vs_stbo_dct,ETTh2,96,ok,0.248702734708786,0.24858586490154266,0.047013858688083054,0.31898149847984314,0.31912723183631897,-0.045666223981344345,False
l48_r32,stbo_bank4,stbo_dct,l48_r32_stbo_bank4_vs_stbo_dct,ETTh2,192,ok,0.29121601581573486,0.289305180311203,0.6604912855263656,0.35153359174728394,0.34963706135749817,0.5424283062048119,False
l48_r32,stbo_bank4,stbo_dct,l48_r32_stbo_bank4_vs_stbo_dct,ETTh2,336,ok,0.32164105772972107,0.31980228424072266,0.574971968497362,0.3778762221336365,0.3753042221069336,0.6853107093397037,False
l48_r32,stbo_bank4,stbo_dct,l48_r32_stbo_bank4_vs_stbo_dct,ETTh2,720,ok,0.4109322428703308,0.40735554695129395,0.8780280386029737,0.43999314308166504,0.43663063645362854,0.7701032285199361,False
l48_r32,stbo_bank4,stbo_dct,l48_r32_stbo_bank4_vs_stbo_dct,ETTm1,96,ok,0.2745465338230133,0.2749953866004944,-0.16322193002210605,0.33156561851501465,0.33192315697669983,-0.10771723941824796,True
l48_r32,stbo_bank4,stbo_dct,l48_r32_stbo_bank4_vs_stbo_dct,ETTm1,192,ok,0.3114936947822571,0.31107258796691895,0.13537252449351556,0.35380539298057556,0.3535393178462982,0.07526040834673342,False
l48_r32,stbo_bank4,stbo_dct,l48_r32_stbo_bank4_vs_stbo_dct,ETTm1,336,ok,0.34971684217453003,0.3490331470966339,0.19588256404392546,0.3748440742492676,0.37439239025115967,0.12064454563429639,False
l48_r32,stbo_bank4,stbo_dct,l48_r32_stbo_bank4_vs_stbo_dct,ETTm1,720,ok,0.4100237488746643,0.40806812047958374,0.4792406701072949,0.40586739778518677,0.40516895055770874,0.17238419343748035,False
l48_r32,stbo_bank4,stbo_dct,l48_r32_stbo_bank4_vs_stbo_dct,Weather,96,ok,0.14141464233398438,0.14153119921684265,-0.08235419716871029,0.18169519305229187,0.18180164694786072,-0.05855496765624357,True
l48_r32,stbo_bank4,stbo_dct,l48_r32_stbo_bank4_vs_stbo_dct,Weather,192,ok,0.1823892891407013,0.18257436156272888,-0.1013682427496776,0.22311361134052277,0.22326938807964325,-0.06977075561515056,True
l48_r32,stbo_bank4,stbo_dct,l48_r32_stbo_bank4_vs_stbo_dct,Weather,336,ok,0.23174941539764404,0.2322750985622406,-0.22631920849478515,0.2635509967803955,0.2637217044830322,-0.06473024394080262,True
l48_r32,stbo_bank4,stbo_dct,l48_r32_stbo_bank4_vs_stbo_dct,Weather,720,ok,0.30402714014053345,0.3045770823955536,-0.18055930232661055,0.3147503733634949,0.3148159980773926,-0.02084541900617687,True
l48_r32,stbo_bank4,stbo_independent,l48_r32_stbo_bank4_vs_stbo_independent,ETTh2,96,ok,0.248702734708786,0.24643005430698395,0.9222415700038455,0.31898149847984314,0.3166138827800751,0.7477927622689506,False
l48_r32,stbo_bank4,stbo_independent,l48_r32_stbo_bank4_vs_stbo_independent,ETTh2,192,ok,0.29121601581573486,0.2885763943195343,0.914704580194381,0.35153359174728394,0.34899604320526123,0.7270995162917293,False
l48_r32,stbo_bank4,stbo_independent,l48_r32_stbo_bank4_vs_stbo_independent,ETTh2,336,ok,0.32164105772972107,0.31609028577804565,1.7560716673125087,0.3778762221336365,0.37343132495880127,1.1902850344238214,False
l48_r32,stbo_bank4,stbo_independent,l48_r32_stbo_bank4_vs_stbo_independent,ETTh2,720,ok,0.4109322428703308,0.40095075964927673,2.489453625124738,0.43999314308166504,0.4333471655845642,1.5336381600963511,False
l48_r32,stbo_bank4,stbo_independent,l48_r32_stbo_bank4_vs_stbo_independent,ETTm1,96,ok,0.2745465338230133,0.2746913731098175,-0.05272800713195247,0.33156561851501465,0.33236175775527954,-0.23953996562116053,True
l48_r32,stbo_bank4,stbo_independent,l48_r32_stbo_bank4_vs_stbo_independent,ETTm1,192,ok,0.3114936947822571,0.31090429425239563,0.18957619459027963,0.35380539298057556,0.3541737198829651,-0.10399611312528201,False
l48_r32,stbo_bank4,stbo_independent,l48_r32_stbo_bank4_vs_stbo_independent,ETTm1,336,ok,0.34971684217453003,0.34916529059410095,0.15796288900613575,0.3748440742492676,0.3754100799560547,-0.15076998115057805,False
l48_r32,stbo_bank4,stbo_independent,l48_r32_stbo_bank4_vs_stbo_independent,ETTm1,720,ok,0.4100237488746643,0.4094148278236389,0.1487296037279151,0.40586739778518677,0.40668970346450806,-0.202194860680327,False
l48_r32,stbo_bank4,stbo_independent,l48_r32_stbo_bank4_vs_stbo_independent,Weather,96,ok,0.14141464233398438,0.14134864509105682,0.046691104032192676,0.18169519305229187,0.18156342208385468,0.07257572418761793,False
l48_r32,stbo_bank4,stbo_independent,l48_r32_stbo_bank4_vs_stbo_independent,Weather,192,ok,0.1823892891407013,0.18247704207897186,-0.048089851342825174,0.22311361134052277,0.22317837178707123,-0.02901734878245632,True
l48_r32,stbo_bank4,stbo_independent,l48_r32_stbo_bank4_vs_stbo_independent,Weather,336,ok,0.23174941539764404,0.23195183277130127,-0.08726698609741179,0.2635509967803955,0.26378199458122253,-0.08757148159174166,True
l48_r32,stbo_bank4,stbo_independent,l48_r32_stbo_bank4_vs_stbo_independent,Weather,720,ok,0.30402714014053345,0.30398693680763245,0.013225348866363618,0.3147503733634949,0.3148082494735718,-0.018384559544959433,False
l48_r32,stbo_dct,a6_clean,l48_r32_stbo_dct_vs_a6_clean,ETTh2,96,ok,0.24858586490154266,0.24416223168373108,1.811759823501946,0.31912723183631897,0.31473836302757263,1.3944499064328708,False
l48_r32,stbo_dct,a6_clean,l48_r32_stbo_dct_vs_a6_clean,ETTh2,192,ok,0.289305180311203,0.2861934006214142,1.0872995963681076,0.34963706135749817,0.3473576307296753,0.6562201103901488,False
l48_r32,stbo_dct,a6_clean,l48_r32_stbo_dct_vs_a6_clean,ETTh2,336,ok,0.31980228424072266,0.31436556577682495,1.7294255655714297,0.3753042221069336,0.37210166454315186,0.860667357592626,False
l48_r32,stbo_dct,a6_clean,l48_r32_stbo_dct_vs_a6_clean,ETTh2,720,ok,0.40735554695129395,0.3950280547142029,3.120662466874613,0.43663063645362854,0.4309396743774414,1.3205936734436374,False
l48_r32,stbo_dct,a6_clean,l48_r32_stbo_dct_vs_a6_clean,ETTm1,96,ok,0.2749953866004944,0.27276551723480225,0.8175041289301355,0.33192315697669983,0.33084431290626526,0.3260881412642691,False
l48_r32,stbo_dct,a6_clean,l48_r32_stbo_dct_vs_a6_clean,ETTm1,192,ok,0.31107258796691895,0.3091461658477783,0.6231428146157736,0.3535393178462982,0.35286661982536316,0.1906380437084021,False
l48_r32,stbo_dct,a6_clean,l48_r32_stbo_dct_vs_a6_clean,ETTm1,336,ok,0.3490331470966339,0.34693026542663574,0.6061395846834516,0.37439239025115967,0.3737157881259918,0.18104724142393724,False
l48_r32,stbo_dct,a6_clean,l48_r32_stbo_dct_vs_a6_clean,ETTm1,720,ok,0.40806812047958374,0.40836983919143677,-0.07388369142306006,0.40516895055770874,0.4053221046924591,-0.0377857839425233,True
l48_r32,stbo_dct,a6_clean,l48_r32_stbo_dct_vs_a6_clean,Weather,96,ok,0.14153119921684265,0.14136819541454315,0.11530443733933637,0.18180164694786072,0.18159954249858856,0.11129127666922312,False
l48_r32,stbo_dct,a6_clean,l48_r32_stbo_dct_vs_a6_clean,Weather,192,ok,0.18257436156272888,0.18240033090114594,0.09541137382982345,0.22326938807964325,0.22314205765724182,0.0570624936142794,False
l48_r32,stbo_dct,a6_clean,l48_r32_stbo_dct_vs_a6_clean,Weather,336,ok,0.2322750985622406,0.2316502183675766,0.2697516104528175,0.2637217044830322,0.26356613636016846,0.05902432118638501,False
l48_r32,stbo_dct,a6_clean,l48_r32_stbo_dct_vs_a6_clean,Weather,720,ok,0.3045770823955536,0.3030458390712738,0.505284391619587,0.3148159980773926,0.3143439292907715,0.15017588782013647,False
l48_r32,stbo_dct,stbo_independent,l48_r32_stbo_dct_vs_stbo_independent,ETTh2,96,ok,0.24858586490154266,0.24643005430698395,0.8748164263572944,0.31912723183631897,0.3166138827800751,0.793821494552005,False
l48_r32,stbo_dct,stbo_independent,l48_r32_stbo_dct_vs_stbo_independent,ETTh2,192,ok,0.289305180311203,0.2885763943195343,0.25254525526496874,0.34963706135749817,0.34899604320526123,0.18367490540858178,False
l48_r32,stbo_dct,stbo_independent,l48_r32_stbo_dct_vs_stbo_independent,ETTh2,336,ok,0.31980228424072266,0.31609028577804565,1.1743475297065986,0.3753042221069336,0.37343132495880127,0.501537236689753,False
l48_r32,stbo_dct,stbo_independent,l48_r32_stbo_dct_vs_stbo_independent,ETTh2,720,ok,0.40735554695129395,0.40095075964927673,1.5973999669235406,0.43663063645362854,0.4333471655845642,0.7576998604883256,False
l48_r32,stbo_dct,stbo_independent,l48_r32_stbo_dct_vs_stbo_independent,ETTm1,96,ok,0.2749953866004944,0.2746913731098175,0.11067456805617937,0.33192315697669983,0.33236175775527954,-0.1319648751234026,False
l48_r32,stbo_dct,stbo_independent,l48_r32_stbo_dct_vs_stbo_independent,ETTm1,192,ok,0.31107258796691895,0.31090429425239563,0.05413039241801698,0.3535393178462982,0.3541737198829651,-0.1791217137388168,False
l48_r32,stbo_dct,stbo_independent,l48_r32_stbo_dct_vs_stbo_independent,ETTm1,336,ok,0.3490331470966339,0.34916529059410095,-0.03784554221932801,0.37439239025115967,0.3754100799560547,-0.27108747453296056,True
l48_r32,stbo_dct,stbo_independent,l48_r32_stbo_dct_vs_stbo_independent,ETTm1,720,ok,0.40806812047958374,0.4094148278236389,-0.3289346776261137,0.40516895055770874,0.40668970346450806,-0.3739344502317943,True
l48_r32,stbo_dct,stbo_independent,l48_r32_stbo_dct_vs_stbo_independent,Weather,96,ok,0.14153119921684265,0.14134864509105682,0.1291516630161027,0.18180164694786072,0.18156342208385468,0.1312075203649954,False
l48_r32,stbo_dct,stbo_independent,l48_r32_stbo_dct_vs_stbo_independent,Weather,192,ok,0.18257436156272888,0.18247704207897186,0.053332453577858985,0.22326938807964325,0.22317837178707123,0.04078186064502276,False
l48_r32,stbo_dct,stbo_independent,l48_r32_stbo_dct_vs_stbo_independent,Weather,336,ok,0.2322750985622406,0.23195183277130127,0.13936763813289232,0.2637217044830322,0.26378199458122253,-0.022856032416473937,False
l48_r32,stbo_dct,stbo_independent,l48_r32_stbo_dct_vs_stbo_independent,Weather,720,ok,0.3045770823955536,0.30398693680763245,0.19413518032012078,0.3148159980773926,0.3148082494735718,0.0024613725446487322,False
l48_r32,stbo_independent,a6_clean,l48_r32_stbo_independent_vs_a6_clean,ETTh2,96,ok,0.24643005430698395,0.24416223168373108,0.9288179451891754,0.3166138827800751,0.31473836302757263,0.5958980451131524,False
l48_r32,stbo_independent,a6_clean,l48_r32_stbo_independent_vs_a6_clean,ETTh2,192,ok,0.2885763943195343,0.2861934006214142,0.8326515191985129,0.34899604320526123,0.3473576307296753,0.47167884930128245,False
l48_r32,stbo_independent,a6_clean,l48_r32_stbo_independent_vs_a6_clean,ETTh2,336,ok,0.31609028577804565,0.31436556577682495,0.5486351525042954,0.37343132495880127,0.37210166454315186,0.3573379380825692,False
l48_r32,stbo_independent,a6_clean,l48_r32_stbo_independent_vs_a6_clean,ETTh2,720,ok,0.40095075964927673,0.3950280547142029,1.499312482846027,0.4333471655845642,0.4309396743774414,0.5586608405458993,False
l48_r32,stbo_independent,a6_clean,l48_r32_stbo_independent_vs_a6_clean,ETTm1,96,ok,0.2746913731098175,0.27276551723480225,0.7060481451390599,0.33236175775527954,0.33084431290626526,0.4586582842196929,False
l48_r32,stbo_independent,a6_clean,l48_r32_stbo_independent_vs_a6_clean,ETTm1,192,ok,0.31090429425239563,0.3091461658477783,0.5687045801768154,0.3541737198829651,0.35286661982536316,0.3704232659492712,False
l48_r32,stbo_independent,a6_clean,l48_r32_stbo_independent_vs_a6_clean,ETTm1,336,ok,0.34916529059410095,0.34693026542663574,0.6442289388377986,0.3754100799560547,0.3737157881259918,0.4533637282382319,False
l48_r32,stbo_independent,a6_clean,l48_r32_stbo_independent_vs_a6_clean,ETTm1,720,ok,0.4094148278236389,0.40836983919143677,0.2558927060507754,0.40668970346450806,0.4053221046924591,0.3374103598634548,False
l48_r32,stbo_independent,a6_clean,l48_r32_stbo_independent_vs_a6_clean,Weather,96,ok,0.14134864509105682,0.14136819541454315,-0.0138293648221266,0.18156342208385468,0.18159954249858856,-0.019890146327961045,True
l48_r32,stbo_independent,a6_clean,l48_r32_stbo_independent_vs_a6_clean,Weather,192,ok,0.18247704207897186,0.18240033090114594,0.04205649049371374,0.22317837178707123,0.22314205765724182,0.01627399613084446,False
l48_r32,stbo_independent,a6_clean,l48_r32_stbo_independent_vs_a6_clean,Weather,336,ok,0.23195183277130127,0.2316502183675766,0.13020251215394296,0.26378199458122253,0.26356613636016846,0.08189907248141726,False
l48_r32,stbo_independent,a6_clean,l48_r32_stbo_independent_vs_a6_clean,Weather,720,ok,0.30398693680763245,0.3030458390712738,0.3105463316185997,0.3148082494735718,0.3143439292907715,0.1477108795604476,False
l48_r32,stbo_independent,stbo_dct,l48_r32_stbo_independent_vs_stbo_dct,ETTh2,96,ok,0.24643005430698395,0.24858586490154266,-0.8672297579802368,0.3166138827800751,0.31912723183631897,-0.7875695978000974,True
l48_r32,stbo_independent,stbo_dct,l48_r32_stbo_independent_vs_stbo_dct,ETTh2,192,ok,0.2885763943195343,0.289305180311203,-0.25190907085892444,0.34899604320526123,0.34963706135749817,-0.1833381592180494,True
l48_r32,stbo_independent,stbo_dct,l48_r32_stbo_independent_vs_stbo_dct,ETTh2,336,ok,0.31609028577804565,0.31980228424072266,-1.1607166820243542,0.37343132495880127,0.3753042221069336,-0.49903439338305766,True
l48_r32,stbo_independent,stbo_dct,l48_r32_stbo_independent_vs_stbo_dct,ETTh2,720,ok,0.40095075964927673,0.40735554695129395,-1.5722842980662843,0.4333471655845642,0.43663063645362854,-0.7520019428167268,True
l48_r32,stbo_independent,stbo_dct,l48_r32_stbo_independent_vs_stbo_dct,ETTm1,96,ok,0.2746913731098175,0.2749953866004944,-0.11055221486989675,0.33236175775527954,0.33192315697669983,0.1321392525229781,True
l48_r32,stbo_independent,stbo_dct,l48_r32_stbo_independent_vs_stbo_dct,ETTm1,192,ok,0.31090429425239563,0.31107258796691895,-0.05410110727634976,0.3541737198829651,0.3535393178462982,0.17944313535804834,True
l48_r32,stbo_independent,stbo_dct,l48_r32_stbo_independent_vs_stbo_dct,ETTm1,336,ok,0.34916529059410095,0.3490331470966339,0.03785987049260697,0.3754100799560547,0.37439239025115967,0.27182435631565305,False
l48_r32,stbo_independent,stbo_dct,l48_r32_stbo_independent_vs_stbo_dct,ETTm1,720,ok,0.4094148278236389,0.40806812047958374,0.33002022860115776,0.40668970346450806,0.40516895055770874,0.3753379681996849,False
l48_r32,stbo_independent,stbo_dct,l48_r32_stbo_independent_vs_stbo_dct,Weather,96,ok,0.14134864509105682,0.14153119921684265,-0.12898507664457215,0.18156342208385468,0.18180164694786072,-0.131035591814177,True
l48_r32,stbo_independent,stbo_dct,l48_r32_stbo_independent_vs_stbo_dct,Weather,192,ok,0.18247704207897186,0.18257436156272888,-0.05330402523334721,0.22317837178707123,0.22326938807964325,-0.0407652358233479,True
l48_r32,stbo_independent,stbo_dct,l48_r32_stbo_independent_vs_stbo_dct,Weather,336,ok,0.23195183277130127,0.2322750985622406,-0.13917367506904865,0.26378199458122253,0.2637217044830322,0.022861257592921014,True
l48_r32,stbo_independent,stbo_dct,l48_r32_stbo_independent_vs_stbo_dct,Weather,720,ok,0.30398693680763245,0.3045770823955536,-0.19375902588584237,0.3148082494735718,0.3148159980773926,-0.0024613119625871427,True
l120_r64,stbo_shared,a6_clean,l120_r64_stbo_shared_vs_a6_clean,ETTh2,96,ok,0.24549271166324615,0.24416223168373108,0.5449163739781326,0.31617316603660583,0.31473836302757263,0.45587166280949276,False
l120_r64,stbo_shared,a6_clean,l120_r64_stbo_shared_vs_a6_clean,ETTh2,192,ok,0.2884165048599243,0.2861934006214142,0.7767838928791182,0.3487091660499573,0.3473576307296753,0.38909043611419225,False
l120_r64,stbo_shared,a6_clean,l120_r64_stbo_shared_vs_a6_clean,ETTh2,336,ok,0.31517380475997925,0.31436556577682495,0.2571016266228465,0.373108446598053,0.37210166454315186,0.2705663937669245,False
l120_r64,stbo_shared,a6_clean,l120_r64_stbo_shared_vs_a6_clean,ETTh2,720,ok,0.39854028820991516,0.3950280547142029,0.8891098882213067,0.4321509301662445,0.4309396743774414,0.2810731665755739,False
l120_r64,stbo_shared,a6_clean,l120_r64_stbo_shared_vs_a6_clean,ETTm1,96,ok,0.27465927600860596,0.27276551723480225,0.6942808581531734,0.33234384655952454,0.33084431290626526,0.45324450043793263,False
l120_r64,stbo_shared,a6_clean,l120_r64_stbo_shared_vs_a6_clean,ETTm1,192,ok,0.3108139932155609,0.3091461658477783,0.5394947607416878,0.3542231619358063,0.35286661982536316,0.38443480743928227,False
l120_r64,stbo_shared,a6_clean,l120_r64_stbo_shared_vs_a6_clean,ETTm1,336,ok,0.3490087687969208,0.34693026542663574,0.5991127259332707,0.3753514289855957,0.3737157881259918,0.4376697243126504,False
l120_r64,stbo_shared,a6_clean,l120_r64_stbo_shared_vs_a6_clean,ETTm1,720,ok,0.40903010964393616,0.40836983919143677,0.16168443139843447,0.4065021872520447,0.4053221046924591,0.29114685479119107,False
l120_r64,stbo_shared,a6_clean,l120_r64_stbo_shared_vs_a6_clean,Weather,96,ok,0.14160090684890747,0.14136819541454315,0.16461371221576648,0.18189838528633118,0.18159954249858856,0.1645614210426416,False
l120_r64,stbo_shared,a6_clean,l120_r64_stbo_shared_vs_a6_clean,Weather,192,ok,0.18265123665332794,0.18240033090114594,0.13755772861947513,0.22347170114517212,0.22314205765724182,0.14772808469689647,False
l120_r64,stbo_shared,a6_clean,l120_r64_stbo_shared_vs_a6_clean,Weather,336,ok,0.23193512856960297,0.2316502183675766,0.12299155340069756,0.26388293504714966,0.26356613636016846,0.12019703720522745,False
l120_r64,stbo_shared,a6_clean,l120_r64_stbo_shared_vs_a6_clean,Weather,720,ok,0.3036886751651764,0.3030458390712738,0.21212503556315987,0.31467026472091675,0.3143439292907715,0.10381477093626135,False
l120_r64,stbo_shared,stbo_dct,l120_r64_stbo_shared_vs_stbo_dct,ETTh2,96,ok,0.24549271166324615,0.24891254305839539,-1.373908824814396,0.31617316603660583,0.31958287954330444,-1.066926210681629,True
l120_r64,stbo_shared,stbo_dct,l120_r64_stbo_shared_vs_stbo_dct,ETTh2,192,ok,0.2884165048599243,0.29091015458106995,-0.8571889574417457,0.3487091660499573,0.3507513701915741,-0.5822369675994143,True
l120_r64,stbo_shared,stbo_dct,l120_r64_stbo_shared_vs_stbo_dct,ETTh2,336,ok,0.31517380475997925,0.32313278317451477,-2.4630674536780472,0.373108446598053,0.3773425221443176,-1.1220775019480267,True
l120_r64,stbo_shared,stbo_dct,l120_r64_stbo_shared_vs_stbo_dct,ETTh2,720,ok,0.39854028820991516,0.4108887016773224,-3.005293992509106,0.4321509301662445,0.4386098086833954,-1.4725795888010151,True
l120_r64,stbo_shared,stbo_dct,l120_r64_stbo_shared_vs_stbo_dct,ETTm1,96,ok,0.27465927600860596,0.2753976285457611,-0.2681041739734713,0.33234384655952454,0.33189406991004944,0.13551813372170152,True
l120_r64,stbo_shared,stbo_dct,l120_r64_stbo_shared_vs_stbo_dct,ETTm1,192,ok,0.3108139932155609,0.31159165501594543,-0.24957722322336284,0.3542231619358063,0.3535957932472229,0.1774253824747163,True
l120_r64,stbo_shared,stbo_dct,l120_r64_stbo_shared_vs_stbo_dct,ETTm1,336,ok,0.3490087687969208,0.3496312201023102,-0.1780308134975095,0.3753514289855957,0.37451478838920593,0.22339320697806198,True
l120_r64,stbo_shared,stbo_dct,l120_r64_stbo_shared_vs_stbo_dct,ETTm1,720,ok,0.40903010964393616,0.40869757533073425,0.08136439589414568,0.4065021872520447,0.40536031126976013,0.28169407574898386,False
l120_r64,stbo_shared,stbo_dct,l120_r64_stbo_shared_vs_stbo_dct,Weather,96,ok,0.14160090684890747,0.14160765707492828,-0.004766851002446781,0.18189838528633118,0.18204940855503082,-0.08295729708673871,True
l120_r64,stbo_shared,stbo_dct,l120_r64_stbo_shared_vs_stbo_dct,Weather,192,ok,0.18265123665332794,0.18249107897281647,0.08776192316519715,0.22347170114517212,0.22331419587135315,0.0705307932639121,False
l120_r64,stbo_shared,stbo_dct,l120_r64_stbo_shared_vs_stbo_dct,Weather,336,ok,0.23193512856960297,0.23199225962162018,-0.024626275079342452,0.26388293504714966,0.2635729908943176,0.11759329048866007,True
l120_r64,stbo_shared,stbo_dct,l120_r64_stbo_shared_vs_stbo_dct,Weather,720,ok,0.3036886751651764,0.3040352463722229,-0.1139904702437744,0.31467026472091675,0.3144686222076416,0.0641216639865494,True
l120_r64,stbo_shared,stbo_independent,l120_r64_stbo_shared_vs_stbo_independent,ETTh2,96,ok,0.24549271166324615,0.24645836651325226,-0.3918125660198224,0.31617316603660583,0.3166827857494354,-0.16092434946332057,True
l120_r64,stbo_shared,stbo_independent,l120_r64_stbo_shared_vs_stbo_independent,ETTh2,192,ok,0.2884165048599243,0.2895892560482025,-0.4049705449303609,0.3487091660499573,0.34915003180503845,-0.12626828438250248,True
l120_r64,stbo_shared,stbo_independent,l120_r64_stbo_shared_vs_stbo_independent,ETTh2,336,ok,0.31517380475997925,0.31766441464424133,-0.7840380506741296,0.373108446598053,0.3742789626121521,-0.3127389276516901,True
l120_r64,stbo_shared,stbo_independent,l120_r64_stbo_shared_vs_stbo_independent,ETTh2,720,ok,0.39854028820991516,0.40071341395378113,-0.5423141996730441,0.4321509301662445,0.43355804681777954,-0.3245509250405898,True
l120_r64,stbo_shared,stbo_independent,l120_r64_stbo_shared_vs_stbo_independent,ETTm1,96,ok,0.27465927600860596,0.27536457777023315,-0.2561338017178505,0.33234384655952454,0.332914263010025,-0.1713403461128693,True
l120_r64,stbo_shared,stbo_independent,l120_r64_stbo_shared_vs_stbo_independent,ETTm1,192,ok,0.3108139932155609,0.31122976541519165,-0.13359011438899282,0.3542231619358063,0.3546692728996277,-0.12578224219261802,True
l120_r64,stbo_shared,stbo_independent,l120_r64_stbo_shared_vs_stbo_independent,ETTm1,336,ok,0.3490087687969208,0.34936174750328064,-0.10103530477576506,0.3753514289855957,0.37587758898735046,-0.13998174330432933,True
l120_r64,stbo_shared,stbo_independent,l120_r64_stbo_shared_vs_stbo_independent,ETTm1,720,ok,0.40903010964393616,0.4094070494174957,-0.09206968323967057,0.4065021872520447,0.407027930021286,-0.12916626365513384,True
l120_r64,stbo_shared,stbo_independent,l120_r64_stbo_shared_vs_stbo_independent,Weather,96,ok,0.14160090684890747,0.14160892367362976,-0.005661242606980199,0.18189838528633118,0.18197932839393616,-0.04447928691645453,True
l120_r64,stbo_shared,stbo_independent,l120_r64_stbo_shared_vs_stbo_independent,Weather,192,ok,0.18265123665332794,0.18256054818630219,0.0496758297051203,0.22347170114517212,0.22340832650661469,0.028367178407551208,False
l120_r64,stbo_shared,stbo_independent,l120_r64_stbo_shared_vs_stbo_independent,Weather,336,ok,0.23193512856960297,0.2318556308746338,0.03428758433396961,0.26388293504714966,0.26390406489372253,-0.008006639299540375,False
l120_r64,stbo_shared,stbo_independent,l120_r64_stbo_shared_vs_stbo_independent,Weather,720,ok,0.3036886751651764,0.3036164939403534,0.02377381540976664,0.31467026472091675,0.31474044919013977,-0.02229915773571678,False
l120_r64,stbo_bank4,a6_clean,l120_r64_stbo_bank4_vs_a6_clean,ETTh2,96,ok,0.2508641481399536,0.24416223168373108,2.7448620574961335,0.3195521831512451,0.31473836302757263,1.5294672302946344,False
l120_r64,stbo_bank4,a6_clean,l120_r64_stbo_bank4_vs_a6_clean,ETTh2,192,ok,0.29602861404418945,0.2861934006214142,3.436561919813652,0.35367679595947266,0.3473576307296753,1.8192101369769897,False
l120_r64,stbo_bank4,a6_clean,l120_r64_stbo_bank4_vs_a6_clean,ETTh2,336,ok,0.32410314679145813,0.31436556577682495,3.097534232342136,0.37907180190086365,0.37210166454315186,1.8731809131435684,False
l120_r64,stbo_bank4,a6_clean,l120_r64_stbo_bank4_vs_a6_clean,ETTh2,720,ok,0.41019314527511597,0.3950280547142029,3.838990770385875,0.4402090013027191,0.4309396743774414,2.1509569613586077,False
l120_r64,stbo_bank4,a6_clean,l120_r64_stbo_bank4_vs_a6_clean,ETTm1,96,ok,0.27470168471336365,0.27276551723480225,0.7098285363155821,0.33181411027908325,0.33084431290626526,0.2931280167093986,False
l120_r64,stbo_bank4,a6_clean,l120_r64_stbo_bank4_vs_a6_clean,ETTm1,192,ok,0.31150180101394653,0.3091461658477783,0.7619810388747039,0.3538930416107178,0.35286661982536316,0.290880952656436,False
l120_r64,stbo_bank4,a6_clean,l120_r64_stbo_bank4_vs_a6_clean,ETTm1,336,ok,0.3499101996421814,0.34693026542663574,0.8589432841441758,0.3750084936618805,0.3737157881259918,0.3459060540018877,False
l120_r64,stbo_bank4,a6_clean,l120_r64_stbo_bank4_vs_a6_clean,ETTm1,720,ok,0.410445898771286,0.40836983919143677,0.508377304249441,0.40615585446357727,0.4053221046924591,0.20570054321384923,False
l120_r64,stbo_bank4,a6_clean,l120_r64_stbo_bank4_vs_a6_clean,Weather,96,ok,0.14139200747013092,0.14136819541454315,0.016843997702564728,0.1816391795873642,0.18159954249858856,0.02182664572294435,False
l120_r64,stbo_bank4,a6_clean,l120_r64_stbo_bank4_vs_a6_clean,Weather,192,ok,0.18248705565929413,0.18240033090114594,0.047546382026686373,0.22320301830768585,0.22314205765724182,0.02731921139567106,False
l120_r64,stbo_bank4,a6_clean,l120_r64_stbo_bank4_vs_a6_clean,Weather,336,ok,0.23187917470932007,0.2316502183675766,0.0988370929917215,0.2637249529361725,0.26356613636016846,0.06025682137973387,False
l120_r64,stbo_bank4,a6_clean,l120_r64_stbo_bank4_vs_a6_clean,Weather,720,ok,0.3041919767856598,0.3030458390712738,0.3782060555256317,0.31492626667022705,0.3143439292907715,0.1852548515154817,False
l120_r64,stbo_bank4,stbo_dct,l120_r64_stbo_bank4_vs_stbo_dct,ETTh2,96,ok,0.2508641481399536,0.24891254305839539,0.7840525260715214,0.3195521831512451,0.31958287954330444,-0.009605142835933389,False
l120_r64,stbo_bank4,stbo_dct,l120_r64_stbo_bank4_vs_stbo_dct,ETTh2,192,ok,0.29602861404418945,0.29091015458106995,1.7594640071916468,0.35367679595947266,0.3507513701915741,0.8340454283331189,False
l120_r64,stbo_bank4,stbo_dct,l120_r64_stbo_bank4_vs_stbo_dct,ETTh2,336,ok,0.32410314679145813,0.32313278317451477,0.3002987215999342,0.37907180190086365,0.3773425221443176,0.45827852814441794,False
l120_r64,stbo_bank4,stbo_dct,l120_r64_stbo_bank4_vs_stbo_dct,ETTh2,720,ok,0.41019314527511597,0.4108887016773224,-0.1692809754483493,0.4402090013027191,0.4386098086833954,0.3646048464178486,True
l120_r64,stbo_bank4,stbo_dct,l120_r64_stbo_bank4_vs_stbo_dct,ETTm1,96,ok,0.27470168471336365,0.2753976285457611,-0.2527050926590779,0.33181411027908325,0.33189406991004944,-0.02409191311789627,True
l120_r64,stbo_bank4,stbo_dct,l120_r64_stbo_bank4_vs_stbo_dct,ETTm1,192,ok,0.31150180101394653,0.31159165501594543,-0.028837101556622446,0.3538930416107178,0.3535957932472229,0.08406445132311813,True
l120_r64,stbo_bank4,stbo_dct,l120_r64_stbo_bank4_vs_stbo_dct,ETTm1,336,ok,0.3499101996421814,0.3496312201023102,0.0797925138920963,0.3750084936618805,0.37451478838920593,0.13182530783311108,False
l120_r64,stbo_bank4,stbo_dct,l120_r64_stbo_bank4_vs_stbo_dct,ETTm1,720,ok,0.410445898771286,0.40869757533073425,0.4277792544124859,0.40615585446357727,0.40536031126976013,0.19625581777484857,False
l120_r64,stbo_bank4,stbo_dct,l120_r64_stbo_bank4_vs_stbo_dct,Weather,96,ok,0.14139200747013092,0.14160765707492828,-0.15228668368071352,0.1816391795873642,0.18204940855503082,-0.22533935755282286,True
l120_r64,stbo_bank4,stbo_dct,l120_r64_stbo_bank4_vs_stbo_dct,Weather,192,ok,0.18248705565929413,0.18249107897281647,-0.002204663123794859,0.22320301830768585,0.22331419587135315,-0.049785264762725046,True
l120_r64,stbo_bank4,stbo_dct,l120_r64_stbo_bank4_vs_stbo_dct,Weather,336,ok,0.23187917470932007,0.23199225962162018,-0.04874512299873901,0.2637249529361725,0.2635729908943176,0.05765463348093025,True
l120_r64,stbo_bank4,stbo_dct,l120_r64_stbo_bank4_vs_stbo_dct,Weather,720,ok,0.3041919767856598,0.3040352463722229,0.05155008023149943,0.31492626667022705,0.3144686222076416,0.14552945199195477,False
l120_r64,stbo_bank4,stbo_independent,l120_r64_stbo_bank4_vs_stbo_independent,ETTh2,96,ok,0.2508641481399536,0.24645836651325226,1.787637274819165,0.3195521831512451,0.3166827857494354,0.9060793737238448,False
l120_r64,stbo_bank4,stbo_independent,l120_r64_stbo_bank4_vs_stbo_independent,ETTh2,192,ok,0.29602861404418945,0.2895892560482025,2.2236177142273217,0.35367679595947266,0.34915003180503845,1.2965097356662625,False
l120_r64,stbo_bank4,stbo_independent,l120_r64_stbo_bank4_vs_stbo_independent,ETTh2,336,ok,0.32410314679145813,0.31766441464424133,2.026897521533111,0.37907180190086365,0.3742789626121521,1.2805526806159762,False
l120_r64,stbo_bank4,stbo_independent,l120_r64_stbo_bank4_vs_stbo_independent,ETTh2,720,ok,0.41019314527511597,0.40071341395378113,2.3657134977837835,0.4402090013027191,0.43355804681777954,1.5340401438183715,False
l120_r64,stbo_bank4,stbo_independent,l120_r64_stbo_bank4_vs_stbo_independent,ETTm1,96,ok,0.27470168471336365,0.27536457777023315,-0.24073287212076355,0.33181411027908325,0.332914263010025,-0.3304612788274097,True
l120_r64,stbo_bank4,stbo_independent,l120_r64_stbo_bank4_vs_stbo_independent,ETTm1,192,ok,0.31150180101394653,0.31122976541519165,0.08740667795446022,0.3538930416107178,0.3546692728996277,-0.21886059724423035,False
l120_r64,stbo_bank4,stbo_independent,l120_r64_stbo_bank4_vs_stbo_independent,ETTm1,336,ok,0.3499101996421814,0.34936174750328064,0.15698688903988955,0.3750084936618805,0.37587758898735046,-0.23121764929145971,False
l120_r64,stbo_bank4,stbo_independent,l120_r64_stbo_bank4_vs_stbo_independent,ETTm1,720,ok,0.410445898771286,0.4094070494174957,0.25374486229985393,0.40615585446357727,0.407027930021286,-0.2142544757710252,False
l120_r64,stbo_bank4,stbo_independent,l120_r64_stbo_bank4_vs_stbo_independent,Weather,96,ok,0.14139200747013092,0.14160892367362976,-0.15317975581734533,0.1816391795873642,0.18197932839393616,-0.1869161786527962,True
l120_r64,stbo_bank4,stbo_independent,l120_r64_stbo_bank4_vs_stbo_independent,Weather,192,ok,0.18248705565929413,0.18256054818630219,-0.0402565218707962,0.22320301830768585,0.22340832650661469,-0.09189818577454156,True
l120_r64,stbo_bank4,stbo_independent,l120_r64_stbo_bank4_vs_stbo_independent,Weather,336,ok,0.23187917470932007,0.2318556308746338,0.010154523570315988,0.2637249529361725,0.26390406489372253,-0.06787010181983355,False
l120_r64,stbo_bank4,stbo_independent,l120_r64_stbo_bank4_vs_stbo_independent,Weather,720,ok,0.3041919767856598,0.3036164939403534,0.1895426819003676,0.31492626667022705,0.31474044919013977,0.05903832207312387,False
l120_r64,stbo_dct,a6_clean,l120_r64_stbo_dct_vs_a6_clean,ETTh2,96,ok,0.24891254305839539,0.24416223168373108,1.945555355513573,0.31958287954330444,0.31473836302757263,1.5392202174310032,False
l120_r64,stbo_dct,a6_clean,l120_r64_stbo_dct_vs_a6_clean,ETTh2,192,ok,0.29091015458106995,0.2861934006214142,1.6481001830979558,0.3507513701915741,0.3473576307296753,0.9770159517641153,False
l120_r64,stbo_dct,a6_clean,l120_r64_stbo_dct_vs_a6_clean,ETTh2,336,ok,0.32313278317451477,0.31436556577682495,2.7888605980191494,0.3773425221443176,0.37210166454315186,1.4084477712832166,False
l120_r64,stbo_dct,a6_clean,l120_r64_stbo_dct_vs_a6_clean,ETTh2,720,ok,0.4108887016773224,0.3950280547142029,4.015068492943996,0.4386098086833954,0.4309396743774414,1.779862649461239,False
l120_r64,stbo_dct,a6_clean,l120_r64_stbo_dct_vs_a6_clean,ETTm1,96,ok,0.2753976285457611,0.27276551723480225,0.9649721627727148,0.33189406991004944,0.33084431290626526,0.3172963725937228,False
l120_r64,stbo_dct,a6_clean,l120_r64_stbo_dct_vs_a6_clean,ETTm1,192,ok,0.31159165501594543,0.3091461658477783,0.7910462552433106,0.3535957932472229,0.35286661982536316,0.20664278820723414,False
l120_r64,stbo_dct,a6_clean,l120_r64_stbo_dct_vs_a6_clean,ETTm1,336,ok,0.3496312201023102,0.34693026542663574,0.7785295619432198,0.37451478838920593,0.3737157881259918,0.21379890510397903,False
l120_r64,stbo_dct,a6_clean,l120_r64_stbo_dct_vs_a6_clean,ETTm1,720,ok,0.40869757533073425,0.40836983919143677,0.08025473672257366,0.40536031126976013,0.4053221046924591,0.009426225922215536,False
l120_r64,stbo_dct,a6_clean,l120_r64_stbo_dct_vs_a6_clean,Weather,96,ok,0.14160765707492828,0.14136819541454315,0.16938863772217871,0.18204940855503082,0.18159954249858856,0.24772422344938594,False
l120_r64,stbo_dct,a6_clean,l120_r64_stbo_dct_vs_a6_clean,Weather,192,ok,0.18249107897281647,0.18240033090114594,0.04975214201761169,0.22331419587135315,0.22314205765724182,0.07714288194642371,False
l120_r64,stbo_dct,a6_clean,l120_r64_stbo_dct_vs_a6_clean,Weather,336,ok,0.23199225962162018,0.2316502183675766,0.14765419020708048,0.2635729908943176,0.26356613636016846,0.002600688481391167,False
l120_r64,stbo_dct,a6_clean,l120_r64_stbo_dct_vs_a6_clean,Weather,720,ok,0.3040352463722229,0.3030458390712738,0.3264876706379649,0.3144686222076416,0.3143439292907715,0.03966767137875138,False
l120_r64,stbo_dct,stbo_independent,l120_r64_stbo_dct_vs_stbo_independent,ETTh2,96,ok,0.24891254305839539,0.24645836651325226,0.9957773314265506,0.31958287954330444,0.3166827857494354,0.9157724778143139,False
l120_r64,stbo_dct,stbo_independent,l120_r64_stbo_dct_vs_stbo_independent,ETTh2,192,ok,0.29091015458106995,0.2895892560482025,0.45612829387826626,0.3507513701915741,0.34915003180503845,0.4586390493098502,False
l120_r64,stbo_dct,stbo_independent,l120_r64_stbo_dct_vs_stbo_independent,ETTh2,336,ok,0.32313278317451477,0.31766441464424133,1.7214293695432037,0.3773425221443176,0.3742789626121521,0.818523037144403,False
l120_r64,stbo_dct,stbo_independent,l120_r64_stbo_dct_vs_stbo_independent,ETTh2,720,ok,0.4108887016773224,0.40071341395378113,2.5392930132144054,0.4386098086833954,0.43355804681777954,1.165186969240839,False
l120_r64,stbo_dct,stbo_independent,l120_r64_stbo_dct_vs_stbo_independent,ETTm1,96,ok,0.2753976285457611,0.27536457777023315,0.012002551597434241,0.33189406991004944,0.332914263010025,-0.3064431937375045,False
l120_r64,stbo_dct,stbo_independent,l120_r64_stbo_dct_vs_stbo_independent,ETTm1,192,ok,0.31159165501594543,0.31122976541519165,0.1162773105171988,0.3535957932472229,0.3546692728996277,-0.3026706101795784,False
l120_r64,stbo_dct,stbo_independent,l120_r64_stbo_dct_vs_stbo_independent,ETTm1,336,ok,0.3496312201023102,0.34936174750328064,0.0771328289245643,0.37451478838920593,0.37587758898735046,-0.3625650046910289,False
l120_r64,stbo_dct,stbo_independent,l120_r64_stbo_dct_vs_stbo_independent,ETTm1,720,ok,0.40869757533073425,0.4094070494174957,-0.17329308026593493,0.40536031126976013,0.407027930021286,-0.40970622125088285,True
l120_r64,stbo_dct,stbo_independent,l120_r64_stbo_dct_vs_stbo_independent,Weather,96,ok,0.14160765707492828,0.14160892367362976,-0.0008944342408834238,0.18204940855503082,0.18197932839393616,0.03850995698970738,True
l120_r64,stbo_dct,stbo_independent,l120_r64_stbo_dct_vs_stbo_independent,Weather,192,ok,0.18249107897281647,0.18256054818630219,-0.03805269768079045,0.22331419587135315,0.22340832650661469,-0.04213389748423113,True
l120_r64,stbo_dct,stbo_independent,l120_r64_stbo_dct_vs_stbo_independent,Weather,336,ok,0.23199225962162018,0.2318556308746338,0.05892837127612349,0.2635729908943176,0.26390406489372253,-0.12545240617579667,False
l120_r64,stbo_dct,stbo_independent,l120_r64_stbo_dct_vs_stbo_independent,Weather,720,ok,0.3040352463722229,0.3036164939403534,0.13792150302340822,0.3144686222076416,0.31474044919013977,-0.08636544276326985,False
l120_r64,stbo_independent,a6_clean,l120_r64_stbo_independent_vs_a6_clean,ETTh2,96,ok,0.24645836651325226,0.24416223168373108,0.940413598650025,0.3166827857494354,0.31473836302757263,0.6177901871124769,False
l120_r64,stbo_independent,a6_clean,l120_r64_stbo_independent_vs_a6_clean,ETTh2,192,ok,0.2895892560482025,0.2861934006214142,1.18655965490988,0.34915003180503845,0.3473576307296753,0.5160102778217324,False
l120_r64,stbo_independent,a6_clean,l120_r64_stbo_independent_vs_a6_clean,ETTh2,336,ok,0.31766441464424133,0.31436556577682495,1.0493671147679962,0.3742789626121521,0.37210166454315186,0.5851352671785159,False
l120_r64,stbo_independent,a6_clean,l120_r64_stbo_independent_vs_a6_clean,ETTh2,720,ok,0.40071341395378113,0.3950280547142029,1.43922923238744,0.43355804681777954,0.4309396743774414,0.6075960502176514,False
l120_r64,stbo_independent,a6_clean,l120_r64_stbo_independent_vs_a6_clean,ETTm1,96,ok,0.27536457777023315,0.27276551723480225,0.9528552442329419,0.332914263010025,0.33084431290626526,0.6256568491616266,False
l120_r64,stbo_independent,a6_clean,l120_r64_stbo_independent_vs_a6_clean,ETTm1,192,ok,0.31122976541519165,0.3091461658477783,0.6739852528008683,0.3546692728996277,0.35286661982536316,0.5108596203167837,False
l120_r64,stbo_independent,a6_clean,l120_r64_stbo_independent_vs_a6_clean,ETTm1,336,ok,0.34936174750328064,0.34693026542663574,0.7008561428490045,0.37587758898735046,0.3737157881259918,0.5784612076998652,False
l120_r64,stbo_independent,a6_clean,l120_r64_stbo_independent_vs_a6_clean,ETTm1,720,ok,0.4094070494174957,0.40836983919143677,0.25398796054885153,0.407027930021286,0.4053221046924591,0.42085672335121505,False
l120_r64,stbo_independent,a6_clean,l120_r64_stbo_independent_vs_a6_clean,Weather,96,ok,0.14160892367362976,0.14136819541454315,0.17028459504679905,0.18197932839393616,0.18159954249858856,0.20913372915052353,False
l120_r64,stbo_independent,a6_clean,l120_r64_stbo_independent_vs_a6_clean,Weather,192,ok,0.18256054818630219,0.18240033090114594,0.08783826452765098,0.22340832650661469,0.22314205765724182,0.1193270565703397,False
l120_r64,stbo_independent,a6_clean,l120_r64_stbo_independent_vs_a6_clean,Weather,336,ok,0.2318556308746338,0.2316502183675766,0.08867356504334012,0.26390406489372253,0.26356613636016846,0.12821394213264892,False
l120_r64,stbo_independent,a6_clean,l120_r64_stbo_independent_vs_a6_clean,Weather,720,ok,0.3036164939403534,0.3030458390712738,0.1883064525249445,0.31474044919013977,0.3143439292907715,0.1261420572883143,False
l120_r64,stbo_independent,stbo_dct,l120_r64_stbo_independent_vs_stbo_dct,ETTh2,96,ok,0.24645836651325226,0.24891254305839539,-0.985959371507994,0.3166827857494354,0.31958287954330444,-0.907462188842334,True
l120_r64,stbo_independent,stbo_dct,l120_r64_stbo_independent_vs_stbo_dct,ETTh2,192,ok,0.2895892560482025,0.29091015458106995,-0.4540572104709151,0.34915003180503845,0.3507513701915741,-0.4565451549515043,True
l120_r64,stbo_independent,stbo_dct,l120_r64_stbo_independent_vs_stbo_dct,ETTh2,336,ok,0.31766441464424133,0.32313278317451477,-1.6922976605936446,0.3742789626121521,0.3773425221443176,-0.8118776316955456,True
l120_r64,stbo_independent,stbo_dct,l120_r64_stbo_independent_vs_stbo_dct,ETTh2,720,ok,0.40071341395378113,0.4108887016773224,-2.476409714359118,0.43355804681777954,0.4386098086833954,-1.1517667333478143,True
l120_r64,stbo_independent,stbo_dct,l120_r64_stbo_independent_vs_stbo_dct,ETTm1,96,ok,0.27536457777023315,0.2753976285457611,-0.012001111157888822,0.332914263010025,0.33189406991004944,0.30738515462240823,True
l120_r64,stbo_independent,stbo_dct,l120_r64_stbo_independent_vs_stbo_dct,ETTm1,192,ok,0.31122976541519165,0.31159165501594543,-0.11614226341692957,0.3546692728996277,0.3535957932472229,0.30358948633029126,True
l120_r64,stbo_independent,stbo_dct,l120_r64_stbo_independent_vs_stbo_dct,ETTm1,336,ok,0.34936174750328064,0.3496312201023102,-0.07707338004617759,0.37587758898735046,0.37451478838920593,0.3638843218997989,True
l120_r64,stbo_independent,stbo_dct,l120_r64_stbo_independent_vs_stbo_dct,ETTm1,720,ok,0.4094070494174957,0.40869757533073425,0.17359390649365203,0.407027930021286,0.40536031126976013,0.41139171871615865,False
l120_r64,stbo_independent,stbo_dct,l120_r64_stbo_independent_vs_stbo_dct,Weather,96,ok,0.14160892367362976,0.14160765707492828,0.0008944422410728237,0.18197932839393616,0.18204940855503082,-0.038495132530724785,False
l120_r64,stbo_independent,stbo_dct,l120_r64_stbo_independent_vs_stbo_dct,Weather,192,ok,0.18256054818630219,0.18249107897281647,0.038067183270951155,0.22340832650661469,0.22331419587135315,0.04215165762044837,False
l120_r64,stbo_independent,stbo_dct,l120_r64_stbo_independent_vs_stbo_dct,Weather,336,ok,0.2318556308746338,0.23199225962162018,-0.05889366619784564,0.26390406489372253,0.2635729908943176,0.12560998692678904,True
l120_r64,stbo_independent,stbo_dct,l120_r64_stbo_independent_vs_stbo_dct,Weather,720,ok,0.3036164939403534,0.3040352463722229,-0.1377315416110747,0.31474044919013977,0.3144686222076416,0.08644009713587586,True
l144_r128,stbo_shared,a6_clean,l144_r128_stbo_shared_vs_a6_clean,ETTh2,96,ok,0.24773792922496796,0.24416223168373108,1.464476105325141,0.3170507550239563,0.31473836302757263,0.7347029367948732,False
l144_r128,stbo_shared,a6_clean,l144_r128_stbo_shared_vs_a6_clean,ETTh2,192,ok,0.292058527469635,0.2861934006214142,2.0493578242845034,0.35071301460266113,0.3473576307296753,0.9659738483180469,False
l144_r128,stbo_shared,a6_clean,l144_r128_stbo_shared_vs_a6_clean,ETTh2,336,ok,0.3217282295227051,0.31436556577682495,2.342070680574171,0.37679368257522583,0.37210166454315186,1.2609505624852746,False
l144_r128,stbo_shared,a6_clean,l144_r128_stbo_shared_vs_a6_clean,ETTh2,720,ok,0.4055664837360382,0.3950280547142029,2.667767237306662,0.4360327422618866,0.4309396743774414,1.1818517039079657,False
l144_r128,stbo_shared,a6_clean,l144_r128_stbo_shared_vs_a6_clean,ETTm1,96,ok,0.27324050664901733,0.27276551723480225,0.17413836581336994,0.3313963711261749,0.33084431290626526,0.16686344554639465,False
l144_r128,stbo_shared,a6_clean,l144_r128_stbo_shared_vs_a6_clean,ETTm1,192,ok,0.30949366092681885,0.3091461658477783,0.11240478370080353,0.3532619774341583,0.35286661982536316,0.11204165726721449,False
l144_r128,stbo_shared,a6_clean,l144_r128_stbo_shared_vs_a6_clean,ETTm1,336,ok,0.34762856364250183,0.34693026542663574,0.2012791288207083,0.37439772486686707,0.3737157881259918,0.1824746940167543,False
l144_r128,stbo_shared,a6_clean,l144_r128_stbo_shared_vs_a6_clean,ETTm1,720,ok,0.4081370234489441,0.40836983919143677,-0.057011003298790275,0.4058624804019928,0.4053221046924591,0.13332006897173176,True
l144_r128,stbo_shared,a6_clean,l144_r128_stbo_shared_vs_a6_clean,Weather,96,ok,0.14182287454605103,0.14136819541454315,0.32162759818401554,0.18192818760871887,0.18159954249858856,0.18097243286439024,False
l144_r128,stbo_shared,a6_clean,l144_r128_stbo_shared_vs_a6_clean,Weather,192,ok,0.1828860193490982,0.18240033090114594,0.266276078312333,0.2235243320465088,0.22314205765724182,0.17131436058286376,False
l144_r128,stbo_shared,a6_clean,l144_r128_stbo_shared_vs_a6_clean,Weather,336,ok,0.23213472962379456,0.2316502183675766,0.2091563995200607,0.2639206349849701,0.26356613636016846,0.13450082385288997,False
l144_r128,stbo_shared,a6_clean,l144_r128_stbo_shared_vs_a6_clean,Weather,720,ok,0.30410176515579224,0.3030458390712738,0.34843774385897586,0.31480124592781067,0.3143439292907715,0.14548289132574332,False
l144_r128,stbo_shared,stbo_dct,l144_r128_stbo_shared_vs_stbo_dct,ETTh2,96,ok,0.24773792922496796,0.24737508594989777,0.14667737200653175,0.3170507550239563,0.31899914145469666,-0.6107810892077459,False
l144_r128,stbo_shared,stbo_dct,l144_r128_stbo_shared_vs_stbo_dct,ETTh2,192,ok,0.292058527469635,0.289378821849823,0.9260199494497412,0.35071301460266113,0.3502855598926544,0.12203035435938148,False
l144_r128,stbo_shared,stbo_dct,l144_r128_stbo_shared_vs_stbo_dct,ETTh2,336,ok,0.3217282295227051,0.32092952728271484,0.24887153474246748,0.37679368257522583,0.3766922652721405,0.026923118002453172,False
l144_r128,stbo_shared,stbo_dct,l144_r128_stbo_shared_vs_stbo_dct,ETTh2,720,ok,0.4055664837360382,0.41014453768730164,-1.1162050278855085,0.4360327422618866,0.4391558766365051,-0.7111676151389856,True
l144_r128,stbo_shared,stbo_dct,l144_r128_stbo_shared_vs_stbo_dct,ETTm1,96,ok,0.27324050664901733,0.2754749655723572,-0.8111295771277338,0.3313963711261749,0.3322239816188812,-0.2491122069735785,True
l144_r128,stbo_shared,stbo_dct,l144_r128_stbo_shared_vs_stbo_dct,ETTm1,192,ok,0.30949366092681885,0.31107962131500244,-0.5098245849340377,0.3532619774341583,0.3536643385887146,-0.11376921862178424,True
l144_r128,stbo_shared,stbo_dct,l144_r128_stbo_shared_vs_stbo_dct,ETTm1,336,ok,0.34762856364250183,0.3488099277019501,-0.33868418460202276,0.37439772486686707,0.3745303153991699,-0.035401815781332946,True
l144_r128,stbo_shared,stbo_dct,l144_r128_stbo_shared_vs_stbo_dct,ETTm1,720,ok,0.4081370234489441,0.40775588154792786,0.09347306029512392,0.4058624804019928,0.4055423438549042,0.07894035035787006,False
l144_r128,stbo_shared,stbo_dct,l144_r128_stbo_shared_vs_stbo_dct,Weather,96,ok,0.14182287454605103,0.14163054525852203,0.13579647467849565,0.18192818760871887,0.18223083019256592,-0.1660764995293218,False
l144_r128,stbo_shared,stbo_dct,l144_r128_stbo_shared_vs_stbo_dct,Weather,192,ok,0.1828860193490982,0.18270863592624664,0.09708540702102475,0.2235243320465088,0.22360479831695557,-0.03598593189968469,False
l144_r128,stbo_shared,stbo_dct,l144_r128_stbo_shared_vs_stbo_dct,Weather,336,ok,0.23213472962379456,0.232476606965065,-0.147058814103318,0.2639206349849701,0.2640012204647064,-0.030524661815756193,True
l144_r128,stbo_shared,stbo_dct,l144_r128_stbo_shared_vs_stbo_dct,Weather,720,ok,0.30410176515579224,0.304722398519516,-0.20367172440853842,0.31480124592781067,0.3149125576019287,-0.035346851508777366,True
l144_r128,stbo_shared,stbo_independent,l144_r128_stbo_shared_vs_stbo_independent,ETTh2,96,ok,0.24773792922496796,0.2462824583053589,0.5909762837450927,0.3170507550239563,0.31656214594841003,0.15434854792331087,False
l144_r128,stbo_shared,stbo_independent,l144_r128_stbo_shared_vs_stbo_independent,ETTh2,192,ok,0.292058527469635,0.289072185754776,1.0330781936219724,0.35071301460266113,0.34916436672210693,0.4435297608093913,False
l144_r128,stbo_shared,stbo_independent,l144_r128_stbo_shared_vs_stbo_independent,ETTh2,336,ok,0.3217282295227051,0.31764915585517883,1.2841443436373945,0.37679368257522583,0.3744348883628845,0.6299611189156229,False
l144_r128,stbo_shared,stbo_independent,l144_r128_stbo_shared_vs_stbo_independent,ETTh2,720,ok,0.4055664837360382,0.40344083309173584,0.5268803923521137,0.4360327422618866,0.4348869323730469,0.2634730555336251,False
l144_r128,stbo_shared,stbo_independent,l144_r128_stbo_shared_vs_stbo_independent,ETTm1,96,ok,0.27324050664901733,0.27341723442077637,-0.06463666130389623,0.3313963711261749,0.331279993057251,0.035129821106894,True
l144_r128,stbo_shared,stbo_independent,l144_r128_stbo_shared_vs_stbo_independent,ETTm1,192,ok,0.30949366092681885,0.3096504211425781,-0.05062489990513841,0.3532619774341583,0.3531903922557831,0.02026815563074269,True
l144_r128,stbo_shared,stbo_independent,l144_r128_stbo_shared_vs_stbo_independent,ETTm1,336,ok,0.34762856364250183,0.34764161705970764,-0.0037548488343253084,0.37439772486686707,0.37422287464141846,0.046723553608574164,True
l144_r128,stbo_shared,stbo_independent,l144_r128_stbo_shared_vs_stbo_independent,ETTm1,720,ok,0.4081370234489441,0.4078851342201233,0.061754942185476835,0.4058624804019928,0.40556657314300537,0.07296145160442524,False
l144_r128,stbo_shared,stbo_independent,l144_r128_stbo_shared_vs_stbo_independent,Weather,96,ok,0.14182287454605103,0.14151902496814728,0.21470581638909358,0.18192818760871887,0.18164949119091034,0.1534253776222405,False
l144_r128,stbo_shared,stbo_independent,l144_r128_stbo_shared_vs_stbo_independent,Weather,192,ok,0.1828860193490982,0.1825951784849167,0.15928178750106436,0.2235243320465088,0.223335862159729,0.08438854600296697,False
l144_r128,stbo_shared,stbo_independent,l144_r128_stbo_shared_vs_stbo_independent,Weather,336,ok,0.23213472962379456,0.2318892925977707,0.10584232815338268,0.2639206349849701,0.2638136148452759,0.04056657187954116,False
l144_r128,stbo_shared,stbo_independent,l144_r128_stbo_shared_vs_stbo_independent,Weather,720,ok,0.30410176515579224,0.30373165011405945,0.12185593486677693,0.31480124592781067,0.3146854341030121,0.036802410358993676,False
l144_r128,stbo_bank4,a6_clean,l144_r128_stbo_bank4_vs_a6_clean,ETTh2,96,ok,0.2516074478626251,0.24416223168373108,3.049290681671857,0.31971821188926697,0.31473836302757263,1.582218581107031,False
l144_r128,stbo_bank4,a6_clean,l144_r128_stbo_bank4_vs_a6_clean,ETTh2,192,ok,0.29603561758995056,0.2861934006214142,3.4390090572200105,0.35287052392959595,0.3473576307296753,1.5870943120898318,False
l144_r128,stbo_bank4,a6_clean,l144_r128_stbo_bank4_vs_a6_clean,ETTh2,336,ok,0.3257865607738495,0.31436556577682495,3.6330298990610688,0.37885305285453796,0.37210166454315186,1.8143934721913002,False
l144_r128,stbo_bank4,a6_clean,l144_r128_stbo_bank4_vs_a6_clean,ETTh2,720,ok,0.4109601676464081,0.3950280547142029,4.033159858413571,0.4395650029182434,0.4309396743774414,2.0015164659096696,False
l144_r128,stbo_bank4,a6_clean,l144_r128_stbo_bank4_vs_a6_clean,ETTm1,96,ok,0.2740662395954132,0.27276551723480225,0.4768646615588512,0.33123263716697693,0.33084431290626526,0.11737371493572013,False
l144_r128,stbo_bank4,a6_clean,l144_r128_stbo_bank4_vs_a6_clean,ETTm1,192,ok,0.3106270730495453,0.3091461658477783,0.4790313985314487,0.35330572724342346,0.35286661982536316,0.12444005564413718,False
l144_r128,stbo_bank4,a6_clean,l144_r128_stbo_bank4_vs_a6_clean,ETTm1,336,ok,0.34895482659339905,0.34693026542663574,0.583564297647432,0.37436214089393616,0.3737157881259918,0.17295302700093274,False
l144_r128,stbo_bank4,a6_clean,l144_r128_stbo_bank4_vs_a6_clean,ETTm1,720,ok,0.4098109304904938,0.40836983919143677,0.35288876913885936,0.40566298365592957,0.4053221046924591,0.08410075826708052,False
l144_r128,stbo_bank4,a6_clean,l144_r128_stbo_bank4_vs_a6_clean,Weather,96,ok,0.14130717515945435,0.14136819541454315,-0.04316406169709852,0.1813901960849762,0.18159954249858856,-0.1152791525419139,True
l144_r128,stbo_bank4,a6_clean,l144_r128_stbo_bank4_vs_a6_clean,Weather,192,ok,0.18235816061496735,0.18240033090114594,-0.023119632497514697,0.22297708690166473,0.22314205765724182,-0.07393082115899619,True
l144_r128,stbo_bank4,a6_clean,l144_r128_stbo_bank4_vs_a6_clean,Weather,336,ok,0.23176807165145874,0.2316502183675766,0.050875533255556604,0.2635056674480438,0.26356613636016846,-0.022942595342367866,False
l144_r128,stbo_bank4,a6_clean,l144_r128_stbo_bank4_vs_a6_clean,Weather,720,ok,0.30422279238700867,0.3030458390712738,0.38837468263606123,0.31474432349205017,0.3143439292907715,0.12737456141813652,False
l144_r128,stbo_bank4,stbo_dct,l144_r128_stbo_bank4_vs_stbo_dct,ETTh2,96,ok,0.2516074478626251,0.24737508594989777,1.7109087184246752,0.31971821188926697,0.31899914145469666,0.22541453600508632,False
l144_r128,stbo_bank4,stbo_dct,l144_r128_stbo_bank4_vs_stbo_dct,ETTh2,192,ok,0.29603561758995056,0.289378821849823,2.3003741937902333,0.35287052392959595,0.3502855598926544,0.7379590633806554,False
l144_r128,stbo_bank4,stbo_dct,l144_r128_stbo_bank4_vs_stbo_dct,ETTh2,336,ok,0.3257865607738495,0.32092952728271484,1.513426805024376,0.37885305285453796,0.3766922652721405,0.57362143627675,False
l144_r128,stbo_bank4,stbo_dct,l144_r128_stbo_bank4_vs_stbo_dct,ETTh2,720,ok,0.4109601676464081,0.41014453768730164,0.19886403064284242,0.4395650029182434,0.4391558766365051,0.09316197357343015,False
l144_r128,stbo_bank4,stbo_dct,l144_r128_stbo_bank4_vs_stbo_dct,ETTm1,96,ok,0.2740662395954132,0.2754749655723572,-0.5113807615937271,0.33123263716697693,0.3322239816188812,-0.29839641529597616,True
l144_r128,stbo_bank4,stbo_dct,l144_r128_stbo_bank4_vs_stbo_dct,ETTm1,192,ok,0.3106270730495453,0.31107962131500244,-0.1454766672095542,0.35330572724342346,0.3536643385887146,-0.10139878584370932,True
l144_r128,stbo_bank4,stbo_dct,l144_r128_stbo_bank4_vs_stbo_dct,ETTm1,336,ok,0.34895482659339905,0.3488099277019501,0.04154093101753631,0.37436214089393616,0.3745303153991699,-0.04490277510768026,False
l144_r128,stbo_bank4,stbo_dct,l144_r128_stbo_bank4_vs_stbo_dct,ETTm1,720,ok,0.4098109304904938,0.40775588154792786,0.5039900184307555,0.40566298365592957,0.4055423438549042,0.029747769339860675,False
l144_r128,stbo_bank4,stbo_dct,l144_r128_stbo_bank4_vs_stbo_dct,Weather,96,ok,0.14130717515945435,0.14163054525852203,-0.22831946207467757,0.1813901960849762,0.18223083019256592,-0.46130180425639766,True
l144_r128,stbo_bank4,stbo_dct,l144_r128_stbo_bank4_vs_stbo_dct,Weather,192,ok,0.18235816061496735,0.18270863592624664,-0.19182197354961072,0.22297708690166473,0.22360479831695557,-0.28072358912488715,True
l144_r128,stbo_bank4,stbo_dct,l144_r128_stbo_bank4_vs_stbo_dct,Weather,336,ok,0.23176807165145874,0.232476606965065,-0.3047770366472746,0.2635056674480438,0.2640012204647064,-0.18770860823684732,True
l144_r128,stbo_bank4,stbo_dct,l144_r128_stbo_bank4_vs_stbo_dct,Weather,720,ok,0.30422279238700867,0.304722398519516,-0.16395451562951635,0.31474432349205017,0.3149125576019287,-0.053422483739506976,True
l144_r128,stbo_bank4,stbo_independent,l144_r128_stbo_bank4_vs_stbo_independent,ETTh2,96,ok,0.2516074478626251,0.2462824583053589,2.162147314066498,0.31971821188926697,0.31656214594841003,0.9969814714900549,False
l144_r128,stbo_bank4,stbo_independent,l144_r128_stbo_bank4_vs_stbo_independent,ETTh2,192,ok,0.29603561758995056,0.289072185754776,2.4088902974158,0.35287052392959595,0.34916436672210693,1.0614362634657537,False
l144_r128,stbo_bank4,stbo_independent,l144_r128_stbo_bank4_vs_stbo_independent,ETTh2,336,ok,0.3257865607738495,0.31764915585517883,2.561758710412132,0.37885305285453796,0.3744348883628845,1.1799553484374004,False
l144_r128,stbo_bank4,stbo_independent,l144_r128_stbo_bank4_vs_stbo_independent,ETTh2,720,ok,0.4109601676464081,0.40344083309173584,1.8638010676927275,0.4395650029182434,0.4348869323730469,1.0756981175934044,False
l144_r128,stbo_bank4,stbo_independent,l144_r128_stbo_bank4_vs_stbo_independent,ETTm1,96,ok,0.2740662395954132,0.27341723442077637,0.23736805619138934,0.33123263716697693,0.331279993057251,-0.01429482349266653,False
l144_r128,stbo_bank4,stbo_independent,l144_r128_stbo_bank4_vs_stbo_independent,ETTm1,192,ok,0.3106270730495453,0.3096504211425781,0.31540467581585574,0.35330572724342346,0.3531903922557831,0.03265518829767,False
l144_r128,stbo_bank4,stbo_independent,l144_r128_stbo_bank4_vs_stbo_independent,ETTm1,336,ok,0.34895482659339905,0.34764161705970764,0.3777480799906252,0.37436214089393616,0.37422287464141846,0.03721478882101614,False
l144_r128,stbo_bank4,stbo_independent,l144_r128_stbo_bank4_vs_stbo_independent,ETTm1,720,ok,0.4098109304904938,0.4078851342201233,0.4721418136634403,0.40566298365592957,0.40556657314300537,0.023771809441064384,False
l144_r128,stbo_bank4,stbo_independent,l144_r128_stbo_bank4_vs_stbo_independent,Weather,96,ok,0.14130717515945435,0.14151902496814728,-0.14969705220949647,0.1813901960849762,0.18164949119091034,-0.1427447466184395,True
l144_r128,stbo_bank4,stbo_independent,l144_r128_stbo_bank4_vs_stbo_independent,Weather,192,ok,0.18235816061496735,0.1825951784849167,-0.12980510871973827,0.22297708690166473,0.223335862159729,-0.1606438189526771,True
l144_r128,stbo_bank4,stbo_independent,l144_r128_stbo_bank4_vs_stbo_independent,Weather,336,ok,0.23176807165145874,0.2318892925977707,-0.052275353016073556,0.2635056674480438,0.2638136148452759,-0.11672915266812689,True
l144_r128,stbo_bank4,stbo_independent,l144_r128_stbo_bank4_vs_stbo_independent,Weather,720,ok,0.30422279238700867,0.30373165011405945,0.16170269801147885,0.31474432349205017,0.3146854341030121,0.01871373208166549,False
l144_r128,stbo_dct,a6_clean,l144_r128_stbo_dct_vs_a6_clean,ETTh2,96,ok,0.24737508594989777,0.24416223168373108,1.315868651761165,0.31899914145469666,0.31473836302757263,1.3537524902074827,False
l144_r128,stbo_dct,a6_clean,l144_r128_stbo_dct_vs_a6_clean,ETTh2,192,ok,0.289378821849823,0.2861934006214142,1.1130309858621068,0.3502855598926544,0.3473576307296753,0.8429148819413035,False
l144_r128,stbo_dct,a6_clean,l144_r128_stbo_dct_vs_a6_clean,ETTh2,336,ok,0.32092952728271484,0.31436556577682495,2.0880027014630986,0.3766922652721405,0.37210166454315186,1.2336952952427094,False
l144_r128,stbo_dct,a6_clean,l144_r128_stbo_dct_vs_a6_clean,ETTh2,720,ok,0.41014453768730164,0.3950280547142029,3.826685925898432,0.4391558766365051,0.4309396743774414,1.9065782863769254,False
l144_r128,stbo_dct,a6_clean,l144_r128_stbo_dct_vs_a6_clean,ETTm1,96,ok,0.2754749655723572,0.27276551723480225,0.9933250965966423,0.3322239816188812,0.33084431290626526,0.41701448651072504,False
l144_r128,stbo_dct,a6_clean,l144_r128_stbo_dct_vs_a6_clean,ETTm1,192,ok,0.31107962131500244,0.3091461658477783,0.6254179028622131,0.3536643385887146,0.35286661982536316,0.2260680717678154,False
l144_r128,stbo_dct,a6_clean,l144_r128_stbo_dct_vs_a6_clean,ETTm1,336,ok,0.3488099277019501,0.34693026542663574,0.5417982985724379,0.3745303153991699,0.3737157881259918,0.21795366935462024,False
l144_r128,stbo_dct,a6_clean,l144_r128_stbo_dct_vs_a6_clean,ETTm1,720,ok,0.40775588154792786,0.40836983919143677,-0.15034353289276048,0.4055423438549042,0.4053221046924591,0.05433682493387604,True
l144_r128,stbo_dct,a6_clean,l144_r128_stbo_dct_vs_a6_clean,Weather,96,ok,0.14163054525852203,0.14136819541454315,0.18557911361150037,0.18223083019256592,0.18159954249858856,0.347626257914313,False
l144_r128,stbo_dct,a6_clean,l144_r128_stbo_dct_vs_a6_clean,Weather,192,ok,0.18270863592624664,0.18240033090114594,0.16902657115671627,0.22360479831695557,0.22314205765724182,0.20737491827942378,False
l144_r128,stbo_dct,a6_clean,l144_r128_stbo_dct_vs_a6_clean,Weather,336,ok,0.232476606965065,0.2316502183675766,0.3567398309882508,0.2640012204647064,0.26356613636016846,0.1650758745210812,False
l144_r128,stbo_dct,a6_clean,l144_r128_stbo_dct_vs_a6_clean,Weather,720,ok,0.304722398519516,0.3030458390712738,0.5532362540862534,0.3149125576019287,0.3143439292907715,0.18089368305607145,False
l144_r128,stbo_dct,stbo_independent,l144_r128_stbo_dct_vs_stbo_independent,ETTh2,96,ok,0.24737508594989777,0.2462824583053589,0.44364818024682506,0.31899914145469666,0.31656214594841003,0.7698316231037339,False
l144_r128,stbo_dct,stbo_independent,l144_r128_stbo_dct_vs_stbo_independent,ETTh2,192,ok,0.289378821849823,0.289072185754776,0.10607595962452976,0.3502855598926544,0.34916436672210693,0.3211075577594258,False
l144_r128,stbo_dct,stbo_independent,l144_r128_stbo_dct_vs_stbo_independent,ETTh2,336,ok,0.32092952728271484,0.31764915585517883,1.032702705821631,0.3766922652721405,0.3744348883628845,0.6028756879802977,False
l144_r128,stbo_dct,stbo_independent,l144_r128_stbo_dct_vs_stbo_independent,ETTh2,720,ok,0.41014453768730164,0.40344083309173584,1.6616326473928078,0.4391558766365051,0.4348869323730469,0.9816216459215932,False
l144_r128,stbo_dct,stbo_independent,l144_r128_stbo_dct_vs_stbo_independent,ETTm1,96,ok,0.2754749655723572,0.27341723442077637,0.7525974563893367,0.3322239816188812,0.331279993057251,0.2849518779925564,False
l144_r128,stbo_dct,stbo_independent,l144_r128_stbo_dct_vs_stbo_independent,ETTm1,192,ok,0.31107962131500244,0.3096504211425781,0.46155279464845655,0.3536643385887146,0.3531903922557831,0.13419004121388856,False
l144_r128,stbo_dct,stbo_independent,l144_r128_stbo_dct_vs_stbo_independent,ETTm1,336,ok,0.3488099277019501,0.34764161705970764,0.33606754338673106,0.3745303153991699,0.37422287464141846,0.08215445355821416,False
l144_r128,stbo_dct,stbo_independent,l144_r128_stbo_dct_vs_stbo_independent,ETTm1,720,ok,0.40775588154792786,0.4078851342201233,-0.03168849790090578,0.4055423438549042,0.40556657314300537,-0.005974182712698006,True
l144_r128,stbo_dct,stbo_independent,l144_r128_stbo_dct_vs_stbo_independent,Weather,96,ok,0.14163054525852203,0.14151902496814728,0.0788023309232555,0.18223083019256592,0.18164949119091034,0.3200333773820452,False
l144_r128,stbo_dct,stbo_independent,l144_r128_stbo_dct_vs_stbo_independent,Weather,192,ok,0.18270863592624664,0.1825951784849167,0.0621360554377004,0.22360479831695557,0.223335862159729,0.12041781137426266,False
l144_r128,stbo_dct,stbo_independent,l144_r128_stbo_dct_vs_stbo_independent,Weather,336,ok,0.232476606965065,0.2318892925977707,0.2532736034142946,0.2640012204647064,0.2638136148452759,0.07111294067994045,False
l144_r128,stbo_dct,stbo_independent,l144_r128_stbo_dct_vs_stbo_independent,Weather,720,ok,0.304722398519516,0.30373165011405945,0.32619202018771,0.3149125576019287,0.3146854341030121,0.07217477337775335,False
l144_r128,stbo_independent,a6_clean,l144_r128_stbo_independent_vs_a6_clean,ETTh2,96,ok,0.2462824583053589,0.24416223168373108,0.8683679728051397,0.31656214594841003,0.31473836302757263,0.5794600007745565,False
l144_r128,stbo_independent,a6_clean,l144_r128_stbo_independent_vs_a6_clean,ETTh2,192,ok,0.289072185754776,0.2861934006214142,1.0058880208666965,0.34916436672210693,0.3473576307296753,0.5201371245642017,False
l144_r128,stbo_independent,a6_clean,l144_r128_stbo_independent_vs_a6_clean,ETTh2,336,ok,0.31764915585517883,0.31436556577682495,1.0445132787491707,0.3744348883628845,0.37210166454315186,0.6270393395302998,False
l144_r128,stbo_independent,a6_clean,l144_r128_stbo_independent_vs_a6_clean,ETTh2,720,ok,0.40344083309173584,0.3950280547142029,2.1296660521034294,0.4348869323730469,0.4309396743774414,0.9159653265408574,False
l144_r128,stbo_independent,a6_clean,l144_r128_stbo_independent_vs_a6_clean,ETTm1,96,ok,0.27341723442077637,0.27276551723480225,0.2389294631451211,0.331279993057251,0.33084431290626526,0.1316873629044757,False
l144_r128,stbo_independent,a6_clean,l144_r128_stbo_independent_vs_a6_clean,ETTm1,192,ok,0.3096504211425781,0.3091461658477783,0.1631122590238121,0.3531903922557831,0.35286661982536316,0.09175490460961999,False
l144_r128,stbo_independent,a6_clean,l144_r128_stbo_independent_vs_a6_clean,ETTm1,336,ok,0.34764161705970764,0.34693026542663574,0.2050416766600449,0.37422287464141846,0.3737157881259918,0.1356877422731939,False
l144_r128,stbo_independent,a6_clean,l144_r128_stbo_independent_vs_a6_clean,ETTm1,720,ok,0.4078851342201233,0.40836983919143677,-0.11869264690879122,0.40556657314300537,0.4053221046924591,0.06031461095163948,True
l144_r128,stbo_independent,a6_clean,l144_r128_stbo_independent_vs_a6_clean,Weather,96,ok,0.14151902496814728,0.14136819541454315,0.10669270634873218,0.18164949119091034,0.18159954249858856,0.027504855813265117,False
l144_r128,stbo_independent,a6_clean,l144_r128_stbo_independent_vs_a6_clean,Weather,192,ok,0.1825951784849167,0.18240033090114594,0.10682413941252022,0.223335862159729,0.22314205765724182,0.08685252100026908,False
l144_r128,stbo_independent,a6_clean,l144_r128_stbo_independent_vs_a6_clean,Weather,336,ok,0.2318892925977707,0.2316502183675766,0.10320483696446558,0.2638136148452759,0.26356613636016846,0.0938961615194911,False
l144_r128,stbo_independent,a6_clean,l144_r128_stbo_independent_vs_a6_clean,Weather,720,ok,0.30373165011405945,0.3030458390712738,0.2263060416494822,0.3146854341030121,0.3143439292907715,0.10864049864462988,False
l144_r128,stbo_independent,stbo_dct,l144_r128_stbo_independent_vs_stbo_dct,ETTh2,96,ok,0.2462824583053589,0.24737508594989777,-0.4416886366479855,0.31656214594841003,0.31899914145469666,-0.763950490641907,True
l144_r128,stbo_independent,stbo_dct,l144_r128_stbo_independent_vs_stbo_dct,ETTh2,192,ok,0.289072185754776,0.289378821849823,-0.10596355776378852,0.34916436672210693,0.3502855598926544,-0.32007975746732864,True
l144_r128,stbo_independent,stbo_dct,l144_r128_stbo_independent_vs_stbo_dct,ETTh2,336,ok,0.31764915585517883,0.32092952728271484,-1.022146966441717,0.3744348883628845,0.3766922652721405,-0.5992628777830467,True
l144_r128,stbo_independent,stbo_dct,l144_r128_stbo_independent_vs_stbo_dct,ETTh2,720,ok,0.40344083309173584,0.41014453768730164,-1.634473698800487,0.4348869323730469,0.4391558766365051,-0.9720795031035623,True
l144_r128,stbo_independent,stbo_dct,l144_r128_stbo_independent_vs_stbo_dct,ETTm1,96,ok,0.27341723442077637,0.2754749655723572,-0.7469757360003437,0.331279993057251,0.3322239816188812,-0.28414220943061563,True
l144_r128,stbo_independent,stbo_dct,l144_r128_stbo_independent_vs_stbo_dct,ETTm1,192,ok,0.3096504211425781,0.31107962131500244,-0.45943227215681226,0.3531903922557831,0.3536643385887146,-0.13401021285402992,True
l144_r128,stbo_independent,stbo_dct,l144_r128_stbo_independent_vs_stbo_dct,ETTm1,336,ok,0.34764161705970764,0.3488099277019501,-0.3349419123301778,0.37422287464141846,0.3745303153991699,-0.08208701541924102,True
l144_r128,stbo_independent,stbo_dct,l144_r128_stbo_independent_vs_stbo_dct,ETTm1,720,ok,0.4078851342201233,0.40775588154792786,0.03169854269293726,0.40556657314300537,0.4055423438549042,0.005974539642616961,False
l144_r128,stbo_independent,stbo_dct,l144_r128_stbo_independent_vs_stbo_dct,Weather,96,ok,0.14151902496814728,0.14163054525852203,-0.07874028174585934,0.18164949119091034,0.18223083019256592,-0.31901243112445465,True
l144_r128,stbo_independent,stbo_dct,l144_r128_stbo_independent_vs_stbo_dct,Weather,192,ok,0.1825951784849167,0.18270863592624664,-0.062097470518995834,0.223335862159729,0.22360479831695557,-0.12027298128252095,True
l144_r128,stbo_independent,stbo_dct,l144_r128_stbo_independent_vs_stbo_dct,Weather,336,ok,0.2318892925977707,0.232476606965065,-0.25263374881523415,0.2638136148452759,0.2640012204647064,-0.07106240611324255,True
l144_r128,stbo_independent,stbo_dct,l144_r128_stbo_independent_vs_stbo_dct,Weather,720,ok,0.30373165011405945,0.304722398519516,-0.32513146728631037,0.3146854341030121,0.3149125576019287,-0.0721227189687812,True
l360_r256_capacity_probe,stbo_shared,a6_clean,l360_r256_capacity_probe_stbo_shared_vs_a6_clean,ETTh2,96,ok,0.24649831652641296,0.24416223168373108,0.9567756759808255,0.3169436454772949,0.31473836302757263,0.700671639932593,False
l360_r256_capacity_probe,stbo_shared,a6_clean,l360_r256_capacity_probe_stbo_shared_vs_a6_clean,ETTh2,192,ok,0.2891748547554016,0.2861934006214142,1.041762013908687,0.34956350922584534,0.3473576307296753,0.6350453541315026,False
l360_r256_capacity_probe,stbo_shared,a6_clean,l360_r256_capacity_probe_stbo_shared_vs_a6_clean,ETTh2,336,ok,0.31711646914482117,0.31436556577682495,0.8750651049196367,0.37437111139297485,0.37210166454315186,0.6098996769093423,False
l360_r256_capacity_probe,stbo_shared,a6_clean,l360_r256_capacity_probe_stbo_shared_vs_a6_clean,ETTh2,720,ok,0.39916783571243286,0.3950280547142029,1.0479713905952925,0.4331715404987335,0.4309396743774414,0.5179068565725364,False
l360_r256_capacity_probe,stbo_shared,a6_clean,l360_r256_capacity_probe_stbo_shared_vs_a6_clean,ETTm1,96,ok,0.2723912000656128,0.27276551723480225,-0.13723038490500716,0.33064791560173035,0.33084431290626526,-0.059362454445621715,True
l360_r256_capacity_probe,stbo_shared,a6_clean,l360_r256_capacity_probe_stbo_shared_vs_a6_clean,ETTm1,192,ok,0.3089901804924011,0.3091461658477783,-0.050456830007716835,0.3526209592819214,0.35286661982536316,-0.06961852712601413,True
l360_r256_capacity_probe,stbo_shared,a6_clean,l360_r256_capacity_probe_stbo_shared_vs_a6_clean,ETTm1,336,ok,0.34685131907463074,0.34693026542663574,-0.022755683165298635,0.3735557794570923,0.3737157881259918,-0.042815603189227947,True
l360_r256_capacity_probe,stbo_shared,a6_clean,l360_r256_capacity_probe_stbo_shared_vs_a6_clean,ETTm1,720,ok,0.4076943099498749,0.40836983919143677,-0.16542094364740967,0.4050602316856384,0.4053221046924591,-0.0646086171439797,True
l360_r256_capacity_probe,stbo_shared,a6_clean,l360_r256_capacity_probe_stbo_shared_vs_a6_clean,Weather,96,ok,0.14147032797336578,0.14136819541454315,0.0722457823862932,0.18149331212043762,0.18159954249858856,-0.05849705163863961,False
l360_r256_capacity_probe,stbo_shared,a6_clean,l360_r256_capacity_probe_stbo_shared_vs_a6_clean,Weather,192,ok,0.18255724012851715,0.18240033090114594,0.08602463964622054,0.22318793833255768,0.22314205765724182,0.02056119576809845,False
l360_r256_capacity_probe,stbo_shared,a6_clean,l360_r256_capacity_probe_stbo_shared_vs_a6_clean,Weather,336,ok,0.23183126747608185,0.2316502183675766,0.07815624340055116,0.2637442946434021,0.26356613636016846,0.06759528583375474,False
l360_r256_capacity_probe,stbo_shared,a6_clean,l360_r256_capacity_probe_stbo_shared_vs_a6_clean,Weather,720,ok,0.3035072982311249,0.3030458390712738,0.15227371583959037,0.3145742416381836,0.3143439292907715,0.07326763011830106,False
l360_r256_capacity_probe,stbo_shared,stbo_dct,l360_r256_capacity_probe_stbo_shared_vs_stbo_dct,ETTh2,96,ok,0.24649831652641296,0.25012221932411194,-1.448852807835943,0.3169436454772949,0.3203890323638916,-1.0753760393031997,True
l360_r256_capacity_probe,stbo_shared,stbo_dct,l360_r256_capacity_probe_stbo_shared_vs_stbo_dct,ETTh2,192,ok,0.2891748547554016,0.2918500304222107,-0.9166268247219223,0.34956350922584534,0.3511381447315216,-0.44843761046816644,True
l360_r256_capacity_probe,stbo_shared,stbo_dct,l360_r256_capacity_probe_stbo_shared_vs_stbo_dct,ETTh2,336,ok,0.31711646914482117,0.323573499917984,-1.9955375748630488,0.37437111139297485,0.37795719504356384,-0.9488068219406842,True
l360_r256_capacity_probe,stbo_shared,stbo_dct,l360_r256_capacity_probe_stbo_shared_vs_stbo_dct,ETTh2,720,ok,0.39916783571243286,0.413093626499176,-3.3710979529651297,0.4331715404987335,0.4411698877811432,-1.8129857689601625,True
l360_r256_capacity_probe,stbo_shared,stbo_dct,l360_r256_capacity_probe_stbo_shared_vs_stbo_dct,ETTm1,96,ok,0.2723912000656128,0.27548736333847046,-1.1238857693278814,0.33064791560173035,0.3321194648742676,-0.44307829807395116,True
l360_r256_capacity_probe,stbo_shared,stbo_dct,l360_r256_capacity_probe_stbo_shared_vs_stbo_dct,ETTm1,192,ok,0.3089901804924011,0.31122276186943054,-0.7173579990161771,0.3526209592819214,0.35367321968078613,-0.297523346498918,True
l360_r256_capacity_probe,stbo_shared,stbo_dct,l360_r256_capacity_probe_stbo_shared_vs_stbo_dct,ETTm1,336,ok,0.34685131907463074,0.3494322597980499,-0.7386097451079099,0.3735557794570923,0.37497371435165405,-0.37814247780365573,True
l360_r256_capacity_probe,stbo_shared,stbo_dct,l360_r256_capacity_probe_stbo_shared_vs_stbo_dct,ETTm1,720,ok,0.4076943099498749,0.40816670656204224,-0.11573619420023329,0.4050602316856384,0.40577682852745056,-0.17659875858674345,True
l360_r256_capacity_probe,stbo_shared,stbo_dct,l360_r256_capacity_probe_stbo_shared_vs_stbo_dct,Weather,96,ok,0.14147032797336578,0.14160828292369843,-0.09742011377044113,0.18149331212043762,0.18195636570453644,-0.2544860589547726,True
l360_r256_capacity_probe,stbo_shared,stbo_dct,l360_r256_capacity_probe_stbo_shared_vs_stbo_dct,Weather,192,ok,0.18255724012851715,0.18268635869026184,-0.07067772474660394,0.22318793833255768,0.22340229153633118,-0.09594942034810705,True
l360_r256_capacity_probe,stbo_shared,stbo_dct,l360_r256_capacity_probe_stbo_shared_vs_stbo_dct,Weather,336,ok,0.23183126747608185,0.23277999460697174,-0.4075638598118103,0.2637442946434021,0.2640424370765686,-0.11291458921054431,True
l360_r256_capacity_probe,stbo_shared,stbo_dct,l360_r256_capacity_probe_stbo_shared_vs_stbo_dct,Weather,720,ok,0.3035072982311249,0.3051225244998932,-0.5293697249705631,0.3145742416381836,0.31511518359184265,-0.17166483299634328,True
l360_r256_capacity_probe,stbo_shared,stbo_independent,l360_r256_capacity_probe_stbo_shared_vs_stbo_independent,ETTh2,96,ok,0.24649831652641296,0.2442450374364853,0.9225485658080679,0.3169436454772949,0.3155241310596466,0.44989092050775614,False
l360_r256_capacity_probe,stbo_shared,stbo_independent,l360_r256_capacity_probe_stbo_shared_vs_stbo_independent,ETTh2,192,ok,0.2891748547554016,0.28552576899528503,1.2780232666764535,0.34956350922584534,0.3477938771247864,0.5088163471101081,False
l360_r256_capacity_probe,stbo_shared,stbo_independent,l360_r256_capacity_probe_stbo_shared_vs_stbo_independent,ETTh2,336,ok,0.31711646914482117,0.3125750720500946,1.4528980398023306,0.37437111139297485,0.3724331557750702,0.5203499172547144,False
l360_r256_capacity_probe,stbo_shared,stbo_independent,l360_r256_capacity_probe_stbo_shared_vs_stbo_independent,ETTh2,720,ok,0.39916783571243286,0.3971388041973114,0.5109124300312295,0.4331715404987335,0.4325299561023712,0.14833293909715106,False
l360_r256_capacity_probe,stbo_shared,stbo_independent,l360_r256_capacity_probe_stbo_shared_vs_stbo_independent,ETTm1,96,ok,0.2723912000656128,0.2728317379951477,-0.16146872529277934,0.33064791560173035,0.33069247007369995,-0.013473083302950606,True
l360_r256_capacity_probe,stbo_shared,stbo_independent,l360_r256_capacity_probe_stbo_shared_vs_stbo_independent,ETTm1,192,ok,0.3089901804924011,0.3091312348842621,-0.04562929136351368,0.3526209592819214,0.3526606857776642,-0.0112647928575349,True
l360_r256_capacity_probe,stbo_shared,stbo_independent,l360_r256_capacity_probe_stbo_shared_vs_stbo_independent,ETTm1,336,ok,0.34685131907463074,0.34696412086486816,-0.03251108211311804,0.3735557794570923,0.3736698627471924,-0.03053050338642782,True
l360_r256_capacity_probe,stbo_shared,stbo_independent,l360_r256_capacity_probe_stbo_shared_vs_stbo_independent,ETTm1,720,ok,0.4076943099498749,0.40754854679107666,0.035765839418622214,0.4050602316856384,0.40504929423332214,0.0027002768482775608,False
l360_r256_capacity_probe,stbo_shared,stbo_independent,l360_r256_capacity_probe_stbo_shared_vs_stbo_independent,Weather,96,ok,0.14147032797336578,0.14153462648391724,-0.045429526433771183,0.18149331212043762,0.1816992610692978,-0.11334605746229354,True
l360_r256_capacity_probe,stbo_shared,stbo_independent,l360_r256_capacity_probe_stbo_shared_vs_stbo_independent,Weather,192,ok,0.18255724012851715,0.1825915426015854,-0.018786452307428814,0.22318793833255768,0.22328515350818634,-0.04353857571864905,True
l360_r256_capacity_probe,stbo_shared,stbo_independent,l360_r256_capacity_probe_stbo_shared_vs_stbo_independent,Weather,336,ok,0.23183126747608185,0.23187218606472015,-0.017647044836544,0.2637442946434021,0.26379042863845825,-0.01748888134200932,True
l360_r256_capacity_probe,stbo_shared,stbo_independent,l360_r256_capacity_probe_stbo_shared_vs_stbo_independent,Weather,720,ok,0.3035072982311249,0.30383893847465515,-0.10915001388406287,0.3145742416381836,0.3146900236606598,-0.036792403244734206,True
l360_r256_capacity_probe,stbo_bank4,a6_clean,l360_r256_capacity_probe_stbo_bank4_vs_a6_clean,ETTh2,96,ok,0.24951325356960297,0.24416223168373108,2.191584607075181,0.3183460235595703,0.31473836302757263,1.146241118271818,False
l360_r256_capacity_probe,stbo_bank4,a6_clean,l360_r256_capacity_probe_stbo_bank4_vs_a6_clean,ETTh2,192,ok,0.29390040040016174,0.2861934006214142,2.692934135452907,0.3520190119743347,0.3473576307296753,1.3419544677534478,False
l360_r256_capacity_probe,stbo_bank4,a6_clean,l360_r256_capacity_probe_stbo_bank4_vs_a6_clean,ETTh2,336,ok,0.3216416835784912,0.31436556577682495,2.314540329404813,0.37721073627471924,0.37210166454315186,1.3730311413253204,False
l360_r256_capacity_probe,stbo_bank4,a6_clean,l360_r256_capacity_probe_stbo_bank4_vs_a6_clean,ETTh2,720,ok,0.407031387090683,0.3950280547142029,3.0386025076533763,0.4377533197402954,0.4309396743774414,1.5811134987042896,False
l360_r256_capacity_probe,stbo_bank4,a6_clean,l360_r256_capacity_probe_stbo_bank4_vs_a6_clean,ETTm1,96,ok,0.2742535471916199,0.27276551723480225,0.5455344839416343,0.3314436078071594,0.33084431290626526,0.1811410616763265,False
l360_r256_capacity_probe,stbo_bank4,a6_clean,l360_r256_capacity_probe_stbo_bank4_vs_a6_clean,ETTm1,192,ok,0.3108445703983307,0.3091461658477783,0.5493856104910044,0.3533957600593567,0.35286661982536316,0.14995474331218617,False
l360_r256_capacity_probe,stbo_bank4,a6_clean,l360_r256_capacity_probe_stbo_bank4_vs_a6_clean,ETTm1,336,ok,0.348712682723999,0.34693026542663574,0.5137681761985702,0.37408360838890076,0.3737157881259918,0.09842245754545509,False
l360_r256_capacity_probe,stbo_bank4,a6_clean,l360_r256_capacity_probe_stbo_bank4_vs_a6_clean,ETTm1,720,ok,0.4097040593624115,0.40836983919143677,0.32671858764508066,0.4052862524986267,0.4053221046924591,-0.008845358646203394,False
l360_r256_capacity_probe,stbo_bank4,a6_clean,l360_r256_capacity_probe_stbo_bank4_vs_a6_clean,Weather,96,ok,0.14114971458911896,0.14136819541454315,-0.15454736815697645,0.18122988939285278,0.18159954249858856,-0.203553985131133,True
l360_r256_capacity_probe,stbo_bank4,a6_clean,l360_r256_capacity_probe_stbo_bank4_vs_a6_clean,Weather,192,ok,0.18219630420207977,0.18240033090114594,-0.11185653998442291,0.22286109626293182,0.22314205765724182,-0.1259114472904832,True
l360_r256_capacity_probe,stbo_bank4,a6_clean,l360_r256_capacity_probe_stbo_bank4_vs_a6_clean,Weather,336,ok,0.231596902012825,0.2316502183675766,-0.02301588797425369,0.2634860575199127,0.26356613636016846,-0.03038282586739216,True
l360_r256_capacity_probe,stbo_bank4,a6_clean,l360_r256_capacity_probe_stbo_bank4_vs_a6_clean,Weather,720,ok,0.303871750831604,0.3030458390712738,0.2725369082318796,0.31455889344215393,0.3143439292907715,0.06838501760395577,False
l360_r256_capacity_probe,stbo_bank4,stbo_dct,l360_r256_capacity_probe_stbo_bank4_vs_stbo_dct,ETTh2,96,ok,0.24951325356960297,0.25012221932411194,-0.24346727617983177,0.3183460235595703,0.3203890323638916,-0.6376650253123728,True
l360_r256_capacity_probe,stbo_bank4,stbo_dct,l360_r256_capacity_probe_stbo_bank4_vs_stbo_dct,ETTh2,192,ok,0.29390040040016174,0.2918500304222107,0.7025423211314497,0.3520190119743347,0.3511381447315216,0.25086059604451094,False
l360_r256_capacity_probe,stbo_bank4,stbo_dct,l360_r256_capacity_probe_stbo_bank4_vs_stbo_dct,ETTh2,336,ok,0.3216416835784912,0.323573499917984,-0.5970255104272959,0.37721073627471924,0.37795719504356384,-0.19749822959675978,True
l360_r256_capacity_probe,stbo_bank4,stbo_dct,l360_r256_capacity_probe_stbo_bank4_vs_stbo_dct,ETTh2,720,ok,0.407031387090683,0.413093626499176,-1.467521893249335,0.4377533197402954,0.4411698877811432,-0.7744336446060207,True
l360_r256_capacity_probe,stbo_bank4,stbo_dct,l360_r256_capacity_probe_stbo_bank4_vs_stbo_dct,ETTm1,96,ok,0.2742535471916199,0.27548736333847046,-0.4478666941012066,0.3314436078071594,0.3321194648742676,-0.20349818019971266,True
l360_r256_capacity_probe,stbo_bank4,stbo_dct,l360_r256_capacity_probe_stbo_bank4_vs_stbo_dct,ETTm1,192,ok,0.3108445703983307,0.31122276186943054,-0.12151793423724744,0.3533957600593567,0.35367321968078613,-0.0784508427524866,True
l360_r256_capacity_probe,stbo_bank4,stbo_dct,l360_r256_capacity_probe_stbo_bank4_vs_stbo_dct,ETTm1,336,ok,0.348712682723999,0.3494322597980499,-0.20592748776737668,0.37408360838890076,0.37497371435165405,-0.2373782291092974,True
l360_r256_capacity_probe,stbo_bank4,stbo_dct,l360_r256_capacity_probe_stbo_bank4_vs_stbo_dct,ETTm1,720,ok,0.4097040593624115,0.40816670656204224,0.37664826053998013,0.4052862524986267,0.40577682852745056,-0.12089798981478328,False
l360_r256_capacity_probe,stbo_bank4,stbo_dct,l360_r256_capacity_probe_stbo_bank4_vs_stbo_dct,Weather,96,ok,0.14114971458911896,0.14160828292369843,-0.3238287514767402,0.18122988939285278,0.18195636570453644,-0.3992585304013585,True
l360_r256_capacity_probe,stbo_bank4,stbo_dct,l360_r256_capacity_probe_stbo_bank4_vs_stbo_dct,Weather,192,ok,0.18219630420207977,0.18268635869026184,-0.26824908640985523,0.22286109626293182,0.22340229153633118,-0.24225144230954898,True
l360_r256_capacity_probe,stbo_bank4,stbo_dct,l360_r256_capacity_probe_stbo_bank4_vs_stbo_dct,Weather,336,ok,0.231596902012825,0.23277999460697174,-0.5082449615759654,0.2634860575199127,0.2640424370765686,-0.21071596021307037,True
l360_r256_capacity_probe,stbo_bank4,stbo_dct,l360_r256_capacity_probe_stbo_bank4_vs_stbo_dct,Weather,720,ok,0.303871750831604,0.3051225244998932,-0.4099250523504461,0.31455889344215393,0.31511518359184265,-0.17653549516333245,True
l360_r256_capacity_probe,stbo_bank4,stbo_independent,l360_r256_capacity_probe_stbo_bank4_vs_stbo_independent,ETTh2,96,ok,0.24951325356960297,0.2442450374364853,2.1569388628776665,0.3183460235595703,0.3155241310596466,0.8943507713488508,False
l360_r256_capacity_probe,stbo_bank4,stbo_independent,l360_r256_capacity_probe_stbo_bank4_vs_stbo_independent,ETTh2,192,ok,0.29390040040016174,0.28552576899528503,2.933056247198129,0.3520190119743347,0.3477938771247864,1.2148387672829442,False
l360_r256_capacity_probe,stbo_bank4,stbo_independent,l360_r256_capacity_probe_stbo_bank4_vs_stbo_independent,ETTh2,336,ok,0.3216416835784912,0.3125750720500946,2.900618871790117,0.37721073627471924,0.3724331557750702,1.2828021419592606,False
l360_r256_capacity_probe,stbo_bank4,stbo_independent,l360_r256_capacity_probe_stbo_bank4_vs_stbo_independent,ETTh2,720,ok,0.407031387090683,0.3971388041973114,2.4909635595459445,0.4377533197402954,0.4325299561023712,1.2076304922306713,False
l360_r256_capacity_probe,stbo_bank4,stbo_independent,l360_r256_capacity_probe_stbo_bank4_vs_stbo_independent,ETTm1,96,ok,0.2742535471916199,0.2728317379951477,0.5211304252650706,0.3314436078071594,0.33069247007369995,0.2271408639247463,False
l360_r256_capacity_probe,stbo_bank4,stbo_independent,l360_r256_capacity_probe_stbo_bank4_vs_stbo_independent,ETTm1,192,ok,0.3108445703983307,0.3091312348842621,0.5542421213793114,0.3533957600593567,0.3526606857776642,0.2084366960472428,False
l360_r256_capacity_probe,stbo_bank4,stbo_independent,l360_r256_capacity_probe_stbo_bank4_vs_stbo_independent,ETTm1,336,ok,0.348712682723999,0.34696412086486816,0.5039604252947694,0.37408360838890076,0.3736698627471924,0.11072491601717971,False
l360_r256_capacity_probe,stbo_bank4,stbo_independent,l360_r256_capacity_probe_stbo_bank4_vs_stbo_independent,ETTm1,720,ok,0.4097040593624115,0.40754854679107666,0.5288971309815205,0.4052862524986267,0.40504929423332214,0.05850109324423425,False
l360_r256_capacity_probe,stbo_bank4,stbo_independent,l360_r256_capacity_probe_stbo_bank4_vs_stbo_independent,Weather,96,ok,0.14114971458911896,0.14153462648391724,-0.27195599010678695,0.18122988939285278,0.1816992610692978,-0.25832338210004524,True
l360_r256_capacity_probe,stbo_bank4,stbo_independent,l360_r256_capacity_probe_stbo_bank4_vs_stbo_independent,Weather,192,ok,0.18219630420207977,0.1825915426015854,-0.21646040877589812,0.22286109626293182,0.22328515350818634,-0.18991734944838745,True
l360_r256_capacity_probe,stbo_bank4,stbo_independent,l360_r256_capacity_probe_stbo_bank4_vs_stbo_independent,Weather,336,ok,0.231596902012825,0.23187218606472015,-0.1187223256774339,0.2634860575199127,0.26379042863845825,-0.11538368549478539,True
l360_r256_capacity_probe,stbo_bank4,stbo_independent,l360_r256_capacity_probe_stbo_bank4_vs_stbo_independent,Weather,720,ok,0.303871750831604,0.30383893847465515,0.010799260000560196,0.31455889344215393,0.3146900236606598,-0.04166964588850908,False
l360_r256_capacity_probe,stbo_dct,a6_clean,l360_r256_capacity_probe_stbo_dct_vs_a6_clean,ETTh2,96,ok,0.25012221932411194,0.24416223168373108,2.440994907066951,0.3203890323638916,0.31473836302757263,1.7953544912553188,False
l360_r256_capacity_probe,stbo_dct,a6_clean,l360_r256_capacity_probe_stbo_dct_vs_a6_clean,ETTh2,192,ok,0.2918500304222107,0.2861934006214142,1.976506023029967,0.3511381447315216,0.3473576307296753,1.0883635963041316,False
l360_r256_capacity_probe,stbo_dct,a6_clean,l360_r256_capacity_probe_stbo_dct_vs_a6_clean,ETTh2,336,ok,0.323573499917984,0.31436556577682495,2.929053033656981,0.37795719504356384,0.37210166454315186,1.5736372766838036,False
l360_r256_capacity_probe,stbo_dct,a6_clean,l360_r256_capacity_probe_stbo_dct_vs_a6_clean,ETTh2,720,ok,0.413093626499176,0.3950280547142029,4.573237664864926,0.4411698877811432,0.4309396743774414,2.373931668853868,False
l360_r256_capacity_probe,stbo_dct,a6_clean,l360_r256_capacity_probe_stbo_dct_vs_a6_clean,ETTm1,96,ok,0.27548736333847046,0.27276551723480225,0.9978703067973216,0.3321194648742676,0.33084431290626526,0.3854235718307786,False
l360_r256_capacity_probe,stbo_dct,a6_clean,l360_r256_capacity_probe_stbo_dct_vs_a6_clean,ETTm1,192,ok,0.31122276186943054,0.3091461658477783,0.6717198047588635,0.35367321968078613,0.35286661982536316,0.2285849128552231,False
l360_r256_capacity_probe,stbo_dct,a6_clean,l360_r256_capacity_probe_stbo_dct_vs_a6_clean,ETTm1,336,ok,0.3494322597980499,0.34693026542663574,0.7211807734148978,0.37497371435165405,0.3737157881259918,0.3365997010643218,False
l360_r256_capacity_probe,stbo_dct,a6_clean,l360_r256_capacity_probe_stbo_dct_vs_a6_clean,ETTm1,720,ok,0.40816670656204224,0.40836983919143677,-0.04974231931444972,0.40577682852745056,0.4053221046924591,0.1121882645251926,True
l360_r256_capacity_probe,stbo_dct,a6_clean,l360_r256_capacity_probe_stbo_dct_vs_a6_clean,Weather,96,ok,0.14160828292369843,0.14136819541454315,0.1698313460472889,0.18195636570453644,0.18159954249858856,0.19648904454185878,False
l360_r256_capacity_probe,stbo_dct,a6_clean,l360_r256_capacity_probe_stbo_dct_vs_a6_clean,Weather,192,ok,0.18268635869026184,0.18240033090114594,0.15681319639213598,0.22340229153633118,0.22314205765724182,0.11662251474309215,False
l360_r256_capacity_probe,stbo_dct,a6_clean,l360_r256_capacity_probe_stbo_dct_vs_a6_clean,Weather,336,ok,0.23277999460697174,0.2316502183675766,0.4877078240446364,0.2640424370765686,0.26356613636016846,0.1807139274331071,False
l360_r256_capacity_probe,stbo_dct,a6_clean,l360_r256_capacity_probe_stbo_dct_vs_a6_clean,Weather,720,ok,0.3051225244998932,0.3030458390712738,0.6852710583269195,0.31511518359184265,0.3143439292907715,0.24535364904654244,False
l360_r256_capacity_probe,stbo_dct,stbo_independent,l360_r256_capacity_probe_stbo_dct_vs_stbo_independent,ETTh2,96,ok,0.25012221932411194,0.2442450374364853,2.4062646059513026,0.3203890323638916,0.3155241310596466,1.541847619675507,False
l360_r256_capacity_probe,stbo_dct,stbo_independent,l360_r256_capacity_probe_stbo_dct_vs_stbo_independent,ETTh2,192,ok,0.2918500304222107,0.28552576899528503,2.214952944240234,0.3511381447315216,0.3477938771247864,0.9615659810869426,False
l360_r256_capacity_probe,stbo_dct,stbo_independent,l360_r256_capacity_probe_stbo_dct_vs_stbo_independent,ETTh2,336,ok,0.323573499917984,0.3125750720500946,3.5186516300720116,0.37795719504356384,0.3724331557750702,1.4832297240017667,False
l360_r256_capacity_probe,stbo_dct,stbo_independent,l360_r256_capacity_probe_stbo_dct_vs_stbo_independent,ETTh2,720,ok,0.413093626499176,0.3971388041973114,4.017442298068086,0.4411698877811432,0.4325299561023712,1.9975337099488844,False
l360_r256_capacity_probe,stbo_dct,stbo_independent,l360_r256_capacity_probe_stbo_dct_vs_stbo_independent,ETTm1,96,ok,0.27548736333847046,0.2728317379951477,0.973356458759933,0.3321194648742676,0.33069247007369995,0.4315171737202306,False
l360_r256_capacity_probe,stbo_dct,stbo_independent,l360_r256_capacity_probe_stbo_dct_vs_stbo_independent,ETTm1,192,ok,0.31122276186943054,0.3091312348842621,0.6765822243590236,0.35367321968078613,0.3526606857776642,0.2871127811962193,False
l360_r256_capacity_probe,stbo_dct,stbo_independent,l360_r256_capacity_probe_stbo_dct_vs_stbo_independent,ETTm1,336,ok,0.3494322597980499,0.34696412086486816,0.7113527839793576,0.37497371435165405,0.3736698627471924,0.34893143238148294,False
l360_r256_capacity_probe,stbo_dct,stbo_independent,l360_r256_capacity_probe_stbo_dct_vs_stbo_independent,ETTm1,720,ok,0.40816670656204224,0.40754854679107666,0.1516775794768055,0.40577682852745056,0.40504929423332214,0.17961623547708694,False
l360_r256_capacity_probe,stbo_dct,stbo_independent,l360_r256_capacity_probe_stbo_dct_vs_stbo_independent,Weather,96,ok,0.14160828292369843,0.14153462648391724,0.052041286016724086,0.18195636570453644,0.1816992610692978,0.1415000995191651,False
l360_r256_capacity_probe,stbo_dct,stbo_independent,l360_r256_capacity_probe_stbo_dct_vs_stbo_independent,Weather,192,ok,0.18268635869026184,0.1825915426015854,0.05192797394966142,0.22340229153633118,0.22328515350818634,0.05246118082837814,False
l360_r256_capacity_probe,stbo_dct,stbo_independent,l360_r256_capacity_probe_stbo_dct_vs_stbo_independent,Weather,336,ok,0.23277999460697174,0.23187218606472015,0.39151247834365854,0.2640424370765686,0.26379042863845825,0.0955335792170553,False
l360_r256_capacity_probe,stbo_dct,stbo_independent,l360_r256_capacity_probe_stbo_dct_vs_stbo_independent,Weather,720,ok,0.3051225244998932,0.30383893847465515,0.422456065599075,0.31511518359184265,0.3146900236606598,0.1351043564194132,False
l360_r256_capacity_probe,stbo_independent,a6_clean,l360_r256_capacity_probe_stbo_independent_vs_a6_clean,ETTh2,96,ok,0.2442450374364853,0.24416223168373108,0.033914234885212835,0.3155241310596466,0.31473836302757263,0.24965753285217662,False
l360_r256_capacity_probe,stbo_independent,a6_clean,l360_r256_capacity_probe_stbo_independent_vs_a6_clean,ETTh2,192,ok,0.28552576899528503,0.2861934006214142,-0.23327988160436464,0.3477938771247864,0.3473576307296753,0.12558998464915483,True
l360_r256_capacity_probe,stbo_independent,a6_clean,l360_r256_capacity_probe_stbo_independent_vs_a6_clean,ETTh2,336,ok,0.3125750720500946,0.31436556577682495,-0.5695578401870738,0.3724331557750702,0.37210166454315186,0.08908619968828191,True
l360_r256_capacity_probe,stbo_independent,a6_clean,l360_r256_capacity_probe_stbo_independent_vs_a6_clean,ETTh2,720,ok,0.3971388041973114,0.3950280547142029,0.5343290072487683,0.4325299561023712,0.4309396743774414,0.3690265295779982,False
l360_r256_capacity_probe,stbo_independent,a6_clean,l360_r256_capacity_probe_stbo_independent_vs_a6_clean,ETTm1,96,ok,0.2728317379951477,0.27276551723480225,0.024277541023809412,0.33069247007369995,0.33084431290626526,-0.045895554688990536,False
l360_r256_capacity_probe,stbo_independent,a6_clean,l360_r256_capacity_probe_stbo_independent_vs_a6_clean,ETTm1,192,ok,0.3091312348842621,0.3091461658477783,-0.004829742421452732,0.3526606857776642,0.35286661982536316,-0.058360308436344877,True
l360_r256_capacity_probe,stbo_independent,a6_clean,l360_r256_capacity_probe_stbo_independent_vs_a6_clean,ETTm1,336,ok,0.34696412086486816,0.34693026542663574,0.009758571565043894,0.3736698627471924,0.3737157881259918,-0.012288851651076627,False
l360_r256_capacity_probe,stbo_independent,a6_clean,l360_r256_capacity_probe_stbo_independent_vs_a6_clean,ETTm1,720,ok,0.40754854679107666,0.40836983919143677,-0.20111485265078555,0.40504929423332214,0.4053221046924591,-0.06730707651485535,True
l360_r256_capacity_probe,stbo_independent,a6_clean,l360_r256_capacity_probe_stbo_independent_vs_a6_clean,Weather,96,ok,0.14153462648391724,0.14136819541454315,0.11772879245295353,0.1816992610692978,0.18159954249858856,0.054911245555588906,False
l360_r256_capacity_probe,stbo_independent,a6_clean,l360_r256_capacity_probe_stbo_independent_vs_a6_clean,Weather,192,ok,0.1825915426015854,0.18240033090114594,0.10483078593923612,0.22328515350818634,0.22314205765724182,0.06412769177037703,False
l360_r256_capacity_probe,stbo_independent,a6_clean,l360_r256_capacity_probe_stbo_independent_vs_a6_clean,Weather,336,ok,0.23187218606472015,0.2316502183675766,0.09582019767031547,0.26379042863845825,0.26356613636016846,0.0850990500476545,False
l360_r256_capacity_probe,stbo_independent,a6_clean,l360_r256_capacity_probe_stbo_independent_vs_a6_clean,Weather,720,ok,0.30383893847465515,0.3030458390712738,0.26170938555432066,0.3146900236606598,0.3143439292907715,0.11010054199842578,False
l360_r256_capacity_probe,stbo_independent,stbo_dct,l360_r256_capacity_probe_stbo_independent_vs_stbo_dct,ETTh2,96,ok,0.2442450374364853,0.25012221932411194,-2.349724028320299,0.3155241310596466,0.3203890323638916,-1.5184356556623757,True
l360_r256_capacity_probe,stbo_independent,stbo_dct,l360_r256_capacity_probe_stbo_independent_vs_stbo_dct,ETTh2,192,ok,0.28552576899528503,0.2918500304222107,-2.1669558909336195,0.3477938771247864,0.3511381447315216,-0.9524079502362892,True
l360_r256_capacity_probe,stbo_independent,stbo_dct,l360_r256_capacity_probe_stbo_independent_vs_stbo_dct,ETTh2,336,ok,0.3125750720500946,0.323573499917984,-3.399050871186038,0.3724331557750702,0.37795719504356384,-1.4615515568785375,True
l360_r256_capacity_probe,stbo_independent,stbo_dct,l360_r256_capacity_probe_stbo_independent_vs_stbo_dct,ETTh2,720,ok,0.3971388041973114,0.413093626499176,-3.8622775270284793,0.4325299561023712,0.4411698877811432,-1.9584137354039188,True
l360_r256_capacity_probe,stbo_independent,stbo_dct,l360_r256_capacity_probe_stbo_independent_vs_stbo_dct,ETTm1,96,ok,0.2728317379951477,0.27548736333847046,-0.9639735598543586,0.33069247007369995,0.3321194648742676,-0.4296631036388776,True
l360_r256_capacity_probe,stbo_independent,stbo_dct,l360_r256_capacity_probe_stbo_independent_vs_stbo_dct,ETTm1,192,ok,0.3091312348842621,0.31122276186943054,-0.6720353526217804,0.3526606857776642,0.35367321968078613,-0.2862908037074008,True
l360_r256_capacity_probe,stbo_independent,stbo_dct,l360_r256_capacity_probe_stbo_independent_vs_stbo_dct,ETTm1,336,ok,0.34696412086486816,0.3494322597980499,-0.7063282979677399,0.3736698627471924,0.37497371435165405,-0.3477181345140634,True
l360_r256_capacity_probe,stbo_independent,stbo_dct,l360_r256_capacity_probe_stbo_independent_vs_stbo_dct,ETTm1,720,ok,0.40754854679107666,0.40816670656204224,-0.15144786701793977,0.40504929423332214,0.40577682852745056,-0.17929419399540514,True
l360_r256_capacity_probe,stbo_independent,stbo_dct,l360_r256_capacity_probe_stbo_independent_vs_stbo_dct,Weather,96,ok,0.14153462648391724,0.14160828292369843,-0.05201421714919885,0.1816992610692978,0.18195636570453644,-0.14130015965263532,True
l360_r256_capacity_probe,stbo_independent,stbo_dct,l360_r256_capacity_probe_stbo_independent_vs_stbo_dct,Weather,192,ok,0.1825915426015854,0.18268635869026184,-0.05190102280007158,0.22328515350818634,0.22340229153633118,-0.05243367350410422,True
l360_r256_capacity_probe,stbo_independent,stbo_dct,l360_r256_capacity_probe_stbo_independent_vs_stbo_dct,Weather,336,ok,0.23187218606472015,0.23277999460697174,-0.3899856359152909,0.26379042863845825,0.2640424370765686,-0.09544239967655965,True
l360_r256_capacity_probe,stbo_independent,stbo_dct,l360_r256_capacity_probe_stbo_independent_vs_stbo_dct,Weather,720,ok,0.30383893847465515,0.3051225244998932,-0.4206788821447649,0.3146900236606598,0.31511518359184265,-0.1349220708239729,True
