{
  "mse": 0.36799493432044983,
  "mae": 0.39499378204345703
}