{
  "mse": 0.33708974719047546,
  "mae": 0.3429449796676636
}