segment,mse,mae
1-96,0.15502186119556427,0.20619504153728485
97-192,0.2451886385679245,0.2919941842556
193-336,0.32806387543678284,0.34472280740737915
337-720,0.40896672010421753,0.3892034888267517
