{
  "mse": 0.3558019995689392,
  "mae": 0.38998177647590637
}