segment,mse,mae
1-96,0.2912822961807251,0.3496522307395935
97-192,0.3542461693286896,0.3921089172363281
193-336,0.39985233545303345,0.41544997692108154
