{
  "mse": 0.24724797904491425,
  "mae": 0.2818574905395508
}