segment,mse,mae
1-96,0.15239015221595764,0.20092515647411346
97-192,0.23912915587425232,0.2837575376033783
193-336,0.3158990442752838,0.33454564213752747
